[2025-03-01T02:18:18.851+0000] {processor.py:186} INFO - Started process (PID=83) to work on /home/airflow/.local/lib/python3.12/site-packages/airflow/example_dags/example_short_circuit_decorator.py
[2025-03-01T02:18:18.853+0000] {processor.py:914} INFO - Processing file /home/airflow/.local/lib/python3.12/site-packages/airflow/example_dags/example_short_circuit_decorator.py for tasks to queue
[2025-03-01T02:18:18.856+0000] {logging_mixin.py:190} INFO - [2025-03-01T02:18:18.856+0000] {dagbag.py:588} INFO - Filling up the DagBag from /home/airflow/.local/lib/python3.12/site-packages/airflow/example_dags/example_short_circuit_decorator.py
[2025-03-01T02:18:18.876+0000] {processor.py:925} INFO - DAG(s) 'example_short_circuit_decorator' retrieved from /home/airflow/.local/lib/python3.12/site-packages/airflow/example_dags/example_short_circuit_decorator.py
[2025-03-01T02:18:19.157+0000] {logging_mixin.py:190} INFO - [2025-03-01T02:18:19.156+0000] {override.py:1912} INFO - Created Permission View: can read on DAG:example_short_circuit_decorator
[2025-03-01T02:18:19.183+0000] {logging_mixin.py:190} INFO - [2025-03-01T02:18:19.182+0000] {override.py:1912} INFO - Created Permission View: can delete on DAG:example_short_circuit_decorator
[2025-03-01T02:18:19.200+0000] {logging_mixin.py:190} INFO - [2025-03-01T02:18:19.199+0000] {override.py:1912} INFO - Created Permission View: can edit on DAG:example_short_circuit_decorator
[2025-03-01T02:18:19.218+0000] {logging_mixin.py:190} INFO - [2025-03-01T02:18:19.218+0000] {override.py:1912} INFO - Created Permission View: can read on DAG Run:example_short_circuit_decorator
[2025-03-01T02:18:19.235+0000] {logging_mixin.py:190} INFO - [2025-03-01T02:18:19.235+0000] {override.py:1912} INFO - Created Permission View: can delete on DAG Run:example_short_circuit_decorator
[2025-03-01T02:18:19.254+0000] {logging_mixin.py:190} INFO - [2025-03-01T02:18:19.254+0000] {override.py:1912} INFO - Created Permission View: menu access on DAG Run:example_short_circuit_decorator
[2025-03-01T02:18:19.271+0000] {logging_mixin.py:190} INFO - [2025-03-01T02:18:19.271+0000] {override.py:1912} INFO - Created Permission View: can create on DAG Run:example_short_circuit_decorator
[2025-03-01T02:18:19.273+0000] {logging_mixin.py:190} INFO - [2025-03-01T02:18:19.272+0000] {dag.py:3239} INFO - Sync 1 DAGs
[2025-03-01T02:18:19.309+0000] {logging_mixin.py:190} INFO - [2025-03-01T02:18:19.308+0000] {dag.py:3262} INFO - Creating ORM DAG for example_short_circuit_decorator
[2025-03-01T02:18:19.314+0000] {logging_mixin.py:190} INFO - [2025-03-01T02:18:19.313+0000] {dag.py:4180} INFO - Setting next_dagrun for example_short_circuit_decorator to None, run_after=None
[2025-03-01T02:18:19.364+0000] {processor.py:208} INFO - Processing /home/airflow/.local/lib/python3.12/site-packages/airflow/example_dags/example_short_circuit_decorator.py took 0.522 seconds
[2025-03-01T02:18:49.915+0000] {processor.py:186} INFO - Started process (PID=146) to work on /home/airflow/.local/lib/python3.12/site-packages/airflow/example_dags/example_short_circuit_decorator.py
[2025-03-01T02:18:49.927+0000] {processor.py:914} INFO - Processing file /home/airflow/.local/lib/python3.12/site-packages/airflow/example_dags/example_short_circuit_decorator.py for tasks to queue
[2025-03-01T02:18:49.938+0000] {logging_mixin.py:190} INFO - [2025-03-01T02:18:49.937+0000] {dagbag.py:588} INFO - Filling up the DagBag from /home/airflow/.local/lib/python3.12/site-packages/airflow/example_dags/example_short_circuit_decorator.py
[2025-03-01T02:18:49.986+0000] {processor.py:925} INFO - DAG(s) 'example_short_circuit_decorator' retrieved from /home/airflow/.local/lib/python3.12/site-packages/airflow/example_dags/example_short_circuit_decorator.py
[2025-03-01T02:18:50.089+0000] {logging_mixin.py:190} INFO - [2025-03-01T02:18:50.088+0000] {dag.py:3239} INFO - Sync 1 DAGs
[2025-03-01T02:18:50.169+0000] {logging_mixin.py:190} INFO - [2025-03-01T02:18:50.168+0000] {dag.py:4180} INFO - Setting next_dagrun for example_short_circuit_decorator to None, run_after=None
[2025-03-01T02:18:50.283+0000] {processor.py:208} INFO - Processing /home/airflow/.local/lib/python3.12/site-packages/airflow/example_dags/example_short_circuit_decorator.py took 0.391 seconds
[2025-03-01T02:19:20.779+0000] {processor.py:186} INFO - Started process (PID=218) to work on /home/airflow/.local/lib/python3.12/site-packages/airflow/example_dags/example_short_circuit_decorator.py
[2025-03-01T02:19:20.781+0000] {processor.py:914} INFO - Processing file /home/airflow/.local/lib/python3.12/site-packages/airflow/example_dags/example_short_circuit_decorator.py for tasks to queue
[2025-03-01T02:19:20.786+0000] {logging_mixin.py:190} INFO - [2025-03-01T02:19:20.786+0000] {dagbag.py:588} INFO - Filling up the DagBag from /home/airflow/.local/lib/python3.12/site-packages/airflow/example_dags/example_short_circuit_decorator.py
[2025-03-01T02:19:20.807+0000] {processor.py:925} INFO - DAG(s) 'example_short_circuit_decorator' retrieved from /home/airflow/.local/lib/python3.12/site-packages/airflow/example_dags/example_short_circuit_decorator.py
[2025-03-01T02:19:20.846+0000] {logging_mixin.py:190} INFO - [2025-03-01T02:19:20.845+0000] {dag.py:3239} INFO - Sync 1 DAGs
[2025-03-01T02:19:20.871+0000] {logging_mixin.py:190} INFO - [2025-03-01T02:19:20.870+0000] {dag.py:4180} INFO - Setting next_dagrun for example_short_circuit_decorator to None, run_after=None
[2025-03-01T02:19:20.908+0000] {processor.py:208} INFO - Processing /home/airflow/.local/lib/python3.12/site-packages/airflow/example_dags/example_short_circuit_decorator.py took 0.149 seconds
[2025-03-01T02:19:51.401+0000] {processor.py:186} INFO - Started process (PID=283) to work on /home/airflow/.local/lib/python3.12/site-packages/airflow/example_dags/example_short_circuit_decorator.py
[2025-03-01T02:19:51.403+0000] {processor.py:914} INFO - Processing file /home/airflow/.local/lib/python3.12/site-packages/airflow/example_dags/example_short_circuit_decorator.py for tasks to queue
[2025-03-01T02:19:51.407+0000] {logging_mixin.py:190} INFO - [2025-03-01T02:19:51.407+0000] {dagbag.py:588} INFO - Filling up the DagBag from /home/airflow/.local/lib/python3.12/site-packages/airflow/example_dags/example_short_circuit_decorator.py
[2025-03-01T02:19:51.425+0000] {processor.py:925} INFO - DAG(s) 'example_short_circuit_decorator' retrieved from /home/airflow/.local/lib/python3.12/site-packages/airflow/example_dags/example_short_circuit_decorator.py
[2025-03-01T02:19:51.479+0000] {logging_mixin.py:190} INFO - [2025-03-01T02:19:51.478+0000] {dag.py:3239} INFO - Sync 1 DAGs
[2025-03-01T02:19:51.502+0000] {logging_mixin.py:190} INFO - [2025-03-01T02:19:51.502+0000] {dag.py:4180} INFO - Setting next_dagrun for example_short_circuit_decorator to None, run_after=None
[2025-03-01T02:19:51.538+0000] {processor.py:208} INFO - Processing /home/airflow/.local/lib/python3.12/site-packages/airflow/example_dags/example_short_circuit_decorator.py took 0.146 seconds
[2025-03-01T02:20:21.752+0000] {processor.py:186} INFO - Started process (PID=352) to work on /home/airflow/.local/lib/python3.12/site-packages/airflow/example_dags/example_short_circuit_decorator.py
[2025-03-01T02:20:21.753+0000] {processor.py:914} INFO - Processing file /home/airflow/.local/lib/python3.12/site-packages/airflow/example_dags/example_short_circuit_decorator.py for tasks to queue
[2025-03-01T02:20:21.757+0000] {logging_mixin.py:190} INFO - [2025-03-01T02:20:21.756+0000] {dagbag.py:588} INFO - Filling up the DagBag from /home/airflow/.local/lib/python3.12/site-packages/airflow/example_dags/example_short_circuit_decorator.py
[2025-03-01T02:20:21.771+0000] {processor.py:925} INFO - DAG(s) 'example_short_circuit_decorator' retrieved from /home/airflow/.local/lib/python3.12/site-packages/airflow/example_dags/example_short_circuit_decorator.py
[2025-03-01T02:20:21.802+0000] {logging_mixin.py:190} INFO - [2025-03-01T02:20:21.802+0000] {dag.py:3239} INFO - Sync 1 DAGs
[2025-03-01T02:20:21.820+0000] {logging_mixin.py:190} INFO - [2025-03-01T02:20:21.820+0000] {dag.py:4180} INFO - Setting next_dagrun for example_short_circuit_decorator to None, run_after=None
[2025-03-01T02:20:21.850+0000] {processor.py:208} INFO - Processing /home/airflow/.local/lib/python3.12/site-packages/airflow/example_dags/example_short_circuit_decorator.py took 0.106 seconds
[2025-03-01T02:20:52.829+0000] {processor.py:186} INFO - Started process (PID=416) to work on /home/airflow/.local/lib/python3.12/site-packages/airflow/example_dags/example_short_circuit_decorator.py
[2025-03-01T02:20:52.831+0000] {processor.py:914} INFO - Processing file /home/airflow/.local/lib/python3.12/site-packages/airflow/example_dags/example_short_circuit_decorator.py for tasks to queue
[2025-03-01T02:20:52.835+0000] {logging_mixin.py:190} INFO - [2025-03-01T02:20:52.834+0000] {dagbag.py:588} INFO - Filling up the DagBag from /home/airflow/.local/lib/python3.12/site-packages/airflow/example_dags/example_short_circuit_decorator.py
[2025-03-01T02:20:52.851+0000] {processor.py:925} INFO - DAG(s) 'example_short_circuit_decorator' retrieved from /home/airflow/.local/lib/python3.12/site-packages/airflow/example_dags/example_short_circuit_decorator.py
[2025-03-01T02:20:52.888+0000] {logging_mixin.py:190} INFO - [2025-03-01T02:20:52.888+0000] {dag.py:3239} INFO - Sync 1 DAGs
[2025-03-01T02:20:52.909+0000] {logging_mixin.py:190} INFO - [2025-03-01T02:20:52.909+0000] {dag.py:4180} INFO - Setting next_dagrun for example_short_circuit_decorator to None, run_after=None
[2025-03-01T02:20:52.946+0000] {processor.py:208} INFO - Processing /home/airflow/.local/lib/python3.12/site-packages/airflow/example_dags/example_short_circuit_decorator.py took 0.127 seconds
[2025-03-01T02:21:23.209+0000] {processor.py:186} INFO - Started process (PID=481) to work on /home/airflow/.local/lib/python3.12/site-packages/airflow/example_dags/example_short_circuit_decorator.py
[2025-03-01T02:21:23.212+0000] {processor.py:914} INFO - Processing file /home/airflow/.local/lib/python3.12/site-packages/airflow/example_dags/example_short_circuit_decorator.py for tasks to queue
[2025-03-01T02:21:23.217+0000] {logging_mixin.py:190} INFO - [2025-03-01T02:21:23.216+0000] {dagbag.py:588} INFO - Filling up the DagBag from /home/airflow/.local/lib/python3.12/site-packages/airflow/example_dags/example_short_circuit_decorator.py
[2025-03-01T02:21:23.251+0000] {processor.py:925} INFO - DAG(s) 'example_short_circuit_decorator' retrieved from /home/airflow/.local/lib/python3.12/site-packages/airflow/example_dags/example_short_circuit_decorator.py
[2025-03-01T02:21:23.297+0000] {logging_mixin.py:190} INFO - [2025-03-01T02:21:23.296+0000] {dag.py:3239} INFO - Sync 1 DAGs
[2025-03-01T02:21:23.325+0000] {logging_mixin.py:190} INFO - [2025-03-01T02:21:23.325+0000] {dag.py:4180} INFO - Setting next_dagrun for example_short_circuit_decorator to None, run_after=None
[2025-03-01T02:21:23.381+0000] {processor.py:208} INFO - Processing /home/airflow/.local/lib/python3.12/site-packages/airflow/example_dags/example_short_circuit_decorator.py took 0.187 seconds
[2025-03-01T02:21:53.593+0000] {processor.py:186} INFO - Started process (PID=546) to work on /home/airflow/.local/lib/python3.12/site-packages/airflow/example_dags/example_short_circuit_decorator.py
[2025-03-01T02:21:53.595+0000] {processor.py:914} INFO - Processing file /home/airflow/.local/lib/python3.12/site-packages/airflow/example_dags/example_short_circuit_decorator.py for tasks to queue
[2025-03-01T02:21:53.601+0000] {logging_mixin.py:190} INFO - [2025-03-01T02:21:53.600+0000] {dagbag.py:588} INFO - Filling up the DagBag from /home/airflow/.local/lib/python3.12/site-packages/airflow/example_dags/example_short_circuit_decorator.py
[2025-03-01T02:21:53.626+0000] {processor.py:925} INFO - DAG(s) 'example_short_circuit_decorator' retrieved from /home/airflow/.local/lib/python3.12/site-packages/airflow/example_dags/example_short_circuit_decorator.py
[2025-03-01T02:21:53.675+0000] {logging_mixin.py:190} INFO - [2025-03-01T02:21:53.675+0000] {dag.py:3239} INFO - Sync 1 DAGs
[2025-03-01T02:21:53.702+0000] {logging_mixin.py:190} INFO - [2025-03-01T02:21:53.701+0000] {dag.py:4180} INFO - Setting next_dagrun for example_short_circuit_decorator to None, run_after=None
[2025-03-01T02:21:53.737+0000] {processor.py:208} INFO - Processing /home/airflow/.local/lib/python3.12/site-packages/airflow/example_dags/example_short_circuit_decorator.py took 0.158 seconds
[2025-03-01T02:22:24.032+0000] {processor.py:186} INFO - Started process (PID=611) to work on /home/airflow/.local/lib/python3.12/site-packages/airflow/example_dags/example_short_circuit_decorator.py
[2025-03-01T02:22:24.035+0000] {processor.py:914} INFO - Processing file /home/airflow/.local/lib/python3.12/site-packages/airflow/example_dags/example_short_circuit_decorator.py for tasks to queue
[2025-03-01T02:22:24.041+0000] {logging_mixin.py:190} INFO - [2025-03-01T02:22:24.040+0000] {dagbag.py:588} INFO - Filling up the DagBag from /home/airflow/.local/lib/python3.12/site-packages/airflow/example_dags/example_short_circuit_decorator.py
[2025-03-01T02:22:24.073+0000] {processor.py:925} INFO - DAG(s) 'example_short_circuit_decorator' retrieved from /home/airflow/.local/lib/python3.12/site-packages/airflow/example_dags/example_short_circuit_decorator.py
[2025-03-01T02:22:24.127+0000] {logging_mixin.py:190} INFO - [2025-03-01T02:22:24.126+0000] {dag.py:3239} INFO - Sync 1 DAGs
[2025-03-01T02:22:24.156+0000] {logging_mixin.py:190} INFO - [2025-03-01T02:22:24.156+0000] {dag.py:4180} INFO - Setting next_dagrun for example_short_circuit_decorator to None, run_after=None
[2025-03-01T02:22:24.192+0000] {processor.py:208} INFO - Processing /home/airflow/.local/lib/python3.12/site-packages/airflow/example_dags/example_short_circuit_decorator.py took 0.173 seconds
[2025-03-01T02:22:54.509+0000] {processor.py:186} INFO - Started process (PID=675) to work on /home/airflow/.local/lib/python3.12/site-packages/airflow/example_dags/example_short_circuit_decorator.py
[2025-03-01T02:22:54.510+0000] {processor.py:914} INFO - Processing file /home/airflow/.local/lib/python3.12/site-packages/airflow/example_dags/example_short_circuit_decorator.py for tasks to queue
[2025-03-01T02:22:54.514+0000] {logging_mixin.py:190} INFO - [2025-03-01T02:22:54.513+0000] {dagbag.py:588} INFO - Filling up the DagBag from /home/airflow/.local/lib/python3.12/site-packages/airflow/example_dags/example_short_circuit_decorator.py
[2025-03-01T02:22:54.529+0000] {processor.py:925} INFO - DAG(s) 'example_short_circuit_decorator' retrieved from /home/airflow/.local/lib/python3.12/site-packages/airflow/example_dags/example_short_circuit_decorator.py
[2025-03-01T02:22:54.563+0000] {logging_mixin.py:190} INFO - [2025-03-01T02:22:54.562+0000] {dag.py:3239} INFO - Sync 1 DAGs
[2025-03-01T02:22:54.584+0000] {logging_mixin.py:190} INFO - [2025-03-01T02:22:54.584+0000] {dag.py:4180} INFO - Setting next_dagrun for example_short_circuit_decorator to None, run_after=None
[2025-03-01T02:22:54.617+0000] {processor.py:208} INFO - Processing /home/airflow/.local/lib/python3.12/site-packages/airflow/example_dags/example_short_circuit_decorator.py took 0.116 seconds
[2025-03-01T02:23:24.957+0000] {processor.py:186} INFO - Started process (PID=740) to work on /home/airflow/.local/lib/python3.12/site-packages/airflow/example_dags/example_short_circuit_decorator.py
[2025-03-01T02:23:24.960+0000] {processor.py:914} INFO - Processing file /home/airflow/.local/lib/python3.12/site-packages/airflow/example_dags/example_short_circuit_decorator.py for tasks to queue
[2025-03-01T02:23:24.966+0000] {logging_mixin.py:190} INFO - [2025-03-01T02:23:24.965+0000] {dagbag.py:588} INFO - Filling up the DagBag from /home/airflow/.local/lib/python3.12/site-packages/airflow/example_dags/example_short_circuit_decorator.py
[2025-03-01T02:23:24.989+0000] {processor.py:925} INFO - DAG(s) 'example_short_circuit_decorator' retrieved from /home/airflow/.local/lib/python3.12/site-packages/airflow/example_dags/example_short_circuit_decorator.py
[2025-03-01T02:23:25.039+0000] {logging_mixin.py:190} INFO - [2025-03-01T02:23:25.039+0000] {dag.py:3239} INFO - Sync 1 DAGs
[2025-03-01T02:23:25.071+0000] {logging_mixin.py:190} INFO - [2025-03-01T02:23:25.071+0000] {dag.py:4180} INFO - Setting next_dagrun for example_short_circuit_decorator to None, run_after=None
[2025-03-01T02:23:25.113+0000] {processor.py:208} INFO - Processing /home/airflow/.local/lib/python3.12/site-packages/airflow/example_dags/example_short_circuit_decorator.py took 0.169 seconds
[2025-03-01T02:23:55.521+0000] {processor.py:186} INFO - Started process (PID=805) to work on /home/airflow/.local/lib/python3.12/site-packages/airflow/example_dags/example_short_circuit_decorator.py
[2025-03-01T02:23:55.523+0000] {processor.py:914} INFO - Processing file /home/airflow/.local/lib/python3.12/site-packages/airflow/example_dags/example_short_circuit_decorator.py for tasks to queue
[2025-03-01T02:23:55.528+0000] {logging_mixin.py:190} INFO - [2025-03-01T02:23:55.528+0000] {dagbag.py:588} INFO - Filling up the DagBag from /home/airflow/.local/lib/python3.12/site-packages/airflow/example_dags/example_short_circuit_decorator.py
[2025-03-01T02:23:55.547+0000] {processor.py:925} INFO - DAG(s) 'example_short_circuit_decorator' retrieved from /home/airflow/.local/lib/python3.12/site-packages/airflow/example_dags/example_short_circuit_decorator.py
[2025-03-01T02:23:55.605+0000] {logging_mixin.py:190} INFO - [2025-03-01T02:23:55.604+0000] {dag.py:3239} INFO - Sync 1 DAGs
[2025-03-01T02:23:55.632+0000] {logging_mixin.py:190} INFO - [2025-03-01T02:23:55.632+0000] {dag.py:4180} INFO - Setting next_dagrun for example_short_circuit_decorator to None, run_after=None
[2025-03-01T02:23:55.669+0000] {processor.py:208} INFO - Processing /home/airflow/.local/lib/python3.12/site-packages/airflow/example_dags/example_short_circuit_decorator.py took 0.155 seconds
[2025-03-01T02:24:25.952+0000] {processor.py:186} INFO - Started process (PID=870) to work on /home/airflow/.local/lib/python3.12/site-packages/airflow/example_dags/example_short_circuit_decorator.py
[2025-03-01T02:24:25.954+0000] {processor.py:914} INFO - Processing file /home/airflow/.local/lib/python3.12/site-packages/airflow/example_dags/example_short_circuit_decorator.py for tasks to queue
[2025-03-01T02:24:25.959+0000] {logging_mixin.py:190} INFO - [2025-03-01T02:24:25.958+0000] {dagbag.py:588} INFO - Filling up the DagBag from /home/airflow/.local/lib/python3.12/site-packages/airflow/example_dags/example_short_circuit_decorator.py
[2025-03-01T02:24:25.980+0000] {processor.py:925} INFO - DAG(s) 'example_short_circuit_decorator' retrieved from /home/airflow/.local/lib/python3.12/site-packages/airflow/example_dags/example_short_circuit_decorator.py
[2025-03-01T02:24:26.029+0000] {logging_mixin.py:190} INFO - [2025-03-01T02:24:26.028+0000] {dag.py:3239} INFO - Sync 1 DAGs
[2025-03-01T02:24:26.098+0000] {logging_mixin.py:190} INFO - [2025-03-01T02:24:26.097+0000] {dag.py:4180} INFO - Setting next_dagrun for example_short_circuit_decorator to None, run_after=None
[2025-03-01T02:24:26.166+0000] {processor.py:208} INFO - Processing /home/airflow/.local/lib/python3.12/site-packages/airflow/example_dags/example_short_circuit_decorator.py took 0.225 seconds
[2025-03-01T02:24:57.135+0000] {processor.py:186} INFO - Started process (PID=935) to work on /home/airflow/.local/lib/python3.12/site-packages/airflow/example_dags/example_short_circuit_decorator.py
[2025-03-01T02:24:57.137+0000] {processor.py:914} INFO - Processing file /home/airflow/.local/lib/python3.12/site-packages/airflow/example_dags/example_short_circuit_decorator.py for tasks to queue
[2025-03-01T02:24:57.141+0000] {logging_mixin.py:190} INFO - [2025-03-01T02:24:57.140+0000] {dagbag.py:588} INFO - Filling up the DagBag from /home/airflow/.local/lib/python3.12/site-packages/airflow/example_dags/example_short_circuit_decorator.py
[2025-03-01T02:24:57.155+0000] {processor.py:925} INFO - DAG(s) 'example_short_circuit_decorator' retrieved from /home/airflow/.local/lib/python3.12/site-packages/airflow/example_dags/example_short_circuit_decorator.py
[2025-03-01T02:24:57.186+0000] {logging_mixin.py:190} INFO - [2025-03-01T02:24:57.186+0000] {dag.py:3239} INFO - Sync 1 DAGs
[2025-03-01T02:24:57.205+0000] {logging_mixin.py:190} INFO - [2025-03-01T02:24:57.205+0000] {dag.py:4180} INFO - Setting next_dagrun for example_short_circuit_decorator to None, run_after=None
[2025-03-01T02:24:57.235+0000] {processor.py:208} INFO - Processing /home/airflow/.local/lib/python3.12/site-packages/airflow/example_dags/example_short_circuit_decorator.py took 0.106 seconds
[2025-03-01T02:25:27.810+0000] {processor.py:186} INFO - Started process (PID=999) to work on /home/airflow/.local/lib/python3.12/site-packages/airflow/example_dags/example_short_circuit_decorator.py
[2025-03-01T02:25:27.812+0000] {processor.py:914} INFO - Processing file /home/airflow/.local/lib/python3.12/site-packages/airflow/example_dags/example_short_circuit_decorator.py for tasks to queue
[2025-03-01T02:25:27.815+0000] {logging_mixin.py:190} INFO - [2025-03-01T02:25:27.815+0000] {dagbag.py:588} INFO - Filling up the DagBag from /home/airflow/.local/lib/python3.12/site-packages/airflow/example_dags/example_short_circuit_decorator.py
[2025-03-01T02:25:27.831+0000] {processor.py:925} INFO - DAG(s) 'example_short_circuit_decorator' retrieved from /home/airflow/.local/lib/python3.12/site-packages/airflow/example_dags/example_short_circuit_decorator.py
[2025-03-01T02:25:27.865+0000] {logging_mixin.py:190} INFO - [2025-03-01T02:25:27.865+0000] {dag.py:3239} INFO - Sync 1 DAGs
[2025-03-01T02:25:27.886+0000] {logging_mixin.py:190} INFO - [2025-03-01T02:25:27.886+0000] {dag.py:4180} INFO - Setting next_dagrun for example_short_circuit_decorator to None, run_after=None
[2025-03-01T02:25:27.917+0000] {processor.py:208} INFO - Processing /home/airflow/.local/lib/python3.12/site-packages/airflow/example_dags/example_short_circuit_decorator.py took 0.114 seconds
[2025-03-01T02:25:58.892+0000] {processor.py:186} INFO - Started process (PID=1064) to work on /home/airflow/.local/lib/python3.12/site-packages/airflow/example_dags/example_short_circuit_decorator.py
[2025-03-01T02:25:58.894+0000] {processor.py:914} INFO - Processing file /home/airflow/.local/lib/python3.12/site-packages/airflow/example_dags/example_short_circuit_decorator.py for tasks to queue
[2025-03-01T02:25:58.898+0000] {logging_mixin.py:190} INFO - [2025-03-01T02:25:58.898+0000] {dagbag.py:588} INFO - Filling up the DagBag from /home/airflow/.local/lib/python3.12/site-packages/airflow/example_dags/example_short_circuit_decorator.py
[2025-03-01T02:25:58.912+0000] {processor.py:925} INFO - DAG(s) 'example_short_circuit_decorator' retrieved from /home/airflow/.local/lib/python3.12/site-packages/airflow/example_dags/example_short_circuit_decorator.py
[2025-03-01T02:25:58.946+0000] {logging_mixin.py:190} INFO - [2025-03-01T02:25:58.945+0000] {dag.py:3239} INFO - Sync 1 DAGs
[2025-03-01T02:25:58.968+0000] {logging_mixin.py:190} INFO - [2025-03-01T02:25:58.968+0000] {dag.py:4180} INFO - Setting next_dagrun for example_short_circuit_decorator to None, run_after=None
[2025-03-01T02:25:59.003+0000] {processor.py:208} INFO - Processing /home/airflow/.local/lib/python3.12/site-packages/airflow/example_dags/example_short_circuit_decorator.py took 0.118 seconds
[2025-03-01T02:26:29.259+0000] {processor.py:186} INFO - Started process (PID=1128) to work on /home/airflow/.local/lib/python3.12/site-packages/airflow/example_dags/example_short_circuit_decorator.py
[2025-03-01T02:26:29.261+0000] {processor.py:914} INFO - Processing file /home/airflow/.local/lib/python3.12/site-packages/airflow/example_dags/example_short_circuit_decorator.py for tasks to queue
[2025-03-01T02:26:29.265+0000] {logging_mixin.py:190} INFO - [2025-03-01T02:26:29.264+0000] {dagbag.py:588} INFO - Filling up the DagBag from /home/airflow/.local/lib/python3.12/site-packages/airflow/example_dags/example_short_circuit_decorator.py
[2025-03-01T02:26:29.279+0000] {processor.py:925} INFO - DAG(s) 'example_short_circuit_decorator' retrieved from /home/airflow/.local/lib/python3.12/site-packages/airflow/example_dags/example_short_circuit_decorator.py
[2025-03-01T02:26:29.312+0000] {logging_mixin.py:190} INFO - [2025-03-01T02:26:29.312+0000] {dag.py:3239} INFO - Sync 1 DAGs
[2025-03-01T02:26:29.334+0000] {logging_mixin.py:190} INFO - [2025-03-01T02:26:29.334+0000] {dag.py:4180} INFO - Setting next_dagrun for example_short_circuit_decorator to None, run_after=None
[2025-03-01T02:26:29.364+0000] {processor.py:208} INFO - Processing /home/airflow/.local/lib/python3.12/site-packages/airflow/example_dags/example_short_circuit_decorator.py took 0.112 seconds
[2025-03-01T02:27:00.127+0000] {processor.py:186} INFO - Started process (PID=1194) to work on /home/airflow/.local/lib/python3.12/site-packages/airflow/example_dags/example_short_circuit_decorator.py
[2025-03-01T02:27:00.129+0000] {processor.py:914} INFO - Processing file /home/airflow/.local/lib/python3.12/site-packages/airflow/example_dags/example_short_circuit_decorator.py for tasks to queue
[2025-03-01T02:27:00.134+0000] {logging_mixin.py:190} INFO - [2025-03-01T02:27:00.133+0000] {dagbag.py:588} INFO - Filling up the DagBag from /home/airflow/.local/lib/python3.12/site-packages/airflow/example_dags/example_short_circuit_decorator.py
[2025-03-01T02:27:00.151+0000] {processor.py:925} INFO - DAG(s) 'example_short_circuit_decorator' retrieved from /home/airflow/.local/lib/python3.12/site-packages/airflow/example_dags/example_short_circuit_decorator.py
[2025-03-01T02:27:00.188+0000] {logging_mixin.py:190} INFO - [2025-03-01T02:27:00.187+0000] {dag.py:3239} INFO - Sync 1 DAGs
[2025-03-01T02:27:00.213+0000] {logging_mixin.py:190} INFO - [2025-03-01T02:27:00.213+0000] {dag.py:4180} INFO - Setting next_dagrun for example_short_circuit_decorator to None, run_after=None
[2025-03-01T02:27:00.247+0000] {processor.py:208} INFO - Processing /home/airflow/.local/lib/python3.12/site-packages/airflow/example_dags/example_short_circuit_decorator.py took 0.127 seconds
[2025-03-01T02:27:30.670+0000] {processor.py:186} INFO - Started process (PID=1256) to work on /home/airflow/.local/lib/python3.12/site-packages/airflow/example_dags/example_short_circuit_decorator.py
[2025-03-01T02:27:30.672+0000] {processor.py:914} INFO - Processing file /home/airflow/.local/lib/python3.12/site-packages/airflow/example_dags/example_short_circuit_decorator.py for tasks to queue
[2025-03-01T02:27:30.676+0000] {logging_mixin.py:190} INFO - [2025-03-01T02:27:30.675+0000] {dagbag.py:588} INFO - Filling up the DagBag from /home/airflow/.local/lib/python3.12/site-packages/airflow/example_dags/example_short_circuit_decorator.py
[2025-03-01T02:27:30.697+0000] {processor.py:925} INFO - DAG(s) 'example_short_circuit_decorator' retrieved from /home/airflow/.local/lib/python3.12/site-packages/airflow/example_dags/example_short_circuit_decorator.py
[2025-03-01T02:27:30.755+0000] {logging_mixin.py:190} INFO - [2025-03-01T02:27:30.754+0000] {dag.py:3239} INFO - Sync 1 DAGs
[2025-03-01T02:27:30.792+0000] {logging_mixin.py:190} INFO - [2025-03-01T02:27:30.791+0000] {dag.py:4180} INFO - Setting next_dagrun for example_short_circuit_decorator to None, run_after=None
[2025-03-01T02:27:30.832+0000] {processor.py:208} INFO - Processing /home/airflow/.local/lib/python3.12/site-packages/airflow/example_dags/example_short_circuit_decorator.py took 0.173 seconds
[2025-03-01T02:28:01.043+0000] {processor.py:186} INFO - Started process (PID=1321) to work on /home/airflow/.local/lib/python3.12/site-packages/airflow/example_dags/example_short_circuit_decorator.py
[2025-03-01T02:28:01.045+0000] {processor.py:914} INFO - Processing file /home/airflow/.local/lib/python3.12/site-packages/airflow/example_dags/example_short_circuit_decorator.py for tasks to queue
[2025-03-01T02:28:01.050+0000] {logging_mixin.py:190} INFO - [2025-03-01T02:28:01.049+0000] {dagbag.py:588} INFO - Filling up the DagBag from /home/airflow/.local/lib/python3.12/site-packages/airflow/example_dags/example_short_circuit_decorator.py
[2025-03-01T02:28:01.070+0000] {processor.py:925} INFO - DAG(s) 'example_short_circuit_decorator' retrieved from /home/airflow/.local/lib/python3.12/site-packages/airflow/example_dags/example_short_circuit_decorator.py
[2025-03-01T02:28:01.117+0000] {logging_mixin.py:190} INFO - [2025-03-01T02:28:01.117+0000] {dag.py:3239} INFO - Sync 1 DAGs
[2025-03-01T02:28:01.150+0000] {logging_mixin.py:190} INFO - [2025-03-01T02:28:01.150+0000] {dag.py:4180} INFO - Setting next_dagrun for example_short_circuit_decorator to None, run_after=None
[2025-03-01T02:28:01.194+0000] {processor.py:208} INFO - Processing /home/airflow/.local/lib/python3.12/site-packages/airflow/example_dags/example_short_circuit_decorator.py took 0.162 seconds
[2025-03-01T02:28:31.324+0000] {processor.py:186} INFO - Started process (PID=1385) to work on /home/airflow/.local/lib/python3.12/site-packages/airflow/example_dags/example_short_circuit_decorator.py
[2025-03-01T02:28:31.326+0000] {processor.py:914} INFO - Processing file /home/airflow/.local/lib/python3.12/site-packages/airflow/example_dags/example_short_circuit_decorator.py for tasks to queue
[2025-03-01T02:28:31.330+0000] {logging_mixin.py:190} INFO - [2025-03-01T02:28:31.329+0000] {dagbag.py:588} INFO - Filling up the DagBag from /home/airflow/.local/lib/python3.12/site-packages/airflow/example_dags/example_short_circuit_decorator.py
[2025-03-01T02:28:31.347+0000] {processor.py:925} INFO - DAG(s) 'example_short_circuit_decorator' retrieved from /home/airflow/.local/lib/python3.12/site-packages/airflow/example_dags/example_short_circuit_decorator.py
[2025-03-01T02:28:31.402+0000] {logging_mixin.py:190} INFO - [2025-03-01T02:28:31.399+0000] {dag.py:3239} INFO - Sync 1 DAGs
[2025-03-01T02:28:31.429+0000] {logging_mixin.py:190} INFO - [2025-03-01T02:28:31.429+0000] {dag.py:4180} INFO - Setting next_dagrun for example_short_circuit_decorator to None, run_after=None
[2025-03-01T02:28:31.466+0000] {processor.py:208} INFO - Processing /home/airflow/.local/lib/python3.12/site-packages/airflow/example_dags/example_short_circuit_decorator.py took 0.157 seconds
[2025-03-01T02:29:01.760+0000] {processor.py:186} INFO - Started process (PID=1450) to work on /home/airflow/.local/lib/python3.12/site-packages/airflow/example_dags/example_short_circuit_decorator.py
[2025-03-01T02:29:01.762+0000] {processor.py:914} INFO - Processing file /home/airflow/.local/lib/python3.12/site-packages/airflow/example_dags/example_short_circuit_decorator.py for tasks to queue
[2025-03-01T02:29:01.766+0000] {logging_mixin.py:190} INFO - [2025-03-01T02:29:01.765+0000] {dagbag.py:588} INFO - Filling up the DagBag from /home/airflow/.local/lib/python3.12/site-packages/airflow/example_dags/example_short_circuit_decorator.py
[2025-03-01T02:29:01.785+0000] {processor.py:925} INFO - DAG(s) 'example_short_circuit_decorator' retrieved from /home/airflow/.local/lib/python3.12/site-packages/airflow/example_dags/example_short_circuit_decorator.py
[2025-03-01T02:29:01.827+0000] {logging_mixin.py:190} INFO - [2025-03-01T02:29:01.826+0000] {dag.py:3239} INFO - Sync 1 DAGs
[2025-03-01T02:29:01.849+0000] {logging_mixin.py:190} INFO - [2025-03-01T02:29:01.849+0000] {dag.py:4180} INFO - Setting next_dagrun for example_short_circuit_decorator to None, run_after=None
[2025-03-01T02:29:01.881+0000] {processor.py:208} INFO - Processing /home/airflow/.local/lib/python3.12/site-packages/airflow/example_dags/example_short_circuit_decorator.py took 0.131 seconds
[2025-03-01T02:29:32.087+0000] {processor.py:186} INFO - Started process (PID=1515) to work on /home/airflow/.local/lib/python3.12/site-packages/airflow/example_dags/example_short_circuit_decorator.py
[2025-03-01T02:29:32.090+0000] {processor.py:914} INFO - Processing file /home/airflow/.local/lib/python3.12/site-packages/airflow/example_dags/example_short_circuit_decorator.py for tasks to queue
[2025-03-01T02:29:32.093+0000] {logging_mixin.py:190} INFO - [2025-03-01T02:29:32.093+0000] {dagbag.py:588} INFO - Filling up the DagBag from /home/airflow/.local/lib/python3.12/site-packages/airflow/example_dags/example_short_circuit_decorator.py
[2025-03-01T02:29:32.109+0000] {processor.py:925} INFO - DAG(s) 'example_short_circuit_decorator' retrieved from /home/airflow/.local/lib/python3.12/site-packages/airflow/example_dags/example_short_circuit_decorator.py
[2025-03-01T02:29:32.148+0000] {logging_mixin.py:190} INFO - [2025-03-01T02:29:32.147+0000] {dag.py:3239} INFO - Sync 1 DAGs
[2025-03-01T02:29:32.173+0000] {logging_mixin.py:190} INFO - [2025-03-01T02:29:32.173+0000] {dag.py:4180} INFO - Setting next_dagrun for example_short_circuit_decorator to None, run_after=None
[2025-03-01T02:29:32.212+0000] {processor.py:208} INFO - Processing /home/airflow/.local/lib/python3.12/site-packages/airflow/example_dags/example_short_circuit_decorator.py took 0.131 seconds
[2025-03-01T02:30:03.104+0000] {processor.py:186} INFO - Started process (PID=1580) to work on /home/airflow/.local/lib/python3.12/site-packages/airflow/example_dags/example_short_circuit_decorator.py
[2025-03-01T02:30:03.105+0000] {processor.py:914} INFO - Processing file /home/airflow/.local/lib/python3.12/site-packages/airflow/example_dags/example_short_circuit_decorator.py for tasks to queue
[2025-03-01T02:30:03.110+0000] {logging_mixin.py:190} INFO - [2025-03-01T02:30:03.109+0000] {dagbag.py:588} INFO - Filling up the DagBag from /home/airflow/.local/lib/python3.12/site-packages/airflow/example_dags/example_short_circuit_decorator.py
[2025-03-01T02:30:03.125+0000] {processor.py:925} INFO - DAG(s) 'example_short_circuit_decorator' retrieved from /home/airflow/.local/lib/python3.12/site-packages/airflow/example_dags/example_short_circuit_decorator.py
[2025-03-01T02:30:03.165+0000] {logging_mixin.py:190} INFO - [2025-03-01T02:30:03.164+0000] {dag.py:3239} INFO - Sync 1 DAGs
[2025-03-01T02:30:03.191+0000] {logging_mixin.py:190} INFO - [2025-03-01T02:30:03.190+0000] {dag.py:4180} INFO - Setting next_dagrun for example_short_circuit_decorator to None, run_after=None
[2025-03-01T02:30:03.225+0000] {processor.py:208} INFO - Processing /home/airflow/.local/lib/python3.12/site-packages/airflow/example_dags/example_short_circuit_decorator.py took 0.129 seconds
[2025-03-01T02:30:33.355+0000] {processor.py:186} INFO - Started process (PID=1644) to work on /home/airflow/.local/lib/python3.12/site-packages/airflow/example_dags/example_short_circuit_decorator.py
[2025-03-01T02:30:33.357+0000] {processor.py:914} INFO - Processing file /home/airflow/.local/lib/python3.12/site-packages/airflow/example_dags/example_short_circuit_decorator.py for tasks to queue
[2025-03-01T02:30:33.362+0000] {logging_mixin.py:190} INFO - [2025-03-01T02:30:33.361+0000] {dagbag.py:588} INFO - Filling up the DagBag from /home/airflow/.local/lib/python3.12/site-packages/airflow/example_dags/example_short_circuit_decorator.py
[2025-03-01T02:30:33.383+0000] {processor.py:925} INFO - DAG(s) 'example_short_circuit_decorator' retrieved from /home/airflow/.local/lib/python3.12/site-packages/airflow/example_dags/example_short_circuit_decorator.py
[2025-03-01T02:30:33.419+0000] {logging_mixin.py:190} INFO - [2025-03-01T02:30:33.419+0000] {dag.py:3239} INFO - Sync 1 DAGs
[2025-03-01T02:30:33.444+0000] {logging_mixin.py:190} INFO - [2025-03-01T02:30:33.443+0000] {dag.py:4180} INFO - Setting next_dagrun for example_short_circuit_decorator to None, run_after=None
[2025-03-01T02:30:33.493+0000] {processor.py:208} INFO - Processing /home/airflow/.local/lib/python3.12/site-packages/airflow/example_dags/example_short_circuit_decorator.py took 0.146 seconds
[2025-03-01T02:31:03.965+0000] {processor.py:186} INFO - Started process (PID=1709) to work on /home/airflow/.local/lib/python3.12/site-packages/airflow/example_dags/example_short_circuit_decorator.py
[2025-03-01T02:31:03.967+0000] {processor.py:914} INFO - Processing file /home/airflow/.local/lib/python3.12/site-packages/airflow/example_dags/example_short_circuit_decorator.py for tasks to queue
[2025-03-01T02:31:03.973+0000] {logging_mixin.py:190} INFO - [2025-03-01T02:31:03.972+0000] {dagbag.py:588} INFO - Filling up the DagBag from /home/airflow/.local/lib/python3.12/site-packages/airflow/example_dags/example_short_circuit_decorator.py
[2025-03-01T02:31:04.003+0000] {processor.py:925} INFO - DAG(s) 'example_short_circuit_decorator' retrieved from /home/airflow/.local/lib/python3.12/site-packages/airflow/example_dags/example_short_circuit_decorator.py
[2025-03-01T02:31:04.070+0000] {logging_mixin.py:190} INFO - [2025-03-01T02:31:04.069+0000] {dag.py:3239} INFO - Sync 1 DAGs
[2025-03-01T02:31:04.104+0000] {logging_mixin.py:190} INFO - [2025-03-01T02:31:04.103+0000] {dag.py:4180} INFO - Setting next_dagrun for example_short_circuit_decorator to None, run_after=None
[2025-03-01T02:31:04.146+0000] {processor.py:208} INFO - Processing /home/airflow/.local/lib/python3.12/site-packages/airflow/example_dags/example_short_circuit_decorator.py took 0.192 seconds
[2025-03-01T02:31:34.259+0000] {processor.py:186} INFO - Started process (PID=1773) to work on /home/airflow/.local/lib/python3.12/site-packages/airflow/example_dags/example_short_circuit_decorator.py
[2025-03-01T02:31:34.263+0000] {processor.py:914} INFO - Processing file /home/airflow/.local/lib/python3.12/site-packages/airflow/example_dags/example_short_circuit_decorator.py for tasks to queue
[2025-03-01T02:31:34.267+0000] {logging_mixin.py:190} INFO - [2025-03-01T02:31:34.266+0000] {dagbag.py:588} INFO - Filling up the DagBag from /home/airflow/.local/lib/python3.12/site-packages/airflow/example_dags/example_short_circuit_decorator.py
[2025-03-01T02:31:34.286+0000] {processor.py:925} INFO - DAG(s) 'example_short_circuit_decorator' retrieved from /home/airflow/.local/lib/python3.12/site-packages/airflow/example_dags/example_short_circuit_decorator.py
[2025-03-01T02:31:34.331+0000] {logging_mixin.py:190} INFO - [2025-03-01T02:31:34.330+0000] {dag.py:3239} INFO - Sync 1 DAGs
[2025-03-01T02:31:34.354+0000] {logging_mixin.py:190} INFO - [2025-03-01T02:31:34.354+0000] {dag.py:4180} INFO - Setting next_dagrun for example_short_circuit_decorator to None, run_after=None
[2025-03-01T02:31:34.391+0000] {processor.py:208} INFO - Processing /home/airflow/.local/lib/python3.12/site-packages/airflow/example_dags/example_short_circuit_decorator.py took 0.139 seconds
[2025-03-01T02:32:04.598+0000] {processor.py:186} INFO - Started process (PID=1839) to work on /home/airflow/.local/lib/python3.12/site-packages/airflow/example_dags/example_short_circuit_decorator.py
[2025-03-01T02:32:04.601+0000] {processor.py:914} INFO - Processing file /home/airflow/.local/lib/python3.12/site-packages/airflow/example_dags/example_short_circuit_decorator.py for tasks to queue
[2025-03-01T02:32:04.606+0000] {logging_mixin.py:190} INFO - [2025-03-01T02:32:04.605+0000] {dagbag.py:588} INFO - Filling up the DagBag from /home/airflow/.local/lib/python3.12/site-packages/airflow/example_dags/example_short_circuit_decorator.py
[2025-03-01T02:32:04.630+0000] {processor.py:925} INFO - DAG(s) 'example_short_circuit_decorator' retrieved from /home/airflow/.local/lib/python3.12/site-packages/airflow/example_dags/example_short_circuit_decorator.py
[2025-03-01T02:32:04.666+0000] {logging_mixin.py:190} INFO - [2025-03-01T02:32:04.666+0000] {dag.py:3239} INFO - Sync 1 DAGs
[2025-03-01T02:32:04.690+0000] {logging_mixin.py:190} INFO - [2025-03-01T02:32:04.689+0000] {dag.py:4180} INFO - Setting next_dagrun for example_short_circuit_decorator to None, run_after=None
[2025-03-01T02:32:04.748+0000] {processor.py:208} INFO - Processing /home/airflow/.local/lib/python3.12/site-packages/airflow/example_dags/example_short_circuit_decorator.py took 0.159 seconds
[2025-03-01T02:32:34.974+0000] {processor.py:186} INFO - Started process (PID=1904) to work on /home/airflow/.local/lib/python3.12/site-packages/airflow/example_dags/example_short_circuit_decorator.py
[2025-03-01T02:32:34.976+0000] {processor.py:914} INFO - Processing file /home/airflow/.local/lib/python3.12/site-packages/airflow/example_dags/example_short_circuit_decorator.py for tasks to queue
[2025-03-01T02:32:34.980+0000] {logging_mixin.py:190} INFO - [2025-03-01T02:32:34.980+0000] {dagbag.py:588} INFO - Filling up the DagBag from /home/airflow/.local/lib/python3.12/site-packages/airflow/example_dags/example_short_circuit_decorator.py
[2025-03-01T02:32:34.995+0000] {processor.py:925} INFO - DAG(s) 'example_short_circuit_decorator' retrieved from /home/airflow/.local/lib/python3.12/site-packages/airflow/example_dags/example_short_circuit_decorator.py
[2025-03-01T02:32:35.033+0000] {logging_mixin.py:190} INFO - [2025-03-01T02:32:35.033+0000] {dag.py:3239} INFO - Sync 1 DAGs
[2025-03-01T02:32:35.055+0000] {logging_mixin.py:190} INFO - [2025-03-01T02:32:35.055+0000] {dag.py:4180} INFO - Setting next_dagrun for example_short_circuit_decorator to None, run_after=None
[2025-03-01T02:32:35.094+0000] {processor.py:208} INFO - Processing /home/airflow/.local/lib/python3.12/site-packages/airflow/example_dags/example_short_circuit_decorator.py took 0.126 seconds
[2025-03-01T02:33:05.261+0000] {processor.py:186} INFO - Started process (PID=1969) to work on /home/airflow/.local/lib/python3.12/site-packages/airflow/example_dags/example_short_circuit_decorator.py
[2025-03-01T02:33:05.263+0000] {processor.py:914} INFO - Processing file /home/airflow/.local/lib/python3.12/site-packages/airflow/example_dags/example_short_circuit_decorator.py for tasks to queue
[2025-03-01T02:33:05.268+0000] {logging_mixin.py:190} INFO - [2025-03-01T02:33:05.268+0000] {dagbag.py:588} INFO - Filling up the DagBag from /home/airflow/.local/lib/python3.12/site-packages/airflow/example_dags/example_short_circuit_decorator.py
[2025-03-01T02:33:05.289+0000] {processor.py:925} INFO - DAG(s) 'example_short_circuit_decorator' retrieved from /home/airflow/.local/lib/python3.12/site-packages/airflow/example_dags/example_short_circuit_decorator.py
[2025-03-01T02:33:05.340+0000] {logging_mixin.py:190} INFO - [2025-03-01T02:33:05.340+0000] {dag.py:3239} INFO - Sync 1 DAGs
[2025-03-01T02:33:05.369+0000] {logging_mixin.py:190} INFO - [2025-03-01T02:33:05.369+0000] {dag.py:4180} INFO - Setting next_dagrun for example_short_circuit_decorator to None, run_after=None
[2025-03-01T02:33:05.407+0000] {processor.py:208} INFO - Processing /home/airflow/.local/lib/python3.12/site-packages/airflow/example_dags/example_short_circuit_decorator.py took 0.157 seconds
[2025-03-01T02:33:36.096+0000] {processor.py:186} INFO - Started process (PID=2033) to work on /home/airflow/.local/lib/python3.12/site-packages/airflow/example_dags/example_short_circuit_decorator.py
[2025-03-01T02:33:36.098+0000] {processor.py:914} INFO - Processing file /home/airflow/.local/lib/python3.12/site-packages/airflow/example_dags/example_short_circuit_decorator.py for tasks to queue
[2025-03-01T02:33:36.102+0000] {logging_mixin.py:190} INFO - [2025-03-01T02:33:36.102+0000] {dagbag.py:588} INFO - Filling up the DagBag from /home/airflow/.local/lib/python3.12/site-packages/airflow/example_dags/example_short_circuit_decorator.py
[2025-03-01T02:33:36.117+0000] {processor.py:925} INFO - DAG(s) 'example_short_circuit_decorator' retrieved from /home/airflow/.local/lib/python3.12/site-packages/airflow/example_dags/example_short_circuit_decorator.py
[2025-03-01T02:33:36.155+0000] {logging_mixin.py:190} INFO - [2025-03-01T02:33:36.155+0000] {dag.py:3239} INFO - Sync 1 DAGs
[2025-03-01T02:33:36.182+0000] {logging_mixin.py:190} INFO - [2025-03-01T02:33:36.182+0000] {dag.py:4180} INFO - Setting next_dagrun for example_short_circuit_decorator to None, run_after=None
[2025-03-01T02:33:36.217+0000] {processor.py:208} INFO - Processing /home/airflow/.local/lib/python3.12/site-packages/airflow/example_dags/example_short_circuit_decorator.py took 0.128 seconds
[2025-03-01T02:34:06.524+0000] {processor.py:186} INFO - Started process (PID=2098) to work on /home/airflow/.local/lib/python3.12/site-packages/airflow/example_dags/example_short_circuit_decorator.py
[2025-03-01T02:34:06.526+0000] {processor.py:914} INFO - Processing file /home/airflow/.local/lib/python3.12/site-packages/airflow/example_dags/example_short_circuit_decorator.py for tasks to queue
[2025-03-01T02:34:06.531+0000] {logging_mixin.py:190} INFO - [2025-03-01T02:34:06.530+0000] {dagbag.py:588} INFO - Filling up the DagBag from /home/airflow/.local/lib/python3.12/site-packages/airflow/example_dags/example_short_circuit_decorator.py
[2025-03-01T02:34:06.549+0000] {processor.py:925} INFO - DAG(s) 'example_short_circuit_decorator' retrieved from /home/airflow/.local/lib/python3.12/site-packages/airflow/example_dags/example_short_circuit_decorator.py
[2025-03-01T02:34:06.590+0000] {logging_mixin.py:190} INFO - [2025-03-01T02:34:06.590+0000] {dag.py:3239} INFO - Sync 1 DAGs
[2025-03-01T02:34:06.618+0000] {logging_mixin.py:190} INFO - [2025-03-01T02:34:06.618+0000] {dag.py:4180} INFO - Setting next_dagrun for example_short_circuit_decorator to None, run_after=None
[2025-03-01T02:34:06.657+0000] {processor.py:208} INFO - Processing /home/airflow/.local/lib/python3.12/site-packages/airflow/example_dags/example_short_circuit_decorator.py took 0.144 seconds
[2025-03-01T02:34:37.062+0000] {processor.py:186} INFO - Started process (PID=2162) to work on /home/airflow/.local/lib/python3.12/site-packages/airflow/example_dags/example_short_circuit_decorator.py
[2025-03-01T02:34:37.063+0000] {processor.py:914} INFO - Processing file /home/airflow/.local/lib/python3.12/site-packages/airflow/example_dags/example_short_circuit_decorator.py for tasks to queue
[2025-03-01T02:34:37.068+0000] {logging_mixin.py:190} INFO - [2025-03-01T02:34:37.067+0000] {dagbag.py:588} INFO - Filling up the DagBag from /home/airflow/.local/lib/python3.12/site-packages/airflow/example_dags/example_short_circuit_decorator.py
[2025-03-01T02:34:37.084+0000] {processor.py:925} INFO - DAG(s) 'example_short_circuit_decorator' retrieved from /home/airflow/.local/lib/python3.12/site-packages/airflow/example_dags/example_short_circuit_decorator.py
[2025-03-01T02:34:37.125+0000] {logging_mixin.py:190} INFO - [2025-03-01T02:34:37.124+0000] {dag.py:3239} INFO - Sync 1 DAGs
[2025-03-01T02:34:37.150+0000] {logging_mixin.py:190} INFO - [2025-03-01T02:34:37.149+0000] {dag.py:4180} INFO - Setting next_dagrun for example_short_circuit_decorator to None, run_after=None
[2025-03-01T02:34:37.181+0000] {processor.py:208} INFO - Processing /home/airflow/.local/lib/python3.12/site-packages/airflow/example_dags/example_short_circuit_decorator.py took 0.127 seconds
[2025-03-01T02:35:07.411+0000] {processor.py:186} INFO - Started process (PID=2227) to work on /home/airflow/.local/lib/python3.12/site-packages/airflow/example_dags/example_short_circuit_decorator.py
[2025-03-01T02:35:07.413+0000] {processor.py:914} INFO - Processing file /home/airflow/.local/lib/python3.12/site-packages/airflow/example_dags/example_short_circuit_decorator.py for tasks to queue
[2025-03-01T02:35:07.416+0000] {logging_mixin.py:190} INFO - [2025-03-01T02:35:07.416+0000] {dagbag.py:588} INFO - Filling up the DagBag from /home/airflow/.local/lib/python3.12/site-packages/airflow/example_dags/example_short_circuit_decorator.py
[2025-03-01T02:35:07.431+0000] {processor.py:925} INFO - DAG(s) 'example_short_circuit_decorator' retrieved from /home/airflow/.local/lib/python3.12/site-packages/airflow/example_dags/example_short_circuit_decorator.py
[2025-03-01T02:35:07.469+0000] {logging_mixin.py:190} INFO - [2025-03-01T02:35:07.469+0000] {dag.py:3239} INFO - Sync 1 DAGs
[2025-03-01T02:35:07.497+0000] {logging_mixin.py:190} INFO - [2025-03-01T02:35:07.496+0000] {dag.py:4180} INFO - Setting next_dagrun for example_short_circuit_decorator to None, run_after=None
[2025-03-01T02:35:07.530+0000] {processor.py:208} INFO - Processing /home/airflow/.local/lib/python3.12/site-packages/airflow/example_dags/example_short_circuit_decorator.py took 0.127 seconds
[2025-03-01T02:35:37.705+0000] {processor.py:186} INFO - Started process (PID=2292) to work on /home/airflow/.local/lib/python3.12/site-packages/airflow/example_dags/example_short_circuit_decorator.py
[2025-03-01T02:35:37.706+0000] {processor.py:914} INFO - Processing file /home/airflow/.local/lib/python3.12/site-packages/airflow/example_dags/example_short_circuit_decorator.py for tasks to queue
[2025-03-01T02:35:37.710+0000] {logging_mixin.py:190} INFO - [2025-03-01T02:35:37.710+0000] {dagbag.py:588} INFO - Filling up the DagBag from /home/airflow/.local/lib/python3.12/site-packages/airflow/example_dags/example_short_circuit_decorator.py
[2025-03-01T02:35:37.727+0000] {processor.py:925} INFO - DAG(s) 'example_short_circuit_decorator' retrieved from /home/airflow/.local/lib/python3.12/site-packages/airflow/example_dags/example_short_circuit_decorator.py
[2025-03-01T02:35:37.767+0000] {logging_mixin.py:190} INFO - [2025-03-01T02:35:37.767+0000] {dag.py:3239} INFO - Sync 1 DAGs
[2025-03-01T02:35:37.790+0000] {logging_mixin.py:190} INFO - [2025-03-01T02:35:37.790+0000] {dag.py:4180} INFO - Setting next_dagrun for example_short_circuit_decorator to None, run_after=None
[2025-03-01T02:35:37.826+0000] {processor.py:208} INFO - Processing /home/airflow/.local/lib/python3.12/site-packages/airflow/example_dags/example_short_circuit_decorator.py took 0.130 seconds
[2025-03-01T02:36:07.964+0000] {processor.py:186} INFO - Started process (PID=2357) to work on /home/airflow/.local/lib/python3.12/site-packages/airflow/example_dags/example_short_circuit_decorator.py
[2025-03-01T02:36:07.966+0000] {processor.py:914} INFO - Processing file /home/airflow/.local/lib/python3.12/site-packages/airflow/example_dags/example_short_circuit_decorator.py for tasks to queue
[2025-03-01T02:36:07.969+0000] {logging_mixin.py:190} INFO - [2025-03-01T02:36:07.969+0000] {dagbag.py:588} INFO - Filling up the DagBag from /home/airflow/.local/lib/python3.12/site-packages/airflow/example_dags/example_short_circuit_decorator.py
[2025-03-01T02:36:07.982+0000] {processor.py:925} INFO - DAG(s) 'example_short_circuit_decorator' retrieved from /home/airflow/.local/lib/python3.12/site-packages/airflow/example_dags/example_short_circuit_decorator.py
[2025-03-01T02:36:08.018+0000] {logging_mixin.py:190} INFO - [2025-03-01T02:36:08.018+0000] {dag.py:3239} INFO - Sync 1 DAGs
[2025-03-01T02:36:08.043+0000] {logging_mixin.py:190} INFO - [2025-03-01T02:36:08.043+0000] {dag.py:4180} INFO - Setting next_dagrun for example_short_circuit_decorator to None, run_after=None
[2025-03-01T02:36:08.078+0000] {processor.py:208} INFO - Processing /home/airflow/.local/lib/python3.12/site-packages/airflow/example_dags/example_short_circuit_decorator.py took 0.120 seconds
[2025-03-01T02:36:38.786+0000] {processor.py:186} INFO - Started process (PID=2423) to work on /home/airflow/.local/lib/python3.12/site-packages/airflow/example_dags/example_short_circuit_decorator.py
[2025-03-01T02:36:38.788+0000] {processor.py:914} INFO - Processing file /home/airflow/.local/lib/python3.12/site-packages/airflow/example_dags/example_short_circuit_decorator.py for tasks to queue
[2025-03-01T02:36:38.811+0000] {logging_mixin.py:190} INFO - [2025-03-01T02:36:38.810+0000] {dagbag.py:588} INFO - Filling up the DagBag from /home/airflow/.local/lib/python3.12/site-packages/airflow/example_dags/example_short_circuit_decorator.py
[2025-03-01T02:36:38.853+0000] {processor.py:925} INFO - DAG(s) 'example_short_circuit_decorator' retrieved from /home/airflow/.local/lib/python3.12/site-packages/airflow/example_dags/example_short_circuit_decorator.py
[2025-03-01T02:36:38.905+0000] {logging_mixin.py:190} INFO - [2025-03-01T02:36:38.904+0000] {dag.py:3239} INFO - Sync 1 DAGs
[2025-03-01T02:36:38.931+0000] {logging_mixin.py:190} INFO - [2025-03-01T02:36:38.931+0000] {dag.py:4180} INFO - Setting next_dagrun for example_short_circuit_decorator to None, run_after=None
[2025-03-01T02:36:38.966+0000] {processor.py:208} INFO - Processing /home/airflow/.local/lib/python3.12/site-packages/airflow/example_dags/example_short_circuit_decorator.py took 0.196 seconds
[2025-03-01T02:37:09.583+0000] {processor.py:186} INFO - Started process (PID=2488) to work on /home/airflow/.local/lib/python3.12/site-packages/airflow/example_dags/example_short_circuit_decorator.py
[2025-03-01T02:37:09.584+0000] {processor.py:914} INFO - Processing file /home/airflow/.local/lib/python3.12/site-packages/airflow/example_dags/example_short_circuit_decorator.py for tasks to queue
[2025-03-01T02:37:09.590+0000] {logging_mixin.py:190} INFO - [2025-03-01T02:37:09.589+0000] {dagbag.py:588} INFO - Filling up the DagBag from /home/airflow/.local/lib/python3.12/site-packages/airflow/example_dags/example_short_circuit_decorator.py
[2025-03-01T02:37:09.609+0000] {processor.py:925} INFO - DAG(s) 'example_short_circuit_decorator' retrieved from /home/airflow/.local/lib/python3.12/site-packages/airflow/example_dags/example_short_circuit_decorator.py
[2025-03-01T02:37:09.641+0000] {logging_mixin.py:190} INFO - [2025-03-01T02:37:09.640+0000] {dag.py:3239} INFO - Sync 1 DAGs
[2025-03-01T02:37:09.916+0000] {logging_mixin.py:190} INFO - [2025-03-01T02:37:09.916+0000] {dag.py:4180} INFO - Setting next_dagrun for example_short_circuit_decorator to None, run_after=None
[2025-03-01T02:37:09.943+0000] {processor.py:208} INFO - Processing /home/airflow/.local/lib/python3.12/site-packages/airflow/example_dags/example_short_circuit_decorator.py took 0.369 seconds
[2025-03-01T02:37:40.476+0000] {processor.py:186} INFO - Started process (PID=2552) to work on /home/airflow/.local/lib/python3.12/site-packages/airflow/example_dags/example_short_circuit_decorator.py
[2025-03-01T02:37:40.477+0000] {processor.py:914} INFO - Processing file /home/airflow/.local/lib/python3.12/site-packages/airflow/example_dags/example_short_circuit_decorator.py for tasks to queue
[2025-03-01T02:37:40.481+0000] {logging_mixin.py:190} INFO - [2025-03-01T02:37:40.480+0000] {dagbag.py:588} INFO - Filling up the DagBag from /home/airflow/.local/lib/python3.12/site-packages/airflow/example_dags/example_short_circuit_decorator.py
[2025-03-01T02:37:40.497+0000] {processor.py:925} INFO - DAG(s) 'example_short_circuit_decorator' retrieved from /home/airflow/.local/lib/python3.12/site-packages/airflow/example_dags/example_short_circuit_decorator.py
[2025-03-01T02:37:40.534+0000] {logging_mixin.py:190} INFO - [2025-03-01T02:37:40.534+0000] {dag.py:3239} INFO - Sync 1 DAGs
[2025-03-01T02:37:40.558+0000] {logging_mixin.py:190} INFO - [2025-03-01T02:37:40.558+0000] {dag.py:4180} INFO - Setting next_dagrun for example_short_circuit_decorator to None, run_after=None
[2025-03-01T02:37:40.594+0000] {processor.py:208} INFO - Processing /home/airflow/.local/lib/python3.12/site-packages/airflow/example_dags/example_short_circuit_decorator.py took 0.127 seconds
[2025-03-01T02:38:10.767+0000] {processor.py:186} INFO - Started process (PID=2617) to work on /home/airflow/.local/lib/python3.12/site-packages/airflow/example_dags/example_short_circuit_decorator.py
[2025-03-01T02:38:10.769+0000] {processor.py:914} INFO - Processing file /home/airflow/.local/lib/python3.12/site-packages/airflow/example_dags/example_short_circuit_decorator.py for tasks to queue
[2025-03-01T02:38:10.772+0000] {logging_mixin.py:190} INFO - [2025-03-01T02:38:10.772+0000] {dagbag.py:588} INFO - Filling up the DagBag from /home/airflow/.local/lib/python3.12/site-packages/airflow/example_dags/example_short_circuit_decorator.py
[2025-03-01T02:38:10.785+0000] {processor.py:925} INFO - DAG(s) 'example_short_circuit_decorator' retrieved from /home/airflow/.local/lib/python3.12/site-packages/airflow/example_dags/example_short_circuit_decorator.py
[2025-03-01T02:38:10.817+0000] {logging_mixin.py:190} INFO - [2025-03-01T02:38:10.816+0000] {dag.py:3239} INFO - Sync 1 DAGs
[2025-03-01T02:38:10.839+0000] {logging_mixin.py:190} INFO - [2025-03-01T02:38:10.838+0000] {dag.py:4180} INFO - Setting next_dagrun for example_short_circuit_decorator to None, run_after=None
[2025-03-01T02:38:10.870+0000] {processor.py:208} INFO - Processing /home/airflow/.local/lib/python3.12/site-packages/airflow/example_dags/example_short_circuit_decorator.py took 0.110 seconds
[2025-03-01T02:38:41.554+0000] {processor.py:186} INFO - Started process (PID=2675) to work on /home/airflow/.local/lib/python3.12/site-packages/airflow/example_dags/example_short_circuit_decorator.py
[2025-03-01T02:38:41.556+0000] {processor.py:914} INFO - Processing file /home/airflow/.local/lib/python3.12/site-packages/airflow/example_dags/example_short_circuit_decorator.py for tasks to queue
[2025-03-01T02:38:41.562+0000] {logging_mixin.py:190} INFO - [2025-03-01T02:38:41.561+0000] {dagbag.py:588} INFO - Filling up the DagBag from /home/airflow/.local/lib/python3.12/site-packages/airflow/example_dags/example_short_circuit_decorator.py
[2025-03-01T02:38:41.578+0000] {processor.py:925} INFO - DAG(s) 'example_short_circuit_decorator' retrieved from /home/airflow/.local/lib/python3.12/site-packages/airflow/example_dags/example_short_circuit_decorator.py
[2025-03-01T02:38:41.617+0000] {logging_mixin.py:190} INFO - [2025-03-01T02:38:41.616+0000] {dag.py:3239} INFO - Sync 1 DAGs
[2025-03-01T02:38:41.639+0000] {logging_mixin.py:190} INFO - [2025-03-01T02:38:41.639+0000] {dag.py:4180} INFO - Setting next_dagrun for example_short_circuit_decorator to None, run_after=None
[2025-03-01T02:38:41.678+0000] {processor.py:208} INFO - Processing /home/airflow/.local/lib/python3.12/site-packages/airflow/example_dags/example_short_circuit_decorator.py took 0.133 seconds
[2025-03-01T02:39:13.140+0000] {processor.py:186} INFO - Started process (PID=2733) to work on /home/airflow/.local/lib/python3.12/site-packages/airflow/example_dags/example_short_circuit_decorator.py
[2025-03-01T02:39:13.142+0000] {processor.py:914} INFO - Processing file /home/airflow/.local/lib/python3.12/site-packages/airflow/example_dags/example_short_circuit_decorator.py for tasks to queue
[2025-03-01T02:39:13.147+0000] {logging_mixin.py:190} INFO - [2025-03-01T02:39:13.146+0000] {dagbag.py:588} INFO - Filling up the DagBag from /home/airflow/.local/lib/python3.12/site-packages/airflow/example_dags/example_short_circuit_decorator.py
[2025-03-01T02:39:13.165+0000] {processor.py:925} INFO - DAG(s) 'example_short_circuit_decorator' retrieved from /home/airflow/.local/lib/python3.12/site-packages/airflow/example_dags/example_short_circuit_decorator.py
[2025-03-01T02:39:13.208+0000] {logging_mixin.py:190} INFO - [2025-03-01T02:39:13.207+0000] {dag.py:3239} INFO - Sync 1 DAGs
[2025-03-01T02:39:13.508+0000] {logging_mixin.py:190} INFO - [2025-03-01T02:39:13.508+0000] {dag.py:4180} INFO - Setting next_dagrun for example_short_circuit_decorator to None, run_after=None
[2025-03-01T02:39:13.547+0000] {processor.py:208} INFO - Processing /home/airflow/.local/lib/python3.12/site-packages/airflow/example_dags/example_short_circuit_decorator.py took 0.413 seconds
[2025-03-01T02:39:43.934+0000] {processor.py:186} INFO - Started process (PID=2797) to work on /home/airflow/.local/lib/python3.12/site-packages/airflow/example_dags/example_short_circuit_decorator.py
[2025-03-01T02:39:43.936+0000] {processor.py:914} INFO - Processing file /home/airflow/.local/lib/python3.12/site-packages/airflow/example_dags/example_short_circuit_decorator.py for tasks to queue
[2025-03-01T02:39:43.939+0000] {logging_mixin.py:190} INFO - [2025-03-01T02:39:43.938+0000] {dagbag.py:588} INFO - Filling up the DagBag from /home/airflow/.local/lib/python3.12/site-packages/airflow/example_dags/example_short_circuit_decorator.py
[2025-03-01T02:39:43.967+0000] {processor.py:925} INFO - DAG(s) 'example_short_circuit_decorator' retrieved from /home/airflow/.local/lib/python3.12/site-packages/airflow/example_dags/example_short_circuit_decorator.py
[2025-03-01T02:39:44.036+0000] {logging_mixin.py:190} INFO - [2025-03-01T02:39:44.035+0000] {dag.py:3239} INFO - Sync 1 DAGs
[2025-03-01T02:39:44.095+0000] {logging_mixin.py:190} INFO - [2025-03-01T02:39:44.094+0000] {dag.py:4180} INFO - Setting next_dagrun for example_short_circuit_decorator to None, run_after=None
[2025-03-01T02:39:44.168+0000] {processor.py:208} INFO - Processing /home/airflow/.local/lib/python3.12/site-packages/airflow/example_dags/example_short_circuit_decorator.py took 0.249 seconds
[2025-03-01T02:40:14.453+0000] {processor.py:186} INFO - Started process (PID=2862) to work on /home/airflow/.local/lib/python3.12/site-packages/airflow/example_dags/example_short_circuit_decorator.py
[2025-03-01T02:40:14.455+0000] {processor.py:914} INFO - Processing file /home/airflow/.local/lib/python3.12/site-packages/airflow/example_dags/example_short_circuit_decorator.py for tasks to queue
[2025-03-01T02:40:14.459+0000] {logging_mixin.py:190} INFO - [2025-03-01T02:40:14.458+0000] {dagbag.py:588} INFO - Filling up the DagBag from /home/airflow/.local/lib/python3.12/site-packages/airflow/example_dags/example_short_circuit_decorator.py
[2025-03-01T02:40:14.490+0000] {processor.py:925} INFO - DAG(s) 'example_short_circuit_decorator' retrieved from /home/airflow/.local/lib/python3.12/site-packages/airflow/example_dags/example_short_circuit_decorator.py
[2025-03-01T02:40:14.540+0000] {logging_mixin.py:190} INFO - [2025-03-01T02:40:14.539+0000] {dag.py:3239} INFO - Sync 1 DAGs
[2025-03-01T02:40:14.570+0000] {logging_mixin.py:190} INFO - [2025-03-01T02:40:14.570+0000] {dag.py:4180} INFO - Setting next_dagrun for example_short_circuit_decorator to None, run_after=None
[2025-03-01T02:40:14.611+0000] {processor.py:208} INFO - Processing /home/airflow/.local/lib/python3.12/site-packages/airflow/example_dags/example_short_circuit_decorator.py took 0.176 seconds
[2025-03-01T02:40:44.873+0000] {processor.py:186} INFO - Started process (PID=2928) to work on /home/airflow/.local/lib/python3.12/site-packages/airflow/example_dags/example_short_circuit_decorator.py
[2025-03-01T02:40:44.874+0000] {processor.py:914} INFO - Processing file /home/airflow/.local/lib/python3.12/site-packages/airflow/example_dags/example_short_circuit_decorator.py for tasks to queue
[2025-03-01T02:40:44.876+0000] {logging_mixin.py:190} INFO - [2025-03-01T02:40:44.876+0000] {dagbag.py:588} INFO - Filling up the DagBag from /home/airflow/.local/lib/python3.12/site-packages/airflow/example_dags/example_short_circuit_decorator.py
[2025-03-01T02:40:44.892+0000] {processor.py:925} INFO - DAG(s) 'example_short_circuit_decorator' retrieved from /home/airflow/.local/lib/python3.12/site-packages/airflow/example_dags/example_short_circuit_decorator.py
[2025-03-01T02:40:44.934+0000] {logging_mixin.py:190} INFO - [2025-03-01T02:40:44.933+0000] {dag.py:3239} INFO - Sync 1 DAGs
[2025-03-01T02:40:44.962+0000] {logging_mixin.py:190} INFO - [2025-03-01T02:40:44.962+0000] {dag.py:4180} INFO - Setting next_dagrun for example_short_circuit_decorator to None, run_after=None
[2025-03-01T02:40:45.009+0000] {processor.py:208} INFO - Processing /home/airflow/.local/lib/python3.12/site-packages/airflow/example_dags/example_short_circuit_decorator.py took 0.145 seconds
[2025-03-01T02:41:15.819+0000] {processor.py:186} INFO - Started process (PID=2993) to work on /home/airflow/.local/lib/python3.12/site-packages/airflow/example_dags/example_short_circuit_decorator.py
[2025-03-01T02:41:15.823+0000] {processor.py:914} INFO - Processing file /home/airflow/.local/lib/python3.12/site-packages/airflow/example_dags/example_short_circuit_decorator.py for tasks to queue
[2025-03-01T02:41:15.826+0000] {logging_mixin.py:190} INFO - [2025-03-01T02:41:15.825+0000] {dagbag.py:588} INFO - Filling up the DagBag from /home/airflow/.local/lib/python3.12/site-packages/airflow/example_dags/example_short_circuit_decorator.py
[2025-03-01T02:41:15.843+0000] {processor.py:925} INFO - DAG(s) 'example_short_circuit_decorator' retrieved from /home/airflow/.local/lib/python3.12/site-packages/airflow/example_dags/example_short_circuit_decorator.py
[2025-03-01T02:41:15.879+0000] {logging_mixin.py:190} INFO - [2025-03-01T02:41:15.878+0000] {dag.py:3239} INFO - Sync 1 DAGs
[2025-03-01T02:41:15.904+0000] {logging_mixin.py:190} INFO - [2025-03-01T02:41:15.904+0000] {dag.py:4180} INFO - Setting next_dagrun for example_short_circuit_decorator to None, run_after=None
[2025-03-01T02:41:15.945+0000] {processor.py:208} INFO - Processing /home/airflow/.local/lib/python3.12/site-packages/airflow/example_dags/example_short_circuit_decorator.py took 0.134 seconds
[2025-03-01T02:41:46.950+0000] {processor.py:186} INFO - Started process (PID=3058) to work on /home/airflow/.local/lib/python3.12/site-packages/airflow/example_dags/example_short_circuit_decorator.py
[2025-03-01T02:41:46.952+0000] {processor.py:914} INFO - Processing file /home/airflow/.local/lib/python3.12/site-packages/airflow/example_dags/example_short_circuit_decorator.py for tasks to queue
[2025-03-01T02:41:46.956+0000] {logging_mixin.py:190} INFO - [2025-03-01T02:41:46.955+0000] {dagbag.py:588} INFO - Filling up the DagBag from /home/airflow/.local/lib/python3.12/site-packages/airflow/example_dags/example_short_circuit_decorator.py
[2025-03-01T02:41:46.995+0000] {processor.py:925} INFO - DAG(s) 'example_short_circuit_decorator' retrieved from /home/airflow/.local/lib/python3.12/site-packages/airflow/example_dags/example_short_circuit_decorator.py
[2025-03-01T02:41:47.038+0000] {logging_mixin.py:190} INFO - [2025-03-01T02:41:47.037+0000] {dag.py:3239} INFO - Sync 1 DAGs
[2025-03-01T02:41:47.063+0000] {logging_mixin.py:190} INFO - [2025-03-01T02:41:47.063+0000] {dag.py:4180} INFO - Setting next_dagrun for example_short_circuit_decorator to None, run_after=None
[2025-03-01T02:41:47.102+0000] {processor.py:208} INFO - Processing /home/airflow/.local/lib/python3.12/site-packages/airflow/example_dags/example_short_circuit_decorator.py took 0.161 seconds
[2025-03-01T02:42:17.528+0000] {processor.py:186} INFO - Started process (PID=3123) to work on /home/airflow/.local/lib/python3.12/site-packages/airflow/example_dags/example_short_circuit_decorator.py
[2025-03-01T02:42:17.530+0000] {processor.py:914} INFO - Processing file /home/airflow/.local/lib/python3.12/site-packages/airflow/example_dags/example_short_circuit_decorator.py for tasks to queue
[2025-03-01T02:42:17.532+0000] {logging_mixin.py:190} INFO - [2025-03-01T02:42:17.532+0000] {dagbag.py:588} INFO - Filling up the DagBag from /home/airflow/.local/lib/python3.12/site-packages/airflow/example_dags/example_short_circuit_decorator.py
[2025-03-01T02:42:17.578+0000] {processor.py:925} INFO - DAG(s) 'example_short_circuit_decorator' retrieved from /home/airflow/.local/lib/python3.12/site-packages/airflow/example_dags/example_short_circuit_decorator.py
[2025-03-01T02:42:17.662+0000] {logging_mixin.py:190} INFO - [2025-03-01T02:42:17.662+0000] {dag.py:3239} INFO - Sync 1 DAGs
[2025-03-01T02:42:17.728+0000] {logging_mixin.py:190} INFO - [2025-03-01T02:42:17.727+0000] {dag.py:4180} INFO - Setting next_dagrun for example_short_circuit_decorator to None, run_after=None
[2025-03-01T02:42:17.789+0000] {processor.py:208} INFO - Processing /home/airflow/.local/lib/python3.12/site-packages/airflow/example_dags/example_short_circuit_decorator.py took 0.268 seconds
[2025-03-01T02:42:48.438+0000] {processor.py:186} INFO - Started process (PID=3197) to work on /home/airflow/.local/lib/python3.12/site-packages/airflow/example_dags/example_short_circuit_decorator.py
[2025-03-01T02:42:48.439+0000] {processor.py:914} INFO - Processing file /home/airflow/.local/lib/python3.12/site-packages/airflow/example_dags/example_short_circuit_decorator.py for tasks to queue
[2025-03-01T02:42:48.441+0000] {logging_mixin.py:190} INFO - [2025-03-01T02:42:48.441+0000] {dagbag.py:588} INFO - Filling up the DagBag from /home/airflow/.local/lib/python3.12/site-packages/airflow/example_dags/example_short_circuit_decorator.py
[2025-03-01T02:42:48.456+0000] {processor.py:925} INFO - DAG(s) 'example_short_circuit_decorator' retrieved from /home/airflow/.local/lib/python3.12/site-packages/airflow/example_dags/example_short_circuit_decorator.py
[2025-03-01T02:42:48.494+0000] {logging_mixin.py:190} INFO - [2025-03-01T02:42:48.494+0000] {dag.py:3239} INFO - Sync 1 DAGs
[2025-03-01T02:42:48.518+0000] {logging_mixin.py:190} INFO - [2025-03-01T02:42:48.518+0000] {dag.py:4180} INFO - Setting next_dagrun for example_short_circuit_decorator to None, run_after=None
[2025-03-01T02:42:48.557+0000] {processor.py:208} INFO - Processing /home/airflow/.local/lib/python3.12/site-packages/airflow/example_dags/example_short_circuit_decorator.py took 0.128 seconds
[2025-03-01T02:43:19.518+0000] {processor.py:186} INFO - Started process (PID=3262) to work on /home/airflow/.local/lib/python3.12/site-packages/airflow/example_dags/example_short_circuit_decorator.py
[2025-03-01T02:43:19.520+0000] {processor.py:914} INFO - Processing file /home/airflow/.local/lib/python3.12/site-packages/airflow/example_dags/example_short_circuit_decorator.py for tasks to queue
[2025-03-01T02:43:19.523+0000] {logging_mixin.py:190} INFO - [2025-03-01T02:43:19.523+0000] {dagbag.py:588} INFO - Filling up the DagBag from /home/airflow/.local/lib/python3.12/site-packages/airflow/example_dags/example_short_circuit_decorator.py
[2025-03-01T02:43:19.544+0000] {processor.py:925} INFO - DAG(s) 'example_short_circuit_decorator' retrieved from /home/airflow/.local/lib/python3.12/site-packages/airflow/example_dags/example_short_circuit_decorator.py
[2025-03-01T02:43:19.584+0000] {logging_mixin.py:190} INFO - [2025-03-01T02:43:19.583+0000] {dag.py:3239} INFO - Sync 1 DAGs
[2025-03-01T02:43:19.612+0000] {logging_mixin.py:190} INFO - [2025-03-01T02:43:19.612+0000] {dag.py:4180} INFO - Setting next_dagrun for example_short_circuit_decorator to None, run_after=None
[2025-03-01T02:43:19.652+0000] {processor.py:208} INFO - Processing /home/airflow/.local/lib/python3.12/site-packages/airflow/example_dags/example_short_circuit_decorator.py took 0.144 seconds
[2025-03-01T02:43:50.086+0000] {processor.py:186} INFO - Started process (PID=3327) to work on /home/airflow/.local/lib/python3.12/site-packages/airflow/example_dags/example_short_circuit_decorator.py
[2025-03-01T02:43:50.088+0000] {processor.py:914} INFO - Processing file /home/airflow/.local/lib/python3.12/site-packages/airflow/example_dags/example_short_circuit_decorator.py for tasks to queue
[2025-03-01T02:43:50.091+0000] {logging_mixin.py:190} INFO - [2025-03-01T02:43:50.091+0000] {dagbag.py:588} INFO - Filling up the DagBag from /home/airflow/.local/lib/python3.12/site-packages/airflow/example_dags/example_short_circuit_decorator.py
[2025-03-01T02:43:50.113+0000] {processor.py:925} INFO - DAG(s) 'example_short_circuit_decorator' retrieved from /home/airflow/.local/lib/python3.12/site-packages/airflow/example_dags/example_short_circuit_decorator.py
[2025-03-01T02:43:50.192+0000] {logging_mixin.py:190} INFO - [2025-03-01T02:43:50.191+0000] {dag.py:3239} INFO - Sync 1 DAGs
[2025-03-01T02:43:50.244+0000] {logging_mixin.py:190} INFO - [2025-03-01T02:43:50.243+0000] {dag.py:4180} INFO - Setting next_dagrun for example_short_circuit_decorator to None, run_after=None
[2025-03-01T02:43:50.327+0000] {processor.py:208} INFO - Processing /home/airflow/.local/lib/python3.12/site-packages/airflow/example_dags/example_short_circuit_decorator.py took 0.250 seconds
[2025-03-01T02:44:20.813+0000] {processor.py:186} INFO - Started process (PID=3392) to work on /home/airflow/.local/lib/python3.12/site-packages/airflow/example_dags/example_short_circuit_decorator.py
[2025-03-01T02:44:20.816+0000] {processor.py:914} INFO - Processing file /home/airflow/.local/lib/python3.12/site-packages/airflow/example_dags/example_short_circuit_decorator.py for tasks to queue
[2025-03-01T02:44:20.819+0000] {logging_mixin.py:190} INFO - [2025-03-01T02:44:20.818+0000] {dagbag.py:588} INFO - Filling up the DagBag from /home/airflow/.local/lib/python3.12/site-packages/airflow/example_dags/example_short_circuit_decorator.py
[2025-03-01T02:44:20.890+0000] {processor.py:925} INFO - DAG(s) 'example_short_circuit_decorator' retrieved from /home/airflow/.local/lib/python3.12/site-packages/airflow/example_dags/example_short_circuit_decorator.py
[2025-03-01T02:44:20.974+0000] {logging_mixin.py:190} INFO - [2025-03-01T02:44:20.973+0000] {dag.py:3239} INFO - Sync 1 DAGs
[2025-03-01T02:44:21.040+0000] {logging_mixin.py:190} INFO - [2025-03-01T02:44:21.040+0000] {dag.py:4180} INFO - Setting next_dagrun for example_short_circuit_decorator to None, run_after=None
[2025-03-01T02:44:21.135+0000] {processor.py:208} INFO - Processing /home/airflow/.local/lib/python3.12/site-packages/airflow/example_dags/example_short_circuit_decorator.py took 0.341 seconds
[2025-03-01T02:44:51.625+0000] {processor.py:186} INFO - Started process (PID=3456) to work on /home/airflow/.local/lib/python3.12/site-packages/airflow/example_dags/example_short_circuit_decorator.py
[2025-03-01T02:44:51.627+0000] {processor.py:914} INFO - Processing file /home/airflow/.local/lib/python3.12/site-packages/airflow/example_dags/example_short_circuit_decorator.py for tasks to queue
[2025-03-01T02:44:51.630+0000] {logging_mixin.py:190} INFO - [2025-03-01T02:44:51.629+0000] {dagbag.py:588} INFO - Filling up the DagBag from /home/airflow/.local/lib/python3.12/site-packages/airflow/example_dags/example_short_circuit_decorator.py
[2025-03-01T02:44:51.651+0000] {processor.py:925} INFO - DAG(s) 'example_short_circuit_decorator' retrieved from /home/airflow/.local/lib/python3.12/site-packages/airflow/example_dags/example_short_circuit_decorator.py
[2025-03-01T02:44:51.700+0000] {logging_mixin.py:190} INFO - [2025-03-01T02:44:51.699+0000] {dag.py:3239} INFO - Sync 1 DAGs
[2025-03-01T02:44:51.731+0000] {logging_mixin.py:190} INFO - [2025-03-01T02:44:51.730+0000] {dag.py:4180} INFO - Setting next_dagrun for example_short_circuit_decorator to None, run_after=None
[2025-03-01T02:44:51.769+0000] {processor.py:208} INFO - Processing /home/airflow/.local/lib/python3.12/site-packages/airflow/example_dags/example_short_circuit_decorator.py took 0.156 seconds
[2025-03-01T02:45:22.475+0000] {processor.py:186} INFO - Started process (PID=3521) to work on /home/airflow/.local/lib/python3.12/site-packages/airflow/example_dags/example_short_circuit_decorator.py
[2025-03-01T02:45:22.477+0000] {processor.py:914} INFO - Processing file /home/airflow/.local/lib/python3.12/site-packages/airflow/example_dags/example_short_circuit_decorator.py for tasks to queue
[2025-03-01T02:45:22.479+0000] {logging_mixin.py:190} INFO - [2025-03-01T02:45:22.478+0000] {dagbag.py:588} INFO - Filling up the DagBag from /home/airflow/.local/lib/python3.12/site-packages/airflow/example_dags/example_short_circuit_decorator.py
[2025-03-01T02:45:22.500+0000] {processor.py:925} INFO - DAG(s) 'example_short_circuit_decorator' retrieved from /home/airflow/.local/lib/python3.12/site-packages/airflow/example_dags/example_short_circuit_decorator.py
[2025-03-01T02:45:22.543+0000] {logging_mixin.py:190} INFO - [2025-03-01T02:45:22.542+0000] {dag.py:3239} INFO - Sync 1 DAGs
[2025-03-01T02:45:22.566+0000] {logging_mixin.py:190} INFO - [2025-03-01T02:45:22.565+0000] {dag.py:4180} INFO - Setting next_dagrun for example_short_circuit_decorator to None, run_after=None
[2025-03-01T02:45:22.602+0000] {processor.py:208} INFO - Processing /home/airflow/.local/lib/python3.12/site-packages/airflow/example_dags/example_short_circuit_decorator.py took 0.135 seconds
[2025-03-01T02:45:52.980+0000] {processor.py:186} INFO - Started process (PID=3585) to work on /home/airflow/.local/lib/python3.12/site-packages/airflow/example_dags/example_short_circuit_decorator.py
[2025-03-01T02:45:52.983+0000] {processor.py:914} INFO - Processing file /home/airflow/.local/lib/python3.12/site-packages/airflow/example_dags/example_short_circuit_decorator.py for tasks to queue
[2025-03-01T02:45:52.987+0000] {logging_mixin.py:190} INFO - [2025-03-01T02:45:52.986+0000] {dagbag.py:588} INFO - Filling up the DagBag from /home/airflow/.local/lib/python3.12/site-packages/airflow/example_dags/example_short_circuit_decorator.py
[2025-03-01T02:45:53.007+0000] {processor.py:925} INFO - DAG(s) 'example_short_circuit_decorator' retrieved from /home/airflow/.local/lib/python3.12/site-packages/airflow/example_dags/example_short_circuit_decorator.py
[2025-03-01T02:45:53.051+0000] {logging_mixin.py:190} INFO - [2025-03-01T02:45:53.050+0000] {dag.py:3239} INFO - Sync 1 DAGs
[2025-03-01T02:45:53.078+0000] {logging_mixin.py:190} INFO - [2025-03-01T02:45:53.077+0000] {dag.py:4180} INFO - Setting next_dagrun for example_short_circuit_decorator to None, run_after=None
[2025-03-01T02:45:53.116+0000] {processor.py:208} INFO - Processing /home/airflow/.local/lib/python3.12/site-packages/airflow/example_dags/example_short_circuit_decorator.py took 0.145 seconds
[2025-03-01T02:46:23.401+0000] {processor.py:186} INFO - Started process (PID=3650) to work on /home/airflow/.local/lib/python3.12/site-packages/airflow/example_dags/example_short_circuit_decorator.py
[2025-03-01T02:46:23.403+0000] {processor.py:914} INFO - Processing file /home/airflow/.local/lib/python3.12/site-packages/airflow/example_dags/example_short_circuit_decorator.py for tasks to queue
[2025-03-01T02:46:23.407+0000] {logging_mixin.py:190} INFO - [2025-03-01T02:46:23.406+0000] {dagbag.py:588} INFO - Filling up the DagBag from /home/airflow/.local/lib/python3.12/site-packages/airflow/example_dags/example_short_circuit_decorator.py
[2025-03-01T02:46:23.428+0000] {processor.py:925} INFO - DAG(s) 'example_short_circuit_decorator' retrieved from /home/airflow/.local/lib/python3.12/site-packages/airflow/example_dags/example_short_circuit_decorator.py
[2025-03-01T02:46:23.467+0000] {logging_mixin.py:190} INFO - [2025-03-01T02:46:23.467+0000] {dag.py:3239} INFO - Sync 1 DAGs
[2025-03-01T02:46:23.491+0000] {logging_mixin.py:190} INFO - [2025-03-01T02:46:23.491+0000] {dag.py:4180} INFO - Setting next_dagrun for example_short_circuit_decorator to None, run_after=None
[2025-03-01T02:46:23.527+0000] {processor.py:208} INFO - Processing /home/airflow/.local/lib/python3.12/site-packages/airflow/example_dags/example_short_circuit_decorator.py took 0.137 seconds
[2025-03-01T02:46:54.125+0000] {processor.py:186} INFO - Started process (PID=3715) to work on /home/airflow/.local/lib/python3.12/site-packages/airflow/example_dags/example_short_circuit_decorator.py
[2025-03-01T02:46:54.127+0000] {processor.py:914} INFO - Processing file /home/airflow/.local/lib/python3.12/site-packages/airflow/example_dags/example_short_circuit_decorator.py for tasks to queue
[2025-03-01T02:46:54.129+0000] {logging_mixin.py:190} INFO - [2025-03-01T02:46:54.128+0000] {dagbag.py:588} INFO - Filling up the DagBag from /home/airflow/.local/lib/python3.12/site-packages/airflow/example_dags/example_short_circuit_decorator.py
[2025-03-01T02:46:54.146+0000] {processor.py:925} INFO - DAG(s) 'example_short_circuit_decorator' retrieved from /home/airflow/.local/lib/python3.12/site-packages/airflow/example_dags/example_short_circuit_decorator.py
[2025-03-01T02:46:54.186+0000] {logging_mixin.py:190} INFO - [2025-03-01T02:46:54.185+0000] {dag.py:3239} INFO - Sync 1 DAGs
[2025-03-01T02:46:54.221+0000] {logging_mixin.py:190} INFO - [2025-03-01T02:46:54.220+0000] {dag.py:4180} INFO - Setting next_dagrun for example_short_circuit_decorator to None, run_after=None
[2025-03-01T02:46:54.265+0000] {processor.py:208} INFO - Processing /home/airflow/.local/lib/python3.12/site-packages/airflow/example_dags/example_short_circuit_decorator.py took 0.147 seconds
[2025-03-01T02:47:24.919+0000] {processor.py:186} INFO - Started process (PID=3780) to work on /home/airflow/.local/lib/python3.12/site-packages/airflow/example_dags/example_short_circuit_decorator.py
[2025-03-01T02:47:24.921+0000] {processor.py:914} INFO - Processing file /home/airflow/.local/lib/python3.12/site-packages/airflow/example_dags/example_short_circuit_decorator.py for tasks to queue
[2025-03-01T02:47:24.924+0000] {logging_mixin.py:190} INFO - [2025-03-01T02:47:24.923+0000] {dagbag.py:588} INFO - Filling up the DagBag from /home/airflow/.local/lib/python3.12/site-packages/airflow/example_dags/example_short_circuit_decorator.py
[2025-03-01T02:47:24.944+0000] {processor.py:925} INFO - DAG(s) 'example_short_circuit_decorator' retrieved from /home/airflow/.local/lib/python3.12/site-packages/airflow/example_dags/example_short_circuit_decorator.py
[2025-03-01T02:47:25.040+0000] {logging_mixin.py:190} INFO - [2025-03-01T02:47:25.040+0000] {dag.py:3239} INFO - Sync 1 DAGs
[2025-03-01T02:47:25.086+0000] {logging_mixin.py:190} INFO - [2025-03-01T02:47:25.086+0000] {dag.py:4180} INFO - Setting next_dagrun for example_short_circuit_decorator to None, run_after=None
[2025-03-01T02:47:25.124+0000] {processor.py:208} INFO - Processing /home/airflow/.local/lib/python3.12/site-packages/airflow/example_dags/example_short_circuit_decorator.py took 0.215 seconds
[2025-03-01T02:47:55.716+0000] {processor.py:186} INFO - Started process (PID=3851) to work on /home/airflow/.local/lib/python3.12/site-packages/airflow/example_dags/example_short_circuit_decorator.py
[2025-03-01T02:47:55.718+0000] {processor.py:914} INFO - Processing file /home/airflow/.local/lib/python3.12/site-packages/airflow/example_dags/example_short_circuit_decorator.py for tasks to queue
[2025-03-01T02:47:55.723+0000] {logging_mixin.py:190} INFO - [2025-03-01T02:47:55.722+0000] {dagbag.py:588} INFO - Filling up the DagBag from /home/airflow/.local/lib/python3.12/site-packages/airflow/example_dags/example_short_circuit_decorator.py
[2025-03-01T02:47:55.753+0000] {processor.py:925} INFO - DAG(s) 'example_short_circuit_decorator' retrieved from /home/airflow/.local/lib/python3.12/site-packages/airflow/example_dags/example_short_circuit_decorator.py
[2025-03-01T02:47:55.858+0000] {logging_mixin.py:190} INFO - [2025-03-01T02:47:55.857+0000] {dag.py:3239} INFO - Sync 1 DAGs
[2025-03-01T02:47:55.911+0000] {logging_mixin.py:190} INFO - [2025-03-01T02:47:55.911+0000] {dag.py:4180} INFO - Setting next_dagrun for example_short_circuit_decorator to None, run_after=None
[2025-03-01T02:47:55.946+0000] {processor.py:208} INFO - Processing /home/airflow/.local/lib/python3.12/site-packages/airflow/example_dags/example_short_circuit_decorator.py took 0.249 seconds
[2025-03-01T02:48:26.309+0000] {processor.py:186} INFO - Started process (PID=3917) to work on /home/airflow/.local/lib/python3.12/site-packages/airflow/example_dags/example_short_circuit_decorator.py
[2025-03-01T02:48:26.312+0000] {processor.py:914} INFO - Processing file /home/airflow/.local/lib/python3.12/site-packages/airflow/example_dags/example_short_circuit_decorator.py for tasks to queue
[2025-03-01T02:48:26.317+0000] {logging_mixin.py:190} INFO - [2025-03-01T02:48:26.316+0000] {dagbag.py:588} INFO - Filling up the DagBag from /home/airflow/.local/lib/python3.12/site-packages/airflow/example_dags/example_short_circuit_decorator.py
[2025-03-01T02:48:26.343+0000] {processor.py:925} INFO - DAG(s) 'example_short_circuit_decorator' retrieved from /home/airflow/.local/lib/python3.12/site-packages/airflow/example_dags/example_short_circuit_decorator.py
[2025-03-01T02:48:26.395+0000] {logging_mixin.py:190} INFO - [2025-03-01T02:48:26.394+0000] {dag.py:3239} INFO - Sync 1 DAGs
[2025-03-01T02:48:26.425+0000] {logging_mixin.py:190} INFO - [2025-03-01T02:48:26.424+0000] {dag.py:4180} INFO - Setting next_dagrun for example_short_circuit_decorator to None, run_after=None
[2025-03-01T02:48:26.489+0000] {processor.py:208} INFO - Processing /home/airflow/.local/lib/python3.12/site-packages/airflow/example_dags/example_short_circuit_decorator.py took 0.193 seconds
[2025-03-01T02:48:56.682+0000] {processor.py:186} INFO - Started process (PID=3983) to work on /home/airflow/.local/lib/python3.12/site-packages/airflow/example_dags/example_short_circuit_decorator.py
[2025-03-01T02:48:56.683+0000] {processor.py:914} INFO - Processing file /home/airflow/.local/lib/python3.12/site-packages/airflow/example_dags/example_short_circuit_decorator.py for tasks to queue
[2025-03-01T02:48:56.685+0000] {logging_mixin.py:190} INFO - [2025-03-01T02:48:56.685+0000] {dagbag.py:588} INFO - Filling up the DagBag from /home/airflow/.local/lib/python3.12/site-packages/airflow/example_dags/example_short_circuit_decorator.py
[2025-03-01T02:48:56.698+0000] {processor.py:925} INFO - DAG(s) 'example_short_circuit_decorator' retrieved from /home/airflow/.local/lib/python3.12/site-packages/airflow/example_dags/example_short_circuit_decorator.py
[2025-03-01T02:48:56.729+0000] {logging_mixin.py:190} INFO - [2025-03-01T02:48:56.729+0000] {dag.py:3239} INFO - Sync 1 DAGs
[2025-03-01T02:48:56.749+0000] {logging_mixin.py:190} INFO - [2025-03-01T02:48:56.749+0000] {dag.py:4180} INFO - Setting next_dagrun for example_short_circuit_decorator to None, run_after=None
[2025-03-01T02:48:56.779+0000] {processor.py:208} INFO - Processing /home/airflow/.local/lib/python3.12/site-packages/airflow/example_dags/example_short_circuit_decorator.py took 0.105 seconds
[2025-03-01T02:49:26.991+0000] {processor.py:186} INFO - Started process (PID=4049) to work on /home/airflow/.local/lib/python3.12/site-packages/airflow/example_dags/example_short_circuit_decorator.py
[2025-03-01T02:49:26.993+0000] {processor.py:914} INFO - Processing file /home/airflow/.local/lib/python3.12/site-packages/airflow/example_dags/example_short_circuit_decorator.py for tasks to queue
[2025-03-01T02:49:26.996+0000] {logging_mixin.py:190} INFO - [2025-03-01T02:49:26.995+0000] {dagbag.py:588} INFO - Filling up the DagBag from /home/airflow/.local/lib/python3.12/site-packages/airflow/example_dags/example_short_circuit_decorator.py
[2025-03-01T02:49:27.014+0000] {processor.py:925} INFO - DAG(s) 'example_short_circuit_decorator' retrieved from /home/airflow/.local/lib/python3.12/site-packages/airflow/example_dags/example_short_circuit_decorator.py
[2025-03-01T02:49:27.053+0000] {logging_mixin.py:190} INFO - [2025-03-01T02:49:27.053+0000] {dag.py:3239} INFO - Sync 1 DAGs
[2025-03-01T02:49:27.081+0000] {logging_mixin.py:190} INFO - [2025-03-01T02:49:27.081+0000] {dag.py:4180} INFO - Setting next_dagrun for example_short_circuit_decorator to None, run_after=None
[2025-03-01T02:49:27.128+0000] {processor.py:208} INFO - Processing /home/airflow/.local/lib/python3.12/site-packages/airflow/example_dags/example_short_circuit_decorator.py took 0.147 seconds
[2025-03-01T02:49:57.956+0000] {processor.py:186} INFO - Started process (PID=4115) to work on /home/airflow/.local/lib/python3.12/site-packages/airflow/example_dags/example_short_circuit_decorator.py
[2025-03-01T02:49:57.957+0000] {processor.py:914} INFO - Processing file /home/airflow/.local/lib/python3.12/site-packages/airflow/example_dags/example_short_circuit_decorator.py for tasks to queue
[2025-03-01T02:49:57.960+0000] {logging_mixin.py:190} INFO - [2025-03-01T02:49:57.959+0000] {dagbag.py:588} INFO - Filling up the DagBag from /home/airflow/.local/lib/python3.12/site-packages/airflow/example_dags/example_short_circuit_decorator.py
[2025-03-01T02:49:57.983+0000] {processor.py:925} INFO - DAG(s) 'example_short_circuit_decorator' retrieved from /home/airflow/.local/lib/python3.12/site-packages/airflow/example_dags/example_short_circuit_decorator.py
[2025-03-01T02:49:58.023+0000] {logging_mixin.py:190} INFO - [2025-03-01T02:49:58.022+0000] {dag.py:3239} INFO - Sync 1 DAGs
[2025-03-01T02:49:58.049+0000] {logging_mixin.py:190} INFO - [2025-03-01T02:49:58.049+0000] {dag.py:4180} INFO - Setting next_dagrun for example_short_circuit_decorator to None, run_after=None
[2025-03-01T02:49:58.111+0000] {processor.py:208} INFO - Processing /home/airflow/.local/lib/python3.12/site-packages/airflow/example_dags/example_short_circuit_decorator.py took 0.165 seconds
[2025-03-01T02:50:28.919+0000] {processor.py:186} INFO - Started process (PID=4181) to work on /home/airflow/.local/lib/python3.12/site-packages/airflow/example_dags/example_short_circuit_decorator.py
[2025-03-01T02:50:28.921+0000] {processor.py:914} INFO - Processing file /home/airflow/.local/lib/python3.12/site-packages/airflow/example_dags/example_short_circuit_decorator.py for tasks to queue
[2025-03-01T02:50:28.924+0000] {logging_mixin.py:190} INFO - [2025-03-01T02:50:28.923+0000] {dagbag.py:588} INFO - Filling up the DagBag from /home/airflow/.local/lib/python3.12/site-packages/airflow/example_dags/example_short_circuit_decorator.py
[2025-03-01T02:50:28.941+0000] {processor.py:925} INFO - DAG(s) 'example_short_circuit_decorator' retrieved from /home/airflow/.local/lib/python3.12/site-packages/airflow/example_dags/example_short_circuit_decorator.py
[2025-03-01T02:50:28.985+0000] {logging_mixin.py:190} INFO - [2025-03-01T02:50:28.985+0000] {dag.py:3239} INFO - Sync 1 DAGs
[2025-03-01T02:50:29.012+0000] {logging_mixin.py:190} INFO - [2025-03-01T02:50:29.011+0000] {dag.py:4180} INFO - Setting next_dagrun for example_short_circuit_decorator to None, run_after=None
[2025-03-01T02:50:29.046+0000] {processor.py:208} INFO - Processing /home/airflow/.local/lib/python3.12/site-packages/airflow/example_dags/example_short_circuit_decorator.py took 0.136 seconds
[2025-03-01T02:50:59.564+0000] {processor.py:186} INFO - Started process (PID=4244) to work on /home/airflow/.local/lib/python3.12/site-packages/airflow/example_dags/example_short_circuit_decorator.py
[2025-03-01T02:50:59.565+0000] {processor.py:914} INFO - Processing file /home/airflow/.local/lib/python3.12/site-packages/airflow/example_dags/example_short_circuit_decorator.py for tasks to queue
[2025-03-01T02:50:59.567+0000] {logging_mixin.py:190} INFO - [2025-03-01T02:50:59.567+0000] {dagbag.py:588} INFO - Filling up the DagBag from /home/airflow/.local/lib/python3.12/site-packages/airflow/example_dags/example_short_circuit_decorator.py
[2025-03-01T02:50:59.582+0000] {processor.py:925} INFO - DAG(s) 'example_short_circuit_decorator' retrieved from /home/airflow/.local/lib/python3.12/site-packages/airflow/example_dags/example_short_circuit_decorator.py
[2025-03-01T02:50:59.625+0000] {logging_mixin.py:190} INFO - [2025-03-01T02:50:59.625+0000] {dag.py:3239} INFO - Sync 1 DAGs
[2025-03-01T02:50:59.652+0000] {logging_mixin.py:190} INFO - [2025-03-01T02:50:59.651+0000] {dag.py:4180} INFO - Setting next_dagrun for example_short_circuit_decorator to None, run_after=None
[2025-03-01T02:50:59.691+0000] {processor.py:208} INFO - Processing /home/airflow/.local/lib/python3.12/site-packages/airflow/example_dags/example_short_circuit_decorator.py took 0.134 seconds
[2025-03-01T02:51:29.958+0000] {processor.py:186} INFO - Started process (PID=4309) to work on /home/airflow/.local/lib/python3.12/site-packages/airflow/example_dags/example_short_circuit_decorator.py
[2025-03-01T02:51:29.961+0000] {processor.py:914} INFO - Processing file /home/airflow/.local/lib/python3.12/site-packages/airflow/example_dags/example_short_circuit_decorator.py for tasks to queue
[2025-03-01T02:51:29.965+0000] {logging_mixin.py:190} INFO - [2025-03-01T02:51:29.963+0000] {dagbag.py:588} INFO - Filling up the DagBag from /home/airflow/.local/lib/python3.12/site-packages/airflow/example_dags/example_short_circuit_decorator.py
[2025-03-01T02:51:29.986+0000] {processor.py:925} INFO - DAG(s) 'example_short_circuit_decorator' retrieved from /home/airflow/.local/lib/python3.12/site-packages/airflow/example_dags/example_short_circuit_decorator.py
[2025-03-01T02:51:30.031+0000] {logging_mixin.py:190} INFO - [2025-03-01T02:51:30.031+0000] {dag.py:3239} INFO - Sync 1 DAGs
[2025-03-01T02:51:30.059+0000] {logging_mixin.py:190} INFO - [2025-03-01T02:51:30.058+0000] {dag.py:4180} INFO - Setting next_dagrun for example_short_circuit_decorator to None, run_after=None
[2025-03-01T02:51:30.109+0000] {processor.py:208} INFO - Processing /home/airflow/.local/lib/python3.12/site-packages/airflow/example_dags/example_short_circuit_decorator.py took 0.168 seconds
[2025-03-01T02:52:00.308+0000] {processor.py:186} INFO - Started process (PID=4374) to work on /home/airflow/.local/lib/python3.12/site-packages/airflow/example_dags/example_short_circuit_decorator.py
[2025-03-01T02:52:00.310+0000] {processor.py:914} INFO - Processing file /home/airflow/.local/lib/python3.12/site-packages/airflow/example_dags/example_short_circuit_decorator.py for tasks to queue
[2025-03-01T02:52:00.312+0000] {logging_mixin.py:190} INFO - [2025-03-01T02:52:00.312+0000] {dagbag.py:588} INFO - Filling up the DagBag from /home/airflow/.local/lib/python3.12/site-packages/airflow/example_dags/example_short_circuit_decorator.py
[2025-03-01T02:52:00.331+0000] {processor.py:925} INFO - DAG(s) 'example_short_circuit_decorator' retrieved from /home/airflow/.local/lib/python3.12/site-packages/airflow/example_dags/example_short_circuit_decorator.py
[2025-03-01T02:52:00.375+0000] {logging_mixin.py:190} INFO - [2025-03-01T02:52:00.374+0000] {dag.py:3239} INFO - Sync 1 DAGs
[2025-03-01T02:52:00.399+0000] {logging_mixin.py:190} INFO - [2025-03-01T02:52:00.399+0000] {dag.py:4180} INFO - Setting next_dagrun for example_short_circuit_decorator to None, run_after=None
[2025-03-01T02:52:00.435+0000] {processor.py:208} INFO - Processing /home/airflow/.local/lib/python3.12/site-packages/airflow/example_dags/example_short_circuit_decorator.py took 0.139 seconds
[2025-03-01T02:52:30.932+0000] {processor.py:186} INFO - Started process (PID=4439) to work on /home/airflow/.local/lib/python3.12/site-packages/airflow/example_dags/example_short_circuit_decorator.py
[2025-03-01T02:52:30.934+0000] {processor.py:914} INFO - Processing file /home/airflow/.local/lib/python3.12/site-packages/airflow/example_dags/example_short_circuit_decorator.py for tasks to queue
[2025-03-01T02:52:30.936+0000] {logging_mixin.py:190} INFO - [2025-03-01T02:52:30.935+0000] {dagbag.py:588} INFO - Filling up the DagBag from /home/airflow/.local/lib/python3.12/site-packages/airflow/example_dags/example_short_circuit_decorator.py
[2025-03-01T02:52:30.952+0000] {processor.py:925} INFO - DAG(s) 'example_short_circuit_decorator' retrieved from /home/airflow/.local/lib/python3.12/site-packages/airflow/example_dags/example_short_circuit_decorator.py
[2025-03-01T02:52:30.992+0000] {logging_mixin.py:190} INFO - [2025-03-01T02:52:30.991+0000] {dag.py:3239} INFO - Sync 1 DAGs
[2025-03-01T02:52:31.017+0000] {logging_mixin.py:190} INFO - [2025-03-01T02:52:31.016+0000] {dag.py:4180} INFO - Setting next_dagrun for example_short_circuit_decorator to None, run_after=None
[2025-03-01T02:52:31.054+0000] {processor.py:208} INFO - Processing /home/airflow/.local/lib/python3.12/site-packages/airflow/example_dags/example_short_circuit_decorator.py took 0.128 seconds
[2025-03-01T02:53:01.621+0000] {processor.py:186} INFO - Started process (PID=4504) to work on /home/airflow/.local/lib/python3.12/site-packages/airflow/example_dags/example_short_circuit_decorator.py
[2025-03-01T02:53:01.624+0000] {processor.py:914} INFO - Processing file /home/airflow/.local/lib/python3.12/site-packages/airflow/example_dags/example_short_circuit_decorator.py for tasks to queue
[2025-03-01T02:53:01.627+0000] {logging_mixin.py:190} INFO - [2025-03-01T02:53:01.626+0000] {dagbag.py:588} INFO - Filling up the DagBag from /home/airflow/.local/lib/python3.12/site-packages/airflow/example_dags/example_short_circuit_decorator.py
[2025-03-01T02:53:01.646+0000] {processor.py:925} INFO - DAG(s) 'example_short_circuit_decorator' retrieved from /home/airflow/.local/lib/python3.12/site-packages/airflow/example_dags/example_short_circuit_decorator.py
[2025-03-01T02:53:01.691+0000] {logging_mixin.py:190} INFO - [2025-03-01T02:53:01.690+0000] {dag.py:3239} INFO - Sync 1 DAGs
[2025-03-01T02:53:01.718+0000] {logging_mixin.py:190} INFO - [2025-03-01T02:53:01.717+0000] {dag.py:4180} INFO - Setting next_dagrun for example_short_circuit_decorator to None, run_after=None
[2025-03-01T02:53:01.750+0000] {processor.py:208} INFO - Processing /home/airflow/.local/lib/python3.12/site-packages/airflow/example_dags/example_short_circuit_decorator.py took 0.138 seconds
[2025-03-01T02:53:31.962+0000] {processor.py:186} INFO - Started process (PID=4569) to work on /home/airflow/.local/lib/python3.12/site-packages/airflow/example_dags/example_short_circuit_decorator.py
[2025-03-01T02:53:31.965+0000] {processor.py:914} INFO - Processing file /home/airflow/.local/lib/python3.12/site-packages/airflow/example_dags/example_short_circuit_decorator.py for tasks to queue
[2025-03-01T02:53:31.968+0000] {logging_mixin.py:190} INFO - [2025-03-01T02:53:31.967+0000] {dagbag.py:588} INFO - Filling up the DagBag from /home/airflow/.local/lib/python3.12/site-packages/airflow/example_dags/example_short_circuit_decorator.py
[2025-03-01T02:53:31.987+0000] {processor.py:925} INFO - DAG(s) 'example_short_circuit_decorator' retrieved from /home/airflow/.local/lib/python3.12/site-packages/airflow/example_dags/example_short_circuit_decorator.py
[2025-03-01T02:53:32.052+0000] {logging_mixin.py:190} INFO - [2025-03-01T02:53:32.052+0000] {dag.py:3239} INFO - Sync 1 DAGs
[2025-03-01T02:53:32.089+0000] {logging_mixin.py:190} INFO - [2025-03-01T02:53:32.088+0000] {dag.py:4180} INFO - Setting next_dagrun for example_short_circuit_decorator to None, run_after=None
[2025-03-01T02:53:32.131+0000] {processor.py:208} INFO - Processing /home/airflow/.local/lib/python3.12/site-packages/airflow/example_dags/example_short_circuit_decorator.py took 0.181 seconds
[2025-03-01T02:54:02.677+0000] {processor.py:186} INFO - Started process (PID=4634) to work on /home/airflow/.local/lib/python3.12/site-packages/airflow/example_dags/example_short_circuit_decorator.py
[2025-03-01T02:54:02.680+0000] {processor.py:914} INFO - Processing file /home/airflow/.local/lib/python3.12/site-packages/airflow/example_dags/example_short_circuit_decorator.py for tasks to queue
[2025-03-01T02:54:02.684+0000] {logging_mixin.py:190} INFO - [2025-03-01T02:54:02.683+0000] {dagbag.py:588} INFO - Filling up the DagBag from /home/airflow/.local/lib/python3.12/site-packages/airflow/example_dags/example_short_circuit_decorator.py
[2025-03-01T02:54:02.706+0000] {processor.py:925} INFO - DAG(s) 'example_short_circuit_decorator' retrieved from /home/airflow/.local/lib/python3.12/site-packages/airflow/example_dags/example_short_circuit_decorator.py
[2025-03-01T02:54:02.743+0000] {logging_mixin.py:190} INFO - [2025-03-01T02:54:02.742+0000] {dag.py:3239} INFO - Sync 1 DAGs
[2025-03-01T02:54:02.766+0000] {logging_mixin.py:190} INFO - [2025-03-01T02:54:02.765+0000] {dag.py:4180} INFO - Setting next_dagrun for example_short_circuit_decorator to None, run_after=None
[2025-03-01T02:54:02.806+0000] {processor.py:208} INFO - Processing /home/airflow/.local/lib/python3.12/site-packages/airflow/example_dags/example_short_circuit_decorator.py took 0.141 seconds
[2025-03-01T02:54:33.097+0000] {processor.py:186} INFO - Started process (PID=4699) to work on /home/airflow/.local/lib/python3.12/site-packages/airflow/example_dags/example_short_circuit_decorator.py
[2025-03-01T02:54:33.099+0000] {processor.py:914} INFO - Processing file /home/airflow/.local/lib/python3.12/site-packages/airflow/example_dags/example_short_circuit_decorator.py for tasks to queue
[2025-03-01T02:54:33.103+0000] {logging_mixin.py:190} INFO - [2025-03-01T02:54:33.102+0000] {dagbag.py:588} INFO - Filling up the DagBag from /home/airflow/.local/lib/python3.12/site-packages/airflow/example_dags/example_short_circuit_decorator.py
[2025-03-01T02:54:33.125+0000] {processor.py:925} INFO - DAG(s) 'example_short_circuit_decorator' retrieved from /home/airflow/.local/lib/python3.12/site-packages/airflow/example_dags/example_short_circuit_decorator.py
[2025-03-01T02:54:33.230+0000] {logging_mixin.py:190} INFO - [2025-03-01T02:54:33.230+0000] {dag.py:3239} INFO - Sync 1 DAGs
[2025-03-01T02:54:33.279+0000] {logging_mixin.py:190} INFO - [2025-03-01T02:54:33.279+0000] {dag.py:4180} INFO - Setting next_dagrun for example_short_circuit_decorator to None, run_after=None
[2025-03-01T02:54:33.333+0000] {processor.py:208} INFO - Processing /home/airflow/.local/lib/python3.12/site-packages/airflow/example_dags/example_short_circuit_decorator.py took 0.248 seconds
[2025-03-01T02:55:04.002+0000] {processor.py:186} INFO - Started process (PID=4764) to work on /home/airflow/.local/lib/python3.12/site-packages/airflow/example_dags/example_short_circuit_decorator.py
[2025-03-01T02:55:04.004+0000] {processor.py:914} INFO - Processing file /home/airflow/.local/lib/python3.12/site-packages/airflow/example_dags/example_short_circuit_decorator.py for tasks to queue
[2025-03-01T02:55:04.007+0000] {logging_mixin.py:190} INFO - [2025-03-01T02:55:04.006+0000] {dagbag.py:588} INFO - Filling up the DagBag from /home/airflow/.local/lib/python3.12/site-packages/airflow/example_dags/example_short_circuit_decorator.py
[2025-03-01T02:55:04.026+0000] {processor.py:925} INFO - DAG(s) 'example_short_circuit_decorator' retrieved from /home/airflow/.local/lib/python3.12/site-packages/airflow/example_dags/example_short_circuit_decorator.py
[2025-03-01T02:55:04.076+0000] {logging_mixin.py:190} INFO - [2025-03-01T02:55:04.075+0000] {dag.py:3239} INFO - Sync 1 DAGs
[2025-03-01T02:55:04.112+0000] {logging_mixin.py:190} INFO - [2025-03-01T02:55:04.111+0000] {dag.py:4180} INFO - Setting next_dagrun for example_short_circuit_decorator to None, run_after=None
[2025-03-01T02:55:04.161+0000] {processor.py:208} INFO - Processing /home/airflow/.local/lib/python3.12/site-packages/airflow/example_dags/example_short_circuit_decorator.py took 0.170 seconds
[2025-03-01T02:55:34.338+0000] {processor.py:186} INFO - Started process (PID=4829) to work on /home/airflow/.local/lib/python3.12/site-packages/airflow/example_dags/example_short_circuit_decorator.py
[2025-03-01T02:55:34.340+0000] {processor.py:914} INFO - Processing file /home/airflow/.local/lib/python3.12/site-packages/airflow/example_dags/example_short_circuit_decorator.py for tasks to queue
[2025-03-01T02:55:34.343+0000] {logging_mixin.py:190} INFO - [2025-03-01T02:55:34.342+0000] {dagbag.py:588} INFO - Filling up the DagBag from /home/airflow/.local/lib/python3.12/site-packages/airflow/example_dags/example_short_circuit_decorator.py
[2025-03-01T02:55:34.359+0000] {processor.py:925} INFO - DAG(s) 'example_short_circuit_decorator' retrieved from /home/airflow/.local/lib/python3.12/site-packages/airflow/example_dags/example_short_circuit_decorator.py
[2025-03-01T02:55:34.399+0000] {logging_mixin.py:190} INFO - [2025-03-01T02:55:34.399+0000] {dag.py:3239} INFO - Sync 1 DAGs
[2025-03-01T02:55:34.421+0000] {logging_mixin.py:190} INFO - [2025-03-01T02:55:34.420+0000] {dag.py:4180} INFO - Setting next_dagrun for example_short_circuit_decorator to None, run_after=None
[2025-03-01T02:55:34.454+0000] {processor.py:208} INFO - Processing /home/airflow/.local/lib/python3.12/site-packages/airflow/example_dags/example_short_circuit_decorator.py took 0.124 seconds
[2025-03-01T02:56:04.975+0000] {processor.py:186} INFO - Started process (PID=4894) to work on /home/airflow/.local/lib/python3.12/site-packages/airflow/example_dags/example_short_circuit_decorator.py
[2025-03-01T02:56:04.977+0000] {processor.py:914} INFO - Processing file /home/airflow/.local/lib/python3.12/site-packages/airflow/example_dags/example_short_circuit_decorator.py for tasks to queue
[2025-03-01T02:56:04.980+0000] {logging_mixin.py:190} INFO - [2025-03-01T02:56:04.979+0000] {dagbag.py:588} INFO - Filling up the DagBag from /home/airflow/.local/lib/python3.12/site-packages/airflow/example_dags/example_short_circuit_decorator.py
[2025-03-01T02:56:05.000+0000] {processor.py:925} INFO - DAG(s) 'example_short_circuit_decorator' retrieved from /home/airflow/.local/lib/python3.12/site-packages/airflow/example_dags/example_short_circuit_decorator.py
[2025-03-01T02:56:05.044+0000] {logging_mixin.py:190} INFO - [2025-03-01T02:56:05.044+0000] {dag.py:3239} INFO - Sync 1 DAGs
[2025-03-01T02:56:05.079+0000] {logging_mixin.py:190} INFO - [2025-03-01T02:56:05.078+0000] {dag.py:4180} INFO - Setting next_dagrun for example_short_circuit_decorator to None, run_after=None
[2025-03-01T02:56:05.130+0000] {processor.py:208} INFO - Processing /home/airflow/.local/lib/python3.12/site-packages/airflow/example_dags/example_short_circuit_decorator.py took 0.165 seconds
[2025-03-01T02:56:36.004+0000] {processor.py:186} INFO - Started process (PID=4959) to work on /home/airflow/.local/lib/python3.12/site-packages/airflow/example_dags/example_short_circuit_decorator.py
[2025-03-01T02:56:36.006+0000] {processor.py:914} INFO - Processing file /home/airflow/.local/lib/python3.12/site-packages/airflow/example_dags/example_short_circuit_decorator.py for tasks to queue
[2025-03-01T02:56:36.010+0000] {logging_mixin.py:190} INFO - [2025-03-01T02:56:36.009+0000] {dagbag.py:588} INFO - Filling up the DagBag from /home/airflow/.local/lib/python3.12/site-packages/airflow/example_dags/example_short_circuit_decorator.py
[2025-03-01T02:56:36.032+0000] {processor.py:925} INFO - DAG(s) 'example_short_circuit_decorator' retrieved from /home/airflow/.local/lib/python3.12/site-packages/airflow/example_dags/example_short_circuit_decorator.py
[2025-03-01T02:56:36.072+0000] {logging_mixin.py:190} INFO - [2025-03-01T02:56:36.071+0000] {dag.py:3239} INFO - Sync 1 DAGs
[2025-03-01T02:56:36.094+0000] {logging_mixin.py:190} INFO - [2025-03-01T02:56:36.093+0000] {dag.py:4180} INFO - Setting next_dagrun for example_short_circuit_decorator to None, run_after=None
[2025-03-01T02:56:36.134+0000] {processor.py:208} INFO - Processing /home/airflow/.local/lib/python3.12/site-packages/airflow/example_dags/example_short_circuit_decorator.py took 0.141 seconds
[2025-03-01T02:57:06.606+0000] {processor.py:186} INFO - Started process (PID=5024) to work on /home/airflow/.local/lib/python3.12/site-packages/airflow/example_dags/example_short_circuit_decorator.py
[2025-03-01T02:57:06.608+0000] {processor.py:914} INFO - Processing file /home/airflow/.local/lib/python3.12/site-packages/airflow/example_dags/example_short_circuit_decorator.py for tasks to queue
[2025-03-01T02:57:06.610+0000] {logging_mixin.py:190} INFO - [2025-03-01T02:57:06.610+0000] {dagbag.py:588} INFO - Filling up the DagBag from /home/airflow/.local/lib/python3.12/site-packages/airflow/example_dags/example_short_circuit_decorator.py
[2025-03-01T02:57:06.626+0000] {processor.py:925} INFO - DAG(s) 'example_short_circuit_decorator' retrieved from /home/airflow/.local/lib/python3.12/site-packages/airflow/example_dags/example_short_circuit_decorator.py
[2025-03-01T02:57:06.661+0000] {logging_mixin.py:190} INFO - [2025-03-01T02:57:06.660+0000] {dag.py:3239} INFO - Sync 1 DAGs
[2025-03-01T02:57:06.689+0000] {logging_mixin.py:190} INFO - [2025-03-01T02:57:06.688+0000] {dag.py:4180} INFO - Setting next_dagrun for example_short_circuit_decorator to None, run_after=None
[2025-03-01T02:57:06.728+0000] {processor.py:208} INFO - Processing /home/airflow/.local/lib/python3.12/site-packages/airflow/example_dags/example_short_circuit_decorator.py took 0.131 seconds
[2025-03-01T02:57:37.064+0000] {processor.py:186} INFO - Started process (PID=5089) to work on /home/airflow/.local/lib/python3.12/site-packages/airflow/example_dags/example_short_circuit_decorator.py
[2025-03-01T02:57:37.066+0000] {processor.py:914} INFO - Processing file /home/airflow/.local/lib/python3.12/site-packages/airflow/example_dags/example_short_circuit_decorator.py for tasks to queue
[2025-03-01T02:57:37.069+0000] {logging_mixin.py:190} INFO - [2025-03-01T02:57:37.068+0000] {dagbag.py:588} INFO - Filling up the DagBag from /home/airflow/.local/lib/python3.12/site-packages/airflow/example_dags/example_short_circuit_decorator.py
[2025-03-01T02:57:37.090+0000] {processor.py:925} INFO - DAG(s) 'example_short_circuit_decorator' retrieved from /home/airflow/.local/lib/python3.12/site-packages/airflow/example_dags/example_short_circuit_decorator.py
[2025-03-01T02:57:37.128+0000] {logging_mixin.py:190} INFO - [2025-03-01T02:57:37.127+0000] {dag.py:3239} INFO - Sync 1 DAGs
[2025-03-01T02:57:37.150+0000] {logging_mixin.py:190} INFO - [2025-03-01T02:57:37.149+0000] {dag.py:4180} INFO - Setting next_dagrun for example_short_circuit_decorator to None, run_after=None
[2025-03-01T02:57:37.184+0000] {processor.py:208} INFO - Processing /home/airflow/.local/lib/python3.12/site-packages/airflow/example_dags/example_short_circuit_decorator.py took 0.130 seconds
[2025-03-01T02:58:07.940+0000] {processor.py:186} INFO - Started process (PID=5154) to work on /home/airflow/.local/lib/python3.12/site-packages/airflow/example_dags/example_short_circuit_decorator.py
[2025-03-01T02:58:07.943+0000] {processor.py:914} INFO - Processing file /home/airflow/.local/lib/python3.12/site-packages/airflow/example_dags/example_short_circuit_decorator.py for tasks to queue
[2025-03-01T02:58:07.945+0000] {logging_mixin.py:190} INFO - [2025-03-01T02:58:07.945+0000] {dagbag.py:588} INFO - Filling up the DagBag from /home/airflow/.local/lib/python3.12/site-packages/airflow/example_dags/example_short_circuit_decorator.py
[2025-03-01T02:58:07.987+0000] {processor.py:925} INFO - DAG(s) 'example_short_circuit_decorator' retrieved from /home/airflow/.local/lib/python3.12/site-packages/airflow/example_dags/example_short_circuit_decorator.py
[2025-03-01T02:58:08.053+0000] {logging_mixin.py:190} INFO - [2025-03-01T02:58:08.053+0000] {dag.py:3239} INFO - Sync 1 DAGs
[2025-03-01T02:58:08.096+0000] {logging_mixin.py:190} INFO - [2025-03-01T02:58:08.096+0000] {dag.py:4180} INFO - Setting next_dagrun for example_short_circuit_decorator to None, run_after=None
[2025-03-01T02:58:08.133+0000] {processor.py:208} INFO - Processing /home/airflow/.local/lib/python3.12/site-packages/airflow/example_dags/example_short_circuit_decorator.py took 0.206 seconds
[2025-03-01T05:55:57.467+0000] {processor.py:186} INFO - Started process (PID=5232) to work on /home/airflow/.local/lib/python3.12/site-packages/airflow/example_dags/example_short_circuit_decorator.py
[2025-03-01T05:55:57.472+0000] {processor.py:914} INFO - Processing file /home/airflow/.local/lib/python3.12/site-packages/airflow/example_dags/example_short_circuit_decorator.py for tasks to queue
[2025-03-01T05:55:57.491+0000] {logging_mixin.py:190} INFO - [2025-03-01T05:55:57.489+0000] {dagbag.py:588} INFO - Filling up the DagBag from /home/airflow/.local/lib/python3.12/site-packages/airflow/example_dags/example_short_circuit_decorator.py
[2025-03-01T05:55:57.599+0000] {processor.py:925} INFO - DAG(s) 'example_short_circuit_decorator' retrieved from /home/airflow/.local/lib/python3.12/site-packages/airflow/example_dags/example_short_circuit_decorator.py
[2025-03-01T05:55:57.727+0000] {logging_mixin.py:190} INFO - [2025-03-01T05:55:57.726+0000] {dag.py:3239} INFO - Sync 1 DAGs
[2025-03-01T05:55:57.802+0000] {logging_mixin.py:190} INFO - [2025-03-01T05:55:57.802+0000] {dag.py:4180} INFO - Setting next_dagrun for example_short_circuit_decorator to None, run_after=None
[2025-03-01T05:55:57.890+0000] {processor.py:208} INFO - Processing /home/airflow/.local/lib/python3.12/site-packages/airflow/example_dags/example_short_circuit_decorator.py took 0.485 seconds
[2025-03-01T05:56:28.067+0000] {processor.py:186} INFO - Started process (PID=5302) to work on /home/airflow/.local/lib/python3.12/site-packages/airflow/example_dags/example_short_circuit_decorator.py
[2025-03-01T05:56:28.069+0000] {processor.py:914} INFO - Processing file /home/airflow/.local/lib/python3.12/site-packages/airflow/example_dags/example_short_circuit_decorator.py for tasks to queue
[2025-03-01T05:56:28.072+0000] {logging_mixin.py:190} INFO - [2025-03-01T05:56:28.071+0000] {dagbag.py:588} INFO - Filling up the DagBag from /home/airflow/.local/lib/python3.12/site-packages/airflow/example_dags/example_short_circuit_decorator.py
[2025-03-01T05:56:28.091+0000] {processor.py:925} INFO - DAG(s) 'example_short_circuit_decorator' retrieved from /home/airflow/.local/lib/python3.12/site-packages/airflow/example_dags/example_short_circuit_decorator.py
[2025-03-01T05:56:28.133+0000] {logging_mixin.py:190} INFO - [2025-03-01T05:56:28.133+0000] {dag.py:3239} INFO - Sync 1 DAGs
[2025-03-01T05:56:28.160+0000] {logging_mixin.py:190} INFO - [2025-03-01T05:56:28.160+0000] {dag.py:4180} INFO - Setting next_dagrun for example_short_circuit_decorator to None, run_after=None
[2025-03-01T05:56:28.214+0000] {processor.py:208} INFO - Processing /home/airflow/.local/lib/python3.12/site-packages/airflow/example_dags/example_short_circuit_decorator.py took 0.157 seconds
[2025-03-01T05:56:58.559+0000] {processor.py:186} INFO - Started process (PID=5367) to work on /home/airflow/.local/lib/python3.12/site-packages/airflow/example_dags/example_short_circuit_decorator.py
[2025-03-01T05:56:58.564+0000] {processor.py:914} INFO - Processing file /home/airflow/.local/lib/python3.12/site-packages/airflow/example_dags/example_short_circuit_decorator.py for tasks to queue
[2025-03-01T05:56:58.568+0000] {logging_mixin.py:190} INFO - [2025-03-01T05:56:58.567+0000] {dagbag.py:588} INFO - Filling up the DagBag from /home/airflow/.local/lib/python3.12/site-packages/airflow/example_dags/example_short_circuit_decorator.py
[2025-03-01T05:56:58.599+0000] {processor.py:925} INFO - DAG(s) 'example_short_circuit_decorator' retrieved from /home/airflow/.local/lib/python3.12/site-packages/airflow/example_dags/example_short_circuit_decorator.py
[2025-03-01T05:56:58.660+0000] {logging_mixin.py:190} INFO - [2025-03-01T05:56:58.660+0000] {dag.py:3239} INFO - Sync 1 DAGs
[2025-03-01T05:56:58.694+0000] {logging_mixin.py:190} INFO - [2025-03-01T05:56:58.694+0000] {dag.py:4180} INFO - Setting next_dagrun for example_short_circuit_decorator to None, run_after=None
[2025-03-01T05:56:58.736+0000] {processor.py:208} INFO - Processing /home/airflow/.local/lib/python3.12/site-packages/airflow/example_dags/example_short_circuit_decorator.py took 0.194 seconds
[2025-03-01T05:57:29.032+0000] {processor.py:186} INFO - Started process (PID=5432) to work on /home/airflow/.local/lib/python3.12/site-packages/airflow/example_dags/example_short_circuit_decorator.py
[2025-03-01T05:57:29.034+0000] {processor.py:914} INFO - Processing file /home/airflow/.local/lib/python3.12/site-packages/airflow/example_dags/example_short_circuit_decorator.py for tasks to queue
[2025-03-01T05:57:29.037+0000] {logging_mixin.py:190} INFO - [2025-03-01T05:57:29.036+0000] {dagbag.py:588} INFO - Filling up the DagBag from /home/airflow/.local/lib/python3.12/site-packages/airflow/example_dags/example_short_circuit_decorator.py
[2025-03-01T05:57:29.054+0000] {processor.py:925} INFO - DAG(s) 'example_short_circuit_decorator' retrieved from /home/airflow/.local/lib/python3.12/site-packages/airflow/example_dags/example_short_circuit_decorator.py
[2025-03-01T05:57:29.092+0000] {logging_mixin.py:190} INFO - [2025-03-01T05:57:29.091+0000] {dag.py:3239} INFO - Sync 1 DAGs
[2025-03-01T05:57:29.118+0000] {logging_mixin.py:190} INFO - [2025-03-01T05:57:29.117+0000] {dag.py:4180} INFO - Setting next_dagrun for example_short_circuit_decorator to None, run_after=None
[2025-03-01T05:57:29.179+0000] {processor.py:208} INFO - Processing /home/airflow/.local/lib/python3.12/site-packages/airflow/example_dags/example_short_circuit_decorator.py took 0.156 seconds
[2025-03-01T05:57:59.939+0000] {processor.py:186} INFO - Started process (PID=5497) to work on /home/airflow/.local/lib/python3.12/site-packages/airflow/example_dags/example_short_circuit_decorator.py
[2025-03-01T05:57:59.941+0000] {processor.py:914} INFO - Processing file /home/airflow/.local/lib/python3.12/site-packages/airflow/example_dags/example_short_circuit_decorator.py for tasks to queue
[2025-03-01T05:57:59.944+0000] {logging_mixin.py:190} INFO - [2025-03-01T05:57:59.943+0000] {dagbag.py:588} INFO - Filling up the DagBag from /home/airflow/.local/lib/python3.12/site-packages/airflow/example_dags/example_short_circuit_decorator.py
[2025-03-01T05:57:59.974+0000] {processor.py:925} INFO - DAG(s) 'example_short_circuit_decorator' retrieved from /home/airflow/.local/lib/python3.12/site-packages/airflow/example_dags/example_short_circuit_decorator.py
[2025-03-01T05:58:00.042+0000] {logging_mixin.py:190} INFO - [2025-03-01T05:58:00.041+0000] {dag.py:3239} INFO - Sync 1 DAGs
[2025-03-01T05:58:00.085+0000] {logging_mixin.py:190} INFO - [2025-03-01T05:58:00.084+0000] {dag.py:4180} INFO - Setting next_dagrun for example_short_circuit_decorator to None, run_after=None
[2025-03-01T05:58:00.168+0000] {processor.py:208} INFO - Processing /home/airflow/.local/lib/python3.12/site-packages/airflow/example_dags/example_short_circuit_decorator.py took 0.239 seconds
[2025-03-01T05:58:31.322+0000] {processor.py:186} INFO - Started process (PID=5562) to work on /home/airflow/.local/lib/python3.12/site-packages/airflow/example_dags/example_short_circuit_decorator.py
[2025-03-01T05:58:31.324+0000] {processor.py:914} INFO - Processing file /home/airflow/.local/lib/python3.12/site-packages/airflow/example_dags/example_short_circuit_decorator.py for tasks to queue
[2025-03-01T05:58:31.327+0000] {logging_mixin.py:190} INFO - [2025-03-01T05:58:31.326+0000] {dagbag.py:588} INFO - Filling up the DagBag from /home/airflow/.local/lib/python3.12/site-packages/airflow/example_dags/example_short_circuit_decorator.py
[2025-03-01T05:58:31.351+0000] {processor.py:925} INFO - DAG(s) 'example_short_circuit_decorator' retrieved from /home/airflow/.local/lib/python3.12/site-packages/airflow/example_dags/example_short_circuit_decorator.py
[2025-03-01T05:58:31.409+0000] {logging_mixin.py:190} INFO - [2025-03-01T05:58:31.408+0000] {dag.py:3239} INFO - Sync 1 DAGs
[2025-03-01T05:58:31.439+0000] {logging_mixin.py:190} INFO - [2025-03-01T05:58:31.439+0000] {dag.py:4180} INFO - Setting next_dagrun for example_short_circuit_decorator to None, run_after=None
[2025-03-01T05:58:31.493+0000] {processor.py:208} INFO - Processing /home/airflow/.local/lib/python3.12/site-packages/airflow/example_dags/example_short_circuit_decorator.py took 0.180 seconds
