[2025-03-01T02:18:36.693+0000] {processor.py:186} INFO - Started process (PID=126) to work on /home/airflow/.local/lib/python3.12/site-packages/airflow/example_dags/tutorial_taskflow_templates.py
[2025-03-01T02:18:36.695+0000] {processor.py:914} INFO - Processing file /home/airflow/.local/lib/python3.12/site-packages/airflow/example_dags/tutorial_taskflow_templates.py for tasks to queue
[2025-03-01T02:18:36.700+0000] {logging_mixin.py:190} INFO - [2025-03-01T02:18:36.700+0000] {dagbag.py:588} INFO - Filling up the DagBag from /home/airflow/.local/lib/python3.12/site-packages/airflow/example_dags/tutorial_taskflow_templates.py
[2025-03-01T02:18:36.727+0000] {processor.py:925} INFO - DAG(s) 'tutorial_taskflow_templates' retrieved from /home/airflow/.local/lib/python3.12/site-packages/airflow/example_dags/tutorial_taskflow_templates.py
[2025-03-01T02:18:36.894+0000] {logging_mixin.py:190} INFO - [2025-03-01T02:18:36.892+0000] {override.py:1912} INFO - Created Permission View: can read on DAG:tutorial_taskflow_templates
[2025-03-01T02:18:36.916+0000] {logging_mixin.py:190} INFO - [2025-03-01T02:18:36.915+0000] {override.py:1912} INFO - Created Permission View: can delete on DAG:tutorial_taskflow_templates
[2025-03-01T02:18:36.931+0000] {logging_mixin.py:190} INFO - [2025-03-01T02:18:36.930+0000] {override.py:1912} INFO - Created Permission View: can edit on DAG:tutorial_taskflow_templates
[2025-03-01T02:18:36.948+0000] {logging_mixin.py:190} INFO - [2025-03-01T02:18:36.947+0000] {override.py:1912} INFO - Created Permission View: can read on DAG Run:tutorial_taskflow_templates
[2025-03-01T02:18:36.963+0000] {logging_mixin.py:190} INFO - [2025-03-01T02:18:36.962+0000] {override.py:1912} INFO - Created Permission View: can delete on DAG Run:tutorial_taskflow_templates
[2025-03-01T02:18:36.979+0000] {logging_mixin.py:190} INFO - [2025-03-01T02:18:36.979+0000] {override.py:1912} INFO - Created Permission View: menu access on DAG Run:tutorial_taskflow_templates
[2025-03-01T02:18:36.994+0000] {logging_mixin.py:190} INFO - [2025-03-01T02:18:36.994+0000] {override.py:1912} INFO - Created Permission View: can create on DAG Run:tutorial_taskflow_templates
[2025-03-01T02:18:36.995+0000] {logging_mixin.py:190} INFO - [2025-03-01T02:18:36.995+0000] {dag.py:3239} INFO - Sync 1 DAGs
[2025-03-01T02:18:37.015+0000] {logging_mixin.py:190} INFO - [2025-03-01T02:18:37.015+0000] {dag.py:3262} INFO - Creating ORM DAG for tutorial_taskflow_templates
[2025-03-01T02:18:37.032+0000] {logging_mixin.py:190} INFO - [2025-03-01T02:18:37.032+0000] {dag.py:4180} INFO - Setting next_dagrun for tutorial_taskflow_templates to 2025-02-28 00:00:00+00:00, run_after=2025-03-01 00:00:00+00:00
[2025-03-01T02:18:37.071+0000] {processor.py:208} INFO - Processing /home/airflow/.local/lib/python3.12/site-packages/airflow/example_dags/tutorial_taskflow_templates.py took 0.389 seconds
[2025-03-01T02:19:08.330+0000] {processor.py:186} INFO - Started process (PID=191) to work on /home/airflow/.local/lib/python3.12/site-packages/airflow/example_dags/tutorial_taskflow_templates.py
[2025-03-01T02:19:08.336+0000] {processor.py:914} INFO - Processing file /home/airflow/.local/lib/python3.12/site-packages/airflow/example_dags/tutorial_taskflow_templates.py for tasks to queue
[2025-03-01T02:19:08.342+0000] {logging_mixin.py:190} INFO - [2025-03-01T02:19:08.341+0000] {dagbag.py:588} INFO - Filling up the DagBag from /home/airflow/.local/lib/python3.12/site-packages/airflow/example_dags/tutorial_taskflow_templates.py
[2025-03-01T02:19:08.380+0000] {processor.py:925} INFO - DAG(s) 'tutorial_taskflow_templates' retrieved from /home/airflow/.local/lib/python3.12/site-packages/airflow/example_dags/tutorial_taskflow_templates.py
[2025-03-01T02:19:08.449+0000] {logging_mixin.py:190} INFO - [2025-03-01T02:19:08.448+0000] {dag.py:3239} INFO - Sync 1 DAGs
[2025-03-01T02:19:08.543+0000] {logging_mixin.py:190} INFO - [2025-03-01T02:19:08.543+0000] {dag.py:4180} INFO - Setting next_dagrun for tutorial_taskflow_templates to 2025-02-28 00:00:00+00:00, run_after=2025-03-01 00:00:00+00:00
[2025-03-01T02:19:08.629+0000] {processor.py:208} INFO - Processing /home/airflow/.local/lib/python3.12/site-packages/airflow/example_dags/tutorial_taskflow_templates.py took 0.318 seconds
[2025-03-01T02:19:38.932+0000] {processor.py:186} INFO - Started process (PID=256) to work on /home/airflow/.local/lib/python3.12/site-packages/airflow/example_dags/tutorial_taskflow_templates.py
[2025-03-01T02:19:38.934+0000] {processor.py:914} INFO - Processing file /home/airflow/.local/lib/python3.12/site-packages/airflow/example_dags/tutorial_taskflow_templates.py for tasks to queue
[2025-03-01T02:19:38.938+0000] {logging_mixin.py:190} INFO - [2025-03-01T02:19:38.938+0000] {dagbag.py:588} INFO - Filling up the DagBag from /home/airflow/.local/lib/python3.12/site-packages/airflow/example_dags/tutorial_taskflow_templates.py
[2025-03-01T02:19:38.960+0000] {processor.py:925} INFO - DAG(s) 'tutorial_taskflow_templates' retrieved from /home/airflow/.local/lib/python3.12/site-packages/airflow/example_dags/tutorial_taskflow_templates.py
[2025-03-01T02:19:38.994+0000] {logging_mixin.py:190} INFO - [2025-03-01T02:19:38.993+0000] {dag.py:3239} INFO - Sync 1 DAGs
[2025-03-01T02:19:39.038+0000] {logging_mixin.py:190} INFO - [2025-03-01T02:19:39.038+0000] {dag.py:4180} INFO - Setting next_dagrun for tutorial_taskflow_templates to 2025-02-28 00:00:00+00:00, run_after=2025-03-01 00:00:00+00:00
[2025-03-01T02:19:39.073+0000] {processor.py:208} INFO - Processing /home/airflow/.local/lib/python3.12/site-packages/airflow/example_dags/tutorial_taskflow_templates.py took 0.148 seconds
[2025-03-01T02:20:09.376+0000] {processor.py:186} INFO - Started process (PID=324) to work on /home/airflow/.local/lib/python3.12/site-packages/airflow/example_dags/tutorial_taskflow_templates.py
[2025-03-01T02:20:09.378+0000] {processor.py:914} INFO - Processing file /home/airflow/.local/lib/python3.12/site-packages/airflow/example_dags/tutorial_taskflow_templates.py for tasks to queue
[2025-03-01T02:20:09.381+0000] {logging_mixin.py:190} INFO - [2025-03-01T02:20:09.381+0000] {dagbag.py:588} INFO - Filling up the DagBag from /home/airflow/.local/lib/python3.12/site-packages/airflow/example_dags/tutorial_taskflow_templates.py
[2025-03-01T02:20:09.402+0000] {processor.py:925} INFO - DAG(s) 'tutorial_taskflow_templates' retrieved from /home/airflow/.local/lib/python3.12/site-packages/airflow/example_dags/tutorial_taskflow_templates.py
[2025-03-01T02:20:09.430+0000] {logging_mixin.py:190} INFO - [2025-03-01T02:20:09.430+0000] {dag.py:3239} INFO - Sync 1 DAGs
[2025-03-01T02:20:09.465+0000] {logging_mixin.py:190} INFO - [2025-03-01T02:20:09.465+0000] {dag.py:4180} INFO - Setting next_dagrun for tutorial_taskflow_templates to 2025-02-28 00:00:00+00:00, run_after=2025-03-01 00:00:00+00:00
[2025-03-01T02:20:09.497+0000] {processor.py:208} INFO - Processing /home/airflow/.local/lib/python3.12/site-packages/airflow/example_dags/tutorial_taskflow_templates.py took 0.127 seconds
[2025-03-01T02:20:40.398+0000] {processor.py:186} INFO - Started process (PID=389) to work on /home/airflow/.local/lib/python3.12/site-packages/airflow/example_dags/tutorial_taskflow_templates.py
[2025-03-01T02:20:40.400+0000] {processor.py:914} INFO - Processing file /home/airflow/.local/lib/python3.12/site-packages/airflow/example_dags/tutorial_taskflow_templates.py for tasks to queue
[2025-03-01T02:20:40.406+0000] {logging_mixin.py:190} INFO - [2025-03-01T02:20:40.405+0000] {dagbag.py:588} INFO - Filling up the DagBag from /home/airflow/.local/lib/python3.12/site-packages/airflow/example_dags/tutorial_taskflow_templates.py
[2025-03-01T02:20:40.433+0000] {processor.py:925} INFO - DAG(s) 'tutorial_taskflow_templates' retrieved from /home/airflow/.local/lib/python3.12/site-packages/airflow/example_dags/tutorial_taskflow_templates.py
[2025-03-01T02:20:40.470+0000] {logging_mixin.py:190} INFO - [2025-03-01T02:20:40.470+0000] {dag.py:3239} INFO - Sync 1 DAGs
[2025-03-01T02:20:40.511+0000] {logging_mixin.py:190} INFO - [2025-03-01T02:20:40.511+0000] {dag.py:4180} INFO - Setting next_dagrun for tutorial_taskflow_templates to 2025-02-28 00:00:00+00:00, run_after=2025-03-01 00:00:00+00:00
[2025-03-01T02:20:40.545+0000] {processor.py:208} INFO - Processing /home/airflow/.local/lib/python3.12/site-packages/airflow/example_dags/tutorial_taskflow_templates.py took 0.156 seconds
[2025-03-01T02:21:10.826+0000] {processor.py:186} INFO - Started process (PID=452) to work on /home/airflow/.local/lib/python3.12/site-packages/airflow/example_dags/tutorial_taskflow_templates.py
[2025-03-01T02:21:10.828+0000] {processor.py:914} INFO - Processing file /home/airflow/.local/lib/python3.12/site-packages/airflow/example_dags/tutorial_taskflow_templates.py for tasks to queue
[2025-03-01T02:21:10.831+0000] {logging_mixin.py:190} INFO - [2025-03-01T02:21:10.831+0000] {dagbag.py:588} INFO - Filling up the DagBag from /home/airflow/.local/lib/python3.12/site-packages/airflow/example_dags/tutorial_taskflow_templates.py
[2025-03-01T02:21:10.850+0000] {processor.py:925} INFO - DAG(s) 'tutorial_taskflow_templates' retrieved from /home/airflow/.local/lib/python3.12/site-packages/airflow/example_dags/tutorial_taskflow_templates.py
[2025-03-01T02:21:10.888+0000] {logging_mixin.py:190} INFO - [2025-03-01T02:21:10.887+0000] {dag.py:3239} INFO - Sync 1 DAGs
[2025-03-01T02:21:10.927+0000] {logging_mixin.py:190} INFO - [2025-03-01T02:21:10.927+0000] {dag.py:4180} INFO - Setting next_dagrun for tutorial_taskflow_templates to 2025-02-28 00:00:00+00:00, run_after=2025-03-01 00:00:00+00:00
[2025-03-01T02:21:10.962+0000] {processor.py:208} INFO - Processing /home/airflow/.local/lib/python3.12/site-packages/airflow/example_dags/tutorial_taskflow_templates.py took 0.144 seconds
[2025-03-01T02:21:41.587+0000] {processor.py:186} INFO - Started process (PID=517) to work on /home/airflow/.local/lib/python3.12/site-packages/airflow/example_dags/tutorial_taskflow_templates.py
[2025-03-01T02:21:41.590+0000] {processor.py:914} INFO - Processing file /home/airflow/.local/lib/python3.12/site-packages/airflow/example_dags/tutorial_taskflow_templates.py for tasks to queue
[2025-03-01T02:21:41.594+0000] {logging_mixin.py:190} INFO - [2025-03-01T02:21:41.593+0000] {dagbag.py:588} INFO - Filling up the DagBag from /home/airflow/.local/lib/python3.12/site-packages/airflow/example_dags/tutorial_taskflow_templates.py
[2025-03-01T02:21:41.620+0000] {processor.py:925} INFO - DAG(s) 'tutorial_taskflow_templates' retrieved from /home/airflow/.local/lib/python3.12/site-packages/airflow/example_dags/tutorial_taskflow_templates.py
[2025-03-01T02:21:41.659+0000] {logging_mixin.py:190} INFO - [2025-03-01T02:21:41.659+0000] {dag.py:3239} INFO - Sync 1 DAGs
[2025-03-01T02:21:41.700+0000] {logging_mixin.py:190} INFO - [2025-03-01T02:21:41.699+0000] {dag.py:4180} INFO - Setting next_dagrun for tutorial_taskflow_templates to 2025-02-28 00:00:00+00:00, run_after=2025-03-01 00:00:00+00:00
[2025-03-01T02:21:41.733+0000] {processor.py:208} INFO - Processing /home/airflow/.local/lib/python3.12/site-packages/airflow/example_dags/tutorial_taskflow_templates.py took 0.155 seconds
[2025-03-01T02:22:12.386+0000] {processor.py:186} INFO - Started process (PID=582) to work on /home/airflow/.local/lib/python3.12/site-packages/airflow/example_dags/tutorial_taskflow_templates.py
[2025-03-01T02:22:12.388+0000] {processor.py:914} INFO - Processing file /home/airflow/.local/lib/python3.12/site-packages/airflow/example_dags/tutorial_taskflow_templates.py for tasks to queue
[2025-03-01T02:22:12.392+0000] {logging_mixin.py:190} INFO - [2025-03-01T02:22:12.392+0000] {dagbag.py:588} INFO - Filling up the DagBag from /home/airflow/.local/lib/python3.12/site-packages/airflow/example_dags/tutorial_taskflow_templates.py
[2025-03-01T02:22:12.419+0000] {processor.py:925} INFO - DAG(s) 'tutorial_taskflow_templates' retrieved from /home/airflow/.local/lib/python3.12/site-packages/airflow/example_dags/tutorial_taskflow_templates.py
[2025-03-01T02:22:12.467+0000] {logging_mixin.py:190} INFO - [2025-03-01T02:22:12.467+0000] {dag.py:3239} INFO - Sync 1 DAGs
[2025-03-01T02:22:12.516+0000] {logging_mixin.py:190} INFO - [2025-03-01T02:22:12.515+0000] {dag.py:4180} INFO - Setting next_dagrun for tutorial_taskflow_templates to 2025-02-28 00:00:00+00:00, run_after=2025-03-01 00:00:00+00:00
[2025-03-01T02:22:12.568+0000] {processor.py:208} INFO - Processing /home/airflow/.local/lib/python3.12/site-packages/airflow/example_dags/tutorial_taskflow_templates.py took 0.191 seconds
[2025-03-01T02:22:43.635+0000] {processor.py:186} INFO - Started process (PID=646) to work on /home/airflow/.local/lib/python3.12/site-packages/airflow/example_dags/tutorial_taskflow_templates.py
[2025-03-01T02:22:43.636+0000] {processor.py:914} INFO - Processing file /home/airflow/.local/lib/python3.12/site-packages/airflow/example_dags/tutorial_taskflow_templates.py for tasks to queue
[2025-03-01T02:22:43.640+0000] {logging_mixin.py:190} INFO - [2025-03-01T02:22:43.640+0000] {dagbag.py:588} INFO - Filling up the DagBag from /home/airflow/.local/lib/python3.12/site-packages/airflow/example_dags/tutorial_taskflow_templates.py
[2025-03-01T02:22:43.666+0000] {processor.py:925} INFO - DAG(s) 'tutorial_taskflow_templates' retrieved from /home/airflow/.local/lib/python3.12/site-packages/airflow/example_dags/tutorial_taskflow_templates.py
[2025-03-01T02:22:43.699+0000] {logging_mixin.py:190} INFO - [2025-03-01T02:22:43.698+0000] {dag.py:3239} INFO - Sync 1 DAGs
[2025-03-01T02:22:43.736+0000] {logging_mixin.py:190} INFO - [2025-03-01T02:22:43.735+0000] {dag.py:4180} INFO - Setting next_dagrun for tutorial_taskflow_templates to 2025-02-28 00:00:00+00:00, run_after=2025-03-01 00:00:00+00:00
[2025-03-01T02:22:43.774+0000] {processor.py:208} INFO - Processing /home/airflow/.local/lib/python3.12/site-packages/airflow/example_dags/tutorial_taskflow_templates.py took 0.148 seconds
[2025-03-01T02:23:13.844+0000] {processor.py:186} INFO - Started process (PID=710) to work on /home/airflow/.local/lib/python3.12/site-packages/airflow/example_dags/tutorial_taskflow_templates.py
[2025-03-01T02:23:13.846+0000] {processor.py:914} INFO - Processing file /home/airflow/.local/lib/python3.12/site-packages/airflow/example_dags/tutorial_taskflow_templates.py for tasks to queue
[2025-03-01T02:23:13.850+0000] {logging_mixin.py:190} INFO - [2025-03-01T02:23:13.850+0000] {dagbag.py:588} INFO - Filling up the DagBag from /home/airflow/.local/lib/python3.12/site-packages/airflow/example_dags/tutorial_taskflow_templates.py
[2025-03-01T02:23:13.876+0000] {processor.py:925} INFO - DAG(s) 'tutorial_taskflow_templates' retrieved from /home/airflow/.local/lib/python3.12/site-packages/airflow/example_dags/tutorial_taskflow_templates.py
[2025-03-01T02:23:13.913+0000] {logging_mixin.py:190} INFO - [2025-03-01T02:23:13.913+0000] {dag.py:3239} INFO - Sync 1 DAGs
[2025-03-01T02:23:13.957+0000] {logging_mixin.py:190} INFO - [2025-03-01T02:23:13.957+0000] {dag.py:4180} INFO - Setting next_dagrun for tutorial_taskflow_templates to 2025-02-28 00:00:00+00:00, run_after=2025-03-01 00:00:00+00:00
[2025-03-01T02:23:13.992+0000] {processor.py:208} INFO - Processing /home/airflow/.local/lib/python3.12/site-packages/airflow/example_dags/tutorial_taskflow_templates.py took 0.157 seconds
[2025-03-01T02:23:44.248+0000] {processor.py:186} INFO - Started process (PID=774) to work on /home/airflow/.local/lib/python3.12/site-packages/airflow/example_dags/tutorial_taskflow_templates.py
[2025-03-01T02:23:44.250+0000] {processor.py:914} INFO - Processing file /home/airflow/.local/lib/python3.12/site-packages/airflow/example_dags/tutorial_taskflow_templates.py for tasks to queue
[2025-03-01T02:23:44.253+0000] {logging_mixin.py:190} INFO - [2025-03-01T02:23:44.253+0000] {dagbag.py:588} INFO - Filling up the DagBag from /home/airflow/.local/lib/python3.12/site-packages/airflow/example_dags/tutorial_taskflow_templates.py
[2025-03-01T02:23:44.294+0000] {processor.py:925} INFO - DAG(s) 'tutorial_taskflow_templates' retrieved from /home/airflow/.local/lib/python3.12/site-packages/airflow/example_dags/tutorial_taskflow_templates.py
[2025-03-01T02:23:44.342+0000] {logging_mixin.py:190} INFO - [2025-03-01T02:23:44.341+0000] {dag.py:3239} INFO - Sync 1 DAGs
[2025-03-01T02:23:44.396+0000] {logging_mixin.py:190} INFO - [2025-03-01T02:23:44.395+0000] {dag.py:4180} INFO - Setting next_dagrun for tutorial_taskflow_templates to 2025-02-28 00:00:00+00:00, run_after=2025-03-01 00:00:00+00:00
[2025-03-01T02:23:44.561+0000] {processor.py:208} INFO - Processing /home/airflow/.local/lib/python3.12/site-packages/airflow/example_dags/tutorial_taskflow_templates.py took 0.323 seconds
[2025-03-01T02:24:14.770+0000] {processor.py:186} INFO - Started process (PID=839) to work on /home/airflow/.local/lib/python3.12/site-packages/airflow/example_dags/tutorial_taskflow_templates.py
[2025-03-01T02:24:14.773+0000] {processor.py:914} INFO - Processing file /home/airflow/.local/lib/python3.12/site-packages/airflow/example_dags/tutorial_taskflow_templates.py for tasks to queue
[2025-03-01T02:24:14.785+0000] {logging_mixin.py:190} INFO - [2025-03-01T02:24:14.784+0000] {dagbag.py:588} INFO - Filling up the DagBag from /home/airflow/.local/lib/python3.12/site-packages/airflow/example_dags/tutorial_taskflow_templates.py
[2025-03-01T02:24:14.809+0000] {processor.py:925} INFO - DAG(s) 'tutorial_taskflow_templates' retrieved from /home/airflow/.local/lib/python3.12/site-packages/airflow/example_dags/tutorial_taskflow_templates.py
[2025-03-01T02:24:14.857+0000] {logging_mixin.py:190} INFO - [2025-03-01T02:24:14.857+0000] {dag.py:3239} INFO - Sync 1 DAGs
[2025-03-01T02:24:14.905+0000] {logging_mixin.py:190} INFO - [2025-03-01T02:24:14.904+0000] {dag.py:4180} INFO - Setting next_dagrun for tutorial_taskflow_templates to 2025-02-28 00:00:00+00:00, run_after=2025-03-01 00:00:00+00:00
[2025-03-01T02:24:14.945+0000] {processor.py:208} INFO - Processing /home/airflow/.local/lib/python3.12/site-packages/airflow/example_dags/tutorial_taskflow_templates.py took 0.190 seconds
[2025-03-01T02:24:45.229+0000] {processor.py:186} INFO - Started process (PID=903) to work on /home/airflow/.local/lib/python3.12/site-packages/airflow/example_dags/tutorial_taskflow_templates.py
[2025-03-01T02:24:45.231+0000] {processor.py:914} INFO - Processing file /home/airflow/.local/lib/python3.12/site-packages/airflow/example_dags/tutorial_taskflow_templates.py for tasks to queue
[2025-03-01T02:24:45.235+0000] {logging_mixin.py:190} INFO - [2025-03-01T02:24:45.234+0000] {dagbag.py:588} INFO - Filling up the DagBag from /home/airflow/.local/lib/python3.12/site-packages/airflow/example_dags/tutorial_taskflow_templates.py
[2025-03-01T02:24:45.255+0000] {processor.py:925} INFO - DAG(s) 'tutorial_taskflow_templates' retrieved from /home/airflow/.local/lib/python3.12/site-packages/airflow/example_dags/tutorial_taskflow_templates.py
[2025-03-01T02:24:45.288+0000] {logging_mixin.py:190} INFO - [2025-03-01T02:24:45.287+0000] {dag.py:3239} INFO - Sync 1 DAGs
[2025-03-01T02:24:45.329+0000] {logging_mixin.py:190} INFO - [2025-03-01T02:24:45.328+0000] {dag.py:4180} INFO - Setting next_dagrun for tutorial_taskflow_templates to 2025-02-28 00:00:00+00:00, run_after=2025-03-01 00:00:00+00:00
[2025-03-01T02:24:45.366+0000] {processor.py:208} INFO - Processing /home/airflow/.local/lib/python3.12/site-packages/airflow/example_dags/tutorial_taskflow_templates.py took 0.145 seconds
[2025-03-01T02:25:15.606+0000] {processor.py:186} INFO - Started process (PID=968) to work on /home/airflow/.local/lib/python3.12/site-packages/airflow/example_dags/tutorial_taskflow_templates.py
[2025-03-01T02:25:15.607+0000] {processor.py:914} INFO - Processing file /home/airflow/.local/lib/python3.12/site-packages/airflow/example_dags/tutorial_taskflow_templates.py for tasks to queue
[2025-03-01T02:25:15.611+0000] {logging_mixin.py:190} INFO - [2025-03-01T02:25:15.610+0000] {dagbag.py:588} INFO - Filling up the DagBag from /home/airflow/.local/lib/python3.12/site-packages/airflow/example_dags/tutorial_taskflow_templates.py
[2025-03-01T02:25:15.630+0000] {processor.py:925} INFO - DAG(s) 'tutorial_taskflow_templates' retrieved from /home/airflow/.local/lib/python3.12/site-packages/airflow/example_dags/tutorial_taskflow_templates.py
[2025-03-01T02:25:15.665+0000] {logging_mixin.py:190} INFO - [2025-03-01T02:25:15.665+0000] {dag.py:3239} INFO - Sync 1 DAGs
[2025-03-01T02:25:15.705+0000] {logging_mixin.py:190} INFO - [2025-03-01T02:25:15.704+0000] {dag.py:4180} INFO - Setting next_dagrun for tutorial_taskflow_templates to 2025-02-28 00:00:00+00:00, run_after=2025-03-01 00:00:00+00:00
[2025-03-01T02:25:15.739+0000] {processor.py:208} INFO - Processing /home/airflow/.local/lib/python3.12/site-packages/airflow/example_dags/tutorial_taskflow_templates.py took 0.141 seconds
[2025-03-01T02:25:45.825+0000] {processor.py:186} INFO - Started process (PID=1033) to work on /home/airflow/.local/lib/python3.12/site-packages/airflow/example_dags/tutorial_taskflow_templates.py
[2025-03-01T02:25:45.827+0000] {processor.py:914} INFO - Processing file /home/airflow/.local/lib/python3.12/site-packages/airflow/example_dags/tutorial_taskflow_templates.py for tasks to queue
[2025-03-01T02:25:45.832+0000] {logging_mixin.py:190} INFO - [2025-03-01T02:25:45.832+0000] {dagbag.py:588} INFO - Filling up the DagBag from /home/airflow/.local/lib/python3.12/site-packages/airflow/example_dags/tutorial_taskflow_templates.py
[2025-03-01T02:25:45.858+0000] {processor.py:925} INFO - DAG(s) 'tutorial_taskflow_templates' retrieved from /home/airflow/.local/lib/python3.12/site-packages/airflow/example_dags/tutorial_taskflow_templates.py
[2025-03-01T02:25:45.902+0000] {logging_mixin.py:190} INFO - [2025-03-01T02:25:45.901+0000] {dag.py:3239} INFO - Sync 1 DAGs
[2025-03-01T02:25:45.954+0000] {logging_mixin.py:190} INFO - [2025-03-01T02:25:45.954+0000] {dag.py:4180} INFO - Setting next_dagrun for tutorial_taskflow_templates to 2025-02-28 00:00:00+00:00, run_after=2025-03-01 00:00:00+00:00
[2025-03-01T02:25:46.003+0000] {processor.py:208} INFO - Processing /home/airflow/.local/lib/python3.12/site-packages/airflow/example_dags/tutorial_taskflow_templates.py took 0.187 seconds
[2025-03-01T02:26:16.728+0000] {processor.py:186} INFO - Started process (PID=1099) to work on /home/airflow/.local/lib/python3.12/site-packages/airflow/example_dags/tutorial_taskflow_templates.py
[2025-03-01T02:26:16.730+0000] {processor.py:914} INFO - Processing file /home/airflow/.local/lib/python3.12/site-packages/airflow/example_dags/tutorial_taskflow_templates.py for tasks to queue
[2025-03-01T02:26:16.734+0000] {logging_mixin.py:190} INFO - [2025-03-01T02:26:16.733+0000] {dagbag.py:588} INFO - Filling up the DagBag from /home/airflow/.local/lib/python3.12/site-packages/airflow/example_dags/tutorial_taskflow_templates.py
[2025-03-01T02:26:16.753+0000] {processor.py:925} INFO - DAG(s) 'tutorial_taskflow_templates' retrieved from /home/airflow/.local/lib/python3.12/site-packages/airflow/example_dags/tutorial_taskflow_templates.py
[2025-03-01T02:26:16.789+0000] {logging_mixin.py:190} INFO - [2025-03-01T02:26:16.788+0000] {dag.py:3239} INFO - Sync 1 DAGs
[2025-03-01T02:26:16.828+0000] {logging_mixin.py:190} INFO - [2025-03-01T02:26:16.828+0000] {dag.py:4180} INFO - Setting next_dagrun for tutorial_taskflow_templates to 2025-02-28 00:00:00+00:00, run_after=2025-03-01 00:00:00+00:00
[2025-03-01T02:26:16.864+0000] {processor.py:208} INFO - Processing /home/airflow/.local/lib/python3.12/site-packages/airflow/example_dags/tutorial_taskflow_templates.py took 0.144 seconds
[2025-03-01T02:26:47.089+0000] {processor.py:186} INFO - Started process (PID=1164) to work on /home/airflow/.local/lib/python3.12/site-packages/airflow/example_dags/tutorial_taskflow_templates.py
[2025-03-01T02:26:47.091+0000] {processor.py:914} INFO - Processing file /home/airflow/.local/lib/python3.12/site-packages/airflow/example_dags/tutorial_taskflow_templates.py for tasks to queue
[2025-03-01T02:26:47.097+0000] {logging_mixin.py:190} INFO - [2025-03-01T02:26:47.096+0000] {dagbag.py:588} INFO - Filling up the DagBag from /home/airflow/.local/lib/python3.12/site-packages/airflow/example_dags/tutorial_taskflow_templates.py
[2025-03-01T02:26:47.123+0000] {processor.py:925} INFO - DAG(s) 'tutorial_taskflow_templates' retrieved from /home/airflow/.local/lib/python3.12/site-packages/airflow/example_dags/tutorial_taskflow_templates.py
[2025-03-01T02:26:47.161+0000] {logging_mixin.py:190} INFO - [2025-03-01T02:26:47.161+0000] {dag.py:3239} INFO - Sync 1 DAGs
[2025-03-01T02:26:47.207+0000] {logging_mixin.py:190} INFO - [2025-03-01T02:26:47.206+0000] {dag.py:4180} INFO - Setting next_dagrun for tutorial_taskflow_templates to 2025-02-28 00:00:00+00:00, run_after=2025-03-01 00:00:00+00:00
[2025-03-01T02:26:47.252+0000] {processor.py:208} INFO - Processing /home/airflow/.local/lib/python3.12/site-packages/airflow/example_dags/tutorial_taskflow_templates.py took 0.177 seconds
[2025-03-01T02:27:17.492+0000] {processor.py:186} INFO - Started process (PID=1230) to work on /home/airflow/.local/lib/python3.12/site-packages/airflow/example_dags/tutorial_taskflow_templates.py
[2025-03-01T02:27:17.494+0000] {processor.py:914} INFO - Processing file /home/airflow/.local/lib/python3.12/site-packages/airflow/example_dags/tutorial_taskflow_templates.py for tasks to queue
[2025-03-01T02:27:17.502+0000] {logging_mixin.py:190} INFO - [2025-03-01T02:27:17.501+0000] {dagbag.py:588} INFO - Filling up the DagBag from /home/airflow/.local/lib/python3.12/site-packages/airflow/example_dags/tutorial_taskflow_templates.py
[2025-03-01T02:27:17.541+0000] {processor.py:925} INFO - DAG(s) 'tutorial_taskflow_templates' retrieved from /home/airflow/.local/lib/python3.12/site-packages/airflow/example_dags/tutorial_taskflow_templates.py
[2025-03-01T02:27:17.640+0000] {logging_mixin.py:190} INFO - [2025-03-01T02:27:17.639+0000] {dag.py:3239} INFO - Sync 1 DAGs
[2025-03-01T02:27:17.727+0000] {logging_mixin.py:190} INFO - [2025-03-01T02:27:17.726+0000] {dag.py:4180} INFO - Setting next_dagrun for tutorial_taskflow_templates to 2025-02-28 00:00:00+00:00, run_after=2025-03-01 00:00:00+00:00
[2025-03-01T02:27:17.780+0000] {processor.py:208} INFO - Processing /home/airflow/.local/lib/python3.12/site-packages/airflow/example_dags/tutorial_taskflow_templates.py took 0.299 seconds
[2025-03-01T02:27:47.910+0000] {processor.py:186} INFO - Started process (PID=1295) to work on /home/airflow/.local/lib/python3.12/site-packages/airflow/example_dags/tutorial_taskflow_templates.py
[2025-03-01T02:27:47.912+0000] {processor.py:914} INFO - Processing file /home/airflow/.local/lib/python3.12/site-packages/airflow/example_dags/tutorial_taskflow_templates.py for tasks to queue
[2025-03-01T02:27:47.916+0000] {logging_mixin.py:190} INFO - [2025-03-01T02:27:47.915+0000] {dagbag.py:588} INFO - Filling up the DagBag from /home/airflow/.local/lib/python3.12/site-packages/airflow/example_dags/tutorial_taskflow_templates.py
[2025-03-01T02:27:47.941+0000] {processor.py:925} INFO - DAG(s) 'tutorial_taskflow_templates' retrieved from /home/airflow/.local/lib/python3.12/site-packages/airflow/example_dags/tutorial_taskflow_templates.py
[2025-03-01T02:27:47.979+0000] {logging_mixin.py:190} INFO - [2025-03-01T02:27:47.979+0000] {dag.py:3239} INFO - Sync 1 DAGs
[2025-03-01T02:27:48.053+0000] {logging_mixin.py:190} INFO - [2025-03-01T02:27:48.052+0000] {dag.py:4180} INFO - Setting next_dagrun for tutorial_taskflow_templates to 2025-02-28 00:00:00+00:00, run_after=2025-03-01 00:00:00+00:00
[2025-03-01T02:27:48.105+0000] {processor.py:208} INFO - Processing /home/airflow/.local/lib/python3.12/site-packages/airflow/example_dags/tutorial_taskflow_templates.py took 0.203 seconds
[2025-03-01T02:28:18.351+0000] {processor.py:186} INFO - Started process (PID=1360) to work on /home/airflow/.local/lib/python3.12/site-packages/airflow/example_dags/tutorial_taskflow_templates.py
[2025-03-01T02:28:18.356+0000] {processor.py:914} INFO - Processing file /home/airflow/.local/lib/python3.12/site-packages/airflow/example_dags/tutorial_taskflow_templates.py for tasks to queue
[2025-03-01T02:28:18.366+0000] {logging_mixin.py:190} INFO - [2025-03-01T02:28:18.365+0000] {dagbag.py:588} INFO - Filling up the DagBag from /home/airflow/.local/lib/python3.12/site-packages/airflow/example_dags/tutorial_taskflow_templates.py
[2025-03-01T02:28:18.426+0000] {processor.py:925} INFO - DAG(s) 'tutorial_taskflow_templates' retrieved from /home/airflow/.local/lib/python3.12/site-packages/airflow/example_dags/tutorial_taskflow_templates.py
[2025-03-01T02:28:18.480+0000] {logging_mixin.py:190} INFO - [2025-03-01T02:28:18.479+0000] {dag.py:3239} INFO - Sync 1 DAGs
[2025-03-01T02:28:18.565+0000] {logging_mixin.py:190} INFO - [2025-03-01T02:28:18.564+0000] {dag.py:4180} INFO - Setting next_dagrun for tutorial_taskflow_templates to 2025-02-28 00:00:00+00:00, run_after=2025-03-01 00:00:00+00:00
[2025-03-01T02:28:18.616+0000] {processor.py:208} INFO - Processing /home/airflow/.local/lib/python3.12/site-packages/airflow/example_dags/tutorial_taskflow_templates.py took 0.290 seconds
[2025-03-01T02:28:48.991+0000] {processor.py:186} INFO - Started process (PID=1425) to work on /home/airflow/.local/lib/python3.12/site-packages/airflow/example_dags/tutorial_taskflow_templates.py
[2025-03-01T02:28:48.993+0000] {processor.py:914} INFO - Processing file /home/airflow/.local/lib/python3.12/site-packages/airflow/example_dags/tutorial_taskflow_templates.py for tasks to queue
[2025-03-01T02:28:48.998+0000] {logging_mixin.py:190} INFO - [2025-03-01T02:28:48.997+0000] {dagbag.py:588} INFO - Filling up the DagBag from /home/airflow/.local/lib/python3.12/site-packages/airflow/example_dags/tutorial_taskflow_templates.py
[2025-03-01T02:28:49.027+0000] {processor.py:925} INFO - DAG(s) 'tutorial_taskflow_templates' retrieved from /home/airflow/.local/lib/python3.12/site-packages/airflow/example_dags/tutorial_taskflow_templates.py
[2025-03-01T02:28:49.075+0000] {logging_mixin.py:190} INFO - [2025-03-01T02:28:49.075+0000] {dag.py:3239} INFO - Sync 1 DAGs
[2025-03-01T02:28:49.148+0000] {logging_mixin.py:190} INFO - [2025-03-01T02:28:49.147+0000] {dag.py:4180} INFO - Setting next_dagrun for tutorial_taskflow_templates to 2025-02-28 00:00:00+00:00, run_after=2025-03-01 00:00:00+00:00
[2025-03-01T02:28:49.248+0000] {processor.py:208} INFO - Processing /home/airflow/.local/lib/python3.12/site-packages/airflow/example_dags/tutorial_taskflow_templates.py took 0.267 seconds
[2025-03-01T02:29:19.450+0000] {processor.py:186} INFO - Started process (PID=1490) to work on /home/airflow/.local/lib/python3.12/site-packages/airflow/example_dags/tutorial_taskflow_templates.py
[2025-03-01T02:29:19.451+0000] {processor.py:914} INFO - Processing file /home/airflow/.local/lib/python3.12/site-packages/airflow/example_dags/tutorial_taskflow_templates.py for tasks to queue
[2025-03-01T02:29:19.456+0000] {logging_mixin.py:190} INFO - [2025-03-01T02:29:19.455+0000] {dagbag.py:588} INFO - Filling up the DagBag from /home/airflow/.local/lib/python3.12/site-packages/airflow/example_dags/tutorial_taskflow_templates.py
[2025-03-01T02:29:19.474+0000] {processor.py:925} INFO - DAG(s) 'tutorial_taskflow_templates' retrieved from /home/airflow/.local/lib/python3.12/site-packages/airflow/example_dags/tutorial_taskflow_templates.py
[2025-03-01T02:29:19.506+0000] {logging_mixin.py:190} INFO - [2025-03-01T02:29:19.506+0000] {dag.py:3239} INFO - Sync 1 DAGs
[2025-03-01T02:29:19.539+0000] {logging_mixin.py:190} INFO - [2025-03-01T02:29:19.538+0000] {dag.py:4180} INFO - Setting next_dagrun for tutorial_taskflow_templates to 2025-02-28 00:00:00+00:00, run_after=2025-03-01 00:00:00+00:00
[2025-03-01T02:29:19.569+0000] {processor.py:208} INFO - Processing /home/airflow/.local/lib/python3.12/site-packages/airflow/example_dags/tutorial_taskflow_templates.py took 0.127 seconds
[2025-03-01T02:29:50.302+0000] {processor.py:186} INFO - Started process (PID=1555) to work on /home/airflow/.local/lib/python3.12/site-packages/airflow/example_dags/tutorial_taskflow_templates.py
[2025-03-01T02:29:50.304+0000] {processor.py:914} INFO - Processing file /home/airflow/.local/lib/python3.12/site-packages/airflow/example_dags/tutorial_taskflow_templates.py for tasks to queue
[2025-03-01T02:29:50.310+0000] {logging_mixin.py:190} INFO - [2025-03-01T02:29:50.309+0000] {dagbag.py:588} INFO - Filling up the DagBag from /home/airflow/.local/lib/python3.12/site-packages/airflow/example_dags/tutorial_taskflow_templates.py
[2025-03-01T02:29:50.333+0000] {processor.py:925} INFO - DAG(s) 'tutorial_taskflow_templates' retrieved from /home/airflow/.local/lib/python3.12/site-packages/airflow/example_dags/tutorial_taskflow_templates.py
[2025-03-01T02:29:50.366+0000] {logging_mixin.py:190} INFO - [2025-03-01T02:29:50.365+0000] {dag.py:3239} INFO - Sync 1 DAGs
[2025-03-01T02:29:50.401+0000] {logging_mixin.py:190} INFO - [2025-03-01T02:29:50.400+0000] {dag.py:4180} INFO - Setting next_dagrun for tutorial_taskflow_templates to 2025-02-28 00:00:00+00:00, run_after=2025-03-01 00:00:00+00:00
[2025-03-01T02:29:50.433+0000] {processor.py:208} INFO - Processing /home/airflow/.local/lib/python3.12/site-packages/airflow/example_dags/tutorial_taskflow_templates.py took 0.140 seconds
[2025-03-01T02:30:20.659+0000] {processor.py:186} INFO - Started process (PID=1620) to work on /home/airflow/.local/lib/python3.12/site-packages/airflow/example_dags/tutorial_taskflow_templates.py
[2025-03-01T02:30:20.661+0000] {processor.py:914} INFO - Processing file /home/airflow/.local/lib/python3.12/site-packages/airflow/example_dags/tutorial_taskflow_templates.py for tasks to queue
[2025-03-01T02:30:20.665+0000] {logging_mixin.py:190} INFO - [2025-03-01T02:30:20.665+0000] {dagbag.py:588} INFO - Filling up the DagBag from /home/airflow/.local/lib/python3.12/site-packages/airflow/example_dags/tutorial_taskflow_templates.py
[2025-03-01T02:30:20.683+0000] {processor.py:925} INFO - DAG(s) 'tutorial_taskflow_templates' retrieved from /home/airflow/.local/lib/python3.12/site-packages/airflow/example_dags/tutorial_taskflow_templates.py
[2025-03-01T02:30:20.717+0000] {logging_mixin.py:190} INFO - [2025-03-01T02:30:20.716+0000] {dag.py:3239} INFO - Sync 1 DAGs
[2025-03-01T02:30:20.749+0000] {logging_mixin.py:190} INFO - [2025-03-01T02:30:20.749+0000] {dag.py:4180} INFO - Setting next_dagrun for tutorial_taskflow_templates to 2025-02-28 00:00:00+00:00, run_after=2025-03-01 00:00:00+00:00
[2025-03-01T02:30:20.778+0000] {processor.py:208} INFO - Processing /home/airflow/.local/lib/python3.12/site-packages/airflow/example_dags/tutorial_taskflow_templates.py took 0.126 seconds
[2025-03-01T02:30:51.569+0000] {processor.py:186} INFO - Started process (PID=1685) to work on /home/airflow/.local/lib/python3.12/site-packages/airflow/example_dags/tutorial_taskflow_templates.py
[2025-03-01T02:30:51.571+0000] {processor.py:914} INFO - Processing file /home/airflow/.local/lib/python3.12/site-packages/airflow/example_dags/tutorial_taskflow_templates.py for tasks to queue
[2025-03-01T02:30:51.575+0000] {logging_mixin.py:190} INFO - [2025-03-01T02:30:51.574+0000] {dagbag.py:588} INFO - Filling up the DagBag from /home/airflow/.local/lib/python3.12/site-packages/airflow/example_dags/tutorial_taskflow_templates.py
[2025-03-01T02:30:51.605+0000] {processor.py:925} INFO - DAG(s) 'tutorial_taskflow_templates' retrieved from /home/airflow/.local/lib/python3.12/site-packages/airflow/example_dags/tutorial_taskflow_templates.py
[2025-03-01T02:30:51.657+0000] {logging_mixin.py:190} INFO - [2025-03-01T02:30:51.656+0000] {dag.py:3239} INFO - Sync 1 DAGs
[2025-03-01T02:30:51.763+0000] {logging_mixin.py:190} INFO - [2025-03-01T02:30:51.762+0000] {dag.py:4180} INFO - Setting next_dagrun for tutorial_taskflow_templates to 2025-02-28 00:00:00+00:00, run_after=2025-03-01 00:00:00+00:00
[2025-03-01T02:30:51.843+0000] {processor.py:208} INFO - Processing /home/airflow/.local/lib/python3.12/site-packages/airflow/example_dags/tutorial_taskflow_templates.py took 0.285 seconds
[2025-03-01T02:31:21.932+0000] {processor.py:186} INFO - Started process (PID=1750) to work on /home/airflow/.local/lib/python3.12/site-packages/airflow/example_dags/tutorial_taskflow_templates.py
[2025-03-01T02:31:21.934+0000] {processor.py:914} INFO - Processing file /home/airflow/.local/lib/python3.12/site-packages/airflow/example_dags/tutorial_taskflow_templates.py for tasks to queue
[2025-03-01T02:31:21.938+0000] {logging_mixin.py:190} INFO - [2025-03-01T02:31:21.937+0000] {dagbag.py:588} INFO - Filling up the DagBag from /home/airflow/.local/lib/python3.12/site-packages/airflow/example_dags/tutorial_taskflow_templates.py
[2025-03-01T02:31:21.957+0000] {processor.py:925} INFO - DAG(s) 'tutorial_taskflow_templates' retrieved from /home/airflow/.local/lib/python3.12/site-packages/airflow/example_dags/tutorial_taskflow_templates.py
[2025-03-01T02:31:21.991+0000] {logging_mixin.py:190} INFO - [2025-03-01T02:31:21.991+0000] {dag.py:3239} INFO - Sync 1 DAGs
[2025-03-01T02:31:22.032+0000] {logging_mixin.py:190} INFO - [2025-03-01T02:31:22.032+0000] {dag.py:4180} INFO - Setting next_dagrun for tutorial_taskflow_templates to 2025-02-28 00:00:00+00:00, run_after=2025-03-01 00:00:00+00:00
[2025-03-01T02:31:22.065+0000] {processor.py:208} INFO - Processing /home/airflow/.local/lib/python3.12/site-packages/airflow/example_dags/tutorial_taskflow_templates.py took 0.140 seconds
[2025-03-01T02:31:52.148+0000] {processor.py:186} INFO - Started process (PID=1815) to work on /home/airflow/.local/lib/python3.12/site-packages/airflow/example_dags/tutorial_taskflow_templates.py
[2025-03-01T02:31:52.149+0000] {processor.py:914} INFO - Processing file /home/airflow/.local/lib/python3.12/site-packages/airflow/example_dags/tutorial_taskflow_templates.py for tasks to queue
[2025-03-01T02:31:52.153+0000] {logging_mixin.py:190} INFO - [2025-03-01T02:31:52.152+0000] {dagbag.py:588} INFO - Filling up the DagBag from /home/airflow/.local/lib/python3.12/site-packages/airflow/example_dags/tutorial_taskflow_templates.py
[2025-03-01T02:31:52.171+0000] {processor.py:925} INFO - DAG(s) 'tutorial_taskflow_templates' retrieved from /home/airflow/.local/lib/python3.12/site-packages/airflow/example_dags/tutorial_taskflow_templates.py
[2025-03-01T02:31:52.201+0000] {logging_mixin.py:190} INFO - [2025-03-01T02:31:52.200+0000] {dag.py:3239} INFO - Sync 1 DAGs
[2025-03-01T02:31:52.236+0000] {logging_mixin.py:190} INFO - [2025-03-01T02:31:52.236+0000] {dag.py:4180} INFO - Setting next_dagrun for tutorial_taskflow_templates to 2025-02-28 00:00:00+00:00, run_after=2025-03-01 00:00:00+00:00
[2025-03-01T02:31:52.268+0000] {processor.py:208} INFO - Processing /home/airflow/.local/lib/python3.12/site-packages/airflow/example_dags/tutorial_taskflow_templates.py took 0.128 seconds
[2025-03-01T02:32:23.134+0000] {processor.py:186} INFO - Started process (PID=1886) to work on /home/airflow/.local/lib/python3.12/site-packages/airflow/example_dags/tutorial_taskflow_templates.py
[2025-03-01T02:32:23.135+0000] {processor.py:914} INFO - Processing file /home/airflow/.local/lib/python3.12/site-packages/airflow/example_dags/tutorial_taskflow_templates.py for tasks to queue
[2025-03-01T02:32:23.139+0000] {logging_mixin.py:190} INFO - [2025-03-01T02:32:23.139+0000] {dagbag.py:588} INFO - Filling up the DagBag from /home/airflow/.local/lib/python3.12/site-packages/airflow/example_dags/tutorial_taskflow_templates.py
[2025-03-01T02:32:23.159+0000] {processor.py:925} INFO - DAG(s) 'tutorial_taskflow_templates' retrieved from /home/airflow/.local/lib/python3.12/site-packages/airflow/example_dags/tutorial_taskflow_templates.py
[2025-03-01T02:32:23.192+0000] {logging_mixin.py:190} INFO - [2025-03-01T02:32:23.191+0000] {dag.py:3239} INFO - Sync 1 DAGs
[2025-03-01T02:32:23.228+0000] {logging_mixin.py:190} INFO - [2025-03-01T02:32:23.228+0000] {dag.py:4180} INFO - Setting next_dagrun for tutorial_taskflow_templates to 2025-02-28 00:00:00+00:00, run_after=2025-03-01 00:00:00+00:00
[2025-03-01T02:32:23.261+0000] {processor.py:208} INFO - Processing /home/airflow/.local/lib/python3.12/site-packages/airflow/example_dags/tutorial_taskflow_templates.py took 0.136 seconds
[2025-03-01T02:32:53.753+0000] {processor.py:186} INFO - Started process (PID=1951) to work on /home/airflow/.local/lib/python3.12/site-packages/airflow/example_dags/tutorial_taskflow_templates.py
[2025-03-01T02:32:53.754+0000] {processor.py:914} INFO - Processing file /home/airflow/.local/lib/python3.12/site-packages/airflow/example_dags/tutorial_taskflow_templates.py for tasks to queue
[2025-03-01T02:32:53.758+0000] {logging_mixin.py:190} INFO - [2025-03-01T02:32:53.758+0000] {dagbag.py:588} INFO - Filling up the DagBag from /home/airflow/.local/lib/python3.12/site-packages/airflow/example_dags/tutorial_taskflow_templates.py
[2025-03-01T02:32:53.781+0000] {processor.py:925} INFO - DAG(s) 'tutorial_taskflow_templates' retrieved from /home/airflow/.local/lib/python3.12/site-packages/airflow/example_dags/tutorial_taskflow_templates.py
[2025-03-01T02:32:53.815+0000] {logging_mixin.py:190} INFO - [2025-03-01T02:32:53.814+0000] {dag.py:3239} INFO - Sync 1 DAGs
[2025-03-01T02:32:53.851+0000] {logging_mixin.py:190} INFO - [2025-03-01T02:32:53.851+0000] {dag.py:4180} INFO - Setting next_dagrun for tutorial_taskflow_templates to 2025-02-28 00:00:00+00:00, run_after=2025-03-01 00:00:00+00:00
[2025-03-01T02:32:53.884+0000] {processor.py:208} INFO - Processing /home/airflow/.local/lib/python3.12/site-packages/airflow/example_dags/tutorial_taskflow_templates.py took 0.142 seconds
[2025-03-01T02:33:24.613+0000] {processor.py:186} INFO - Started process (PID=2015) to work on /home/airflow/.local/lib/python3.12/site-packages/airflow/example_dags/tutorial_taskflow_templates.py
[2025-03-01T02:33:24.614+0000] {processor.py:914} INFO - Processing file /home/airflow/.local/lib/python3.12/site-packages/airflow/example_dags/tutorial_taskflow_templates.py for tasks to queue
[2025-03-01T02:33:24.618+0000] {logging_mixin.py:190} INFO - [2025-03-01T02:33:24.617+0000] {dagbag.py:588} INFO - Filling up the DagBag from /home/airflow/.local/lib/python3.12/site-packages/airflow/example_dags/tutorial_taskflow_templates.py
[2025-03-01T02:33:24.639+0000] {processor.py:925} INFO - DAG(s) 'tutorial_taskflow_templates' retrieved from /home/airflow/.local/lib/python3.12/site-packages/airflow/example_dags/tutorial_taskflow_templates.py
[2025-03-01T02:33:24.670+0000] {logging_mixin.py:190} INFO - [2025-03-01T02:33:24.670+0000] {dag.py:3239} INFO - Sync 1 DAGs
[2025-03-01T02:33:24.717+0000] {logging_mixin.py:190} INFO - [2025-03-01T02:33:24.716+0000] {dag.py:4180} INFO - Setting next_dagrun for tutorial_taskflow_templates to 2025-02-28 00:00:00+00:00, run_after=2025-03-01 00:00:00+00:00
[2025-03-01T02:33:24.746+0000] {processor.py:208} INFO - Processing /home/airflow/.local/lib/python3.12/site-packages/airflow/example_dags/tutorial_taskflow_templates.py took 0.140 seconds
[2025-03-01T02:33:55.276+0000] {processor.py:186} INFO - Started process (PID=2080) to work on /home/airflow/.local/lib/python3.12/site-packages/airflow/example_dags/tutorial_taskflow_templates.py
[2025-03-01T02:33:55.278+0000] {processor.py:914} INFO - Processing file /home/airflow/.local/lib/python3.12/site-packages/airflow/example_dags/tutorial_taskflow_templates.py for tasks to queue
[2025-03-01T02:33:55.282+0000] {logging_mixin.py:190} INFO - [2025-03-01T02:33:55.282+0000] {dagbag.py:588} INFO - Filling up the DagBag from /home/airflow/.local/lib/python3.12/site-packages/airflow/example_dags/tutorial_taskflow_templates.py
[2025-03-01T02:33:55.299+0000] {processor.py:925} INFO - DAG(s) 'tutorial_taskflow_templates' retrieved from /home/airflow/.local/lib/python3.12/site-packages/airflow/example_dags/tutorial_taskflow_templates.py
[2025-03-01T02:33:55.331+0000] {logging_mixin.py:190} INFO - [2025-03-01T02:33:55.330+0000] {dag.py:3239} INFO - Sync 1 DAGs
[2025-03-01T02:33:55.391+0000] {logging_mixin.py:190} INFO - [2025-03-01T02:33:55.390+0000] {dag.py:4180} INFO - Setting next_dagrun for tutorial_taskflow_templates to 2025-02-28 00:00:00+00:00, run_after=2025-03-01 00:00:00+00:00
[2025-03-01T02:33:55.436+0000] {processor.py:208} INFO - Processing /home/airflow/.local/lib/python3.12/site-packages/airflow/example_dags/tutorial_taskflow_templates.py took 0.167 seconds
[2025-03-01T02:34:27.635+0000] {processor.py:186} INFO - Started process (PID=2145) to work on /home/airflow/.local/lib/python3.12/site-packages/airflow/example_dags/tutorial_taskflow_templates.py
[2025-03-01T02:34:27.637+0000] {processor.py:914} INFO - Processing file /home/airflow/.local/lib/python3.12/site-packages/airflow/example_dags/tutorial_taskflow_templates.py for tasks to queue
[2025-03-01T02:34:27.641+0000] {logging_mixin.py:190} INFO - [2025-03-01T02:34:27.640+0000] {dagbag.py:588} INFO - Filling up the DagBag from /home/airflow/.local/lib/python3.12/site-packages/airflow/example_dags/tutorial_taskflow_templates.py
[2025-03-01T02:34:27.667+0000] {processor.py:925} INFO - DAG(s) 'tutorial_taskflow_templates' retrieved from /home/airflow/.local/lib/python3.12/site-packages/airflow/example_dags/tutorial_taskflow_templates.py
[2025-03-01T02:34:27.700+0000] {logging_mixin.py:190} INFO - [2025-03-01T02:34:27.700+0000] {dag.py:3239} INFO - Sync 1 DAGs
[2025-03-01T02:34:27.743+0000] {logging_mixin.py:190} INFO - [2025-03-01T02:34:27.742+0000] {dag.py:4180} INFO - Setting next_dagrun for tutorial_taskflow_templates to 2025-02-28 00:00:00+00:00, run_after=2025-03-01 00:00:00+00:00
[2025-03-01T02:34:27.776+0000] {processor.py:208} INFO - Processing /home/airflow/.local/lib/python3.12/site-packages/airflow/example_dags/tutorial_taskflow_templates.py took 0.149 seconds
[2025-03-01T02:34:58.765+0000] {processor.py:186} INFO - Started process (PID=2210) to work on /home/airflow/.local/lib/python3.12/site-packages/airflow/example_dags/tutorial_taskflow_templates.py
[2025-03-01T02:34:58.767+0000] {processor.py:914} INFO - Processing file /home/airflow/.local/lib/python3.12/site-packages/airflow/example_dags/tutorial_taskflow_templates.py for tasks to queue
[2025-03-01T02:34:58.771+0000] {logging_mixin.py:190} INFO - [2025-03-01T02:34:58.770+0000] {dagbag.py:588} INFO - Filling up the DagBag from /home/airflow/.local/lib/python3.12/site-packages/airflow/example_dags/tutorial_taskflow_templates.py
[2025-03-01T02:34:58.791+0000] {processor.py:925} INFO - DAG(s) 'tutorial_taskflow_templates' retrieved from /home/airflow/.local/lib/python3.12/site-packages/airflow/example_dags/tutorial_taskflow_templates.py
[2025-03-01T02:34:58.828+0000] {logging_mixin.py:190} INFO - [2025-03-01T02:34:58.828+0000] {dag.py:3239} INFO - Sync 1 DAGs
[2025-03-01T02:34:58.872+0000] {logging_mixin.py:190} INFO - [2025-03-01T02:34:58.871+0000] {dag.py:4180} INFO - Setting next_dagrun for tutorial_taskflow_templates to 2025-02-28 00:00:00+00:00, run_after=2025-03-01 00:00:00+00:00
[2025-03-01T02:34:58.913+0000] {processor.py:208} INFO - Processing /home/airflow/.local/lib/python3.12/site-packages/airflow/example_dags/tutorial_taskflow_templates.py took 0.154 seconds
[2025-03-01T02:35:30.811+0000] {processor.py:186} INFO - Started process (PID=2275) to work on /home/airflow/.local/lib/python3.12/site-packages/airflow/example_dags/tutorial_taskflow_templates.py
[2025-03-01T02:35:30.812+0000] {processor.py:914} INFO - Processing file /home/airflow/.local/lib/python3.12/site-packages/airflow/example_dags/tutorial_taskflow_templates.py for tasks to queue
[2025-03-01T02:35:30.816+0000] {logging_mixin.py:190} INFO - [2025-03-01T02:35:30.816+0000] {dagbag.py:588} INFO - Filling up the DagBag from /home/airflow/.local/lib/python3.12/site-packages/airflow/example_dags/tutorial_taskflow_templates.py
[2025-03-01T02:35:30.834+0000] {processor.py:925} INFO - DAG(s) 'tutorial_taskflow_templates' retrieved from /home/airflow/.local/lib/python3.12/site-packages/airflow/example_dags/tutorial_taskflow_templates.py
[2025-03-01T02:35:30.864+0000] {logging_mixin.py:190} INFO - [2025-03-01T02:35:30.864+0000] {dag.py:3239} INFO - Sync 1 DAGs
[2025-03-01T02:35:30.904+0000] {logging_mixin.py:190} INFO - [2025-03-01T02:35:30.904+0000] {dag.py:4180} INFO - Setting next_dagrun for tutorial_taskflow_templates to 2025-02-28 00:00:00+00:00, run_after=2025-03-01 00:00:00+00:00
[2025-03-01T02:35:30.937+0000] {processor.py:208} INFO - Processing /home/airflow/.local/lib/python3.12/site-packages/airflow/example_dags/tutorial_taskflow_templates.py took 0.134 seconds
[2025-03-01T02:36:02.154+0000] {processor.py:186} INFO - Started process (PID=2342) to work on /home/airflow/.local/lib/python3.12/site-packages/airflow/example_dags/tutorial_taskflow_templates.py
[2025-03-01T02:36:02.155+0000] {processor.py:914} INFO - Processing file /home/airflow/.local/lib/python3.12/site-packages/airflow/example_dags/tutorial_taskflow_templates.py for tasks to queue
[2025-03-01T02:36:02.159+0000] {logging_mixin.py:190} INFO - [2025-03-01T02:36:02.159+0000] {dagbag.py:588} INFO - Filling up the DagBag from /home/airflow/.local/lib/python3.12/site-packages/airflow/example_dags/tutorial_taskflow_templates.py
[2025-03-01T02:36:02.177+0000] {processor.py:925} INFO - DAG(s) 'tutorial_taskflow_templates' retrieved from /home/airflow/.local/lib/python3.12/site-packages/airflow/example_dags/tutorial_taskflow_templates.py
[2025-03-01T02:36:02.209+0000] {logging_mixin.py:190} INFO - [2025-03-01T02:36:02.209+0000] {dag.py:3239} INFO - Sync 1 DAGs
[2025-03-01T02:36:02.244+0000] {logging_mixin.py:190} INFO - [2025-03-01T02:36:02.244+0000] {dag.py:4180} INFO - Setting next_dagrun for tutorial_taskflow_templates to 2025-02-28 00:00:00+00:00, run_after=2025-03-01 00:00:00+00:00
[2025-03-01T02:36:02.275+0000] {processor.py:208} INFO - Processing /home/airflow/.local/lib/python3.12/site-packages/airflow/example_dags/tutorial_taskflow_templates.py took 0.130 seconds
[2025-03-01T02:36:33.963+0000] {processor.py:186} INFO - Started process (PID=2407) to work on /home/airflow/.local/lib/python3.12/site-packages/airflow/example_dags/tutorial_taskflow_templates.py
[2025-03-01T02:36:33.965+0000] {processor.py:914} INFO - Processing file /home/airflow/.local/lib/python3.12/site-packages/airflow/example_dags/tutorial_taskflow_templates.py for tasks to queue
[2025-03-01T02:36:33.969+0000] {logging_mixin.py:190} INFO - [2025-03-01T02:36:33.968+0000] {dagbag.py:588} INFO - Filling up the DagBag from /home/airflow/.local/lib/python3.12/site-packages/airflow/example_dags/tutorial_taskflow_templates.py
[2025-03-01T02:36:33.986+0000] {processor.py:925} INFO - DAG(s) 'tutorial_taskflow_templates' retrieved from /home/airflow/.local/lib/python3.12/site-packages/airflow/example_dags/tutorial_taskflow_templates.py
[2025-03-01T02:36:34.016+0000] {logging_mixin.py:190} INFO - [2025-03-01T02:36:34.016+0000] {dag.py:3239} INFO - Sync 1 DAGs
[2025-03-01T02:36:34.050+0000] {logging_mixin.py:190} INFO - [2025-03-01T02:36:34.050+0000] {dag.py:4180} INFO - Setting next_dagrun for tutorial_taskflow_templates to 2025-02-28 00:00:00+00:00, run_after=2025-03-01 00:00:00+00:00
[2025-03-01T02:36:34.082+0000] {processor.py:208} INFO - Processing /home/airflow/.local/lib/python3.12/site-packages/airflow/example_dags/tutorial_taskflow_templates.py took 0.125 seconds
[2025-03-01T02:37:06.180+0000] {processor.py:186} INFO - Started process (PID=2473) to work on /home/airflow/.local/lib/python3.12/site-packages/airflow/example_dags/tutorial_taskflow_templates.py
[2025-03-01T02:37:06.182+0000] {processor.py:914} INFO - Processing file /home/airflow/.local/lib/python3.12/site-packages/airflow/example_dags/tutorial_taskflow_templates.py for tasks to queue
[2025-03-01T02:37:06.186+0000] {logging_mixin.py:190} INFO - [2025-03-01T02:37:06.185+0000] {dagbag.py:588} INFO - Filling up the DagBag from /home/airflow/.local/lib/python3.12/site-packages/airflow/example_dags/tutorial_taskflow_templates.py
[2025-03-01T02:37:06.210+0000] {processor.py:925} INFO - DAG(s) 'tutorial_taskflow_templates' retrieved from /home/airflow/.local/lib/python3.12/site-packages/airflow/example_dags/tutorial_taskflow_templates.py
[2025-03-01T02:37:06.243+0000] {logging_mixin.py:190} INFO - [2025-03-01T02:37:06.243+0000] {dag.py:3239} INFO - Sync 1 DAGs
[2025-03-01T02:37:06.288+0000] {logging_mixin.py:190} INFO - [2025-03-01T02:37:06.287+0000] {dag.py:4180} INFO - Setting next_dagrun for tutorial_taskflow_templates to 2025-02-28 00:00:00+00:00, run_after=2025-03-01 00:00:00+00:00
[2025-03-01T02:37:06.598+0000] {processor.py:208} INFO - Processing /home/airflow/.local/lib/python3.12/site-packages/airflow/example_dags/tutorial_taskflow_templates.py took 0.425 seconds
[2025-03-01T02:37:38.651+0000] {processor.py:186} INFO - Started process (PID=2541) to work on /home/airflow/.local/lib/python3.12/site-packages/airflow/example_dags/tutorial_taskflow_templates.py
[2025-03-01T02:37:38.652+0000] {processor.py:914} INFO - Processing file /home/airflow/.local/lib/python3.12/site-packages/airflow/example_dags/tutorial_taskflow_templates.py for tasks to queue
[2025-03-01T02:37:38.657+0000] {logging_mixin.py:190} INFO - [2025-03-01T02:37:38.656+0000] {dagbag.py:588} INFO - Filling up the DagBag from /home/airflow/.local/lib/python3.12/site-packages/airflow/example_dags/tutorial_taskflow_templates.py
[2025-03-01T02:37:38.674+0000] {processor.py:925} INFO - DAG(s) 'tutorial_taskflow_templates' retrieved from /home/airflow/.local/lib/python3.12/site-packages/airflow/example_dags/tutorial_taskflow_templates.py
[2025-03-01T02:37:38.704+0000] {logging_mixin.py:190} INFO - [2025-03-01T02:37:38.703+0000] {dag.py:3239} INFO - Sync 1 DAGs
[2025-03-01T02:37:38.737+0000] {logging_mixin.py:190} INFO - [2025-03-01T02:37:38.737+0000] {dag.py:4180} INFO - Setting next_dagrun for tutorial_taskflow_templates to 2025-02-28 00:00:00+00:00, run_after=2025-03-01 00:00:00+00:00
[2025-03-01T02:37:38.773+0000] {processor.py:208} INFO - Processing /home/airflow/.local/lib/python3.12/site-packages/airflow/example_dags/tutorial_taskflow_templates.py took 0.130 seconds
[2025-03-01T02:38:10.143+0000] {processor.py:186} INFO - Started process (PID=2608) to work on /home/airflow/.local/lib/python3.12/site-packages/airflow/example_dags/tutorial_taskflow_templates.py
[2025-03-01T02:38:10.145+0000] {processor.py:914} INFO - Processing file /home/airflow/.local/lib/python3.12/site-packages/airflow/example_dags/tutorial_taskflow_templates.py for tasks to queue
[2025-03-01T02:38:10.149+0000] {logging_mixin.py:190} INFO - [2025-03-01T02:38:10.149+0000] {dagbag.py:588} INFO - Filling up the DagBag from /home/airflow/.local/lib/python3.12/site-packages/airflow/example_dags/tutorial_taskflow_templates.py
[2025-03-01T02:38:10.173+0000] {processor.py:925} INFO - DAG(s) 'tutorial_taskflow_templates' retrieved from /home/airflow/.local/lib/python3.12/site-packages/airflow/example_dags/tutorial_taskflow_templates.py
[2025-03-01T02:38:10.211+0000] {logging_mixin.py:190} INFO - [2025-03-01T02:38:10.211+0000] {dag.py:3239} INFO - Sync 1 DAGs
[2025-03-01T02:38:10.250+0000] {logging_mixin.py:190} INFO - [2025-03-01T02:38:10.249+0000] {dag.py:4180} INFO - Setting next_dagrun for tutorial_taskflow_templates to 2025-02-28 00:00:00+00:00, run_after=2025-03-01 00:00:00+00:00
[2025-03-01T02:38:10.283+0000] {processor.py:208} INFO - Processing /home/airflow/.local/lib/python3.12/site-packages/airflow/example_dags/tutorial_taskflow_templates.py took 0.150 seconds
[2025-03-01T02:38:41.739+0000] {processor.py:186} INFO - Started process (PID=2677) to work on /home/airflow/.local/lib/python3.12/site-packages/airflow/example_dags/tutorial_taskflow_templates.py
[2025-03-01T02:38:41.740+0000] {processor.py:914} INFO - Processing file /home/airflow/.local/lib/python3.12/site-packages/airflow/example_dags/tutorial_taskflow_templates.py for tasks to queue
[2025-03-01T02:38:41.744+0000] {logging_mixin.py:190} INFO - [2025-03-01T02:38:41.744+0000] {dagbag.py:588} INFO - Filling up the DagBag from /home/airflow/.local/lib/python3.12/site-packages/airflow/example_dags/tutorial_taskflow_templates.py
[2025-03-01T02:38:41.765+0000] {processor.py:925} INFO - DAG(s) 'tutorial_taskflow_templates' retrieved from /home/airflow/.local/lib/python3.12/site-packages/airflow/example_dags/tutorial_taskflow_templates.py
[2025-03-01T02:38:41.794+0000] {logging_mixin.py:190} INFO - [2025-03-01T02:38:41.794+0000] {dag.py:3239} INFO - Sync 1 DAGs
[2025-03-01T02:38:41.826+0000] {logging_mixin.py:190} INFO - [2025-03-01T02:38:41.825+0000] {dag.py:4180} INFO - Setting next_dagrun for tutorial_taskflow_templates to 2025-02-28 00:00:00+00:00, run_after=2025-03-01 00:00:00+00:00
[2025-03-01T02:38:41.859+0000] {processor.py:208} INFO - Processing /home/airflow/.local/lib/python3.12/site-packages/airflow/example_dags/tutorial_taskflow_templates.py took 0.129 seconds
[2025-03-01T02:39:16.515+0000] {processor.py:186} INFO - Started process (PID=2745) to work on /home/airflow/.local/lib/python3.12/site-packages/airflow/example_dags/tutorial_taskflow_templates.py
[2025-03-01T02:39:16.517+0000] {processor.py:914} INFO - Processing file /home/airflow/.local/lib/python3.12/site-packages/airflow/example_dags/tutorial_taskflow_templates.py for tasks to queue
[2025-03-01T02:39:16.519+0000] {logging_mixin.py:190} INFO - [2025-03-01T02:39:16.518+0000] {dagbag.py:588} INFO - Filling up the DagBag from /home/airflow/.local/lib/python3.12/site-packages/airflow/example_dags/tutorial_taskflow_templates.py
[2025-03-01T02:39:16.538+0000] {processor.py:925} INFO - DAG(s) 'tutorial_taskflow_templates' retrieved from /home/airflow/.local/lib/python3.12/site-packages/airflow/example_dags/tutorial_taskflow_templates.py
[2025-03-01T02:39:16.584+0000] {logging_mixin.py:190} INFO - [2025-03-01T02:39:16.584+0000] {dag.py:3239} INFO - Sync 1 DAGs
[2025-03-01T02:39:16.955+0000] {logging_mixin.py:190} INFO - [2025-03-01T02:39:16.955+0000] {dag.py:4180} INFO - Setting next_dagrun for tutorial_taskflow_templates to 2025-02-28 00:00:00+00:00, run_after=2025-03-01 00:00:00+00:00
[2025-03-01T02:39:16.996+0000] {processor.py:208} INFO - Processing /home/airflow/.local/lib/python3.12/site-packages/airflow/example_dags/tutorial_taskflow_templates.py took 0.488 seconds
[2025-03-01T02:39:47.590+0000] {processor.py:186} INFO - Started process (PID=2810) to work on /home/airflow/.local/lib/python3.12/site-packages/airflow/example_dags/tutorial_taskflow_templates.py
[2025-03-01T02:39:47.592+0000] {processor.py:914} INFO - Processing file /home/airflow/.local/lib/python3.12/site-packages/airflow/example_dags/tutorial_taskflow_templates.py for tasks to queue
[2025-03-01T02:39:47.596+0000] {logging_mixin.py:190} INFO - [2025-03-01T02:39:47.595+0000] {dagbag.py:588} INFO - Filling up the DagBag from /home/airflow/.local/lib/python3.12/site-packages/airflow/example_dags/tutorial_taskflow_templates.py
[2025-03-01T02:39:47.619+0000] {processor.py:925} INFO - DAG(s) 'tutorial_taskflow_templates' retrieved from /home/airflow/.local/lib/python3.12/site-packages/airflow/example_dags/tutorial_taskflow_templates.py
[2025-03-01T02:39:47.660+0000] {logging_mixin.py:190} INFO - [2025-03-01T02:39:47.660+0000] {dag.py:3239} INFO - Sync 1 DAGs
[2025-03-01T02:39:47.703+0000] {logging_mixin.py:190} INFO - [2025-03-01T02:39:47.702+0000] {dag.py:4180} INFO - Setting next_dagrun for tutorial_taskflow_templates to 2025-02-28 00:00:00+00:00, run_after=2025-03-01 00:00:00+00:00
[2025-03-01T02:39:47.752+0000] {processor.py:208} INFO - Processing /home/airflow/.local/lib/python3.12/site-packages/airflow/example_dags/tutorial_taskflow_templates.py took 0.171 seconds
[2025-03-01T02:40:18.403+0000] {processor.py:186} INFO - Started process (PID=2874) to work on /home/airflow/.local/lib/python3.12/site-packages/airflow/example_dags/tutorial_taskflow_templates.py
[2025-03-01T02:40:18.405+0000] {processor.py:914} INFO - Processing file /home/airflow/.local/lib/python3.12/site-packages/airflow/example_dags/tutorial_taskflow_templates.py for tasks to queue
[2025-03-01T02:40:18.408+0000] {logging_mixin.py:190} INFO - [2025-03-01T02:40:18.407+0000] {dagbag.py:588} INFO - Filling up the DagBag from /home/airflow/.local/lib/python3.12/site-packages/airflow/example_dags/tutorial_taskflow_templates.py
[2025-03-01T02:40:18.429+0000] {processor.py:925} INFO - DAG(s) 'tutorial_taskflow_templates' retrieved from /home/airflow/.local/lib/python3.12/site-packages/airflow/example_dags/tutorial_taskflow_templates.py
[2025-03-01T02:40:18.462+0000] {logging_mixin.py:190} INFO - [2025-03-01T02:40:18.461+0000] {dag.py:3239} INFO - Sync 1 DAGs
[2025-03-01T02:40:18.500+0000] {logging_mixin.py:190} INFO - [2025-03-01T02:40:18.500+0000] {dag.py:4180} INFO - Setting next_dagrun for tutorial_taskflow_templates to 2025-02-28 00:00:00+00:00, run_after=2025-03-01 00:00:00+00:00
[2025-03-01T02:40:18.539+0000] {processor.py:208} INFO - Processing /home/airflow/.local/lib/python3.12/site-packages/airflow/example_dags/tutorial_taskflow_templates.py took 0.146 seconds
[2025-03-01T02:40:49.393+0000] {processor.py:186} INFO - Started process (PID=2942) to work on /home/airflow/.local/lib/python3.12/site-packages/airflow/example_dags/tutorial_taskflow_templates.py
[2025-03-01T02:40:49.396+0000] {processor.py:914} INFO - Processing file /home/airflow/.local/lib/python3.12/site-packages/airflow/example_dags/tutorial_taskflow_templates.py for tasks to queue
[2025-03-01T02:40:49.398+0000] {logging_mixin.py:190} INFO - [2025-03-01T02:40:49.397+0000] {dagbag.py:588} INFO - Filling up the DagBag from /home/airflow/.local/lib/python3.12/site-packages/airflow/example_dags/tutorial_taskflow_templates.py
[2025-03-01T02:40:49.424+0000] {processor.py:925} INFO - DAG(s) 'tutorial_taskflow_templates' retrieved from /home/airflow/.local/lib/python3.12/site-packages/airflow/example_dags/tutorial_taskflow_templates.py
[2025-03-01T02:40:49.462+0000] {logging_mixin.py:190} INFO - [2025-03-01T02:40:49.461+0000] {dag.py:3239} INFO - Sync 1 DAGs
[2025-03-01T02:40:49.518+0000] {logging_mixin.py:190} INFO - [2025-03-01T02:40:49.518+0000] {dag.py:4180} INFO - Setting next_dagrun for tutorial_taskflow_templates to 2025-02-28 00:00:00+00:00, run_after=2025-03-01 00:00:00+00:00
[2025-03-01T02:40:49.558+0000] {processor.py:208} INFO - Processing /home/airflow/.local/lib/python3.12/site-packages/airflow/example_dags/tutorial_taskflow_templates.py took 0.176 seconds
[2025-03-01T02:41:22.206+0000] {processor.py:186} INFO - Started process (PID=3012) to work on /home/airflow/.local/lib/python3.12/site-packages/airflow/example_dags/tutorial_taskflow_templates.py
[2025-03-01T02:41:22.208+0000] {processor.py:914} INFO - Processing file /home/airflow/.local/lib/python3.12/site-packages/airflow/example_dags/tutorial_taskflow_templates.py for tasks to queue
[2025-03-01T02:41:22.211+0000] {logging_mixin.py:190} INFO - [2025-03-01T02:41:22.211+0000] {dagbag.py:588} INFO - Filling up the DagBag from /home/airflow/.local/lib/python3.12/site-packages/airflow/example_dags/tutorial_taskflow_templates.py
[2025-03-01T02:41:22.242+0000] {processor.py:925} INFO - DAG(s) 'tutorial_taskflow_templates' retrieved from /home/airflow/.local/lib/python3.12/site-packages/airflow/example_dags/tutorial_taskflow_templates.py
[2025-03-01T02:41:22.283+0000] {logging_mixin.py:190} INFO - [2025-03-01T02:41:22.282+0000] {dag.py:3239} INFO - Sync 1 DAGs
[2025-03-01T02:41:22.331+0000] {logging_mixin.py:190} INFO - [2025-03-01T02:41:22.330+0000] {dag.py:4180} INFO - Setting next_dagrun for tutorial_taskflow_templates to 2025-02-28 00:00:00+00:00, run_after=2025-03-01 00:00:00+00:00
[2025-03-01T02:41:22.371+0000] {processor.py:208} INFO - Processing /home/airflow/.local/lib/python3.12/site-packages/airflow/example_dags/tutorial_taskflow_templates.py took 0.179 seconds
[2025-03-01T02:41:52.733+0000] {processor.py:186} INFO - Started process (PID=3076) to work on /home/airflow/.local/lib/python3.12/site-packages/airflow/example_dags/tutorial_taskflow_templates.py
[2025-03-01T02:41:52.735+0000] {processor.py:914} INFO - Processing file /home/airflow/.local/lib/python3.12/site-packages/airflow/example_dags/tutorial_taskflow_templates.py for tasks to queue
[2025-03-01T02:41:52.737+0000] {logging_mixin.py:190} INFO - [2025-03-01T02:41:52.737+0000] {dagbag.py:588} INFO - Filling up the DagBag from /home/airflow/.local/lib/python3.12/site-packages/airflow/example_dags/tutorial_taskflow_templates.py
[2025-03-01T02:41:52.757+0000] {processor.py:925} INFO - DAG(s) 'tutorial_taskflow_templates' retrieved from /home/airflow/.local/lib/python3.12/site-packages/airflow/example_dags/tutorial_taskflow_templates.py
[2025-03-01T02:41:52.795+0000] {logging_mixin.py:190} INFO - [2025-03-01T02:41:52.794+0000] {dag.py:3239} INFO - Sync 1 DAGs
[2025-03-01T02:41:52.853+0000] {logging_mixin.py:190} INFO - [2025-03-01T02:41:52.853+0000] {dag.py:4180} INFO - Setting next_dagrun for tutorial_taskflow_templates to 2025-02-28 00:00:00+00:00, run_after=2025-03-01 00:00:00+00:00
[2025-03-01T02:41:52.889+0000] {processor.py:208} INFO - Processing /home/airflow/.local/lib/python3.12/site-packages/airflow/example_dags/tutorial_taskflow_templates.py took 0.164 seconds
[2025-03-01T02:42:23.663+0000] {processor.py:186} INFO - Started process (PID=3150) to work on /home/airflow/.local/lib/python3.12/site-packages/airflow/example_dags/tutorial_taskflow_templates.py
[2025-03-01T02:42:23.665+0000] {processor.py:914} INFO - Processing file /home/airflow/.local/lib/python3.12/site-packages/airflow/example_dags/tutorial_taskflow_templates.py for tasks to queue
[2025-03-01T02:42:23.668+0000] {logging_mixin.py:190} INFO - [2025-03-01T02:42:23.667+0000] {dagbag.py:588} INFO - Filling up the DagBag from /home/airflow/.local/lib/python3.12/site-packages/airflow/example_dags/tutorial_taskflow_templates.py
[2025-03-01T02:42:23.689+0000] {processor.py:925} INFO - DAG(s) 'tutorial_taskflow_templates' retrieved from /home/airflow/.local/lib/python3.12/site-packages/airflow/example_dags/tutorial_taskflow_templates.py
[2025-03-01T02:42:23.726+0000] {logging_mixin.py:190} INFO - [2025-03-01T02:42:23.725+0000] {dag.py:3239} INFO - Sync 1 DAGs
[2025-03-01T02:42:23.770+0000] {logging_mixin.py:190} INFO - [2025-03-01T02:42:23.769+0000] {dag.py:4180} INFO - Setting next_dagrun for tutorial_taskflow_templates to 2025-02-28 00:00:00+00:00, run_after=2025-03-01 00:00:00+00:00
[2025-03-01T02:42:23.811+0000] {processor.py:208} INFO - Processing /home/airflow/.local/lib/python3.12/site-packages/airflow/example_dags/tutorial_taskflow_templates.py took 0.155 seconds
[2025-03-01T02:42:54.927+0000] {processor.py:186} INFO - Started process (PID=3221) to work on /home/airflow/.local/lib/python3.12/site-packages/airflow/example_dags/tutorial_taskflow_templates.py
[2025-03-01T02:42:54.928+0000] {processor.py:914} INFO - Processing file /home/airflow/.local/lib/python3.12/site-packages/airflow/example_dags/tutorial_taskflow_templates.py for tasks to queue
[2025-03-01T02:42:54.930+0000] {logging_mixin.py:190} INFO - [2025-03-01T02:42:54.930+0000] {dagbag.py:588} INFO - Filling up the DagBag from /home/airflow/.local/lib/python3.12/site-packages/airflow/example_dags/tutorial_taskflow_templates.py
[2025-03-01T02:42:54.952+0000] {processor.py:925} INFO - DAG(s) 'tutorial_taskflow_templates' retrieved from /home/airflow/.local/lib/python3.12/site-packages/airflow/example_dags/tutorial_taskflow_templates.py
[2025-03-01T02:42:55.010+0000] {logging_mixin.py:190} INFO - [2025-03-01T02:42:55.009+0000] {dag.py:3239} INFO - Sync 1 DAGs
[2025-03-01T02:42:55.064+0000] {logging_mixin.py:190} INFO - [2025-03-01T02:42:55.063+0000] {dag.py:4180} INFO - Setting next_dagrun for tutorial_taskflow_templates to 2025-02-28 00:00:00+00:00, run_after=2025-03-01 00:00:00+00:00
[2025-03-01T02:42:55.103+0000] {processor.py:208} INFO - Processing /home/airflow/.local/lib/python3.12/site-packages/airflow/example_dags/tutorial_taskflow_templates.py took 0.183 seconds
[2025-03-01T02:43:25.328+0000] {processor.py:186} INFO - Started process (PID=3286) to work on /home/airflow/.local/lib/python3.12/site-packages/airflow/example_dags/tutorial_taskflow_templates.py
[2025-03-01T02:43:25.329+0000] {processor.py:914} INFO - Processing file /home/airflow/.local/lib/python3.12/site-packages/airflow/example_dags/tutorial_taskflow_templates.py for tasks to queue
[2025-03-01T02:43:25.332+0000] {logging_mixin.py:190} INFO - [2025-03-01T02:43:25.331+0000] {dagbag.py:588} INFO - Filling up the DagBag from /home/airflow/.local/lib/python3.12/site-packages/airflow/example_dags/tutorial_taskflow_templates.py
[2025-03-01T02:43:25.355+0000] {processor.py:925} INFO - DAG(s) 'tutorial_taskflow_templates' retrieved from /home/airflow/.local/lib/python3.12/site-packages/airflow/example_dags/tutorial_taskflow_templates.py
[2025-03-01T02:43:25.395+0000] {logging_mixin.py:190} INFO - [2025-03-01T02:43:25.395+0000] {dag.py:3239} INFO - Sync 1 DAGs
[2025-03-01T02:43:25.442+0000] {logging_mixin.py:190} INFO - [2025-03-01T02:43:25.442+0000] {dag.py:4180} INFO - Setting next_dagrun for tutorial_taskflow_templates to 2025-02-28 00:00:00+00:00, run_after=2025-03-01 00:00:00+00:00
[2025-03-01T02:43:25.479+0000] {processor.py:208} INFO - Processing /home/airflow/.local/lib/python3.12/site-packages/airflow/example_dags/tutorial_taskflow_templates.py took 0.162 seconds
[2025-03-01T02:43:56.580+0000] {processor.py:186} INFO - Started process (PID=3353) to work on /home/airflow/.local/lib/python3.12/site-packages/airflow/example_dags/tutorial_taskflow_templates.py
[2025-03-01T02:43:56.582+0000] {processor.py:914} INFO - Processing file /home/airflow/.local/lib/python3.12/site-packages/airflow/example_dags/tutorial_taskflow_templates.py for tasks to queue
[2025-03-01T02:43:56.584+0000] {logging_mixin.py:190} INFO - [2025-03-01T02:43:56.584+0000] {dagbag.py:588} INFO - Filling up the DagBag from /home/airflow/.local/lib/python3.12/site-packages/airflow/example_dags/tutorial_taskflow_templates.py
[2025-03-01T02:43:56.613+0000] {processor.py:925} INFO - DAG(s) 'tutorial_taskflow_templates' retrieved from /home/airflow/.local/lib/python3.12/site-packages/airflow/example_dags/tutorial_taskflow_templates.py
[2025-03-01T02:43:56.654+0000] {logging_mixin.py:190} INFO - [2025-03-01T02:43:56.653+0000] {dag.py:3239} INFO - Sync 1 DAGs
[2025-03-01T02:43:56.706+0000] {logging_mixin.py:190} INFO - [2025-03-01T02:43:56.706+0000] {dag.py:4180} INFO - Setting next_dagrun for tutorial_taskflow_templates to 2025-02-28 00:00:00+00:00, run_after=2025-03-01 00:00:00+00:00
[2025-03-01T02:43:56.744+0000] {processor.py:208} INFO - Processing /home/airflow/.local/lib/python3.12/site-packages/airflow/example_dags/tutorial_taskflow_templates.py took 0.174 seconds
[2025-03-01T02:44:27.195+0000] {processor.py:186} INFO - Started process (PID=3417) to work on /home/airflow/.local/lib/python3.12/site-packages/airflow/example_dags/tutorial_taskflow_templates.py
[2025-03-01T02:44:27.202+0000] {processor.py:914} INFO - Processing file /home/airflow/.local/lib/python3.12/site-packages/airflow/example_dags/tutorial_taskflow_templates.py for tasks to queue
[2025-03-01T02:44:27.205+0000] {logging_mixin.py:190} INFO - [2025-03-01T02:44:27.205+0000] {dagbag.py:588} INFO - Filling up the DagBag from /home/airflow/.local/lib/python3.12/site-packages/airflow/example_dags/tutorial_taskflow_templates.py
[2025-03-01T02:44:27.230+0000] {processor.py:925} INFO - DAG(s) 'tutorial_taskflow_templates' retrieved from /home/airflow/.local/lib/python3.12/site-packages/airflow/example_dags/tutorial_taskflow_templates.py
[2025-03-01T02:44:27.266+0000] {logging_mixin.py:190} INFO - [2025-03-01T02:44:27.265+0000] {dag.py:3239} INFO - Sync 1 DAGs
[2025-03-01T02:44:27.314+0000] {logging_mixin.py:190} INFO - [2025-03-01T02:44:27.313+0000] {dag.py:4180} INFO - Setting next_dagrun for tutorial_taskflow_templates to 2025-02-28 00:00:00+00:00, run_after=2025-03-01 00:00:00+00:00
[2025-03-01T02:44:27.349+0000] {processor.py:208} INFO - Processing /home/airflow/.local/lib/python3.12/site-packages/airflow/example_dags/tutorial_taskflow_templates.py took 0.165 seconds
[2025-03-01T02:44:57.495+0000] {processor.py:186} INFO - Started process (PID=3481) to work on /home/airflow/.local/lib/python3.12/site-packages/airflow/example_dags/tutorial_taskflow_templates.py
[2025-03-01T02:44:57.497+0000] {processor.py:914} INFO - Processing file /home/airflow/.local/lib/python3.12/site-packages/airflow/example_dags/tutorial_taskflow_templates.py for tasks to queue
[2025-03-01T02:44:57.499+0000] {logging_mixin.py:190} INFO - [2025-03-01T02:44:57.498+0000] {dagbag.py:588} INFO - Filling up the DagBag from /home/airflow/.local/lib/python3.12/site-packages/airflow/example_dags/tutorial_taskflow_templates.py
[2025-03-01T02:44:57.517+0000] {processor.py:925} INFO - DAG(s) 'tutorial_taskflow_templates' retrieved from /home/airflow/.local/lib/python3.12/site-packages/airflow/example_dags/tutorial_taskflow_templates.py
[2025-03-01T02:44:57.548+0000] {logging_mixin.py:190} INFO - [2025-03-01T02:44:57.548+0000] {dag.py:3239} INFO - Sync 1 DAGs
[2025-03-01T02:44:57.587+0000] {logging_mixin.py:190} INFO - [2025-03-01T02:44:57.587+0000] {dag.py:4180} INFO - Setting next_dagrun for tutorial_taskflow_templates to 2025-02-28 00:00:00+00:00, run_after=2025-03-01 00:00:00+00:00
[2025-03-01T02:44:57.621+0000] {processor.py:208} INFO - Processing /home/airflow/.local/lib/python3.12/site-packages/airflow/example_dags/tutorial_taskflow_templates.py took 0.134 seconds
[2025-03-01T02:45:28.330+0000] {processor.py:186} INFO - Started process (PID=3546) to work on /home/airflow/.local/lib/python3.12/site-packages/airflow/example_dags/tutorial_taskflow_templates.py
[2025-03-01T02:45:28.333+0000] {processor.py:914} INFO - Processing file /home/airflow/.local/lib/python3.12/site-packages/airflow/example_dags/tutorial_taskflow_templates.py for tasks to queue
[2025-03-01T02:45:28.335+0000] {logging_mixin.py:190} INFO - [2025-03-01T02:45:28.335+0000] {dagbag.py:588} INFO - Filling up the DagBag from /home/airflow/.local/lib/python3.12/site-packages/airflow/example_dags/tutorial_taskflow_templates.py
[2025-03-01T02:45:28.356+0000] {processor.py:925} INFO - DAG(s) 'tutorial_taskflow_templates' retrieved from /home/airflow/.local/lib/python3.12/site-packages/airflow/example_dags/tutorial_taskflow_templates.py
[2025-03-01T02:45:28.396+0000] {logging_mixin.py:190} INFO - [2025-03-01T02:45:28.395+0000] {dag.py:3239} INFO - Sync 1 DAGs
[2025-03-01T02:45:28.438+0000] {logging_mixin.py:190} INFO - [2025-03-01T02:45:28.438+0000] {dag.py:4180} INFO - Setting next_dagrun for tutorial_taskflow_templates to 2025-02-28 00:00:00+00:00, run_after=2025-03-01 00:00:00+00:00
[2025-03-01T02:45:28.471+0000] {processor.py:208} INFO - Processing /home/airflow/.local/lib/python3.12/site-packages/airflow/example_dags/tutorial_taskflow_templates.py took 0.148 seconds
[2025-03-01T02:45:58.808+0000] {processor.py:186} INFO - Started process (PID=3611) to work on /home/airflow/.local/lib/python3.12/site-packages/airflow/example_dags/tutorial_taskflow_templates.py
[2025-03-01T02:45:58.809+0000] {processor.py:914} INFO - Processing file /home/airflow/.local/lib/python3.12/site-packages/airflow/example_dags/tutorial_taskflow_templates.py for tasks to queue
[2025-03-01T02:45:58.812+0000] {logging_mixin.py:190} INFO - [2025-03-01T02:45:58.811+0000] {dagbag.py:588} INFO - Filling up the DagBag from /home/airflow/.local/lib/python3.12/site-packages/airflow/example_dags/tutorial_taskflow_templates.py
[2025-03-01T02:45:58.841+0000] {processor.py:925} INFO - DAG(s) 'tutorial_taskflow_templates' retrieved from /home/airflow/.local/lib/python3.12/site-packages/airflow/example_dags/tutorial_taskflow_templates.py
[2025-03-01T02:45:58.879+0000] {logging_mixin.py:190} INFO - [2025-03-01T02:45:58.879+0000] {dag.py:3239} INFO - Sync 1 DAGs
[2025-03-01T02:45:58.932+0000] {logging_mixin.py:190} INFO - [2025-03-01T02:45:58.931+0000] {dag.py:4180} INFO - Setting next_dagrun for tutorial_taskflow_templates to 2025-02-28 00:00:00+00:00, run_after=2025-03-01 00:00:00+00:00
[2025-03-01T02:45:58.968+0000] {processor.py:208} INFO - Processing /home/airflow/.local/lib/python3.12/site-packages/airflow/example_dags/tutorial_taskflow_templates.py took 0.170 seconds
[2025-03-01T02:46:29.488+0000] {processor.py:186} INFO - Started process (PID=3676) to work on /home/airflow/.local/lib/python3.12/site-packages/airflow/example_dags/tutorial_taskflow_templates.py
[2025-03-01T02:46:29.490+0000] {processor.py:914} INFO - Processing file /home/airflow/.local/lib/python3.12/site-packages/airflow/example_dags/tutorial_taskflow_templates.py for tasks to queue
[2025-03-01T02:46:29.493+0000] {logging_mixin.py:190} INFO - [2025-03-01T02:46:29.492+0000] {dagbag.py:588} INFO - Filling up the DagBag from /home/airflow/.local/lib/python3.12/site-packages/airflow/example_dags/tutorial_taskflow_templates.py
[2025-03-01T02:46:29.516+0000] {processor.py:925} INFO - DAG(s) 'tutorial_taskflow_templates' retrieved from /home/airflow/.local/lib/python3.12/site-packages/airflow/example_dags/tutorial_taskflow_templates.py
[2025-03-01T02:46:29.548+0000] {logging_mixin.py:190} INFO - [2025-03-01T02:46:29.548+0000] {dag.py:3239} INFO - Sync 1 DAGs
[2025-03-01T02:46:29.584+0000] {logging_mixin.py:190} INFO - [2025-03-01T02:46:29.584+0000] {dag.py:4180} INFO - Setting next_dagrun for tutorial_taskflow_templates to 2025-02-28 00:00:00+00:00, run_after=2025-03-01 00:00:00+00:00
[2025-03-01T02:46:29.620+0000] {processor.py:208} INFO - Processing /home/airflow/.local/lib/python3.12/site-packages/airflow/example_dags/tutorial_taskflow_templates.py took 0.139 seconds
[2025-03-01T02:46:59.890+0000] {processor.py:186} INFO - Started process (PID=3742) to work on /home/airflow/.local/lib/python3.12/site-packages/airflow/example_dags/tutorial_taskflow_templates.py
[2025-03-01T02:46:59.892+0000] {processor.py:914} INFO - Processing file /home/airflow/.local/lib/python3.12/site-packages/airflow/example_dags/tutorial_taskflow_templates.py for tasks to queue
[2025-03-01T02:46:59.895+0000] {logging_mixin.py:190} INFO - [2025-03-01T02:46:59.894+0000] {dagbag.py:588} INFO - Filling up the DagBag from /home/airflow/.local/lib/python3.12/site-packages/airflow/example_dags/tutorial_taskflow_templates.py
[2025-03-01T02:46:59.919+0000] {processor.py:925} INFO - DAG(s) 'tutorial_taskflow_templates' retrieved from /home/airflow/.local/lib/python3.12/site-packages/airflow/example_dags/tutorial_taskflow_templates.py
[2025-03-01T02:46:59.957+0000] {logging_mixin.py:190} INFO - [2025-03-01T02:46:59.956+0000] {dag.py:3239} INFO - Sync 1 DAGs
[2025-03-01T02:47:00.005+0000] {logging_mixin.py:190} INFO - [2025-03-01T02:47:00.004+0000] {dag.py:4180} INFO - Setting next_dagrun for tutorial_taskflow_templates to 2025-02-28 00:00:00+00:00, run_after=2025-03-01 00:00:00+00:00
[2025-03-01T02:47:00.049+0000] {processor.py:208} INFO - Processing /home/airflow/.local/lib/python3.12/site-packages/airflow/example_dags/tutorial_taskflow_templates.py took 0.168 seconds
[2025-03-01T02:47:30.557+0000] {processor.py:186} INFO - Started process (PID=3805) to work on /home/airflow/.local/lib/python3.12/site-packages/airflow/example_dags/tutorial_taskflow_templates.py
[2025-03-01T02:47:30.558+0000] {processor.py:914} INFO - Processing file /home/airflow/.local/lib/python3.12/site-packages/airflow/example_dags/tutorial_taskflow_templates.py for tasks to queue
[2025-03-01T02:47:30.561+0000] {logging_mixin.py:190} INFO - [2025-03-01T02:47:30.560+0000] {dagbag.py:588} INFO - Filling up the DagBag from /home/airflow/.local/lib/python3.12/site-packages/airflow/example_dags/tutorial_taskflow_templates.py
[2025-03-01T02:47:30.584+0000] {processor.py:925} INFO - DAG(s) 'tutorial_taskflow_templates' retrieved from /home/airflow/.local/lib/python3.12/site-packages/airflow/example_dags/tutorial_taskflow_templates.py
[2025-03-01T02:47:30.618+0000] {logging_mixin.py:190} INFO - [2025-03-01T02:47:30.618+0000] {dag.py:3239} INFO - Sync 1 DAGs
[2025-03-01T02:47:30.658+0000] {logging_mixin.py:190} INFO - [2025-03-01T02:47:30.658+0000] {dag.py:4180} INFO - Setting next_dagrun for tutorial_taskflow_templates to 2025-02-28 00:00:00+00:00, run_after=2025-03-01 00:00:00+00:00
[2025-03-01T02:47:30.693+0000] {processor.py:208} INFO - Processing /home/airflow/.local/lib/python3.12/site-packages/airflow/example_dags/tutorial_taskflow_templates.py took 0.145 seconds
[2025-03-01T02:48:01.784+0000] {processor.py:186} INFO - Started process (PID=3870) to work on /home/airflow/.local/lib/python3.12/site-packages/airflow/example_dags/tutorial_taskflow_templates.py
[2025-03-01T02:48:01.785+0000] {processor.py:914} INFO - Processing file /home/airflow/.local/lib/python3.12/site-packages/airflow/example_dags/tutorial_taskflow_templates.py for tasks to queue
[2025-03-01T02:48:01.787+0000] {logging_mixin.py:190} INFO - [2025-03-01T02:48:01.787+0000] {dagbag.py:588} INFO - Filling up the DagBag from /home/airflow/.local/lib/python3.12/site-packages/airflow/example_dags/tutorial_taskflow_templates.py
[2025-03-01T02:48:01.807+0000] {processor.py:925} INFO - DAG(s) 'tutorial_taskflow_templates' retrieved from /home/airflow/.local/lib/python3.12/site-packages/airflow/example_dags/tutorial_taskflow_templates.py
[2025-03-01T02:48:01.838+0000] {logging_mixin.py:190} INFO - [2025-03-01T02:48:01.838+0000] {dag.py:3239} INFO - Sync 1 DAGs
[2025-03-01T02:48:01.876+0000] {logging_mixin.py:190} INFO - [2025-03-01T02:48:01.875+0000] {dag.py:4180} INFO - Setting next_dagrun for tutorial_taskflow_templates to 2025-02-28 00:00:00+00:00, run_after=2025-03-01 00:00:00+00:00
[2025-03-01T02:48:01.908+0000] {processor.py:208} INFO - Processing /home/airflow/.local/lib/python3.12/site-packages/airflow/example_dags/tutorial_taskflow_templates.py took 0.135 seconds
[2025-03-01T02:48:33.229+0000] {processor.py:186} INFO - Started process (PID=3936) to work on /home/airflow/.local/lib/python3.12/site-packages/airflow/example_dags/tutorial_taskflow_templates.py
[2025-03-01T02:48:33.231+0000] {processor.py:914} INFO - Processing file /home/airflow/.local/lib/python3.12/site-packages/airflow/example_dags/tutorial_taskflow_templates.py for tasks to queue
[2025-03-01T02:48:33.233+0000] {logging_mixin.py:190} INFO - [2025-03-01T02:48:33.233+0000] {dagbag.py:588} INFO - Filling up the DagBag from /home/airflow/.local/lib/python3.12/site-packages/airflow/example_dags/tutorial_taskflow_templates.py
[2025-03-01T02:48:33.250+0000] {processor.py:925} INFO - DAG(s) 'tutorial_taskflow_templates' retrieved from /home/airflow/.local/lib/python3.12/site-packages/airflow/example_dags/tutorial_taskflow_templates.py
[2025-03-01T02:48:33.282+0000] {logging_mixin.py:190} INFO - [2025-03-01T02:48:33.282+0000] {dag.py:3239} INFO - Sync 1 DAGs
[2025-03-01T02:48:33.317+0000] {logging_mixin.py:190} INFO - [2025-03-01T02:48:33.317+0000] {dag.py:4180} INFO - Setting next_dagrun for tutorial_taskflow_templates to 2025-02-28 00:00:00+00:00, run_after=2025-03-01 00:00:00+00:00
[2025-03-01T02:48:33.346+0000] {processor.py:208} INFO - Processing /home/airflow/.local/lib/python3.12/site-packages/airflow/example_dags/tutorial_taskflow_templates.py took 0.124 seconds
[2025-03-01T02:49:04.328+0000] {processor.py:186} INFO - Started process (PID=4002) to work on /home/airflow/.local/lib/python3.12/site-packages/airflow/example_dags/tutorial_taskflow_templates.py
[2025-03-01T02:49:04.329+0000] {processor.py:914} INFO - Processing file /home/airflow/.local/lib/python3.12/site-packages/airflow/example_dags/tutorial_taskflow_templates.py for tasks to queue
[2025-03-01T02:49:04.334+0000] {logging_mixin.py:190} INFO - [2025-03-01T02:49:04.333+0000] {dagbag.py:588} INFO - Filling up the DagBag from /home/airflow/.local/lib/python3.12/site-packages/airflow/example_dags/tutorial_taskflow_templates.py
[2025-03-01T02:49:04.366+0000] {processor.py:925} INFO - DAG(s) 'tutorial_taskflow_templates' retrieved from /home/airflow/.local/lib/python3.12/site-packages/airflow/example_dags/tutorial_taskflow_templates.py
[2025-03-01T02:49:04.424+0000] {logging_mixin.py:190} INFO - [2025-03-01T02:49:04.423+0000] {dag.py:3239} INFO - Sync 1 DAGs
[2025-03-01T02:49:04.507+0000] {logging_mixin.py:190} INFO - [2025-03-01T02:49:04.506+0000] {dag.py:4180} INFO - Setting next_dagrun for tutorial_taskflow_templates to 2025-02-28 00:00:00+00:00, run_after=2025-03-01 00:00:00+00:00
[2025-03-01T02:49:04.554+0000] {processor.py:208} INFO - Processing /home/airflow/.local/lib/python3.12/site-packages/airflow/example_dags/tutorial_taskflow_templates.py took 0.238 seconds
[2025-03-01T02:49:36.128+0000] {processor.py:186} INFO - Started process (PID=4068) to work on /home/airflow/.local/lib/python3.12/site-packages/airflow/example_dags/tutorial_taskflow_templates.py
[2025-03-01T02:49:36.130+0000] {processor.py:914} INFO - Processing file /home/airflow/.local/lib/python3.12/site-packages/airflow/example_dags/tutorial_taskflow_templates.py for tasks to queue
[2025-03-01T02:49:36.133+0000] {logging_mixin.py:190} INFO - [2025-03-01T02:49:36.132+0000] {dagbag.py:588} INFO - Filling up the DagBag from /home/airflow/.local/lib/python3.12/site-packages/airflow/example_dags/tutorial_taskflow_templates.py
[2025-03-01T02:49:36.150+0000] {processor.py:925} INFO - DAG(s) 'tutorial_taskflow_templates' retrieved from /home/airflow/.local/lib/python3.12/site-packages/airflow/example_dags/tutorial_taskflow_templates.py
[2025-03-01T02:49:36.181+0000] {logging_mixin.py:190} INFO - [2025-03-01T02:49:36.181+0000] {dag.py:3239} INFO - Sync 1 DAGs
[2025-03-01T02:49:36.223+0000] {logging_mixin.py:190} INFO - [2025-03-01T02:49:36.223+0000] {dag.py:4180} INFO - Setting next_dagrun for tutorial_taskflow_templates to 2025-02-28 00:00:00+00:00, run_after=2025-03-01 00:00:00+00:00
[2025-03-01T02:49:36.257+0000] {processor.py:208} INFO - Processing /home/airflow/.local/lib/python3.12/site-packages/airflow/example_dags/tutorial_taskflow_templates.py took 0.136 seconds
[2025-03-01T02:50:06.658+0000] {processor.py:186} INFO - Started process (PID=4133) to work on /home/airflow/.local/lib/python3.12/site-packages/airflow/example_dags/tutorial_taskflow_templates.py
[2025-03-01T02:50:06.660+0000] {processor.py:914} INFO - Processing file /home/airflow/.local/lib/python3.12/site-packages/airflow/example_dags/tutorial_taskflow_templates.py for tasks to queue
[2025-03-01T02:50:06.662+0000] {logging_mixin.py:190} INFO - [2025-03-01T02:50:06.661+0000] {dagbag.py:588} INFO - Filling up the DagBag from /home/airflow/.local/lib/python3.12/site-packages/airflow/example_dags/tutorial_taskflow_templates.py
[2025-03-01T02:50:06.684+0000] {processor.py:925} INFO - DAG(s) 'tutorial_taskflow_templates' retrieved from /home/airflow/.local/lib/python3.12/site-packages/airflow/example_dags/tutorial_taskflow_templates.py
[2025-03-01T02:50:06.715+0000] {logging_mixin.py:190} INFO - [2025-03-01T02:50:06.715+0000] {dag.py:3239} INFO - Sync 1 DAGs
[2025-03-01T02:50:06.754+0000] {logging_mixin.py:190} INFO - [2025-03-01T02:50:06.754+0000] {dag.py:4180} INFO - Setting next_dagrun for tutorial_taskflow_templates to 2025-02-28 00:00:00+00:00, run_after=2025-03-01 00:00:00+00:00
[2025-03-01T02:50:06.791+0000] {processor.py:208} INFO - Processing /home/airflow/.local/lib/python3.12/site-packages/airflow/example_dags/tutorial_taskflow_templates.py took 0.142 seconds
[2025-03-01T02:50:37.096+0000] {processor.py:186} INFO - Started process (PID=4199) to work on /home/airflow/.local/lib/python3.12/site-packages/airflow/example_dags/tutorial_taskflow_templates.py
[2025-03-01T02:50:37.098+0000] {processor.py:914} INFO - Processing file /home/airflow/.local/lib/python3.12/site-packages/airflow/example_dags/tutorial_taskflow_templates.py for tasks to queue
[2025-03-01T02:50:37.100+0000] {logging_mixin.py:190} INFO - [2025-03-01T02:50:37.100+0000] {dagbag.py:588} INFO - Filling up the DagBag from /home/airflow/.local/lib/python3.12/site-packages/airflow/example_dags/tutorial_taskflow_templates.py
[2025-03-01T02:50:37.123+0000] {processor.py:925} INFO - DAG(s) 'tutorial_taskflow_templates' retrieved from /home/airflow/.local/lib/python3.12/site-packages/airflow/example_dags/tutorial_taskflow_templates.py
[2025-03-01T02:50:37.162+0000] {logging_mixin.py:190} INFO - [2025-03-01T02:50:37.161+0000] {dag.py:3239} INFO - Sync 1 DAGs
[2025-03-01T02:50:37.210+0000] {logging_mixin.py:190} INFO - [2025-03-01T02:50:37.210+0000] {dag.py:4180} INFO - Setting next_dagrun for tutorial_taskflow_templates to 2025-02-28 00:00:00+00:00, run_after=2025-03-01 00:00:00+00:00
[2025-03-01T02:50:37.252+0000] {processor.py:208} INFO - Processing /home/airflow/.local/lib/python3.12/site-packages/airflow/example_dags/tutorial_taskflow_templates.py took 0.164 seconds
[2025-03-01T02:51:07.378+0000] {processor.py:186} INFO - Started process (PID=4263) to work on /home/airflow/.local/lib/python3.12/site-packages/airflow/example_dags/tutorial_taskflow_templates.py
[2025-03-01T02:51:07.379+0000] {processor.py:914} INFO - Processing file /home/airflow/.local/lib/python3.12/site-packages/airflow/example_dags/tutorial_taskflow_templates.py for tasks to queue
[2025-03-01T02:51:07.381+0000] {logging_mixin.py:190} INFO - [2025-03-01T02:51:07.381+0000] {dagbag.py:588} INFO - Filling up the DagBag from /home/airflow/.local/lib/python3.12/site-packages/airflow/example_dags/tutorial_taskflow_templates.py
[2025-03-01T02:51:07.400+0000] {processor.py:925} INFO - DAG(s) 'tutorial_taskflow_templates' retrieved from /home/airflow/.local/lib/python3.12/site-packages/airflow/example_dags/tutorial_taskflow_templates.py
[2025-03-01T02:51:07.431+0000] {logging_mixin.py:190} INFO - [2025-03-01T02:51:07.431+0000] {dag.py:3239} INFO - Sync 1 DAGs
[2025-03-01T02:51:07.471+0000] {logging_mixin.py:190} INFO - [2025-03-01T02:51:07.470+0000] {dag.py:4180} INFO - Setting next_dagrun for tutorial_taskflow_templates to 2025-02-28 00:00:00+00:00, run_after=2025-03-01 00:00:00+00:00
[2025-03-01T02:51:07.502+0000] {processor.py:208} INFO - Processing /home/airflow/.local/lib/python3.12/site-packages/airflow/example_dags/tutorial_taskflow_templates.py took 0.133 seconds
[2025-03-01T02:51:37.817+0000] {processor.py:186} INFO - Started process (PID=4328) to work on /home/airflow/.local/lib/python3.12/site-packages/airflow/example_dags/tutorial_taskflow_templates.py
[2025-03-01T02:51:37.819+0000] {processor.py:914} INFO - Processing file /home/airflow/.local/lib/python3.12/site-packages/airflow/example_dags/tutorial_taskflow_templates.py for tasks to queue
[2025-03-01T02:51:37.822+0000] {logging_mixin.py:190} INFO - [2025-03-01T02:51:37.821+0000] {dagbag.py:588} INFO - Filling up the DagBag from /home/airflow/.local/lib/python3.12/site-packages/airflow/example_dags/tutorial_taskflow_templates.py
[2025-03-01T02:51:37.840+0000] {processor.py:925} INFO - DAG(s) 'tutorial_taskflow_templates' retrieved from /home/airflow/.local/lib/python3.12/site-packages/airflow/example_dags/tutorial_taskflow_templates.py
[2025-03-01T02:51:37.873+0000] {logging_mixin.py:190} INFO - [2025-03-01T02:51:37.873+0000] {dag.py:3239} INFO - Sync 1 DAGs
[2025-03-01T02:51:37.914+0000] {logging_mixin.py:190} INFO - [2025-03-01T02:51:37.914+0000] {dag.py:4180} INFO - Setting next_dagrun for tutorial_taskflow_templates to 2025-02-28 00:00:00+00:00, run_after=2025-03-01 00:00:00+00:00
[2025-03-01T02:51:37.953+0000] {processor.py:208} INFO - Processing /home/airflow/.local/lib/python3.12/site-packages/airflow/example_dags/tutorial_taskflow_templates.py took 0.142 seconds
[2025-03-01T02:52:08.559+0000] {processor.py:186} INFO - Started process (PID=4393) to work on /home/airflow/.local/lib/python3.12/site-packages/airflow/example_dags/tutorial_taskflow_templates.py
[2025-03-01T02:52:08.562+0000] {processor.py:914} INFO - Processing file /home/airflow/.local/lib/python3.12/site-packages/airflow/example_dags/tutorial_taskflow_templates.py for tasks to queue
[2025-03-01T02:52:08.567+0000] {logging_mixin.py:190} INFO - [2025-03-01T02:52:08.566+0000] {dagbag.py:588} INFO - Filling up the DagBag from /home/airflow/.local/lib/python3.12/site-packages/airflow/example_dags/tutorial_taskflow_templates.py
[2025-03-01T02:52:08.616+0000] {processor.py:925} INFO - DAG(s) 'tutorial_taskflow_templates' retrieved from /home/airflow/.local/lib/python3.12/site-packages/airflow/example_dags/tutorial_taskflow_templates.py
[2025-03-01T02:52:08.655+0000] {logging_mixin.py:190} INFO - [2025-03-01T02:52:08.654+0000] {dag.py:3239} INFO - Sync 1 DAGs
[2025-03-01T02:52:08.705+0000] {logging_mixin.py:190} INFO - [2025-03-01T02:52:08.705+0000] {dag.py:4180} INFO - Setting next_dagrun for tutorial_taskflow_templates to 2025-02-28 00:00:00+00:00, run_after=2025-03-01 00:00:00+00:00
[2025-03-01T02:52:08.758+0000] {processor.py:208} INFO - Processing /home/airflow/.local/lib/python3.12/site-packages/airflow/example_dags/tutorial_taskflow_templates.py took 0.220 seconds
[2025-03-01T02:52:39.010+0000] {processor.py:186} INFO - Started process (PID=4458) to work on /home/airflow/.local/lib/python3.12/site-packages/airflow/example_dags/tutorial_taskflow_templates.py
[2025-03-01T02:52:39.012+0000] {processor.py:914} INFO - Processing file /home/airflow/.local/lib/python3.12/site-packages/airflow/example_dags/tutorial_taskflow_templates.py for tasks to queue
[2025-03-01T02:52:39.014+0000] {logging_mixin.py:190} INFO - [2025-03-01T02:52:39.014+0000] {dagbag.py:588} INFO - Filling up the DagBag from /home/airflow/.local/lib/python3.12/site-packages/airflow/example_dags/tutorial_taskflow_templates.py
[2025-03-01T02:52:39.032+0000] {processor.py:925} INFO - DAG(s) 'tutorial_taskflow_templates' retrieved from /home/airflow/.local/lib/python3.12/site-packages/airflow/example_dags/tutorial_taskflow_templates.py
[2025-03-01T02:52:39.061+0000] {logging_mixin.py:190} INFO - [2025-03-01T02:52:39.061+0000] {dag.py:3239} INFO - Sync 1 DAGs
[2025-03-01T02:52:39.094+0000] {logging_mixin.py:190} INFO - [2025-03-01T02:52:39.094+0000] {dag.py:4180} INFO - Setting next_dagrun for tutorial_taskflow_templates to 2025-02-28 00:00:00+00:00, run_after=2025-03-01 00:00:00+00:00
[2025-03-01T02:52:39.125+0000] {processor.py:208} INFO - Processing /home/airflow/.local/lib/python3.12/site-packages/airflow/example_dags/tutorial_taskflow_templates.py took 0.122 seconds
[2025-03-01T02:53:09.560+0000] {processor.py:186} INFO - Started process (PID=4523) to work on /home/airflow/.local/lib/python3.12/site-packages/airflow/example_dags/tutorial_taskflow_templates.py
[2025-03-01T02:53:09.562+0000] {processor.py:914} INFO - Processing file /home/airflow/.local/lib/python3.12/site-packages/airflow/example_dags/tutorial_taskflow_templates.py for tasks to queue
[2025-03-01T02:53:09.566+0000] {logging_mixin.py:190} INFO - [2025-03-01T02:53:09.565+0000] {dagbag.py:588} INFO - Filling up the DagBag from /home/airflow/.local/lib/python3.12/site-packages/airflow/example_dags/tutorial_taskflow_templates.py
[2025-03-01T02:53:09.597+0000] {processor.py:925} INFO - DAG(s) 'tutorial_taskflow_templates' retrieved from /home/airflow/.local/lib/python3.12/site-packages/airflow/example_dags/tutorial_taskflow_templates.py
[2025-03-01T02:53:09.648+0000] {logging_mixin.py:190} INFO - [2025-03-01T02:53:09.647+0000] {dag.py:3239} INFO - Sync 1 DAGs
[2025-03-01T02:53:09.712+0000] {logging_mixin.py:190} INFO - [2025-03-01T02:53:09.712+0000] {dag.py:4180} INFO - Setting next_dagrun for tutorial_taskflow_templates to 2025-02-28 00:00:00+00:00, run_after=2025-03-01 00:00:00+00:00
[2025-03-01T02:53:09.758+0000] {processor.py:208} INFO - Processing /home/airflow/.local/lib/python3.12/site-packages/airflow/example_dags/tutorial_taskflow_templates.py took 0.210 seconds
[2025-03-01T02:53:39.860+0000] {processor.py:186} INFO - Started process (PID=4588) to work on /home/airflow/.local/lib/python3.12/site-packages/airflow/example_dags/tutorial_taskflow_templates.py
[2025-03-01T02:53:39.862+0000] {processor.py:914} INFO - Processing file /home/airflow/.local/lib/python3.12/site-packages/airflow/example_dags/tutorial_taskflow_templates.py for tasks to queue
[2025-03-01T02:53:39.865+0000] {logging_mixin.py:190} INFO - [2025-03-01T02:53:39.864+0000] {dagbag.py:588} INFO - Filling up the DagBag from /home/airflow/.local/lib/python3.12/site-packages/airflow/example_dags/tutorial_taskflow_templates.py
[2025-03-01T02:53:39.887+0000] {processor.py:925} INFO - DAG(s) 'tutorial_taskflow_templates' retrieved from /home/airflow/.local/lib/python3.12/site-packages/airflow/example_dags/tutorial_taskflow_templates.py
[2025-03-01T02:53:39.929+0000] {logging_mixin.py:190} INFO - [2025-03-01T02:53:39.928+0000] {dag.py:3239} INFO - Sync 1 DAGs
[2025-03-01T02:53:39.969+0000] {logging_mixin.py:190} INFO - [2025-03-01T02:53:39.969+0000] {dag.py:4180} INFO - Setting next_dagrun for tutorial_taskflow_templates to 2025-02-28 00:00:00+00:00, run_after=2025-03-01 00:00:00+00:00
[2025-03-01T02:53:40.006+0000] {processor.py:208} INFO - Processing /home/airflow/.local/lib/python3.12/site-packages/airflow/example_dags/tutorial_taskflow_templates.py took 0.156 seconds
[2025-03-01T02:54:10.134+0000] {processor.py:186} INFO - Started process (PID=4653) to work on /home/airflow/.local/lib/python3.12/site-packages/airflow/example_dags/tutorial_taskflow_templates.py
[2025-03-01T02:54:10.136+0000] {processor.py:914} INFO - Processing file /home/airflow/.local/lib/python3.12/site-packages/airflow/example_dags/tutorial_taskflow_templates.py for tasks to queue
[2025-03-01T02:54:10.138+0000] {logging_mixin.py:190} INFO - [2025-03-01T02:54:10.138+0000] {dagbag.py:588} INFO - Filling up the DagBag from /home/airflow/.local/lib/python3.12/site-packages/airflow/example_dags/tutorial_taskflow_templates.py
[2025-03-01T02:54:10.159+0000] {processor.py:925} INFO - DAG(s) 'tutorial_taskflow_templates' retrieved from /home/airflow/.local/lib/python3.12/site-packages/airflow/example_dags/tutorial_taskflow_templates.py
[2025-03-01T02:54:10.192+0000] {logging_mixin.py:190} INFO - [2025-03-01T02:54:10.191+0000] {dag.py:3239} INFO - Sync 1 DAGs
[2025-03-01T02:54:10.238+0000] {logging_mixin.py:190} INFO - [2025-03-01T02:54:10.237+0000] {dag.py:4180} INFO - Setting next_dagrun for tutorial_taskflow_templates to 2025-02-28 00:00:00+00:00, run_after=2025-03-01 00:00:00+00:00
[2025-03-01T02:54:10.279+0000] {processor.py:208} INFO - Processing /home/airflow/.local/lib/python3.12/site-packages/airflow/example_dags/tutorial_taskflow_templates.py took 0.153 seconds
[2025-03-01T02:54:41.115+0000] {processor.py:186} INFO - Started process (PID=4718) to work on /home/airflow/.local/lib/python3.12/site-packages/airflow/example_dags/tutorial_taskflow_templates.py
[2025-03-01T02:54:41.117+0000] {processor.py:914} INFO - Processing file /home/airflow/.local/lib/python3.12/site-packages/airflow/example_dags/tutorial_taskflow_templates.py for tasks to queue
[2025-03-01T02:54:41.119+0000] {logging_mixin.py:190} INFO - [2025-03-01T02:54:41.119+0000] {dagbag.py:588} INFO - Filling up the DagBag from /home/airflow/.local/lib/python3.12/site-packages/airflow/example_dags/tutorial_taskflow_templates.py
[2025-03-01T02:54:41.141+0000] {processor.py:925} INFO - DAG(s) 'tutorial_taskflow_templates' retrieved from /home/airflow/.local/lib/python3.12/site-packages/airflow/example_dags/tutorial_taskflow_templates.py
[2025-03-01T02:54:41.173+0000] {logging_mixin.py:190} INFO - [2025-03-01T02:54:41.173+0000] {dag.py:3239} INFO - Sync 1 DAGs
[2025-03-01T02:54:41.217+0000] {logging_mixin.py:190} INFO - [2025-03-01T02:54:41.217+0000] {dag.py:4180} INFO - Setting next_dagrun for tutorial_taskflow_templates to 2025-02-28 00:00:00+00:00, run_after=2025-03-01 00:00:00+00:00
[2025-03-01T02:54:41.250+0000] {processor.py:208} INFO - Processing /home/airflow/.local/lib/python3.12/site-packages/airflow/example_dags/tutorial_taskflow_templates.py took 0.144 seconds
[2025-03-01T02:55:11.367+0000] {processor.py:186} INFO - Started process (PID=4784) to work on /home/airflow/.local/lib/python3.12/site-packages/airflow/example_dags/tutorial_taskflow_templates.py
[2025-03-01T02:55:11.368+0000] {processor.py:914} INFO - Processing file /home/airflow/.local/lib/python3.12/site-packages/airflow/example_dags/tutorial_taskflow_templates.py for tasks to queue
[2025-03-01T02:55:11.371+0000] {logging_mixin.py:190} INFO - [2025-03-01T02:55:11.370+0000] {dagbag.py:588} INFO - Filling up the DagBag from /home/airflow/.local/lib/python3.12/site-packages/airflow/example_dags/tutorial_taskflow_templates.py
[2025-03-01T02:55:11.392+0000] {processor.py:925} INFO - DAG(s) 'tutorial_taskflow_templates' retrieved from /home/airflow/.local/lib/python3.12/site-packages/airflow/example_dags/tutorial_taskflow_templates.py
[2025-03-01T02:55:11.423+0000] {logging_mixin.py:190} INFO - [2025-03-01T02:55:11.422+0000] {dag.py:3239} INFO - Sync 1 DAGs
[2025-03-01T02:55:11.459+0000] {logging_mixin.py:190} INFO - [2025-03-01T02:55:11.458+0000] {dag.py:4180} INFO - Setting next_dagrun for tutorial_taskflow_templates to 2025-02-28 00:00:00+00:00, run_after=2025-03-01 00:00:00+00:00
[2025-03-01T02:55:11.491+0000] {processor.py:208} INFO - Processing /home/airflow/.local/lib/python3.12/site-packages/airflow/example_dags/tutorial_taskflow_templates.py took 0.133 seconds
[2025-03-01T02:55:41.867+0000] {processor.py:186} INFO - Started process (PID=4849) to work on /home/airflow/.local/lib/python3.12/site-packages/airflow/example_dags/tutorial_taskflow_templates.py
[2025-03-01T02:55:41.869+0000] {processor.py:914} INFO - Processing file /home/airflow/.local/lib/python3.12/site-packages/airflow/example_dags/tutorial_taskflow_templates.py for tasks to queue
[2025-03-01T02:55:41.871+0000] {logging_mixin.py:190} INFO - [2025-03-01T02:55:41.871+0000] {dagbag.py:588} INFO - Filling up the DagBag from /home/airflow/.local/lib/python3.12/site-packages/airflow/example_dags/tutorial_taskflow_templates.py
[2025-03-01T02:55:41.894+0000] {processor.py:925} INFO - DAG(s) 'tutorial_taskflow_templates' retrieved from /home/airflow/.local/lib/python3.12/site-packages/airflow/example_dags/tutorial_taskflow_templates.py
[2025-03-01T02:55:41.930+0000] {logging_mixin.py:190} INFO - [2025-03-01T02:55:41.930+0000] {dag.py:3239} INFO - Sync 1 DAGs
[2025-03-01T02:55:41.974+0000] {logging_mixin.py:190} INFO - [2025-03-01T02:55:41.974+0000] {dag.py:4180} INFO - Setting next_dagrun for tutorial_taskflow_templates to 2025-02-28 00:00:00+00:00, run_after=2025-03-01 00:00:00+00:00
[2025-03-01T02:55:42.010+0000] {processor.py:208} INFO - Processing /home/airflow/.local/lib/python3.12/site-packages/airflow/example_dags/tutorial_taskflow_templates.py took 0.152 seconds
[2025-03-01T02:56:12.352+0000] {processor.py:186} INFO - Started process (PID=4914) to work on /home/airflow/.local/lib/python3.12/site-packages/airflow/example_dags/tutorial_taskflow_templates.py
[2025-03-01T02:56:12.354+0000] {processor.py:914} INFO - Processing file /home/airflow/.local/lib/python3.12/site-packages/airflow/example_dags/tutorial_taskflow_templates.py for tasks to queue
[2025-03-01T02:56:12.356+0000] {logging_mixin.py:190} INFO - [2025-03-01T02:56:12.356+0000] {dagbag.py:588} INFO - Filling up the DagBag from /home/airflow/.local/lib/python3.12/site-packages/airflow/example_dags/tutorial_taskflow_templates.py
[2025-03-01T02:56:12.373+0000] {processor.py:925} INFO - DAG(s) 'tutorial_taskflow_templates' retrieved from /home/airflow/.local/lib/python3.12/site-packages/airflow/example_dags/tutorial_taskflow_templates.py
[2025-03-01T02:56:12.405+0000] {logging_mixin.py:190} INFO - [2025-03-01T02:56:12.405+0000] {dag.py:3239} INFO - Sync 1 DAGs
[2025-03-01T02:56:12.440+0000] {logging_mixin.py:190} INFO - [2025-03-01T02:56:12.440+0000] {dag.py:4180} INFO - Setting next_dagrun for tutorial_taskflow_templates to 2025-02-28 00:00:00+00:00, run_after=2025-03-01 00:00:00+00:00
[2025-03-01T02:56:12.470+0000] {processor.py:208} INFO - Processing /home/airflow/.local/lib/python3.12/site-packages/airflow/example_dags/tutorial_taskflow_templates.py took 0.125 seconds
[2025-03-01T02:56:43.143+0000] {processor.py:186} INFO - Started process (PID=4979) to work on /home/airflow/.local/lib/python3.12/site-packages/airflow/example_dags/tutorial_taskflow_templates.py
[2025-03-01T02:56:43.147+0000] {processor.py:914} INFO - Processing file /home/airflow/.local/lib/python3.12/site-packages/airflow/example_dags/tutorial_taskflow_templates.py for tasks to queue
[2025-03-01T02:56:43.151+0000] {logging_mixin.py:190} INFO - [2025-03-01T02:56:43.150+0000] {dagbag.py:588} INFO - Filling up the DagBag from /home/airflow/.local/lib/python3.12/site-packages/airflow/example_dags/tutorial_taskflow_templates.py
[2025-03-01T02:56:43.177+0000] {processor.py:925} INFO - DAG(s) 'tutorial_taskflow_templates' retrieved from /home/airflow/.local/lib/python3.12/site-packages/airflow/example_dags/tutorial_taskflow_templates.py
[2025-03-01T02:56:43.230+0000] {logging_mixin.py:190} INFO - [2025-03-01T02:56:43.230+0000] {dag.py:3239} INFO - Sync 1 DAGs
[2025-03-01T02:56:43.293+0000] {logging_mixin.py:190} INFO - [2025-03-01T02:56:43.292+0000] {dag.py:4180} INFO - Setting next_dagrun for tutorial_taskflow_templates to 2025-02-28 00:00:00+00:00, run_after=2025-03-01 00:00:00+00:00
[2025-03-01T02:56:43.355+0000] {processor.py:208} INFO - Processing /home/airflow/.local/lib/python3.12/site-packages/airflow/example_dags/tutorial_taskflow_templates.py took 0.225 seconds
[2025-03-01T02:57:13.470+0000] {processor.py:186} INFO - Started process (PID=5044) to work on /home/airflow/.local/lib/python3.12/site-packages/airflow/example_dags/tutorial_taskflow_templates.py
[2025-03-01T02:57:13.472+0000] {processor.py:914} INFO - Processing file /home/airflow/.local/lib/python3.12/site-packages/airflow/example_dags/tutorial_taskflow_templates.py for tasks to queue
[2025-03-01T02:57:13.475+0000] {logging_mixin.py:190} INFO - [2025-03-01T02:57:13.474+0000] {dagbag.py:588} INFO - Filling up the DagBag from /home/airflow/.local/lib/python3.12/site-packages/airflow/example_dags/tutorial_taskflow_templates.py
[2025-03-01T02:57:13.496+0000] {processor.py:925} INFO - DAG(s) 'tutorial_taskflow_templates' retrieved from /home/airflow/.local/lib/python3.12/site-packages/airflow/example_dags/tutorial_taskflow_templates.py
[2025-03-01T02:57:13.528+0000] {logging_mixin.py:190} INFO - [2025-03-01T02:57:13.528+0000] {dag.py:3239} INFO - Sync 1 DAGs
[2025-03-01T02:57:13.571+0000] {logging_mixin.py:190} INFO - [2025-03-01T02:57:13.570+0000] {dag.py:4180} INFO - Setting next_dagrun for tutorial_taskflow_templates to 2025-02-28 00:00:00+00:00, run_after=2025-03-01 00:00:00+00:00
[2025-03-01T02:57:13.611+0000] {processor.py:208} INFO - Processing /home/airflow/.local/lib/python3.12/site-packages/airflow/example_dags/tutorial_taskflow_templates.py took 0.149 seconds
[2025-03-01T02:57:44.494+0000] {processor.py:186} INFO - Started process (PID=5108) to work on /home/airflow/.local/lib/python3.12/site-packages/airflow/example_dags/tutorial_taskflow_templates.py
[2025-03-01T02:57:44.496+0000] {processor.py:914} INFO - Processing file /home/airflow/.local/lib/python3.12/site-packages/airflow/example_dags/tutorial_taskflow_templates.py for tasks to queue
[2025-03-01T02:57:44.498+0000] {logging_mixin.py:190} INFO - [2025-03-01T02:57:44.498+0000] {dagbag.py:588} INFO - Filling up the DagBag from /home/airflow/.local/lib/python3.12/site-packages/airflow/example_dags/tutorial_taskflow_templates.py
[2025-03-01T02:57:44.520+0000] {processor.py:925} INFO - DAG(s) 'tutorial_taskflow_templates' retrieved from /home/airflow/.local/lib/python3.12/site-packages/airflow/example_dags/tutorial_taskflow_templates.py
[2025-03-01T02:57:44.554+0000] {logging_mixin.py:190} INFO - [2025-03-01T02:57:44.553+0000] {dag.py:3239} INFO - Sync 1 DAGs
[2025-03-01T02:57:44.593+0000] {logging_mixin.py:190} INFO - [2025-03-01T02:57:44.593+0000] {dag.py:4180} INFO - Setting next_dagrun for tutorial_taskflow_templates to 2025-02-28 00:00:00+00:00, run_after=2025-03-01 00:00:00+00:00
[2025-03-01T02:57:44.627+0000] {processor.py:208} INFO - Processing /home/airflow/.local/lib/python3.12/site-packages/airflow/example_dags/tutorial_taskflow_templates.py took 0.142 seconds
[2025-03-01T02:58:15.703+0000] {processor.py:186} INFO - Started process (PID=5174) to work on /home/airflow/.local/lib/python3.12/site-packages/airflow/example_dags/tutorial_taskflow_templates.py
[2025-03-01T02:58:15.705+0000] {processor.py:914} INFO - Processing file /home/airflow/.local/lib/python3.12/site-packages/airflow/example_dags/tutorial_taskflow_templates.py for tasks to queue
[2025-03-01T02:58:15.707+0000] {logging_mixin.py:190} INFO - [2025-03-01T02:58:15.707+0000] {dagbag.py:588} INFO - Filling up the DagBag from /home/airflow/.local/lib/python3.12/site-packages/airflow/example_dags/tutorial_taskflow_templates.py
[2025-03-01T02:58:15.725+0000] {processor.py:925} INFO - DAG(s) 'tutorial_taskflow_templates' retrieved from /home/airflow/.local/lib/python3.12/site-packages/airflow/example_dags/tutorial_taskflow_templates.py
[2025-03-01T02:58:15.754+0000] {logging_mixin.py:190} INFO - [2025-03-01T02:58:15.753+0000] {dag.py:3239} INFO - Sync 1 DAGs
[2025-03-01T02:58:15.786+0000] {logging_mixin.py:190} INFO - [2025-03-01T02:58:15.786+0000] {dag.py:4180} INFO - Setting next_dagrun for tutorial_taskflow_templates to 2025-02-28 00:00:00+00:00, run_after=2025-03-01 00:00:00+00:00
[2025-03-01T02:58:15.815+0000] {processor.py:208} INFO - Processing /home/airflow/.local/lib/python3.12/site-packages/airflow/example_dags/tutorial_taskflow_templates.py took 0.119 seconds
[2025-03-01T05:56:06.037+0000] {processor.py:186} INFO - Started process (PID=5273) to work on /home/airflow/.local/lib/python3.12/site-packages/airflow/example_dags/tutorial_taskflow_templates.py
[2025-03-01T05:56:06.039+0000] {processor.py:914} INFO - Processing file /home/airflow/.local/lib/python3.12/site-packages/airflow/example_dags/tutorial_taskflow_templates.py for tasks to queue
[2025-03-01T05:56:06.042+0000] {logging_mixin.py:190} INFO - [2025-03-01T05:56:06.041+0000] {dagbag.py:588} INFO - Filling up the DagBag from /home/airflow/.local/lib/python3.12/site-packages/airflow/example_dags/tutorial_taskflow_templates.py
[2025-03-01T05:56:06.068+0000] {processor.py:925} INFO - DAG(s) 'tutorial_taskflow_templates' retrieved from /home/airflow/.local/lib/python3.12/site-packages/airflow/example_dags/tutorial_taskflow_templates.py
[2025-03-01T05:56:06.114+0000] {logging_mixin.py:190} INFO - [2025-03-01T05:56:06.113+0000] {dag.py:3239} INFO - Sync 1 DAGs
[2025-03-01T05:56:06.185+0000] {logging_mixin.py:190} INFO - [2025-03-01T05:56:06.185+0000] {dag.py:4180} INFO - Setting next_dagrun for tutorial_taskflow_templates to 2025-02-28 00:00:00+00:00, run_after=2025-03-01 00:00:00+00:00
[2025-03-01T05:56:06.242+0000] {processor.py:208} INFO - Processing /home/airflow/.local/lib/python3.12/site-packages/airflow/example_dags/tutorial_taskflow_templates.py took 0.216 seconds
[2025-03-01T05:56:36.676+0000] {processor.py:186} INFO - Started process (PID=5337) to work on /home/airflow/.local/lib/python3.12/site-packages/airflow/example_dags/tutorial_taskflow_templates.py
[2025-03-01T05:56:36.678+0000] {processor.py:914} INFO - Processing file /home/airflow/.local/lib/python3.12/site-packages/airflow/example_dags/tutorial_taskflow_templates.py for tasks to queue
[2025-03-01T05:56:36.681+0000] {logging_mixin.py:190} INFO - [2025-03-01T05:56:36.680+0000] {dagbag.py:588} INFO - Filling up the DagBag from /home/airflow/.local/lib/python3.12/site-packages/airflow/example_dags/tutorial_taskflow_templates.py
[2025-03-01T05:56:36.711+0000] {processor.py:925} INFO - DAG(s) 'tutorial_taskflow_templates' retrieved from /home/airflow/.local/lib/python3.12/site-packages/airflow/example_dags/tutorial_taskflow_templates.py
[2025-03-01T05:56:36.750+0000] {logging_mixin.py:190} INFO - [2025-03-01T05:56:36.750+0000] {dag.py:3239} INFO - Sync 1 DAGs
[2025-03-01T05:56:36.805+0000] {logging_mixin.py:190} INFO - [2025-03-01T05:56:36.805+0000] {dag.py:4180} INFO - Setting next_dagrun for tutorial_taskflow_templates to 2025-02-28 00:00:00+00:00, run_after=2025-03-01 00:00:00+00:00
[2025-03-01T05:56:36.882+0000] {processor.py:208} INFO - Processing /home/airflow/.local/lib/python3.12/site-packages/airflow/example_dags/tutorial_taskflow_templates.py took 0.216 seconds
[2025-03-01T05:57:07.373+0000] {processor.py:186} INFO - Started process (PID=5401) to work on /home/airflow/.local/lib/python3.12/site-packages/airflow/example_dags/tutorial_taskflow_templates.py
[2025-03-01T05:57:07.375+0000] {processor.py:914} INFO - Processing file /home/airflow/.local/lib/python3.12/site-packages/airflow/example_dags/tutorial_taskflow_templates.py for tasks to queue
[2025-03-01T05:57:07.379+0000] {logging_mixin.py:190} INFO - [2025-03-01T05:57:07.378+0000] {dagbag.py:588} INFO - Filling up the DagBag from /home/airflow/.local/lib/python3.12/site-packages/airflow/example_dags/tutorial_taskflow_templates.py
[2025-03-01T05:57:07.405+0000] {processor.py:925} INFO - DAG(s) 'tutorial_taskflow_templates' retrieved from /home/airflow/.local/lib/python3.12/site-packages/airflow/example_dags/tutorial_taskflow_templates.py
[2025-03-01T05:57:07.443+0000] {logging_mixin.py:190} INFO - [2025-03-01T05:57:07.442+0000] {dag.py:3239} INFO - Sync 1 DAGs
[2025-03-01T05:57:07.489+0000] {logging_mixin.py:190} INFO - [2025-03-01T05:57:07.489+0000] {dag.py:4180} INFO - Setting next_dagrun for tutorial_taskflow_templates to 2025-02-28 00:00:00+00:00, run_after=2025-03-01 00:00:00+00:00
[2025-03-01T05:57:07.527+0000] {processor.py:208} INFO - Processing /home/airflow/.local/lib/python3.12/site-packages/airflow/example_dags/tutorial_taskflow_templates.py took 0.168 seconds
[2025-03-01T05:57:39.052+0000] {processor.py:186} INFO - Started process (PID=5466) to work on /home/airflow/.local/lib/python3.12/site-packages/airflow/example_dags/tutorial_taskflow_templates.py
[2025-03-01T05:57:39.054+0000] {processor.py:914} INFO - Processing file /home/airflow/.local/lib/python3.12/site-packages/airflow/example_dags/tutorial_taskflow_templates.py for tasks to queue
[2025-03-01T05:57:39.057+0000] {logging_mixin.py:190} INFO - [2025-03-01T05:57:39.056+0000] {dagbag.py:588} INFO - Filling up the DagBag from /home/airflow/.local/lib/python3.12/site-packages/airflow/example_dags/tutorial_taskflow_templates.py
[2025-03-01T05:57:39.080+0000] {processor.py:925} INFO - DAG(s) 'tutorial_taskflow_templates' retrieved from /home/airflow/.local/lib/python3.12/site-packages/airflow/example_dags/tutorial_taskflow_templates.py
[2025-03-01T05:57:39.119+0000] {logging_mixin.py:190} INFO - [2025-03-01T05:57:39.118+0000] {dag.py:3239} INFO - Sync 1 DAGs
[2025-03-01T05:57:39.162+0000] {logging_mixin.py:190} INFO - [2025-03-01T05:57:39.162+0000] {dag.py:4180} INFO - Setting next_dagrun for tutorial_taskflow_templates to 2025-02-28 00:00:00+00:00, run_after=2025-03-01 00:00:00+00:00
[2025-03-01T05:57:39.210+0000] {processor.py:208} INFO - Processing /home/airflow/.local/lib/python3.12/site-packages/airflow/example_dags/tutorial_taskflow_templates.py took 0.169 seconds
[2025-03-01T05:58:10.307+0000] {processor.py:186} INFO - Started process (PID=5531) to work on /home/airflow/.local/lib/python3.12/site-packages/airflow/example_dags/tutorial_taskflow_templates.py
[2025-03-01T05:58:10.309+0000] {processor.py:914} INFO - Processing file /home/airflow/.local/lib/python3.12/site-packages/airflow/example_dags/tutorial_taskflow_templates.py for tasks to queue
[2025-03-01T05:58:10.312+0000] {logging_mixin.py:190} INFO - [2025-03-01T05:58:10.311+0000] {dagbag.py:588} INFO - Filling up the DagBag from /home/airflow/.local/lib/python3.12/site-packages/airflow/example_dags/tutorial_taskflow_templates.py
[2025-03-01T05:58:10.341+0000] {processor.py:925} INFO - DAG(s) 'tutorial_taskflow_templates' retrieved from /home/airflow/.local/lib/python3.12/site-packages/airflow/example_dags/tutorial_taskflow_templates.py
[2025-03-01T05:58:10.382+0000] {logging_mixin.py:190} INFO - [2025-03-01T05:58:10.382+0000] {dag.py:3239} INFO - Sync 1 DAGs
[2025-03-01T05:58:10.437+0000] {logging_mixin.py:190} INFO - [2025-03-01T05:58:10.437+0000] {dag.py:4180} INFO - Setting next_dagrun for tutorial_taskflow_templates to 2025-02-28 00:00:00+00:00, run_after=2025-03-01 00:00:00+00:00
[2025-03-01T05:58:10.480+0000] {processor.py:208} INFO - Processing /home/airflow/.local/lib/python3.12/site-packages/airflow/example_dags/tutorial_taskflow_templates.py took 0.183 seconds
