[2025-04-11T12:04:37.943+0000] {processor.py:186} INFO - Started process (PID=74989) to work on /home/airflow/.local/lib/python3.12/site-packages/airflow/example_dags/example_complex.py
[2025-04-11T12:04:37.949+0000] {processor.py:914} INFO - Processing file /home/airflow/.local/lib/python3.12/site-packages/airflow/example_dags/example_complex.py for tasks to queue
[2025-04-11T12:04:37.959+0000] {logging_mixin.py:190} INFO - [2025-04-11T12:04:37.958+0000] {dagbag.py:588} INFO - Filling up the DagBag from /home/airflow/.local/lib/python3.12/site-packages/airflow/example_dags/example_complex.py
[2025-04-11T12:04:38.023+0000] {processor.py:925} INFO - DAG(s) 'example_complex' retrieved from /home/airflow/.local/lib/python3.12/site-packages/airflow/example_dags/example_complex.py
[2025-04-11T12:04:38.240+0000] {logging_mixin.py:190} INFO - [2025-04-11T12:04:38.239+0000] {dag.py:3239} INFO - Sync 1 DAGs
[2025-04-11T12:04:38.332+0000] {logging_mixin.py:190} INFO - [2025-04-11T12:04:38.332+0000] {dag.py:4180} INFO - Setting next_dagrun for example_complex to None, run_after=None
[2025-04-11T12:04:38.467+0000] {processor.py:208} INFO - Processing /home/airflow/.local/lib/python3.12/site-packages/airflow/example_dags/example_complex.py took 0.551 seconds
[2025-04-11T12:05:12.280+0000] {processor.py:186} INFO - Started process (PID=75046) to work on /home/airflow/.local/lib/python3.12/site-packages/airflow/example_dags/example_complex.py
[2025-04-11T12:05:12.309+0000] {processor.py:914} INFO - Processing file /home/airflow/.local/lib/python3.12/site-packages/airflow/example_dags/example_complex.py for tasks to queue
[2025-04-11T12:05:12.334+0000] {logging_mixin.py:190} INFO - [2025-04-11T12:05:12.333+0000] {dagbag.py:588} INFO - Filling up the DagBag from /home/airflow/.local/lib/python3.12/site-packages/airflow/example_dags/example_complex.py
[2025-04-11T12:05:12.444+0000] {processor.py:925} INFO - DAG(s) 'example_complex' retrieved from /home/airflow/.local/lib/python3.12/site-packages/airflow/example_dags/example_complex.py
[2025-04-11T12:05:12.629+0000] {logging_mixin.py:190} INFO - [2025-04-11T12:05:12.628+0000] {dag.py:3239} INFO - Sync 1 DAGs
[2025-04-11T12:05:12.743+0000] {logging_mixin.py:190} INFO - [2025-04-11T12:05:12.742+0000] {dag.py:4180} INFO - Setting next_dagrun for example_complex to None, run_after=None
[2025-04-11T12:05:13.480+0000] {processor.py:208} INFO - Processing /home/airflow/.local/lib/python3.12/site-packages/airflow/example_dags/example_complex.py took 1.225 seconds
[2025-04-11T12:05:46.113+0000] {processor.py:186} INFO - Started process (PID=75108) to work on /home/airflow/.local/lib/python3.12/site-packages/airflow/example_dags/example_complex.py
[2025-04-11T12:05:46.116+0000] {processor.py:914} INFO - Processing file /home/airflow/.local/lib/python3.12/site-packages/airflow/example_dags/example_complex.py for tasks to queue
[2025-04-11T12:05:46.121+0000] {logging_mixin.py:190} INFO - [2025-04-11T12:05:46.120+0000] {dagbag.py:588} INFO - Filling up the DagBag from /home/airflow/.local/lib/python3.12/site-packages/airflow/example_dags/example_complex.py
[2025-04-11T12:05:46.205+0000] {processor.py:925} INFO - DAG(s) 'example_complex' retrieved from /home/airflow/.local/lib/python3.12/site-packages/airflow/example_dags/example_complex.py
[2025-04-11T12:05:46.406+0000] {logging_mixin.py:190} INFO - [2025-04-11T12:05:46.405+0000] {dag.py:3239} INFO - Sync 1 DAGs
[2025-04-11T12:05:46.538+0000] {logging_mixin.py:190} INFO - [2025-04-11T12:05:46.538+0000] {dag.py:4180} INFO - Setting next_dagrun for example_complex to None, run_after=None
[2025-04-11T12:05:46.684+0000] {processor.py:208} INFO - Processing /home/airflow/.local/lib/python3.12/site-packages/airflow/example_dags/example_complex.py took 0.605 seconds
[2025-04-11T12:06:18.023+0000] {processor.py:186} INFO - Started process (PID=75161) to work on /home/airflow/.local/lib/python3.12/site-packages/airflow/example_dags/example_complex.py
[2025-04-11T12:06:18.027+0000] {processor.py:914} INFO - Processing file /home/airflow/.local/lib/python3.12/site-packages/airflow/example_dags/example_complex.py for tasks to queue
[2025-04-11T12:06:18.039+0000] {logging_mixin.py:190} INFO - [2025-04-11T12:06:18.038+0000] {dagbag.py:588} INFO - Filling up the DagBag from /home/airflow/.local/lib/python3.12/site-packages/airflow/example_dags/example_complex.py
[2025-04-11T12:06:18.117+0000] {processor.py:925} INFO - DAG(s) 'example_complex' retrieved from /home/airflow/.local/lib/python3.12/site-packages/airflow/example_dags/example_complex.py
[2025-04-11T12:06:18.330+0000] {logging_mixin.py:190} INFO - [2025-04-11T12:06:18.329+0000] {dag.py:3239} INFO - Sync 1 DAGs
[2025-04-11T12:06:18.429+0000] {logging_mixin.py:190} INFO - [2025-04-11T12:06:18.428+0000] {dag.py:4180} INFO - Setting next_dagrun for example_complex to None, run_after=None
[2025-04-11T12:06:18.569+0000] {processor.py:208} INFO - Processing /home/airflow/.local/lib/python3.12/site-packages/airflow/example_dags/example_complex.py took 0.561 seconds
[2025-04-11T12:06:51.168+0000] {processor.py:186} INFO - Started process (PID=75221) to work on /home/airflow/.local/lib/python3.12/site-packages/airflow/example_dags/example_complex.py
[2025-04-11T12:06:51.174+0000] {processor.py:914} INFO - Processing file /home/airflow/.local/lib/python3.12/site-packages/airflow/example_dags/example_complex.py for tasks to queue
[2025-04-11T12:06:51.177+0000] {logging_mixin.py:190} INFO - [2025-04-11T12:06:51.177+0000] {dagbag.py:588} INFO - Filling up the DagBag from /home/airflow/.local/lib/python3.12/site-packages/airflow/example_dags/example_complex.py
[2025-04-11T12:06:51.225+0000] {processor.py:925} INFO - DAG(s) 'example_complex' retrieved from /home/airflow/.local/lib/python3.12/site-packages/airflow/example_dags/example_complex.py
[2025-04-11T12:06:51.383+0000] {logging_mixin.py:190} INFO - [2025-04-11T12:06:51.382+0000] {dag.py:3239} INFO - Sync 1 DAGs
[2025-04-11T12:06:51.456+0000] {logging_mixin.py:190} INFO - [2025-04-11T12:06:51.456+0000] {dag.py:4180} INFO - Setting next_dagrun for example_complex to None, run_after=None
[2025-04-11T12:06:51.567+0000] {processor.py:208} INFO - Processing /home/airflow/.local/lib/python3.12/site-packages/airflow/example_dags/example_complex.py took 0.431 seconds
[2025-04-11T12:07:24.249+0000] {processor.py:186} INFO - Started process (PID=75292) to work on /home/airflow/.local/lib/python3.12/site-packages/airflow/example_dags/example_complex.py
[2025-04-11T12:07:24.255+0000] {processor.py:914} INFO - Processing file /home/airflow/.local/lib/python3.12/site-packages/airflow/example_dags/example_complex.py for tasks to queue
[2025-04-11T12:07:24.259+0000] {logging_mixin.py:190} INFO - [2025-04-11T12:07:24.258+0000] {dagbag.py:588} INFO - Filling up the DagBag from /home/airflow/.local/lib/python3.12/site-packages/airflow/example_dags/example_complex.py
[2025-04-11T12:07:24.317+0000] {processor.py:925} INFO - DAG(s) 'example_complex' retrieved from /home/airflow/.local/lib/python3.12/site-packages/airflow/example_dags/example_complex.py
[2025-04-11T12:07:24.457+0000] {logging_mixin.py:190} INFO - [2025-04-11T12:07:24.457+0000] {dag.py:3239} INFO - Sync 1 DAGs
[2025-04-11T12:07:24.513+0000] {logging_mixin.py:190} INFO - [2025-04-11T12:07:24.510+0000] {dag.py:4180} INFO - Setting next_dagrun for example_complex to None, run_after=None
[2025-04-11T12:07:24.593+0000] {processor.py:208} INFO - Processing /home/airflow/.local/lib/python3.12/site-packages/airflow/example_dags/example_complex.py took 0.364 seconds
[2025-04-11T12:07:58.477+0000] {processor.py:186} INFO - Started process (PID=75357) to work on /home/airflow/.local/lib/python3.12/site-packages/airflow/example_dags/example_complex.py
[2025-04-11T12:07:58.479+0000] {processor.py:914} INFO - Processing file /home/airflow/.local/lib/python3.12/site-packages/airflow/example_dags/example_complex.py for tasks to queue
[2025-04-11T12:07:58.485+0000] {logging_mixin.py:190} INFO - [2025-04-11T12:07:58.484+0000] {dagbag.py:588} INFO - Filling up the DagBag from /home/airflow/.local/lib/python3.12/site-packages/airflow/example_dags/example_complex.py
[2025-04-11T12:07:58.522+0000] {processor.py:925} INFO - DAG(s) 'example_complex' retrieved from /home/airflow/.local/lib/python3.12/site-packages/airflow/example_dags/example_complex.py
[2025-04-11T12:07:58.642+0000] {logging_mixin.py:190} INFO - [2025-04-11T12:07:58.642+0000] {dag.py:3239} INFO - Sync 1 DAGs
[2025-04-11T12:07:58.675+0000] {logging_mixin.py:190} INFO - [2025-04-11T12:07:58.674+0000] {dag.py:4180} INFO - Setting next_dagrun for example_complex to None, run_after=None
[2025-04-11T12:07:58.725+0000] {processor.py:208} INFO - Processing /home/airflow/.local/lib/python3.12/site-packages/airflow/example_dags/example_complex.py took 0.263 seconds
[2025-04-11T12:08:29.894+0000] {processor.py:186} INFO - Started process (PID=75422) to work on /home/airflow/.local/lib/python3.12/site-packages/airflow/example_dags/example_complex.py
[2025-04-11T12:08:29.896+0000] {processor.py:914} INFO - Processing file /home/airflow/.local/lib/python3.12/site-packages/airflow/example_dags/example_complex.py for tasks to queue
[2025-04-11T12:08:29.899+0000] {logging_mixin.py:190} INFO - [2025-04-11T12:08:29.898+0000] {dagbag.py:588} INFO - Filling up the DagBag from /home/airflow/.local/lib/python3.12/site-packages/airflow/example_dags/example_complex.py
[2025-04-11T12:08:29.924+0000] {processor.py:925} INFO - DAG(s) 'example_complex' retrieved from /home/airflow/.local/lib/python3.12/site-packages/airflow/example_dags/example_complex.py
[2025-04-11T12:08:29.988+0000] {logging_mixin.py:190} INFO - [2025-04-11T12:08:29.987+0000] {dag.py:3239} INFO - Sync 1 DAGs
[2025-04-11T12:08:30.021+0000] {logging_mixin.py:190} INFO - [2025-04-11T12:08:30.020+0000] {dag.py:4180} INFO - Setting next_dagrun for example_complex to None, run_after=None
[2025-04-11T12:08:30.077+0000] {processor.py:208} INFO - Processing /home/airflow/.local/lib/python3.12/site-packages/airflow/example_dags/example_complex.py took 0.194 seconds
[2025-04-11T12:09:01.615+0000] {processor.py:186} INFO - Started process (PID=75487) to work on /home/airflow/.local/lib/python3.12/site-packages/airflow/example_dags/example_complex.py
[2025-04-11T12:09:01.617+0000] {processor.py:914} INFO - Processing file /home/airflow/.local/lib/python3.12/site-packages/airflow/example_dags/example_complex.py for tasks to queue
[2025-04-11T12:09:01.629+0000] {logging_mixin.py:190} INFO - [2025-04-11T12:09:01.628+0000] {dagbag.py:588} INFO - Filling up the DagBag from /home/airflow/.local/lib/python3.12/site-packages/airflow/example_dags/example_complex.py
[2025-04-11T12:09:01.671+0000] {processor.py:925} INFO - DAG(s) 'example_complex' retrieved from /home/airflow/.local/lib/python3.12/site-packages/airflow/example_dags/example_complex.py
[2025-04-11T12:09:01.744+0000] {logging_mixin.py:190} INFO - [2025-04-11T12:09:01.743+0000] {dag.py:3239} INFO - Sync 1 DAGs
[2025-04-11T12:09:01.771+0000] {logging_mixin.py:190} INFO - [2025-04-11T12:09:01.770+0000] {dag.py:4180} INFO - Setting next_dagrun for example_complex to None, run_after=None
[2025-04-11T12:09:01.832+0000] {processor.py:208} INFO - Processing /home/airflow/.local/lib/python3.12/site-packages/airflow/example_dags/example_complex.py took 0.229 seconds
[2025-04-11T12:09:32.779+0000] {processor.py:186} INFO - Started process (PID=75550) to work on /home/airflow/.local/lib/python3.12/site-packages/airflow/example_dags/example_complex.py
[2025-04-11T12:09:32.783+0000] {processor.py:914} INFO - Processing file /home/airflow/.local/lib/python3.12/site-packages/airflow/example_dags/example_complex.py for tasks to queue
[2025-04-11T12:09:32.787+0000] {logging_mixin.py:190} INFO - [2025-04-11T12:09:32.786+0000] {dagbag.py:588} INFO - Filling up the DagBag from /home/airflow/.local/lib/python3.12/site-packages/airflow/example_dags/example_complex.py
[2025-04-11T12:09:32.808+0000] {processor.py:925} INFO - DAG(s) 'example_complex' retrieved from /home/airflow/.local/lib/python3.12/site-packages/airflow/example_dags/example_complex.py
[2025-04-11T12:09:32.863+0000] {logging_mixin.py:190} INFO - [2025-04-11T12:09:32.863+0000] {dag.py:3239} INFO - Sync 1 DAGs
[2025-04-11T12:09:32.894+0000] {logging_mixin.py:190} INFO - [2025-04-11T12:09:32.894+0000] {dag.py:4180} INFO - Setting next_dagrun for example_complex to None, run_after=None
[2025-04-11T12:09:32.935+0000] {processor.py:208} INFO - Processing /home/airflow/.local/lib/python3.12/site-packages/airflow/example_dags/example_complex.py took 0.165 seconds
[2025-04-11T12:10:03.660+0000] {processor.py:186} INFO - Started process (PID=75614) to work on /home/airflow/.local/lib/python3.12/site-packages/airflow/example_dags/example_complex.py
[2025-04-11T12:10:03.672+0000] {processor.py:914} INFO - Processing file /home/airflow/.local/lib/python3.12/site-packages/airflow/example_dags/example_complex.py for tasks to queue
[2025-04-11T12:10:03.677+0000] {logging_mixin.py:190} INFO - [2025-04-11T12:10:03.676+0000] {dagbag.py:588} INFO - Filling up the DagBag from /home/airflow/.local/lib/python3.12/site-packages/airflow/example_dags/example_complex.py
[2025-04-11T12:10:03.756+0000] {processor.py:925} INFO - DAG(s) 'example_complex' retrieved from /home/airflow/.local/lib/python3.12/site-packages/airflow/example_dags/example_complex.py
[2025-04-11T12:10:03.935+0000] {logging_mixin.py:190} INFO - [2025-04-11T12:10:03.934+0000] {dag.py:3239} INFO - Sync 1 DAGs
[2025-04-11T12:10:04.030+0000] {logging_mixin.py:190} INFO - [2025-04-11T12:10:04.029+0000] {dag.py:4180} INFO - Setting next_dagrun for example_complex to None, run_after=None
[2025-04-11T12:10:04.142+0000] {processor.py:208} INFO - Processing /home/airflow/.local/lib/python3.12/site-packages/airflow/example_dags/example_complex.py took 0.505 seconds
[2025-04-11T12:10:34.295+0000] {processor.py:186} INFO - Started process (PID=75678) to work on /home/airflow/.local/lib/python3.12/site-packages/airflow/example_dags/example_complex.py
[2025-04-11T12:10:34.296+0000] {processor.py:914} INFO - Processing file /home/airflow/.local/lib/python3.12/site-packages/airflow/example_dags/example_complex.py for tasks to queue
[2025-04-11T12:10:34.298+0000] {logging_mixin.py:190} INFO - [2025-04-11T12:10:34.298+0000] {dagbag.py:588} INFO - Filling up the DagBag from /home/airflow/.local/lib/python3.12/site-packages/airflow/example_dags/example_complex.py
[2025-04-11T12:10:34.320+0000] {processor.py:925} INFO - DAG(s) 'example_complex' retrieved from /home/airflow/.local/lib/python3.12/site-packages/airflow/example_dags/example_complex.py
[2025-04-11T12:10:34.372+0000] {logging_mixin.py:190} INFO - [2025-04-11T12:10:34.372+0000] {dag.py:3239} INFO - Sync 1 DAGs
[2025-04-11T12:10:34.395+0000] {logging_mixin.py:190} INFO - [2025-04-11T12:10:34.395+0000] {dag.py:4180} INFO - Setting next_dagrun for example_complex to None, run_after=None
[2025-04-11T12:10:34.439+0000] {processor.py:208} INFO - Processing /home/airflow/.local/lib/python3.12/site-packages/airflow/example_dags/example_complex.py took 0.158 seconds
[2025-04-11T12:11:04.798+0000] {processor.py:186} INFO - Started process (PID=75743) to work on /home/airflow/.local/lib/python3.12/site-packages/airflow/example_dags/example_complex.py
[2025-04-11T12:11:04.801+0000] {processor.py:914} INFO - Processing file /home/airflow/.local/lib/python3.12/site-packages/airflow/example_dags/example_complex.py for tasks to queue
[2025-04-11T12:11:04.804+0000] {logging_mixin.py:190} INFO - [2025-04-11T12:11:04.803+0000] {dagbag.py:588} INFO - Filling up the DagBag from /home/airflow/.local/lib/python3.12/site-packages/airflow/example_dags/example_complex.py
[2025-04-11T12:11:04.831+0000] {processor.py:925} INFO - DAG(s) 'example_complex' retrieved from /home/airflow/.local/lib/python3.12/site-packages/airflow/example_dags/example_complex.py
[2025-04-11T12:11:04.902+0000] {logging_mixin.py:190} INFO - [2025-04-11T12:11:04.902+0000] {dag.py:3239} INFO - Sync 1 DAGs
[2025-04-11T12:11:04.934+0000] {logging_mixin.py:190} INFO - [2025-04-11T12:11:04.933+0000] {dag.py:4180} INFO - Setting next_dagrun for example_complex to None, run_after=None
[2025-04-11T12:11:04.973+0000] {processor.py:208} INFO - Processing /home/airflow/.local/lib/python3.12/site-packages/airflow/example_dags/example_complex.py took 0.188 seconds
[2025-04-11T12:11:35.168+0000] {processor.py:186} INFO - Started process (PID=75808) to work on /home/airflow/.local/lib/python3.12/site-packages/airflow/example_dags/example_complex.py
[2025-04-11T12:11:35.171+0000] {processor.py:914} INFO - Processing file /home/airflow/.local/lib/python3.12/site-packages/airflow/example_dags/example_complex.py for tasks to queue
[2025-04-11T12:11:35.174+0000] {logging_mixin.py:190} INFO - [2025-04-11T12:11:35.173+0000] {dagbag.py:588} INFO - Filling up the DagBag from /home/airflow/.local/lib/python3.12/site-packages/airflow/example_dags/example_complex.py
[2025-04-11T12:11:35.210+0000] {processor.py:925} INFO - DAG(s) 'example_complex' retrieved from /home/airflow/.local/lib/python3.12/site-packages/airflow/example_dags/example_complex.py
[2025-04-11T12:11:35.275+0000] {logging_mixin.py:190} INFO - [2025-04-11T12:11:35.274+0000] {dag.py:3239} INFO - Sync 1 DAGs
[2025-04-11T12:11:35.311+0000] {logging_mixin.py:190} INFO - [2025-04-11T12:11:35.310+0000] {dag.py:4180} INFO - Setting next_dagrun for example_complex to None, run_after=None
[2025-04-11T12:11:35.353+0000] {processor.py:208} INFO - Processing /home/airflow/.local/lib/python3.12/site-packages/airflow/example_dags/example_complex.py took 0.193 seconds
[2025-04-11T12:12:05.872+0000] {processor.py:186} INFO - Started process (PID=75873) to work on /home/airflow/.local/lib/python3.12/site-packages/airflow/example_dags/example_complex.py
[2025-04-11T12:12:05.874+0000] {processor.py:914} INFO - Processing file /home/airflow/.local/lib/python3.12/site-packages/airflow/example_dags/example_complex.py for tasks to queue
[2025-04-11T12:12:05.877+0000] {logging_mixin.py:190} INFO - [2025-04-11T12:12:05.877+0000] {dagbag.py:588} INFO - Filling up the DagBag from /home/airflow/.local/lib/python3.12/site-packages/airflow/example_dags/example_complex.py
[2025-04-11T12:12:05.897+0000] {processor.py:925} INFO - DAG(s) 'example_complex' retrieved from /home/airflow/.local/lib/python3.12/site-packages/airflow/example_dags/example_complex.py
[2025-04-11T12:12:05.947+0000] {logging_mixin.py:190} INFO - [2025-04-11T12:12:05.946+0000] {dag.py:3239} INFO - Sync 1 DAGs
[2025-04-11T12:12:05.972+0000] {logging_mixin.py:190} INFO - [2025-04-11T12:12:05.972+0000] {dag.py:4180} INFO - Setting next_dagrun for example_complex to None, run_after=None
[2025-04-11T12:12:06.012+0000] {processor.py:208} INFO - Processing /home/airflow/.local/lib/python3.12/site-packages/airflow/example_dags/example_complex.py took 0.160 seconds
[2025-04-11T12:12:36.652+0000] {processor.py:186} INFO - Started process (PID=75938) to work on /home/airflow/.local/lib/python3.12/site-packages/airflow/example_dags/example_complex.py
[2025-04-11T12:12:36.655+0000] {processor.py:914} INFO - Processing file /home/airflow/.local/lib/python3.12/site-packages/airflow/example_dags/example_complex.py for tasks to queue
[2025-04-11T12:12:36.658+0000] {logging_mixin.py:190} INFO - [2025-04-11T12:12:36.657+0000] {dagbag.py:588} INFO - Filling up the DagBag from /home/airflow/.local/lib/python3.12/site-packages/airflow/example_dags/example_complex.py
[2025-04-11T12:12:36.684+0000] {processor.py:925} INFO - DAG(s) 'example_complex' retrieved from /home/airflow/.local/lib/python3.12/site-packages/airflow/example_dags/example_complex.py
[2025-04-11T12:12:36.807+0000] {logging_mixin.py:190} INFO - [2025-04-11T12:12:36.806+0000] {dag.py:3239} INFO - Sync 1 DAGs
[2025-04-11T12:12:36.855+0000] {logging_mixin.py:190} INFO - [2025-04-11T12:12:36.855+0000] {dag.py:4180} INFO - Setting next_dagrun for example_complex to None, run_after=None
[2025-04-11T12:12:36.934+0000] {processor.py:208} INFO - Processing /home/airflow/.local/lib/python3.12/site-packages/airflow/example_dags/example_complex.py took 0.291 seconds
[2025-04-11T12:13:07.168+0000] {processor.py:186} INFO - Started process (PID=76003) to work on /home/airflow/.local/lib/python3.12/site-packages/airflow/example_dags/example_complex.py
[2025-04-11T12:13:07.170+0000] {processor.py:914} INFO - Processing file /home/airflow/.local/lib/python3.12/site-packages/airflow/example_dags/example_complex.py for tasks to queue
[2025-04-11T12:13:07.173+0000] {logging_mixin.py:190} INFO - [2025-04-11T12:13:07.172+0000] {dagbag.py:588} INFO - Filling up the DagBag from /home/airflow/.local/lib/python3.12/site-packages/airflow/example_dags/example_complex.py
[2025-04-11T12:13:07.195+0000] {processor.py:925} INFO - DAG(s) 'example_complex' retrieved from /home/airflow/.local/lib/python3.12/site-packages/airflow/example_dags/example_complex.py
[2025-04-11T12:13:07.250+0000] {logging_mixin.py:190} INFO - [2025-04-11T12:13:07.250+0000] {dag.py:3239} INFO - Sync 1 DAGs
[2025-04-11T12:13:07.278+0000] {logging_mixin.py:190} INFO - [2025-04-11T12:13:07.277+0000] {dag.py:4180} INFO - Setting next_dagrun for example_complex to None, run_after=None
[2025-04-11T12:13:07.315+0000] {processor.py:208} INFO - Processing /home/airflow/.local/lib/python3.12/site-packages/airflow/example_dags/example_complex.py took 0.156 seconds
[2025-04-11T12:13:38.610+0000] {processor.py:186} INFO - Started process (PID=76068) to work on /home/airflow/.local/lib/python3.12/site-packages/airflow/example_dags/example_complex.py
[2025-04-11T12:13:38.618+0000] {processor.py:914} INFO - Processing file /home/airflow/.local/lib/python3.12/site-packages/airflow/example_dags/example_complex.py for tasks to queue
[2025-04-11T12:13:38.636+0000] {logging_mixin.py:190} INFO - [2025-04-11T12:13:38.635+0000] {dagbag.py:588} INFO - Filling up the DagBag from /home/airflow/.local/lib/python3.12/site-packages/airflow/example_dags/example_complex.py
[2025-04-11T12:13:38.732+0000] {processor.py:925} INFO - DAG(s) 'example_complex' retrieved from /home/airflow/.local/lib/python3.12/site-packages/airflow/example_dags/example_complex.py
[2025-04-11T12:13:38.965+0000] {logging_mixin.py:190} INFO - [2025-04-11T12:13:38.965+0000] {dag.py:3239} INFO - Sync 1 DAGs
[2025-04-11T12:13:39.056+0000] {logging_mixin.py:190} INFO - [2025-04-11T12:13:39.056+0000] {dag.py:4180} INFO - Setting next_dagrun for example_complex to None, run_after=None
[2025-04-11T12:13:39.206+0000] {processor.py:208} INFO - Processing /home/airflow/.local/lib/python3.12/site-packages/airflow/example_dags/example_complex.py took 0.622 seconds
[2025-04-11T12:14:09.935+0000] {processor.py:186} INFO - Started process (PID=76132) to work on /home/airflow/.local/lib/python3.12/site-packages/airflow/example_dags/example_complex.py
[2025-04-11T12:14:09.937+0000] {processor.py:914} INFO - Processing file /home/airflow/.local/lib/python3.12/site-packages/airflow/example_dags/example_complex.py for tasks to queue
[2025-04-11T12:14:09.944+0000] {logging_mixin.py:190} INFO - [2025-04-11T12:14:09.943+0000] {dagbag.py:588} INFO - Filling up the DagBag from /home/airflow/.local/lib/python3.12/site-packages/airflow/example_dags/example_complex.py
[2025-04-11T12:14:09.991+0000] {processor.py:925} INFO - DAG(s) 'example_complex' retrieved from /home/airflow/.local/lib/python3.12/site-packages/airflow/example_dags/example_complex.py
[2025-04-11T12:14:10.121+0000] {logging_mixin.py:190} INFO - [2025-04-11T12:14:10.120+0000] {dag.py:3239} INFO - Sync 1 DAGs
[2025-04-11T12:14:10.224+0000] {logging_mixin.py:190} INFO - [2025-04-11T12:14:10.223+0000] {dag.py:4180} INFO - Setting next_dagrun for example_complex to None, run_after=None
[2025-04-11T12:14:10.337+0000] {processor.py:208} INFO - Processing /home/airflow/.local/lib/python3.12/site-packages/airflow/example_dags/example_complex.py took 0.412 seconds
[2025-04-11T12:14:40.569+0000] {processor.py:186} INFO - Started process (PID=76196) to work on /home/airflow/.local/lib/python3.12/site-packages/airflow/example_dags/example_complex.py
[2025-04-11T12:14:40.571+0000] {processor.py:914} INFO - Processing file /home/airflow/.local/lib/python3.12/site-packages/airflow/example_dags/example_complex.py for tasks to queue
[2025-04-11T12:14:40.574+0000] {logging_mixin.py:190} INFO - [2025-04-11T12:14:40.573+0000] {dagbag.py:588} INFO - Filling up the DagBag from /home/airflow/.local/lib/python3.12/site-packages/airflow/example_dags/example_complex.py
[2025-04-11T12:14:40.610+0000] {processor.py:925} INFO - DAG(s) 'example_complex' retrieved from /home/airflow/.local/lib/python3.12/site-packages/airflow/example_dags/example_complex.py
[2025-04-11T12:14:40.737+0000] {logging_mixin.py:190} INFO - [2025-04-11T12:14:40.736+0000] {dag.py:3239} INFO - Sync 1 DAGs
[2025-04-11T12:14:40.786+0000] {logging_mixin.py:190} INFO - [2025-04-11T12:14:40.785+0000] {dag.py:4180} INFO - Setting next_dagrun for example_complex to None, run_after=None
[2025-04-11T12:14:40.848+0000] {processor.py:208} INFO - Processing /home/airflow/.local/lib/python3.12/site-packages/airflow/example_dags/example_complex.py took 0.292 seconds
[2025-04-11T12:15:11.138+0000] {processor.py:186} INFO - Started process (PID=76261) to work on /home/airflow/.local/lib/python3.12/site-packages/airflow/example_dags/example_complex.py
[2025-04-11T12:15:11.141+0000] {processor.py:914} INFO - Processing file /home/airflow/.local/lib/python3.12/site-packages/airflow/example_dags/example_complex.py for tasks to queue
[2025-04-11T12:15:11.154+0000] {logging_mixin.py:190} INFO - [2025-04-11T12:15:11.150+0000] {dagbag.py:588} INFO - Filling up the DagBag from /home/airflow/.local/lib/python3.12/site-packages/airflow/example_dags/example_complex.py
[2025-04-11T12:15:11.233+0000] {processor.py:925} INFO - DAG(s) 'example_complex' retrieved from /home/airflow/.local/lib/python3.12/site-packages/airflow/example_dags/example_complex.py
[2025-04-11T12:15:11.444+0000] {logging_mixin.py:190} INFO - [2025-04-11T12:15:11.443+0000] {dag.py:3239} INFO - Sync 1 DAGs
[2025-04-11T12:15:11.498+0000] {logging_mixin.py:190} INFO - [2025-04-11T12:15:11.497+0000] {dag.py:4180} INFO - Setting next_dagrun for example_complex to None, run_after=None
[2025-04-11T12:15:11.566+0000] {processor.py:208} INFO - Processing /home/airflow/.local/lib/python3.12/site-packages/airflow/example_dags/example_complex.py took 0.452 seconds
[2025-04-11T12:15:42.417+0000] {processor.py:186} INFO - Started process (PID=76325) to work on /home/airflow/.local/lib/python3.12/site-packages/airflow/example_dags/example_complex.py
[2025-04-11T12:15:42.420+0000] {processor.py:914} INFO - Processing file /home/airflow/.local/lib/python3.12/site-packages/airflow/example_dags/example_complex.py for tasks to queue
[2025-04-11T12:15:42.423+0000] {logging_mixin.py:190} INFO - [2025-04-11T12:15:42.422+0000] {dagbag.py:588} INFO - Filling up the DagBag from /home/airflow/.local/lib/python3.12/site-packages/airflow/example_dags/example_complex.py
[2025-04-11T12:15:42.451+0000] {processor.py:925} INFO - DAG(s) 'example_complex' retrieved from /home/airflow/.local/lib/python3.12/site-packages/airflow/example_dags/example_complex.py
[2025-04-11T12:15:42.518+0000] {logging_mixin.py:190} INFO - [2025-04-11T12:15:42.518+0000] {dag.py:3239} INFO - Sync 1 DAGs
[2025-04-11T12:15:42.567+0000] {logging_mixin.py:190} INFO - [2025-04-11T12:15:42.567+0000] {dag.py:4180} INFO - Setting next_dagrun for example_complex to None, run_after=None
[2025-04-11T12:15:42.606+0000] {processor.py:208} INFO - Processing /home/airflow/.local/lib/python3.12/site-packages/airflow/example_dags/example_complex.py took 0.203 seconds
[2025-04-11T12:16:13.434+0000] {processor.py:186} INFO - Started process (PID=76390) to work on /home/airflow/.local/lib/python3.12/site-packages/airflow/example_dags/example_complex.py
[2025-04-11T12:16:13.436+0000] {processor.py:914} INFO - Processing file /home/airflow/.local/lib/python3.12/site-packages/airflow/example_dags/example_complex.py for tasks to queue
[2025-04-11T12:16:13.438+0000] {logging_mixin.py:190} INFO - [2025-04-11T12:16:13.437+0000] {dagbag.py:588} INFO - Filling up the DagBag from /home/airflow/.local/lib/python3.12/site-packages/airflow/example_dags/example_complex.py
[2025-04-11T12:16:13.456+0000] {processor.py:925} INFO - DAG(s) 'example_complex' retrieved from /home/airflow/.local/lib/python3.12/site-packages/airflow/example_dags/example_complex.py
[2025-04-11T12:16:13.504+0000] {logging_mixin.py:190} INFO - [2025-04-11T12:16:13.503+0000] {dag.py:3239} INFO - Sync 1 DAGs
[2025-04-11T12:16:13.527+0000] {logging_mixin.py:190} INFO - [2025-04-11T12:16:13.527+0000] {dag.py:4180} INFO - Setting next_dagrun for example_complex to None, run_after=None
[2025-04-11T12:16:13.564+0000] {processor.py:208} INFO - Processing /home/airflow/.local/lib/python3.12/site-packages/airflow/example_dags/example_complex.py took 0.141 seconds
[2025-04-11T12:16:43.643+0000] {processor.py:186} INFO - Started process (PID=76455) to work on /home/airflow/.local/lib/python3.12/site-packages/airflow/example_dags/example_complex.py
[2025-04-11T12:16:43.646+0000] {processor.py:914} INFO - Processing file /home/airflow/.local/lib/python3.12/site-packages/airflow/example_dags/example_complex.py for tasks to queue
[2025-04-11T12:16:43.649+0000] {logging_mixin.py:190} INFO - [2025-04-11T12:16:43.648+0000] {dagbag.py:588} INFO - Filling up the DagBag from /home/airflow/.local/lib/python3.12/site-packages/airflow/example_dags/example_complex.py
[2025-04-11T12:16:43.667+0000] {processor.py:925} INFO - DAG(s) 'example_complex' retrieved from /home/airflow/.local/lib/python3.12/site-packages/airflow/example_dags/example_complex.py
[2025-04-11T12:16:43.724+0000] {logging_mixin.py:190} INFO - [2025-04-11T12:16:43.723+0000] {dag.py:3239} INFO - Sync 1 DAGs
[2025-04-11T12:16:43.748+0000] {logging_mixin.py:190} INFO - [2025-04-11T12:16:43.747+0000] {dag.py:4180} INFO - Setting next_dagrun for example_complex to None, run_after=None
[2025-04-11T12:16:43.806+0000] {processor.py:208} INFO - Processing /home/airflow/.local/lib/python3.12/site-packages/airflow/example_dags/example_complex.py took 0.170 seconds
[2025-04-11T12:17:14.548+0000] {processor.py:186} INFO - Started process (PID=76520) to work on /home/airflow/.local/lib/python3.12/site-packages/airflow/example_dags/example_complex.py
[2025-04-11T12:17:14.550+0000] {processor.py:914} INFO - Processing file /home/airflow/.local/lib/python3.12/site-packages/airflow/example_dags/example_complex.py for tasks to queue
[2025-04-11T12:17:14.553+0000] {logging_mixin.py:190} INFO - [2025-04-11T12:17:14.552+0000] {dagbag.py:588} INFO - Filling up the DagBag from /home/airflow/.local/lib/python3.12/site-packages/airflow/example_dags/example_complex.py
[2025-04-11T12:17:14.571+0000] {processor.py:925} INFO - DAG(s) 'example_complex' retrieved from /home/airflow/.local/lib/python3.12/site-packages/airflow/example_dags/example_complex.py
[2025-04-11T12:17:14.627+0000] {logging_mixin.py:190} INFO - [2025-04-11T12:17:14.626+0000] {dag.py:3239} INFO - Sync 1 DAGs
[2025-04-11T12:17:14.650+0000] {logging_mixin.py:190} INFO - [2025-04-11T12:17:14.650+0000] {dag.py:4180} INFO - Setting next_dagrun for example_complex to None, run_after=None
[2025-04-11T12:17:14.685+0000] {processor.py:208} INFO - Processing /home/airflow/.local/lib/python3.12/site-packages/airflow/example_dags/example_complex.py took 0.147 seconds
[2025-04-11T12:17:45.296+0000] {processor.py:186} INFO - Started process (PID=76586) to work on /home/airflow/.local/lib/python3.12/site-packages/airflow/example_dags/example_complex.py
[2025-04-11T12:17:45.319+0000] {processor.py:914} INFO - Processing file /home/airflow/.local/lib/python3.12/site-packages/airflow/example_dags/example_complex.py for tasks to queue
[2025-04-11T12:17:45.323+0000] {logging_mixin.py:190} INFO - [2025-04-11T12:17:45.322+0000] {dagbag.py:588} INFO - Filling up the DagBag from /home/airflow/.local/lib/python3.12/site-packages/airflow/example_dags/example_complex.py
[2025-04-11T12:17:45.356+0000] {processor.py:925} INFO - DAG(s) 'example_complex' retrieved from /home/airflow/.local/lib/python3.12/site-packages/airflow/example_dags/example_complex.py
[2025-04-11T12:17:45.453+0000] {logging_mixin.py:190} INFO - [2025-04-11T12:17:45.453+0000] {dag.py:3239} INFO - Sync 1 DAGs
[2025-04-11T12:17:45.486+0000] {logging_mixin.py:190} INFO - [2025-04-11T12:17:45.486+0000] {dag.py:4180} INFO - Setting next_dagrun for example_complex to None, run_after=None
[2025-04-11T12:17:45.531+0000] {processor.py:208} INFO - Processing /home/airflow/.local/lib/python3.12/site-packages/airflow/example_dags/example_complex.py took 0.271 seconds
[2025-04-11T12:18:16.430+0000] {processor.py:186} INFO - Started process (PID=76651) to work on /home/airflow/.local/lib/python3.12/site-packages/airflow/example_dags/example_complex.py
[2025-04-11T12:18:16.431+0000] {processor.py:914} INFO - Processing file /home/airflow/.local/lib/python3.12/site-packages/airflow/example_dags/example_complex.py for tasks to queue
[2025-04-11T12:18:16.434+0000] {logging_mixin.py:190} INFO - [2025-04-11T12:18:16.433+0000] {dagbag.py:588} INFO - Filling up the DagBag from /home/airflow/.local/lib/python3.12/site-packages/airflow/example_dags/example_complex.py
[2025-04-11T12:18:16.452+0000] {processor.py:925} INFO - DAG(s) 'example_complex' retrieved from /home/airflow/.local/lib/python3.12/site-packages/airflow/example_dags/example_complex.py
[2025-04-11T12:18:16.495+0000] {logging_mixin.py:190} INFO - [2025-04-11T12:18:16.495+0000] {dag.py:3239} INFO - Sync 1 DAGs
[2025-04-11T12:18:16.515+0000] {logging_mixin.py:190} INFO - [2025-04-11T12:18:16.515+0000] {dag.py:4180} INFO - Setting next_dagrun for example_complex to None, run_after=None
[2025-04-11T12:18:16.545+0000] {processor.py:208} INFO - Processing /home/airflow/.local/lib/python3.12/site-packages/airflow/example_dags/example_complex.py took 0.125 seconds
[2025-04-11T12:18:47.113+0000] {processor.py:186} INFO - Started process (PID=76715) to work on /home/airflow/.local/lib/python3.12/site-packages/airflow/example_dags/example_complex.py
[2025-04-11T12:18:47.116+0000] {processor.py:914} INFO - Processing file /home/airflow/.local/lib/python3.12/site-packages/airflow/example_dags/example_complex.py for tasks to queue
[2025-04-11T12:18:47.118+0000] {logging_mixin.py:190} INFO - [2025-04-11T12:18:47.117+0000] {dagbag.py:588} INFO - Filling up the DagBag from /home/airflow/.local/lib/python3.12/site-packages/airflow/example_dags/example_complex.py
[2025-04-11T12:18:47.137+0000] {processor.py:925} INFO - DAG(s) 'example_complex' retrieved from /home/airflow/.local/lib/python3.12/site-packages/airflow/example_dags/example_complex.py
[2025-04-11T12:18:47.197+0000] {logging_mixin.py:190} INFO - [2025-04-11T12:18:47.196+0000] {dag.py:3239} INFO - Sync 1 DAGs
[2025-04-11T12:18:47.224+0000] {logging_mixin.py:190} INFO - [2025-04-11T12:18:47.224+0000] {dag.py:4180} INFO - Setting next_dagrun for example_complex to None, run_after=None
[2025-04-11T12:18:47.266+0000] {processor.py:208} INFO - Processing /home/airflow/.local/lib/python3.12/site-packages/airflow/example_dags/example_complex.py took 0.163 seconds
[2025-04-11T12:19:17.636+0000] {processor.py:186} INFO - Started process (PID=76780) to work on /home/airflow/.local/lib/python3.12/site-packages/airflow/example_dags/example_complex.py
[2025-04-11T12:19:17.638+0000] {processor.py:914} INFO - Processing file /home/airflow/.local/lib/python3.12/site-packages/airflow/example_dags/example_complex.py for tasks to queue
[2025-04-11T12:19:17.641+0000] {logging_mixin.py:190} INFO - [2025-04-11T12:19:17.640+0000] {dagbag.py:588} INFO - Filling up the DagBag from /home/airflow/.local/lib/python3.12/site-packages/airflow/example_dags/example_complex.py
[2025-04-11T12:19:17.671+0000] {processor.py:925} INFO - DAG(s) 'example_complex' retrieved from /home/airflow/.local/lib/python3.12/site-packages/airflow/example_dags/example_complex.py
[2025-04-11T12:19:17.761+0000] {logging_mixin.py:190} INFO - [2025-04-11T12:19:17.760+0000] {dag.py:3239} INFO - Sync 1 DAGs
[2025-04-11T12:19:17.804+0000] {logging_mixin.py:190} INFO - [2025-04-11T12:19:17.804+0000] {dag.py:4180} INFO - Setting next_dagrun for example_complex to None, run_after=None
[2025-04-11T12:19:17.855+0000] {processor.py:208} INFO - Processing /home/airflow/.local/lib/python3.12/site-packages/airflow/example_dags/example_complex.py took 0.230 seconds
[2025-04-11T12:19:48.239+0000] {processor.py:186} INFO - Started process (PID=76845) to work on /home/airflow/.local/lib/python3.12/site-packages/airflow/example_dags/example_complex.py
[2025-04-11T12:19:48.241+0000] {processor.py:914} INFO - Processing file /home/airflow/.local/lib/python3.12/site-packages/airflow/example_dags/example_complex.py for tasks to queue
[2025-04-11T12:19:48.245+0000] {logging_mixin.py:190} INFO - [2025-04-11T12:19:48.243+0000] {dagbag.py:588} INFO - Filling up the DagBag from /home/airflow/.local/lib/python3.12/site-packages/airflow/example_dags/example_complex.py
[2025-04-11T12:19:48.266+0000] {processor.py:925} INFO - DAG(s) 'example_complex' retrieved from /home/airflow/.local/lib/python3.12/site-packages/airflow/example_dags/example_complex.py
[2025-04-11T12:19:48.315+0000] {logging_mixin.py:190} INFO - [2025-04-11T12:19:48.314+0000] {dag.py:3239} INFO - Sync 1 DAGs
[2025-04-11T12:19:48.341+0000] {logging_mixin.py:190} INFO - [2025-04-11T12:19:48.341+0000] {dag.py:4180} INFO - Setting next_dagrun for example_complex to None, run_after=None
[2025-04-11T12:19:48.376+0000] {processor.py:208} INFO - Processing /home/airflow/.local/lib/python3.12/site-packages/airflow/example_dags/example_complex.py took 0.144 seconds
[2025-04-11T12:20:18.621+0000] {processor.py:186} INFO - Started process (PID=76910) to work on /home/airflow/.local/lib/python3.12/site-packages/airflow/example_dags/example_complex.py
[2025-04-11T12:20:18.623+0000] {processor.py:914} INFO - Processing file /home/airflow/.local/lib/python3.12/site-packages/airflow/example_dags/example_complex.py for tasks to queue
[2025-04-11T12:20:18.625+0000] {logging_mixin.py:190} INFO - [2025-04-11T12:20:18.625+0000] {dagbag.py:588} INFO - Filling up the DagBag from /home/airflow/.local/lib/python3.12/site-packages/airflow/example_dags/example_complex.py
[2025-04-11T12:20:18.641+0000] {processor.py:925} INFO - DAG(s) 'example_complex' retrieved from /home/airflow/.local/lib/python3.12/site-packages/airflow/example_dags/example_complex.py
[2025-04-11T12:20:18.684+0000] {logging_mixin.py:190} INFO - [2025-04-11T12:20:18.684+0000] {dag.py:3239} INFO - Sync 1 DAGs
[2025-04-11T12:20:18.705+0000] {logging_mixin.py:190} INFO - [2025-04-11T12:20:18.705+0000] {dag.py:4180} INFO - Setting next_dagrun for example_complex to None, run_after=None
[2025-04-11T12:20:18.754+0000] {processor.py:208} INFO - Processing /home/airflow/.local/lib/python3.12/site-packages/airflow/example_dags/example_complex.py took 0.141 seconds
[2025-04-11T12:20:49.216+0000] {processor.py:186} INFO - Started process (PID=76974) to work on /home/airflow/.local/lib/python3.12/site-packages/airflow/example_dags/example_complex.py
[2025-04-11T12:20:49.222+0000] {processor.py:914} INFO - Processing file /home/airflow/.local/lib/python3.12/site-packages/airflow/example_dags/example_complex.py for tasks to queue
[2025-04-11T12:20:49.225+0000] {logging_mixin.py:190} INFO - [2025-04-11T12:20:49.224+0000] {dagbag.py:588} INFO - Filling up the DagBag from /home/airflow/.local/lib/python3.12/site-packages/airflow/example_dags/example_complex.py
[2025-04-11T12:20:49.252+0000] {processor.py:925} INFO - DAG(s) 'example_complex' retrieved from /home/airflow/.local/lib/python3.12/site-packages/airflow/example_dags/example_complex.py
[2025-04-11T12:20:49.331+0000] {logging_mixin.py:190} INFO - [2025-04-11T12:20:49.331+0000] {dag.py:3239} INFO - Sync 1 DAGs
[2025-04-11T12:20:49.369+0000] {logging_mixin.py:190} INFO - [2025-04-11T12:20:49.369+0000] {dag.py:4180} INFO - Setting next_dagrun for example_complex to None, run_after=None
[2025-04-11T12:20:49.433+0000] {processor.py:208} INFO - Processing /home/airflow/.local/lib/python3.12/site-packages/airflow/example_dags/example_complex.py took 0.229 seconds
[2025-04-11T12:21:20.127+0000] {processor.py:186} INFO - Started process (PID=77039) to work on /home/airflow/.local/lib/python3.12/site-packages/airflow/example_dags/example_complex.py
[2025-04-11T12:21:20.129+0000] {processor.py:914} INFO - Processing file /home/airflow/.local/lib/python3.12/site-packages/airflow/example_dags/example_complex.py for tasks to queue
[2025-04-11T12:21:20.133+0000] {logging_mixin.py:190} INFO - [2025-04-11T12:21:20.132+0000] {dagbag.py:588} INFO - Filling up the DagBag from /home/airflow/.local/lib/python3.12/site-packages/airflow/example_dags/example_complex.py
[2025-04-11T12:21:20.154+0000] {processor.py:925} INFO - DAG(s) 'example_complex' retrieved from /home/airflow/.local/lib/python3.12/site-packages/airflow/example_dags/example_complex.py
[2025-04-11T12:21:20.220+0000] {logging_mixin.py:190} INFO - [2025-04-11T12:21:20.220+0000] {dag.py:3239} INFO - Sync 1 DAGs
[2025-04-11T12:21:20.252+0000] {logging_mixin.py:190} INFO - [2025-04-11T12:21:20.252+0000] {dag.py:4180} INFO - Setting next_dagrun for example_complex to None, run_after=None
[2025-04-11T12:21:20.298+0000] {processor.py:208} INFO - Processing /home/airflow/.local/lib/python3.12/site-packages/airflow/example_dags/example_complex.py took 0.182 seconds
[2025-04-11T12:21:51.368+0000] {processor.py:186} INFO - Started process (PID=77104) to work on /home/airflow/.local/lib/python3.12/site-packages/airflow/example_dags/example_complex.py
[2025-04-11T12:21:51.370+0000] {processor.py:914} INFO - Processing file /home/airflow/.local/lib/python3.12/site-packages/airflow/example_dags/example_complex.py for tasks to queue
[2025-04-11T12:21:51.373+0000] {logging_mixin.py:190} INFO - [2025-04-11T12:21:51.372+0000] {dagbag.py:588} INFO - Filling up the DagBag from /home/airflow/.local/lib/python3.12/site-packages/airflow/example_dags/example_complex.py
[2025-04-11T12:21:51.394+0000] {processor.py:925} INFO - DAG(s) 'example_complex' retrieved from /home/airflow/.local/lib/python3.12/site-packages/airflow/example_dags/example_complex.py
[2025-04-11T12:21:51.457+0000] {logging_mixin.py:190} INFO - [2025-04-11T12:21:51.456+0000] {dag.py:3239} INFO - Sync 1 DAGs
[2025-04-11T12:21:51.491+0000] {logging_mixin.py:190} INFO - [2025-04-11T12:21:51.491+0000] {dag.py:4180} INFO - Setting next_dagrun for example_complex to None, run_after=None
[2025-04-11T12:21:51.533+0000] {processor.py:208} INFO - Processing /home/airflow/.local/lib/python3.12/site-packages/airflow/example_dags/example_complex.py took 0.178 seconds
[2025-04-11T12:22:22.298+0000] {processor.py:186} INFO - Started process (PID=77169) to work on /home/airflow/.local/lib/python3.12/site-packages/airflow/example_dags/example_complex.py
[2025-04-11T12:22:22.300+0000] {processor.py:914} INFO - Processing file /home/airflow/.local/lib/python3.12/site-packages/airflow/example_dags/example_complex.py for tasks to queue
[2025-04-11T12:22:22.305+0000] {logging_mixin.py:190} INFO - [2025-04-11T12:22:22.303+0000] {dagbag.py:588} INFO - Filling up the DagBag from /home/airflow/.local/lib/python3.12/site-packages/airflow/example_dags/example_complex.py
[2025-04-11T12:22:22.341+0000] {processor.py:925} INFO - DAG(s) 'example_complex' retrieved from /home/airflow/.local/lib/python3.12/site-packages/airflow/example_dags/example_complex.py
[2025-04-11T12:22:22.455+0000] {logging_mixin.py:190} INFO - [2025-04-11T12:22:22.454+0000] {dag.py:3239} INFO - Sync 1 DAGs
[2025-04-11T12:22:22.502+0000] {logging_mixin.py:190} INFO - [2025-04-11T12:22:22.501+0000] {dag.py:4180} INFO - Setting next_dagrun for example_complex to None, run_after=None
[2025-04-11T12:22:22.557+0000] {processor.py:208} INFO - Processing /home/airflow/.local/lib/python3.12/site-packages/airflow/example_dags/example_complex.py took 0.276 seconds
[2025-04-11T12:22:53.099+0000] {processor.py:186} INFO - Started process (PID=77234) to work on /home/airflow/.local/lib/python3.12/site-packages/airflow/example_dags/example_complex.py
[2025-04-11T12:22:53.100+0000] {processor.py:914} INFO - Processing file /home/airflow/.local/lib/python3.12/site-packages/airflow/example_dags/example_complex.py for tasks to queue
[2025-04-11T12:22:53.103+0000] {logging_mixin.py:190} INFO - [2025-04-11T12:22:53.102+0000] {dagbag.py:588} INFO - Filling up the DagBag from /home/airflow/.local/lib/python3.12/site-packages/airflow/example_dags/example_complex.py
[2025-04-11T12:22:53.120+0000] {processor.py:925} INFO - DAG(s) 'example_complex' retrieved from /home/airflow/.local/lib/python3.12/site-packages/airflow/example_dags/example_complex.py
[2025-04-11T12:22:53.167+0000] {logging_mixin.py:190} INFO - [2025-04-11T12:22:53.167+0000] {dag.py:3239} INFO - Sync 1 DAGs
[2025-04-11T12:22:53.188+0000] {logging_mixin.py:190} INFO - [2025-04-11T12:22:53.188+0000] {dag.py:4180} INFO - Setting next_dagrun for example_complex to None, run_after=None
[2025-04-11T12:22:53.221+0000] {processor.py:208} INFO - Processing /home/airflow/.local/lib/python3.12/site-packages/airflow/example_dags/example_complex.py took 0.132 seconds
[2025-04-11T12:23:23.519+0000] {processor.py:186} INFO - Started process (PID=77299) to work on /home/airflow/.local/lib/python3.12/site-packages/airflow/example_dags/example_complex.py
[2025-04-11T12:23:23.521+0000] {processor.py:914} INFO - Processing file /home/airflow/.local/lib/python3.12/site-packages/airflow/example_dags/example_complex.py for tasks to queue
[2025-04-11T12:23:23.524+0000] {logging_mixin.py:190} INFO - [2025-04-11T12:23:23.523+0000] {dagbag.py:588} INFO - Filling up the DagBag from /home/airflow/.local/lib/python3.12/site-packages/airflow/example_dags/example_complex.py
[2025-04-11T12:23:23.541+0000] {processor.py:925} INFO - DAG(s) 'example_complex' retrieved from /home/airflow/.local/lib/python3.12/site-packages/airflow/example_dags/example_complex.py
[2025-04-11T12:23:23.609+0000] {logging_mixin.py:190} INFO - [2025-04-11T12:23:23.609+0000] {dag.py:3239} INFO - Sync 1 DAGs
[2025-04-11T12:23:23.641+0000] {logging_mixin.py:190} INFO - [2025-04-11T12:23:23.641+0000] {dag.py:4180} INFO - Setting next_dagrun for example_complex to None, run_after=None
[2025-04-11T12:23:23.674+0000] {processor.py:208} INFO - Processing /home/airflow/.local/lib/python3.12/site-packages/airflow/example_dags/example_complex.py took 0.162 seconds
[2025-04-11T12:23:53.987+0000] {processor.py:186} INFO - Started process (PID=77364) to work on /home/airflow/.local/lib/python3.12/site-packages/airflow/example_dags/example_complex.py
[2025-04-11T12:23:53.989+0000] {processor.py:914} INFO - Processing file /home/airflow/.local/lib/python3.12/site-packages/airflow/example_dags/example_complex.py for tasks to queue
[2025-04-11T12:23:53.995+0000] {logging_mixin.py:190} INFO - [2025-04-11T12:23:53.993+0000] {dagbag.py:588} INFO - Filling up the DagBag from /home/airflow/.local/lib/python3.12/site-packages/airflow/example_dags/example_complex.py
[2025-04-11T12:23:54.027+0000] {processor.py:925} INFO - DAG(s) 'example_complex' retrieved from /home/airflow/.local/lib/python3.12/site-packages/airflow/example_dags/example_complex.py
[2025-04-11T12:23:54.109+0000] {logging_mixin.py:190} INFO - [2025-04-11T12:23:54.109+0000] {dag.py:3239} INFO - Sync 1 DAGs
[2025-04-11T12:23:54.149+0000] {logging_mixin.py:190} INFO - [2025-04-11T12:23:54.148+0000] {dag.py:4180} INFO - Setting next_dagrun for example_complex to None, run_after=None
[2025-04-11T12:23:54.195+0000] {processor.py:208} INFO - Processing /home/airflow/.local/lib/python3.12/site-packages/airflow/example_dags/example_complex.py took 0.226 seconds
[2025-04-11T12:24:24.412+0000] {processor.py:186} INFO - Started process (PID=77428) to work on /home/airflow/.local/lib/python3.12/site-packages/airflow/example_dags/example_complex.py
[2025-04-11T12:24:24.414+0000] {processor.py:914} INFO - Processing file /home/airflow/.local/lib/python3.12/site-packages/airflow/example_dags/example_complex.py for tasks to queue
[2025-04-11T12:24:24.418+0000] {logging_mixin.py:190} INFO - [2025-04-11T12:24:24.417+0000] {dagbag.py:588} INFO - Filling up the DagBag from /home/airflow/.local/lib/python3.12/site-packages/airflow/example_dags/example_complex.py
[2025-04-11T12:24:24.472+0000] {processor.py:925} INFO - DAG(s) 'example_complex' retrieved from /home/airflow/.local/lib/python3.12/site-packages/airflow/example_dags/example_complex.py
[2025-04-11T12:24:24.619+0000] {logging_mixin.py:190} INFO - [2025-04-11T12:24:24.618+0000] {dag.py:3239} INFO - Sync 1 DAGs
[2025-04-11T12:24:24.676+0000] {logging_mixin.py:190} INFO - [2025-04-11T12:24:24.676+0000] {dag.py:4180} INFO - Setting next_dagrun for example_complex to None, run_after=None
[2025-04-11T12:24:24.750+0000] {processor.py:208} INFO - Processing /home/airflow/.local/lib/python3.12/site-packages/airflow/example_dags/example_complex.py took 0.359 seconds
[2025-04-11T12:24:55.703+0000] {processor.py:186} INFO - Started process (PID=77491) to work on /home/airflow/.local/lib/python3.12/site-packages/airflow/example_dags/example_complex.py
[2025-04-11T12:24:55.714+0000] {processor.py:914} INFO - Processing file /home/airflow/.local/lib/python3.12/site-packages/airflow/example_dags/example_complex.py for tasks to queue
[2025-04-11T12:24:55.718+0000] {logging_mixin.py:190} INFO - [2025-04-11T12:24:55.717+0000] {dagbag.py:588} INFO - Filling up the DagBag from /home/airflow/.local/lib/python3.12/site-packages/airflow/example_dags/example_complex.py
[2025-04-11T12:24:55.802+0000] {processor.py:925} INFO - DAG(s) 'example_complex' retrieved from /home/airflow/.local/lib/python3.12/site-packages/airflow/example_dags/example_complex.py
[2025-04-11T12:24:55.976+0000] {logging_mixin.py:190} INFO - [2025-04-11T12:24:55.975+0000] {dag.py:3239} INFO - Sync 1 DAGs
[2025-04-11T12:24:56.055+0000] {logging_mixin.py:190} INFO - [2025-04-11T12:24:56.052+0000] {dag.py:4180} INFO - Setting next_dagrun for example_complex to None, run_after=None
[2025-04-11T12:24:56.195+0000] {processor.py:208} INFO - Processing /home/airflow/.local/lib/python3.12/site-packages/airflow/example_dags/example_complex.py took 0.518 seconds
[2025-04-11T12:25:26.559+0000] {processor.py:186} INFO - Started process (PID=77561) to work on /home/airflow/.local/lib/python3.12/site-packages/airflow/example_dags/example_complex.py
[2025-04-11T12:25:26.561+0000] {processor.py:914} INFO - Processing file /home/airflow/.local/lib/python3.12/site-packages/airflow/example_dags/example_complex.py for tasks to queue
[2025-04-11T12:25:26.564+0000] {logging_mixin.py:190} INFO - [2025-04-11T12:25:26.563+0000] {dagbag.py:588} INFO - Filling up the DagBag from /home/airflow/.local/lib/python3.12/site-packages/airflow/example_dags/example_complex.py
[2025-04-11T12:25:26.581+0000] {processor.py:925} INFO - DAG(s) 'example_complex' retrieved from /home/airflow/.local/lib/python3.12/site-packages/airflow/example_dags/example_complex.py
[2025-04-11T12:25:26.634+0000] {logging_mixin.py:190} INFO - [2025-04-11T12:25:26.634+0000] {dag.py:3239} INFO - Sync 1 DAGs
[2025-04-11T12:25:26.657+0000] {logging_mixin.py:190} INFO - [2025-04-11T12:25:26.657+0000] {dag.py:4180} INFO - Setting next_dagrun for example_complex to None, run_after=None
[2025-04-11T12:25:26.694+0000] {processor.py:208} INFO - Processing /home/airflow/.local/lib/python3.12/site-packages/airflow/example_dags/example_complex.py took 0.142 seconds
[2025-04-11T12:25:57.126+0000] {processor.py:186} INFO - Started process (PID=77626) to work on /home/airflow/.local/lib/python3.12/site-packages/airflow/example_dags/example_complex.py
[2025-04-11T12:25:57.129+0000] {processor.py:914} INFO - Processing file /home/airflow/.local/lib/python3.12/site-packages/airflow/example_dags/example_complex.py for tasks to queue
[2025-04-11T12:25:57.132+0000] {logging_mixin.py:190} INFO - [2025-04-11T12:25:57.131+0000] {dagbag.py:588} INFO - Filling up the DagBag from /home/airflow/.local/lib/python3.12/site-packages/airflow/example_dags/example_complex.py
[2025-04-11T12:25:57.150+0000] {processor.py:925} INFO - DAG(s) 'example_complex' retrieved from /home/airflow/.local/lib/python3.12/site-packages/airflow/example_dags/example_complex.py
[2025-04-11T12:25:57.192+0000] {logging_mixin.py:190} INFO - [2025-04-11T12:25:57.192+0000] {dag.py:3239} INFO - Sync 1 DAGs
[2025-04-11T12:25:57.214+0000] {logging_mixin.py:190} INFO - [2025-04-11T12:25:57.214+0000] {dag.py:4180} INFO - Setting next_dagrun for example_complex to None, run_after=None
[2025-04-11T12:25:57.252+0000] {processor.py:208} INFO - Processing /home/airflow/.local/lib/python3.12/site-packages/airflow/example_dags/example_complex.py took 0.133 seconds
[2025-04-11T12:26:28.023+0000] {processor.py:186} INFO - Started process (PID=77691) to work on /home/airflow/.local/lib/python3.12/site-packages/airflow/example_dags/example_complex.py
[2025-04-11T12:26:28.025+0000] {processor.py:914} INFO - Processing file /home/airflow/.local/lib/python3.12/site-packages/airflow/example_dags/example_complex.py for tasks to queue
[2025-04-11T12:26:28.029+0000] {logging_mixin.py:190} INFO - [2025-04-11T12:26:28.028+0000] {dagbag.py:588} INFO - Filling up the DagBag from /home/airflow/.local/lib/python3.12/site-packages/airflow/example_dags/example_complex.py
[2025-04-11T12:26:28.057+0000] {processor.py:925} INFO - DAG(s) 'example_complex' retrieved from /home/airflow/.local/lib/python3.12/site-packages/airflow/example_dags/example_complex.py
[2025-04-11T12:26:28.124+0000] {logging_mixin.py:190} INFO - [2025-04-11T12:26:28.124+0000] {dag.py:3239} INFO - Sync 1 DAGs
[2025-04-11T12:26:28.158+0000] {logging_mixin.py:190} INFO - [2025-04-11T12:26:28.158+0000] {dag.py:4180} INFO - Setting next_dagrun for example_complex to None, run_after=None
[2025-04-11T12:26:28.205+0000] {processor.py:208} INFO - Processing /home/airflow/.local/lib/python3.12/site-packages/airflow/example_dags/example_complex.py took 0.196 seconds
[2025-04-11T12:26:58.961+0000] {processor.py:186} INFO - Started process (PID=77756) to work on /home/airflow/.local/lib/python3.12/site-packages/airflow/example_dags/example_complex.py
[2025-04-11T12:26:58.963+0000] {processor.py:914} INFO - Processing file /home/airflow/.local/lib/python3.12/site-packages/airflow/example_dags/example_complex.py for tasks to queue
[2025-04-11T12:26:58.967+0000] {logging_mixin.py:190} INFO - [2025-04-11T12:26:58.966+0000] {dagbag.py:588} INFO - Filling up the DagBag from /home/airflow/.local/lib/python3.12/site-packages/airflow/example_dags/example_complex.py
[2025-04-11T12:26:58.991+0000] {processor.py:925} INFO - DAG(s) 'example_complex' retrieved from /home/airflow/.local/lib/python3.12/site-packages/airflow/example_dags/example_complex.py
[2025-04-11T12:26:59.053+0000] {logging_mixin.py:190} INFO - [2025-04-11T12:26:59.052+0000] {dag.py:3239} INFO - Sync 1 DAGs
[2025-04-11T12:26:59.086+0000] {logging_mixin.py:190} INFO - [2025-04-11T12:26:59.086+0000] {dag.py:4180} INFO - Setting next_dagrun for example_complex to None, run_after=None
[2025-04-11T12:26:59.128+0000] {processor.py:208} INFO - Processing /home/airflow/.local/lib/python3.12/site-packages/airflow/example_dags/example_complex.py took 0.181 seconds
[2025-04-11T12:27:29.291+0000] {processor.py:186} INFO - Started process (PID=77820) to work on /home/airflow/.local/lib/python3.12/site-packages/airflow/example_dags/example_complex.py
[2025-04-11T12:27:29.293+0000] {processor.py:914} INFO - Processing file /home/airflow/.local/lib/python3.12/site-packages/airflow/example_dags/example_complex.py for tasks to queue
[2025-04-11T12:27:29.295+0000] {logging_mixin.py:190} INFO - [2025-04-11T12:27:29.294+0000] {dagbag.py:588} INFO - Filling up the DagBag from /home/airflow/.local/lib/python3.12/site-packages/airflow/example_dags/example_complex.py
[2025-04-11T12:27:29.315+0000] {processor.py:925} INFO - DAG(s) 'example_complex' retrieved from /home/airflow/.local/lib/python3.12/site-packages/airflow/example_dags/example_complex.py
[2025-04-11T12:27:29.364+0000] {logging_mixin.py:190} INFO - [2025-04-11T12:27:29.363+0000] {dag.py:3239} INFO - Sync 1 DAGs
[2025-04-11T12:27:29.390+0000] {logging_mixin.py:190} INFO - [2025-04-11T12:27:29.390+0000] {dag.py:4180} INFO - Setting next_dagrun for example_complex to None, run_after=None
[2025-04-11T12:27:29.431+0000] {processor.py:208} INFO - Processing /home/airflow/.local/lib/python3.12/site-packages/airflow/example_dags/example_complex.py took 0.149 seconds
[2025-04-11T12:28:00.106+0000] {processor.py:186} INFO - Started process (PID=77885) to work on /home/airflow/.local/lib/python3.12/site-packages/airflow/example_dags/example_complex.py
[2025-04-11T12:28:00.108+0000] {processor.py:914} INFO - Processing file /home/airflow/.local/lib/python3.12/site-packages/airflow/example_dags/example_complex.py for tasks to queue
[2025-04-11T12:28:00.110+0000] {logging_mixin.py:190} INFO - [2025-04-11T12:28:00.110+0000] {dagbag.py:588} INFO - Filling up the DagBag from /home/airflow/.local/lib/python3.12/site-packages/airflow/example_dags/example_complex.py
[2025-04-11T12:28:00.129+0000] {processor.py:925} INFO - DAG(s) 'example_complex' retrieved from /home/airflow/.local/lib/python3.12/site-packages/airflow/example_dags/example_complex.py
[2025-04-11T12:28:00.191+0000] {logging_mixin.py:190} INFO - [2025-04-11T12:28:00.190+0000] {dag.py:3239} INFO - Sync 1 DAGs
[2025-04-11T12:28:00.224+0000] {logging_mixin.py:190} INFO - [2025-04-11T12:28:00.224+0000] {dag.py:4180} INFO - Setting next_dagrun for example_complex to None, run_after=None
[2025-04-11T12:28:00.264+0000] {processor.py:208} INFO - Processing /home/airflow/.local/lib/python3.12/site-packages/airflow/example_dags/example_complex.py took 0.167 seconds
[2025-04-11T12:28:31.199+0000] {processor.py:186} INFO - Started process (PID=77950) to work on /home/airflow/.local/lib/python3.12/site-packages/airflow/example_dags/example_complex.py
[2025-04-11T12:28:31.201+0000] {processor.py:914} INFO - Processing file /home/airflow/.local/lib/python3.12/site-packages/airflow/example_dags/example_complex.py for tasks to queue
[2025-04-11T12:28:31.205+0000] {logging_mixin.py:190} INFO - [2025-04-11T12:28:31.204+0000] {dagbag.py:588} INFO - Filling up the DagBag from /home/airflow/.local/lib/python3.12/site-packages/airflow/example_dags/example_complex.py
[2025-04-11T12:28:31.225+0000] {processor.py:925} INFO - DAG(s) 'example_complex' retrieved from /home/airflow/.local/lib/python3.12/site-packages/airflow/example_dags/example_complex.py
[2025-04-11T12:28:31.277+0000] {logging_mixin.py:190} INFO - [2025-04-11T12:28:31.276+0000] {dag.py:3239} INFO - Sync 1 DAGs
[2025-04-11T12:28:31.301+0000] {logging_mixin.py:190} INFO - [2025-04-11T12:28:31.300+0000] {dag.py:4180} INFO - Setting next_dagrun for example_complex to None, run_after=None
[2025-04-11T12:28:31.340+0000] {processor.py:208} INFO - Processing /home/airflow/.local/lib/python3.12/site-packages/airflow/example_dags/example_complex.py took 0.148 seconds
[2025-04-11T12:29:01.804+0000] {processor.py:186} INFO - Started process (PID=78015) to work on /home/airflow/.local/lib/python3.12/site-packages/airflow/example_dags/example_complex.py
[2025-04-11T12:29:01.806+0000] {processor.py:914} INFO - Processing file /home/airflow/.local/lib/python3.12/site-packages/airflow/example_dags/example_complex.py for tasks to queue
[2025-04-11T12:29:01.809+0000] {logging_mixin.py:190} INFO - [2025-04-11T12:29:01.808+0000] {dagbag.py:588} INFO - Filling up the DagBag from /home/airflow/.local/lib/python3.12/site-packages/airflow/example_dags/example_complex.py
[2025-04-11T12:29:01.846+0000] {processor.py:925} INFO - DAG(s) 'example_complex' retrieved from /home/airflow/.local/lib/python3.12/site-packages/airflow/example_dags/example_complex.py
[2025-04-11T12:29:01.907+0000] {logging_mixin.py:190} INFO - [2025-04-11T12:29:01.907+0000] {dag.py:3239} INFO - Sync 1 DAGs
[2025-04-11T12:29:01.934+0000] {logging_mixin.py:190} INFO - [2025-04-11T12:29:01.934+0000] {dag.py:4180} INFO - Setting next_dagrun for example_complex to None, run_after=None
[2025-04-11T12:29:01.974+0000] {processor.py:208} INFO - Processing /home/airflow/.local/lib/python3.12/site-packages/airflow/example_dags/example_complex.py took 0.179 seconds
[2025-04-11T12:29:32.412+0000] {processor.py:186} INFO - Started process (PID=78081) to work on /home/airflow/.local/lib/python3.12/site-packages/airflow/example_dags/example_complex.py
[2025-04-11T12:29:32.415+0000] {processor.py:914} INFO - Processing file /home/airflow/.local/lib/python3.12/site-packages/airflow/example_dags/example_complex.py for tasks to queue
[2025-04-11T12:29:32.418+0000] {logging_mixin.py:190} INFO - [2025-04-11T12:29:32.417+0000] {dagbag.py:588} INFO - Filling up the DagBag from /home/airflow/.local/lib/python3.12/site-packages/airflow/example_dags/example_complex.py
[2025-04-11T12:29:32.463+0000] {processor.py:925} INFO - DAG(s) 'example_complex' retrieved from /home/airflow/.local/lib/python3.12/site-packages/airflow/example_dags/example_complex.py
[2025-04-11T12:29:32.585+0000] {logging_mixin.py:190} INFO - [2025-04-11T12:29:32.584+0000] {dag.py:3239} INFO - Sync 1 DAGs
[2025-04-11T12:29:32.630+0000] {logging_mixin.py:190} INFO - [2025-04-11T12:29:32.629+0000] {dag.py:4180} INFO - Setting next_dagrun for example_complex to None, run_after=None
[2025-04-11T12:29:32.679+0000] {processor.py:208} INFO - Processing /home/airflow/.local/lib/python3.12/site-packages/airflow/example_dags/example_complex.py took 0.283 seconds
[2025-04-11T12:30:03.242+0000] {processor.py:186} INFO - Started process (PID=78146) to work on /home/airflow/.local/lib/python3.12/site-packages/airflow/example_dags/example_complex.py
[2025-04-11T12:30:03.244+0000] {processor.py:914} INFO - Processing file /home/airflow/.local/lib/python3.12/site-packages/airflow/example_dags/example_complex.py for tasks to queue
[2025-04-11T12:30:03.247+0000] {logging_mixin.py:190} INFO - [2025-04-11T12:30:03.246+0000] {dagbag.py:588} INFO - Filling up the DagBag from /home/airflow/.local/lib/python3.12/site-packages/airflow/example_dags/example_complex.py
[2025-04-11T12:30:03.278+0000] {processor.py:925} INFO - DAG(s) 'example_complex' retrieved from /home/airflow/.local/lib/python3.12/site-packages/airflow/example_dags/example_complex.py
[2025-04-11T12:30:03.352+0000] {logging_mixin.py:190} INFO - [2025-04-11T12:30:03.352+0000] {dag.py:3239} INFO - Sync 1 DAGs
[2025-04-11T12:30:03.391+0000] {logging_mixin.py:190} INFO - [2025-04-11T12:30:03.390+0000] {dag.py:4180} INFO - Setting next_dagrun for example_complex to None, run_after=None
[2025-04-11T12:30:03.449+0000] {processor.py:208} INFO - Processing /home/airflow/.local/lib/python3.12/site-packages/airflow/example_dags/example_complex.py took 0.218 seconds
[2025-04-11T12:30:33.553+0000] {processor.py:186} INFO - Started process (PID=78210) to work on /home/airflow/.local/lib/python3.12/site-packages/airflow/example_dags/example_complex.py
[2025-04-11T12:30:33.554+0000] {processor.py:914} INFO - Processing file /home/airflow/.local/lib/python3.12/site-packages/airflow/example_dags/example_complex.py for tasks to queue
[2025-04-11T12:30:33.558+0000] {logging_mixin.py:190} INFO - [2025-04-11T12:30:33.556+0000] {dagbag.py:588} INFO - Filling up the DagBag from /home/airflow/.local/lib/python3.12/site-packages/airflow/example_dags/example_complex.py
[2025-04-11T12:30:33.579+0000] {processor.py:925} INFO - DAG(s) 'example_complex' retrieved from /home/airflow/.local/lib/python3.12/site-packages/airflow/example_dags/example_complex.py
[2025-04-11T12:30:33.636+0000] {logging_mixin.py:190} INFO - [2025-04-11T12:30:33.635+0000] {dag.py:3239} INFO - Sync 1 DAGs
[2025-04-11T12:30:33.670+0000] {logging_mixin.py:190} INFO - [2025-04-11T12:30:33.670+0000] {dag.py:4180} INFO - Setting next_dagrun for example_complex to None, run_after=None
[2025-04-11T12:30:33.713+0000] {processor.py:208} INFO - Processing /home/airflow/.local/lib/python3.12/site-packages/airflow/example_dags/example_complex.py took 0.171 seconds
[2025-04-11T12:31:04.134+0000] {processor.py:186} INFO - Started process (PID=78276) to work on /home/airflow/.local/lib/python3.12/site-packages/airflow/example_dags/example_complex.py
[2025-04-11T12:31:04.136+0000] {processor.py:914} INFO - Processing file /home/airflow/.local/lib/python3.12/site-packages/airflow/example_dags/example_complex.py for tasks to queue
[2025-04-11T12:31:04.138+0000] {logging_mixin.py:190} INFO - [2025-04-11T12:31:04.138+0000] {dagbag.py:588} INFO - Filling up the DagBag from /home/airflow/.local/lib/python3.12/site-packages/airflow/example_dags/example_complex.py
[2025-04-11T12:31:04.159+0000] {processor.py:925} INFO - DAG(s) 'example_complex' retrieved from /home/airflow/.local/lib/python3.12/site-packages/airflow/example_dags/example_complex.py
[2025-04-11T12:31:04.209+0000] {logging_mixin.py:190} INFO - [2025-04-11T12:31:04.208+0000] {dag.py:3239} INFO - Sync 1 DAGs
[2025-04-11T12:31:04.237+0000] {logging_mixin.py:190} INFO - [2025-04-11T12:31:04.236+0000] {dag.py:4180} INFO - Setting next_dagrun for example_complex to None, run_after=None
[2025-04-11T12:31:04.281+0000] {processor.py:208} INFO - Processing /home/airflow/.local/lib/python3.12/site-packages/airflow/example_dags/example_complex.py took 0.156 seconds
[2025-04-11T12:31:34.802+0000] {processor.py:186} INFO - Started process (PID=78341) to work on /home/airflow/.local/lib/python3.12/site-packages/airflow/example_dags/example_complex.py
[2025-04-11T12:31:34.804+0000] {processor.py:914} INFO - Processing file /home/airflow/.local/lib/python3.12/site-packages/airflow/example_dags/example_complex.py for tasks to queue
[2025-04-11T12:31:34.807+0000] {logging_mixin.py:190} INFO - [2025-04-11T12:31:34.807+0000] {dagbag.py:588} INFO - Filling up the DagBag from /home/airflow/.local/lib/python3.12/site-packages/airflow/example_dags/example_complex.py
[2025-04-11T12:31:34.833+0000] {processor.py:925} INFO - DAG(s) 'example_complex' retrieved from /home/airflow/.local/lib/python3.12/site-packages/airflow/example_dags/example_complex.py
[2025-04-11T12:31:34.905+0000] {logging_mixin.py:190} INFO - [2025-04-11T12:31:34.904+0000] {dag.py:3239} INFO - Sync 1 DAGs
[2025-04-11T12:31:34.935+0000] {logging_mixin.py:190} INFO - [2025-04-11T12:31:34.935+0000] {dag.py:4180} INFO - Setting next_dagrun for example_complex to None, run_after=None
[2025-04-11T12:31:34.987+0000] {processor.py:208} INFO - Processing /home/airflow/.local/lib/python3.12/site-packages/airflow/example_dags/example_complex.py took 0.198 seconds
[2025-04-11T12:32:05.245+0000] {processor.py:186} INFO - Started process (PID=78405) to work on /home/airflow/.local/lib/python3.12/site-packages/airflow/example_dags/example_complex.py
[2025-04-11T12:32:05.247+0000] {processor.py:914} INFO - Processing file /home/airflow/.local/lib/python3.12/site-packages/airflow/example_dags/example_complex.py for tasks to queue
[2025-04-11T12:32:05.250+0000] {logging_mixin.py:190} INFO - [2025-04-11T12:32:05.249+0000] {dagbag.py:588} INFO - Filling up the DagBag from /home/airflow/.local/lib/python3.12/site-packages/airflow/example_dags/example_complex.py
[2025-04-11T12:32:05.273+0000] {processor.py:925} INFO - DAG(s) 'example_complex' retrieved from /home/airflow/.local/lib/python3.12/site-packages/airflow/example_dags/example_complex.py
[2025-04-11T12:32:05.347+0000] {logging_mixin.py:190} INFO - [2025-04-11T12:32:05.347+0000] {dag.py:3239} INFO - Sync 1 DAGs
[2025-04-11T12:32:05.377+0000] {logging_mixin.py:190} INFO - [2025-04-11T12:32:05.376+0000] {dag.py:4180} INFO - Setting next_dagrun for example_complex to None, run_after=None
[2025-04-11T12:32:05.418+0000] {processor.py:208} INFO - Processing /home/airflow/.local/lib/python3.12/site-packages/airflow/example_dags/example_complex.py took 0.183 seconds
[2025-04-11T12:32:35.673+0000] {processor.py:186} INFO - Started process (PID=78470) to work on /home/airflow/.local/lib/python3.12/site-packages/airflow/example_dags/example_complex.py
[2025-04-11T12:32:35.675+0000] {processor.py:914} INFO - Processing file /home/airflow/.local/lib/python3.12/site-packages/airflow/example_dags/example_complex.py for tasks to queue
[2025-04-11T12:32:35.679+0000] {logging_mixin.py:190} INFO - [2025-04-11T12:32:35.677+0000] {dagbag.py:588} INFO - Filling up the DagBag from /home/airflow/.local/lib/python3.12/site-packages/airflow/example_dags/example_complex.py
[2025-04-11T12:32:35.704+0000] {processor.py:925} INFO - DAG(s) 'example_complex' retrieved from /home/airflow/.local/lib/python3.12/site-packages/airflow/example_dags/example_complex.py
[2025-04-11T12:32:35.778+0000] {logging_mixin.py:190} INFO - [2025-04-11T12:32:35.776+0000] {dag.py:3239} INFO - Sync 1 DAGs
[2025-04-11T12:32:35.828+0000] {logging_mixin.py:190} INFO - [2025-04-11T12:32:35.827+0000] {dag.py:4180} INFO - Setting next_dagrun for example_complex to None, run_after=None
[2025-04-11T12:32:35.878+0000] {processor.py:208} INFO - Processing /home/airflow/.local/lib/python3.12/site-packages/airflow/example_dags/example_complex.py took 0.216 seconds
[2025-04-11T12:33:06.539+0000] {processor.py:186} INFO - Started process (PID=78536) to work on /home/airflow/.local/lib/python3.12/site-packages/airflow/example_dags/example_complex.py
[2025-04-11T12:33:06.541+0000] {processor.py:914} INFO - Processing file /home/airflow/.local/lib/python3.12/site-packages/airflow/example_dags/example_complex.py for tasks to queue
[2025-04-11T12:33:06.544+0000] {logging_mixin.py:190} INFO - [2025-04-11T12:33:06.544+0000] {dagbag.py:588} INFO - Filling up the DagBag from /home/airflow/.local/lib/python3.12/site-packages/airflow/example_dags/example_complex.py
[2025-04-11T12:33:06.568+0000] {processor.py:925} INFO - DAG(s) 'example_complex' retrieved from /home/airflow/.local/lib/python3.12/site-packages/airflow/example_dags/example_complex.py
[2025-04-11T12:33:06.630+0000] {logging_mixin.py:190} INFO - [2025-04-11T12:33:06.630+0000] {dag.py:3239} INFO - Sync 1 DAGs
[2025-04-11T12:33:06.678+0000] {logging_mixin.py:190} INFO - [2025-04-11T12:33:06.678+0000] {dag.py:4180} INFO - Setting next_dagrun for example_complex to None, run_after=None
[2025-04-11T12:33:06.736+0000] {processor.py:208} INFO - Processing /home/airflow/.local/lib/python3.12/site-packages/airflow/example_dags/example_complex.py took 0.209 seconds
[2025-04-11T12:33:37.239+0000] {processor.py:186} INFO - Started process (PID=78601) to work on /home/airflow/.local/lib/python3.12/site-packages/airflow/example_dags/example_complex.py
[2025-04-11T12:33:37.241+0000] {processor.py:914} INFO - Processing file /home/airflow/.local/lib/python3.12/site-packages/airflow/example_dags/example_complex.py for tasks to queue
[2025-04-11T12:33:37.244+0000] {logging_mixin.py:190} INFO - [2025-04-11T12:33:37.243+0000] {dagbag.py:588} INFO - Filling up the DagBag from /home/airflow/.local/lib/python3.12/site-packages/airflow/example_dags/example_complex.py
[2025-04-11T12:33:37.264+0000] {processor.py:925} INFO - DAG(s) 'example_complex' retrieved from /home/airflow/.local/lib/python3.12/site-packages/airflow/example_dags/example_complex.py
[2025-04-11T12:33:37.315+0000] {logging_mixin.py:190} INFO - [2025-04-11T12:33:37.314+0000] {dag.py:3239} INFO - Sync 1 DAGs
[2025-04-11T12:33:37.340+0000] {logging_mixin.py:190} INFO - [2025-04-11T12:33:37.340+0000] {dag.py:4180} INFO - Setting next_dagrun for example_complex to None, run_after=None
[2025-04-11T12:33:37.377+0000] {processor.py:208} INFO - Processing /home/airflow/.local/lib/python3.12/site-packages/airflow/example_dags/example_complex.py took 0.153 seconds
[2025-04-11T12:34:07.665+0000] {processor.py:186} INFO - Started process (PID=78666) to work on /home/airflow/.local/lib/python3.12/site-packages/airflow/example_dags/example_complex.py
[2025-04-11T12:34:07.668+0000] {processor.py:914} INFO - Processing file /home/airflow/.local/lib/python3.12/site-packages/airflow/example_dags/example_complex.py for tasks to queue
[2025-04-11T12:34:07.671+0000] {logging_mixin.py:190} INFO - [2025-04-11T12:34:07.671+0000] {dagbag.py:588} INFO - Filling up the DagBag from /home/airflow/.local/lib/python3.12/site-packages/airflow/example_dags/example_complex.py
[2025-04-11T12:34:07.696+0000] {processor.py:925} INFO - DAG(s) 'example_complex' retrieved from /home/airflow/.local/lib/python3.12/site-packages/airflow/example_dags/example_complex.py
[2025-04-11T12:34:07.786+0000] {logging_mixin.py:190} INFO - [2025-04-11T12:34:07.785+0000] {dag.py:3239} INFO - Sync 1 DAGs
[2025-04-11T12:34:07.813+0000] {logging_mixin.py:190} INFO - [2025-04-11T12:34:07.812+0000] {dag.py:4180} INFO - Setting next_dagrun for example_complex to None, run_after=None
[2025-04-11T12:34:07.853+0000] {processor.py:208} INFO - Processing /home/airflow/.local/lib/python3.12/site-packages/airflow/example_dags/example_complex.py took 0.199 seconds
[2025-04-11T12:34:37.945+0000] {processor.py:186} INFO - Started process (PID=78731) to work on /home/airflow/.local/lib/python3.12/site-packages/airflow/example_dags/example_complex.py
[2025-04-11T12:34:37.948+0000] {processor.py:914} INFO - Processing file /home/airflow/.local/lib/python3.12/site-packages/airflow/example_dags/example_complex.py for tasks to queue
[2025-04-11T12:34:37.954+0000] {logging_mixin.py:190} INFO - [2025-04-11T12:34:37.952+0000] {dagbag.py:588} INFO - Filling up the DagBag from /home/airflow/.local/lib/python3.12/site-packages/airflow/example_dags/example_complex.py
[2025-04-11T12:34:37.986+0000] {processor.py:925} INFO - DAG(s) 'example_complex' retrieved from /home/airflow/.local/lib/python3.12/site-packages/airflow/example_dags/example_complex.py
[2025-04-11T12:34:38.082+0000] {logging_mixin.py:190} INFO - [2025-04-11T12:34:38.081+0000] {dag.py:3239} INFO - Sync 1 DAGs
[2025-04-11T12:34:38.125+0000] {logging_mixin.py:190} INFO - [2025-04-11T12:34:38.124+0000] {dag.py:4180} INFO - Setting next_dagrun for example_complex to None, run_after=None
[2025-04-11T12:34:38.184+0000] {processor.py:208} INFO - Processing /home/airflow/.local/lib/python3.12/site-packages/airflow/example_dags/example_complex.py took 0.251 seconds
[2025-04-11T12:35:08.538+0000] {processor.py:186} INFO - Started process (PID=78795) to work on /home/airflow/.local/lib/python3.12/site-packages/airflow/example_dags/example_complex.py
[2025-04-11T12:35:08.539+0000] {processor.py:914} INFO - Processing file /home/airflow/.local/lib/python3.12/site-packages/airflow/example_dags/example_complex.py for tasks to queue
[2025-04-11T12:35:08.542+0000] {logging_mixin.py:190} INFO - [2025-04-11T12:35:08.541+0000] {dagbag.py:588} INFO - Filling up the DagBag from /home/airflow/.local/lib/python3.12/site-packages/airflow/example_dags/example_complex.py
[2025-04-11T12:35:08.559+0000] {processor.py:925} INFO - DAG(s) 'example_complex' retrieved from /home/airflow/.local/lib/python3.12/site-packages/airflow/example_dags/example_complex.py
[2025-04-11T12:35:08.616+0000] {logging_mixin.py:190} INFO - [2025-04-11T12:35:08.615+0000] {dag.py:3239} INFO - Sync 1 DAGs
[2025-04-11T12:35:08.651+0000] {logging_mixin.py:190} INFO - [2025-04-11T12:35:08.650+0000] {dag.py:4180} INFO - Setting next_dagrun for example_complex to None, run_after=None
[2025-04-11T12:35:08.706+0000] {processor.py:208} INFO - Processing /home/airflow/.local/lib/python3.12/site-packages/airflow/example_dags/example_complex.py took 0.179 seconds
[2025-04-11T12:35:38.887+0000] {processor.py:186} INFO - Started process (PID=78860) to work on /home/airflow/.local/lib/python3.12/site-packages/airflow/example_dags/example_complex.py
[2025-04-11T12:35:38.889+0000] {processor.py:914} INFO - Processing file /home/airflow/.local/lib/python3.12/site-packages/airflow/example_dags/example_complex.py for tasks to queue
[2025-04-11T12:35:38.892+0000] {logging_mixin.py:190} INFO - [2025-04-11T12:35:38.891+0000] {dagbag.py:588} INFO - Filling up the DagBag from /home/airflow/.local/lib/python3.12/site-packages/airflow/example_dags/example_complex.py
[2025-04-11T12:35:38.915+0000] {processor.py:925} INFO - DAG(s) 'example_complex' retrieved from /home/airflow/.local/lib/python3.12/site-packages/airflow/example_dags/example_complex.py
[2025-04-11T12:35:38.966+0000] {logging_mixin.py:190} INFO - [2025-04-11T12:35:38.966+0000] {dag.py:3239} INFO - Sync 1 DAGs
[2025-04-11T12:35:38.990+0000] {logging_mixin.py:190} INFO - [2025-04-11T12:35:38.989+0000] {dag.py:4180} INFO - Setting next_dagrun for example_complex to None, run_after=None
[2025-04-11T12:35:39.023+0000] {processor.py:208} INFO - Processing /home/airflow/.local/lib/python3.12/site-packages/airflow/example_dags/example_complex.py took 0.152 seconds
[2025-04-11T12:36:09.547+0000] {processor.py:186} INFO - Started process (PID=78925) to work on /home/airflow/.local/lib/python3.12/site-packages/airflow/example_dags/example_complex.py
[2025-04-11T12:36:09.549+0000] {processor.py:914} INFO - Processing file /home/airflow/.local/lib/python3.12/site-packages/airflow/example_dags/example_complex.py for tasks to queue
[2025-04-11T12:36:09.552+0000] {logging_mixin.py:190} INFO - [2025-04-11T12:36:09.551+0000] {dagbag.py:588} INFO - Filling up the DagBag from /home/airflow/.local/lib/python3.12/site-packages/airflow/example_dags/example_complex.py
[2025-04-11T12:36:09.576+0000] {processor.py:925} INFO - DAG(s) 'example_complex' retrieved from /home/airflow/.local/lib/python3.12/site-packages/airflow/example_dags/example_complex.py
[2025-04-11T12:36:09.642+0000] {logging_mixin.py:190} INFO - [2025-04-11T12:36:09.641+0000] {dag.py:3239} INFO - Sync 1 DAGs
[2025-04-11T12:36:09.681+0000] {logging_mixin.py:190} INFO - [2025-04-11T12:36:09.680+0000] {dag.py:4180} INFO - Setting next_dagrun for example_complex to None, run_after=None
[2025-04-11T12:36:09.730+0000] {processor.py:208} INFO - Processing /home/airflow/.local/lib/python3.12/site-packages/airflow/example_dags/example_complex.py took 0.194 seconds
[2025-04-11T12:36:40.334+0000] {processor.py:186} INFO - Started process (PID=78990) to work on /home/airflow/.local/lib/python3.12/site-packages/airflow/example_dags/example_complex.py
[2025-04-11T12:36:40.339+0000] {processor.py:914} INFO - Processing file /home/airflow/.local/lib/python3.12/site-packages/airflow/example_dags/example_complex.py for tasks to queue
[2025-04-11T12:36:40.342+0000] {logging_mixin.py:190} INFO - [2025-04-11T12:36:40.341+0000] {dagbag.py:588} INFO - Filling up the DagBag from /home/airflow/.local/lib/python3.12/site-packages/airflow/example_dags/example_complex.py
[2025-04-11T12:36:40.364+0000] {processor.py:925} INFO - DAG(s) 'example_complex' retrieved from /home/airflow/.local/lib/python3.12/site-packages/airflow/example_dags/example_complex.py
[2025-04-11T12:36:40.462+0000] {logging_mixin.py:190} INFO - [2025-04-11T12:36:40.462+0000] {dag.py:3239} INFO - Sync 1 DAGs
[2025-04-11T12:36:40.490+0000] {logging_mixin.py:190} INFO - [2025-04-11T12:36:40.489+0000] {dag.py:4180} INFO - Setting next_dagrun for example_complex to None, run_after=None
[2025-04-11T12:36:40.539+0000] {processor.py:208} INFO - Processing /home/airflow/.local/lib/python3.12/site-packages/airflow/example_dags/example_complex.py took 0.223 seconds
[2025-04-11T12:37:10.729+0000] {processor.py:186} INFO - Started process (PID=79054) to work on /home/airflow/.local/lib/python3.12/site-packages/airflow/example_dags/example_complex.py
[2025-04-11T12:37:10.731+0000] {processor.py:914} INFO - Processing file /home/airflow/.local/lib/python3.12/site-packages/airflow/example_dags/example_complex.py for tasks to queue
[2025-04-11T12:37:10.734+0000] {logging_mixin.py:190} INFO - [2025-04-11T12:37:10.733+0000] {dagbag.py:588} INFO - Filling up the DagBag from /home/airflow/.local/lib/python3.12/site-packages/airflow/example_dags/example_complex.py
[2025-04-11T12:37:10.756+0000] {processor.py:925} INFO - DAG(s) 'example_complex' retrieved from /home/airflow/.local/lib/python3.12/site-packages/airflow/example_dags/example_complex.py
[2025-04-11T12:37:10.827+0000] {logging_mixin.py:190} INFO - [2025-04-11T12:37:10.826+0000] {dag.py:3239} INFO - Sync 1 DAGs
[2025-04-11T12:37:10.857+0000] {logging_mixin.py:190} INFO - [2025-04-11T12:37:10.856+0000] {dag.py:4180} INFO - Setting next_dagrun for example_complex to None, run_after=None
[2025-04-11T12:37:10.902+0000] {processor.py:208} INFO - Processing /home/airflow/.local/lib/python3.12/site-packages/airflow/example_dags/example_complex.py took 0.184 seconds
[2025-04-11T12:37:41.134+0000] {processor.py:186} INFO - Started process (PID=79118) to work on /home/airflow/.local/lib/python3.12/site-packages/airflow/example_dags/example_complex.py
[2025-04-11T12:37:41.135+0000] {processor.py:914} INFO - Processing file /home/airflow/.local/lib/python3.12/site-packages/airflow/example_dags/example_complex.py for tasks to queue
[2025-04-11T12:37:41.138+0000] {logging_mixin.py:190} INFO - [2025-04-11T12:37:41.137+0000] {dagbag.py:588} INFO - Filling up the DagBag from /home/airflow/.local/lib/python3.12/site-packages/airflow/example_dags/example_complex.py
[2025-04-11T12:37:41.153+0000] {processor.py:925} INFO - DAG(s) 'example_complex' retrieved from /home/airflow/.local/lib/python3.12/site-packages/airflow/example_dags/example_complex.py
[2025-04-11T12:37:41.203+0000] {logging_mixin.py:190} INFO - [2025-04-11T12:37:41.203+0000] {dag.py:3239} INFO - Sync 1 DAGs
[2025-04-11T12:37:41.225+0000] {logging_mixin.py:190} INFO - [2025-04-11T12:37:41.225+0000] {dag.py:4180} INFO - Setting next_dagrun for example_complex to None, run_after=None
[2025-04-11T12:37:41.259+0000] {processor.py:208} INFO - Processing /home/airflow/.local/lib/python3.12/site-packages/airflow/example_dags/example_complex.py took 0.133 seconds
[2025-04-11T12:38:11.956+0000] {processor.py:186} INFO - Started process (PID=79183) to work on /home/airflow/.local/lib/python3.12/site-packages/airflow/example_dags/example_complex.py
[2025-04-11T12:38:11.958+0000] {processor.py:914} INFO - Processing file /home/airflow/.local/lib/python3.12/site-packages/airflow/example_dags/example_complex.py for tasks to queue
[2025-04-11T12:38:11.961+0000] {logging_mixin.py:190} INFO - [2025-04-11T12:38:11.961+0000] {dagbag.py:588} INFO - Filling up the DagBag from /home/airflow/.local/lib/python3.12/site-packages/airflow/example_dags/example_complex.py
[2025-04-11T12:38:11.977+0000] {processor.py:925} INFO - DAG(s) 'example_complex' retrieved from /home/airflow/.local/lib/python3.12/site-packages/airflow/example_dags/example_complex.py
[2025-04-11T12:38:12.019+0000] {logging_mixin.py:190} INFO - [2025-04-11T12:38:12.019+0000] {dag.py:3239} INFO - Sync 1 DAGs
[2025-04-11T12:38:12.040+0000] {logging_mixin.py:190} INFO - [2025-04-11T12:38:12.040+0000] {dag.py:4180} INFO - Setting next_dagrun for example_complex to None, run_after=None
[2025-04-11T12:38:12.073+0000] {processor.py:208} INFO - Processing /home/airflow/.local/lib/python3.12/site-packages/airflow/example_dags/example_complex.py took 0.125 seconds
[2025-04-11T12:38:42.787+0000] {processor.py:186} INFO - Started process (PID=79249) to work on /home/airflow/.local/lib/python3.12/site-packages/airflow/example_dags/example_complex.py
[2025-04-11T12:38:42.789+0000] {processor.py:914} INFO - Processing file /home/airflow/.local/lib/python3.12/site-packages/airflow/example_dags/example_complex.py for tasks to queue
[2025-04-11T12:38:42.791+0000] {logging_mixin.py:190} INFO - [2025-04-11T12:38:42.790+0000] {dagbag.py:588} INFO - Filling up the DagBag from /home/airflow/.local/lib/python3.12/site-packages/airflow/example_dags/example_complex.py
[2025-04-11T12:38:42.807+0000] {processor.py:925} INFO - DAG(s) 'example_complex' retrieved from /home/airflow/.local/lib/python3.12/site-packages/airflow/example_dags/example_complex.py
[2025-04-11T12:38:42.846+0000] {logging_mixin.py:190} INFO - [2025-04-11T12:38:42.846+0000] {dag.py:3239} INFO - Sync 1 DAGs
[2025-04-11T12:38:42.865+0000] {logging_mixin.py:190} INFO - [2025-04-11T12:38:42.864+0000] {dag.py:4180} INFO - Setting next_dagrun for example_complex to None, run_after=None
[2025-04-11T12:38:42.895+0000] {processor.py:208} INFO - Processing /home/airflow/.local/lib/python3.12/site-packages/airflow/example_dags/example_complex.py took 0.115 seconds
[2025-04-11T12:39:14.643+0000] {processor.py:186} INFO - Started process (PID=79309) to work on /home/airflow/.local/lib/python3.12/site-packages/airflow/example_dags/example_complex.py
[2025-04-11T12:39:14.645+0000] {processor.py:914} INFO - Processing file /home/airflow/.local/lib/python3.12/site-packages/airflow/example_dags/example_complex.py for tasks to queue
[2025-04-11T12:39:14.649+0000] {logging_mixin.py:190} INFO - [2025-04-11T12:39:14.648+0000] {dagbag.py:588} INFO - Filling up the DagBag from /home/airflow/.local/lib/python3.12/site-packages/airflow/example_dags/example_complex.py
[2025-04-11T12:39:14.674+0000] {processor.py:925} INFO - DAG(s) 'example_complex' retrieved from /home/airflow/.local/lib/python3.12/site-packages/airflow/example_dags/example_complex.py
[2025-04-11T12:39:15.137+0000] {logging_mixin.py:190} INFO - [2025-04-11T12:39:15.136+0000] {dag.py:3239} INFO - Sync 1 DAGs
[2025-04-11T12:39:15.179+0000] {logging_mixin.py:190} INFO - [2025-04-11T12:39:15.178+0000] {dag.py:4180} INFO - Setting next_dagrun for example_complex to None, run_after=None
[2025-04-11T12:39:15.228+0000] {processor.py:208} INFO - Processing /home/airflow/.local/lib/python3.12/site-packages/airflow/example_dags/example_complex.py took 0.595 seconds
[2025-04-11T12:39:45.382+0000] {processor.py:186} INFO - Started process (PID=79374) to work on /home/airflow/.local/lib/python3.12/site-packages/airflow/example_dags/example_complex.py
[2025-04-11T12:39:45.384+0000] {processor.py:914} INFO - Processing file /home/airflow/.local/lib/python3.12/site-packages/airflow/example_dags/example_complex.py for tasks to queue
[2025-04-11T12:39:45.386+0000] {logging_mixin.py:190} INFO - [2025-04-11T12:39:45.386+0000] {dagbag.py:588} INFO - Filling up the DagBag from /home/airflow/.local/lib/python3.12/site-packages/airflow/example_dags/example_complex.py
[2025-04-11T12:39:45.405+0000] {processor.py:925} INFO - DAG(s) 'example_complex' retrieved from /home/airflow/.local/lib/python3.12/site-packages/airflow/example_dags/example_complex.py
[2025-04-11T12:39:45.458+0000] {logging_mixin.py:190} INFO - [2025-04-11T12:39:45.458+0000] {dag.py:3239} INFO - Sync 1 DAGs
[2025-04-11T12:39:45.787+0000] {logging_mixin.py:190} INFO - [2025-04-11T12:39:45.786+0000] {dag.py:4180} INFO - Setting next_dagrun for example_complex to None, run_after=None
[2025-04-11T12:39:45.834+0000] {processor.py:208} INFO - Processing /home/airflow/.local/lib/python3.12/site-packages/airflow/example_dags/example_complex.py took 0.461 seconds
[2025-04-11T12:40:16.605+0000] {processor.py:186} INFO - Started process (PID=79441) to work on /home/airflow/.local/lib/python3.12/site-packages/airflow/example_dags/example_complex.py
[2025-04-11T12:40:16.606+0000] {processor.py:914} INFO - Processing file /home/airflow/.local/lib/python3.12/site-packages/airflow/example_dags/example_complex.py for tasks to queue
[2025-04-11T12:40:16.609+0000] {logging_mixin.py:190} INFO - [2025-04-11T12:40:16.608+0000] {dagbag.py:588} INFO - Filling up the DagBag from /home/airflow/.local/lib/python3.12/site-packages/airflow/example_dags/example_complex.py
[2025-04-11T12:40:16.637+0000] {processor.py:925} INFO - DAG(s) 'example_complex' retrieved from /home/airflow/.local/lib/python3.12/site-packages/airflow/example_dags/example_complex.py
[2025-04-11T12:40:16.705+0000] {logging_mixin.py:190} INFO - [2025-04-11T12:40:16.704+0000] {dag.py:3239} INFO - Sync 1 DAGs
[2025-04-11T12:40:16.743+0000] {logging_mixin.py:190} INFO - [2025-04-11T12:40:16.742+0000] {dag.py:4180} INFO - Setting next_dagrun for example_complex to None, run_after=None
[2025-04-11T12:40:16.794+0000] {processor.py:208} INFO - Processing /home/airflow/.local/lib/python3.12/site-packages/airflow/example_dags/example_complex.py took 0.201 seconds
[2025-04-11T12:40:47.368+0000] {processor.py:186} INFO - Started process (PID=79506) to work on /home/airflow/.local/lib/python3.12/site-packages/airflow/example_dags/example_complex.py
[2025-04-11T12:40:47.370+0000] {processor.py:914} INFO - Processing file /home/airflow/.local/lib/python3.12/site-packages/airflow/example_dags/example_complex.py for tasks to queue
[2025-04-11T12:40:47.373+0000] {logging_mixin.py:190} INFO - [2025-04-11T12:40:47.372+0000] {dagbag.py:588} INFO - Filling up the DagBag from /home/airflow/.local/lib/python3.12/site-packages/airflow/example_dags/example_complex.py
[2025-04-11T12:40:47.394+0000] {processor.py:925} INFO - DAG(s) 'example_complex' retrieved from /home/airflow/.local/lib/python3.12/site-packages/airflow/example_dags/example_complex.py
[2025-04-11T12:40:47.453+0000] {logging_mixin.py:190} INFO - [2025-04-11T12:40:47.453+0000] {dag.py:3239} INFO - Sync 1 DAGs
[2025-04-11T12:40:47.481+0000] {logging_mixin.py:190} INFO - [2025-04-11T12:40:47.481+0000] {dag.py:4180} INFO - Setting next_dagrun for example_complex to None, run_after=None
[2025-04-11T12:40:47.526+0000] {processor.py:208} INFO - Processing /home/airflow/.local/lib/python3.12/site-packages/airflow/example_dags/example_complex.py took 0.168 seconds
[2025-04-11T12:41:17.991+0000] {processor.py:186} INFO - Started process (PID=79571) to work on /home/airflow/.local/lib/python3.12/site-packages/airflow/example_dags/example_complex.py
[2025-04-11T12:41:17.993+0000] {processor.py:914} INFO - Processing file /home/airflow/.local/lib/python3.12/site-packages/airflow/example_dags/example_complex.py for tasks to queue
[2025-04-11T12:41:17.995+0000] {logging_mixin.py:190} INFO - [2025-04-11T12:41:17.995+0000] {dagbag.py:588} INFO - Filling up the DagBag from /home/airflow/.local/lib/python3.12/site-packages/airflow/example_dags/example_complex.py
[2025-04-11T12:41:18.013+0000] {processor.py:925} INFO - DAG(s) 'example_complex' retrieved from /home/airflow/.local/lib/python3.12/site-packages/airflow/example_dags/example_complex.py
[2025-04-11T12:41:18.064+0000] {logging_mixin.py:190} INFO - [2025-04-11T12:41:18.063+0000] {dag.py:3239} INFO - Sync 1 DAGs
[2025-04-11T12:41:18.091+0000] {logging_mixin.py:190} INFO - [2025-04-11T12:41:18.090+0000] {dag.py:4180} INFO - Setting next_dagrun for example_complex to None, run_after=None
[2025-04-11T12:41:18.125+0000] {processor.py:208} INFO - Processing /home/airflow/.local/lib/python3.12/site-packages/airflow/example_dags/example_complex.py took 0.141 seconds
[2025-04-11T12:41:48.228+0000] {processor.py:186} INFO - Started process (PID=79637) to work on /home/airflow/.local/lib/python3.12/site-packages/airflow/example_dags/example_complex.py
[2025-04-11T12:41:48.230+0000] {processor.py:914} INFO - Processing file /home/airflow/.local/lib/python3.12/site-packages/airflow/example_dags/example_complex.py for tasks to queue
[2025-04-11T12:41:48.233+0000] {logging_mixin.py:190} INFO - [2025-04-11T12:41:48.232+0000] {dagbag.py:588} INFO - Filling up the DagBag from /home/airflow/.local/lib/python3.12/site-packages/airflow/example_dags/example_complex.py
[2025-04-11T12:41:48.248+0000] {processor.py:925} INFO - DAG(s) 'example_complex' retrieved from /home/airflow/.local/lib/python3.12/site-packages/airflow/example_dags/example_complex.py
[2025-04-11T12:41:48.297+0000] {logging_mixin.py:190} INFO - [2025-04-11T12:41:48.297+0000] {dag.py:3239} INFO - Sync 1 DAGs
[2025-04-11T12:41:48.317+0000] {logging_mixin.py:190} INFO - [2025-04-11T12:41:48.317+0000] {dag.py:4180} INFO - Setting next_dagrun for example_complex to None, run_after=None
[2025-04-11T12:41:48.349+0000] {processor.py:208} INFO - Processing /home/airflow/.local/lib/python3.12/site-packages/airflow/example_dags/example_complex.py took 0.128 seconds
[2025-04-11T12:42:18.580+0000] {processor.py:186} INFO - Started process (PID=79700) to work on /home/airflow/.local/lib/python3.12/site-packages/airflow/example_dags/example_complex.py
[2025-04-11T12:42:18.582+0000] {processor.py:914} INFO - Processing file /home/airflow/.local/lib/python3.12/site-packages/airflow/example_dags/example_complex.py for tasks to queue
[2025-04-11T12:42:18.584+0000] {logging_mixin.py:190} INFO - [2025-04-11T12:42:18.584+0000] {dagbag.py:588} INFO - Filling up the DagBag from /home/airflow/.local/lib/python3.12/site-packages/airflow/example_dags/example_complex.py
[2025-04-11T12:42:18.602+0000] {processor.py:925} INFO - DAG(s) 'example_complex' retrieved from /home/airflow/.local/lib/python3.12/site-packages/airflow/example_dags/example_complex.py
[2025-04-11T12:42:18.664+0000] {logging_mixin.py:190} INFO - [2025-04-11T12:42:18.663+0000] {dag.py:3239} INFO - Sync 1 DAGs
[2025-04-11T12:42:18.690+0000] {logging_mixin.py:190} INFO - [2025-04-11T12:42:18.689+0000] {dag.py:4180} INFO - Setting next_dagrun for example_complex to None, run_after=None
[2025-04-11T12:42:18.725+0000] {processor.py:208} INFO - Processing /home/airflow/.local/lib/python3.12/site-packages/airflow/example_dags/example_complex.py took 0.154 seconds
[2025-04-11T12:42:48.847+0000] {processor.py:186} INFO - Started process (PID=79761) to work on /home/airflow/.local/lib/python3.12/site-packages/airflow/example_dags/example_complex.py
[2025-04-11T12:42:48.849+0000] {processor.py:914} INFO - Processing file /home/airflow/.local/lib/python3.12/site-packages/airflow/example_dags/example_complex.py for tasks to queue
[2025-04-11T12:42:48.851+0000] {logging_mixin.py:190} INFO - [2025-04-11T12:42:48.851+0000] {dagbag.py:588} INFO - Filling up the DagBag from /home/airflow/.local/lib/python3.12/site-packages/airflow/example_dags/example_complex.py
[2025-04-11T12:42:48.874+0000] {processor.py:925} INFO - DAG(s) 'example_complex' retrieved from /home/airflow/.local/lib/python3.12/site-packages/airflow/example_dags/example_complex.py
[2025-04-11T12:42:48.929+0000] {logging_mixin.py:190} INFO - [2025-04-11T12:42:48.928+0000] {dag.py:3239} INFO - Sync 1 DAGs
[2025-04-11T12:42:48.951+0000] {logging_mixin.py:190} INFO - [2025-04-11T12:42:48.951+0000] {dag.py:4180} INFO - Setting next_dagrun for example_complex to None, run_after=None
[2025-04-11T12:42:48.996+0000] {processor.py:208} INFO - Processing /home/airflow/.local/lib/python3.12/site-packages/airflow/example_dags/example_complex.py took 0.156 seconds
[2025-04-11T12:43:19.216+0000] {processor.py:186} INFO - Started process (PID=79825) to work on /home/airflow/.local/lib/python3.12/site-packages/airflow/example_dags/example_complex.py
[2025-04-11T12:43:19.218+0000] {processor.py:914} INFO - Processing file /home/airflow/.local/lib/python3.12/site-packages/airflow/example_dags/example_complex.py for tasks to queue
[2025-04-11T12:43:19.220+0000] {logging_mixin.py:190} INFO - [2025-04-11T12:43:19.220+0000] {dagbag.py:588} INFO - Filling up the DagBag from /home/airflow/.local/lib/python3.12/site-packages/airflow/example_dags/example_complex.py
[2025-04-11T12:43:19.238+0000] {processor.py:925} INFO - DAG(s) 'example_complex' retrieved from /home/airflow/.local/lib/python3.12/site-packages/airflow/example_dags/example_complex.py
[2025-04-11T12:43:19.312+0000] {logging_mixin.py:190} INFO - [2025-04-11T12:43:19.312+0000] {dag.py:3239} INFO - Sync 1 DAGs
[2025-04-11T12:43:19.339+0000] {logging_mixin.py:190} INFO - [2025-04-11T12:43:19.338+0000] {dag.py:4180} INFO - Setting next_dagrun for example_complex to None, run_after=None
[2025-04-11T12:43:19.372+0000] {processor.py:208} INFO - Processing /home/airflow/.local/lib/python3.12/site-packages/airflow/example_dags/example_complex.py took 0.163 seconds
[2025-04-11T12:43:49.531+0000] {processor.py:186} INFO - Started process (PID=79890) to work on /home/airflow/.local/lib/python3.12/site-packages/airflow/example_dags/example_complex.py
[2025-04-11T12:43:49.533+0000] {processor.py:914} INFO - Processing file /home/airflow/.local/lib/python3.12/site-packages/airflow/example_dags/example_complex.py for tasks to queue
[2025-04-11T12:43:49.536+0000] {logging_mixin.py:190} INFO - [2025-04-11T12:43:49.535+0000] {dagbag.py:588} INFO - Filling up the DagBag from /home/airflow/.local/lib/python3.12/site-packages/airflow/example_dags/example_complex.py
[2025-04-11T12:43:49.554+0000] {processor.py:925} INFO - DAG(s) 'example_complex' retrieved from /home/airflow/.local/lib/python3.12/site-packages/airflow/example_dags/example_complex.py
[2025-04-11T12:43:49.595+0000] {logging_mixin.py:190} INFO - [2025-04-11T12:43:49.595+0000] {dag.py:3239} INFO - Sync 1 DAGs
[2025-04-11T12:43:49.616+0000] {logging_mixin.py:190} INFO - [2025-04-11T12:43:49.615+0000] {dag.py:4180} INFO - Setting next_dagrun for example_complex to None, run_after=None
[2025-04-11T12:43:49.661+0000] {processor.py:208} INFO - Processing /home/airflow/.local/lib/python3.12/site-packages/airflow/example_dags/example_complex.py took 0.139 seconds
[2025-04-11T12:44:20.073+0000] {processor.py:186} INFO - Started process (PID=79955) to work on /home/airflow/.local/lib/python3.12/site-packages/airflow/example_dags/example_complex.py
[2025-04-11T12:44:20.074+0000] {processor.py:914} INFO - Processing file /home/airflow/.local/lib/python3.12/site-packages/airflow/example_dags/example_complex.py for tasks to queue
[2025-04-11T12:44:20.077+0000] {logging_mixin.py:190} INFO - [2025-04-11T12:44:20.076+0000] {dagbag.py:588} INFO - Filling up the DagBag from /home/airflow/.local/lib/python3.12/site-packages/airflow/example_dags/example_complex.py
[2025-04-11T12:44:20.096+0000] {processor.py:925} INFO - DAG(s) 'example_complex' retrieved from /home/airflow/.local/lib/python3.12/site-packages/airflow/example_dags/example_complex.py
[2025-04-11T12:44:20.154+0000] {logging_mixin.py:190} INFO - [2025-04-11T12:44:20.154+0000] {dag.py:3239} INFO - Sync 1 DAGs
[2025-04-11T12:44:20.176+0000] {logging_mixin.py:190} INFO - [2025-04-11T12:44:20.176+0000] {dag.py:4180} INFO - Setting next_dagrun for example_complex to None, run_after=None
[2025-04-11T12:44:20.217+0000] {processor.py:208} INFO - Processing /home/airflow/.local/lib/python3.12/site-packages/airflow/example_dags/example_complex.py took 0.154 seconds
[2025-04-11T12:44:50.392+0000] {processor.py:186} INFO - Started process (PID=80020) to work on /home/airflow/.local/lib/python3.12/site-packages/airflow/example_dags/example_complex.py
[2025-04-11T12:44:50.394+0000] {processor.py:914} INFO - Processing file /home/airflow/.local/lib/python3.12/site-packages/airflow/example_dags/example_complex.py for tasks to queue
[2025-04-11T12:44:50.397+0000] {logging_mixin.py:190} INFO - [2025-04-11T12:44:50.396+0000] {dagbag.py:588} INFO - Filling up the DagBag from /home/airflow/.local/lib/python3.12/site-packages/airflow/example_dags/example_complex.py
[2025-04-11T12:44:50.414+0000] {processor.py:925} INFO - DAG(s) 'example_complex' retrieved from /home/airflow/.local/lib/python3.12/site-packages/airflow/example_dags/example_complex.py
[2025-04-11T12:44:50.467+0000] {logging_mixin.py:190} INFO - [2025-04-11T12:44:50.466+0000] {dag.py:3239} INFO - Sync 1 DAGs
[2025-04-11T12:44:50.489+0000] {logging_mixin.py:190} INFO - [2025-04-11T12:44:50.489+0000] {dag.py:4180} INFO - Setting next_dagrun for example_complex to None, run_after=None
[2025-04-11T12:44:50.526+0000] {processor.py:208} INFO - Processing /home/airflow/.local/lib/python3.12/site-packages/airflow/example_dags/example_complex.py took 0.144 seconds
[2025-04-11T12:45:20.659+0000] {processor.py:186} INFO - Started process (PID=80085) to work on /home/airflow/.local/lib/python3.12/site-packages/airflow/example_dags/example_complex.py
[2025-04-11T12:45:20.661+0000] {processor.py:914} INFO - Processing file /home/airflow/.local/lib/python3.12/site-packages/airflow/example_dags/example_complex.py for tasks to queue
[2025-04-11T12:45:20.663+0000] {logging_mixin.py:190} INFO - [2025-04-11T12:45:20.662+0000] {dagbag.py:588} INFO - Filling up the DagBag from /home/airflow/.local/lib/python3.12/site-packages/airflow/example_dags/example_complex.py
[2025-04-11T12:45:20.683+0000] {processor.py:925} INFO - DAG(s) 'example_complex' retrieved from /home/airflow/.local/lib/python3.12/site-packages/airflow/example_dags/example_complex.py
[2025-04-11T12:45:20.733+0000] {logging_mixin.py:190} INFO - [2025-04-11T12:45:20.733+0000] {dag.py:3239} INFO - Sync 1 DAGs
[2025-04-11T12:45:20.754+0000] {logging_mixin.py:190} INFO - [2025-04-11T12:45:20.754+0000] {dag.py:4180} INFO - Setting next_dagrun for example_complex to None, run_after=None
[2025-04-11T12:45:20.786+0000] {processor.py:208} INFO - Processing /home/airflow/.local/lib/python3.12/site-packages/airflow/example_dags/example_complex.py took 0.136 seconds
[2025-04-11T12:45:51.256+0000] {processor.py:186} INFO - Started process (PID=80150) to work on /home/airflow/.local/lib/python3.12/site-packages/airflow/example_dags/example_complex.py
[2025-04-11T12:45:51.257+0000] {processor.py:914} INFO - Processing file /home/airflow/.local/lib/python3.12/site-packages/airflow/example_dags/example_complex.py for tasks to queue
[2025-04-11T12:45:51.259+0000] {logging_mixin.py:190} INFO - [2025-04-11T12:45:51.259+0000] {dagbag.py:588} INFO - Filling up the DagBag from /home/airflow/.local/lib/python3.12/site-packages/airflow/example_dags/example_complex.py
[2025-04-11T12:45:51.280+0000] {processor.py:925} INFO - DAG(s) 'example_complex' retrieved from /home/airflow/.local/lib/python3.12/site-packages/airflow/example_dags/example_complex.py
[2025-04-11T12:45:51.333+0000] {logging_mixin.py:190} INFO - [2025-04-11T12:45:51.332+0000] {dag.py:3239} INFO - Sync 1 DAGs
[2025-04-11T12:45:51.357+0000] {logging_mixin.py:190} INFO - [2025-04-11T12:45:51.357+0000] {dag.py:4180} INFO - Setting next_dagrun for example_complex to None, run_after=None
[2025-04-11T12:45:51.396+0000] {processor.py:208} INFO - Processing /home/airflow/.local/lib/python3.12/site-packages/airflow/example_dags/example_complex.py took 0.149 seconds
[2025-04-11T12:46:22.375+0000] {processor.py:186} INFO - Started process (PID=80215) to work on /home/airflow/.local/lib/python3.12/site-packages/airflow/example_dags/example_complex.py
[2025-04-11T12:46:22.377+0000] {processor.py:914} INFO - Processing file /home/airflow/.local/lib/python3.12/site-packages/airflow/example_dags/example_complex.py for tasks to queue
[2025-04-11T12:46:22.380+0000] {logging_mixin.py:190} INFO - [2025-04-11T12:46:22.379+0000] {dagbag.py:588} INFO - Filling up the DagBag from /home/airflow/.local/lib/python3.12/site-packages/airflow/example_dags/example_complex.py
[2025-04-11T12:46:22.398+0000] {processor.py:925} INFO - DAG(s) 'example_complex' retrieved from /home/airflow/.local/lib/python3.12/site-packages/airflow/example_dags/example_complex.py
[2025-04-11T12:46:22.443+0000] {logging_mixin.py:190} INFO - [2025-04-11T12:46:22.443+0000] {dag.py:3239} INFO - Sync 1 DAGs
[2025-04-11T12:46:22.462+0000] {logging_mixin.py:190} INFO - [2025-04-11T12:46:22.461+0000] {dag.py:4180} INFO - Setting next_dagrun for example_complex to None, run_after=None
[2025-04-11T12:46:22.498+0000] {processor.py:208} INFO - Processing /home/airflow/.local/lib/python3.12/site-packages/airflow/example_dags/example_complex.py took 0.132 seconds
[2025-04-11T12:46:53.093+0000] {processor.py:186} INFO - Started process (PID=80280) to work on /home/airflow/.local/lib/python3.12/site-packages/airflow/example_dags/example_complex.py
[2025-04-11T12:46:53.095+0000] {processor.py:914} INFO - Processing file /home/airflow/.local/lib/python3.12/site-packages/airflow/example_dags/example_complex.py for tasks to queue
[2025-04-11T12:46:53.097+0000] {logging_mixin.py:190} INFO - [2025-04-11T12:46:53.097+0000] {dagbag.py:588} INFO - Filling up the DagBag from /home/airflow/.local/lib/python3.12/site-packages/airflow/example_dags/example_complex.py
[2025-04-11T12:46:53.115+0000] {processor.py:925} INFO - DAG(s) 'example_complex' retrieved from /home/airflow/.local/lib/python3.12/site-packages/airflow/example_dags/example_complex.py
[2025-04-11T12:46:53.177+0000] {logging_mixin.py:190} INFO - [2025-04-11T12:46:53.176+0000] {dag.py:3239} INFO - Sync 1 DAGs
[2025-04-11T12:46:53.205+0000] {logging_mixin.py:190} INFO - [2025-04-11T12:46:53.204+0000] {dag.py:4180} INFO - Setting next_dagrun for example_complex to None, run_after=None
[2025-04-11T12:46:53.245+0000] {processor.py:208} INFO - Processing /home/airflow/.local/lib/python3.12/site-packages/airflow/example_dags/example_complex.py took 0.161 seconds
[2025-04-11T12:47:23.946+0000] {processor.py:186} INFO - Started process (PID=80345) to work on /home/airflow/.local/lib/python3.12/site-packages/airflow/example_dags/example_complex.py
[2025-04-11T12:47:23.947+0000] {processor.py:914} INFO - Processing file /home/airflow/.local/lib/python3.12/site-packages/airflow/example_dags/example_complex.py for tasks to queue
[2025-04-11T12:47:23.950+0000] {logging_mixin.py:190} INFO - [2025-04-11T12:47:23.949+0000] {dagbag.py:588} INFO - Filling up the DagBag from /home/airflow/.local/lib/python3.12/site-packages/airflow/example_dags/example_complex.py
[2025-04-11T12:47:23.965+0000] {processor.py:925} INFO - DAG(s) 'example_complex' retrieved from /home/airflow/.local/lib/python3.12/site-packages/airflow/example_dags/example_complex.py
[2025-04-11T12:47:24.012+0000] {logging_mixin.py:190} INFO - [2025-04-11T12:47:24.011+0000] {dag.py:3239} INFO - Sync 1 DAGs
[2025-04-11T12:47:24.036+0000] {logging_mixin.py:190} INFO - [2025-04-11T12:47:24.036+0000] {dag.py:4180} INFO - Setting next_dagrun for example_complex to None, run_after=None
[2025-04-11T12:47:24.073+0000] {processor.py:208} INFO - Processing /home/airflow/.local/lib/python3.12/site-packages/airflow/example_dags/example_complex.py took 0.135 seconds
[2025-04-11T12:47:54.386+0000] {processor.py:186} INFO - Started process (PID=80410) to work on /home/airflow/.local/lib/python3.12/site-packages/airflow/example_dags/example_complex.py
[2025-04-11T12:47:54.387+0000] {processor.py:914} INFO - Processing file /home/airflow/.local/lib/python3.12/site-packages/airflow/example_dags/example_complex.py for tasks to queue
[2025-04-11T12:47:54.390+0000] {logging_mixin.py:190} INFO - [2025-04-11T12:47:54.389+0000] {dagbag.py:588} INFO - Filling up the DagBag from /home/airflow/.local/lib/python3.12/site-packages/airflow/example_dags/example_complex.py
[2025-04-11T12:47:54.405+0000] {processor.py:925} INFO - DAG(s) 'example_complex' retrieved from /home/airflow/.local/lib/python3.12/site-packages/airflow/example_dags/example_complex.py
[2025-04-11T12:47:54.470+0000] {logging_mixin.py:190} INFO - [2025-04-11T12:47:54.469+0000] {dag.py:3239} INFO - Sync 1 DAGs
[2025-04-11T12:47:54.490+0000] {logging_mixin.py:190} INFO - [2025-04-11T12:47:54.490+0000] {dag.py:4180} INFO - Setting next_dagrun for example_complex to None, run_after=None
[2025-04-11T12:47:54.521+0000] {processor.py:208} INFO - Processing /home/airflow/.local/lib/python3.12/site-packages/airflow/example_dags/example_complex.py took 0.144 seconds
[2025-04-11T12:48:24.651+0000] {processor.py:186} INFO - Started process (PID=80475) to work on /home/airflow/.local/lib/python3.12/site-packages/airflow/example_dags/example_complex.py
[2025-04-11T12:48:24.652+0000] {processor.py:914} INFO - Processing file /home/airflow/.local/lib/python3.12/site-packages/airflow/example_dags/example_complex.py for tasks to queue
[2025-04-11T12:48:24.654+0000] {logging_mixin.py:190} INFO - [2025-04-11T12:48:24.654+0000] {dagbag.py:588} INFO - Filling up the DagBag from /home/airflow/.local/lib/python3.12/site-packages/airflow/example_dags/example_complex.py
[2025-04-11T12:48:24.671+0000] {processor.py:925} INFO - DAG(s) 'example_complex' retrieved from /home/airflow/.local/lib/python3.12/site-packages/airflow/example_dags/example_complex.py
[2025-04-11T12:48:24.722+0000] {logging_mixin.py:190} INFO - [2025-04-11T12:48:24.722+0000] {dag.py:3239} INFO - Sync 1 DAGs
[2025-04-11T12:48:24.745+0000] {logging_mixin.py:190} INFO - [2025-04-11T12:48:24.745+0000] {dag.py:4180} INFO - Setting next_dagrun for example_complex to None, run_after=None
[2025-04-11T12:48:24.783+0000] {processor.py:208} INFO - Processing /home/airflow/.local/lib/python3.12/site-packages/airflow/example_dags/example_complex.py took 0.140 seconds
[2025-04-11T12:48:55.223+0000] {processor.py:186} INFO - Started process (PID=80539) to work on /home/airflow/.local/lib/python3.12/site-packages/airflow/example_dags/example_complex.py
[2025-04-11T12:48:55.227+0000] {processor.py:914} INFO - Processing file /home/airflow/.local/lib/python3.12/site-packages/airflow/example_dags/example_complex.py for tasks to queue
[2025-04-11T12:48:55.230+0000] {logging_mixin.py:190} INFO - [2025-04-11T12:48:55.229+0000] {dagbag.py:588} INFO - Filling up the DagBag from /home/airflow/.local/lib/python3.12/site-packages/airflow/example_dags/example_complex.py
[2025-04-11T12:48:55.249+0000] {processor.py:925} INFO - DAG(s) 'example_complex' retrieved from /home/airflow/.local/lib/python3.12/site-packages/airflow/example_dags/example_complex.py
[2025-04-11T12:48:55.301+0000] {logging_mixin.py:190} INFO - [2025-04-11T12:48:55.300+0000] {dag.py:3239} INFO - Sync 1 DAGs
[2025-04-11T12:48:55.325+0000] {logging_mixin.py:190} INFO - [2025-04-11T12:48:55.325+0000] {dag.py:4180} INFO - Setting next_dagrun for example_complex to None, run_after=None
[2025-04-11T12:48:55.362+0000] {processor.py:208} INFO - Processing /home/airflow/.local/lib/python3.12/site-packages/airflow/example_dags/example_complex.py took 0.149 seconds
[2025-04-11T12:49:25.629+0000] {processor.py:186} INFO - Started process (PID=80604) to work on /home/airflow/.local/lib/python3.12/site-packages/airflow/example_dags/example_complex.py
[2025-04-11T12:49:25.631+0000] {processor.py:914} INFO - Processing file /home/airflow/.local/lib/python3.12/site-packages/airflow/example_dags/example_complex.py for tasks to queue
[2025-04-11T12:49:25.633+0000] {logging_mixin.py:190} INFO - [2025-04-11T12:49:25.633+0000] {dagbag.py:588} INFO - Filling up the DagBag from /home/airflow/.local/lib/python3.12/site-packages/airflow/example_dags/example_complex.py
[2025-04-11T12:49:25.655+0000] {processor.py:925} INFO - DAG(s) 'example_complex' retrieved from /home/airflow/.local/lib/python3.12/site-packages/airflow/example_dags/example_complex.py
[2025-04-11T12:49:25.711+0000] {logging_mixin.py:190} INFO - [2025-04-11T12:49:25.710+0000] {dag.py:3239} INFO - Sync 1 DAGs
[2025-04-11T12:49:25.733+0000] {logging_mixin.py:190} INFO - [2025-04-11T12:49:25.733+0000] {dag.py:4180} INFO - Setting next_dagrun for example_complex to None, run_after=None
[2025-04-11T12:49:25.787+0000] {processor.py:208} INFO - Processing /home/airflow/.local/lib/python3.12/site-packages/airflow/example_dags/example_complex.py took 0.167 seconds
[2025-04-11T12:49:56.095+0000] {processor.py:186} INFO - Started process (PID=80670) to work on /home/airflow/.local/lib/python3.12/site-packages/airflow/example_dags/example_complex.py
[2025-04-11T12:49:56.097+0000] {processor.py:914} INFO - Processing file /home/airflow/.local/lib/python3.12/site-packages/airflow/example_dags/example_complex.py for tasks to queue
[2025-04-11T12:49:56.099+0000] {logging_mixin.py:190} INFO - [2025-04-11T12:49:56.099+0000] {dagbag.py:588} INFO - Filling up the DagBag from /home/airflow/.local/lib/python3.12/site-packages/airflow/example_dags/example_complex.py
[2025-04-11T12:49:56.118+0000] {processor.py:925} INFO - DAG(s) 'example_complex' retrieved from /home/airflow/.local/lib/python3.12/site-packages/airflow/example_dags/example_complex.py
[2025-04-11T12:49:56.161+0000] {logging_mixin.py:190} INFO - [2025-04-11T12:49:56.161+0000] {dag.py:3239} INFO - Sync 1 DAGs
[2025-04-11T12:49:56.185+0000] {logging_mixin.py:190} INFO - [2025-04-11T12:49:56.184+0000] {dag.py:4180} INFO - Setting next_dagrun for example_complex to None, run_after=None
[2025-04-11T12:49:56.220+0000] {processor.py:208} INFO - Processing /home/airflow/.local/lib/python3.12/site-packages/airflow/example_dags/example_complex.py took 0.134 seconds
[2025-04-11T12:50:26.344+0000] {processor.py:186} INFO - Started process (PID=80733) to work on /home/airflow/.local/lib/python3.12/site-packages/airflow/example_dags/example_complex.py
[2025-04-11T12:50:26.346+0000] {processor.py:914} INFO - Processing file /home/airflow/.local/lib/python3.12/site-packages/airflow/example_dags/example_complex.py for tasks to queue
[2025-04-11T12:50:26.348+0000] {logging_mixin.py:190} INFO - [2025-04-11T12:50:26.348+0000] {dagbag.py:588} INFO - Filling up the DagBag from /home/airflow/.local/lib/python3.12/site-packages/airflow/example_dags/example_complex.py
[2025-04-11T12:50:26.379+0000] {processor.py:925} INFO - DAG(s) 'example_complex' retrieved from /home/airflow/.local/lib/python3.12/site-packages/airflow/example_dags/example_complex.py
[2025-04-11T12:50:26.446+0000] {logging_mixin.py:190} INFO - [2025-04-11T12:50:26.445+0000] {dag.py:3239} INFO - Sync 1 DAGs
[2025-04-11T12:50:26.479+0000] {logging_mixin.py:190} INFO - [2025-04-11T12:50:26.479+0000] {dag.py:4180} INFO - Setting next_dagrun for example_complex to None, run_after=None
[2025-04-11T12:50:26.519+0000] {processor.py:208} INFO - Processing /home/airflow/.local/lib/python3.12/site-packages/airflow/example_dags/example_complex.py took 0.185 seconds
[2025-04-11T12:50:56.953+0000] {processor.py:186} INFO - Started process (PID=80797) to work on /home/airflow/.local/lib/python3.12/site-packages/airflow/example_dags/example_complex.py
[2025-04-11T12:50:56.955+0000] {processor.py:914} INFO - Processing file /home/airflow/.local/lib/python3.12/site-packages/airflow/example_dags/example_complex.py for tasks to queue
[2025-04-11T12:50:56.958+0000] {logging_mixin.py:190} INFO - [2025-04-11T12:50:56.957+0000] {dagbag.py:588} INFO - Filling up the DagBag from /home/airflow/.local/lib/python3.12/site-packages/airflow/example_dags/example_complex.py
[2025-04-11T12:50:56.981+0000] {processor.py:925} INFO - DAG(s) 'example_complex' retrieved from /home/airflow/.local/lib/python3.12/site-packages/airflow/example_dags/example_complex.py
[2025-04-11T12:50:57.035+0000] {logging_mixin.py:190} INFO - [2025-04-11T12:50:57.034+0000] {dag.py:3239} INFO - Sync 1 DAGs
[2025-04-11T12:50:57.067+0000] {logging_mixin.py:190} INFO - [2025-04-11T12:50:57.066+0000] {dag.py:4180} INFO - Setting next_dagrun for example_complex to None, run_after=None
[2025-04-11T12:50:57.104+0000] {processor.py:208} INFO - Processing /home/airflow/.local/lib/python3.12/site-packages/airflow/example_dags/example_complex.py took 0.161 seconds
[2025-04-11T12:51:28.026+0000] {processor.py:186} INFO - Started process (PID=80862) to work on /home/airflow/.local/lib/python3.12/site-packages/airflow/example_dags/example_complex.py
[2025-04-11T12:51:28.027+0000] {processor.py:914} INFO - Processing file /home/airflow/.local/lib/python3.12/site-packages/airflow/example_dags/example_complex.py for tasks to queue
[2025-04-11T12:51:28.030+0000] {logging_mixin.py:190} INFO - [2025-04-11T12:51:28.029+0000] {dagbag.py:588} INFO - Filling up the DagBag from /home/airflow/.local/lib/python3.12/site-packages/airflow/example_dags/example_complex.py
[2025-04-11T12:51:28.047+0000] {processor.py:925} INFO - DAG(s) 'example_complex' retrieved from /home/airflow/.local/lib/python3.12/site-packages/airflow/example_dags/example_complex.py
[2025-04-11T12:51:28.092+0000] {logging_mixin.py:190} INFO - [2025-04-11T12:51:28.091+0000] {dag.py:3239} INFO - Sync 1 DAGs
[2025-04-11T12:51:28.113+0000] {logging_mixin.py:190} INFO - [2025-04-11T12:51:28.113+0000] {dag.py:4180} INFO - Setting next_dagrun for example_complex to None, run_after=None
[2025-04-11T12:51:28.145+0000] {processor.py:208} INFO - Processing /home/airflow/.local/lib/python3.12/site-packages/airflow/example_dags/example_complex.py took 0.129 seconds
[2025-04-11T12:51:58.399+0000] {processor.py:186} INFO - Started process (PID=80927) to work on /home/airflow/.local/lib/python3.12/site-packages/airflow/example_dags/example_complex.py
[2025-04-11T12:51:58.400+0000] {processor.py:914} INFO - Processing file /home/airflow/.local/lib/python3.12/site-packages/airflow/example_dags/example_complex.py for tasks to queue
[2025-04-11T12:51:58.403+0000] {logging_mixin.py:190} INFO - [2025-04-11T12:51:58.402+0000] {dagbag.py:588} INFO - Filling up the DagBag from /home/airflow/.local/lib/python3.12/site-packages/airflow/example_dags/example_complex.py
[2025-04-11T12:51:58.419+0000] {processor.py:925} INFO - DAG(s) 'example_complex' retrieved from /home/airflow/.local/lib/python3.12/site-packages/airflow/example_dags/example_complex.py
[2025-04-11T12:51:58.466+0000] {logging_mixin.py:190} INFO - [2025-04-11T12:51:58.465+0000] {dag.py:3239} INFO - Sync 1 DAGs
[2025-04-11T12:51:58.485+0000] {logging_mixin.py:190} INFO - [2025-04-11T12:51:58.485+0000] {dag.py:4180} INFO - Setting next_dagrun for example_complex to None, run_after=None
[2025-04-11T12:51:58.518+0000] {processor.py:208} INFO - Processing /home/airflow/.local/lib/python3.12/site-packages/airflow/example_dags/example_complex.py took 0.129 seconds
[2025-04-11T12:52:28.892+0000] {processor.py:186} INFO - Started process (PID=80992) to work on /home/airflow/.local/lib/python3.12/site-packages/airflow/example_dags/example_complex.py
[2025-04-11T12:52:28.894+0000] {processor.py:914} INFO - Processing file /home/airflow/.local/lib/python3.12/site-packages/airflow/example_dags/example_complex.py for tasks to queue
[2025-04-11T12:52:28.897+0000] {logging_mixin.py:190} INFO - [2025-04-11T12:52:28.896+0000] {dagbag.py:588} INFO - Filling up the DagBag from /home/airflow/.local/lib/python3.12/site-packages/airflow/example_dags/example_complex.py
[2025-04-11T12:52:28.914+0000] {processor.py:925} INFO - DAG(s) 'example_complex' retrieved from /home/airflow/.local/lib/python3.12/site-packages/airflow/example_dags/example_complex.py
[2025-04-11T12:52:28.960+0000] {logging_mixin.py:190} INFO - [2025-04-11T12:52:28.959+0000] {dag.py:3239} INFO - Sync 1 DAGs
[2025-04-11T12:52:28.986+0000] {logging_mixin.py:190} INFO - [2025-04-11T12:52:28.986+0000] {dag.py:4180} INFO - Setting next_dagrun for example_complex to None, run_after=None
[2025-04-11T12:52:29.018+0000] {processor.py:208} INFO - Processing /home/airflow/.local/lib/python3.12/site-packages/airflow/example_dags/example_complex.py took 0.141 seconds
[2025-04-11T12:52:59.553+0000] {processor.py:186} INFO - Started process (PID=81057) to work on /home/airflow/.local/lib/python3.12/site-packages/airflow/example_dags/example_complex.py
[2025-04-11T12:52:59.555+0000] {processor.py:914} INFO - Processing file /home/airflow/.local/lib/python3.12/site-packages/airflow/example_dags/example_complex.py for tasks to queue
[2025-04-11T12:52:59.557+0000] {logging_mixin.py:190} INFO - [2025-04-11T12:52:59.557+0000] {dagbag.py:588} INFO - Filling up the DagBag from /home/airflow/.local/lib/python3.12/site-packages/airflow/example_dags/example_complex.py
[2025-04-11T12:52:59.574+0000] {processor.py:925} INFO - DAG(s) 'example_complex' retrieved from /home/airflow/.local/lib/python3.12/site-packages/airflow/example_dags/example_complex.py
[2025-04-11T12:52:59.614+0000] {logging_mixin.py:190} INFO - [2025-04-11T12:52:59.614+0000] {dag.py:3239} INFO - Sync 1 DAGs
[2025-04-11T12:52:59.637+0000] {logging_mixin.py:190} INFO - [2025-04-11T12:52:59.636+0000] {dag.py:4180} INFO - Setting next_dagrun for example_complex to None, run_after=None
[2025-04-11T12:52:59.666+0000] {processor.py:208} INFO - Processing /home/airflow/.local/lib/python3.12/site-packages/airflow/example_dags/example_complex.py took 0.119 seconds
[2025-04-11T12:53:30.310+0000] {processor.py:186} INFO - Started process (PID=81128) to work on /home/airflow/.local/lib/python3.12/site-packages/airflow/example_dags/example_complex.py
[2025-04-11T12:53:30.312+0000] {processor.py:914} INFO - Processing file /home/airflow/.local/lib/python3.12/site-packages/airflow/example_dags/example_complex.py for tasks to queue
[2025-04-11T12:53:30.315+0000] {logging_mixin.py:190} INFO - [2025-04-11T12:53:30.314+0000] {dagbag.py:588} INFO - Filling up the DagBag from /home/airflow/.local/lib/python3.12/site-packages/airflow/example_dags/example_complex.py
[2025-04-11T12:53:30.334+0000] {processor.py:925} INFO - DAG(s) 'example_complex' retrieved from /home/airflow/.local/lib/python3.12/site-packages/airflow/example_dags/example_complex.py
[2025-04-11T12:53:30.379+0000] {logging_mixin.py:190} INFO - [2025-04-11T12:53:30.378+0000] {dag.py:3239} INFO - Sync 1 DAGs
[2025-04-11T12:53:30.401+0000] {logging_mixin.py:190} INFO - [2025-04-11T12:53:30.400+0000] {dag.py:4180} INFO - Setting next_dagrun for example_complex to None, run_after=None
[2025-04-11T12:53:30.435+0000] {processor.py:208} INFO - Processing /home/airflow/.local/lib/python3.12/site-packages/airflow/example_dags/example_complex.py took 0.132 seconds
[2025-04-11T12:54:00.578+0000] {processor.py:186} INFO - Started process (PID=81194) to work on /home/airflow/.local/lib/python3.12/site-packages/airflow/example_dags/example_complex.py
[2025-04-11T12:54:00.579+0000] {processor.py:914} INFO - Processing file /home/airflow/.local/lib/python3.12/site-packages/airflow/example_dags/example_complex.py for tasks to queue
[2025-04-11T12:54:00.581+0000] {logging_mixin.py:190} INFO - [2025-04-11T12:54:00.581+0000] {dagbag.py:588} INFO - Filling up the DagBag from /home/airflow/.local/lib/python3.12/site-packages/airflow/example_dags/example_complex.py
[2025-04-11T12:54:00.597+0000] {processor.py:925} INFO - DAG(s) 'example_complex' retrieved from /home/airflow/.local/lib/python3.12/site-packages/airflow/example_dags/example_complex.py
[2025-04-11T12:54:00.650+0000] {logging_mixin.py:190} INFO - [2025-04-11T12:54:00.650+0000] {dag.py:3239} INFO - Sync 1 DAGs
[2025-04-11T12:54:00.670+0000] {logging_mixin.py:190} INFO - [2025-04-11T12:54:00.669+0000] {dag.py:4180} INFO - Setting next_dagrun for example_complex to None, run_after=None
[2025-04-11T12:54:00.701+0000] {processor.py:208} INFO - Processing /home/airflow/.local/lib/python3.12/site-packages/airflow/example_dags/example_complex.py took 0.131 seconds
[2025-04-11T12:54:31.336+0000] {processor.py:186} INFO - Started process (PID=81258) to work on /home/airflow/.local/lib/python3.12/site-packages/airflow/example_dags/example_complex.py
[2025-04-11T12:54:31.337+0000] {processor.py:914} INFO - Processing file /home/airflow/.local/lib/python3.12/site-packages/airflow/example_dags/example_complex.py for tasks to queue
[2025-04-11T12:54:31.339+0000] {logging_mixin.py:190} INFO - [2025-04-11T12:54:31.339+0000] {dagbag.py:588} INFO - Filling up the DagBag from /home/airflow/.local/lib/python3.12/site-packages/airflow/example_dags/example_complex.py
[2025-04-11T12:54:31.355+0000] {processor.py:925} INFO - DAG(s) 'example_complex' retrieved from /home/airflow/.local/lib/python3.12/site-packages/airflow/example_dags/example_complex.py
[2025-04-11T12:54:31.410+0000] {logging_mixin.py:190} INFO - [2025-04-11T12:54:31.410+0000] {dag.py:3239} INFO - Sync 1 DAGs
[2025-04-11T12:54:31.431+0000] {logging_mixin.py:190} INFO - [2025-04-11T12:54:31.431+0000] {dag.py:4180} INFO - Setting next_dagrun for example_complex to None, run_after=None
[2025-04-11T12:54:31.463+0000] {processor.py:208} INFO - Processing /home/airflow/.local/lib/python3.12/site-packages/airflow/example_dags/example_complex.py took 0.135 seconds
[2025-04-11T12:55:01.901+0000] {processor.py:186} INFO - Started process (PID=81323) to work on /home/airflow/.local/lib/python3.12/site-packages/airflow/example_dags/example_complex.py
[2025-04-11T12:55:01.903+0000] {processor.py:914} INFO - Processing file /home/airflow/.local/lib/python3.12/site-packages/airflow/example_dags/example_complex.py for tasks to queue
[2025-04-11T12:55:01.905+0000] {logging_mixin.py:190} INFO - [2025-04-11T12:55:01.905+0000] {dagbag.py:588} INFO - Filling up the DagBag from /home/airflow/.local/lib/python3.12/site-packages/airflow/example_dags/example_complex.py
[2025-04-11T12:55:01.921+0000] {processor.py:925} INFO - DAG(s) 'example_complex' retrieved from /home/airflow/.local/lib/python3.12/site-packages/airflow/example_dags/example_complex.py
[2025-04-11T12:55:01.974+0000] {logging_mixin.py:190} INFO - [2025-04-11T12:55:01.973+0000] {dag.py:3239} INFO - Sync 1 DAGs
[2025-04-11T12:55:02.000+0000] {logging_mixin.py:190} INFO - [2025-04-11T12:55:01.999+0000] {dag.py:4180} INFO - Setting next_dagrun for example_complex to None, run_after=None
[2025-04-11T12:55:02.035+0000] {processor.py:208} INFO - Processing /home/airflow/.local/lib/python3.12/site-packages/airflow/example_dags/example_complex.py took 0.142 seconds
[2025-04-11T12:55:32.448+0000] {processor.py:186} INFO - Started process (PID=81388) to work on /home/airflow/.local/lib/python3.12/site-packages/airflow/example_dags/example_complex.py
[2025-04-11T12:55:32.449+0000] {processor.py:914} INFO - Processing file /home/airflow/.local/lib/python3.12/site-packages/airflow/example_dags/example_complex.py for tasks to queue
[2025-04-11T12:55:32.452+0000] {logging_mixin.py:190} INFO - [2025-04-11T12:55:32.451+0000] {dagbag.py:588} INFO - Filling up the DagBag from /home/airflow/.local/lib/python3.12/site-packages/airflow/example_dags/example_complex.py
[2025-04-11T12:55:32.473+0000] {processor.py:925} INFO - DAG(s) 'example_complex' retrieved from /home/airflow/.local/lib/python3.12/site-packages/airflow/example_dags/example_complex.py
[2025-04-11T12:55:32.530+0000] {logging_mixin.py:190} INFO - [2025-04-11T12:55:32.529+0000] {dag.py:3239} INFO - Sync 1 DAGs
[2025-04-11T12:55:32.552+0000] {logging_mixin.py:190} INFO - [2025-04-11T12:55:32.552+0000] {dag.py:4180} INFO - Setting next_dagrun for example_complex to None, run_after=None
[2025-04-11T12:55:32.586+0000] {processor.py:208} INFO - Processing /home/airflow/.local/lib/python3.12/site-packages/airflow/example_dags/example_complex.py took 0.149 seconds
[2025-04-11T12:56:02.784+0000] {processor.py:186} INFO - Started process (PID=81453) to work on /home/airflow/.local/lib/python3.12/site-packages/airflow/example_dags/example_complex.py
[2025-04-11T12:56:02.786+0000] {processor.py:914} INFO - Processing file /home/airflow/.local/lib/python3.12/site-packages/airflow/example_dags/example_complex.py for tasks to queue
[2025-04-11T12:56:02.788+0000] {logging_mixin.py:190} INFO - [2025-04-11T12:56:02.787+0000] {dagbag.py:588} INFO - Filling up the DagBag from /home/airflow/.local/lib/python3.12/site-packages/airflow/example_dags/example_complex.py
[2025-04-11T12:56:02.811+0000] {processor.py:925} INFO - DAG(s) 'example_complex' retrieved from /home/airflow/.local/lib/python3.12/site-packages/airflow/example_dags/example_complex.py
[2025-04-11T12:56:02.856+0000] {logging_mixin.py:190} INFO - [2025-04-11T12:56:02.855+0000] {dag.py:3239} INFO - Sync 1 DAGs
[2025-04-11T12:56:02.879+0000] {logging_mixin.py:190} INFO - [2025-04-11T12:56:02.879+0000] {dag.py:4180} INFO - Setting next_dagrun for example_complex to None, run_after=None
[2025-04-11T12:56:02.912+0000] {processor.py:208} INFO - Processing /home/airflow/.local/lib/python3.12/site-packages/airflow/example_dags/example_complex.py took 0.137 seconds
[2025-04-11T12:56:33.076+0000] {processor.py:186} INFO - Started process (PID=81518) to work on /home/airflow/.local/lib/python3.12/site-packages/airflow/example_dags/example_complex.py
[2025-04-11T12:56:33.078+0000] {processor.py:914} INFO - Processing file /home/airflow/.local/lib/python3.12/site-packages/airflow/example_dags/example_complex.py for tasks to queue
[2025-04-11T12:56:33.080+0000] {logging_mixin.py:190} INFO - [2025-04-11T12:56:33.080+0000] {dagbag.py:588} INFO - Filling up the DagBag from /home/airflow/.local/lib/python3.12/site-packages/airflow/example_dags/example_complex.py
[2025-04-11T12:56:33.096+0000] {processor.py:925} INFO - DAG(s) 'example_complex' retrieved from /home/airflow/.local/lib/python3.12/site-packages/airflow/example_dags/example_complex.py
[2025-04-11T12:56:33.141+0000] {logging_mixin.py:190} INFO - [2025-04-11T12:56:33.140+0000] {dag.py:3239} INFO - Sync 1 DAGs
[2025-04-11T12:56:33.163+0000] {logging_mixin.py:190} INFO - [2025-04-11T12:56:33.163+0000] {dag.py:4180} INFO - Setting next_dagrun for example_complex to None, run_after=None
[2025-04-11T12:56:33.194+0000] {processor.py:208} INFO - Processing /home/airflow/.local/lib/python3.12/site-packages/airflow/example_dags/example_complex.py took 0.125 seconds
[2025-04-11T12:57:03.787+0000] {processor.py:186} INFO - Started process (PID=81583) to work on /home/airflow/.local/lib/python3.12/site-packages/airflow/example_dags/example_complex.py
[2025-04-11T12:57:03.789+0000] {processor.py:914} INFO - Processing file /home/airflow/.local/lib/python3.12/site-packages/airflow/example_dags/example_complex.py for tasks to queue
[2025-04-11T12:57:03.791+0000] {logging_mixin.py:190} INFO - [2025-04-11T12:57:03.791+0000] {dagbag.py:588} INFO - Filling up the DagBag from /home/airflow/.local/lib/python3.12/site-packages/airflow/example_dags/example_complex.py
[2025-04-11T12:57:03.806+0000] {processor.py:925} INFO - DAG(s) 'example_complex' retrieved from /home/airflow/.local/lib/python3.12/site-packages/airflow/example_dags/example_complex.py
[2025-04-11T12:57:03.850+0000] {logging_mixin.py:190} INFO - [2025-04-11T12:57:03.849+0000] {dag.py:3239} INFO - Sync 1 DAGs
[2025-04-11T12:57:03.874+0000] {logging_mixin.py:190} INFO - [2025-04-11T12:57:03.873+0000] {dag.py:4180} INFO - Setting next_dagrun for example_complex to None, run_after=None
[2025-04-11T12:57:03.905+0000] {processor.py:208} INFO - Processing /home/airflow/.local/lib/python3.12/site-packages/airflow/example_dags/example_complex.py took 0.125 seconds
[2025-04-11T12:57:34.034+0000] {processor.py:186} INFO - Started process (PID=81648) to work on /home/airflow/.local/lib/python3.12/site-packages/airflow/example_dags/example_complex.py
[2025-04-11T12:57:34.036+0000] {processor.py:914} INFO - Processing file /home/airflow/.local/lib/python3.12/site-packages/airflow/example_dags/example_complex.py for tasks to queue
[2025-04-11T12:57:34.039+0000] {logging_mixin.py:190} INFO - [2025-04-11T12:57:34.038+0000] {dagbag.py:588} INFO - Filling up the DagBag from /home/airflow/.local/lib/python3.12/site-packages/airflow/example_dags/example_complex.py
[2025-04-11T12:57:34.058+0000] {processor.py:925} INFO - DAG(s) 'example_complex' retrieved from /home/airflow/.local/lib/python3.12/site-packages/airflow/example_dags/example_complex.py
[2025-04-11T12:57:34.117+0000] {logging_mixin.py:190} INFO - [2025-04-11T12:57:34.117+0000] {dag.py:3239} INFO - Sync 1 DAGs
[2025-04-11T12:57:34.140+0000] {logging_mixin.py:190} INFO - [2025-04-11T12:57:34.140+0000] {dag.py:4180} INFO - Setting next_dagrun for example_complex to None, run_after=None
[2025-04-11T12:57:34.177+0000] {processor.py:208} INFO - Processing /home/airflow/.local/lib/python3.12/site-packages/airflow/example_dags/example_complex.py took 0.151 seconds
[2025-04-11T12:58:04.326+0000] {processor.py:186} INFO - Started process (PID=81713) to work on /home/airflow/.local/lib/python3.12/site-packages/airflow/example_dags/example_complex.py
[2025-04-11T12:58:04.328+0000] {processor.py:914} INFO - Processing file /home/airflow/.local/lib/python3.12/site-packages/airflow/example_dags/example_complex.py for tasks to queue
[2025-04-11T12:58:04.331+0000] {logging_mixin.py:190} INFO - [2025-04-11T12:58:04.330+0000] {dagbag.py:588} INFO - Filling up the DagBag from /home/airflow/.local/lib/python3.12/site-packages/airflow/example_dags/example_complex.py
[2025-04-11T12:58:04.366+0000] {processor.py:925} INFO - DAG(s) 'example_complex' retrieved from /home/airflow/.local/lib/python3.12/site-packages/airflow/example_dags/example_complex.py
[2025-04-11T12:58:04.424+0000] {logging_mixin.py:190} INFO - [2025-04-11T12:58:04.423+0000] {dag.py:3239} INFO - Sync 1 DAGs
[2025-04-11T12:58:04.445+0000] {logging_mixin.py:190} INFO - [2025-04-11T12:58:04.445+0000] {dag.py:4180} INFO - Setting next_dagrun for example_complex to None, run_after=None
[2025-04-11T12:58:04.482+0000] {processor.py:208} INFO - Processing /home/airflow/.local/lib/python3.12/site-packages/airflow/example_dags/example_complex.py took 0.167 seconds
[2025-04-11T12:58:34.605+0000] {processor.py:186} INFO - Started process (PID=81776) to work on /home/airflow/.local/lib/python3.12/site-packages/airflow/example_dags/example_complex.py
[2025-04-11T12:58:34.607+0000] {processor.py:914} INFO - Processing file /home/airflow/.local/lib/python3.12/site-packages/airflow/example_dags/example_complex.py for tasks to queue
[2025-04-11T12:58:34.609+0000] {logging_mixin.py:190} INFO - [2025-04-11T12:58:34.609+0000] {dagbag.py:588} INFO - Filling up the DagBag from /home/airflow/.local/lib/python3.12/site-packages/airflow/example_dags/example_complex.py
[2025-04-11T12:58:34.624+0000] {processor.py:925} INFO - DAG(s) 'example_complex' retrieved from /home/airflow/.local/lib/python3.12/site-packages/airflow/example_dags/example_complex.py
[2025-04-11T12:58:34.668+0000] {logging_mixin.py:190} INFO - [2025-04-11T12:58:34.667+0000] {dag.py:3239} INFO - Sync 1 DAGs
[2025-04-11T12:58:34.688+0000] {logging_mixin.py:190} INFO - [2025-04-11T12:58:34.687+0000] {dag.py:4180} INFO - Setting next_dagrun for example_complex to None, run_after=None
[2025-04-11T12:58:34.719+0000] {processor.py:208} INFO - Processing /home/airflow/.local/lib/python3.12/site-packages/airflow/example_dags/example_complex.py took 0.123 seconds
[2025-04-11T12:59:04.871+0000] {processor.py:186} INFO - Started process (PID=81836) to work on /home/airflow/.local/lib/python3.12/site-packages/airflow/example_dags/example_complex.py
[2025-04-11T12:59:04.873+0000] {processor.py:914} INFO - Processing file /home/airflow/.local/lib/python3.12/site-packages/airflow/example_dags/example_complex.py for tasks to queue
[2025-04-11T12:59:04.876+0000] {logging_mixin.py:190} INFO - [2025-04-11T12:59:04.875+0000] {dagbag.py:588} INFO - Filling up the DagBag from /home/airflow/.local/lib/python3.12/site-packages/airflow/example_dags/example_complex.py
[2025-04-11T12:59:04.895+0000] {processor.py:925} INFO - DAG(s) 'example_complex' retrieved from /home/airflow/.local/lib/python3.12/site-packages/airflow/example_dags/example_complex.py
[2025-04-11T12:59:04.945+0000] {logging_mixin.py:190} INFO - [2025-04-11T12:59:04.945+0000] {dag.py:3239} INFO - Sync 1 DAGs
[2025-04-11T12:59:04.978+0000] {logging_mixin.py:190} INFO - [2025-04-11T12:59:04.977+0000] {dag.py:4180} INFO - Setting next_dagrun for example_complex to None, run_after=None
[2025-04-11T12:59:05.016+0000] {processor.py:208} INFO - Processing /home/airflow/.local/lib/python3.12/site-packages/airflow/example_dags/example_complex.py took 0.154 seconds
[2025-04-11T12:59:35.106+0000] {processor.py:186} INFO - Started process (PID=81901) to work on /home/airflow/.local/lib/python3.12/site-packages/airflow/example_dags/example_complex.py
[2025-04-11T12:59:35.108+0000] {processor.py:914} INFO - Processing file /home/airflow/.local/lib/python3.12/site-packages/airflow/example_dags/example_complex.py for tasks to queue
[2025-04-11T12:59:35.111+0000] {logging_mixin.py:190} INFO - [2025-04-11T12:59:35.110+0000] {dagbag.py:588} INFO - Filling up the DagBag from /home/airflow/.local/lib/python3.12/site-packages/airflow/example_dags/example_complex.py
[2025-04-11T12:59:35.128+0000] {processor.py:925} INFO - DAG(s) 'example_complex' retrieved from /home/airflow/.local/lib/python3.12/site-packages/airflow/example_dags/example_complex.py
[2025-04-11T12:59:35.173+0000] {logging_mixin.py:190} INFO - [2025-04-11T12:59:35.173+0000] {dag.py:3239} INFO - Sync 1 DAGs
[2025-04-11T12:59:35.196+0000] {logging_mixin.py:190} INFO - [2025-04-11T12:59:35.195+0000] {dag.py:4180} INFO - Setting next_dagrun for example_complex to None, run_after=None
[2025-04-11T12:59:35.230+0000] {processor.py:208} INFO - Processing /home/airflow/.local/lib/python3.12/site-packages/airflow/example_dags/example_complex.py took 0.131 seconds
[2025-04-11T13:00:05.643+0000] {processor.py:186} INFO - Started process (PID=81966) to work on /home/airflow/.local/lib/python3.12/site-packages/airflow/example_dags/example_complex.py
[2025-04-11T13:00:05.645+0000] {processor.py:914} INFO - Processing file /home/airflow/.local/lib/python3.12/site-packages/airflow/example_dags/example_complex.py for tasks to queue
[2025-04-11T13:00:05.647+0000] {logging_mixin.py:190} INFO - [2025-04-11T13:00:05.647+0000] {dagbag.py:588} INFO - Filling up the DagBag from /home/airflow/.local/lib/python3.12/site-packages/airflow/example_dags/example_complex.py
[2025-04-11T13:00:05.667+0000] {processor.py:925} INFO - DAG(s) 'example_complex' retrieved from /home/airflow/.local/lib/python3.12/site-packages/airflow/example_dags/example_complex.py
[2025-04-11T13:00:05.718+0000] {logging_mixin.py:190} INFO - [2025-04-11T13:00:05.718+0000] {dag.py:3239} INFO - Sync 1 DAGs
[2025-04-11T13:00:05.739+0000] {logging_mixin.py:190} INFO - [2025-04-11T13:00:05.738+0000] {dag.py:4180} INFO - Setting next_dagrun for example_complex to None, run_after=None
[2025-04-11T13:00:05.768+0000] {processor.py:208} INFO - Processing /home/airflow/.local/lib/python3.12/site-packages/airflow/example_dags/example_complex.py took 0.134 seconds
[2025-04-11T13:00:35.853+0000] {processor.py:186} INFO - Started process (PID=82030) to work on /home/airflow/.local/lib/python3.12/site-packages/airflow/example_dags/example_complex.py
[2025-04-11T13:00:35.855+0000] {processor.py:914} INFO - Processing file /home/airflow/.local/lib/python3.12/site-packages/airflow/example_dags/example_complex.py for tasks to queue
[2025-04-11T13:00:35.857+0000] {logging_mixin.py:190} INFO - [2025-04-11T13:00:35.856+0000] {dagbag.py:588} INFO - Filling up the DagBag from /home/airflow/.local/lib/python3.12/site-packages/airflow/example_dags/example_complex.py
[2025-04-11T13:00:35.873+0000] {processor.py:925} INFO - DAG(s) 'example_complex' retrieved from /home/airflow/.local/lib/python3.12/site-packages/airflow/example_dags/example_complex.py
[2025-04-11T13:00:35.919+0000] {logging_mixin.py:190} INFO - [2025-04-11T13:00:35.918+0000] {dag.py:3239} INFO - Sync 1 DAGs
[2025-04-11T13:00:35.940+0000] {logging_mixin.py:190} INFO - [2025-04-11T13:00:35.939+0000] {dag.py:4180} INFO - Setting next_dagrun for example_complex to None, run_after=None
[2025-04-11T13:00:35.971+0000] {processor.py:208} INFO - Processing /home/airflow/.local/lib/python3.12/site-packages/airflow/example_dags/example_complex.py took 0.128 seconds
[2025-04-11T13:01:06.623+0000] {processor.py:186} INFO - Started process (PID=82095) to work on /home/airflow/.local/lib/python3.12/site-packages/airflow/example_dags/example_complex.py
[2025-04-11T13:01:06.625+0000] {processor.py:914} INFO - Processing file /home/airflow/.local/lib/python3.12/site-packages/airflow/example_dags/example_complex.py for tasks to queue
[2025-04-11T13:01:06.627+0000] {logging_mixin.py:190} INFO - [2025-04-11T13:01:06.627+0000] {dagbag.py:588} INFO - Filling up the DagBag from /home/airflow/.local/lib/python3.12/site-packages/airflow/example_dags/example_complex.py
[2025-04-11T13:01:06.646+0000] {processor.py:925} INFO - DAG(s) 'example_complex' retrieved from /home/airflow/.local/lib/python3.12/site-packages/airflow/example_dags/example_complex.py
[2025-04-11T13:01:06.689+0000] {logging_mixin.py:190} INFO - [2025-04-11T13:01:06.689+0000] {dag.py:3239} INFO - Sync 1 DAGs
[2025-04-11T13:01:06.714+0000] {logging_mixin.py:190} INFO - [2025-04-11T13:01:06.713+0000] {dag.py:4180} INFO - Setting next_dagrun for example_complex to None, run_after=None
[2025-04-11T13:01:06.748+0000] {processor.py:208} INFO - Processing /home/airflow/.local/lib/python3.12/site-packages/airflow/example_dags/example_complex.py took 0.131 seconds
[2025-04-11T13:01:37.384+0000] {processor.py:186} INFO - Started process (PID=82161) to work on /home/airflow/.local/lib/python3.12/site-packages/airflow/example_dags/example_complex.py
[2025-04-11T13:01:37.386+0000] {processor.py:914} INFO - Processing file /home/airflow/.local/lib/python3.12/site-packages/airflow/example_dags/example_complex.py for tasks to queue
[2025-04-11T13:01:37.389+0000] {logging_mixin.py:190} INFO - [2025-04-11T13:01:37.388+0000] {dagbag.py:588} INFO - Filling up the DagBag from /home/airflow/.local/lib/python3.12/site-packages/airflow/example_dags/example_complex.py
[2025-04-11T13:01:37.405+0000] {processor.py:925} INFO - DAG(s) 'example_complex' retrieved from /home/airflow/.local/lib/python3.12/site-packages/airflow/example_dags/example_complex.py
[2025-04-11T13:01:37.477+0000] {logging_mixin.py:190} INFO - [2025-04-11T13:01:37.477+0000] {dag.py:3239} INFO - Sync 1 DAGs
[2025-04-11T13:01:37.504+0000] {logging_mixin.py:190} INFO - [2025-04-11T13:01:37.504+0000] {dag.py:4180} INFO - Setting next_dagrun for example_complex to None, run_after=None
[2025-04-11T13:01:37.541+0000] {processor.py:208} INFO - Processing /home/airflow/.local/lib/python3.12/site-packages/airflow/example_dags/example_complex.py took 0.166 seconds
[2025-04-11T13:02:07.724+0000] {processor.py:186} INFO - Started process (PID=82226) to work on /home/airflow/.local/lib/python3.12/site-packages/airflow/example_dags/example_complex.py
[2025-04-11T13:02:07.725+0000] {processor.py:914} INFO - Processing file /home/airflow/.local/lib/python3.12/site-packages/airflow/example_dags/example_complex.py for tasks to queue
[2025-04-11T13:02:07.728+0000] {logging_mixin.py:190} INFO - [2025-04-11T13:02:07.727+0000] {dagbag.py:588} INFO - Filling up the DagBag from /home/airflow/.local/lib/python3.12/site-packages/airflow/example_dags/example_complex.py
[2025-04-11T13:02:07.748+0000] {processor.py:925} INFO - DAG(s) 'example_complex' retrieved from /home/airflow/.local/lib/python3.12/site-packages/airflow/example_dags/example_complex.py
[2025-04-11T13:02:07.799+0000] {logging_mixin.py:190} INFO - [2025-04-11T13:02:07.799+0000] {dag.py:3239} INFO - Sync 1 DAGs
[2025-04-11T13:02:07.828+0000] {logging_mixin.py:190} INFO - [2025-04-11T13:02:07.828+0000] {dag.py:4180} INFO - Setting next_dagrun for example_complex to None, run_after=None
[2025-04-11T13:02:07.868+0000] {processor.py:208} INFO - Processing /home/airflow/.local/lib/python3.12/site-packages/airflow/example_dags/example_complex.py took 0.152 seconds
[2025-04-11T13:02:38.177+0000] {processor.py:186} INFO - Started process (PID=82291) to work on /home/airflow/.local/lib/python3.12/site-packages/airflow/example_dags/example_complex.py
[2025-04-11T13:02:38.179+0000] {processor.py:914} INFO - Processing file /home/airflow/.local/lib/python3.12/site-packages/airflow/example_dags/example_complex.py for tasks to queue
[2025-04-11T13:02:38.182+0000] {logging_mixin.py:190} INFO - [2025-04-11T13:02:38.182+0000] {dagbag.py:588} INFO - Filling up the DagBag from /home/airflow/.local/lib/python3.12/site-packages/airflow/example_dags/example_complex.py
[2025-04-11T13:02:38.214+0000] {processor.py:925} INFO - DAG(s) 'example_complex' retrieved from /home/airflow/.local/lib/python3.12/site-packages/airflow/example_dags/example_complex.py
[2025-04-11T13:02:38.303+0000] {logging_mixin.py:190} INFO - [2025-04-11T13:02:38.302+0000] {dag.py:3239} INFO - Sync 1 DAGs
[2025-04-11T13:02:38.342+0000] {logging_mixin.py:190} INFO - [2025-04-11T13:02:38.341+0000] {dag.py:4180} INFO - Setting next_dagrun for example_complex to None, run_after=None
[2025-04-11T13:02:38.399+0000] {processor.py:208} INFO - Processing /home/airflow/.local/lib/python3.12/site-packages/airflow/example_dags/example_complex.py took 0.234 seconds
[2025-04-11T13:03:08.683+0000] {processor.py:186} INFO - Started process (PID=82356) to work on /home/airflow/.local/lib/python3.12/site-packages/airflow/example_dags/example_complex.py
[2025-04-11T13:03:08.685+0000] {processor.py:914} INFO - Processing file /home/airflow/.local/lib/python3.12/site-packages/airflow/example_dags/example_complex.py for tasks to queue
[2025-04-11T13:03:08.687+0000] {logging_mixin.py:190} INFO - [2025-04-11T13:03:08.687+0000] {dagbag.py:588} INFO - Filling up the DagBag from /home/airflow/.local/lib/python3.12/site-packages/airflow/example_dags/example_complex.py
[2025-04-11T13:03:08.711+0000] {processor.py:925} INFO - DAG(s) 'example_complex' retrieved from /home/airflow/.local/lib/python3.12/site-packages/airflow/example_dags/example_complex.py
[2025-04-11T13:03:08.777+0000] {logging_mixin.py:190} INFO - [2025-04-11T13:03:08.777+0000] {dag.py:3239} INFO - Sync 1 DAGs
[2025-04-11T13:03:08.815+0000] {logging_mixin.py:190} INFO - [2025-04-11T13:03:08.814+0000] {dag.py:4180} INFO - Setting next_dagrun for example_complex to None, run_after=None
[2025-04-11T13:03:08.853+0000] {processor.py:208} INFO - Processing /home/airflow/.local/lib/python3.12/site-packages/airflow/example_dags/example_complex.py took 0.181 seconds
[2025-04-11T13:03:39.137+0000] {processor.py:186} INFO - Started process (PID=82421) to work on /home/airflow/.local/lib/python3.12/site-packages/airflow/example_dags/example_complex.py
[2025-04-11T13:03:39.139+0000] {processor.py:914} INFO - Processing file /home/airflow/.local/lib/python3.12/site-packages/airflow/example_dags/example_complex.py for tasks to queue
[2025-04-11T13:03:39.141+0000] {logging_mixin.py:190} INFO - [2025-04-11T13:03:39.141+0000] {dagbag.py:588} INFO - Filling up the DagBag from /home/airflow/.local/lib/python3.12/site-packages/airflow/example_dags/example_complex.py
[2025-04-11T13:03:39.158+0000] {processor.py:925} INFO - DAG(s) 'example_complex' retrieved from /home/airflow/.local/lib/python3.12/site-packages/airflow/example_dags/example_complex.py
[2025-04-11T13:03:39.197+0000] {logging_mixin.py:190} INFO - [2025-04-11T13:03:39.197+0000] {dag.py:3239} INFO - Sync 1 DAGs
[2025-04-11T13:03:39.216+0000] {logging_mixin.py:190} INFO - [2025-04-11T13:03:39.216+0000] {dag.py:4180} INFO - Setting next_dagrun for example_complex to None, run_after=None
[2025-04-11T13:03:39.245+0000] {processor.py:208} INFO - Processing /home/airflow/.local/lib/python3.12/site-packages/airflow/example_dags/example_complex.py took 0.118 seconds
[2025-04-11T13:04:09.865+0000] {processor.py:186} INFO - Started process (PID=82486) to work on /home/airflow/.local/lib/python3.12/site-packages/airflow/example_dags/example_complex.py
[2025-04-11T13:04:09.867+0000] {processor.py:914} INFO - Processing file /home/airflow/.local/lib/python3.12/site-packages/airflow/example_dags/example_complex.py for tasks to queue
[2025-04-11T13:04:09.869+0000] {logging_mixin.py:190} INFO - [2025-04-11T13:04:09.868+0000] {dagbag.py:588} INFO - Filling up the DagBag from /home/airflow/.local/lib/python3.12/site-packages/airflow/example_dags/example_complex.py
[2025-04-11T13:04:09.884+0000] {processor.py:925} INFO - DAG(s) 'example_complex' retrieved from /home/airflow/.local/lib/python3.12/site-packages/airflow/example_dags/example_complex.py
[2025-04-11T13:04:09.927+0000] {logging_mixin.py:190} INFO - [2025-04-11T13:04:09.926+0000] {dag.py:3239} INFO - Sync 1 DAGs
[2025-04-11T13:04:09.946+0000] {logging_mixin.py:190} INFO - [2025-04-11T13:04:09.945+0000] {dag.py:4180} INFO - Setting next_dagrun for example_complex to None, run_after=None
[2025-04-11T13:04:09.976+0000] {processor.py:208} INFO - Processing /home/airflow/.local/lib/python3.12/site-packages/airflow/example_dags/example_complex.py took 0.123 seconds
[2025-04-11T13:04:40.545+0000] {processor.py:186} INFO - Started process (PID=82551) to work on /home/airflow/.local/lib/python3.12/site-packages/airflow/example_dags/example_complex.py
[2025-04-11T13:04:40.546+0000] {processor.py:914} INFO - Processing file /home/airflow/.local/lib/python3.12/site-packages/airflow/example_dags/example_complex.py for tasks to queue
[2025-04-11T13:04:40.549+0000] {logging_mixin.py:190} INFO - [2025-04-11T13:04:40.548+0000] {dagbag.py:588} INFO - Filling up the DagBag from /home/airflow/.local/lib/python3.12/site-packages/airflow/example_dags/example_complex.py
[2025-04-11T13:04:40.565+0000] {processor.py:925} INFO - DAG(s) 'example_complex' retrieved from /home/airflow/.local/lib/python3.12/site-packages/airflow/example_dags/example_complex.py
[2025-04-11T13:04:40.608+0000] {logging_mixin.py:190} INFO - [2025-04-11T13:04:40.608+0000] {dag.py:3239} INFO - Sync 1 DAGs
[2025-04-11T13:04:40.633+0000] {logging_mixin.py:190} INFO - [2025-04-11T13:04:40.632+0000] {dag.py:4180} INFO - Setting next_dagrun for example_complex to None, run_after=None
[2025-04-11T13:04:40.669+0000] {processor.py:208} INFO - Processing /home/airflow/.local/lib/python3.12/site-packages/airflow/example_dags/example_complex.py took 0.134 seconds
[2025-04-11T13:05:11.500+0000] {processor.py:186} INFO - Started process (PID=82616) to work on /home/airflow/.local/lib/python3.12/site-packages/airflow/example_dags/example_complex.py
[2025-04-11T13:05:11.502+0000] {processor.py:914} INFO - Processing file /home/airflow/.local/lib/python3.12/site-packages/airflow/example_dags/example_complex.py for tasks to queue
[2025-04-11T13:05:11.506+0000] {logging_mixin.py:190} INFO - [2025-04-11T13:05:11.505+0000] {dagbag.py:588} INFO - Filling up the DagBag from /home/airflow/.local/lib/python3.12/site-packages/airflow/example_dags/example_complex.py
[2025-04-11T13:05:11.555+0000] {processor.py:925} INFO - DAG(s) 'example_complex' retrieved from /home/airflow/.local/lib/python3.12/site-packages/airflow/example_dags/example_complex.py
[2025-04-11T13:05:11.671+0000] {logging_mixin.py:190} INFO - [2025-04-11T13:05:11.670+0000] {dag.py:3239} INFO - Sync 1 DAGs
[2025-04-11T13:05:11.727+0000] {logging_mixin.py:190} INFO - [2025-04-11T13:05:11.719+0000] {dag.py:4180} INFO - Setting next_dagrun for example_complex to None, run_after=None
[2025-04-11T13:05:11.789+0000] {processor.py:208} INFO - Processing /home/airflow/.local/lib/python3.12/site-packages/airflow/example_dags/example_complex.py took 0.310 seconds
[2025-04-11T13:05:41.874+0000] {processor.py:186} INFO - Started process (PID=82681) to work on /home/airflow/.local/lib/python3.12/site-packages/airflow/example_dags/example_complex.py
[2025-04-11T13:05:41.876+0000] {processor.py:914} INFO - Processing file /home/airflow/.local/lib/python3.12/site-packages/airflow/example_dags/example_complex.py for tasks to queue
[2025-04-11T13:05:41.879+0000] {logging_mixin.py:190} INFO - [2025-04-11T13:05:41.878+0000] {dagbag.py:588} INFO - Filling up the DagBag from /home/airflow/.local/lib/python3.12/site-packages/airflow/example_dags/example_complex.py
[2025-04-11T13:05:41.895+0000] {processor.py:925} INFO - DAG(s) 'example_complex' retrieved from /home/airflow/.local/lib/python3.12/site-packages/airflow/example_dags/example_complex.py
[2025-04-11T13:05:41.945+0000] {logging_mixin.py:190} INFO - [2025-04-11T13:05:41.944+0000] {dag.py:3239} INFO - Sync 1 DAGs
[2025-04-11T13:05:41.972+0000] {logging_mixin.py:190} INFO - [2025-04-11T13:05:41.971+0000] {dag.py:4180} INFO - Setting next_dagrun for example_complex to None, run_after=None
[2025-04-11T13:05:42.002+0000] {processor.py:208} INFO - Processing /home/airflow/.local/lib/python3.12/site-packages/airflow/example_dags/example_complex.py took 0.138 seconds
[2025-04-11T13:06:12.105+0000] {processor.py:186} INFO - Started process (PID=82744) to work on /home/airflow/.local/lib/python3.12/site-packages/airflow/example_dags/example_complex.py
[2025-04-11T13:06:12.107+0000] {processor.py:914} INFO - Processing file /home/airflow/.local/lib/python3.12/site-packages/airflow/example_dags/example_complex.py for tasks to queue
[2025-04-11T13:06:12.110+0000] {logging_mixin.py:190} INFO - [2025-04-11T13:06:12.109+0000] {dagbag.py:588} INFO - Filling up the DagBag from /home/airflow/.local/lib/python3.12/site-packages/airflow/example_dags/example_complex.py
[2025-04-11T13:06:12.130+0000] {processor.py:925} INFO - DAG(s) 'example_complex' retrieved from /home/airflow/.local/lib/python3.12/site-packages/airflow/example_dags/example_complex.py
[2025-04-11T13:06:12.178+0000] {logging_mixin.py:190} INFO - [2025-04-11T13:06:12.178+0000] {dag.py:3239} INFO - Sync 1 DAGs
[2025-04-11T13:06:12.200+0000] {logging_mixin.py:190} INFO - [2025-04-11T13:06:12.200+0000] {dag.py:4180} INFO - Setting next_dagrun for example_complex to None, run_after=None
[2025-04-11T13:06:12.238+0000] {processor.py:208} INFO - Processing /home/airflow/.local/lib/python3.12/site-packages/airflow/example_dags/example_complex.py took 0.140 seconds
[2025-04-11T13:06:42.428+0000] {processor.py:186} INFO - Started process (PID=82809) to work on /home/airflow/.local/lib/python3.12/site-packages/airflow/example_dags/example_complex.py
[2025-04-11T13:06:42.430+0000] {processor.py:914} INFO - Processing file /home/airflow/.local/lib/python3.12/site-packages/airflow/example_dags/example_complex.py for tasks to queue
[2025-04-11T13:06:42.433+0000] {logging_mixin.py:190} INFO - [2025-04-11T13:06:42.432+0000] {dagbag.py:588} INFO - Filling up the DagBag from /home/airflow/.local/lib/python3.12/site-packages/airflow/example_dags/example_complex.py
[2025-04-11T13:06:42.454+0000] {processor.py:925} INFO - DAG(s) 'example_complex' retrieved from /home/airflow/.local/lib/python3.12/site-packages/airflow/example_dags/example_complex.py
[2025-04-11T13:06:42.509+0000] {logging_mixin.py:190} INFO - [2025-04-11T13:06:42.508+0000] {dag.py:3239} INFO - Sync 1 DAGs
[2025-04-11T13:06:42.547+0000] {logging_mixin.py:190} INFO - [2025-04-11T13:06:42.547+0000] {dag.py:4180} INFO - Setting next_dagrun for example_complex to None, run_after=None
[2025-04-11T13:06:42.590+0000] {processor.py:208} INFO - Processing /home/airflow/.local/lib/python3.12/site-packages/airflow/example_dags/example_complex.py took 0.171 seconds
[2025-04-11T13:07:13.180+0000] {processor.py:186} INFO - Started process (PID=82871) to work on /home/airflow/.local/lib/python3.12/site-packages/airflow/example_dags/example_complex.py
[2025-04-11T13:07:13.182+0000] {processor.py:914} INFO - Processing file /home/airflow/.local/lib/python3.12/site-packages/airflow/example_dags/example_complex.py for tasks to queue
[2025-04-11T13:07:13.184+0000] {logging_mixin.py:190} INFO - [2025-04-11T13:07:13.184+0000] {dagbag.py:588} INFO - Filling up the DagBag from /home/airflow/.local/lib/python3.12/site-packages/airflow/example_dags/example_complex.py
[2025-04-11T13:07:13.209+0000] {processor.py:925} INFO - DAG(s) 'example_complex' retrieved from /home/airflow/.local/lib/python3.12/site-packages/airflow/example_dags/example_complex.py
[2025-04-11T13:07:13.277+0000] {logging_mixin.py:190} INFO - [2025-04-11T13:07:13.277+0000] {dag.py:3239} INFO - Sync 1 DAGs
[2025-04-11T13:07:13.314+0000] {logging_mixin.py:190} INFO - [2025-04-11T13:07:13.313+0000] {dag.py:4180} INFO - Setting next_dagrun for example_complex to None, run_after=None
[2025-04-11T13:07:13.355+0000] {processor.py:208} INFO - Processing /home/airflow/.local/lib/python3.12/site-packages/airflow/example_dags/example_complex.py took 0.183 seconds
[2025-04-11T13:07:43.774+0000] {processor.py:186} INFO - Started process (PID=82935) to work on /home/airflow/.local/lib/python3.12/site-packages/airflow/example_dags/example_complex.py
[2025-04-11T13:07:43.776+0000] {processor.py:914} INFO - Processing file /home/airflow/.local/lib/python3.12/site-packages/airflow/example_dags/example_complex.py for tasks to queue
[2025-04-11T13:07:43.778+0000] {logging_mixin.py:190} INFO - [2025-04-11T13:07:43.778+0000] {dagbag.py:588} INFO - Filling up the DagBag from /home/airflow/.local/lib/python3.12/site-packages/airflow/example_dags/example_complex.py
[2025-04-11T13:07:43.798+0000] {processor.py:925} INFO - DAG(s) 'example_complex' retrieved from /home/airflow/.local/lib/python3.12/site-packages/airflow/example_dags/example_complex.py
[2025-04-11T13:07:43.844+0000] {logging_mixin.py:190} INFO - [2025-04-11T13:07:43.843+0000] {dag.py:3239} INFO - Sync 1 DAGs
[2025-04-11T13:07:43.864+0000] {logging_mixin.py:190} INFO - [2025-04-11T13:07:43.863+0000] {dag.py:4180} INFO - Setting next_dagrun for example_complex to None, run_after=None
[2025-04-11T13:07:43.899+0000] {processor.py:208} INFO - Processing /home/airflow/.local/lib/python3.12/site-packages/airflow/example_dags/example_complex.py took 0.132 seconds
[2025-04-11T13:08:14.815+0000] {processor.py:186} INFO - Started process (PID=83000) to work on /home/airflow/.local/lib/python3.12/site-packages/airflow/example_dags/example_complex.py
[2025-04-11T13:08:14.817+0000] {processor.py:914} INFO - Processing file /home/airflow/.local/lib/python3.12/site-packages/airflow/example_dags/example_complex.py for tasks to queue
[2025-04-11T13:08:14.819+0000] {logging_mixin.py:190} INFO - [2025-04-11T13:08:14.819+0000] {dagbag.py:588} INFO - Filling up the DagBag from /home/airflow/.local/lib/python3.12/site-packages/airflow/example_dags/example_complex.py
[2025-04-11T13:08:14.855+0000] {processor.py:925} INFO - DAG(s) 'example_complex' retrieved from /home/airflow/.local/lib/python3.12/site-packages/airflow/example_dags/example_complex.py
[2025-04-11T13:08:14.894+0000] {logging_mixin.py:190} INFO - [2025-04-11T13:08:14.894+0000] {dag.py:3239} INFO - Sync 1 DAGs
[2025-04-11T13:08:14.915+0000] {logging_mixin.py:190} INFO - [2025-04-11T13:08:14.914+0000] {dag.py:4180} INFO - Setting next_dagrun for example_complex to None, run_after=None
[2025-04-11T13:08:14.947+0000] {processor.py:208} INFO - Processing /home/airflow/.local/lib/python3.12/site-packages/airflow/example_dags/example_complex.py took 0.141 seconds
[2025-04-11T13:08:45.520+0000] {processor.py:186} INFO - Started process (PID=83066) to work on /home/airflow/.local/lib/python3.12/site-packages/airflow/example_dags/example_complex.py
[2025-04-11T13:08:45.523+0000] {processor.py:914} INFO - Processing file /home/airflow/.local/lib/python3.12/site-packages/airflow/example_dags/example_complex.py for tasks to queue
[2025-04-11T13:08:45.526+0000] {logging_mixin.py:190} INFO - [2025-04-11T13:08:45.525+0000] {dagbag.py:588} INFO - Filling up the DagBag from /home/airflow/.local/lib/python3.12/site-packages/airflow/example_dags/example_complex.py
[2025-04-11T13:08:45.582+0000] {processor.py:925} INFO - DAG(s) 'example_complex' retrieved from /home/airflow/.local/lib/python3.12/site-packages/airflow/example_dags/example_complex.py
[2025-04-11T13:08:45.656+0000] {logging_mixin.py:190} INFO - [2025-04-11T13:08:45.656+0000] {dag.py:3239} INFO - Sync 1 DAGs
[2025-04-11T13:08:45.687+0000] {logging_mixin.py:190} INFO - [2025-04-11T13:08:45.686+0000] {dag.py:4180} INFO - Setting next_dagrun for example_complex to None, run_after=None
[2025-04-11T13:08:45.732+0000] {processor.py:208} INFO - Processing /home/airflow/.local/lib/python3.12/site-packages/airflow/example_dags/example_complex.py took 0.228 seconds
[2025-04-11T13:09:16.312+0000] {processor.py:186} INFO - Started process (PID=83131) to work on /home/airflow/.local/lib/python3.12/site-packages/airflow/example_dags/example_complex.py
[2025-04-11T13:09:16.313+0000] {processor.py:914} INFO - Processing file /home/airflow/.local/lib/python3.12/site-packages/airflow/example_dags/example_complex.py for tasks to queue
[2025-04-11T13:09:16.316+0000] {logging_mixin.py:190} INFO - [2025-04-11T13:09:16.315+0000] {dagbag.py:588} INFO - Filling up the DagBag from /home/airflow/.local/lib/python3.12/site-packages/airflow/example_dags/example_complex.py
[2025-04-11T13:09:16.331+0000] {processor.py:925} INFO - DAG(s) 'example_complex' retrieved from /home/airflow/.local/lib/python3.12/site-packages/airflow/example_dags/example_complex.py
[2025-04-11T13:09:16.372+0000] {logging_mixin.py:190} INFO - [2025-04-11T13:09:16.371+0000] {dag.py:3239} INFO - Sync 1 DAGs
[2025-04-11T13:09:16.397+0000] {logging_mixin.py:190} INFO - [2025-04-11T13:09:16.396+0000] {dag.py:4180} INFO - Setting next_dagrun for example_complex to None, run_after=None
[2025-04-11T13:09:16.437+0000] {processor.py:208} INFO - Processing /home/airflow/.local/lib/python3.12/site-packages/airflow/example_dags/example_complex.py took 0.134 seconds
[2025-04-11T13:09:46.522+0000] {processor.py:186} INFO - Started process (PID=83196) to work on /home/airflow/.local/lib/python3.12/site-packages/airflow/example_dags/example_complex.py
[2025-04-11T13:09:46.525+0000] {processor.py:914} INFO - Processing file /home/airflow/.local/lib/python3.12/site-packages/airflow/example_dags/example_complex.py for tasks to queue
[2025-04-11T13:09:46.527+0000] {logging_mixin.py:190} INFO - [2025-04-11T13:09:46.527+0000] {dagbag.py:588} INFO - Filling up the DagBag from /home/airflow/.local/lib/python3.12/site-packages/airflow/example_dags/example_complex.py
[2025-04-11T13:09:46.543+0000] {processor.py:925} INFO - DAG(s) 'example_complex' retrieved from /home/airflow/.local/lib/python3.12/site-packages/airflow/example_dags/example_complex.py
[2025-04-11T13:09:46.592+0000] {logging_mixin.py:190} INFO - [2025-04-11T13:09:46.592+0000] {dag.py:3239} INFO - Sync 1 DAGs
[2025-04-11T13:09:46.613+0000] {logging_mixin.py:190} INFO - [2025-04-11T13:09:46.613+0000] {dag.py:4180} INFO - Setting next_dagrun for example_complex to None, run_after=None
[2025-04-11T13:09:46.651+0000] {processor.py:208} INFO - Processing /home/airflow/.local/lib/python3.12/site-packages/airflow/example_dags/example_complex.py took 0.138 seconds
[2025-04-11T13:10:17.429+0000] {processor.py:186} INFO - Started process (PID=83261) to work on /home/airflow/.local/lib/python3.12/site-packages/airflow/example_dags/example_complex.py
[2025-04-11T13:10:17.431+0000] {processor.py:914} INFO - Processing file /home/airflow/.local/lib/python3.12/site-packages/airflow/example_dags/example_complex.py for tasks to queue
[2025-04-11T13:10:17.433+0000] {logging_mixin.py:190} INFO - [2025-04-11T13:10:17.433+0000] {dagbag.py:588} INFO - Filling up the DagBag from /home/airflow/.local/lib/python3.12/site-packages/airflow/example_dags/example_complex.py
[2025-04-11T13:10:17.456+0000] {processor.py:925} INFO - DAG(s) 'example_complex' retrieved from /home/airflow/.local/lib/python3.12/site-packages/airflow/example_dags/example_complex.py
[2025-04-11T13:10:17.513+0000] {logging_mixin.py:190} INFO - [2025-04-11T13:10:17.512+0000] {dag.py:3239} INFO - Sync 1 DAGs
[2025-04-11T13:10:17.539+0000] {logging_mixin.py:190} INFO - [2025-04-11T13:10:17.538+0000] {dag.py:4180} INFO - Setting next_dagrun for example_complex to None, run_after=None
[2025-04-11T13:10:17.573+0000] {processor.py:208} INFO - Processing /home/airflow/.local/lib/python3.12/site-packages/airflow/example_dags/example_complex.py took 0.154 seconds
[2025-04-11T13:10:48.043+0000] {processor.py:186} INFO - Started process (PID=83326) to work on /home/airflow/.local/lib/python3.12/site-packages/airflow/example_dags/example_complex.py
[2025-04-11T13:10:48.045+0000] {processor.py:914} INFO - Processing file /home/airflow/.local/lib/python3.12/site-packages/airflow/example_dags/example_complex.py for tasks to queue
[2025-04-11T13:10:48.048+0000] {logging_mixin.py:190} INFO - [2025-04-11T13:10:48.047+0000] {dagbag.py:588} INFO - Filling up the DagBag from /home/airflow/.local/lib/python3.12/site-packages/airflow/example_dags/example_complex.py
[2025-04-11T13:10:48.082+0000] {processor.py:925} INFO - DAG(s) 'example_complex' retrieved from /home/airflow/.local/lib/python3.12/site-packages/airflow/example_dags/example_complex.py
[2025-04-11T13:10:48.160+0000] {logging_mixin.py:190} INFO - [2025-04-11T13:10:48.159+0000] {dag.py:3239} INFO - Sync 1 DAGs
[2025-04-11T13:10:48.198+0000] {logging_mixin.py:190} INFO - [2025-04-11T13:10:48.197+0000] {dag.py:4180} INFO - Setting next_dagrun for example_complex to None, run_after=None
[2025-04-11T13:10:48.236+0000] {processor.py:208} INFO - Processing /home/airflow/.local/lib/python3.12/site-packages/airflow/example_dags/example_complex.py took 0.211 seconds
[2025-04-11T13:11:18.644+0000] {processor.py:186} INFO - Started process (PID=83391) to work on /home/airflow/.local/lib/python3.12/site-packages/airflow/example_dags/example_complex.py
[2025-04-11T13:11:18.646+0000] {processor.py:914} INFO - Processing file /home/airflow/.local/lib/python3.12/site-packages/airflow/example_dags/example_complex.py for tasks to queue
[2025-04-11T13:11:18.649+0000] {logging_mixin.py:190} INFO - [2025-04-11T13:11:18.648+0000] {dagbag.py:588} INFO - Filling up the DagBag from /home/airflow/.local/lib/python3.12/site-packages/airflow/example_dags/example_complex.py
[2025-04-11T13:11:18.666+0000] {processor.py:925} INFO - DAG(s) 'example_complex' retrieved from /home/airflow/.local/lib/python3.12/site-packages/airflow/example_dags/example_complex.py
[2025-04-11T13:11:18.711+0000] {logging_mixin.py:190} INFO - [2025-04-11T13:11:18.711+0000] {dag.py:3239} INFO - Sync 1 DAGs
[2025-04-11T13:11:18.734+0000] {logging_mixin.py:190} INFO - [2025-04-11T13:11:18.734+0000] {dag.py:4180} INFO - Setting next_dagrun for example_complex to None, run_after=None
[2025-04-11T13:11:18.768+0000] {processor.py:208} INFO - Processing /home/airflow/.local/lib/python3.12/site-packages/airflow/example_dags/example_complex.py took 0.133 seconds
[2025-04-11T13:11:49.105+0000] {processor.py:186} INFO - Started process (PID=83456) to work on /home/airflow/.local/lib/python3.12/site-packages/airflow/example_dags/example_complex.py
[2025-04-11T13:11:49.110+0000] {processor.py:914} INFO - Processing file /home/airflow/.local/lib/python3.12/site-packages/airflow/example_dags/example_complex.py for tasks to queue
[2025-04-11T13:11:49.113+0000] {logging_mixin.py:190} INFO - [2025-04-11T13:11:49.113+0000] {dagbag.py:588} INFO - Filling up the DagBag from /home/airflow/.local/lib/python3.12/site-packages/airflow/example_dags/example_complex.py
[2025-04-11T13:11:49.168+0000] {processor.py:925} INFO - DAG(s) 'example_complex' retrieved from /home/airflow/.local/lib/python3.12/site-packages/airflow/example_dags/example_complex.py
[2025-04-11T13:11:49.298+0000] {logging_mixin.py:190} INFO - [2025-04-11T13:11:49.298+0000] {dag.py:3239} INFO - Sync 1 DAGs
[2025-04-11T13:11:49.365+0000] {logging_mixin.py:190} INFO - [2025-04-11T13:11:49.364+0000] {dag.py:4180} INFO - Setting next_dagrun for example_complex to None, run_after=None
[2025-04-11T13:11:49.467+0000] {processor.py:208} INFO - Processing /home/airflow/.local/lib/python3.12/site-packages/airflow/example_dags/example_complex.py took 0.384 seconds
[2025-04-11T13:12:20.192+0000] {processor.py:186} INFO - Started process (PID=83518) to work on /home/airflow/.local/lib/python3.12/site-packages/airflow/example_dags/example_complex.py
[2025-04-11T13:12:20.198+0000] {processor.py:914} INFO - Processing file /home/airflow/.local/lib/python3.12/site-packages/airflow/example_dags/example_complex.py for tasks to queue
[2025-04-11T13:12:20.206+0000] {logging_mixin.py:190} INFO - [2025-04-11T13:12:20.204+0000] {dagbag.py:588} INFO - Filling up the DagBag from /home/airflow/.local/lib/python3.12/site-packages/airflow/example_dags/example_complex.py
[2025-04-11T13:12:20.268+0000] {processor.py:925} INFO - DAG(s) 'example_complex' retrieved from /home/airflow/.local/lib/python3.12/site-packages/airflow/example_dags/example_complex.py
[2025-04-11T13:12:20.390+0000] {logging_mixin.py:190} INFO - [2025-04-11T13:12:20.387+0000] {dag.py:3239} INFO - Sync 1 DAGs
[2025-04-11T13:12:20.458+0000] {logging_mixin.py:190} INFO - [2025-04-11T13:12:20.458+0000] {dag.py:4180} INFO - Setting next_dagrun for example_complex to None, run_after=None
[2025-04-11T13:12:20.550+0000] {processor.py:208} INFO - Processing /home/airflow/.local/lib/python3.12/site-packages/airflow/example_dags/example_complex.py took 0.380 seconds
[2025-04-11T13:12:51.068+0000] {processor.py:186} INFO - Started process (PID=83582) to work on /home/airflow/.local/lib/python3.12/site-packages/airflow/example_dags/example_complex.py
[2025-04-11T13:12:51.070+0000] {processor.py:914} INFO - Processing file /home/airflow/.local/lib/python3.12/site-packages/airflow/example_dags/example_complex.py for tasks to queue
[2025-04-11T13:12:51.074+0000] {logging_mixin.py:190} INFO - [2025-04-11T13:12:51.073+0000] {dagbag.py:588} INFO - Filling up the DagBag from /home/airflow/.local/lib/python3.12/site-packages/airflow/example_dags/example_complex.py
[2025-04-11T13:12:51.108+0000] {processor.py:925} INFO - DAG(s) 'example_complex' retrieved from /home/airflow/.local/lib/python3.12/site-packages/airflow/example_dags/example_complex.py
[2025-04-11T13:12:51.238+0000] {logging_mixin.py:190} INFO - [2025-04-11T13:12:51.237+0000] {dag.py:3239} INFO - Sync 1 DAGs
[2025-04-11T13:12:51.304+0000] {logging_mixin.py:190} INFO - [2025-04-11T13:12:51.304+0000] {dag.py:4180} INFO - Setting next_dagrun for example_complex to None, run_after=None
[2025-04-11T13:12:51.381+0000] {processor.py:208} INFO - Processing /home/airflow/.local/lib/python3.12/site-packages/airflow/example_dags/example_complex.py took 0.334 seconds
[2025-04-11T13:13:21.918+0000] {processor.py:186} INFO - Started process (PID=83645) to work on /home/airflow/.local/lib/python3.12/site-packages/airflow/example_dags/example_complex.py
[2025-04-11T13:13:21.920+0000] {processor.py:914} INFO - Processing file /home/airflow/.local/lib/python3.12/site-packages/airflow/example_dags/example_complex.py for tasks to queue
[2025-04-11T13:13:21.922+0000] {logging_mixin.py:190} INFO - [2025-04-11T13:13:21.922+0000] {dagbag.py:588} INFO - Filling up the DagBag from /home/airflow/.local/lib/python3.12/site-packages/airflow/example_dags/example_complex.py
[2025-04-11T13:13:21.943+0000] {processor.py:925} INFO - DAG(s) 'example_complex' retrieved from /home/airflow/.local/lib/python3.12/site-packages/airflow/example_dags/example_complex.py
[2025-04-11T13:13:21.994+0000] {logging_mixin.py:190} INFO - [2025-04-11T13:13:21.993+0000] {dag.py:3239} INFO - Sync 1 DAGs
[2025-04-11T13:13:22.014+0000] {logging_mixin.py:190} INFO - [2025-04-11T13:13:22.014+0000] {dag.py:4180} INFO - Setting next_dagrun for example_complex to None, run_after=None
[2025-04-11T13:13:22.048+0000] {processor.py:208} INFO - Processing /home/airflow/.local/lib/python3.12/site-packages/airflow/example_dags/example_complex.py took 0.141 seconds
[2025-04-11T13:13:52.611+0000] {processor.py:186} INFO - Started process (PID=83710) to work on /home/airflow/.local/lib/python3.12/site-packages/airflow/example_dags/example_complex.py
[2025-04-11T13:13:52.613+0000] {processor.py:914} INFO - Processing file /home/airflow/.local/lib/python3.12/site-packages/airflow/example_dags/example_complex.py for tasks to queue
[2025-04-11T13:13:52.615+0000] {logging_mixin.py:190} INFO - [2025-04-11T13:13:52.614+0000] {dagbag.py:588} INFO - Filling up the DagBag from /home/airflow/.local/lib/python3.12/site-packages/airflow/example_dags/example_complex.py
[2025-04-11T13:13:52.638+0000] {processor.py:925} INFO - DAG(s) 'example_complex' retrieved from /home/airflow/.local/lib/python3.12/site-packages/airflow/example_dags/example_complex.py
[2025-04-11T13:13:52.710+0000] {logging_mixin.py:190} INFO - [2025-04-11T13:13:52.710+0000] {dag.py:3239} INFO - Sync 1 DAGs
[2025-04-11T13:13:52.744+0000] {logging_mixin.py:190} INFO - [2025-04-11T13:13:52.744+0000] {dag.py:4180} INFO - Setting next_dagrun for example_complex to None, run_after=None
[2025-04-11T13:13:52.787+0000] {processor.py:208} INFO - Processing /home/airflow/.local/lib/python3.12/site-packages/airflow/example_dags/example_complex.py took 0.184 seconds
[2025-04-11T13:14:23.121+0000] {processor.py:186} INFO - Started process (PID=83773) to work on /home/airflow/.local/lib/python3.12/site-packages/airflow/example_dags/example_complex.py
[2025-04-11T13:14:23.124+0000] {processor.py:914} INFO - Processing file /home/airflow/.local/lib/python3.12/site-packages/airflow/example_dags/example_complex.py for tasks to queue
[2025-04-11T13:14:23.127+0000] {logging_mixin.py:190} INFO - [2025-04-11T13:14:23.126+0000] {dagbag.py:588} INFO - Filling up the DagBag from /home/airflow/.local/lib/python3.12/site-packages/airflow/example_dags/example_complex.py
[2025-04-11T13:14:23.168+0000] {processor.py:925} INFO - DAG(s) 'example_complex' retrieved from /home/airflow/.local/lib/python3.12/site-packages/airflow/example_dags/example_complex.py
[2025-04-11T13:14:23.232+0000] {logging_mixin.py:190} INFO - [2025-04-11T13:14:23.232+0000] {dag.py:3239} INFO - Sync 1 DAGs
[2025-04-11T13:14:23.255+0000] {logging_mixin.py:190} INFO - [2025-04-11T13:14:23.255+0000] {dag.py:4180} INFO - Setting next_dagrun for example_complex to None, run_after=None
[2025-04-11T13:14:23.286+0000] {processor.py:208} INFO - Processing /home/airflow/.local/lib/python3.12/site-packages/airflow/example_dags/example_complex.py took 0.184 seconds
[2025-04-11T13:14:53.766+0000] {processor.py:186} INFO - Started process (PID=83838) to work on /home/airflow/.local/lib/python3.12/site-packages/airflow/example_dags/example_complex.py
[2025-04-11T13:14:53.767+0000] {processor.py:914} INFO - Processing file /home/airflow/.local/lib/python3.12/site-packages/airflow/example_dags/example_complex.py for tasks to queue
[2025-04-11T13:14:53.770+0000] {logging_mixin.py:190} INFO - [2025-04-11T13:14:53.769+0000] {dagbag.py:588} INFO - Filling up the DagBag from /home/airflow/.local/lib/python3.12/site-packages/airflow/example_dags/example_complex.py
[2025-04-11T13:14:53.785+0000] {processor.py:925} INFO - DAG(s) 'example_complex' retrieved from /home/airflow/.local/lib/python3.12/site-packages/airflow/example_dags/example_complex.py
[2025-04-11T13:14:53.829+0000] {logging_mixin.py:190} INFO - [2025-04-11T13:14:53.829+0000] {dag.py:3239} INFO - Sync 1 DAGs
[2025-04-11T13:14:53.849+0000] {logging_mixin.py:190} INFO - [2025-04-11T13:14:53.848+0000] {dag.py:4180} INFO - Setting next_dagrun for example_complex to None, run_after=None
[2025-04-11T13:14:53.881+0000] {processor.py:208} INFO - Processing /home/airflow/.local/lib/python3.12/site-packages/airflow/example_dags/example_complex.py took 0.122 seconds
[2025-04-11T13:15:24.076+0000] {processor.py:186} INFO - Started process (PID=83902) to work on /home/airflow/.local/lib/python3.12/site-packages/airflow/example_dags/example_complex.py
[2025-04-11T13:15:24.078+0000] {processor.py:914} INFO - Processing file /home/airflow/.local/lib/python3.12/site-packages/airflow/example_dags/example_complex.py for tasks to queue
[2025-04-11T13:15:24.080+0000] {logging_mixin.py:190} INFO - [2025-04-11T13:15:24.080+0000] {dagbag.py:588} INFO - Filling up the DagBag from /home/airflow/.local/lib/python3.12/site-packages/airflow/example_dags/example_complex.py
[2025-04-11T13:15:24.107+0000] {processor.py:925} INFO - DAG(s) 'example_complex' retrieved from /home/airflow/.local/lib/python3.12/site-packages/airflow/example_dags/example_complex.py
[2025-04-11T13:15:24.153+0000] {logging_mixin.py:190} INFO - [2025-04-11T13:15:24.153+0000] {dag.py:3239} INFO - Sync 1 DAGs
[2025-04-11T13:15:24.175+0000] {logging_mixin.py:190} INFO - [2025-04-11T13:15:24.174+0000] {dag.py:4180} INFO - Setting next_dagrun for example_complex to None, run_after=None
[2025-04-11T13:15:24.209+0000] {processor.py:208} INFO - Processing /home/airflow/.local/lib/python3.12/site-packages/airflow/example_dags/example_complex.py took 0.139 seconds
[2025-04-11T13:15:54.502+0000] {processor.py:186} INFO - Started process (PID=83964) to work on /home/airflow/.local/lib/python3.12/site-packages/airflow/example_dags/example_complex.py
[2025-04-11T13:15:54.505+0000] {processor.py:914} INFO - Processing file /home/airflow/.local/lib/python3.12/site-packages/airflow/example_dags/example_complex.py for tasks to queue
[2025-04-11T13:15:54.508+0000] {logging_mixin.py:190} INFO - [2025-04-11T13:15:54.507+0000] {dagbag.py:588} INFO - Filling up the DagBag from /home/airflow/.local/lib/python3.12/site-packages/airflow/example_dags/example_complex.py
[2025-04-11T13:15:54.528+0000] {processor.py:925} INFO - DAG(s) 'example_complex' retrieved from /home/airflow/.local/lib/python3.12/site-packages/airflow/example_dags/example_complex.py
[2025-04-11T13:15:54.567+0000] {logging_mixin.py:190} INFO - [2025-04-11T13:15:54.566+0000] {dag.py:3239} INFO - Sync 1 DAGs
[2025-04-11T13:15:54.586+0000] {logging_mixin.py:190} INFO - [2025-04-11T13:15:54.586+0000] {dag.py:4180} INFO - Setting next_dagrun for example_complex to None, run_after=None
[2025-04-11T13:15:54.617+0000] {processor.py:208} INFO - Processing /home/airflow/.local/lib/python3.12/site-packages/airflow/example_dags/example_complex.py took 0.129 seconds
[2025-04-11T13:16:24.785+0000] {processor.py:186} INFO - Started process (PID=84029) to work on /home/airflow/.local/lib/python3.12/site-packages/airflow/example_dags/example_complex.py
[2025-04-11T13:16:24.787+0000] {processor.py:914} INFO - Processing file /home/airflow/.local/lib/python3.12/site-packages/airflow/example_dags/example_complex.py for tasks to queue
[2025-04-11T13:16:24.790+0000] {logging_mixin.py:190} INFO - [2025-04-11T13:16:24.789+0000] {dagbag.py:588} INFO - Filling up the DagBag from /home/airflow/.local/lib/python3.12/site-packages/airflow/example_dags/example_complex.py
[2025-04-11T13:16:24.814+0000] {processor.py:925} INFO - DAG(s) 'example_complex' retrieved from /home/airflow/.local/lib/python3.12/site-packages/airflow/example_dags/example_complex.py
[2025-04-11T13:16:24.880+0000] {logging_mixin.py:190} INFO - [2025-04-11T13:16:24.879+0000] {dag.py:3239} INFO - Sync 1 DAGs
[2025-04-11T13:16:24.909+0000] {logging_mixin.py:190} INFO - [2025-04-11T13:16:24.909+0000] {dag.py:4180} INFO - Setting next_dagrun for example_complex to None, run_after=None
[2025-04-11T13:16:24.950+0000] {processor.py:208} INFO - Processing /home/airflow/.local/lib/python3.12/site-packages/airflow/example_dags/example_complex.py took 0.175 seconds
[2025-04-11T13:16:55.533+0000] {processor.py:186} INFO - Started process (PID=84094) to work on /home/airflow/.local/lib/python3.12/site-packages/airflow/example_dags/example_complex.py
[2025-04-11T13:16:55.536+0000] {processor.py:914} INFO - Processing file /home/airflow/.local/lib/python3.12/site-packages/airflow/example_dags/example_complex.py for tasks to queue
[2025-04-11T13:16:55.542+0000] {logging_mixin.py:190} INFO - [2025-04-11T13:16:55.540+0000] {dagbag.py:588} INFO - Filling up the DagBag from /home/airflow/.local/lib/python3.12/site-packages/airflow/example_dags/example_complex.py
[2025-04-11T13:16:55.573+0000] {processor.py:925} INFO - DAG(s) 'example_complex' retrieved from /home/airflow/.local/lib/python3.12/site-packages/airflow/example_dags/example_complex.py
[2025-04-11T13:16:55.647+0000] {logging_mixin.py:190} INFO - [2025-04-11T13:16:55.646+0000] {dag.py:3239} INFO - Sync 1 DAGs
[2025-04-11T13:16:55.697+0000] {logging_mixin.py:190} INFO - [2025-04-11T13:16:55.697+0000] {dag.py:4180} INFO - Setting next_dagrun for example_complex to None, run_after=None
[2025-04-11T13:16:55.754+0000] {processor.py:208} INFO - Processing /home/airflow/.local/lib/python3.12/site-packages/airflow/example_dags/example_complex.py took 0.244 seconds
[2025-04-11T13:17:25.963+0000] {processor.py:186} INFO - Started process (PID=84158) to work on /home/airflow/.local/lib/python3.12/site-packages/airflow/example_dags/example_complex.py
[2025-04-11T13:17:25.964+0000] {processor.py:914} INFO - Processing file /home/airflow/.local/lib/python3.12/site-packages/airflow/example_dags/example_complex.py for tasks to queue
[2025-04-11T13:17:25.966+0000] {logging_mixin.py:190} INFO - [2025-04-11T13:17:25.966+0000] {dagbag.py:588} INFO - Filling up the DagBag from /home/airflow/.local/lib/python3.12/site-packages/airflow/example_dags/example_complex.py
[2025-04-11T13:17:25.983+0000] {processor.py:925} INFO - DAG(s) 'example_complex' retrieved from /home/airflow/.local/lib/python3.12/site-packages/airflow/example_dags/example_complex.py
[2025-04-11T13:17:26.026+0000] {logging_mixin.py:190} INFO - [2025-04-11T13:17:26.025+0000] {dag.py:3239} INFO - Sync 1 DAGs
[2025-04-11T13:17:26.045+0000] {logging_mixin.py:190} INFO - [2025-04-11T13:17:26.044+0000] {dag.py:4180} INFO - Setting next_dagrun for example_complex to None, run_after=None
[2025-04-11T13:17:26.084+0000] {processor.py:208} INFO - Processing /home/airflow/.local/lib/python3.12/site-packages/airflow/example_dags/example_complex.py took 0.128 seconds
[2025-04-11T13:17:56.308+0000] {processor.py:186} INFO - Started process (PID=84223) to work on /home/airflow/.local/lib/python3.12/site-packages/airflow/example_dags/example_complex.py
[2025-04-11T13:17:56.310+0000] {processor.py:914} INFO - Processing file /home/airflow/.local/lib/python3.12/site-packages/airflow/example_dags/example_complex.py for tasks to queue
[2025-04-11T13:17:56.313+0000] {logging_mixin.py:190} INFO - [2025-04-11T13:17:56.312+0000] {dagbag.py:588} INFO - Filling up the DagBag from /home/airflow/.local/lib/python3.12/site-packages/airflow/example_dags/example_complex.py
[2025-04-11T13:17:56.335+0000] {processor.py:925} INFO - DAG(s) 'example_complex' retrieved from /home/airflow/.local/lib/python3.12/site-packages/airflow/example_dags/example_complex.py
[2025-04-11T13:17:56.395+0000] {logging_mixin.py:190} INFO - [2025-04-11T13:17:56.395+0000] {dag.py:3239} INFO - Sync 1 DAGs
[2025-04-11T13:17:56.422+0000] {logging_mixin.py:190} INFO - [2025-04-11T13:17:56.422+0000] {dag.py:4180} INFO - Setting next_dagrun for example_complex to None, run_after=None
[2025-04-11T13:17:56.457+0000] {processor.py:208} INFO - Processing /home/airflow/.local/lib/python3.12/site-packages/airflow/example_dags/example_complex.py took 0.157 seconds
[2025-04-11T13:18:27.126+0000] {processor.py:186} INFO - Started process (PID=84288) to work on /home/airflow/.local/lib/python3.12/site-packages/airflow/example_dags/example_complex.py
[2025-04-11T13:18:27.128+0000] {processor.py:914} INFO - Processing file /home/airflow/.local/lib/python3.12/site-packages/airflow/example_dags/example_complex.py for tasks to queue
[2025-04-11T13:18:27.131+0000] {logging_mixin.py:190} INFO - [2025-04-11T13:18:27.130+0000] {dagbag.py:588} INFO - Filling up the DagBag from /home/airflow/.local/lib/python3.12/site-packages/airflow/example_dags/example_complex.py
[2025-04-11T13:18:27.152+0000] {processor.py:925} INFO - DAG(s) 'example_complex' retrieved from /home/airflow/.local/lib/python3.12/site-packages/airflow/example_dags/example_complex.py
[2025-04-11T13:18:27.206+0000] {logging_mixin.py:190} INFO - [2025-04-11T13:18:27.205+0000] {dag.py:3239} INFO - Sync 1 DAGs
[2025-04-11T13:18:27.226+0000] {logging_mixin.py:190} INFO - [2025-04-11T13:18:27.225+0000] {dag.py:4180} INFO - Setting next_dagrun for example_complex to None, run_after=None
[2025-04-11T13:18:27.259+0000] {processor.py:208} INFO - Processing /home/airflow/.local/lib/python3.12/site-packages/airflow/example_dags/example_complex.py took 0.145 seconds
[2025-04-11T13:18:57.437+0000] {processor.py:186} INFO - Started process (PID=84353) to work on /home/airflow/.local/lib/python3.12/site-packages/airflow/example_dags/example_complex.py
[2025-04-11T13:18:57.438+0000] {processor.py:914} INFO - Processing file /home/airflow/.local/lib/python3.12/site-packages/airflow/example_dags/example_complex.py for tasks to queue
[2025-04-11T13:18:57.440+0000] {logging_mixin.py:190} INFO - [2025-04-11T13:18:57.440+0000] {dagbag.py:588} INFO - Filling up the DagBag from /home/airflow/.local/lib/python3.12/site-packages/airflow/example_dags/example_complex.py
[2025-04-11T13:18:57.456+0000] {processor.py:925} INFO - DAG(s) 'example_complex' retrieved from /home/airflow/.local/lib/python3.12/site-packages/airflow/example_dags/example_complex.py
[2025-04-11T13:18:57.496+0000] {logging_mixin.py:190} INFO - [2025-04-11T13:18:57.495+0000] {dag.py:3239} INFO - Sync 1 DAGs
[2025-04-11T13:18:57.516+0000] {logging_mixin.py:190} INFO - [2025-04-11T13:18:57.516+0000] {dag.py:4180} INFO - Setting next_dagrun for example_complex to None, run_after=None
[2025-04-11T13:18:57.549+0000] {processor.py:208} INFO - Processing /home/airflow/.local/lib/python3.12/site-packages/airflow/example_dags/example_complex.py took 0.119 seconds
[2025-04-11T13:19:27.643+0000] {processor.py:186} INFO - Started process (PID=84417) to work on /home/airflow/.local/lib/python3.12/site-packages/airflow/example_dags/example_complex.py
[2025-04-11T13:19:27.645+0000] {processor.py:914} INFO - Processing file /home/airflow/.local/lib/python3.12/site-packages/airflow/example_dags/example_complex.py for tasks to queue
[2025-04-11T13:19:27.647+0000] {logging_mixin.py:190} INFO - [2025-04-11T13:19:27.646+0000] {dagbag.py:588} INFO - Filling up the DagBag from /home/airflow/.local/lib/python3.12/site-packages/airflow/example_dags/example_complex.py
[2025-04-11T13:19:27.664+0000] {processor.py:925} INFO - DAG(s) 'example_complex' retrieved from /home/airflow/.local/lib/python3.12/site-packages/airflow/example_dags/example_complex.py
[2025-04-11T13:19:27.707+0000] {logging_mixin.py:190} INFO - [2025-04-11T13:19:27.707+0000] {dag.py:3239} INFO - Sync 1 DAGs
[2025-04-11T13:19:27.732+0000] {logging_mixin.py:190} INFO - [2025-04-11T13:19:27.732+0000] {dag.py:4180} INFO - Setting next_dagrun for example_complex to None, run_after=None
[2025-04-11T13:19:27.769+0000] {processor.py:208} INFO - Processing /home/airflow/.local/lib/python3.12/site-packages/airflow/example_dags/example_complex.py took 0.134 seconds
[2025-04-11T13:19:58.030+0000] {processor.py:186} INFO - Started process (PID=84481) to work on /home/airflow/.local/lib/python3.12/site-packages/airflow/example_dags/example_complex.py
[2025-04-11T13:19:58.032+0000] {processor.py:914} INFO - Processing file /home/airflow/.local/lib/python3.12/site-packages/airflow/example_dags/example_complex.py for tasks to queue
[2025-04-11T13:19:58.034+0000] {logging_mixin.py:190} INFO - [2025-04-11T13:19:58.033+0000] {dagbag.py:588} INFO - Filling up the DagBag from /home/airflow/.local/lib/python3.12/site-packages/airflow/example_dags/example_complex.py
[2025-04-11T13:19:58.050+0000] {processor.py:925} INFO - DAG(s) 'example_complex' retrieved from /home/airflow/.local/lib/python3.12/site-packages/airflow/example_dags/example_complex.py
[2025-04-11T13:19:58.091+0000] {logging_mixin.py:190} INFO - [2025-04-11T13:19:58.091+0000] {dag.py:3239} INFO - Sync 1 DAGs
[2025-04-11T13:19:58.112+0000] {logging_mixin.py:190} INFO - [2025-04-11T13:19:58.111+0000] {dag.py:4180} INFO - Setting next_dagrun for example_complex to None, run_after=None
[2025-04-11T13:19:58.152+0000] {processor.py:208} INFO - Processing /home/airflow/.local/lib/python3.12/site-packages/airflow/example_dags/example_complex.py took 0.131 seconds
[2025-04-11T13:20:28.945+0000] {processor.py:186} INFO - Started process (PID=84547) to work on /home/airflow/.local/lib/python3.12/site-packages/airflow/example_dags/example_complex.py
[2025-04-11T13:20:28.947+0000] {processor.py:914} INFO - Processing file /home/airflow/.local/lib/python3.12/site-packages/airflow/example_dags/example_complex.py for tasks to queue
[2025-04-11T13:20:28.950+0000] {logging_mixin.py:190} INFO - [2025-04-11T13:20:28.949+0000] {dagbag.py:588} INFO - Filling up the DagBag from /home/airflow/.local/lib/python3.12/site-packages/airflow/example_dags/example_complex.py
[2025-04-11T13:20:28.973+0000] {processor.py:925} INFO - DAG(s) 'example_complex' retrieved from /home/airflow/.local/lib/python3.12/site-packages/airflow/example_dags/example_complex.py
[2025-04-11T13:20:29.034+0000] {logging_mixin.py:190} INFO - [2025-04-11T13:20:29.034+0000] {dag.py:3239} INFO - Sync 1 DAGs
[2025-04-11T13:20:29.058+0000] {logging_mixin.py:190} INFO - [2025-04-11T13:20:29.057+0000] {dag.py:4180} INFO - Setting next_dagrun for example_complex to None, run_after=None
[2025-04-11T13:20:29.103+0000] {processor.py:208} INFO - Processing /home/airflow/.local/lib/python3.12/site-packages/airflow/example_dags/example_complex.py took 0.169 seconds
[2025-04-11T13:21:00.093+0000] {processor.py:186} INFO - Started process (PID=84612) to work on /home/airflow/.local/lib/python3.12/site-packages/airflow/example_dags/example_complex.py
[2025-04-11T13:21:00.094+0000] {processor.py:914} INFO - Processing file /home/airflow/.local/lib/python3.12/site-packages/airflow/example_dags/example_complex.py for tasks to queue
[2025-04-11T13:21:00.097+0000] {logging_mixin.py:190} INFO - [2025-04-11T13:21:00.096+0000] {dagbag.py:588} INFO - Filling up the DagBag from /home/airflow/.local/lib/python3.12/site-packages/airflow/example_dags/example_complex.py
[2025-04-11T13:21:00.112+0000] {processor.py:925} INFO - DAG(s) 'example_complex' retrieved from /home/airflow/.local/lib/python3.12/site-packages/airflow/example_dags/example_complex.py
[2025-04-11T13:21:00.156+0000] {logging_mixin.py:190} INFO - [2025-04-11T13:21:00.156+0000] {dag.py:3239} INFO - Sync 1 DAGs
[2025-04-11T13:21:00.180+0000] {logging_mixin.py:190} INFO - [2025-04-11T13:21:00.180+0000] {dag.py:4180} INFO - Setting next_dagrun for example_complex to None, run_after=None
[2025-04-11T13:21:00.219+0000] {processor.py:208} INFO - Processing /home/airflow/.local/lib/python3.12/site-packages/airflow/example_dags/example_complex.py took 0.133 seconds
[2025-04-11T13:21:30.297+0000] {processor.py:186} INFO - Started process (PID=84675) to work on /home/airflow/.local/lib/python3.12/site-packages/airflow/example_dags/example_complex.py
[2025-04-11T13:21:30.299+0000] {processor.py:914} INFO - Processing file /home/airflow/.local/lib/python3.12/site-packages/airflow/example_dags/example_complex.py for tasks to queue
[2025-04-11T13:21:30.301+0000] {logging_mixin.py:190} INFO - [2025-04-11T13:21:30.301+0000] {dagbag.py:588} INFO - Filling up the DagBag from /home/airflow/.local/lib/python3.12/site-packages/airflow/example_dags/example_complex.py
[2025-04-11T13:21:30.317+0000] {processor.py:925} INFO - DAG(s) 'example_complex' retrieved from /home/airflow/.local/lib/python3.12/site-packages/airflow/example_dags/example_complex.py
[2025-04-11T13:21:30.358+0000] {logging_mixin.py:190} INFO - [2025-04-11T13:21:30.357+0000] {dag.py:3239} INFO - Sync 1 DAGs
[2025-04-11T13:21:30.384+0000] {logging_mixin.py:190} INFO - [2025-04-11T13:21:30.384+0000] {dag.py:4180} INFO - Setting next_dagrun for example_complex to None, run_after=None
[2025-04-11T13:21:30.419+0000] {processor.py:208} INFO - Processing /home/airflow/.local/lib/python3.12/site-packages/airflow/example_dags/example_complex.py took 0.129 seconds
[2025-04-11T13:22:00.741+0000] {processor.py:186} INFO - Started process (PID=84740) to work on /home/airflow/.local/lib/python3.12/site-packages/airflow/example_dags/example_complex.py
[2025-04-11T13:22:00.743+0000] {processor.py:914} INFO - Processing file /home/airflow/.local/lib/python3.12/site-packages/airflow/example_dags/example_complex.py for tasks to queue
[2025-04-11T13:22:00.745+0000] {logging_mixin.py:190} INFO - [2025-04-11T13:22:00.745+0000] {dagbag.py:588} INFO - Filling up the DagBag from /home/airflow/.local/lib/python3.12/site-packages/airflow/example_dags/example_complex.py
[2025-04-11T13:22:00.761+0000] {processor.py:925} INFO - DAG(s) 'example_complex' retrieved from /home/airflow/.local/lib/python3.12/site-packages/airflow/example_dags/example_complex.py
[2025-04-11T13:22:00.803+0000] {logging_mixin.py:190} INFO - [2025-04-11T13:22:00.802+0000] {dag.py:3239} INFO - Sync 1 DAGs
[2025-04-11T13:22:00.822+0000] {logging_mixin.py:190} INFO - [2025-04-11T13:22:00.822+0000] {dag.py:4180} INFO - Setting next_dagrun for example_complex to None, run_after=None
[2025-04-11T13:22:00.853+0000] {processor.py:208} INFO - Processing /home/airflow/.local/lib/python3.12/site-packages/airflow/example_dags/example_complex.py took 0.118 seconds
[2025-04-11T13:22:31.225+0000] {processor.py:186} INFO - Started process (PID=84806) to work on /home/airflow/.local/lib/python3.12/site-packages/airflow/example_dags/example_complex.py
[2025-04-11T13:22:31.227+0000] {processor.py:914} INFO - Processing file /home/airflow/.local/lib/python3.12/site-packages/airflow/example_dags/example_complex.py for tasks to queue
[2025-04-11T13:22:31.229+0000] {logging_mixin.py:190} INFO - [2025-04-11T13:22:31.228+0000] {dagbag.py:588} INFO - Filling up the DagBag from /home/airflow/.local/lib/python3.12/site-packages/airflow/example_dags/example_complex.py
[2025-04-11T13:22:31.245+0000] {processor.py:925} INFO - DAG(s) 'example_complex' retrieved from /home/airflow/.local/lib/python3.12/site-packages/airflow/example_dags/example_complex.py
[2025-04-11T13:22:31.288+0000] {logging_mixin.py:190} INFO - [2025-04-11T13:22:31.288+0000] {dag.py:3239} INFO - Sync 1 DAGs
[2025-04-11T13:22:31.310+0000] {logging_mixin.py:190} INFO - [2025-04-11T13:22:31.309+0000] {dag.py:4180} INFO - Setting next_dagrun for example_complex to None, run_after=None
[2025-04-11T13:22:31.344+0000] {processor.py:208} INFO - Processing /home/airflow/.local/lib/python3.12/site-packages/airflow/example_dags/example_complex.py took 0.128 seconds
[2025-04-11T13:23:01.712+0000] {processor.py:186} INFO - Started process (PID=84871) to work on /home/airflow/.local/lib/python3.12/site-packages/airflow/example_dags/example_complex.py
[2025-04-11T13:23:01.714+0000] {processor.py:914} INFO - Processing file /home/airflow/.local/lib/python3.12/site-packages/airflow/example_dags/example_complex.py for tasks to queue
[2025-04-11T13:23:01.717+0000] {logging_mixin.py:190} INFO - [2025-04-11T13:23:01.716+0000] {dagbag.py:588} INFO - Filling up the DagBag from /home/airflow/.local/lib/python3.12/site-packages/airflow/example_dags/example_complex.py
[2025-04-11T13:23:01.735+0000] {processor.py:925} INFO - DAG(s) 'example_complex' retrieved from /home/airflow/.local/lib/python3.12/site-packages/airflow/example_dags/example_complex.py
[2025-04-11T13:23:01.783+0000] {logging_mixin.py:190} INFO - [2025-04-11T13:23:01.783+0000] {dag.py:3239} INFO - Sync 1 DAGs
[2025-04-11T13:23:01.807+0000] {logging_mixin.py:190} INFO - [2025-04-11T13:23:01.807+0000] {dag.py:4180} INFO - Setting next_dagrun for example_complex to None, run_after=None
[2025-04-11T13:23:01.844+0000] {processor.py:208} INFO - Processing /home/airflow/.local/lib/python3.12/site-packages/airflow/example_dags/example_complex.py took 0.144 seconds
[2025-04-11T13:23:32.366+0000] {processor.py:186} INFO - Started process (PID=84937) to work on /home/airflow/.local/lib/python3.12/site-packages/airflow/example_dags/example_complex.py
[2025-04-11T13:23:32.368+0000] {processor.py:914} INFO - Processing file /home/airflow/.local/lib/python3.12/site-packages/airflow/example_dags/example_complex.py for tasks to queue
[2025-04-11T13:23:32.371+0000] {logging_mixin.py:190} INFO - [2025-04-11T13:23:32.371+0000] {dagbag.py:588} INFO - Filling up the DagBag from /home/airflow/.local/lib/python3.12/site-packages/airflow/example_dags/example_complex.py
[2025-04-11T13:23:32.389+0000] {processor.py:925} INFO - DAG(s) 'example_complex' retrieved from /home/airflow/.local/lib/python3.12/site-packages/airflow/example_dags/example_complex.py
[2025-04-11T13:23:32.442+0000] {logging_mixin.py:190} INFO - [2025-04-11T13:23:32.442+0000] {dag.py:3239} INFO - Sync 1 DAGs
[2025-04-11T13:23:32.466+0000] {logging_mixin.py:190} INFO - [2025-04-11T13:23:32.466+0000] {dag.py:4180} INFO - Setting next_dagrun for example_complex to None, run_after=None
[2025-04-11T13:23:32.498+0000] {processor.py:208} INFO - Processing /home/airflow/.local/lib/python3.12/site-packages/airflow/example_dags/example_complex.py took 0.140 seconds
[2025-04-11T13:24:02.735+0000] {processor.py:186} INFO - Started process (PID=85002) to work on /home/airflow/.local/lib/python3.12/site-packages/airflow/example_dags/example_complex.py
[2025-04-11T13:24:02.737+0000] {processor.py:914} INFO - Processing file /home/airflow/.local/lib/python3.12/site-packages/airflow/example_dags/example_complex.py for tasks to queue
[2025-04-11T13:24:02.740+0000] {logging_mixin.py:190} INFO - [2025-04-11T13:24:02.739+0000] {dagbag.py:588} INFO - Filling up the DagBag from /home/airflow/.local/lib/python3.12/site-packages/airflow/example_dags/example_complex.py
[2025-04-11T13:24:02.758+0000] {processor.py:925} INFO - DAG(s) 'example_complex' retrieved from /home/airflow/.local/lib/python3.12/site-packages/airflow/example_dags/example_complex.py
[2025-04-11T13:24:02.815+0000] {logging_mixin.py:190} INFO - [2025-04-11T13:24:02.815+0000] {dag.py:3239} INFO - Sync 1 DAGs
[2025-04-11T13:24:02.845+0000] {logging_mixin.py:190} INFO - [2025-04-11T13:24:02.845+0000] {dag.py:4180} INFO - Setting next_dagrun for example_complex to None, run_after=None
[2025-04-11T13:24:02.884+0000] {processor.py:208} INFO - Processing /home/airflow/.local/lib/python3.12/site-packages/airflow/example_dags/example_complex.py took 0.159 seconds
[2025-04-11T13:24:33.550+0000] {processor.py:186} INFO - Started process (PID=85067) to work on /home/airflow/.local/lib/python3.12/site-packages/airflow/example_dags/example_complex.py
[2025-04-11T13:24:33.554+0000] {processor.py:914} INFO - Processing file /home/airflow/.local/lib/python3.12/site-packages/airflow/example_dags/example_complex.py for tasks to queue
[2025-04-11T13:24:33.556+0000] {logging_mixin.py:190} INFO - [2025-04-11T13:24:33.556+0000] {dagbag.py:588} INFO - Filling up the DagBag from /home/airflow/.local/lib/python3.12/site-packages/airflow/example_dags/example_complex.py
[2025-04-11T13:24:33.579+0000] {processor.py:925} INFO - DAG(s) 'example_complex' retrieved from /home/airflow/.local/lib/python3.12/site-packages/airflow/example_dags/example_complex.py
[2025-04-11T13:24:33.630+0000] {logging_mixin.py:190} INFO - [2025-04-11T13:24:33.629+0000] {dag.py:3239} INFO - Sync 1 DAGs
[2025-04-11T13:24:33.656+0000] {logging_mixin.py:190} INFO - [2025-04-11T13:24:33.656+0000] {dag.py:4180} INFO - Setting next_dagrun for example_complex to None, run_after=None
[2025-04-11T13:24:33.692+0000] {processor.py:208} INFO - Processing /home/airflow/.local/lib/python3.12/site-packages/airflow/example_dags/example_complex.py took 0.161 seconds
[2025-04-11T13:25:04.187+0000] {processor.py:186} INFO - Started process (PID=85138) to work on /home/airflow/.local/lib/python3.12/site-packages/airflow/example_dags/example_complex.py
[2025-04-11T13:25:04.189+0000] {processor.py:914} INFO - Processing file /home/airflow/.local/lib/python3.12/site-packages/airflow/example_dags/example_complex.py for tasks to queue
[2025-04-11T13:25:04.192+0000] {logging_mixin.py:190} INFO - [2025-04-11T13:25:04.191+0000] {dagbag.py:588} INFO - Filling up the DagBag from /home/airflow/.local/lib/python3.12/site-packages/airflow/example_dags/example_complex.py
[2025-04-11T13:25:04.208+0000] {processor.py:925} INFO - DAG(s) 'example_complex' retrieved from /home/airflow/.local/lib/python3.12/site-packages/airflow/example_dags/example_complex.py
[2025-04-11T13:25:04.253+0000] {logging_mixin.py:190} INFO - [2025-04-11T13:25:04.253+0000] {dag.py:3239} INFO - Sync 1 DAGs
[2025-04-11T13:25:04.280+0000] {logging_mixin.py:190} INFO - [2025-04-11T13:25:04.280+0000] {dag.py:4180} INFO - Setting next_dagrun for example_complex to None, run_after=None
[2025-04-11T13:25:04.315+0000] {processor.py:208} INFO - Processing /home/airflow/.local/lib/python3.12/site-packages/airflow/example_dags/example_complex.py took 0.137 seconds
[2025-04-11T13:25:34.671+0000] {processor.py:186} INFO - Started process (PID=85204) to work on /home/airflow/.local/lib/python3.12/site-packages/airflow/example_dags/example_complex.py
[2025-04-11T13:25:34.672+0000] {processor.py:914} INFO - Processing file /home/airflow/.local/lib/python3.12/site-packages/airflow/example_dags/example_complex.py for tasks to queue
[2025-04-11T13:25:34.675+0000] {logging_mixin.py:190} INFO - [2025-04-11T13:25:34.674+0000] {dagbag.py:588} INFO - Filling up the DagBag from /home/airflow/.local/lib/python3.12/site-packages/airflow/example_dags/example_complex.py
[2025-04-11T13:25:34.690+0000] {processor.py:925} INFO - DAG(s) 'example_complex' retrieved from /home/airflow/.local/lib/python3.12/site-packages/airflow/example_dags/example_complex.py
[2025-04-11T13:25:34.735+0000] {logging_mixin.py:190} INFO - [2025-04-11T13:25:34.735+0000] {dag.py:3239} INFO - Sync 1 DAGs
[2025-04-11T13:25:34.756+0000] {logging_mixin.py:190} INFO - [2025-04-11T13:25:34.755+0000] {dag.py:4180} INFO - Setting next_dagrun for example_complex to None, run_after=None
[2025-04-11T13:25:34.793+0000] {processor.py:208} INFO - Processing /home/airflow/.local/lib/python3.12/site-packages/airflow/example_dags/example_complex.py took 0.129 seconds
[2025-04-11T13:26:05.325+0000] {processor.py:186} INFO - Started process (PID=85269) to work on /home/airflow/.local/lib/python3.12/site-packages/airflow/example_dags/example_complex.py
[2025-04-11T13:26:05.326+0000] {processor.py:914} INFO - Processing file /home/airflow/.local/lib/python3.12/site-packages/airflow/example_dags/example_complex.py for tasks to queue
[2025-04-11T13:26:05.328+0000] {logging_mixin.py:190} INFO - [2025-04-11T13:26:05.328+0000] {dagbag.py:588} INFO - Filling up the DagBag from /home/airflow/.local/lib/python3.12/site-packages/airflow/example_dags/example_complex.py
[2025-04-11T13:26:05.343+0000] {processor.py:925} INFO - DAG(s) 'example_complex' retrieved from /home/airflow/.local/lib/python3.12/site-packages/airflow/example_dags/example_complex.py
[2025-04-11T13:26:05.392+0000] {logging_mixin.py:190} INFO - [2025-04-11T13:26:05.392+0000] {dag.py:3239} INFO - Sync 1 DAGs
[2025-04-11T13:26:05.411+0000] {logging_mixin.py:190} INFO - [2025-04-11T13:26:05.411+0000] {dag.py:4180} INFO - Setting next_dagrun for example_complex to None, run_after=None
[2025-04-11T13:26:05.440+0000] {processor.py:208} INFO - Processing /home/airflow/.local/lib/python3.12/site-packages/airflow/example_dags/example_complex.py took 0.124 seconds
[2025-04-11T13:26:35.861+0000] {processor.py:186} INFO - Started process (PID=85334) to work on /home/airflow/.local/lib/python3.12/site-packages/airflow/example_dags/example_complex.py
[2025-04-11T13:26:35.862+0000] {processor.py:914} INFO - Processing file /home/airflow/.local/lib/python3.12/site-packages/airflow/example_dags/example_complex.py for tasks to queue
[2025-04-11T13:26:35.864+0000] {logging_mixin.py:190} INFO - [2025-04-11T13:26:35.864+0000] {dagbag.py:588} INFO - Filling up the DagBag from /home/airflow/.local/lib/python3.12/site-packages/airflow/example_dags/example_complex.py
[2025-04-11T13:26:35.881+0000] {processor.py:925} INFO - DAG(s) 'example_complex' retrieved from /home/airflow/.local/lib/python3.12/site-packages/airflow/example_dags/example_complex.py
[2025-04-11T13:26:35.930+0000] {logging_mixin.py:190} INFO - [2025-04-11T13:26:35.930+0000] {dag.py:3239} INFO - Sync 1 DAGs
[2025-04-11T13:26:35.949+0000] {logging_mixin.py:190} INFO - [2025-04-11T13:26:35.949+0000] {dag.py:4180} INFO - Setting next_dagrun for example_complex to None, run_after=None
[2025-04-11T13:26:35.980+0000] {processor.py:208} INFO - Processing /home/airflow/.local/lib/python3.12/site-packages/airflow/example_dags/example_complex.py took 0.127 seconds
[2025-04-11T13:27:06.123+0000] {processor.py:186} INFO - Started process (PID=85399) to work on /home/airflow/.local/lib/python3.12/site-packages/airflow/example_dags/example_complex.py
[2025-04-11T13:27:06.125+0000] {processor.py:914} INFO - Processing file /home/airflow/.local/lib/python3.12/site-packages/airflow/example_dags/example_complex.py for tasks to queue
[2025-04-11T13:27:06.127+0000] {logging_mixin.py:190} INFO - [2025-04-11T13:27:06.127+0000] {dagbag.py:588} INFO - Filling up the DagBag from /home/airflow/.local/lib/python3.12/site-packages/airflow/example_dags/example_complex.py
[2025-04-11T13:27:06.149+0000] {processor.py:925} INFO - DAG(s) 'example_complex' retrieved from /home/airflow/.local/lib/python3.12/site-packages/airflow/example_dags/example_complex.py
[2025-04-11T13:27:06.211+0000] {logging_mixin.py:190} INFO - [2025-04-11T13:27:06.210+0000] {dag.py:3239} INFO - Sync 1 DAGs
[2025-04-11T13:27:06.238+0000] {logging_mixin.py:190} INFO - [2025-04-11T13:27:06.238+0000] {dag.py:4180} INFO - Setting next_dagrun for example_complex to None, run_after=None
[2025-04-11T13:27:06.275+0000] {processor.py:208} INFO - Processing /home/airflow/.local/lib/python3.12/site-packages/airflow/example_dags/example_complex.py took 0.160 seconds
[2025-04-11T13:27:36.511+0000] {processor.py:186} INFO - Started process (PID=85463) to work on /home/airflow/.local/lib/python3.12/site-packages/airflow/example_dags/example_complex.py
[2025-04-11T13:27:36.513+0000] {processor.py:914} INFO - Processing file /home/airflow/.local/lib/python3.12/site-packages/airflow/example_dags/example_complex.py for tasks to queue
[2025-04-11T13:27:36.516+0000] {logging_mixin.py:190} INFO - [2025-04-11T13:27:36.515+0000] {dagbag.py:588} INFO - Filling up the DagBag from /home/airflow/.local/lib/python3.12/site-packages/airflow/example_dags/example_complex.py
[2025-04-11T13:27:36.536+0000] {processor.py:925} INFO - DAG(s) 'example_complex' retrieved from /home/airflow/.local/lib/python3.12/site-packages/airflow/example_dags/example_complex.py
[2025-04-11T13:27:36.581+0000] {logging_mixin.py:190} INFO - [2025-04-11T13:27:36.581+0000] {dag.py:3239} INFO - Sync 1 DAGs
[2025-04-11T13:27:36.602+0000] {logging_mixin.py:190} INFO - [2025-04-11T13:27:36.602+0000] {dag.py:4180} INFO - Setting next_dagrun for example_complex to None, run_after=None
[2025-04-11T13:27:36.636+0000] {processor.py:208} INFO - Processing /home/airflow/.local/lib/python3.12/site-packages/airflow/example_dags/example_complex.py took 0.136 seconds
[2025-04-11T13:28:07.419+0000] {processor.py:186} INFO - Started process (PID=85528) to work on /home/airflow/.local/lib/python3.12/site-packages/airflow/example_dags/example_complex.py
[2025-04-11T13:28:07.422+0000] {processor.py:914} INFO - Processing file /home/airflow/.local/lib/python3.12/site-packages/airflow/example_dags/example_complex.py for tasks to queue
[2025-04-11T13:28:07.425+0000] {logging_mixin.py:190} INFO - [2025-04-11T13:28:07.425+0000] {dagbag.py:588} INFO - Filling up the DagBag from /home/airflow/.local/lib/python3.12/site-packages/airflow/example_dags/example_complex.py
[2025-04-11T13:28:07.445+0000] {processor.py:925} INFO - DAG(s) 'example_complex' retrieved from /home/airflow/.local/lib/python3.12/site-packages/airflow/example_dags/example_complex.py
[2025-04-11T13:28:07.487+0000] {logging_mixin.py:190} INFO - [2025-04-11T13:28:07.486+0000] {dag.py:3239} INFO - Sync 1 DAGs
[2025-04-11T13:28:07.507+0000] {logging_mixin.py:190} INFO - [2025-04-11T13:28:07.506+0000] {dag.py:4180} INFO - Setting next_dagrun for example_complex to None, run_after=None
[2025-04-11T13:28:07.536+0000] {processor.py:208} INFO - Processing /home/airflow/.local/lib/python3.12/site-packages/airflow/example_dags/example_complex.py took 0.131 seconds
[2025-04-11T13:28:38.193+0000] {processor.py:186} INFO - Started process (PID=85594) to work on /home/airflow/.local/lib/python3.12/site-packages/airflow/example_dags/example_complex.py
[2025-04-11T13:28:38.194+0000] {processor.py:914} INFO - Processing file /home/airflow/.local/lib/python3.12/site-packages/airflow/example_dags/example_complex.py for tasks to queue
[2025-04-11T13:28:38.196+0000] {logging_mixin.py:190} INFO - [2025-04-11T13:28:38.196+0000] {dagbag.py:588} INFO - Filling up the DagBag from /home/airflow/.local/lib/python3.12/site-packages/airflow/example_dags/example_complex.py
[2025-04-11T13:28:38.218+0000] {processor.py:925} INFO - DAG(s) 'example_complex' retrieved from /home/airflow/.local/lib/python3.12/site-packages/airflow/example_dags/example_complex.py
[2025-04-11T13:28:38.263+0000] {logging_mixin.py:190} INFO - [2025-04-11T13:28:38.262+0000] {dag.py:3239} INFO - Sync 1 DAGs
[2025-04-11T13:28:38.284+0000] {logging_mixin.py:190} INFO - [2025-04-11T13:28:38.284+0000] {dag.py:4180} INFO - Setting next_dagrun for example_complex to None, run_after=None
[2025-04-11T13:28:38.321+0000] {processor.py:208} INFO - Processing /home/airflow/.local/lib/python3.12/site-packages/airflow/example_dags/example_complex.py took 0.135 seconds
[2025-04-11T13:29:08.734+0000] {processor.py:186} INFO - Started process (PID=85659) to work on /home/airflow/.local/lib/python3.12/site-packages/airflow/example_dags/example_complex.py
[2025-04-11T13:29:08.737+0000] {processor.py:914} INFO - Processing file /home/airflow/.local/lib/python3.12/site-packages/airflow/example_dags/example_complex.py for tasks to queue
[2025-04-11T13:29:08.740+0000] {logging_mixin.py:190} INFO - [2025-04-11T13:29:08.739+0000] {dagbag.py:588} INFO - Filling up the DagBag from /home/airflow/.local/lib/python3.12/site-packages/airflow/example_dags/example_complex.py
[2025-04-11T13:29:08.787+0000] {processor.py:925} INFO - DAG(s) 'example_complex' retrieved from /home/airflow/.local/lib/python3.12/site-packages/airflow/example_dags/example_complex.py
[2025-04-11T13:29:08.858+0000] {logging_mixin.py:190} INFO - [2025-04-11T13:29:08.857+0000] {dag.py:3239} INFO - Sync 1 DAGs
[2025-04-11T13:29:08.886+0000] {logging_mixin.py:190} INFO - [2025-04-11T13:29:08.885+0000] {dag.py:4180} INFO - Setting next_dagrun for example_complex to None, run_after=None
[2025-04-11T13:29:08.922+0000] {processor.py:208} INFO - Processing /home/airflow/.local/lib/python3.12/site-packages/airflow/example_dags/example_complex.py took 0.200 seconds
[2025-04-11T13:29:39.143+0000] {processor.py:186} INFO - Started process (PID=85723) to work on /home/airflow/.local/lib/python3.12/site-packages/airflow/example_dags/example_complex.py
[2025-04-11T13:29:39.145+0000] {processor.py:914} INFO - Processing file /home/airflow/.local/lib/python3.12/site-packages/airflow/example_dags/example_complex.py for tasks to queue
[2025-04-11T13:29:39.148+0000] {logging_mixin.py:190} INFO - [2025-04-11T13:29:39.147+0000] {dagbag.py:588} INFO - Filling up the DagBag from /home/airflow/.local/lib/python3.12/site-packages/airflow/example_dags/example_complex.py
[2025-04-11T13:29:39.162+0000] {processor.py:925} INFO - DAG(s) 'example_complex' retrieved from /home/airflow/.local/lib/python3.12/site-packages/airflow/example_dags/example_complex.py
[2025-04-11T13:29:39.204+0000] {logging_mixin.py:190} INFO - [2025-04-11T13:29:39.204+0000] {dag.py:3239} INFO - Sync 1 DAGs
[2025-04-11T13:29:39.250+0000] {logging_mixin.py:190} INFO - [2025-04-11T13:29:39.250+0000] {dag.py:4180} INFO - Setting next_dagrun for example_complex to None, run_after=None
[2025-04-11T13:29:39.294+0000] {processor.py:208} INFO - Processing /home/airflow/.local/lib/python3.12/site-packages/airflow/example_dags/example_complex.py took 0.159 seconds
[2025-04-11T13:30:09.709+0000] {processor.py:186} INFO - Started process (PID=85788) to work on /home/airflow/.local/lib/python3.12/site-packages/airflow/example_dags/example_complex.py
[2025-04-11T13:30:09.710+0000] {processor.py:914} INFO - Processing file /home/airflow/.local/lib/python3.12/site-packages/airflow/example_dags/example_complex.py for tasks to queue
[2025-04-11T13:30:09.712+0000] {logging_mixin.py:190} INFO - [2025-04-11T13:30:09.712+0000] {dagbag.py:588} INFO - Filling up the DagBag from /home/airflow/.local/lib/python3.12/site-packages/airflow/example_dags/example_complex.py
[2025-04-11T13:30:09.730+0000] {processor.py:925} INFO - DAG(s) 'example_complex' retrieved from /home/airflow/.local/lib/python3.12/site-packages/airflow/example_dags/example_complex.py
[2025-04-11T13:30:09.775+0000] {logging_mixin.py:190} INFO - [2025-04-11T13:30:09.775+0000] {dag.py:3239} INFO - Sync 1 DAGs
[2025-04-11T13:30:09.800+0000] {logging_mixin.py:190} INFO - [2025-04-11T13:30:09.800+0000] {dag.py:4180} INFO - Setting next_dagrun for example_complex to None, run_after=None
[2025-04-11T13:30:09.831+0000] {processor.py:208} INFO - Processing /home/airflow/.local/lib/python3.12/site-packages/airflow/example_dags/example_complex.py took 0.129 seconds
[2025-04-11T13:30:40.124+0000] {processor.py:186} INFO - Started process (PID=85853) to work on /home/airflow/.local/lib/python3.12/site-packages/airflow/example_dags/example_complex.py
[2025-04-11T13:30:40.126+0000] {processor.py:914} INFO - Processing file /home/airflow/.local/lib/python3.12/site-packages/airflow/example_dags/example_complex.py for tasks to queue
[2025-04-11T13:30:40.129+0000] {logging_mixin.py:190} INFO - [2025-04-11T13:30:40.129+0000] {dagbag.py:588} INFO - Filling up the DagBag from /home/airflow/.local/lib/python3.12/site-packages/airflow/example_dags/example_complex.py
[2025-04-11T13:30:40.165+0000] {processor.py:925} INFO - DAG(s) 'example_complex' retrieved from /home/airflow/.local/lib/python3.12/site-packages/airflow/example_dags/example_complex.py
[2025-04-11T13:30:40.224+0000] {logging_mixin.py:190} INFO - [2025-04-11T13:30:40.223+0000] {dag.py:3239} INFO - Sync 1 DAGs
[2025-04-11T13:30:40.248+0000] {logging_mixin.py:190} INFO - [2025-04-11T13:30:40.248+0000] {dag.py:4180} INFO - Setting next_dagrun for example_complex to None, run_after=None
[2025-04-11T13:30:40.289+0000] {processor.py:208} INFO - Processing /home/airflow/.local/lib/python3.12/site-packages/airflow/example_dags/example_complex.py took 0.176 seconds
[2025-04-11T13:31:10.781+0000] {processor.py:186} INFO - Started process (PID=85918) to work on /home/airflow/.local/lib/python3.12/site-packages/airflow/example_dags/example_complex.py
[2025-04-11T13:31:10.783+0000] {processor.py:914} INFO - Processing file /home/airflow/.local/lib/python3.12/site-packages/airflow/example_dags/example_complex.py for tasks to queue
[2025-04-11T13:31:10.785+0000] {logging_mixin.py:190} INFO - [2025-04-11T13:31:10.784+0000] {dagbag.py:588} INFO - Filling up the DagBag from /home/airflow/.local/lib/python3.12/site-packages/airflow/example_dags/example_complex.py
[2025-04-11T13:31:10.800+0000] {processor.py:925} INFO - DAG(s) 'example_complex' retrieved from /home/airflow/.local/lib/python3.12/site-packages/airflow/example_dags/example_complex.py
[2025-04-11T13:31:10.842+0000] {logging_mixin.py:190} INFO - [2025-04-11T13:31:10.842+0000] {dag.py:3239} INFO - Sync 1 DAGs
[2025-04-11T13:31:10.862+0000] {logging_mixin.py:190} INFO - [2025-04-11T13:31:10.862+0000] {dag.py:4180} INFO - Setting next_dagrun for example_complex to None, run_after=None
[2025-04-11T13:31:10.893+0000] {processor.py:208} INFO - Processing /home/airflow/.local/lib/python3.12/site-packages/airflow/example_dags/example_complex.py took 0.119 seconds
[2025-04-11T13:31:41.719+0000] {processor.py:186} INFO - Started process (PID=85983) to work on /home/airflow/.local/lib/python3.12/site-packages/airflow/example_dags/example_complex.py
[2025-04-11T13:31:41.721+0000] {processor.py:914} INFO - Processing file /home/airflow/.local/lib/python3.12/site-packages/airflow/example_dags/example_complex.py for tasks to queue
[2025-04-11T13:31:41.723+0000] {logging_mixin.py:190} INFO - [2025-04-11T13:31:41.722+0000] {dagbag.py:588} INFO - Filling up the DagBag from /home/airflow/.local/lib/python3.12/site-packages/airflow/example_dags/example_complex.py
[2025-04-11T13:31:41.738+0000] {processor.py:925} INFO - DAG(s) 'example_complex' retrieved from /home/airflow/.local/lib/python3.12/site-packages/airflow/example_dags/example_complex.py
[2025-04-11T13:31:41.778+0000] {logging_mixin.py:190} INFO - [2025-04-11T13:31:41.778+0000] {dag.py:3239} INFO - Sync 1 DAGs
[2025-04-11T13:31:41.798+0000] {logging_mixin.py:190} INFO - [2025-04-11T13:31:41.798+0000] {dag.py:4180} INFO - Setting next_dagrun for example_complex to None, run_after=None
[2025-04-11T13:31:41.829+0000] {processor.py:208} INFO - Processing /home/airflow/.local/lib/python3.12/site-packages/airflow/example_dags/example_complex.py took 0.116 seconds
[2025-04-11T13:32:12.542+0000] {processor.py:186} INFO - Started process (PID=86048) to work on /home/airflow/.local/lib/python3.12/site-packages/airflow/example_dags/example_complex.py
[2025-04-11T13:32:12.543+0000] {processor.py:914} INFO - Processing file /home/airflow/.local/lib/python3.12/site-packages/airflow/example_dags/example_complex.py for tasks to queue
[2025-04-11T13:32:12.545+0000] {logging_mixin.py:190} INFO - [2025-04-11T13:32:12.545+0000] {dagbag.py:588} INFO - Filling up the DagBag from /home/airflow/.local/lib/python3.12/site-packages/airflow/example_dags/example_complex.py
[2025-04-11T13:32:12.560+0000] {processor.py:925} INFO - DAG(s) 'example_complex' retrieved from /home/airflow/.local/lib/python3.12/site-packages/airflow/example_dags/example_complex.py
[2025-04-11T13:32:12.599+0000] {logging_mixin.py:190} INFO - [2025-04-11T13:32:12.599+0000] {dag.py:3239} INFO - Sync 1 DAGs
[2025-04-11T13:32:12.620+0000] {logging_mixin.py:190} INFO - [2025-04-11T13:32:12.619+0000] {dag.py:4180} INFO - Setting next_dagrun for example_complex to None, run_after=None
[2025-04-11T13:32:12.653+0000] {processor.py:208} INFO - Processing /home/airflow/.local/lib/python3.12/site-packages/airflow/example_dags/example_complex.py took 0.119 seconds
[2025-04-11T13:32:42.804+0000] {processor.py:186} INFO - Started process (PID=86114) to work on /home/airflow/.local/lib/python3.12/site-packages/airflow/example_dags/example_complex.py
[2025-04-11T13:32:42.806+0000] {processor.py:914} INFO - Processing file /home/airflow/.local/lib/python3.12/site-packages/airflow/example_dags/example_complex.py for tasks to queue
[2025-04-11T13:32:42.809+0000] {logging_mixin.py:190} INFO - [2025-04-11T13:32:42.808+0000] {dagbag.py:588} INFO - Filling up the DagBag from /home/airflow/.local/lib/python3.12/site-packages/airflow/example_dags/example_complex.py
[2025-04-11T13:32:42.827+0000] {processor.py:925} INFO - DAG(s) 'example_complex' retrieved from /home/airflow/.local/lib/python3.12/site-packages/airflow/example_dags/example_complex.py
[2025-04-11T13:32:42.875+0000] {logging_mixin.py:190} INFO - [2025-04-11T13:32:42.875+0000] {dag.py:3239} INFO - Sync 1 DAGs
[2025-04-11T13:32:42.896+0000] {logging_mixin.py:190} INFO - [2025-04-11T13:32:42.896+0000] {dag.py:4180} INFO - Setting next_dagrun for example_complex to None, run_after=None
[2025-04-11T13:32:42.933+0000] {processor.py:208} INFO - Processing /home/airflow/.local/lib/python3.12/site-packages/airflow/example_dags/example_complex.py took 0.137 seconds
[2025-04-11T13:33:13.438+0000] {processor.py:186} INFO - Started process (PID=86179) to work on /home/airflow/.local/lib/python3.12/site-packages/airflow/example_dags/example_complex.py
[2025-04-11T13:33:13.439+0000] {processor.py:914} INFO - Processing file /home/airflow/.local/lib/python3.12/site-packages/airflow/example_dags/example_complex.py for tasks to queue
[2025-04-11T13:33:13.442+0000] {logging_mixin.py:190} INFO - [2025-04-11T13:33:13.441+0000] {dagbag.py:588} INFO - Filling up the DagBag from /home/airflow/.local/lib/python3.12/site-packages/airflow/example_dags/example_complex.py
[2025-04-11T13:33:13.457+0000] {processor.py:925} INFO - DAG(s) 'example_complex' retrieved from /home/airflow/.local/lib/python3.12/site-packages/airflow/example_dags/example_complex.py
[2025-04-11T13:33:13.497+0000] {logging_mixin.py:190} INFO - [2025-04-11T13:33:13.497+0000] {dag.py:3239} INFO - Sync 1 DAGs
[2025-04-11T13:33:13.516+0000] {logging_mixin.py:190} INFO - [2025-04-11T13:33:13.516+0000] {dag.py:4180} INFO - Setting next_dagrun for example_complex to None, run_after=None
[2025-04-11T13:33:13.547+0000] {processor.py:208} INFO - Processing /home/airflow/.local/lib/python3.12/site-packages/airflow/example_dags/example_complex.py took 0.116 seconds
[2025-04-11T13:33:44.625+0000] {processor.py:186} INFO - Started process (PID=86232) to work on /home/airflow/.local/lib/python3.12/site-packages/airflow/example_dags/example_complex.py
[2025-04-11T13:33:44.626+0000] {processor.py:914} INFO - Processing file /home/airflow/.local/lib/python3.12/site-packages/airflow/example_dags/example_complex.py for tasks to queue
[2025-04-11T13:33:44.628+0000] {logging_mixin.py:190} INFO - [2025-04-11T13:33:44.628+0000] {dagbag.py:588} INFO - Filling up the DagBag from /home/airflow/.local/lib/python3.12/site-packages/airflow/example_dags/example_complex.py
[2025-04-11T13:33:44.644+0000] {processor.py:925} INFO - DAG(s) 'example_complex' retrieved from /home/airflow/.local/lib/python3.12/site-packages/airflow/example_dags/example_complex.py
[2025-04-11T13:33:44.689+0000] {logging_mixin.py:190} INFO - [2025-04-11T13:33:44.688+0000] {dag.py:3239} INFO - Sync 1 DAGs
[2025-04-11T13:33:44.710+0000] {logging_mixin.py:190} INFO - [2025-04-11T13:33:44.709+0000] {dag.py:4180} INFO - Setting next_dagrun for example_complex to None, run_after=None
[2025-04-11T13:33:44.751+0000] {processor.py:208} INFO - Processing /home/airflow/.local/lib/python3.12/site-packages/airflow/example_dags/example_complex.py took 0.133 seconds
[2025-04-11T13:34:14.914+0000] {processor.py:186} INFO - Started process (PID=86289) to work on /home/airflow/.local/lib/python3.12/site-packages/airflow/example_dags/example_complex.py
[2025-04-11T13:34:14.916+0000] {processor.py:914} INFO - Processing file /home/airflow/.local/lib/python3.12/site-packages/airflow/example_dags/example_complex.py for tasks to queue
[2025-04-11T13:34:14.919+0000] {logging_mixin.py:190} INFO - [2025-04-11T13:34:14.918+0000] {dagbag.py:588} INFO - Filling up the DagBag from /home/airflow/.local/lib/python3.12/site-packages/airflow/example_dags/example_complex.py
[2025-04-11T13:34:14.936+0000] {processor.py:925} INFO - DAG(s) 'example_complex' retrieved from /home/airflow/.local/lib/python3.12/site-packages/airflow/example_dags/example_complex.py
[2025-04-11T13:34:14.984+0000] {logging_mixin.py:190} INFO - [2025-04-11T13:34:14.984+0000] {dag.py:3239} INFO - Sync 1 DAGs
[2025-04-11T13:34:15.264+0000] {logging_mixin.py:190} INFO - [2025-04-11T13:34:15.263+0000] {dag.py:4180} INFO - Setting next_dagrun for example_complex to None, run_after=None
[2025-04-11T13:34:15.303+0000] {processor.py:208} INFO - Processing /home/airflow/.local/lib/python3.12/site-packages/airflow/example_dags/example_complex.py took 0.397 seconds
[2025-04-11T13:34:45.453+0000] {processor.py:186} INFO - Started process (PID=86355) to work on /home/airflow/.local/lib/python3.12/site-packages/airflow/example_dags/example_complex.py
[2025-04-11T13:34:45.455+0000] {processor.py:914} INFO - Processing file /home/airflow/.local/lib/python3.12/site-packages/airflow/example_dags/example_complex.py for tasks to queue
[2025-04-11T13:34:45.457+0000] {logging_mixin.py:190} INFO - [2025-04-11T13:34:45.457+0000] {dagbag.py:588} INFO - Filling up the DagBag from /home/airflow/.local/lib/python3.12/site-packages/airflow/example_dags/example_complex.py
[2025-04-11T13:34:45.474+0000] {processor.py:925} INFO - DAG(s) 'example_complex' retrieved from /home/airflow/.local/lib/python3.12/site-packages/airflow/example_dags/example_complex.py
[2025-04-11T13:34:45.534+0000] {logging_mixin.py:190} INFO - [2025-04-11T13:34:45.533+0000] {dag.py:3239} INFO - Sync 1 DAGs
[2025-04-11T13:34:45.557+0000] {logging_mixin.py:190} INFO - [2025-04-11T13:34:45.557+0000] {dag.py:4180} INFO - Setting next_dagrun for example_complex to None, run_after=None
[2025-04-11T13:34:45.807+0000] {processor.py:208} INFO - Processing /home/airflow/.local/lib/python3.12/site-packages/airflow/example_dags/example_complex.py took 0.362 seconds
[2025-04-11T13:35:16.494+0000] {processor.py:186} INFO - Started process (PID=86421) to work on /home/airflow/.local/lib/python3.12/site-packages/airflow/example_dags/example_complex.py
[2025-04-11T13:35:16.496+0000] {processor.py:914} INFO - Processing file /home/airflow/.local/lib/python3.12/site-packages/airflow/example_dags/example_complex.py for tasks to queue
[2025-04-11T13:35:16.498+0000] {logging_mixin.py:190} INFO - [2025-04-11T13:35:16.498+0000] {dagbag.py:588} INFO - Filling up the DagBag from /home/airflow/.local/lib/python3.12/site-packages/airflow/example_dags/example_complex.py
[2025-04-11T13:35:16.514+0000] {processor.py:925} INFO - DAG(s) 'example_complex' retrieved from /home/airflow/.local/lib/python3.12/site-packages/airflow/example_dags/example_complex.py
[2025-04-11T13:35:16.553+0000] {logging_mixin.py:190} INFO - [2025-04-11T13:35:16.553+0000] {dag.py:3239} INFO - Sync 1 DAGs
[2025-04-11T13:35:16.574+0000] {logging_mixin.py:190} INFO - [2025-04-11T13:35:16.574+0000] {dag.py:4180} INFO - Setting next_dagrun for example_complex to None, run_after=None
[2025-04-11T13:35:16.610+0000] {processor.py:208} INFO - Processing /home/airflow/.local/lib/python3.12/site-packages/airflow/example_dags/example_complex.py took 0.123 seconds
[2025-04-11T13:35:46.868+0000] {processor.py:186} INFO - Started process (PID=86481) to work on /home/airflow/.local/lib/python3.12/site-packages/airflow/example_dags/example_complex.py
[2025-04-11T13:35:46.870+0000] {processor.py:914} INFO - Processing file /home/airflow/.local/lib/python3.12/site-packages/airflow/example_dags/example_complex.py for tasks to queue
[2025-04-11T13:35:46.872+0000] {logging_mixin.py:190} INFO - [2025-04-11T13:35:46.871+0000] {dagbag.py:588} INFO - Filling up the DagBag from /home/airflow/.local/lib/python3.12/site-packages/airflow/example_dags/example_complex.py
[2025-04-11T13:35:46.892+0000] {processor.py:925} INFO - DAG(s) 'example_complex' retrieved from /home/airflow/.local/lib/python3.12/site-packages/airflow/example_dags/example_complex.py
[2025-04-11T13:35:46.942+0000] {logging_mixin.py:190} INFO - [2025-04-11T13:35:46.942+0000] {dag.py:3239} INFO - Sync 1 DAGs
[2025-04-11T13:35:46.962+0000] {logging_mixin.py:190} INFO - [2025-04-11T13:35:46.962+0000] {dag.py:4180} INFO - Setting next_dagrun for example_complex to None, run_after=None
[2025-04-11T13:35:46.993+0000] {processor.py:208} INFO - Processing /home/airflow/.local/lib/python3.12/site-packages/airflow/example_dags/example_complex.py took 0.133 seconds
[2025-04-11T13:36:17.185+0000] {processor.py:186} INFO - Started process (PID=86544) to work on /home/airflow/.local/lib/python3.12/site-packages/airflow/example_dags/example_complex.py
[2025-04-11T13:36:17.187+0000] {processor.py:914} INFO - Processing file /home/airflow/.local/lib/python3.12/site-packages/airflow/example_dags/example_complex.py for tasks to queue
[2025-04-11T13:36:17.190+0000] {logging_mixin.py:190} INFO - [2025-04-11T13:36:17.189+0000] {dagbag.py:588} INFO - Filling up the DagBag from /home/airflow/.local/lib/python3.12/site-packages/airflow/example_dags/example_complex.py
[2025-04-11T13:36:17.213+0000] {processor.py:925} INFO - DAG(s) 'example_complex' retrieved from /home/airflow/.local/lib/python3.12/site-packages/airflow/example_dags/example_complex.py
[2025-04-11T13:36:17.268+0000] {logging_mixin.py:190} INFO - [2025-04-11T13:36:17.268+0000] {dag.py:3239} INFO - Sync 1 DAGs
[2025-04-11T13:36:17.287+0000] {logging_mixin.py:190} INFO - [2025-04-11T13:36:17.287+0000] {dag.py:4180} INFO - Setting next_dagrun for example_complex to None, run_after=None
[2025-04-11T13:36:17.317+0000] {processor.py:208} INFO - Processing /home/airflow/.local/lib/python3.12/site-packages/airflow/example_dags/example_complex.py took 0.142 seconds
[2025-04-11T13:36:47.917+0000] {processor.py:186} INFO - Started process (PID=86609) to work on /home/airflow/.local/lib/python3.12/site-packages/airflow/example_dags/example_complex.py
[2025-04-11T13:36:47.919+0000] {processor.py:914} INFO - Processing file /home/airflow/.local/lib/python3.12/site-packages/airflow/example_dags/example_complex.py for tasks to queue
[2025-04-11T13:36:47.921+0000] {logging_mixin.py:190} INFO - [2025-04-11T13:36:47.921+0000] {dagbag.py:588} INFO - Filling up the DagBag from /home/airflow/.local/lib/python3.12/site-packages/airflow/example_dags/example_complex.py
[2025-04-11T13:36:47.936+0000] {processor.py:925} INFO - DAG(s) 'example_complex' retrieved from /home/airflow/.local/lib/python3.12/site-packages/airflow/example_dags/example_complex.py
[2025-04-11T13:36:47.996+0000] {logging_mixin.py:190} INFO - [2025-04-11T13:36:47.996+0000] {dag.py:3239} INFO - Sync 1 DAGs
[2025-04-11T13:36:48.018+0000] {logging_mixin.py:190} INFO - [2025-04-11T13:36:48.018+0000] {dag.py:4180} INFO - Setting next_dagrun for example_complex to None, run_after=None
[2025-04-11T13:36:48.048+0000] {processor.py:208} INFO - Processing /home/airflow/.local/lib/python3.12/site-packages/airflow/example_dags/example_complex.py took 0.138 seconds
[2025-04-11T13:37:18.497+0000] {processor.py:186} INFO - Started process (PID=86674) to work on /home/airflow/.local/lib/python3.12/site-packages/airflow/example_dags/example_complex.py
[2025-04-11T13:37:18.506+0000] {processor.py:914} INFO - Processing file /home/airflow/.local/lib/python3.12/site-packages/airflow/example_dags/example_complex.py for tasks to queue
[2025-04-11T13:37:18.511+0000] {logging_mixin.py:190} INFO - [2025-04-11T13:37:18.510+0000] {dagbag.py:588} INFO - Filling up the DagBag from /home/airflow/.local/lib/python3.12/site-packages/airflow/example_dags/example_complex.py
[2025-04-11T13:37:18.578+0000] {processor.py:925} INFO - DAG(s) 'example_complex' retrieved from /home/airflow/.local/lib/python3.12/site-packages/airflow/example_dags/example_complex.py
[2025-04-11T13:37:18.717+0000] {logging_mixin.py:190} INFO - [2025-04-11T13:37:18.716+0000] {dag.py:3239} INFO - Sync 1 DAGs
[2025-04-11T13:37:18.800+0000] {logging_mixin.py:190} INFO - [2025-04-11T13:37:18.799+0000] {dag.py:4180} INFO - Setting next_dagrun for example_complex to None, run_after=None
[2025-04-11T13:37:18.896+0000] {processor.py:208} INFO - Processing /home/airflow/.local/lib/python3.12/site-packages/airflow/example_dags/example_complex.py took 0.429 seconds
[2025-04-11T13:37:49.794+0000] {processor.py:186} INFO - Started process (PID=86739) to work on /home/airflow/.local/lib/python3.12/site-packages/airflow/example_dags/example_complex.py
[2025-04-11T13:37:49.796+0000] {processor.py:914} INFO - Processing file /home/airflow/.local/lib/python3.12/site-packages/airflow/example_dags/example_complex.py for tasks to queue
[2025-04-11T13:37:49.798+0000] {logging_mixin.py:190} INFO - [2025-04-11T13:37:49.798+0000] {dagbag.py:588} INFO - Filling up the DagBag from /home/airflow/.local/lib/python3.12/site-packages/airflow/example_dags/example_complex.py
[2025-04-11T13:37:49.816+0000] {processor.py:925} INFO - DAG(s) 'example_complex' retrieved from /home/airflow/.local/lib/python3.12/site-packages/airflow/example_dags/example_complex.py
[2025-04-11T13:37:49.868+0000] {logging_mixin.py:190} INFO - [2025-04-11T13:37:49.868+0000] {dag.py:3239} INFO - Sync 1 DAGs
[2025-04-11T13:37:49.891+0000] {logging_mixin.py:190} INFO - [2025-04-11T13:37:49.891+0000] {dag.py:4180} INFO - Setting next_dagrun for example_complex to None, run_after=None
[2025-04-11T13:37:49.923+0000] {processor.py:208} INFO - Processing /home/airflow/.local/lib/python3.12/site-packages/airflow/example_dags/example_complex.py took 0.138 seconds
[2025-04-11T13:38:20.022+0000] {processor.py:186} INFO - Started process (PID=86804) to work on /home/airflow/.local/lib/python3.12/site-packages/airflow/example_dags/example_complex.py
[2025-04-11T13:38:20.023+0000] {processor.py:914} INFO - Processing file /home/airflow/.local/lib/python3.12/site-packages/airflow/example_dags/example_complex.py for tasks to queue
[2025-04-11T13:38:20.026+0000] {logging_mixin.py:190} INFO - [2025-04-11T13:38:20.025+0000] {dagbag.py:588} INFO - Filling up the DagBag from /home/airflow/.local/lib/python3.12/site-packages/airflow/example_dags/example_complex.py
[2025-04-11T13:38:20.046+0000] {processor.py:925} INFO - DAG(s) 'example_complex' retrieved from /home/airflow/.local/lib/python3.12/site-packages/airflow/example_dags/example_complex.py
[2025-04-11T13:38:20.094+0000] {logging_mixin.py:190} INFO - [2025-04-11T13:38:20.094+0000] {dag.py:3239} INFO - Sync 1 DAGs
[2025-04-11T13:38:20.114+0000] {logging_mixin.py:190} INFO - [2025-04-11T13:38:20.114+0000] {dag.py:4180} INFO - Setting next_dagrun for example_complex to None, run_after=None
[2025-04-11T13:38:20.151+0000] {processor.py:208} INFO - Processing /home/airflow/.local/lib/python3.12/site-packages/airflow/example_dags/example_complex.py took 0.139 seconds
[2025-04-11T13:38:50.257+0000] {processor.py:186} INFO - Started process (PID=86869) to work on /home/airflow/.local/lib/python3.12/site-packages/airflow/example_dags/example_complex.py
[2025-04-11T13:38:50.258+0000] {processor.py:914} INFO - Processing file /home/airflow/.local/lib/python3.12/site-packages/airflow/example_dags/example_complex.py for tasks to queue
[2025-04-11T13:38:50.260+0000] {logging_mixin.py:190} INFO - [2025-04-11T13:38:50.260+0000] {dagbag.py:588} INFO - Filling up the DagBag from /home/airflow/.local/lib/python3.12/site-packages/airflow/example_dags/example_complex.py
[2025-04-11T13:38:50.276+0000] {processor.py:925} INFO - DAG(s) 'example_complex' retrieved from /home/airflow/.local/lib/python3.12/site-packages/airflow/example_dags/example_complex.py
[2025-04-11T13:38:50.317+0000] {logging_mixin.py:190} INFO - [2025-04-11T13:38:50.316+0000] {dag.py:3239} INFO - Sync 1 DAGs
[2025-04-11T13:38:50.336+0000] {logging_mixin.py:190} INFO - [2025-04-11T13:38:50.336+0000] {dag.py:4180} INFO - Setting next_dagrun for example_complex to None, run_after=None
[2025-04-11T13:38:50.369+0000] {processor.py:208} INFO - Processing /home/airflow/.local/lib/python3.12/site-packages/airflow/example_dags/example_complex.py took 0.121 seconds
[2025-04-11T13:39:20.809+0000] {processor.py:186} INFO - Started process (PID=86934) to work on /home/airflow/.local/lib/python3.12/site-packages/airflow/example_dags/example_complex.py
[2025-04-11T13:39:20.810+0000] {processor.py:914} INFO - Processing file /home/airflow/.local/lib/python3.12/site-packages/airflow/example_dags/example_complex.py for tasks to queue
[2025-04-11T13:39:20.813+0000] {logging_mixin.py:190} INFO - [2025-04-11T13:39:20.813+0000] {dagbag.py:588} INFO - Filling up the DagBag from /home/airflow/.local/lib/python3.12/site-packages/airflow/example_dags/example_complex.py
[2025-04-11T13:39:20.830+0000] {processor.py:925} INFO - DAG(s) 'example_complex' retrieved from /home/airflow/.local/lib/python3.12/site-packages/airflow/example_dags/example_complex.py
[2025-04-11T13:39:20.876+0000] {logging_mixin.py:190} INFO - [2025-04-11T13:39:20.876+0000] {dag.py:3239} INFO - Sync 1 DAGs
[2025-04-11T13:39:20.896+0000] {logging_mixin.py:190} INFO - [2025-04-11T13:39:20.895+0000] {dag.py:4180} INFO - Setting next_dagrun for example_complex to None, run_after=None
[2025-04-11T13:39:20.926+0000] {processor.py:208} INFO - Processing /home/airflow/.local/lib/python3.12/site-packages/airflow/example_dags/example_complex.py took 0.125 seconds
[2025-04-11T13:39:51.216+0000] {processor.py:186} INFO - Started process (PID=86999) to work on /home/airflow/.local/lib/python3.12/site-packages/airflow/example_dags/example_complex.py
[2025-04-11T13:39:51.218+0000] {processor.py:914} INFO - Processing file /home/airflow/.local/lib/python3.12/site-packages/airflow/example_dags/example_complex.py for tasks to queue
[2025-04-11T13:39:51.220+0000] {logging_mixin.py:190} INFO - [2025-04-11T13:39:51.219+0000] {dagbag.py:588} INFO - Filling up the DagBag from /home/airflow/.local/lib/python3.12/site-packages/airflow/example_dags/example_complex.py
[2025-04-11T13:39:51.236+0000] {processor.py:925} INFO - DAG(s) 'example_complex' retrieved from /home/airflow/.local/lib/python3.12/site-packages/airflow/example_dags/example_complex.py
[2025-04-11T13:39:51.278+0000] {logging_mixin.py:190} INFO - [2025-04-11T13:39:51.277+0000] {dag.py:3239} INFO - Sync 1 DAGs
[2025-04-11T13:39:51.299+0000] {logging_mixin.py:190} INFO - [2025-04-11T13:39:51.298+0000] {dag.py:4180} INFO - Setting next_dagrun for example_complex to None, run_after=None
[2025-04-11T13:39:51.329+0000] {processor.py:208} INFO - Processing /home/airflow/.local/lib/python3.12/site-packages/airflow/example_dags/example_complex.py took 0.119 seconds
[2025-04-11T13:40:21.539+0000] {processor.py:186} INFO - Started process (PID=87064) to work on /home/airflow/.local/lib/python3.12/site-packages/airflow/example_dags/example_complex.py
[2025-04-11T13:40:21.541+0000] {processor.py:914} INFO - Processing file /home/airflow/.local/lib/python3.12/site-packages/airflow/example_dags/example_complex.py for tasks to queue
[2025-04-11T13:40:21.544+0000] {logging_mixin.py:190} INFO - [2025-04-11T13:40:21.543+0000] {dagbag.py:588} INFO - Filling up the DagBag from /home/airflow/.local/lib/python3.12/site-packages/airflow/example_dags/example_complex.py
[2025-04-11T13:40:21.566+0000] {processor.py:925} INFO - DAG(s) 'example_complex' retrieved from /home/airflow/.local/lib/python3.12/site-packages/airflow/example_dags/example_complex.py
[2025-04-11T13:40:21.623+0000] {logging_mixin.py:190} INFO - [2025-04-11T13:40:21.623+0000] {dag.py:3239} INFO - Sync 1 DAGs
[2025-04-11T13:40:21.653+0000] {logging_mixin.py:190} INFO - [2025-04-11T13:40:21.652+0000] {dag.py:4180} INFO - Setting next_dagrun for example_complex to None, run_after=None
[2025-04-11T13:40:21.688+0000] {processor.py:208} INFO - Processing /home/airflow/.local/lib/python3.12/site-packages/airflow/example_dags/example_complex.py took 0.157 seconds
[2025-04-11T13:40:52.258+0000] {processor.py:186} INFO - Started process (PID=87129) to work on /home/airflow/.local/lib/python3.12/site-packages/airflow/example_dags/example_complex.py
[2025-04-11T13:40:52.259+0000] {processor.py:914} INFO - Processing file /home/airflow/.local/lib/python3.12/site-packages/airflow/example_dags/example_complex.py for tasks to queue
[2025-04-11T13:40:52.261+0000] {logging_mixin.py:190} INFO - [2025-04-11T13:40:52.261+0000] {dagbag.py:588} INFO - Filling up the DagBag from /home/airflow/.local/lib/python3.12/site-packages/airflow/example_dags/example_complex.py
[2025-04-11T13:40:52.280+0000] {processor.py:925} INFO - DAG(s) 'example_complex' retrieved from /home/airflow/.local/lib/python3.12/site-packages/airflow/example_dags/example_complex.py
[2025-04-11T13:40:52.322+0000] {logging_mixin.py:190} INFO - [2025-04-11T13:40:52.321+0000] {dag.py:3239} INFO - Sync 1 DAGs
[2025-04-11T13:40:52.341+0000] {logging_mixin.py:190} INFO - [2025-04-11T13:40:52.340+0000] {dag.py:4180} INFO - Setting next_dagrun for example_complex to None, run_after=None
[2025-04-11T13:40:52.371+0000] {processor.py:208} INFO - Processing /home/airflow/.local/lib/python3.12/site-packages/airflow/example_dags/example_complex.py took 0.120 seconds
[2025-04-11T13:41:22.497+0000] {processor.py:186} INFO - Started process (PID=87194) to work on /home/airflow/.local/lib/python3.12/site-packages/airflow/example_dags/example_complex.py
[2025-04-11T13:41:22.499+0000] {processor.py:914} INFO - Processing file /home/airflow/.local/lib/python3.12/site-packages/airflow/example_dags/example_complex.py for tasks to queue
[2025-04-11T13:41:22.501+0000] {logging_mixin.py:190} INFO - [2025-04-11T13:41:22.501+0000] {dagbag.py:588} INFO - Filling up the DagBag from /home/airflow/.local/lib/python3.12/site-packages/airflow/example_dags/example_complex.py
[2025-04-11T13:41:22.519+0000] {processor.py:925} INFO - DAG(s) 'example_complex' retrieved from /home/airflow/.local/lib/python3.12/site-packages/airflow/example_dags/example_complex.py
[2025-04-11T13:41:22.569+0000] {logging_mixin.py:190} INFO - [2025-04-11T13:41:22.568+0000] {dag.py:3239} INFO - Sync 1 DAGs
[2025-04-11T13:41:22.589+0000] {logging_mixin.py:190} INFO - [2025-04-11T13:41:22.588+0000] {dag.py:4180} INFO - Setting next_dagrun for example_complex to None, run_after=None
[2025-04-11T13:41:22.619+0000] {processor.py:208} INFO - Processing /home/airflow/.local/lib/python3.12/site-packages/airflow/example_dags/example_complex.py took 0.131 seconds
[2025-04-11T13:41:52.808+0000] {processor.py:186} INFO - Started process (PID=87259) to work on /home/airflow/.local/lib/python3.12/site-packages/airflow/example_dags/example_complex.py
[2025-04-11T13:41:52.810+0000] {processor.py:914} INFO - Processing file /home/airflow/.local/lib/python3.12/site-packages/airflow/example_dags/example_complex.py for tasks to queue
[2025-04-11T13:41:52.812+0000] {logging_mixin.py:190} INFO - [2025-04-11T13:41:52.811+0000] {dagbag.py:588} INFO - Filling up the DagBag from /home/airflow/.local/lib/python3.12/site-packages/airflow/example_dags/example_complex.py
[2025-04-11T13:41:52.831+0000] {processor.py:925} INFO - DAG(s) 'example_complex' retrieved from /home/airflow/.local/lib/python3.12/site-packages/airflow/example_dags/example_complex.py
[2025-04-11T13:41:52.874+0000] {logging_mixin.py:190} INFO - [2025-04-11T13:41:52.873+0000] {dag.py:3239} INFO - Sync 1 DAGs
[2025-04-11T13:41:52.895+0000] {logging_mixin.py:190} INFO - [2025-04-11T13:41:52.895+0000] {dag.py:4180} INFO - Setting next_dagrun for example_complex to None, run_after=None
[2025-04-11T13:41:52.935+0000] {processor.py:208} INFO - Processing /home/airflow/.local/lib/python3.12/site-packages/airflow/example_dags/example_complex.py took 0.136 seconds
[2025-04-11T13:42:23.847+0000] {processor.py:186} INFO - Started process (PID=87324) to work on /home/airflow/.local/lib/python3.12/site-packages/airflow/example_dags/example_complex.py
[2025-04-11T13:42:23.848+0000] {processor.py:914} INFO - Processing file /home/airflow/.local/lib/python3.12/site-packages/airflow/example_dags/example_complex.py for tasks to queue
[2025-04-11T13:42:23.851+0000] {logging_mixin.py:190} INFO - [2025-04-11T13:42:23.851+0000] {dagbag.py:588} INFO - Filling up the DagBag from /home/airflow/.local/lib/python3.12/site-packages/airflow/example_dags/example_complex.py
[2025-04-11T13:42:23.866+0000] {processor.py:925} INFO - DAG(s) 'example_complex' retrieved from /home/airflow/.local/lib/python3.12/site-packages/airflow/example_dags/example_complex.py
[2025-04-11T13:42:23.920+0000] {logging_mixin.py:190} INFO - [2025-04-11T13:42:23.920+0000] {dag.py:3239} INFO - Sync 1 DAGs
[2025-04-11T13:42:23.947+0000] {logging_mixin.py:190} INFO - [2025-04-11T13:42:23.947+0000] {dag.py:4180} INFO - Setting next_dagrun for example_complex to None, run_after=None
[2025-04-11T13:42:23.982+0000] {processor.py:208} INFO - Processing /home/airflow/.local/lib/python3.12/site-packages/airflow/example_dags/example_complex.py took 0.144 seconds
[2025-04-11T13:42:54.183+0000] {processor.py:186} INFO - Started process (PID=87389) to work on /home/airflow/.local/lib/python3.12/site-packages/airflow/example_dags/example_complex.py
[2025-04-11T13:42:54.185+0000] {processor.py:914} INFO - Processing file /home/airflow/.local/lib/python3.12/site-packages/airflow/example_dags/example_complex.py for tasks to queue
[2025-04-11T13:42:54.187+0000] {logging_mixin.py:190} INFO - [2025-04-11T13:42:54.186+0000] {dagbag.py:588} INFO - Filling up the DagBag from /home/airflow/.local/lib/python3.12/site-packages/airflow/example_dags/example_complex.py
[2025-04-11T13:42:54.203+0000] {processor.py:925} INFO - DAG(s) 'example_complex' retrieved from /home/airflow/.local/lib/python3.12/site-packages/airflow/example_dags/example_complex.py
[2025-04-11T13:42:54.246+0000] {logging_mixin.py:190} INFO - [2025-04-11T13:42:54.245+0000] {dag.py:3239} INFO - Sync 1 DAGs
[2025-04-11T13:42:54.269+0000] {logging_mixin.py:190} INFO - [2025-04-11T13:42:54.268+0000] {dag.py:4180} INFO - Setting next_dagrun for example_complex to None, run_after=None
[2025-04-11T13:42:54.312+0000] {processor.py:208} INFO - Processing /home/airflow/.local/lib/python3.12/site-packages/airflow/example_dags/example_complex.py took 0.138 seconds
[2025-04-11T13:43:25.193+0000] {processor.py:186} INFO - Started process (PID=87455) to work on /home/airflow/.local/lib/python3.12/site-packages/airflow/example_dags/example_complex.py
[2025-04-11T13:43:25.194+0000] {processor.py:914} INFO - Processing file /home/airflow/.local/lib/python3.12/site-packages/airflow/example_dags/example_complex.py for tasks to queue
[2025-04-11T13:43:25.197+0000] {logging_mixin.py:190} INFO - [2025-04-11T13:43:25.196+0000] {dagbag.py:588} INFO - Filling up the DagBag from /home/airflow/.local/lib/python3.12/site-packages/airflow/example_dags/example_complex.py
[2025-04-11T13:43:25.218+0000] {processor.py:925} INFO - DAG(s) 'example_complex' retrieved from /home/airflow/.local/lib/python3.12/site-packages/airflow/example_dags/example_complex.py
[2025-04-11T13:43:25.258+0000] {logging_mixin.py:190} INFO - [2025-04-11T13:43:25.258+0000] {dag.py:3239} INFO - Sync 1 DAGs
[2025-04-11T13:43:25.281+0000] {logging_mixin.py:190} INFO - [2025-04-11T13:43:25.281+0000] {dag.py:4180} INFO - Setting next_dagrun for example_complex to None, run_after=None
[2025-04-11T13:43:25.321+0000] {processor.py:208} INFO - Processing /home/airflow/.local/lib/python3.12/site-packages/airflow/example_dags/example_complex.py took 0.135 seconds
[2025-04-11T13:43:55.418+0000] {processor.py:186} INFO - Started process (PID=87520) to work on /home/airflow/.local/lib/python3.12/site-packages/airflow/example_dags/example_complex.py
[2025-04-11T13:43:55.420+0000] {processor.py:914} INFO - Processing file /home/airflow/.local/lib/python3.12/site-packages/airflow/example_dags/example_complex.py for tasks to queue
[2025-04-11T13:43:55.422+0000] {logging_mixin.py:190} INFO - [2025-04-11T13:43:55.421+0000] {dagbag.py:588} INFO - Filling up the DagBag from /home/airflow/.local/lib/python3.12/site-packages/airflow/example_dags/example_complex.py
[2025-04-11T13:43:55.437+0000] {processor.py:925} INFO - DAG(s) 'example_complex' retrieved from /home/airflow/.local/lib/python3.12/site-packages/airflow/example_dags/example_complex.py
[2025-04-11T13:43:55.500+0000] {logging_mixin.py:190} INFO - [2025-04-11T13:43:55.499+0000] {dag.py:3239} INFO - Sync 1 DAGs
[2025-04-11T13:43:55.519+0000] {logging_mixin.py:190} INFO - [2025-04-11T13:43:55.518+0000] {dag.py:4180} INFO - Setting next_dagrun for example_complex to None, run_after=None
[2025-04-11T13:43:55.548+0000] {processor.py:208} INFO - Processing /home/airflow/.local/lib/python3.12/site-packages/airflow/example_dags/example_complex.py took 0.138 seconds
[2025-04-11T13:44:26.446+0000] {processor.py:186} INFO - Started process (PID=87585) to work on /home/airflow/.local/lib/python3.12/site-packages/airflow/example_dags/example_complex.py
[2025-04-11T13:44:26.448+0000] {processor.py:914} INFO - Processing file /home/airflow/.local/lib/python3.12/site-packages/airflow/example_dags/example_complex.py for tasks to queue
[2025-04-11T13:44:26.451+0000] {logging_mixin.py:190} INFO - [2025-04-11T13:44:26.450+0000] {dagbag.py:588} INFO - Filling up the DagBag from /home/airflow/.local/lib/python3.12/site-packages/airflow/example_dags/example_complex.py
[2025-04-11T13:44:26.471+0000] {processor.py:925} INFO - DAG(s) 'example_complex' retrieved from /home/airflow/.local/lib/python3.12/site-packages/airflow/example_dags/example_complex.py
[2025-04-11T13:44:26.524+0000] {logging_mixin.py:190} INFO - [2025-04-11T13:44:26.524+0000] {dag.py:3239} INFO - Sync 1 DAGs
[2025-04-11T13:44:26.550+0000] {logging_mixin.py:190} INFO - [2025-04-11T13:44:26.549+0000] {dag.py:4180} INFO - Setting next_dagrun for example_complex to None, run_after=None
[2025-04-11T13:44:26.596+0000] {processor.py:208} INFO - Processing /home/airflow/.local/lib/python3.12/site-packages/airflow/example_dags/example_complex.py took 0.158 seconds
[2025-04-11T13:44:57.205+0000] {processor.py:186} INFO - Started process (PID=87650) to work on /home/airflow/.local/lib/python3.12/site-packages/airflow/example_dags/example_complex.py
[2025-04-11T13:44:57.207+0000] {processor.py:914} INFO - Processing file /home/airflow/.local/lib/python3.12/site-packages/airflow/example_dags/example_complex.py for tasks to queue
[2025-04-11T13:44:57.210+0000] {logging_mixin.py:190} INFO - [2025-04-11T13:44:57.210+0000] {dagbag.py:588} INFO - Filling up the DagBag from /home/airflow/.local/lib/python3.12/site-packages/airflow/example_dags/example_complex.py
[2025-04-11T13:44:57.245+0000] {processor.py:925} INFO - DAG(s) 'example_complex' retrieved from /home/airflow/.local/lib/python3.12/site-packages/airflow/example_dags/example_complex.py
[2025-04-11T13:44:57.314+0000] {logging_mixin.py:190} INFO - [2025-04-11T13:44:57.314+0000] {dag.py:3239} INFO - Sync 1 DAGs
[2025-04-11T13:44:57.342+0000] {logging_mixin.py:190} INFO - [2025-04-11T13:44:57.341+0000] {dag.py:4180} INFO - Setting next_dagrun for example_complex to None, run_after=None
[2025-04-11T13:44:57.377+0000] {processor.py:208} INFO - Processing /home/airflow/.local/lib/python3.12/site-packages/airflow/example_dags/example_complex.py took 0.184 seconds
[2025-04-11T13:45:27.738+0000] {processor.py:186} INFO - Started process (PID=87715) to work on /home/airflow/.local/lib/python3.12/site-packages/airflow/example_dags/example_complex.py
[2025-04-11T13:45:27.740+0000] {processor.py:914} INFO - Processing file /home/airflow/.local/lib/python3.12/site-packages/airflow/example_dags/example_complex.py for tasks to queue
[2025-04-11T13:45:27.742+0000] {logging_mixin.py:190} INFO - [2025-04-11T13:45:27.742+0000] {dagbag.py:588} INFO - Filling up the DagBag from /home/airflow/.local/lib/python3.12/site-packages/airflow/example_dags/example_complex.py
[2025-04-11T13:45:27.759+0000] {processor.py:925} INFO - DAG(s) 'example_complex' retrieved from /home/airflow/.local/lib/python3.12/site-packages/airflow/example_dags/example_complex.py
[2025-04-11T13:45:27.810+0000] {logging_mixin.py:190} INFO - [2025-04-11T13:45:27.809+0000] {dag.py:3239} INFO - Sync 1 DAGs
[2025-04-11T13:45:27.837+0000] {logging_mixin.py:190} INFO - [2025-04-11T13:45:27.837+0000] {dag.py:4180} INFO - Setting next_dagrun for example_complex to None, run_after=None
[2025-04-11T13:45:27.877+0000] {processor.py:208} INFO - Processing /home/airflow/.local/lib/python3.12/site-packages/airflow/example_dags/example_complex.py took 0.148 seconds
[2025-04-11T13:45:57.966+0000] {processor.py:186} INFO - Started process (PID=87780) to work on /home/airflow/.local/lib/python3.12/site-packages/airflow/example_dags/example_complex.py
[2025-04-11T13:45:57.968+0000] {processor.py:914} INFO - Processing file /home/airflow/.local/lib/python3.12/site-packages/airflow/example_dags/example_complex.py for tasks to queue
[2025-04-11T13:45:57.970+0000] {logging_mixin.py:190} INFO - [2025-04-11T13:45:57.970+0000] {dagbag.py:588} INFO - Filling up the DagBag from /home/airflow/.local/lib/python3.12/site-packages/airflow/example_dags/example_complex.py
[2025-04-11T13:45:57.987+0000] {processor.py:925} INFO - DAG(s) 'example_complex' retrieved from /home/airflow/.local/lib/python3.12/site-packages/airflow/example_dags/example_complex.py
[2025-04-11T13:45:58.029+0000] {logging_mixin.py:190} INFO - [2025-04-11T13:45:58.029+0000] {dag.py:3239} INFO - Sync 1 DAGs
[2025-04-11T13:45:58.050+0000] {logging_mixin.py:190} INFO - [2025-04-11T13:45:58.050+0000] {dag.py:4180} INFO - Setting next_dagrun for example_complex to None, run_after=None
[2025-04-11T13:45:58.081+0000] {processor.py:208} INFO - Processing /home/airflow/.local/lib/python3.12/site-packages/airflow/example_dags/example_complex.py took 0.123 seconds
[2025-04-11T13:46:28.446+0000] {processor.py:186} INFO - Started process (PID=87845) to work on /home/airflow/.local/lib/python3.12/site-packages/airflow/example_dags/example_complex.py
[2025-04-11T13:46:28.448+0000] {processor.py:914} INFO - Processing file /home/airflow/.local/lib/python3.12/site-packages/airflow/example_dags/example_complex.py for tasks to queue
[2025-04-11T13:46:28.450+0000] {logging_mixin.py:190} INFO - [2025-04-11T13:46:28.449+0000] {dagbag.py:588} INFO - Filling up the DagBag from /home/airflow/.local/lib/python3.12/site-packages/airflow/example_dags/example_complex.py
[2025-04-11T13:46:28.468+0000] {processor.py:925} INFO - DAG(s) 'example_complex' retrieved from /home/airflow/.local/lib/python3.12/site-packages/airflow/example_dags/example_complex.py
[2025-04-11T13:46:28.514+0000] {logging_mixin.py:190} INFO - [2025-04-11T13:46:28.514+0000] {dag.py:3239} INFO - Sync 1 DAGs
[2025-04-11T13:46:28.540+0000] {logging_mixin.py:190} INFO - [2025-04-11T13:46:28.539+0000] {dag.py:4180} INFO - Setting next_dagrun for example_complex to None, run_after=None
[2025-04-11T13:46:28.570+0000] {processor.py:208} INFO - Processing /home/airflow/.local/lib/python3.12/site-packages/airflow/example_dags/example_complex.py took 0.130 seconds
[2025-04-11T13:46:58.907+0000] {processor.py:186} INFO - Started process (PID=87909) to work on /home/airflow/.local/lib/python3.12/site-packages/airflow/example_dags/example_complex.py
[2025-04-11T13:46:58.908+0000] {processor.py:914} INFO - Processing file /home/airflow/.local/lib/python3.12/site-packages/airflow/example_dags/example_complex.py for tasks to queue
[2025-04-11T13:46:58.911+0000] {logging_mixin.py:190} INFO - [2025-04-11T13:46:58.910+0000] {dagbag.py:588} INFO - Filling up the DagBag from /home/airflow/.local/lib/python3.12/site-packages/airflow/example_dags/example_complex.py
[2025-04-11T13:46:58.935+0000] {processor.py:925} INFO - DAG(s) 'example_complex' retrieved from /home/airflow/.local/lib/python3.12/site-packages/airflow/example_dags/example_complex.py
[2025-04-11T13:46:58.976+0000] {logging_mixin.py:190} INFO - [2025-04-11T13:46:58.976+0000] {dag.py:3239} INFO - Sync 1 DAGs
[2025-04-11T13:46:59.000+0000] {logging_mixin.py:190} INFO - [2025-04-11T13:46:59.000+0000] {dag.py:4180} INFO - Setting next_dagrun for example_complex to None, run_after=None
[2025-04-11T13:46:59.032+0000] {processor.py:208} INFO - Processing /home/airflow/.local/lib/python3.12/site-packages/airflow/example_dags/example_complex.py took 0.134 seconds
[2025-04-11T13:47:29.506+0000] {processor.py:186} INFO - Started process (PID=87974) to work on /home/airflow/.local/lib/python3.12/site-packages/airflow/example_dags/example_complex.py
[2025-04-11T13:47:29.508+0000] {processor.py:914} INFO - Processing file /home/airflow/.local/lib/python3.12/site-packages/airflow/example_dags/example_complex.py for tasks to queue
[2025-04-11T13:47:29.511+0000] {logging_mixin.py:190} INFO - [2025-04-11T13:47:29.510+0000] {dagbag.py:588} INFO - Filling up the DagBag from /home/airflow/.local/lib/python3.12/site-packages/airflow/example_dags/example_complex.py
[2025-04-11T13:47:29.531+0000] {processor.py:925} INFO - DAG(s) 'example_complex' retrieved from /home/airflow/.local/lib/python3.12/site-packages/airflow/example_dags/example_complex.py
[2025-04-11T13:47:29.584+0000] {logging_mixin.py:190} INFO - [2025-04-11T13:47:29.584+0000] {dag.py:3239} INFO - Sync 1 DAGs
[2025-04-11T13:47:29.605+0000] {logging_mixin.py:190} INFO - [2025-04-11T13:47:29.605+0000] {dag.py:4180} INFO - Setting next_dagrun for example_complex to None, run_after=None
[2025-04-11T13:47:29.644+0000] {processor.py:208} INFO - Processing /home/airflow/.local/lib/python3.12/site-packages/airflow/example_dags/example_complex.py took 0.145 seconds
[2025-04-11T13:47:59.828+0000] {processor.py:186} INFO - Started process (PID=88040) to work on /home/airflow/.local/lib/python3.12/site-packages/airflow/example_dags/example_complex.py
[2025-04-11T13:47:59.830+0000] {processor.py:914} INFO - Processing file /home/airflow/.local/lib/python3.12/site-packages/airflow/example_dags/example_complex.py for tasks to queue
[2025-04-11T13:47:59.833+0000] {logging_mixin.py:190} INFO - [2025-04-11T13:47:59.832+0000] {dagbag.py:588} INFO - Filling up the DagBag from /home/airflow/.local/lib/python3.12/site-packages/airflow/example_dags/example_complex.py
[2025-04-11T13:47:59.853+0000] {processor.py:925} INFO - DAG(s) 'example_complex' retrieved from /home/airflow/.local/lib/python3.12/site-packages/airflow/example_dags/example_complex.py
[2025-04-11T13:47:59.912+0000] {logging_mixin.py:190} INFO - [2025-04-11T13:47:59.911+0000] {dag.py:3239} INFO - Sync 1 DAGs
[2025-04-11T13:47:59.933+0000] {logging_mixin.py:190} INFO - [2025-04-11T13:47:59.933+0000] {dag.py:4180} INFO - Setting next_dagrun for example_complex to None, run_after=None
[2025-04-11T13:47:59.967+0000] {processor.py:208} INFO - Processing /home/airflow/.local/lib/python3.12/site-packages/airflow/example_dags/example_complex.py took 0.148 seconds
[2025-04-11T13:48:30.341+0000] {processor.py:186} INFO - Started process (PID=88105) to work on /home/airflow/.local/lib/python3.12/site-packages/airflow/example_dags/example_complex.py
[2025-04-11T13:48:30.343+0000] {processor.py:914} INFO - Processing file /home/airflow/.local/lib/python3.12/site-packages/airflow/example_dags/example_complex.py for tasks to queue
[2025-04-11T13:48:30.346+0000] {logging_mixin.py:190} INFO - [2025-04-11T13:48:30.345+0000] {dagbag.py:588} INFO - Filling up the DagBag from /home/airflow/.local/lib/python3.12/site-packages/airflow/example_dags/example_complex.py
[2025-04-11T13:48:30.367+0000] {processor.py:925} INFO - DAG(s) 'example_complex' retrieved from /home/airflow/.local/lib/python3.12/site-packages/airflow/example_dags/example_complex.py
[2025-04-11T13:48:30.423+0000] {logging_mixin.py:190} INFO - [2025-04-11T13:48:30.422+0000] {dag.py:3239} INFO - Sync 1 DAGs
[2025-04-11T13:48:30.445+0000] {logging_mixin.py:190} INFO - [2025-04-11T13:48:30.444+0000] {dag.py:4180} INFO - Setting next_dagrun for example_complex to None, run_after=None
[2025-04-11T13:48:30.481+0000] {processor.py:208} INFO - Processing /home/airflow/.local/lib/python3.12/site-packages/airflow/example_dags/example_complex.py took 0.149 seconds
[2025-04-11T13:49:00.796+0000] {processor.py:186} INFO - Started process (PID=88170) to work on /home/airflow/.local/lib/python3.12/site-packages/airflow/example_dags/example_complex.py
[2025-04-11T13:49:00.798+0000] {processor.py:914} INFO - Processing file /home/airflow/.local/lib/python3.12/site-packages/airflow/example_dags/example_complex.py for tasks to queue
[2025-04-11T13:49:00.800+0000] {logging_mixin.py:190} INFO - [2025-04-11T13:49:00.800+0000] {dagbag.py:588} INFO - Filling up the DagBag from /home/airflow/.local/lib/python3.12/site-packages/airflow/example_dags/example_complex.py
[2025-04-11T13:49:00.819+0000] {processor.py:925} INFO - DAG(s) 'example_complex' retrieved from /home/airflow/.local/lib/python3.12/site-packages/airflow/example_dags/example_complex.py
[2025-04-11T13:49:00.872+0000] {logging_mixin.py:190} INFO - [2025-04-11T13:49:00.872+0000] {dag.py:3239} INFO - Sync 1 DAGs
[2025-04-11T13:49:00.892+0000] {logging_mixin.py:190} INFO - [2025-04-11T13:49:00.892+0000] {dag.py:4180} INFO - Setting next_dagrun for example_complex to None, run_after=None
[2025-04-11T13:49:00.926+0000] {processor.py:208} INFO - Processing /home/airflow/.local/lib/python3.12/site-packages/airflow/example_dags/example_complex.py took 0.142 seconds
[2025-04-11T13:49:31.341+0000] {processor.py:186} INFO - Started process (PID=88234) to work on /home/airflow/.local/lib/python3.12/site-packages/airflow/example_dags/example_complex.py
[2025-04-11T13:49:31.343+0000] {processor.py:914} INFO - Processing file /home/airflow/.local/lib/python3.12/site-packages/airflow/example_dags/example_complex.py for tasks to queue
[2025-04-11T13:49:31.345+0000] {logging_mixin.py:190} INFO - [2025-04-11T13:49:31.345+0000] {dagbag.py:588} INFO - Filling up the DagBag from /home/airflow/.local/lib/python3.12/site-packages/airflow/example_dags/example_complex.py
[2025-04-11T13:49:31.361+0000] {processor.py:925} INFO - DAG(s) 'example_complex' retrieved from /home/airflow/.local/lib/python3.12/site-packages/airflow/example_dags/example_complex.py
[2025-04-11T13:49:31.419+0000] {logging_mixin.py:190} INFO - [2025-04-11T13:49:31.419+0000] {dag.py:3239} INFO - Sync 1 DAGs
[2025-04-11T13:49:31.445+0000] {logging_mixin.py:190} INFO - [2025-04-11T13:49:31.445+0000] {dag.py:4180} INFO - Setting next_dagrun for example_complex to None, run_after=None
[2025-04-11T13:49:31.480+0000] {processor.py:208} INFO - Processing /home/airflow/.local/lib/python3.12/site-packages/airflow/example_dags/example_complex.py took 0.145 seconds
[2025-04-11T13:50:01.875+0000] {processor.py:186} INFO - Started process (PID=88300) to work on /home/airflow/.local/lib/python3.12/site-packages/airflow/example_dags/example_complex.py
[2025-04-11T13:50:01.877+0000] {processor.py:914} INFO - Processing file /home/airflow/.local/lib/python3.12/site-packages/airflow/example_dags/example_complex.py for tasks to queue
[2025-04-11T13:50:01.880+0000] {logging_mixin.py:190} INFO - [2025-04-11T13:50:01.879+0000] {dagbag.py:588} INFO - Filling up the DagBag from /home/airflow/.local/lib/python3.12/site-packages/airflow/example_dags/example_complex.py
[2025-04-11T13:50:01.900+0000] {processor.py:925} INFO - DAG(s) 'example_complex' retrieved from /home/airflow/.local/lib/python3.12/site-packages/airflow/example_dags/example_complex.py
[2025-04-11T13:50:01.952+0000] {logging_mixin.py:190} INFO - [2025-04-11T13:50:01.951+0000] {dag.py:3239} INFO - Sync 1 DAGs
[2025-04-11T13:50:01.975+0000] {logging_mixin.py:190} INFO - [2025-04-11T13:50:01.974+0000] {dag.py:4180} INFO - Setting next_dagrun for example_complex to None, run_after=None
[2025-04-11T13:50:02.018+0000] {processor.py:208} INFO - Processing /home/airflow/.local/lib/python3.12/site-packages/airflow/example_dags/example_complex.py took 0.151 seconds
[2025-04-11T13:50:32.646+0000] {processor.py:186} INFO - Started process (PID=88364) to work on /home/airflow/.local/lib/python3.12/site-packages/airflow/example_dags/example_complex.py
[2025-04-11T13:50:32.648+0000] {processor.py:914} INFO - Processing file /home/airflow/.local/lib/python3.12/site-packages/airflow/example_dags/example_complex.py for tasks to queue
[2025-04-11T13:50:32.650+0000] {logging_mixin.py:190} INFO - [2025-04-11T13:50:32.650+0000] {dagbag.py:588} INFO - Filling up the DagBag from /home/airflow/.local/lib/python3.12/site-packages/airflow/example_dags/example_complex.py
[2025-04-11T13:50:32.673+0000] {processor.py:925} INFO - DAG(s) 'example_complex' retrieved from /home/airflow/.local/lib/python3.12/site-packages/airflow/example_dags/example_complex.py
[2025-04-11T13:50:32.727+0000] {logging_mixin.py:190} INFO - [2025-04-11T13:50:32.727+0000] {dag.py:3239} INFO - Sync 1 DAGs
[2025-04-11T13:50:32.754+0000] {logging_mixin.py:190} INFO - [2025-04-11T13:50:32.753+0000] {dag.py:4180} INFO - Setting next_dagrun for example_complex to None, run_after=None
[2025-04-11T13:50:32.787+0000] {processor.py:208} INFO - Processing /home/airflow/.local/lib/python3.12/site-packages/airflow/example_dags/example_complex.py took 0.149 seconds
[2025-04-11T13:51:03.365+0000] {processor.py:186} INFO - Started process (PID=88429) to work on /home/airflow/.local/lib/python3.12/site-packages/airflow/example_dags/example_complex.py
[2025-04-11T13:51:03.367+0000] {processor.py:914} INFO - Processing file /home/airflow/.local/lib/python3.12/site-packages/airflow/example_dags/example_complex.py for tasks to queue
[2025-04-11T13:51:03.369+0000] {logging_mixin.py:190} INFO - [2025-04-11T13:51:03.369+0000] {dagbag.py:588} INFO - Filling up the DagBag from /home/airflow/.local/lib/python3.12/site-packages/airflow/example_dags/example_complex.py
[2025-04-11T13:51:03.387+0000] {processor.py:925} INFO - DAG(s) 'example_complex' retrieved from /home/airflow/.local/lib/python3.12/site-packages/airflow/example_dags/example_complex.py
[2025-04-11T13:51:03.443+0000] {logging_mixin.py:190} INFO - [2025-04-11T13:51:03.443+0000] {dag.py:3239} INFO - Sync 1 DAGs
[2025-04-11T13:51:03.466+0000] {logging_mixin.py:190} INFO - [2025-04-11T13:51:03.466+0000] {dag.py:4180} INFO - Setting next_dagrun for example_complex to None, run_after=None
[2025-04-11T13:51:03.503+0000] {processor.py:208} INFO - Processing /home/airflow/.local/lib/python3.12/site-packages/airflow/example_dags/example_complex.py took 0.148 seconds
[2025-04-11T13:51:34.055+0000] {processor.py:186} INFO - Started process (PID=88494) to work on /home/airflow/.local/lib/python3.12/site-packages/airflow/example_dags/example_complex.py
[2025-04-11T13:51:34.057+0000] {processor.py:914} INFO - Processing file /home/airflow/.local/lib/python3.12/site-packages/airflow/example_dags/example_complex.py for tasks to queue
[2025-04-11T13:51:34.060+0000] {logging_mixin.py:190} INFO - [2025-04-11T13:51:34.059+0000] {dagbag.py:588} INFO - Filling up the DagBag from /home/airflow/.local/lib/python3.12/site-packages/airflow/example_dags/example_complex.py
[2025-04-11T13:51:34.080+0000] {processor.py:925} INFO - DAG(s) 'example_complex' retrieved from /home/airflow/.local/lib/python3.12/site-packages/airflow/example_dags/example_complex.py
[2025-04-11T13:51:34.132+0000] {logging_mixin.py:190} INFO - [2025-04-11T13:51:34.132+0000] {dag.py:3239} INFO - Sync 1 DAGs
[2025-04-11T13:51:34.159+0000] {logging_mixin.py:190} INFO - [2025-04-11T13:51:34.159+0000] {dag.py:4180} INFO - Setting next_dagrun for example_complex to None, run_after=None
[2025-04-11T13:51:34.199+0000] {processor.py:208} INFO - Processing /home/airflow/.local/lib/python3.12/site-packages/airflow/example_dags/example_complex.py took 0.152 seconds
[2025-04-11T13:52:04.828+0000] {processor.py:186} INFO - Started process (PID=88556) to work on /home/airflow/.local/lib/python3.12/site-packages/airflow/example_dags/example_complex.py
[2025-04-11T13:52:04.829+0000] {processor.py:914} INFO - Processing file /home/airflow/.local/lib/python3.12/site-packages/airflow/example_dags/example_complex.py for tasks to queue
[2025-04-11T13:52:04.832+0000] {logging_mixin.py:190} INFO - [2025-04-11T13:52:04.831+0000] {dagbag.py:588} INFO - Filling up the DagBag from /home/airflow/.local/lib/python3.12/site-packages/airflow/example_dags/example_complex.py
[2025-04-11T13:52:04.851+0000] {processor.py:925} INFO - DAG(s) 'example_complex' retrieved from /home/airflow/.local/lib/python3.12/site-packages/airflow/example_dags/example_complex.py
[2025-04-11T13:52:04.906+0000] {logging_mixin.py:190} INFO - [2025-04-11T13:52:04.905+0000] {dag.py:3239} INFO - Sync 1 DAGs
[2025-04-11T13:52:04.930+0000] {logging_mixin.py:190} INFO - [2025-04-11T13:52:04.930+0000] {dag.py:4180} INFO - Setting next_dagrun for example_complex to None, run_after=None
[2025-04-11T13:52:04.967+0000] {processor.py:208} INFO - Processing /home/airflow/.local/lib/python3.12/site-packages/airflow/example_dags/example_complex.py took 0.150 seconds
[2025-04-11T13:52:35.439+0000] {processor.py:186} INFO - Started process (PID=88616) to work on /home/airflow/.local/lib/python3.12/site-packages/airflow/example_dags/example_complex.py
[2025-04-11T13:52:35.441+0000] {processor.py:914} INFO - Processing file /home/airflow/.local/lib/python3.12/site-packages/airflow/example_dags/example_complex.py for tasks to queue
[2025-04-11T13:52:35.443+0000] {logging_mixin.py:190} INFO - [2025-04-11T13:52:35.443+0000] {dagbag.py:588} INFO - Filling up the DagBag from /home/airflow/.local/lib/python3.12/site-packages/airflow/example_dags/example_complex.py
[2025-04-11T13:52:35.460+0000] {processor.py:925} INFO - DAG(s) 'example_complex' retrieved from /home/airflow/.local/lib/python3.12/site-packages/airflow/example_dags/example_complex.py
[2025-04-11T13:52:35.502+0000] {logging_mixin.py:190} INFO - [2025-04-11T13:52:35.502+0000] {dag.py:3239} INFO - Sync 1 DAGs
[2025-04-11T13:52:35.521+0000] {logging_mixin.py:190} INFO - [2025-04-11T13:52:35.521+0000] {dag.py:4180} INFO - Setting next_dagrun for example_complex to None, run_after=None
[2025-04-11T13:52:35.554+0000] {processor.py:208} INFO - Processing /home/airflow/.local/lib/python3.12/site-packages/airflow/example_dags/example_complex.py took 0.122 seconds
[2025-04-11T13:53:05.752+0000] {processor.py:186} INFO - Started process (PID=88681) to work on /home/airflow/.local/lib/python3.12/site-packages/airflow/example_dags/example_complex.py
[2025-04-11T13:53:05.754+0000] {processor.py:914} INFO - Processing file /home/airflow/.local/lib/python3.12/site-packages/airflow/example_dags/example_complex.py for tasks to queue
[2025-04-11T13:53:05.756+0000] {logging_mixin.py:190} INFO - [2025-04-11T13:53:05.756+0000] {dagbag.py:588} INFO - Filling up the DagBag from /home/airflow/.local/lib/python3.12/site-packages/airflow/example_dags/example_complex.py
[2025-04-11T13:53:05.774+0000] {processor.py:925} INFO - DAG(s) 'example_complex' retrieved from /home/airflow/.local/lib/python3.12/site-packages/airflow/example_dags/example_complex.py
[2025-04-11T13:53:05.825+0000] {logging_mixin.py:190} INFO - [2025-04-11T13:53:05.824+0000] {dag.py:3239} INFO - Sync 1 DAGs
[2025-04-11T13:53:05.859+0000] {logging_mixin.py:190} INFO - [2025-04-11T13:53:05.858+0000] {dag.py:4180} INFO - Setting next_dagrun for example_complex to None, run_after=None
[2025-04-11T13:53:05.895+0000] {processor.py:208} INFO - Processing /home/airflow/.local/lib/python3.12/site-packages/airflow/example_dags/example_complex.py took 0.151 seconds
[2025-04-11T13:53:36.334+0000] {processor.py:186} INFO - Started process (PID=88746) to work on /home/airflow/.local/lib/python3.12/site-packages/airflow/example_dags/example_complex.py
[2025-04-11T13:53:36.335+0000] {processor.py:914} INFO - Processing file /home/airflow/.local/lib/python3.12/site-packages/airflow/example_dags/example_complex.py for tasks to queue
[2025-04-11T13:53:36.338+0000] {logging_mixin.py:190} INFO - [2025-04-11T13:53:36.338+0000] {dagbag.py:588} INFO - Filling up the DagBag from /home/airflow/.local/lib/python3.12/site-packages/airflow/example_dags/example_complex.py
[2025-04-11T13:53:36.358+0000] {processor.py:925} INFO - DAG(s) 'example_complex' retrieved from /home/airflow/.local/lib/python3.12/site-packages/airflow/example_dags/example_complex.py
[2025-04-11T13:53:36.424+0000] {logging_mixin.py:190} INFO - [2025-04-11T13:53:36.423+0000] {dag.py:3239} INFO - Sync 1 DAGs
[2025-04-11T13:53:36.445+0000] {logging_mixin.py:190} INFO - [2025-04-11T13:53:36.444+0000] {dag.py:4180} INFO - Setting next_dagrun for example_complex to None, run_after=None
[2025-04-11T13:53:36.477+0000] {processor.py:208} INFO - Processing /home/airflow/.local/lib/python3.12/site-packages/airflow/example_dags/example_complex.py took 0.151 seconds
[2025-04-11T13:54:06.665+0000] {processor.py:186} INFO - Started process (PID=88811) to work on /home/airflow/.local/lib/python3.12/site-packages/airflow/example_dags/example_complex.py
[2025-04-11T13:54:06.667+0000] {processor.py:914} INFO - Processing file /home/airflow/.local/lib/python3.12/site-packages/airflow/example_dags/example_complex.py for tasks to queue
[2025-04-11T13:54:06.669+0000] {logging_mixin.py:190} INFO - [2025-04-11T13:54:06.669+0000] {dagbag.py:588} INFO - Filling up the DagBag from /home/airflow/.local/lib/python3.12/site-packages/airflow/example_dags/example_complex.py
[2025-04-11T13:54:06.686+0000] {processor.py:925} INFO - DAG(s) 'example_complex' retrieved from /home/airflow/.local/lib/python3.12/site-packages/airflow/example_dags/example_complex.py
[2025-04-11T13:54:06.737+0000] {logging_mixin.py:190} INFO - [2025-04-11T13:54:06.736+0000] {dag.py:3239} INFO - Sync 1 DAGs
[2025-04-11T13:54:06.758+0000] {logging_mixin.py:190} INFO - [2025-04-11T13:54:06.758+0000] {dag.py:4180} INFO - Setting next_dagrun for example_complex to None, run_after=None
[2025-04-11T13:54:06.792+0000] {processor.py:208} INFO - Processing /home/airflow/.local/lib/python3.12/site-packages/airflow/example_dags/example_complex.py took 0.137 seconds
[2025-04-11T13:54:37.091+0000] {processor.py:186} INFO - Started process (PID=88876) to work on /home/airflow/.local/lib/python3.12/site-packages/airflow/example_dags/example_complex.py
[2025-04-11T13:54:37.093+0000] {processor.py:914} INFO - Processing file /home/airflow/.local/lib/python3.12/site-packages/airflow/example_dags/example_complex.py for tasks to queue
[2025-04-11T13:54:37.096+0000] {logging_mixin.py:190} INFO - [2025-04-11T13:54:37.095+0000] {dagbag.py:588} INFO - Filling up the DagBag from /home/airflow/.local/lib/python3.12/site-packages/airflow/example_dags/example_complex.py
[2025-04-11T13:54:37.117+0000] {processor.py:925} INFO - DAG(s) 'example_complex' retrieved from /home/airflow/.local/lib/python3.12/site-packages/airflow/example_dags/example_complex.py
[2025-04-11T13:54:37.173+0000] {logging_mixin.py:190} INFO - [2025-04-11T13:54:37.172+0000] {dag.py:3239} INFO - Sync 1 DAGs
[2025-04-11T13:54:37.198+0000] {logging_mixin.py:190} INFO - [2025-04-11T13:54:37.197+0000] {dag.py:4180} INFO - Setting next_dagrun for example_complex to None, run_after=None
[2025-04-11T13:54:37.233+0000] {processor.py:208} INFO - Processing /home/airflow/.local/lib/python3.12/site-packages/airflow/example_dags/example_complex.py took 0.150 seconds
[2025-04-11T13:55:07.952+0000] {processor.py:186} INFO - Started process (PID=88941) to work on /home/airflow/.local/lib/python3.12/site-packages/airflow/example_dags/example_complex.py
[2025-04-11T13:55:07.954+0000] {processor.py:914} INFO - Processing file /home/airflow/.local/lib/python3.12/site-packages/airflow/example_dags/example_complex.py for tasks to queue
[2025-04-11T13:55:07.956+0000] {logging_mixin.py:190} INFO - [2025-04-11T13:55:07.956+0000] {dagbag.py:588} INFO - Filling up the DagBag from /home/airflow/.local/lib/python3.12/site-packages/airflow/example_dags/example_complex.py
[2025-04-11T13:55:07.978+0000] {processor.py:925} INFO - DAG(s) 'example_complex' retrieved from /home/airflow/.local/lib/python3.12/site-packages/airflow/example_dags/example_complex.py
[2025-04-11T13:55:08.035+0000] {logging_mixin.py:190} INFO - [2025-04-11T13:55:08.034+0000] {dag.py:3239} INFO - Sync 1 DAGs
[2025-04-11T13:55:08.066+0000] {logging_mixin.py:190} INFO - [2025-04-11T13:55:08.065+0000] {dag.py:4180} INFO - Setting next_dagrun for example_complex to None, run_after=None
[2025-04-11T13:55:08.108+0000] {processor.py:208} INFO - Processing /home/airflow/.local/lib/python3.12/site-packages/airflow/example_dags/example_complex.py took 0.166 seconds
[2025-04-11T13:55:38.767+0000] {processor.py:186} INFO - Started process (PID=89006) to work on /home/airflow/.local/lib/python3.12/site-packages/airflow/example_dags/example_complex.py
[2025-04-11T13:55:38.769+0000] {processor.py:914} INFO - Processing file /home/airflow/.local/lib/python3.12/site-packages/airflow/example_dags/example_complex.py for tasks to queue
[2025-04-11T13:55:38.772+0000] {logging_mixin.py:190} INFO - [2025-04-11T13:55:38.771+0000] {dagbag.py:588} INFO - Filling up the DagBag from /home/airflow/.local/lib/python3.12/site-packages/airflow/example_dags/example_complex.py
[2025-04-11T13:55:38.800+0000] {processor.py:925} INFO - DAG(s) 'example_complex' retrieved from /home/airflow/.local/lib/python3.12/site-packages/airflow/example_dags/example_complex.py
[2025-04-11T13:55:38.884+0000] {logging_mixin.py:190} INFO - [2025-04-11T13:55:38.883+0000] {dag.py:3239} INFO - Sync 1 DAGs
[2025-04-11T13:55:38.919+0000] {logging_mixin.py:190} INFO - [2025-04-11T13:55:38.918+0000] {dag.py:4180} INFO - Setting next_dagrun for example_complex to None, run_after=None
[2025-04-11T13:55:38.973+0000] {processor.py:208} INFO - Processing /home/airflow/.local/lib/python3.12/site-packages/airflow/example_dags/example_complex.py took 0.225 seconds
[2025-04-11T13:56:09.686+0000] {processor.py:186} INFO - Started process (PID=89071) to work on /home/airflow/.local/lib/python3.12/site-packages/airflow/example_dags/example_complex.py
[2025-04-11T13:56:09.687+0000] {processor.py:914} INFO - Processing file /home/airflow/.local/lib/python3.12/site-packages/airflow/example_dags/example_complex.py for tasks to queue
[2025-04-11T13:56:09.690+0000] {logging_mixin.py:190} INFO - [2025-04-11T13:56:09.689+0000] {dagbag.py:588} INFO - Filling up the DagBag from /home/airflow/.local/lib/python3.12/site-packages/airflow/example_dags/example_complex.py
[2025-04-11T13:56:09.708+0000] {processor.py:925} INFO - DAG(s) 'example_complex' retrieved from /home/airflow/.local/lib/python3.12/site-packages/airflow/example_dags/example_complex.py
[2025-04-11T13:56:09.765+0000] {logging_mixin.py:190} INFO - [2025-04-11T13:56:09.765+0000] {dag.py:3239} INFO - Sync 1 DAGs
[2025-04-11T13:56:09.794+0000] {logging_mixin.py:190} INFO - [2025-04-11T13:56:09.794+0000] {dag.py:4180} INFO - Setting next_dagrun for example_complex to None, run_after=None
[2025-04-11T13:56:09.831+0000] {processor.py:208} INFO - Processing /home/airflow/.local/lib/python3.12/site-packages/airflow/example_dags/example_complex.py took 0.155 seconds
[2025-04-11T13:56:39.915+0000] {processor.py:186} INFO - Started process (PID=89136) to work on /home/airflow/.local/lib/python3.12/site-packages/airflow/example_dags/example_complex.py
[2025-04-11T13:56:39.917+0000] {processor.py:914} INFO - Processing file /home/airflow/.local/lib/python3.12/site-packages/airflow/example_dags/example_complex.py for tasks to queue
[2025-04-11T13:56:39.920+0000] {logging_mixin.py:190} INFO - [2025-04-11T13:56:39.919+0000] {dagbag.py:588} INFO - Filling up the DagBag from /home/airflow/.local/lib/python3.12/site-packages/airflow/example_dags/example_complex.py
[2025-04-11T13:56:39.946+0000] {processor.py:925} INFO - DAG(s) 'example_complex' retrieved from /home/airflow/.local/lib/python3.12/site-packages/airflow/example_dags/example_complex.py
[2025-04-11T13:56:40.006+0000] {logging_mixin.py:190} INFO - [2025-04-11T13:56:40.006+0000] {dag.py:3239} INFO - Sync 1 DAGs
[2025-04-11T13:56:40.038+0000] {logging_mixin.py:190} INFO - [2025-04-11T13:56:40.037+0000] {dag.py:4180} INFO - Setting next_dagrun for example_complex to None, run_after=None
[2025-04-11T13:56:40.078+0000] {processor.py:208} INFO - Processing /home/airflow/.local/lib/python3.12/site-packages/airflow/example_dags/example_complex.py took 0.174 seconds
[2025-04-11T13:57:10.723+0000] {processor.py:186} INFO - Started process (PID=89201) to work on /home/airflow/.local/lib/python3.12/site-packages/airflow/example_dags/example_complex.py
[2025-04-11T13:57:10.726+0000] {processor.py:914} INFO - Processing file /home/airflow/.local/lib/python3.12/site-packages/airflow/example_dags/example_complex.py for tasks to queue
[2025-04-11T13:57:10.728+0000] {logging_mixin.py:190} INFO - [2025-04-11T13:57:10.728+0000] {dagbag.py:588} INFO - Filling up the DagBag from /home/airflow/.local/lib/python3.12/site-packages/airflow/example_dags/example_complex.py
[2025-04-11T13:57:10.775+0000] {processor.py:925} INFO - DAG(s) 'example_complex' retrieved from /home/airflow/.local/lib/python3.12/site-packages/airflow/example_dags/example_complex.py
[2025-04-11T13:57:10.841+0000] {logging_mixin.py:190} INFO - [2025-04-11T13:57:10.841+0000] {dag.py:3239} INFO - Sync 1 DAGs
[2025-04-11T13:57:10.875+0000] {logging_mixin.py:190} INFO - [2025-04-11T13:57:10.874+0000] {dag.py:4180} INFO - Setting next_dagrun for example_complex to None, run_after=None
[2025-04-11T13:57:10.909+0000] {processor.py:208} INFO - Processing /home/airflow/.local/lib/python3.12/site-packages/airflow/example_dags/example_complex.py took 0.197 seconds
[2025-04-11T13:57:41.092+0000] {processor.py:186} INFO - Started process (PID=89266) to work on /home/airflow/.local/lib/python3.12/site-packages/airflow/example_dags/example_complex.py
[2025-04-11T13:57:41.094+0000] {processor.py:914} INFO - Processing file /home/airflow/.local/lib/python3.12/site-packages/airflow/example_dags/example_complex.py for tasks to queue
[2025-04-11T13:57:41.097+0000] {logging_mixin.py:190} INFO - [2025-04-11T13:57:41.097+0000] {dagbag.py:588} INFO - Filling up the DagBag from /home/airflow/.local/lib/python3.12/site-packages/airflow/example_dags/example_complex.py
[2025-04-11T13:57:41.131+0000] {processor.py:925} INFO - DAG(s) 'example_complex' retrieved from /home/airflow/.local/lib/python3.12/site-packages/airflow/example_dags/example_complex.py
[2025-04-11T13:57:41.181+0000] {logging_mixin.py:190} INFO - [2025-04-11T13:57:41.180+0000] {dag.py:3239} INFO - Sync 1 DAGs
[2025-04-11T13:57:41.204+0000] {logging_mixin.py:190} INFO - [2025-04-11T13:57:41.203+0000] {dag.py:4180} INFO - Setting next_dagrun for example_complex to None, run_after=None
[2025-04-11T13:57:41.238+0000] {processor.py:208} INFO - Processing /home/airflow/.local/lib/python3.12/site-packages/airflow/example_dags/example_complex.py took 0.156 seconds
[2025-04-11T17:16:03.115+0000] {processor.py:186} INFO - Started process (PID=89323) to work on /home/airflow/.local/lib/python3.12/site-packages/airflow/example_dags/example_complex.py
[2025-04-11T17:16:03.118+0000] {processor.py:914} INFO - Processing file /home/airflow/.local/lib/python3.12/site-packages/airflow/example_dags/example_complex.py for tasks to queue
[2025-04-11T17:16:03.123+0000] {logging_mixin.py:190} INFO - [2025-04-11T17:16:03.122+0000] {dagbag.py:588} INFO - Filling up the DagBag from /home/airflow/.local/lib/python3.12/site-packages/airflow/example_dags/example_complex.py
[2025-04-11T17:16:03.183+0000] {processor.py:925} INFO - DAG(s) 'example_complex' retrieved from /home/airflow/.local/lib/python3.12/site-packages/airflow/example_dags/example_complex.py
[2025-04-11T17:16:03.299+0000] {logging_mixin.py:190} INFO - [2025-04-11T17:16:03.298+0000] {dag.py:3239} INFO - Sync 1 DAGs
[2025-04-11T17:16:03.363+0000] {logging_mixin.py:190} INFO - [2025-04-11T17:16:03.362+0000] {dag.py:4180} INFO - Setting next_dagrun for example_complex to None, run_after=None
[2025-04-11T17:16:03.442+0000] {processor.py:208} INFO - Processing /home/airflow/.local/lib/python3.12/site-packages/airflow/example_dags/example_complex.py took 0.346 seconds
[2025-04-11T17:16:45.860+0000] {processor.py:186} INFO - Started process (PID=89383) to work on /home/airflow/.local/lib/python3.12/site-packages/airflow/example_dags/example_complex.py
[2025-04-11T17:16:45.862+0000] {processor.py:914} INFO - Processing file /home/airflow/.local/lib/python3.12/site-packages/airflow/example_dags/example_complex.py for tasks to queue
[2025-04-11T17:16:45.864+0000] {logging_mixin.py:190} INFO - [2025-04-11T17:16:45.863+0000] {dagbag.py:588} INFO - Filling up the DagBag from /home/airflow/.local/lib/python3.12/site-packages/airflow/example_dags/example_complex.py
[2025-04-11T17:16:45.878+0000] {processor.py:925} INFO - DAG(s) 'example_complex' retrieved from /home/airflow/.local/lib/python3.12/site-packages/airflow/example_dags/example_complex.py
[2025-04-11T17:16:45.919+0000] {logging_mixin.py:190} INFO - [2025-04-11T17:16:45.918+0000] {dag.py:3239} INFO - Sync 1 DAGs
[2025-04-11T17:16:45.940+0000] {logging_mixin.py:190} INFO - [2025-04-11T17:16:45.939+0000] {dag.py:4180} INFO - Setting next_dagrun for example_complex to None, run_after=None
[2025-04-11T17:16:45.970+0000] {processor.py:208} INFO - Processing /home/airflow/.local/lib/python3.12/site-packages/airflow/example_dags/example_complex.py took 0.116 seconds
[2025-04-11T17:17:16.861+0000] {processor.py:186} INFO - Started process (PID=89449) to work on /home/airflow/.local/lib/python3.12/site-packages/airflow/example_dags/example_complex.py
[2025-04-11T17:17:16.863+0000] {processor.py:914} INFO - Processing file /home/airflow/.local/lib/python3.12/site-packages/airflow/example_dags/example_complex.py for tasks to queue
[2025-04-11T17:17:16.865+0000] {logging_mixin.py:190} INFO - [2025-04-11T17:17:16.865+0000] {dagbag.py:588} INFO - Filling up the DagBag from /home/airflow/.local/lib/python3.12/site-packages/airflow/example_dags/example_complex.py
[2025-04-11T17:17:16.882+0000] {processor.py:925} INFO - DAG(s) 'example_complex' retrieved from /home/airflow/.local/lib/python3.12/site-packages/airflow/example_dags/example_complex.py
[2025-04-11T17:17:16.924+0000] {logging_mixin.py:190} INFO - [2025-04-11T17:17:16.922+0000] {dag.py:3239} INFO - Sync 1 DAGs
[2025-04-11T17:17:16.943+0000] {logging_mixin.py:190} INFO - [2025-04-11T17:17:16.943+0000] {dag.py:4180} INFO - Setting next_dagrun for example_complex to None, run_after=None
[2025-04-11T17:17:16.974+0000] {processor.py:208} INFO - Processing /home/airflow/.local/lib/python3.12/site-packages/airflow/example_dags/example_complex.py took 0.122 seconds
[2025-04-11T17:17:47.391+0000] {processor.py:186} INFO - Started process (PID=89504) to work on /home/airflow/.local/lib/python3.12/site-packages/airflow/example_dags/example_complex.py
[2025-04-11T17:17:47.393+0000] {processor.py:914} INFO - Processing file /home/airflow/.local/lib/python3.12/site-packages/airflow/example_dags/example_complex.py for tasks to queue
[2025-04-11T17:17:47.395+0000] {logging_mixin.py:190} INFO - [2025-04-11T17:17:47.395+0000] {dagbag.py:588} INFO - Filling up the DagBag from /home/airflow/.local/lib/python3.12/site-packages/airflow/example_dags/example_complex.py
[2025-04-11T17:17:47.417+0000] {processor.py:925} INFO - DAG(s) 'example_complex' retrieved from /home/airflow/.local/lib/python3.12/site-packages/airflow/example_dags/example_complex.py
[2025-04-11T17:17:47.471+0000] {logging_mixin.py:190} INFO - [2025-04-11T17:17:47.470+0000] {dag.py:3239} INFO - Sync 1 DAGs
[2025-04-11T17:17:47.506+0000] {logging_mixin.py:190} INFO - [2025-04-11T17:17:47.506+0000] {dag.py:4180} INFO - Setting next_dagrun for example_complex to None, run_after=None
[2025-04-11T17:17:47.552+0000] {processor.py:208} INFO - Processing /home/airflow/.local/lib/python3.12/site-packages/airflow/example_dags/example_complex.py took 0.170 seconds
[2025-04-11T17:18:18.961+0000] {processor.py:186} INFO - Started process (PID=89569) to work on /home/airflow/.local/lib/python3.12/site-packages/airflow/example_dags/example_complex.py
[2025-04-11T17:18:18.962+0000] {processor.py:914} INFO - Processing file /home/airflow/.local/lib/python3.12/site-packages/airflow/example_dags/example_complex.py for tasks to queue
[2025-04-11T17:18:18.964+0000] {logging_mixin.py:190} INFO - [2025-04-11T17:18:18.964+0000] {dagbag.py:588} INFO - Filling up the DagBag from /home/airflow/.local/lib/python3.12/site-packages/airflow/example_dags/example_complex.py
[2025-04-11T17:18:18.980+0000] {processor.py:925} INFO - DAG(s) 'example_complex' retrieved from /home/airflow/.local/lib/python3.12/site-packages/airflow/example_dags/example_complex.py
[2025-04-11T17:18:19.026+0000] {logging_mixin.py:190} INFO - [2025-04-11T17:18:19.025+0000] {dag.py:3239} INFO - Sync 1 DAGs
[2025-04-11T17:18:19.049+0000] {logging_mixin.py:190} INFO - [2025-04-11T17:18:19.049+0000] {dag.py:4180} INFO - Setting next_dagrun for example_complex to None, run_after=None
[2025-04-11T17:18:19.081+0000] {processor.py:208} INFO - Processing /home/airflow/.local/lib/python3.12/site-packages/airflow/example_dags/example_complex.py took 0.128 seconds
[2025-04-11T17:18:50.352+0000] {processor.py:186} INFO - Started process (PID=89634) to work on /home/airflow/.local/lib/python3.12/site-packages/airflow/example_dags/example_complex.py
[2025-04-11T17:18:50.353+0000] {processor.py:914} INFO - Processing file /home/airflow/.local/lib/python3.12/site-packages/airflow/example_dags/example_complex.py for tasks to queue
[2025-04-11T17:18:50.355+0000] {logging_mixin.py:190} INFO - [2025-04-11T17:18:50.355+0000] {dagbag.py:588} INFO - Filling up the DagBag from /home/airflow/.local/lib/python3.12/site-packages/airflow/example_dags/example_complex.py
[2025-04-11T17:18:50.371+0000] {processor.py:925} INFO - DAG(s) 'example_complex' retrieved from /home/airflow/.local/lib/python3.12/site-packages/airflow/example_dags/example_complex.py
[2025-04-11T17:18:50.417+0000] {logging_mixin.py:190} INFO - [2025-04-11T17:18:50.417+0000] {dag.py:3239} INFO - Sync 1 DAGs
[2025-04-11T17:18:50.440+0000] {logging_mixin.py:190} INFO - [2025-04-11T17:18:50.439+0000] {dag.py:4180} INFO - Setting next_dagrun for example_complex to None, run_after=None
[2025-04-11T17:18:50.476+0000] {processor.py:208} INFO - Processing /home/airflow/.local/lib/python3.12/site-packages/airflow/example_dags/example_complex.py took 0.131 seconds
[2025-04-11T17:19:21.775+0000] {processor.py:186} INFO - Started process (PID=89699) to work on /home/airflow/.local/lib/python3.12/site-packages/airflow/example_dags/example_complex.py
[2025-04-11T17:19:21.777+0000] {processor.py:914} INFO - Processing file /home/airflow/.local/lib/python3.12/site-packages/airflow/example_dags/example_complex.py for tasks to queue
[2025-04-11T17:19:21.779+0000] {logging_mixin.py:190} INFO - [2025-04-11T17:19:21.779+0000] {dagbag.py:588} INFO - Filling up the DagBag from /home/airflow/.local/lib/python3.12/site-packages/airflow/example_dags/example_complex.py
[2025-04-11T17:19:21.798+0000] {processor.py:925} INFO - DAG(s) 'example_complex' retrieved from /home/airflow/.local/lib/python3.12/site-packages/airflow/example_dags/example_complex.py
[2025-04-11T17:19:21.842+0000] {logging_mixin.py:190} INFO - [2025-04-11T17:19:21.842+0000] {dag.py:3239} INFO - Sync 1 DAGs
[2025-04-11T17:19:21.864+0000] {logging_mixin.py:190} INFO - [2025-04-11T17:19:21.864+0000] {dag.py:4180} INFO - Setting next_dagrun for example_complex to None, run_after=None
[2025-04-11T17:19:21.896+0000] {processor.py:208} INFO - Processing /home/airflow/.local/lib/python3.12/site-packages/airflow/example_dags/example_complex.py took 0.130 seconds
[2025-04-11T17:19:51.994+0000] {processor.py:186} INFO - Started process (PID=89759) to work on /home/airflow/.local/lib/python3.12/site-packages/airflow/example_dags/example_complex.py
[2025-04-11T17:19:51.995+0000] {processor.py:914} INFO - Processing file /home/airflow/.local/lib/python3.12/site-packages/airflow/example_dags/example_complex.py for tasks to queue
[2025-04-11T17:19:51.997+0000] {logging_mixin.py:190} INFO - [2025-04-11T17:19:51.997+0000] {dagbag.py:588} INFO - Filling up the DagBag from /home/airflow/.local/lib/python3.12/site-packages/airflow/example_dags/example_complex.py
[2025-04-11T17:19:52.017+0000] {processor.py:925} INFO - DAG(s) 'example_complex' retrieved from /home/airflow/.local/lib/python3.12/site-packages/airflow/example_dags/example_complex.py
[2025-04-11T17:19:52.062+0000] {logging_mixin.py:190} INFO - [2025-04-11T17:19:52.062+0000] {dag.py:3239} INFO - Sync 1 DAGs
[2025-04-11T17:19:52.082+0000] {logging_mixin.py:190} INFO - [2025-04-11T17:19:52.082+0000] {dag.py:4180} INFO - Setting next_dagrun for example_complex to None, run_after=None
[2025-04-11T17:19:52.116+0000] {processor.py:208} INFO - Processing /home/airflow/.local/lib/python3.12/site-packages/airflow/example_dags/example_complex.py took 0.132 seconds
[2025-04-11T17:20:22.464+0000] {processor.py:186} INFO - Started process (PID=89824) to work on /home/airflow/.local/lib/python3.12/site-packages/airflow/example_dags/example_complex.py
[2025-04-11T17:20:22.466+0000] {processor.py:914} INFO - Processing file /home/airflow/.local/lib/python3.12/site-packages/airflow/example_dags/example_complex.py for tasks to queue
[2025-04-11T17:20:22.468+0000] {logging_mixin.py:190} INFO - [2025-04-11T17:20:22.468+0000] {dagbag.py:588} INFO - Filling up the DagBag from /home/airflow/.local/lib/python3.12/site-packages/airflow/example_dags/example_complex.py
[2025-04-11T17:20:22.492+0000] {processor.py:925} INFO - DAG(s) 'example_complex' retrieved from /home/airflow/.local/lib/python3.12/site-packages/airflow/example_dags/example_complex.py
[2025-04-11T17:20:22.543+0000] {logging_mixin.py:190} INFO - [2025-04-11T17:20:22.542+0000] {dag.py:3239} INFO - Sync 1 DAGs
[2025-04-11T17:20:22.569+0000] {logging_mixin.py:190} INFO - [2025-04-11T17:20:22.569+0000] {dag.py:4180} INFO - Setting next_dagrun for example_complex to None, run_after=None
[2025-04-11T17:20:22.602+0000] {processor.py:208} INFO - Processing /home/airflow/.local/lib/python3.12/site-packages/airflow/example_dags/example_complex.py took 0.147 seconds
[2025-04-11T17:20:52.843+0000] {processor.py:186} INFO - Started process (PID=89889) to work on /home/airflow/.local/lib/python3.12/site-packages/airflow/example_dags/example_complex.py
[2025-04-11T17:20:52.846+0000] {processor.py:914} INFO - Processing file /home/airflow/.local/lib/python3.12/site-packages/airflow/example_dags/example_complex.py for tasks to queue
[2025-04-11T17:20:52.849+0000] {logging_mixin.py:190} INFO - [2025-04-11T17:20:52.848+0000] {dagbag.py:588} INFO - Filling up the DagBag from /home/airflow/.local/lib/python3.12/site-packages/airflow/example_dags/example_complex.py
[2025-04-11T17:20:52.868+0000] {processor.py:925} INFO - DAG(s) 'example_complex' retrieved from /home/airflow/.local/lib/python3.12/site-packages/airflow/example_dags/example_complex.py
[2025-04-11T17:20:52.912+0000] {logging_mixin.py:190} INFO - [2025-04-11T17:20:52.912+0000] {dag.py:3239} INFO - Sync 1 DAGs
[2025-04-11T17:20:52.937+0000] {logging_mixin.py:190} INFO - [2025-04-11T17:20:52.936+0000] {dag.py:4180} INFO - Setting next_dagrun for example_complex to None, run_after=None
[2025-04-11T17:20:52.970+0000] {processor.py:208} INFO - Processing /home/airflow/.local/lib/python3.12/site-packages/airflow/example_dags/example_complex.py took 0.136 seconds
[2025-04-11T17:21:23.582+0000] {processor.py:186} INFO - Started process (PID=89954) to work on /home/airflow/.local/lib/python3.12/site-packages/airflow/example_dags/example_complex.py
[2025-04-11T17:21:23.584+0000] {processor.py:914} INFO - Processing file /home/airflow/.local/lib/python3.12/site-packages/airflow/example_dags/example_complex.py for tasks to queue
[2025-04-11T17:21:23.587+0000] {logging_mixin.py:190} INFO - [2025-04-11T17:21:23.586+0000] {dagbag.py:588} INFO - Filling up the DagBag from /home/airflow/.local/lib/python3.12/site-packages/airflow/example_dags/example_complex.py
[2025-04-11T17:21:23.611+0000] {processor.py:925} INFO - DAG(s) 'example_complex' retrieved from /home/airflow/.local/lib/python3.12/site-packages/airflow/example_dags/example_complex.py
[2025-04-11T17:21:23.699+0000] {logging_mixin.py:190} INFO - [2025-04-11T17:21:23.698+0000] {dag.py:3239} INFO - Sync 1 DAGs
[2025-04-11T17:21:23.727+0000] {logging_mixin.py:190} INFO - [2025-04-11T17:21:23.726+0000] {dag.py:4180} INFO - Setting next_dagrun for example_complex to None, run_after=None
[2025-04-11T17:21:23.767+0000] {processor.py:208} INFO - Processing /home/airflow/.local/lib/python3.12/site-packages/airflow/example_dags/example_complex.py took 0.192 seconds
[2025-04-11T17:21:54.212+0000] {processor.py:186} INFO - Started process (PID=90019) to work on /home/airflow/.local/lib/python3.12/site-packages/airflow/example_dags/example_complex.py
[2025-04-11T17:21:54.213+0000] {processor.py:914} INFO - Processing file /home/airflow/.local/lib/python3.12/site-packages/airflow/example_dags/example_complex.py for tasks to queue
[2025-04-11T17:21:54.215+0000] {logging_mixin.py:190} INFO - [2025-04-11T17:21:54.215+0000] {dagbag.py:588} INFO - Filling up the DagBag from /home/airflow/.local/lib/python3.12/site-packages/airflow/example_dags/example_complex.py
[2025-04-11T17:21:54.231+0000] {processor.py:925} INFO - DAG(s) 'example_complex' retrieved from /home/airflow/.local/lib/python3.12/site-packages/airflow/example_dags/example_complex.py
[2025-04-11T17:21:54.275+0000] {logging_mixin.py:190} INFO - [2025-04-11T17:21:54.274+0000] {dag.py:3239} INFO - Sync 1 DAGs
[2025-04-11T17:21:54.296+0000] {logging_mixin.py:190} INFO - [2025-04-11T17:21:54.295+0000] {dag.py:4180} INFO - Setting next_dagrun for example_complex to None, run_after=None
[2025-04-11T17:21:54.327+0000] {processor.py:208} INFO - Processing /home/airflow/.local/lib/python3.12/site-packages/airflow/example_dags/example_complex.py took 0.123 seconds
[2025-04-11T17:22:24.514+0000] {processor.py:186} INFO - Started process (PID=90084) to work on /home/airflow/.local/lib/python3.12/site-packages/airflow/example_dags/example_complex.py
[2025-04-11T17:22:24.515+0000] {processor.py:914} INFO - Processing file /home/airflow/.local/lib/python3.12/site-packages/airflow/example_dags/example_complex.py for tasks to queue
[2025-04-11T17:22:24.518+0000] {logging_mixin.py:190} INFO - [2025-04-11T17:22:24.517+0000] {dagbag.py:588} INFO - Filling up the DagBag from /home/airflow/.local/lib/python3.12/site-packages/airflow/example_dags/example_complex.py
[2025-04-11T17:22:24.537+0000] {processor.py:925} INFO - DAG(s) 'example_complex' retrieved from /home/airflow/.local/lib/python3.12/site-packages/airflow/example_dags/example_complex.py
[2025-04-11T17:22:24.586+0000] {logging_mixin.py:190} INFO - [2025-04-11T17:22:24.586+0000] {dag.py:3239} INFO - Sync 1 DAGs
[2025-04-11T17:22:24.607+0000] {logging_mixin.py:190} INFO - [2025-04-11T17:22:24.607+0000] {dag.py:4180} INFO - Setting next_dagrun for example_complex to None, run_after=None
[2025-04-11T17:22:24.639+0000] {processor.py:208} INFO - Processing /home/airflow/.local/lib/python3.12/site-packages/airflow/example_dags/example_complex.py took 0.133 seconds
[2025-04-11T17:22:54.891+0000] {processor.py:186} INFO - Started process (PID=90148) to work on /home/airflow/.local/lib/python3.12/site-packages/airflow/example_dags/example_complex.py
[2025-04-11T17:22:54.893+0000] {processor.py:914} INFO - Processing file /home/airflow/.local/lib/python3.12/site-packages/airflow/example_dags/example_complex.py for tasks to queue
[2025-04-11T17:22:54.896+0000] {logging_mixin.py:190} INFO - [2025-04-11T17:22:54.895+0000] {dagbag.py:588} INFO - Filling up the DagBag from /home/airflow/.local/lib/python3.12/site-packages/airflow/example_dags/example_complex.py
[2025-04-11T17:22:54.920+0000] {processor.py:925} INFO - DAG(s) 'example_complex' retrieved from /home/airflow/.local/lib/python3.12/site-packages/airflow/example_dags/example_complex.py
[2025-04-11T17:22:54.970+0000] {logging_mixin.py:190} INFO - [2025-04-11T17:22:54.969+0000] {dag.py:3239} INFO - Sync 1 DAGs
[2025-04-11T17:22:54.998+0000] {logging_mixin.py:190} INFO - [2025-04-11T17:22:54.998+0000] {dag.py:4180} INFO - Setting next_dagrun for example_complex to None, run_after=None
[2025-04-11T17:22:55.037+0000] {processor.py:208} INFO - Processing /home/airflow/.local/lib/python3.12/site-packages/airflow/example_dags/example_complex.py took 0.157 seconds
[2025-04-11T17:23:25.225+0000] {processor.py:186} INFO - Started process (PID=90213) to work on /home/airflow/.local/lib/python3.12/site-packages/airflow/example_dags/example_complex.py
[2025-04-11T17:23:25.226+0000] {processor.py:914} INFO - Processing file /home/airflow/.local/lib/python3.12/site-packages/airflow/example_dags/example_complex.py for tasks to queue
[2025-04-11T17:23:25.229+0000] {logging_mixin.py:190} INFO - [2025-04-11T17:23:25.228+0000] {dagbag.py:588} INFO - Filling up the DagBag from /home/airflow/.local/lib/python3.12/site-packages/airflow/example_dags/example_complex.py
[2025-04-11T17:23:25.246+0000] {processor.py:925} INFO - DAG(s) 'example_complex' retrieved from /home/airflow/.local/lib/python3.12/site-packages/airflow/example_dags/example_complex.py
[2025-04-11T17:23:25.288+0000] {logging_mixin.py:190} INFO - [2025-04-11T17:23:25.288+0000] {dag.py:3239} INFO - Sync 1 DAGs
[2025-04-11T17:23:25.311+0000] {logging_mixin.py:190} INFO - [2025-04-11T17:23:25.311+0000] {dag.py:4180} INFO - Setting next_dagrun for example_complex to None, run_after=None
[2025-04-11T17:23:25.349+0000] {processor.py:208} INFO - Processing /home/airflow/.local/lib/python3.12/site-packages/airflow/example_dags/example_complex.py took 0.132 seconds
[2025-04-11T17:23:55.503+0000] {processor.py:186} INFO - Started process (PID=90279) to work on /home/airflow/.local/lib/python3.12/site-packages/airflow/example_dags/example_complex.py
[2025-04-11T17:23:55.505+0000] {processor.py:914} INFO - Processing file /home/airflow/.local/lib/python3.12/site-packages/airflow/example_dags/example_complex.py for tasks to queue
[2025-04-11T17:23:55.507+0000] {logging_mixin.py:190} INFO - [2025-04-11T17:23:55.507+0000] {dagbag.py:588} INFO - Filling up the DagBag from /home/airflow/.local/lib/python3.12/site-packages/airflow/example_dags/example_complex.py
[2025-04-11T17:23:55.528+0000] {processor.py:925} INFO - DAG(s) 'example_complex' retrieved from /home/airflow/.local/lib/python3.12/site-packages/airflow/example_dags/example_complex.py
[2025-04-11T17:23:55.574+0000] {logging_mixin.py:190} INFO - [2025-04-11T17:23:55.573+0000] {dag.py:3239} INFO - Sync 1 DAGs
[2025-04-11T17:23:55.605+0000] {logging_mixin.py:190} INFO - [2025-04-11T17:23:55.605+0000] {dag.py:4180} INFO - Setting next_dagrun for example_complex to None, run_after=None
[2025-04-11T17:23:55.641+0000] {processor.py:208} INFO - Processing /home/airflow/.local/lib/python3.12/site-packages/airflow/example_dags/example_complex.py took 0.149 seconds
[2025-04-11T17:24:26.055+0000] {processor.py:186} INFO - Started process (PID=90344) to work on /home/airflow/.local/lib/python3.12/site-packages/airflow/example_dags/example_complex.py
[2025-04-11T17:24:26.056+0000] {processor.py:914} INFO - Processing file /home/airflow/.local/lib/python3.12/site-packages/airflow/example_dags/example_complex.py for tasks to queue
[2025-04-11T17:24:26.060+0000] {logging_mixin.py:190} INFO - [2025-04-11T17:24:26.059+0000] {dagbag.py:588} INFO - Filling up the DagBag from /home/airflow/.local/lib/python3.12/site-packages/airflow/example_dags/example_complex.py
[2025-04-11T17:24:26.076+0000] {processor.py:925} INFO - DAG(s) 'example_complex' retrieved from /home/airflow/.local/lib/python3.12/site-packages/airflow/example_dags/example_complex.py
[2025-04-11T17:24:26.119+0000] {logging_mixin.py:190} INFO - [2025-04-11T17:24:26.118+0000] {dag.py:3239} INFO - Sync 1 DAGs
[2025-04-11T17:24:26.139+0000] {logging_mixin.py:190} INFO - [2025-04-11T17:24:26.139+0000] {dag.py:4180} INFO - Setting next_dagrun for example_complex to None, run_after=None
[2025-04-11T17:24:26.173+0000] {processor.py:208} INFO - Processing /home/airflow/.local/lib/python3.12/site-packages/airflow/example_dags/example_complex.py took 0.126 seconds
[2025-04-11T17:24:56.644+0000] {processor.py:186} INFO - Started process (PID=90409) to work on /home/airflow/.local/lib/python3.12/site-packages/airflow/example_dags/example_complex.py
[2025-04-11T17:24:56.645+0000] {processor.py:914} INFO - Processing file /home/airflow/.local/lib/python3.12/site-packages/airflow/example_dags/example_complex.py for tasks to queue
[2025-04-11T17:24:56.647+0000] {logging_mixin.py:190} INFO - [2025-04-11T17:24:56.647+0000] {dagbag.py:588} INFO - Filling up the DagBag from /home/airflow/.local/lib/python3.12/site-packages/airflow/example_dags/example_complex.py
[2025-04-11T17:24:56.663+0000] {processor.py:925} INFO - DAG(s) 'example_complex' retrieved from /home/airflow/.local/lib/python3.12/site-packages/airflow/example_dags/example_complex.py
[2025-04-11T17:24:56.711+0000] {logging_mixin.py:190} INFO - [2025-04-11T17:24:56.711+0000] {dag.py:3239} INFO - Sync 1 DAGs
[2025-04-11T17:24:56.737+0000] {logging_mixin.py:190} INFO - [2025-04-11T17:24:56.736+0000] {dag.py:4180} INFO - Setting next_dagrun for example_complex to None, run_after=None
[2025-04-11T17:24:56.775+0000] {processor.py:208} INFO - Processing /home/airflow/.local/lib/python3.12/site-packages/airflow/example_dags/example_complex.py took 0.138 seconds
[2025-04-11T17:25:26.882+0000] {processor.py:186} INFO - Started process (PID=90474) to work on /home/airflow/.local/lib/python3.12/site-packages/airflow/example_dags/example_complex.py
[2025-04-11T17:25:26.883+0000] {processor.py:914} INFO - Processing file /home/airflow/.local/lib/python3.12/site-packages/airflow/example_dags/example_complex.py for tasks to queue
[2025-04-11T17:25:26.885+0000] {logging_mixin.py:190} INFO - [2025-04-11T17:25:26.885+0000] {dagbag.py:588} INFO - Filling up the DagBag from /home/airflow/.local/lib/python3.12/site-packages/airflow/example_dags/example_complex.py
[2025-04-11T17:25:26.914+0000] {processor.py:925} INFO - DAG(s) 'example_complex' retrieved from /home/airflow/.local/lib/python3.12/site-packages/airflow/example_dags/example_complex.py
[2025-04-11T17:25:26.972+0000] {logging_mixin.py:190} INFO - [2025-04-11T17:25:26.972+0000] {dag.py:3239} INFO - Sync 1 DAGs
[2025-04-11T17:25:26.996+0000] {logging_mixin.py:190} INFO - [2025-04-11T17:25:26.996+0000] {dag.py:4180} INFO - Setting next_dagrun for example_complex to None, run_after=None
[2025-04-11T17:25:27.030+0000] {processor.py:208} INFO - Processing /home/airflow/.local/lib/python3.12/site-packages/airflow/example_dags/example_complex.py took 0.156 seconds
[2025-04-11T17:25:57.465+0000] {processor.py:186} INFO - Started process (PID=90539) to work on /home/airflow/.local/lib/python3.12/site-packages/airflow/example_dags/example_complex.py
[2025-04-11T17:25:57.467+0000] {processor.py:914} INFO - Processing file /home/airflow/.local/lib/python3.12/site-packages/airflow/example_dags/example_complex.py for tasks to queue
[2025-04-11T17:25:57.469+0000] {logging_mixin.py:190} INFO - [2025-04-11T17:25:57.468+0000] {dagbag.py:588} INFO - Filling up the DagBag from /home/airflow/.local/lib/python3.12/site-packages/airflow/example_dags/example_complex.py
[2025-04-11T17:25:57.485+0000] {processor.py:925} INFO - DAG(s) 'example_complex' retrieved from /home/airflow/.local/lib/python3.12/site-packages/airflow/example_dags/example_complex.py
[2025-04-11T17:25:57.542+0000] {logging_mixin.py:190} INFO - [2025-04-11T17:25:57.542+0000] {dag.py:3239} INFO - Sync 1 DAGs
[2025-04-11T17:25:57.563+0000] {logging_mixin.py:190} INFO - [2025-04-11T17:25:57.563+0000] {dag.py:4180} INFO - Setting next_dagrun for example_complex to None, run_after=None
[2025-04-11T17:25:57.592+0000] {processor.py:208} INFO - Processing /home/airflow/.local/lib/python3.12/site-packages/airflow/example_dags/example_complex.py took 0.136 seconds
[2025-04-11T17:26:28.172+0000] {processor.py:186} INFO - Started process (PID=90604) to work on /home/airflow/.local/lib/python3.12/site-packages/airflow/example_dags/example_complex.py
[2025-04-11T17:26:28.174+0000] {processor.py:914} INFO - Processing file /home/airflow/.local/lib/python3.12/site-packages/airflow/example_dags/example_complex.py for tasks to queue
[2025-04-11T17:26:28.176+0000] {logging_mixin.py:190} INFO - [2025-04-11T17:26:28.176+0000] {dagbag.py:588} INFO - Filling up the DagBag from /home/airflow/.local/lib/python3.12/site-packages/airflow/example_dags/example_complex.py
[2025-04-11T17:26:28.193+0000] {processor.py:925} INFO - DAG(s) 'example_complex' retrieved from /home/airflow/.local/lib/python3.12/site-packages/airflow/example_dags/example_complex.py
[2025-04-11T17:26:28.235+0000] {logging_mixin.py:190} INFO - [2025-04-11T17:26:28.235+0000] {dag.py:3239} INFO - Sync 1 DAGs
[2025-04-11T17:26:28.258+0000] {logging_mixin.py:190} INFO - [2025-04-11T17:26:28.258+0000] {dag.py:4180} INFO - Setting next_dagrun for example_complex to None, run_after=None
[2025-04-11T17:26:28.290+0000] {processor.py:208} INFO - Processing /home/airflow/.local/lib/python3.12/site-packages/airflow/example_dags/example_complex.py took 0.125 seconds
[2025-04-11T17:26:58.790+0000] {processor.py:186} INFO - Started process (PID=90669) to work on /home/airflow/.local/lib/python3.12/site-packages/airflow/example_dags/example_complex.py
[2025-04-11T17:26:58.791+0000] {processor.py:914} INFO - Processing file /home/airflow/.local/lib/python3.12/site-packages/airflow/example_dags/example_complex.py for tasks to queue
[2025-04-11T17:26:58.793+0000] {logging_mixin.py:190} INFO - [2025-04-11T17:26:58.793+0000] {dagbag.py:588} INFO - Filling up the DagBag from /home/airflow/.local/lib/python3.12/site-packages/airflow/example_dags/example_complex.py
[2025-04-11T17:26:58.809+0000] {processor.py:925} INFO - DAG(s) 'example_complex' retrieved from /home/airflow/.local/lib/python3.12/site-packages/airflow/example_dags/example_complex.py
[2025-04-11T17:26:58.853+0000] {logging_mixin.py:190} INFO - [2025-04-11T17:26:58.853+0000] {dag.py:3239} INFO - Sync 1 DAGs
[2025-04-11T17:26:58.876+0000] {logging_mixin.py:190} INFO - [2025-04-11T17:26:58.875+0000] {dag.py:4180} INFO - Setting next_dagrun for example_complex to None, run_after=None
[2025-04-11T17:26:58.906+0000] {processor.py:208} INFO - Processing /home/airflow/.local/lib/python3.12/site-packages/airflow/example_dags/example_complex.py took 0.125 seconds
[2025-04-11T17:27:29.080+0000] {processor.py:186} INFO - Started process (PID=90734) to work on /home/airflow/.local/lib/python3.12/site-packages/airflow/example_dags/example_complex.py
[2025-04-11T17:27:29.082+0000] {processor.py:914} INFO - Processing file /home/airflow/.local/lib/python3.12/site-packages/airflow/example_dags/example_complex.py for tasks to queue
[2025-04-11T17:27:29.084+0000] {logging_mixin.py:190} INFO - [2025-04-11T17:27:29.083+0000] {dagbag.py:588} INFO - Filling up the DagBag from /home/airflow/.local/lib/python3.12/site-packages/airflow/example_dags/example_complex.py
[2025-04-11T17:27:29.101+0000] {processor.py:925} INFO - DAG(s) 'example_complex' retrieved from /home/airflow/.local/lib/python3.12/site-packages/airflow/example_dags/example_complex.py
[2025-04-11T17:27:29.144+0000] {logging_mixin.py:190} INFO - [2025-04-11T17:27:29.144+0000] {dag.py:3239} INFO - Sync 1 DAGs
[2025-04-11T17:27:29.166+0000] {logging_mixin.py:190} INFO - [2025-04-11T17:27:29.166+0000] {dag.py:4180} INFO - Setting next_dagrun for example_complex to None, run_after=None
[2025-04-11T17:27:29.196+0000] {processor.py:208} INFO - Processing /home/airflow/.local/lib/python3.12/site-packages/airflow/example_dags/example_complex.py took 0.125 seconds
[2025-04-11T17:27:59.418+0000] {processor.py:186} INFO - Started process (PID=90799) to work on /home/airflow/.local/lib/python3.12/site-packages/airflow/example_dags/example_complex.py
[2025-04-11T17:27:59.419+0000] {processor.py:914} INFO - Processing file /home/airflow/.local/lib/python3.12/site-packages/airflow/example_dags/example_complex.py for tasks to queue
[2025-04-11T17:27:59.422+0000] {logging_mixin.py:190} INFO - [2025-04-11T17:27:59.422+0000] {dagbag.py:588} INFO - Filling up the DagBag from /home/airflow/.local/lib/python3.12/site-packages/airflow/example_dags/example_complex.py
[2025-04-11T17:27:59.441+0000] {processor.py:925} INFO - DAG(s) 'example_complex' retrieved from /home/airflow/.local/lib/python3.12/site-packages/airflow/example_dags/example_complex.py
[2025-04-11T17:27:59.506+0000] {logging_mixin.py:190} INFO - [2025-04-11T17:27:59.506+0000] {dag.py:3239} INFO - Sync 1 DAGs
[2025-04-11T17:27:59.534+0000] {logging_mixin.py:190} INFO - [2025-04-11T17:27:59.534+0000] {dag.py:4180} INFO - Setting next_dagrun for example_complex to None, run_after=None
[2025-04-11T17:27:59.571+0000] {processor.py:208} INFO - Processing /home/airflow/.local/lib/python3.12/site-packages/airflow/example_dags/example_complex.py took 0.164 seconds
[2025-04-11T17:28:29.886+0000] {processor.py:186} INFO - Started process (PID=90864) to work on /home/airflow/.local/lib/python3.12/site-packages/airflow/example_dags/example_complex.py
[2025-04-11T17:28:29.887+0000] {processor.py:914} INFO - Processing file /home/airflow/.local/lib/python3.12/site-packages/airflow/example_dags/example_complex.py for tasks to queue
[2025-04-11T17:28:29.889+0000] {logging_mixin.py:190} INFO - [2025-04-11T17:28:29.889+0000] {dagbag.py:588} INFO - Filling up the DagBag from /home/airflow/.local/lib/python3.12/site-packages/airflow/example_dags/example_complex.py
[2025-04-11T17:28:29.905+0000] {processor.py:925} INFO - DAG(s) 'example_complex' retrieved from /home/airflow/.local/lib/python3.12/site-packages/airflow/example_dags/example_complex.py
[2025-04-11T17:28:29.950+0000] {logging_mixin.py:190} INFO - [2025-04-11T17:28:29.950+0000] {dag.py:3239} INFO - Sync 1 DAGs
[2025-04-11T17:28:29.971+0000] {logging_mixin.py:190} INFO - [2025-04-11T17:28:29.970+0000] {dag.py:4180} INFO - Setting next_dagrun for example_complex to None, run_after=None
[2025-04-11T17:28:30.003+0000] {processor.py:208} INFO - Processing /home/airflow/.local/lib/python3.12/site-packages/airflow/example_dags/example_complex.py took 0.126 seconds
[2025-04-11T17:29:00.153+0000] {processor.py:186} INFO - Started process (PID=90929) to work on /home/airflow/.local/lib/python3.12/site-packages/airflow/example_dags/example_complex.py
[2025-04-11T17:29:00.155+0000] {processor.py:914} INFO - Processing file /home/airflow/.local/lib/python3.12/site-packages/airflow/example_dags/example_complex.py for tasks to queue
[2025-04-11T17:29:00.157+0000] {logging_mixin.py:190} INFO - [2025-04-11T17:29:00.156+0000] {dagbag.py:588} INFO - Filling up the DagBag from /home/airflow/.local/lib/python3.12/site-packages/airflow/example_dags/example_complex.py
[2025-04-11T17:29:00.173+0000] {processor.py:925} INFO - DAG(s) 'example_complex' retrieved from /home/airflow/.local/lib/python3.12/site-packages/airflow/example_dags/example_complex.py
[2025-04-11T17:29:00.214+0000] {logging_mixin.py:190} INFO - [2025-04-11T17:29:00.214+0000] {dag.py:3239} INFO - Sync 1 DAGs
[2025-04-11T17:29:00.235+0000] {logging_mixin.py:190} INFO - [2025-04-11T17:29:00.235+0000] {dag.py:4180} INFO - Setting next_dagrun for example_complex to None, run_after=None
[2025-04-11T17:29:00.270+0000] {processor.py:208} INFO - Processing /home/airflow/.local/lib/python3.12/site-packages/airflow/example_dags/example_complex.py took 0.124 seconds
[2025-04-11T17:29:30.357+0000] {processor.py:186} INFO - Started process (PID=90995) to work on /home/airflow/.local/lib/python3.12/site-packages/airflow/example_dags/example_complex.py
[2025-04-11T17:29:30.359+0000] {processor.py:914} INFO - Processing file /home/airflow/.local/lib/python3.12/site-packages/airflow/example_dags/example_complex.py for tasks to queue
[2025-04-11T17:29:30.361+0000] {logging_mixin.py:190} INFO - [2025-04-11T17:29:30.360+0000] {dagbag.py:588} INFO - Filling up the DagBag from /home/airflow/.local/lib/python3.12/site-packages/airflow/example_dags/example_complex.py
[2025-04-11T17:29:30.378+0000] {processor.py:925} INFO - DAG(s) 'example_complex' retrieved from /home/airflow/.local/lib/python3.12/site-packages/airflow/example_dags/example_complex.py
[2025-04-11T17:29:30.422+0000] {logging_mixin.py:190} INFO - [2025-04-11T17:29:30.421+0000] {dag.py:3239} INFO - Sync 1 DAGs
[2025-04-11T17:29:30.441+0000] {logging_mixin.py:190} INFO - [2025-04-11T17:29:30.441+0000] {dag.py:4180} INFO - Setting next_dagrun for example_complex to None, run_after=None
[2025-04-11T17:29:30.476+0000] {processor.py:208} INFO - Processing /home/airflow/.local/lib/python3.12/site-packages/airflow/example_dags/example_complex.py took 0.128 seconds
[2025-04-11T17:30:00.610+0000] {processor.py:186} INFO - Started process (PID=91060) to work on /home/airflow/.local/lib/python3.12/site-packages/airflow/example_dags/example_complex.py
[2025-04-11T17:30:00.612+0000] {processor.py:914} INFO - Processing file /home/airflow/.local/lib/python3.12/site-packages/airflow/example_dags/example_complex.py for tasks to queue
[2025-04-11T17:30:00.616+0000] {logging_mixin.py:190} INFO - [2025-04-11T17:30:00.615+0000] {dagbag.py:588} INFO - Filling up the DagBag from /home/airflow/.local/lib/python3.12/site-packages/airflow/example_dags/example_complex.py
[2025-04-11T17:30:00.636+0000] {processor.py:925} INFO - DAG(s) 'example_complex' retrieved from /home/airflow/.local/lib/python3.12/site-packages/airflow/example_dags/example_complex.py
[2025-04-11T17:30:00.688+0000] {logging_mixin.py:190} INFO - [2025-04-11T17:30:00.687+0000] {dag.py:3239} INFO - Sync 1 DAGs
[2025-04-11T17:30:00.718+0000] {logging_mixin.py:190} INFO - [2025-04-11T17:30:00.717+0000] {dag.py:4180} INFO - Setting next_dagrun for example_complex to None, run_after=None
[2025-04-11T17:30:00.749+0000] {processor.py:208} INFO - Processing /home/airflow/.local/lib/python3.12/site-packages/airflow/example_dags/example_complex.py took 0.150 seconds
[2025-04-11T17:30:30.955+0000] {processor.py:186} INFO - Started process (PID=91125) to work on /home/airflow/.local/lib/python3.12/site-packages/airflow/example_dags/example_complex.py
[2025-04-11T17:30:30.957+0000] {processor.py:914} INFO - Processing file /home/airflow/.local/lib/python3.12/site-packages/airflow/example_dags/example_complex.py for tasks to queue
[2025-04-11T17:30:30.959+0000] {logging_mixin.py:190} INFO - [2025-04-11T17:30:30.958+0000] {dagbag.py:588} INFO - Filling up the DagBag from /home/airflow/.local/lib/python3.12/site-packages/airflow/example_dags/example_complex.py
[2025-04-11T17:30:30.975+0000] {processor.py:925} INFO - DAG(s) 'example_complex' retrieved from /home/airflow/.local/lib/python3.12/site-packages/airflow/example_dags/example_complex.py
[2025-04-11T17:30:31.021+0000] {logging_mixin.py:190} INFO - [2025-04-11T17:30:31.021+0000] {dag.py:3239} INFO - Sync 1 DAGs
[2025-04-11T17:30:31.042+0000] {logging_mixin.py:190} INFO - [2025-04-11T17:30:31.041+0000] {dag.py:4180} INFO - Setting next_dagrun for example_complex to None, run_after=None
[2025-04-11T17:30:31.072+0000] {processor.py:208} INFO - Processing /home/airflow/.local/lib/python3.12/site-packages/airflow/example_dags/example_complex.py took 0.124 seconds
[2025-04-11T17:31:01.525+0000] {processor.py:186} INFO - Started process (PID=91190) to work on /home/airflow/.local/lib/python3.12/site-packages/airflow/example_dags/example_complex.py
[2025-04-11T17:31:01.526+0000] {processor.py:914} INFO - Processing file /home/airflow/.local/lib/python3.12/site-packages/airflow/example_dags/example_complex.py for tasks to queue
[2025-04-11T17:31:01.528+0000] {logging_mixin.py:190} INFO - [2025-04-11T17:31:01.528+0000] {dagbag.py:588} INFO - Filling up the DagBag from /home/airflow/.local/lib/python3.12/site-packages/airflow/example_dags/example_complex.py
[2025-04-11T17:31:01.545+0000] {processor.py:925} INFO - DAG(s) 'example_complex' retrieved from /home/airflow/.local/lib/python3.12/site-packages/airflow/example_dags/example_complex.py
[2025-04-11T17:31:01.592+0000] {logging_mixin.py:190} INFO - [2025-04-11T17:31:01.591+0000] {dag.py:3239} INFO - Sync 1 DAGs
[2025-04-11T17:31:01.612+0000] {logging_mixin.py:190} INFO - [2025-04-11T17:31:01.612+0000] {dag.py:4180} INFO - Setting next_dagrun for example_complex to None, run_after=None
[2025-04-11T17:31:01.643+0000] {processor.py:208} INFO - Processing /home/airflow/.local/lib/python3.12/site-packages/airflow/example_dags/example_complex.py took 0.126 seconds
[2025-04-11T17:31:32.020+0000] {processor.py:186} INFO - Started process (PID=91255) to work on /home/airflow/.local/lib/python3.12/site-packages/airflow/example_dags/example_complex.py
[2025-04-11T17:31:32.021+0000] {processor.py:914} INFO - Processing file /home/airflow/.local/lib/python3.12/site-packages/airflow/example_dags/example_complex.py for tasks to queue
[2025-04-11T17:31:32.023+0000] {logging_mixin.py:190} INFO - [2025-04-11T17:31:32.023+0000] {dagbag.py:588} INFO - Filling up the DagBag from /home/airflow/.local/lib/python3.12/site-packages/airflow/example_dags/example_complex.py
[2025-04-11T17:31:32.037+0000] {processor.py:925} INFO - DAG(s) 'example_complex' retrieved from /home/airflow/.local/lib/python3.12/site-packages/airflow/example_dags/example_complex.py
[2025-04-11T17:31:32.075+0000] {logging_mixin.py:190} INFO - [2025-04-11T17:31:32.075+0000] {dag.py:3239} INFO - Sync 1 DAGs
[2025-04-11T17:31:32.097+0000] {logging_mixin.py:190} INFO - [2025-04-11T17:31:32.096+0000] {dag.py:4180} INFO - Setting next_dagrun for example_complex to None, run_after=None
[2025-04-11T17:31:32.131+0000] {processor.py:208} INFO - Processing /home/airflow/.local/lib/python3.12/site-packages/airflow/example_dags/example_complex.py took 0.117 seconds
[2025-04-11T17:32:02.493+0000] {processor.py:186} INFO - Started process (PID=91308) to work on /home/airflow/.local/lib/python3.12/site-packages/airflow/example_dags/example_complex.py
[2025-04-11T17:32:02.495+0000] {processor.py:914} INFO - Processing file /home/airflow/.local/lib/python3.12/site-packages/airflow/example_dags/example_complex.py for tasks to queue
[2025-04-11T17:32:02.498+0000] {logging_mixin.py:190} INFO - [2025-04-11T17:32:02.497+0000] {dagbag.py:588} INFO - Filling up the DagBag from /home/airflow/.local/lib/python3.12/site-packages/airflow/example_dags/example_complex.py
[2025-04-11T17:32:02.520+0000] {processor.py:925} INFO - DAG(s) 'example_complex' retrieved from /home/airflow/.local/lib/python3.12/site-packages/airflow/example_dags/example_complex.py
[2025-04-11T17:32:02.564+0000] {logging_mixin.py:190} INFO - [2025-04-11T17:32:02.564+0000] {dag.py:3239} INFO - Sync 1 DAGs
[2025-04-11T17:32:02.586+0000] {logging_mixin.py:190} INFO - [2025-04-11T17:32:02.585+0000] {dag.py:4180} INFO - Setting next_dagrun for example_complex to None, run_after=None
[2025-04-11T17:32:02.618+0000] {processor.py:208} INFO - Processing /home/airflow/.local/lib/python3.12/site-packages/airflow/example_dags/example_complex.py took 0.132 seconds
[2025-04-11T17:32:32.939+0000] {processor.py:186} INFO - Started process (PID=91371) to work on /home/airflow/.local/lib/python3.12/site-packages/airflow/example_dags/example_complex.py
[2025-04-11T17:32:32.940+0000] {processor.py:914} INFO - Processing file /home/airflow/.local/lib/python3.12/site-packages/airflow/example_dags/example_complex.py for tasks to queue
[2025-04-11T17:32:32.942+0000] {logging_mixin.py:190} INFO - [2025-04-11T17:32:32.942+0000] {dagbag.py:588} INFO - Filling up the DagBag from /home/airflow/.local/lib/python3.12/site-packages/airflow/example_dags/example_complex.py
[2025-04-11T17:32:32.958+0000] {processor.py:925} INFO - DAG(s) 'example_complex' retrieved from /home/airflow/.local/lib/python3.12/site-packages/airflow/example_dags/example_complex.py
[2025-04-11T17:32:33.001+0000] {logging_mixin.py:190} INFO - [2025-04-11T17:32:33.000+0000] {dag.py:3239} INFO - Sync 1 DAGs
[2025-04-11T17:32:33.023+0000] {logging_mixin.py:190} INFO - [2025-04-11T17:32:33.022+0000] {dag.py:4180} INFO - Setting next_dagrun for example_complex to None, run_after=None
[2025-04-11T17:32:33.056+0000] {processor.py:208} INFO - Processing /home/airflow/.local/lib/python3.12/site-packages/airflow/example_dags/example_complex.py took 0.124 seconds
[2025-04-11T17:33:03.476+0000] {processor.py:186} INFO - Started process (PID=91431) to work on /home/airflow/.local/lib/python3.12/site-packages/airflow/example_dags/example_complex.py
[2025-04-11T17:33:03.478+0000] {processor.py:914} INFO - Processing file /home/airflow/.local/lib/python3.12/site-packages/airflow/example_dags/example_complex.py for tasks to queue
[2025-04-11T17:33:03.480+0000] {logging_mixin.py:190} INFO - [2025-04-11T17:33:03.479+0000] {dagbag.py:588} INFO - Filling up the DagBag from /home/airflow/.local/lib/python3.12/site-packages/airflow/example_dags/example_complex.py
[2025-04-11T17:33:03.496+0000] {processor.py:925} INFO - DAG(s) 'example_complex' retrieved from /home/airflow/.local/lib/python3.12/site-packages/airflow/example_dags/example_complex.py
[2025-04-11T17:33:03.537+0000] {logging_mixin.py:190} INFO - [2025-04-11T17:33:03.536+0000] {dag.py:3239} INFO - Sync 1 DAGs
[2025-04-11T17:33:03.555+0000] {logging_mixin.py:190} INFO - [2025-04-11T17:33:03.554+0000] {dag.py:4180} INFO - Setting next_dagrun for example_complex to None, run_after=None
[2025-04-11T17:33:03.584+0000] {processor.py:208} INFO - Processing /home/airflow/.local/lib/python3.12/site-packages/airflow/example_dags/example_complex.py took 0.114 seconds
[2025-04-11T17:33:34.001+0000] {processor.py:186} INFO - Started process (PID=91490) to work on /home/airflow/.local/lib/python3.12/site-packages/airflow/example_dags/example_complex.py
[2025-04-11T17:33:34.002+0000] {processor.py:914} INFO - Processing file /home/airflow/.local/lib/python3.12/site-packages/airflow/example_dags/example_complex.py for tasks to queue
[2025-04-11T17:33:34.005+0000] {logging_mixin.py:190} INFO - [2025-04-11T17:33:34.004+0000] {dagbag.py:588} INFO - Filling up the DagBag from /home/airflow/.local/lib/python3.12/site-packages/airflow/example_dags/example_complex.py
[2025-04-11T17:33:34.025+0000] {processor.py:925} INFO - DAG(s) 'example_complex' retrieved from /home/airflow/.local/lib/python3.12/site-packages/airflow/example_dags/example_complex.py
[2025-04-11T17:33:34.074+0000] {logging_mixin.py:190} INFO - [2025-04-11T17:33:34.073+0000] {dag.py:3239} INFO - Sync 1 DAGs
[2025-04-11T17:33:34.095+0000] {logging_mixin.py:190} INFO - [2025-04-11T17:33:34.095+0000] {dag.py:4180} INFO - Setting next_dagrun for example_complex to None, run_after=None
[2025-04-11T17:33:34.128+0000] {processor.py:208} INFO - Processing /home/airflow/.local/lib/python3.12/site-packages/airflow/example_dags/example_complex.py took 0.137 seconds
[2025-04-11T17:34:04.788+0000] {processor.py:186} INFO - Started process (PID=91555) to work on /home/airflow/.local/lib/python3.12/site-packages/airflow/example_dags/example_complex.py
[2025-04-11T17:34:04.789+0000] {processor.py:914} INFO - Processing file /home/airflow/.local/lib/python3.12/site-packages/airflow/example_dags/example_complex.py for tasks to queue
[2025-04-11T17:34:04.792+0000] {logging_mixin.py:190} INFO - [2025-04-11T17:34:04.791+0000] {dagbag.py:588} INFO - Filling up the DagBag from /home/airflow/.local/lib/python3.12/site-packages/airflow/example_dags/example_complex.py
[2025-04-11T17:34:04.808+0000] {processor.py:925} INFO - DAG(s) 'example_complex' retrieved from /home/airflow/.local/lib/python3.12/site-packages/airflow/example_dags/example_complex.py
[2025-04-11T17:34:04.854+0000] {logging_mixin.py:190} INFO - [2025-04-11T17:34:04.854+0000] {dag.py:3239} INFO - Sync 1 DAGs
[2025-04-11T17:34:04.880+0000] {logging_mixin.py:190} INFO - [2025-04-11T17:34:04.880+0000] {dag.py:4180} INFO - Setting next_dagrun for example_complex to None, run_after=None
[2025-04-11T17:34:04.917+0000] {processor.py:208} INFO - Processing /home/airflow/.local/lib/python3.12/site-packages/airflow/example_dags/example_complex.py took 0.136 seconds
[2025-04-11T17:34:35.385+0000] {processor.py:186} INFO - Started process (PID=91620) to work on /home/airflow/.local/lib/python3.12/site-packages/airflow/example_dags/example_complex.py
[2025-04-11T17:34:35.386+0000] {processor.py:914} INFO - Processing file /home/airflow/.local/lib/python3.12/site-packages/airflow/example_dags/example_complex.py for tasks to queue
[2025-04-11T17:34:35.389+0000] {logging_mixin.py:190} INFO - [2025-04-11T17:34:35.389+0000] {dagbag.py:588} INFO - Filling up the DagBag from /home/airflow/.local/lib/python3.12/site-packages/airflow/example_dags/example_complex.py
[2025-04-11T17:34:35.407+0000] {processor.py:925} INFO - DAG(s) 'example_complex' retrieved from /home/airflow/.local/lib/python3.12/site-packages/airflow/example_dags/example_complex.py
[2025-04-11T17:34:35.452+0000] {logging_mixin.py:190} INFO - [2025-04-11T17:34:35.451+0000] {dag.py:3239} INFO - Sync 1 DAGs
[2025-04-11T17:34:35.474+0000] {logging_mixin.py:190} INFO - [2025-04-11T17:34:35.473+0000] {dag.py:4180} INFO - Setting next_dagrun for example_complex to None, run_after=None
[2025-04-11T17:34:35.505+0000] {processor.py:208} INFO - Processing /home/airflow/.local/lib/python3.12/site-packages/airflow/example_dags/example_complex.py took 0.130 seconds
[2025-04-11T17:35:05.723+0000] {processor.py:186} INFO - Started process (PID=91685) to work on /home/airflow/.local/lib/python3.12/site-packages/airflow/example_dags/example_complex.py
[2025-04-11T17:35:05.724+0000] {processor.py:914} INFO - Processing file /home/airflow/.local/lib/python3.12/site-packages/airflow/example_dags/example_complex.py for tasks to queue
[2025-04-11T17:35:05.727+0000] {logging_mixin.py:190} INFO - [2025-04-11T17:35:05.726+0000] {dagbag.py:588} INFO - Filling up the DagBag from /home/airflow/.local/lib/python3.12/site-packages/airflow/example_dags/example_complex.py
[2025-04-11T17:35:05.744+0000] {processor.py:925} INFO - DAG(s) 'example_complex' retrieved from /home/airflow/.local/lib/python3.12/site-packages/airflow/example_dags/example_complex.py
[2025-04-11T17:35:05.793+0000] {logging_mixin.py:190} INFO - [2025-04-11T17:35:05.793+0000] {dag.py:3239} INFO - Sync 1 DAGs
[2025-04-11T17:35:05.813+0000] {logging_mixin.py:190} INFO - [2025-04-11T17:35:05.813+0000] {dag.py:4180} INFO - Setting next_dagrun for example_complex to None, run_after=None
[2025-04-11T17:35:05.841+0000] {processor.py:208} INFO - Processing /home/airflow/.local/lib/python3.12/site-packages/airflow/example_dags/example_complex.py took 0.127 seconds
[2025-04-11T17:35:35.964+0000] {processor.py:186} INFO - Started process (PID=91746) to work on /home/airflow/.local/lib/python3.12/site-packages/airflow/example_dags/example_complex.py
[2025-04-11T17:35:35.965+0000] {processor.py:914} INFO - Processing file /home/airflow/.local/lib/python3.12/site-packages/airflow/example_dags/example_complex.py for tasks to queue
[2025-04-11T17:35:35.967+0000] {logging_mixin.py:190} INFO - [2025-04-11T17:35:35.967+0000] {dagbag.py:588} INFO - Filling up the DagBag from /home/airflow/.local/lib/python3.12/site-packages/airflow/example_dags/example_complex.py
[2025-04-11T17:35:35.986+0000] {processor.py:925} INFO - DAG(s) 'example_complex' retrieved from /home/airflow/.local/lib/python3.12/site-packages/airflow/example_dags/example_complex.py
[2025-04-11T17:35:36.041+0000] {logging_mixin.py:190} INFO - [2025-04-11T17:35:36.041+0000] {dag.py:3239} INFO - Sync 1 DAGs
[2025-04-11T17:35:36.064+0000] {logging_mixin.py:190} INFO - [2025-04-11T17:35:36.063+0000] {dag.py:4180} INFO - Setting next_dagrun for example_complex to None, run_after=None
[2025-04-11T17:35:36.097+0000] {processor.py:208} INFO - Processing /home/airflow/.local/lib/python3.12/site-packages/airflow/example_dags/example_complex.py took 0.143 seconds
[2025-04-11T17:36:06.877+0000] {processor.py:186} INFO - Started process (PID=91811) to work on /home/airflow/.local/lib/python3.12/site-packages/airflow/example_dags/example_complex.py
[2025-04-11T17:36:06.879+0000] {processor.py:914} INFO - Processing file /home/airflow/.local/lib/python3.12/site-packages/airflow/example_dags/example_complex.py for tasks to queue
[2025-04-11T17:36:06.881+0000] {logging_mixin.py:190} INFO - [2025-04-11T17:36:06.881+0000] {dagbag.py:588} INFO - Filling up the DagBag from /home/airflow/.local/lib/python3.12/site-packages/airflow/example_dags/example_complex.py
[2025-04-11T17:36:06.899+0000] {processor.py:925} INFO - DAG(s) 'example_complex' retrieved from /home/airflow/.local/lib/python3.12/site-packages/airflow/example_dags/example_complex.py
[2025-04-11T17:36:06.947+0000] {logging_mixin.py:190} INFO - [2025-04-11T17:36:06.946+0000] {dag.py:3239} INFO - Sync 1 DAGs
[2025-04-11T17:36:06.971+0000] {logging_mixin.py:190} INFO - [2025-04-11T17:36:06.970+0000] {dag.py:4180} INFO - Setting next_dagrun for example_complex to None, run_after=None
[2025-04-11T17:36:07.002+0000] {processor.py:208} INFO - Processing /home/airflow/.local/lib/python3.12/site-packages/airflow/example_dags/example_complex.py took 0.133 seconds
[2025-04-11T17:36:37.289+0000] {processor.py:186} INFO - Started process (PID=91876) to work on /home/airflow/.local/lib/python3.12/site-packages/airflow/example_dags/example_complex.py
[2025-04-11T17:36:37.290+0000] {processor.py:914} INFO - Processing file /home/airflow/.local/lib/python3.12/site-packages/airflow/example_dags/example_complex.py for tasks to queue
[2025-04-11T17:36:37.293+0000] {logging_mixin.py:190} INFO - [2025-04-11T17:36:37.292+0000] {dagbag.py:588} INFO - Filling up the DagBag from /home/airflow/.local/lib/python3.12/site-packages/airflow/example_dags/example_complex.py
[2025-04-11T17:36:37.311+0000] {processor.py:925} INFO - DAG(s) 'example_complex' retrieved from /home/airflow/.local/lib/python3.12/site-packages/airflow/example_dags/example_complex.py
[2025-04-11T17:36:37.357+0000] {logging_mixin.py:190} INFO - [2025-04-11T17:36:37.357+0000] {dag.py:3239} INFO - Sync 1 DAGs
[2025-04-11T17:36:37.382+0000] {logging_mixin.py:190} INFO - [2025-04-11T17:36:37.381+0000] {dag.py:4180} INFO - Setting next_dagrun for example_complex to None, run_after=None
[2025-04-11T17:36:37.418+0000] {processor.py:208} INFO - Processing /home/airflow/.local/lib/python3.12/site-packages/airflow/example_dags/example_complex.py took 0.136 seconds
[2025-04-11T17:37:07.898+0000] {processor.py:186} INFO - Started process (PID=91941) to work on /home/airflow/.local/lib/python3.12/site-packages/airflow/example_dags/example_complex.py
[2025-04-11T17:37:07.900+0000] {processor.py:914} INFO - Processing file /home/airflow/.local/lib/python3.12/site-packages/airflow/example_dags/example_complex.py for tasks to queue
[2025-04-11T17:37:07.903+0000] {logging_mixin.py:190} INFO - [2025-04-11T17:37:07.902+0000] {dagbag.py:588} INFO - Filling up the DagBag from /home/airflow/.local/lib/python3.12/site-packages/airflow/example_dags/example_complex.py
[2025-04-11T17:37:07.922+0000] {processor.py:925} INFO - DAG(s) 'example_complex' retrieved from /home/airflow/.local/lib/python3.12/site-packages/airflow/example_dags/example_complex.py
[2025-04-11T17:37:07.963+0000] {logging_mixin.py:190} INFO - [2025-04-11T17:37:07.962+0000] {dag.py:3239} INFO - Sync 1 DAGs
[2025-04-11T17:37:07.988+0000] {logging_mixin.py:190} INFO - [2025-04-11T17:37:07.988+0000] {dag.py:4180} INFO - Setting next_dagrun for example_complex to None, run_after=None
[2025-04-11T17:37:08.025+0000] {processor.py:208} INFO - Processing /home/airflow/.local/lib/python3.12/site-packages/airflow/example_dags/example_complex.py took 0.136 seconds
[2025-04-11T17:37:38.667+0000] {processor.py:186} INFO - Started process (PID=92006) to work on /home/airflow/.local/lib/python3.12/site-packages/airflow/example_dags/example_complex.py
[2025-04-11T17:37:38.668+0000] {processor.py:914} INFO - Processing file /home/airflow/.local/lib/python3.12/site-packages/airflow/example_dags/example_complex.py for tasks to queue
[2025-04-11T17:37:38.670+0000] {logging_mixin.py:190} INFO - [2025-04-11T17:37:38.670+0000] {dagbag.py:588} INFO - Filling up the DagBag from /home/airflow/.local/lib/python3.12/site-packages/airflow/example_dags/example_complex.py
[2025-04-11T17:37:38.691+0000] {processor.py:925} INFO - DAG(s) 'example_complex' retrieved from /home/airflow/.local/lib/python3.12/site-packages/airflow/example_dags/example_complex.py
[2025-04-11T17:37:38.743+0000] {logging_mixin.py:190} INFO - [2025-04-11T17:37:38.743+0000] {dag.py:3239} INFO - Sync 1 DAGs
[2025-04-11T17:37:38.765+0000] {logging_mixin.py:190} INFO - [2025-04-11T17:37:38.765+0000] {dag.py:4180} INFO - Setting next_dagrun for example_complex to None, run_after=None
[2025-04-11T17:37:38.800+0000] {processor.py:208} INFO - Processing /home/airflow/.local/lib/python3.12/site-packages/airflow/example_dags/example_complex.py took 0.142 seconds
[2025-04-11T17:38:09.167+0000] {processor.py:186} INFO - Started process (PID=92070) to work on /home/airflow/.local/lib/python3.12/site-packages/airflow/example_dags/example_complex.py
[2025-04-11T17:38:09.169+0000] {processor.py:914} INFO - Processing file /home/airflow/.local/lib/python3.12/site-packages/airflow/example_dags/example_complex.py for tasks to queue
[2025-04-11T17:38:09.172+0000] {logging_mixin.py:190} INFO - [2025-04-11T17:38:09.171+0000] {dagbag.py:588} INFO - Filling up the DagBag from /home/airflow/.local/lib/python3.12/site-packages/airflow/example_dags/example_complex.py
[2025-04-11T17:38:09.192+0000] {processor.py:925} INFO - DAG(s) 'example_complex' retrieved from /home/airflow/.local/lib/python3.12/site-packages/airflow/example_dags/example_complex.py
[2025-04-11T17:38:09.238+0000] {logging_mixin.py:190} INFO - [2025-04-11T17:38:09.238+0000] {dag.py:3239} INFO - Sync 1 DAGs
[2025-04-11T17:38:09.268+0000] {logging_mixin.py:190} INFO - [2025-04-11T17:38:09.267+0000] {dag.py:4180} INFO - Setting next_dagrun for example_complex to None, run_after=None
[2025-04-11T17:38:09.301+0000] {processor.py:208} INFO - Processing /home/airflow/.local/lib/python3.12/site-packages/airflow/example_dags/example_complex.py took 0.147 seconds
[2025-04-11T17:38:39.991+0000] {processor.py:186} INFO - Started process (PID=92135) to work on /home/airflow/.local/lib/python3.12/site-packages/airflow/example_dags/example_complex.py
[2025-04-11T17:38:39.992+0000] {processor.py:914} INFO - Processing file /home/airflow/.local/lib/python3.12/site-packages/airflow/example_dags/example_complex.py for tasks to queue
[2025-04-11T17:38:39.995+0000] {logging_mixin.py:190} INFO - [2025-04-11T17:38:39.994+0000] {dagbag.py:588} INFO - Filling up the DagBag from /home/airflow/.local/lib/python3.12/site-packages/airflow/example_dags/example_complex.py
[2025-04-11T17:38:40.021+0000] {processor.py:925} INFO - DAG(s) 'example_complex' retrieved from /home/airflow/.local/lib/python3.12/site-packages/airflow/example_dags/example_complex.py
[2025-04-11T17:38:40.071+0000] {logging_mixin.py:190} INFO - [2025-04-11T17:38:40.071+0000] {dag.py:3239} INFO - Sync 1 DAGs
[2025-04-11T17:38:40.096+0000] {logging_mixin.py:190} INFO - [2025-04-11T17:38:40.095+0000] {dag.py:4180} INFO - Setting next_dagrun for example_complex to None, run_after=None
[2025-04-11T17:38:40.130+0000] {processor.py:208} INFO - Processing /home/airflow/.local/lib/python3.12/site-packages/airflow/example_dags/example_complex.py took 0.148 seconds
[2025-04-11T17:39:10.264+0000] {processor.py:186} INFO - Started process (PID=92200) to work on /home/airflow/.local/lib/python3.12/site-packages/airflow/example_dags/example_complex.py
[2025-04-11T17:39:10.266+0000] {processor.py:914} INFO - Processing file /home/airflow/.local/lib/python3.12/site-packages/airflow/example_dags/example_complex.py for tasks to queue
[2025-04-11T17:39:10.268+0000] {logging_mixin.py:190} INFO - [2025-04-11T17:39:10.267+0000] {dagbag.py:588} INFO - Filling up the DagBag from /home/airflow/.local/lib/python3.12/site-packages/airflow/example_dags/example_complex.py
[2025-04-11T17:39:10.285+0000] {processor.py:925} INFO - DAG(s) 'example_complex' retrieved from /home/airflow/.local/lib/python3.12/site-packages/airflow/example_dags/example_complex.py
[2025-04-11T17:39:10.333+0000] {logging_mixin.py:190} INFO - [2025-04-11T17:39:10.333+0000] {dag.py:3239} INFO - Sync 1 DAGs
[2025-04-11T17:39:10.356+0000] {logging_mixin.py:190} INFO - [2025-04-11T17:39:10.356+0000] {dag.py:4180} INFO - Setting next_dagrun for example_complex to None, run_after=None
[2025-04-11T17:39:10.391+0000] {processor.py:208} INFO - Processing /home/airflow/.local/lib/python3.12/site-packages/airflow/example_dags/example_complex.py took 0.134 seconds
[2025-04-11T17:39:40.703+0000] {processor.py:186} INFO - Started process (PID=92266) to work on /home/airflow/.local/lib/python3.12/site-packages/airflow/example_dags/example_complex.py
[2025-04-11T17:39:40.705+0000] {processor.py:914} INFO - Processing file /home/airflow/.local/lib/python3.12/site-packages/airflow/example_dags/example_complex.py for tasks to queue
[2025-04-11T17:39:40.707+0000] {logging_mixin.py:190} INFO - [2025-04-11T17:39:40.706+0000] {dagbag.py:588} INFO - Filling up the DagBag from /home/airflow/.local/lib/python3.12/site-packages/airflow/example_dags/example_complex.py
[2025-04-11T17:39:40.724+0000] {processor.py:925} INFO - DAG(s) 'example_complex' retrieved from /home/airflow/.local/lib/python3.12/site-packages/airflow/example_dags/example_complex.py
[2025-04-11T17:39:40.768+0000] {logging_mixin.py:190} INFO - [2025-04-11T17:39:40.767+0000] {dag.py:3239} INFO - Sync 1 DAGs
[2025-04-11T17:39:40.790+0000] {logging_mixin.py:190} INFO - [2025-04-11T17:39:40.790+0000] {dag.py:4180} INFO - Setting next_dagrun for example_complex to None, run_after=None
[2025-04-11T17:39:40.821+0000] {processor.py:208} INFO - Processing /home/airflow/.local/lib/python3.12/site-packages/airflow/example_dags/example_complex.py took 0.125 seconds
[2025-04-11T17:40:11.553+0000] {processor.py:186} INFO - Started process (PID=92332) to work on /home/airflow/.local/lib/python3.12/site-packages/airflow/example_dags/example_complex.py
[2025-04-11T17:40:11.555+0000] {processor.py:914} INFO - Processing file /home/airflow/.local/lib/python3.12/site-packages/airflow/example_dags/example_complex.py for tasks to queue
[2025-04-11T17:40:11.557+0000] {logging_mixin.py:190} INFO - [2025-04-11T17:40:11.557+0000] {dagbag.py:588} INFO - Filling up the DagBag from /home/airflow/.local/lib/python3.12/site-packages/airflow/example_dags/example_complex.py
[2025-04-11T17:40:11.576+0000] {processor.py:925} INFO - DAG(s) 'example_complex' retrieved from /home/airflow/.local/lib/python3.12/site-packages/airflow/example_dags/example_complex.py
[2025-04-11T17:40:11.620+0000] {logging_mixin.py:190} INFO - [2025-04-11T17:40:11.620+0000] {dag.py:3239} INFO - Sync 1 DAGs
[2025-04-11T17:40:11.646+0000] {logging_mixin.py:190} INFO - [2025-04-11T17:40:11.645+0000] {dag.py:4180} INFO - Setting next_dagrun for example_complex to None, run_after=None
[2025-04-11T17:40:11.679+0000] {processor.py:208} INFO - Processing /home/airflow/.local/lib/python3.12/site-packages/airflow/example_dags/example_complex.py took 0.141 seconds
[2025-04-11T17:40:42.039+0000] {processor.py:186} INFO - Started process (PID=92397) to work on /home/airflow/.local/lib/python3.12/site-packages/airflow/example_dags/example_complex.py
[2025-04-11T17:40:42.041+0000] {processor.py:914} INFO - Processing file /home/airflow/.local/lib/python3.12/site-packages/airflow/example_dags/example_complex.py for tasks to queue
[2025-04-11T17:40:42.043+0000] {logging_mixin.py:190} INFO - [2025-04-11T17:40:42.043+0000] {dagbag.py:588} INFO - Filling up the DagBag from /home/airflow/.local/lib/python3.12/site-packages/airflow/example_dags/example_complex.py
[2025-04-11T17:40:42.060+0000] {processor.py:925} INFO - DAG(s) 'example_complex' retrieved from /home/airflow/.local/lib/python3.12/site-packages/airflow/example_dags/example_complex.py
[2025-04-11T17:40:42.104+0000] {logging_mixin.py:190} INFO - [2025-04-11T17:40:42.103+0000] {dag.py:3239} INFO - Sync 1 DAGs
[2025-04-11T17:40:42.125+0000] {logging_mixin.py:190} INFO - [2025-04-11T17:40:42.124+0000] {dag.py:4180} INFO - Setting next_dagrun for example_complex to None, run_after=None
[2025-04-11T17:40:42.155+0000] {processor.py:208} INFO - Processing /home/airflow/.local/lib/python3.12/site-packages/airflow/example_dags/example_complex.py took 0.125 seconds
[2025-04-11T17:41:12.810+0000] {processor.py:186} INFO - Started process (PID=92462) to work on /home/airflow/.local/lib/python3.12/site-packages/airflow/example_dags/example_complex.py
[2025-04-11T17:41:12.812+0000] {processor.py:914} INFO - Processing file /home/airflow/.local/lib/python3.12/site-packages/airflow/example_dags/example_complex.py for tasks to queue
[2025-04-11T17:41:12.814+0000] {logging_mixin.py:190} INFO - [2025-04-11T17:41:12.814+0000] {dagbag.py:588} INFO - Filling up the DagBag from /home/airflow/.local/lib/python3.12/site-packages/airflow/example_dags/example_complex.py
[2025-04-11T17:41:12.830+0000] {processor.py:925} INFO - DAG(s) 'example_complex' retrieved from /home/airflow/.local/lib/python3.12/site-packages/airflow/example_dags/example_complex.py
[2025-04-11T17:41:12.874+0000] {logging_mixin.py:190} INFO - [2025-04-11T17:41:12.873+0000] {dag.py:3239} INFO - Sync 1 DAGs
[2025-04-11T17:41:13.144+0000] {logging_mixin.py:190} INFO - [2025-04-11T17:41:13.144+0000] {dag.py:4180} INFO - Setting next_dagrun for example_complex to None, run_after=None
[2025-04-11T17:41:13.180+0000] {processor.py:208} INFO - Processing /home/airflow/.local/lib/python3.12/site-packages/airflow/example_dags/example_complex.py took 0.378 seconds
[2025-04-11T17:41:43.513+0000] {processor.py:186} INFO - Started process (PID=92527) to work on /home/airflow/.local/lib/python3.12/site-packages/airflow/example_dags/example_complex.py
[2025-04-11T17:41:43.515+0000] {processor.py:914} INFO - Processing file /home/airflow/.local/lib/python3.12/site-packages/airflow/example_dags/example_complex.py for tasks to queue
[2025-04-11T17:41:43.517+0000] {logging_mixin.py:190} INFO - [2025-04-11T17:41:43.517+0000] {dagbag.py:588} INFO - Filling up the DagBag from /home/airflow/.local/lib/python3.12/site-packages/airflow/example_dags/example_complex.py
[2025-04-11T17:41:43.534+0000] {processor.py:925} INFO - DAG(s) 'example_complex' retrieved from /home/airflow/.local/lib/python3.12/site-packages/airflow/example_dags/example_complex.py
[2025-04-11T17:41:43.580+0000] {logging_mixin.py:190} INFO - [2025-04-11T17:41:43.580+0000] {dag.py:3239} INFO - Sync 1 DAGs
[2025-04-11T17:41:43.601+0000] {logging_mixin.py:190} INFO - [2025-04-11T17:41:43.600+0000] {dag.py:4180} INFO - Setting next_dagrun for example_complex to None, run_after=None
[2025-04-11T17:41:43.633+0000] {processor.py:208} INFO - Processing /home/airflow/.local/lib/python3.12/site-packages/airflow/example_dags/example_complex.py took 0.128 seconds
[2025-04-11T17:42:13.763+0000] {processor.py:186} INFO - Started process (PID=92592) to work on /home/airflow/.local/lib/python3.12/site-packages/airflow/example_dags/example_complex.py
[2025-04-11T17:42:13.765+0000] {processor.py:914} INFO - Processing file /home/airflow/.local/lib/python3.12/site-packages/airflow/example_dags/example_complex.py for tasks to queue
[2025-04-11T17:42:13.767+0000] {logging_mixin.py:190} INFO - [2025-04-11T17:42:13.767+0000] {dagbag.py:588} INFO - Filling up the DagBag from /home/airflow/.local/lib/python3.12/site-packages/airflow/example_dags/example_complex.py
[2025-04-11T17:42:13.783+0000] {processor.py:925} INFO - DAG(s) 'example_complex' retrieved from /home/airflow/.local/lib/python3.12/site-packages/airflow/example_dags/example_complex.py
[2025-04-11T17:42:13.832+0000] {logging_mixin.py:190} INFO - [2025-04-11T17:42:13.832+0000] {dag.py:3239} INFO - Sync 1 DAGs
[2025-04-11T17:42:13.858+0000] {logging_mixin.py:190} INFO - [2025-04-11T17:42:13.858+0000] {dag.py:4180} INFO - Setting next_dagrun for example_complex to None, run_after=None
[2025-04-11T17:42:13.893+0000] {processor.py:208} INFO - Processing /home/airflow/.local/lib/python3.12/site-packages/airflow/example_dags/example_complex.py took 0.139 seconds
[2025-04-11T17:42:44.783+0000] {processor.py:186} INFO - Started process (PID=92657) to work on /home/airflow/.local/lib/python3.12/site-packages/airflow/example_dags/example_complex.py
[2025-04-11T17:42:44.784+0000] {processor.py:914} INFO - Processing file /home/airflow/.local/lib/python3.12/site-packages/airflow/example_dags/example_complex.py for tasks to queue
[2025-04-11T17:42:44.786+0000] {logging_mixin.py:190} INFO - [2025-04-11T17:42:44.786+0000] {dagbag.py:588} INFO - Filling up the DagBag from /home/airflow/.local/lib/python3.12/site-packages/airflow/example_dags/example_complex.py
[2025-04-11T17:42:44.803+0000] {processor.py:925} INFO - DAG(s) 'example_complex' retrieved from /home/airflow/.local/lib/python3.12/site-packages/airflow/example_dags/example_complex.py
[2025-04-11T17:42:44.865+0000] {logging_mixin.py:190} INFO - [2025-04-11T17:42:44.865+0000] {dag.py:3239} INFO - Sync 1 DAGs
[2025-04-11T17:42:44.898+0000] {logging_mixin.py:190} INFO - [2025-04-11T17:42:44.898+0000] {dag.py:4180} INFO - Setting next_dagrun for example_complex to None, run_after=None
[2025-04-11T17:42:44.933+0000] {processor.py:208} INFO - Processing /home/airflow/.local/lib/python3.12/site-packages/airflow/example_dags/example_complex.py took 0.158 seconds
[2025-04-11T17:43:15.266+0000] {processor.py:186} INFO - Started process (PID=92728) to work on /home/airflow/.local/lib/python3.12/site-packages/airflow/example_dags/example_complex.py
[2025-04-11T17:43:15.268+0000] {processor.py:914} INFO - Processing file /home/airflow/.local/lib/python3.12/site-packages/airflow/example_dags/example_complex.py for tasks to queue
[2025-04-11T17:43:15.270+0000] {logging_mixin.py:190} INFO - [2025-04-11T17:43:15.269+0000] {dagbag.py:588} INFO - Filling up the DagBag from /home/airflow/.local/lib/python3.12/site-packages/airflow/example_dags/example_complex.py
[2025-04-11T17:43:15.287+0000] {processor.py:925} INFO - DAG(s) 'example_complex' retrieved from /home/airflow/.local/lib/python3.12/site-packages/airflow/example_dags/example_complex.py
[2025-04-11T17:43:15.349+0000] {logging_mixin.py:190} INFO - [2025-04-11T17:43:15.349+0000] {dag.py:3239} INFO - Sync 1 DAGs
[2025-04-11T17:43:15.373+0000] {logging_mixin.py:190} INFO - [2025-04-11T17:43:15.373+0000] {dag.py:4180} INFO - Setting next_dagrun for example_complex to None, run_after=None
[2025-04-11T17:43:15.409+0000] {processor.py:208} INFO - Processing /home/airflow/.local/lib/python3.12/site-packages/airflow/example_dags/example_complex.py took 0.150 seconds
[2025-04-11T17:43:45.821+0000] {processor.py:186} INFO - Started process (PID=92793) to work on /home/airflow/.local/lib/python3.12/site-packages/airflow/example_dags/example_complex.py
[2025-04-11T17:43:45.823+0000] {processor.py:914} INFO - Processing file /home/airflow/.local/lib/python3.12/site-packages/airflow/example_dags/example_complex.py for tasks to queue
[2025-04-11T17:43:45.825+0000] {logging_mixin.py:190} INFO - [2025-04-11T17:43:45.824+0000] {dagbag.py:588} INFO - Filling up the DagBag from /home/airflow/.local/lib/python3.12/site-packages/airflow/example_dags/example_complex.py
[2025-04-11T17:43:45.846+0000] {processor.py:925} INFO - DAG(s) 'example_complex' retrieved from /home/airflow/.local/lib/python3.12/site-packages/airflow/example_dags/example_complex.py
[2025-04-11T17:43:45.896+0000] {logging_mixin.py:190} INFO - [2025-04-11T17:43:45.896+0000] {dag.py:3239} INFO - Sync 1 DAGs
[2025-04-11T17:43:45.917+0000] {logging_mixin.py:190} INFO - [2025-04-11T17:43:45.917+0000] {dag.py:4180} INFO - Setting next_dagrun for example_complex to None, run_after=None
[2025-04-11T17:43:45.949+0000] {processor.py:208} INFO - Processing /home/airflow/.local/lib/python3.12/site-packages/airflow/example_dags/example_complex.py took 0.135 seconds
[2025-04-11T17:44:16.383+0000] {processor.py:186} INFO - Started process (PID=92858) to work on /home/airflow/.local/lib/python3.12/site-packages/airflow/example_dags/example_complex.py
[2025-04-11T17:44:16.385+0000] {processor.py:914} INFO - Processing file /home/airflow/.local/lib/python3.12/site-packages/airflow/example_dags/example_complex.py for tasks to queue
[2025-04-11T17:44:16.387+0000] {logging_mixin.py:190} INFO - [2025-04-11T17:44:16.386+0000] {dagbag.py:588} INFO - Filling up the DagBag from /home/airflow/.local/lib/python3.12/site-packages/airflow/example_dags/example_complex.py
[2025-04-11T17:44:16.404+0000] {processor.py:925} INFO - DAG(s) 'example_complex' retrieved from /home/airflow/.local/lib/python3.12/site-packages/airflow/example_dags/example_complex.py
[2025-04-11T17:44:16.448+0000] {logging_mixin.py:190} INFO - [2025-04-11T17:44:16.448+0000] {dag.py:3239} INFO - Sync 1 DAGs
[2025-04-11T17:44:16.469+0000] {logging_mixin.py:190} INFO - [2025-04-11T17:44:16.468+0000] {dag.py:4180} INFO - Setting next_dagrun for example_complex to None, run_after=None
[2025-04-11T17:44:16.501+0000] {processor.py:208} INFO - Processing /home/airflow/.local/lib/python3.12/site-packages/airflow/example_dags/example_complex.py took 0.126 seconds
[2025-04-11T17:44:46.746+0000] {processor.py:186} INFO - Started process (PID=92923) to work on /home/airflow/.local/lib/python3.12/site-packages/airflow/example_dags/example_complex.py
[2025-04-11T17:44:46.748+0000] {processor.py:914} INFO - Processing file /home/airflow/.local/lib/python3.12/site-packages/airflow/example_dags/example_complex.py for tasks to queue
[2025-04-11T17:44:46.752+0000] {logging_mixin.py:190} INFO - [2025-04-11T17:44:46.751+0000] {dagbag.py:588} INFO - Filling up the DagBag from /home/airflow/.local/lib/python3.12/site-packages/airflow/example_dags/example_complex.py
[2025-04-11T17:44:46.781+0000] {processor.py:925} INFO - DAG(s) 'example_complex' retrieved from /home/airflow/.local/lib/python3.12/site-packages/airflow/example_dags/example_complex.py
[2025-04-11T17:44:46.827+0000] {logging_mixin.py:190} INFO - [2025-04-11T17:44:46.826+0000] {dag.py:3239} INFO - Sync 1 DAGs
[2025-04-11T17:44:46.848+0000] {logging_mixin.py:190} INFO - [2025-04-11T17:44:46.848+0000] {dag.py:4180} INFO - Setting next_dagrun for example_complex to None, run_after=None
[2025-04-11T17:44:46.897+0000] {processor.py:208} INFO - Processing /home/airflow/.local/lib/python3.12/site-packages/airflow/example_dags/example_complex.py took 0.182 seconds
[2025-04-11T17:45:17.430+0000] {processor.py:186} INFO - Started process (PID=92988) to work on /home/airflow/.local/lib/python3.12/site-packages/airflow/example_dags/example_complex.py
[2025-04-11T17:45:17.432+0000] {processor.py:914} INFO - Processing file /home/airflow/.local/lib/python3.12/site-packages/airflow/example_dags/example_complex.py for tasks to queue
[2025-04-11T17:45:17.435+0000] {logging_mixin.py:190} INFO - [2025-04-11T17:45:17.434+0000] {dagbag.py:588} INFO - Filling up the DagBag from /home/airflow/.local/lib/python3.12/site-packages/airflow/example_dags/example_complex.py
[2025-04-11T17:45:17.453+0000] {processor.py:925} INFO - DAG(s) 'example_complex' retrieved from /home/airflow/.local/lib/python3.12/site-packages/airflow/example_dags/example_complex.py
[2025-04-11T17:45:17.507+0000] {logging_mixin.py:190} INFO - [2025-04-11T17:45:17.507+0000] {dag.py:3239} INFO - Sync 1 DAGs
[2025-04-11T17:45:17.539+0000] {logging_mixin.py:190} INFO - [2025-04-11T17:45:17.539+0000] {dag.py:4180} INFO - Setting next_dagrun for example_complex to None, run_after=None
[2025-04-11T17:45:17.575+0000] {processor.py:208} INFO - Processing /home/airflow/.local/lib/python3.12/site-packages/airflow/example_dags/example_complex.py took 0.153 seconds
[2025-04-11T17:45:47.963+0000] {processor.py:186} INFO - Started process (PID=93053) to work on /home/airflow/.local/lib/python3.12/site-packages/airflow/example_dags/example_complex.py
[2025-04-11T17:45:47.964+0000] {processor.py:914} INFO - Processing file /home/airflow/.local/lib/python3.12/site-packages/airflow/example_dags/example_complex.py for tasks to queue
[2025-04-11T17:45:47.966+0000] {logging_mixin.py:190} INFO - [2025-04-11T17:45:47.965+0000] {dagbag.py:588} INFO - Filling up the DagBag from /home/airflow/.local/lib/python3.12/site-packages/airflow/example_dags/example_complex.py
[2025-04-11T17:45:47.990+0000] {processor.py:925} INFO - DAG(s) 'example_complex' retrieved from /home/airflow/.local/lib/python3.12/site-packages/airflow/example_dags/example_complex.py
[2025-04-11T17:45:48.054+0000] {logging_mixin.py:190} INFO - [2025-04-11T17:45:48.054+0000] {dag.py:3239} INFO - Sync 1 DAGs
[2025-04-11T17:45:48.079+0000] {logging_mixin.py:190} INFO - [2025-04-11T17:45:48.078+0000] {dag.py:4180} INFO - Setting next_dagrun for example_complex to None, run_after=None
[2025-04-11T17:45:48.137+0000] {processor.py:208} INFO - Processing /home/airflow/.local/lib/python3.12/site-packages/airflow/example_dags/example_complex.py took 0.182 seconds
[2025-04-11T17:46:18.481+0000] {processor.py:186} INFO - Started process (PID=93118) to work on /home/airflow/.local/lib/python3.12/site-packages/airflow/example_dags/example_complex.py
[2025-04-11T17:46:18.484+0000] {processor.py:914} INFO - Processing file /home/airflow/.local/lib/python3.12/site-packages/airflow/example_dags/example_complex.py for tasks to queue
[2025-04-11T17:46:18.487+0000] {logging_mixin.py:190} INFO - [2025-04-11T17:46:18.486+0000] {dagbag.py:588} INFO - Filling up the DagBag from /home/airflow/.local/lib/python3.12/site-packages/airflow/example_dags/example_complex.py
[2025-04-11T17:46:18.517+0000] {processor.py:925} INFO - DAG(s) 'example_complex' retrieved from /home/airflow/.local/lib/python3.12/site-packages/airflow/example_dags/example_complex.py
[2025-04-11T17:46:18.564+0000] {logging_mixin.py:190} INFO - [2025-04-11T17:46:18.563+0000] {dag.py:3239} INFO - Sync 1 DAGs
[2025-04-11T17:46:18.585+0000] {logging_mixin.py:190} INFO - [2025-04-11T17:46:18.585+0000] {dag.py:4180} INFO - Setting next_dagrun for example_complex to None, run_after=None
[2025-04-11T17:46:18.616+0000] {processor.py:208} INFO - Processing /home/airflow/.local/lib/python3.12/site-packages/airflow/example_dags/example_complex.py took 0.153 seconds
[2025-04-11T22:43:58.115+0000] {processor.py:186} INFO - Started process (PID=93150) to work on /home/airflow/.local/lib/python3.12/site-packages/airflow/example_dags/example_complex.py
[2025-04-11T22:43:58.118+0000] {processor.py:914} INFO - Processing file /home/airflow/.local/lib/python3.12/site-packages/airflow/example_dags/example_complex.py for tasks to queue
[2025-04-11T22:43:58.122+0000] {logging_mixin.py:190} INFO - [2025-04-11T22:43:58.121+0000] {dagbag.py:588} INFO - Filling up the DagBag from /home/airflow/.local/lib/python3.12/site-packages/airflow/example_dags/example_complex.py
[2025-04-11T22:43:58.187+0000] {processor.py:925} INFO - DAG(s) 'example_complex' retrieved from /home/airflow/.local/lib/python3.12/site-packages/airflow/example_dags/example_complex.py
[2025-04-11T22:43:58.409+0000] {logging_mixin.py:190} INFO - [2025-04-11T22:43:58.408+0000] {dag.py:3239} INFO - Sync 1 DAGs
[2025-04-11T22:43:58.501+0000] {logging_mixin.py:190} INFO - [2025-04-11T22:43:58.500+0000] {dag.py:4180} INFO - Setting next_dagrun for example_complex to None, run_after=None
[2025-04-11T22:43:58.617+0000] {processor.py:208} INFO - Processing /home/airflow/.local/lib/python3.12/site-packages/airflow/example_dags/example_complex.py took 0.521 seconds
[2025-04-11T22:44:56.795+0000] {processor.py:186} INFO - Started process (PID=93215) to work on /home/airflow/.local/lib/python3.12/site-packages/airflow/example_dags/example_complex.py
[2025-04-11T22:44:56.797+0000] {processor.py:914} INFO - Processing file /home/airflow/.local/lib/python3.12/site-packages/airflow/example_dags/example_complex.py for tasks to queue
[2025-04-11T22:44:56.799+0000] {logging_mixin.py:190} INFO - [2025-04-11T22:44:56.799+0000] {dagbag.py:588} INFO - Filling up the DagBag from /home/airflow/.local/lib/python3.12/site-packages/airflow/example_dags/example_complex.py
[2025-04-11T22:44:56.821+0000] {processor.py:925} INFO - DAG(s) 'example_complex' retrieved from /home/airflow/.local/lib/python3.12/site-packages/airflow/example_dags/example_complex.py
[2025-04-11T22:44:56.888+0000] {logging_mixin.py:190} INFO - [2025-04-11T22:44:56.887+0000] {dag.py:3239} INFO - Sync 1 DAGs
[2025-04-11T22:44:56.911+0000] {logging_mixin.py:190} INFO - [2025-04-11T22:44:56.911+0000] {dag.py:4180} INFO - Setting next_dagrun for example_complex to None, run_after=None
[2025-04-11T22:44:56.956+0000] {processor.py:208} INFO - Processing /home/airflow/.local/lib/python3.12/site-packages/airflow/example_dags/example_complex.py took 0.170 seconds
[2025-04-11T22:45:27.402+0000] {processor.py:186} INFO - Started process (PID=93278) to work on /home/airflow/.local/lib/python3.12/site-packages/airflow/example_dags/example_complex.py
[2025-04-11T22:45:27.404+0000] {processor.py:914} INFO - Processing file /home/airflow/.local/lib/python3.12/site-packages/airflow/example_dags/example_complex.py for tasks to queue
[2025-04-11T22:45:27.407+0000] {logging_mixin.py:190} INFO - [2025-04-11T22:45:27.406+0000] {dagbag.py:588} INFO - Filling up the DagBag from /home/airflow/.local/lib/python3.12/site-packages/airflow/example_dags/example_complex.py
[2025-04-11T22:45:27.424+0000] {processor.py:925} INFO - DAG(s) 'example_complex' retrieved from /home/airflow/.local/lib/python3.12/site-packages/airflow/example_dags/example_complex.py
[2025-04-11T22:45:27.483+0000] {logging_mixin.py:190} INFO - [2025-04-11T22:45:27.483+0000] {dag.py:3239} INFO - Sync 1 DAGs
[2025-04-11T22:45:27.507+0000] {logging_mixin.py:190} INFO - [2025-04-11T22:45:27.506+0000] {dag.py:4180} INFO - Setting next_dagrun for example_complex to None, run_after=None
[2025-04-11T22:45:27.544+0000] {processor.py:208} INFO - Processing /home/airflow/.local/lib/python3.12/site-packages/airflow/example_dags/example_complex.py took 0.151 seconds
[2025-04-11T22:45:58.101+0000] {processor.py:186} INFO - Started process (PID=93343) to work on /home/airflow/.local/lib/python3.12/site-packages/airflow/example_dags/example_complex.py
[2025-04-11T22:45:58.103+0000] {processor.py:914} INFO - Processing file /home/airflow/.local/lib/python3.12/site-packages/airflow/example_dags/example_complex.py for tasks to queue
[2025-04-11T22:45:58.105+0000] {logging_mixin.py:190} INFO - [2025-04-11T22:45:58.105+0000] {dagbag.py:588} INFO - Filling up the DagBag from /home/airflow/.local/lib/python3.12/site-packages/airflow/example_dags/example_complex.py
[2025-04-11T22:45:58.120+0000] {processor.py:925} INFO - DAG(s) 'example_complex' retrieved from /home/airflow/.local/lib/python3.12/site-packages/airflow/example_dags/example_complex.py
[2025-04-11T22:45:58.159+0000] {logging_mixin.py:190} INFO - [2025-04-11T22:45:58.158+0000] {dag.py:3239} INFO - Sync 1 DAGs
[2025-04-11T22:45:58.179+0000] {logging_mixin.py:190} INFO - [2025-04-11T22:45:58.179+0000] {dag.py:4180} INFO - Setting next_dagrun for example_complex to None, run_after=None
[2025-04-11T22:45:58.210+0000] {processor.py:208} INFO - Processing /home/airflow/.local/lib/python3.12/site-packages/airflow/example_dags/example_complex.py took 0.116 seconds
[2025-04-11T22:46:29.014+0000] {processor.py:186} INFO - Started process (PID=93406) to work on /home/airflow/.local/lib/python3.12/site-packages/airflow/example_dags/example_complex.py
[2025-04-11T22:46:29.015+0000] {processor.py:914} INFO - Processing file /home/airflow/.local/lib/python3.12/site-packages/airflow/example_dags/example_complex.py for tasks to queue
[2025-04-11T22:46:29.017+0000] {logging_mixin.py:190} INFO - [2025-04-11T22:46:29.017+0000] {dagbag.py:588} INFO - Filling up the DagBag from /home/airflow/.local/lib/python3.12/site-packages/airflow/example_dags/example_complex.py
[2025-04-11T22:46:29.032+0000] {processor.py:925} INFO - DAG(s) 'example_complex' retrieved from /home/airflow/.local/lib/python3.12/site-packages/airflow/example_dags/example_complex.py
[2025-04-11T22:46:29.072+0000] {logging_mixin.py:190} INFO - [2025-04-11T22:46:29.071+0000] {dag.py:3239} INFO - Sync 1 DAGs
[2025-04-11T22:46:29.095+0000] {logging_mixin.py:190} INFO - [2025-04-11T22:46:29.094+0000] {dag.py:4180} INFO - Setting next_dagrun for example_complex to None, run_after=None
[2025-04-11T22:46:29.123+0000] {processor.py:208} INFO - Processing /home/airflow/.local/lib/python3.12/site-packages/airflow/example_dags/example_complex.py took 0.117 seconds
[2025-04-11T22:46:59.914+0000] {processor.py:186} INFO - Started process (PID=93471) to work on /home/airflow/.local/lib/python3.12/site-packages/airflow/example_dags/example_complex.py
[2025-04-11T22:46:59.916+0000] {processor.py:914} INFO - Processing file /home/airflow/.local/lib/python3.12/site-packages/airflow/example_dags/example_complex.py for tasks to queue
[2025-04-11T22:46:59.918+0000] {logging_mixin.py:190} INFO - [2025-04-11T22:46:59.918+0000] {dagbag.py:588} INFO - Filling up the DagBag from /home/airflow/.local/lib/python3.12/site-packages/airflow/example_dags/example_complex.py
[2025-04-11T22:46:59.935+0000] {processor.py:925} INFO - DAG(s) 'example_complex' retrieved from /home/airflow/.local/lib/python3.12/site-packages/airflow/example_dags/example_complex.py
[2025-04-11T22:46:59.983+0000] {logging_mixin.py:190} INFO - [2025-04-11T22:46:59.983+0000] {dag.py:3239} INFO - Sync 1 DAGs
[2025-04-11T22:47:00.024+0000] {logging_mixin.py:190} INFO - [2025-04-11T22:47:00.024+0000] {dag.py:4180} INFO - Setting next_dagrun for example_complex to None, run_after=None
[2025-04-11T22:47:00.065+0000] {processor.py:208} INFO - Processing /home/airflow/.local/lib/python3.12/site-packages/airflow/example_dags/example_complex.py took 0.161 seconds
[2025-04-11T22:47:30.642+0000] {processor.py:186} INFO - Started process (PID=93535) to work on /home/airflow/.local/lib/python3.12/site-packages/airflow/example_dags/example_complex.py
[2025-04-11T22:47:30.643+0000] {processor.py:914} INFO - Processing file /home/airflow/.local/lib/python3.12/site-packages/airflow/example_dags/example_complex.py for tasks to queue
[2025-04-11T22:47:30.645+0000] {logging_mixin.py:190} INFO - [2025-04-11T22:47:30.645+0000] {dagbag.py:588} INFO - Filling up the DagBag from /home/airflow/.local/lib/python3.12/site-packages/airflow/example_dags/example_complex.py
[2025-04-11T22:47:30.659+0000] {processor.py:925} INFO - DAG(s) 'example_complex' retrieved from /home/airflow/.local/lib/python3.12/site-packages/airflow/example_dags/example_complex.py
[2025-04-11T22:47:30.700+0000] {logging_mixin.py:190} INFO - [2025-04-11T22:47:30.700+0000] {dag.py:3239} INFO - Sync 1 DAGs
[2025-04-11T22:47:30.720+0000] {logging_mixin.py:190} INFO - [2025-04-11T22:47:30.719+0000] {dag.py:4180} INFO - Setting next_dagrun for example_complex to None, run_after=None
[2025-04-11T22:47:30.748+0000] {processor.py:208} INFO - Processing /home/airflow/.local/lib/python3.12/site-packages/airflow/example_dags/example_complex.py took 0.113 seconds
[2025-04-11T22:48:01.168+0000] {processor.py:186} INFO - Started process (PID=93597) to work on /home/airflow/.local/lib/python3.12/site-packages/airflow/example_dags/example_complex.py
[2025-04-11T22:48:01.170+0000] {processor.py:914} INFO - Processing file /home/airflow/.local/lib/python3.12/site-packages/airflow/example_dags/example_complex.py for tasks to queue
[2025-04-11T22:48:01.172+0000] {logging_mixin.py:190} INFO - [2025-04-11T22:48:01.172+0000] {dagbag.py:588} INFO - Filling up the DagBag from /home/airflow/.local/lib/python3.12/site-packages/airflow/example_dags/example_complex.py
[2025-04-11T22:48:01.192+0000] {processor.py:925} INFO - DAG(s) 'example_complex' retrieved from /home/airflow/.local/lib/python3.12/site-packages/airflow/example_dags/example_complex.py
[2025-04-11T22:48:01.241+0000] {logging_mixin.py:190} INFO - [2025-04-11T22:48:01.241+0000] {dag.py:3239} INFO - Sync 1 DAGs
[2025-04-11T22:48:01.268+0000] {logging_mixin.py:190} INFO - [2025-04-11T22:48:01.268+0000] {dag.py:4180} INFO - Setting next_dagrun for example_complex to None, run_after=None
[2025-04-11T22:48:01.302+0000] {processor.py:208} INFO - Processing /home/airflow/.local/lib/python3.12/site-packages/airflow/example_dags/example_complex.py took 0.142 seconds
[2025-04-11T22:48:32.176+0000] {processor.py:186} INFO - Started process (PID=93662) to work on /home/airflow/.local/lib/python3.12/site-packages/airflow/example_dags/example_complex.py
[2025-04-11T22:48:32.177+0000] {processor.py:914} INFO - Processing file /home/airflow/.local/lib/python3.12/site-packages/airflow/example_dags/example_complex.py for tasks to queue
[2025-04-11T22:48:32.179+0000] {logging_mixin.py:190} INFO - [2025-04-11T22:48:32.179+0000] {dagbag.py:588} INFO - Filling up the DagBag from /home/airflow/.local/lib/python3.12/site-packages/airflow/example_dags/example_complex.py
[2025-04-11T22:48:32.198+0000] {processor.py:925} INFO - DAG(s) 'example_complex' retrieved from /home/airflow/.local/lib/python3.12/site-packages/airflow/example_dags/example_complex.py
[2025-04-11T22:48:32.242+0000] {logging_mixin.py:190} INFO - [2025-04-11T22:48:32.242+0000] {dag.py:3239} INFO - Sync 1 DAGs
[2025-04-11T22:48:32.267+0000] {logging_mixin.py:190} INFO - [2025-04-11T22:48:32.267+0000] {dag.py:4180} INFO - Setting next_dagrun for example_complex to None, run_after=None
[2025-04-11T22:48:32.302+0000] {processor.py:208} INFO - Processing /home/airflow/.local/lib/python3.12/site-packages/airflow/example_dags/example_complex.py took 0.136 seconds
[2025-04-11T22:49:02.533+0000] {processor.py:186} INFO - Started process (PID=93727) to work on /home/airflow/.local/lib/python3.12/site-packages/airflow/example_dags/example_complex.py
[2025-04-11T22:49:02.535+0000] {processor.py:914} INFO - Processing file /home/airflow/.local/lib/python3.12/site-packages/airflow/example_dags/example_complex.py for tasks to queue
[2025-04-11T22:49:02.537+0000] {logging_mixin.py:190} INFO - [2025-04-11T22:49:02.537+0000] {dagbag.py:588} INFO - Filling up the DagBag from /home/airflow/.local/lib/python3.12/site-packages/airflow/example_dags/example_complex.py
[2025-04-11T22:49:02.551+0000] {processor.py:925} INFO - DAG(s) 'example_complex' retrieved from /home/airflow/.local/lib/python3.12/site-packages/airflow/example_dags/example_complex.py
[2025-04-11T22:49:02.619+0000] {logging_mixin.py:190} INFO - [2025-04-11T22:49:02.618+0000] {dag.py:3239} INFO - Sync 1 DAGs
[2025-04-11T22:49:02.648+0000] {logging_mixin.py:190} INFO - [2025-04-11T22:49:02.648+0000] {dag.py:4180} INFO - Setting next_dagrun for example_complex to None, run_after=None
[2025-04-11T22:49:02.686+0000] {processor.py:208} INFO - Processing /home/airflow/.local/lib/python3.12/site-packages/airflow/example_dags/example_complex.py took 0.159 seconds
[2025-04-11T22:49:34.520+0000] {processor.py:186} INFO - Started process (PID=93792) to work on /home/airflow/.local/lib/python3.12/site-packages/airflow/example_dags/example_complex.py
[2025-04-11T22:49:34.522+0000] {processor.py:914} INFO - Processing file /home/airflow/.local/lib/python3.12/site-packages/airflow/example_dags/example_complex.py for tasks to queue
[2025-04-11T22:49:34.524+0000] {logging_mixin.py:190} INFO - [2025-04-11T22:49:34.523+0000] {dagbag.py:588} INFO - Filling up the DagBag from /home/airflow/.local/lib/python3.12/site-packages/airflow/example_dags/example_complex.py
[2025-04-11T22:49:34.544+0000] {processor.py:925} INFO - DAG(s) 'example_complex' retrieved from /home/airflow/.local/lib/python3.12/site-packages/airflow/example_dags/example_complex.py
[2025-04-11T22:49:34.597+0000] {logging_mixin.py:190} INFO - [2025-04-11T22:49:34.597+0000] {dag.py:3239} INFO - Sync 1 DAGs
[2025-04-11T22:49:34.617+0000] {logging_mixin.py:190} INFO - [2025-04-11T22:49:34.616+0000] {dag.py:4180} INFO - Setting next_dagrun for example_complex to None, run_after=None
[2025-04-11T22:49:34.645+0000] {processor.py:208} INFO - Processing /home/airflow/.local/lib/python3.12/site-packages/airflow/example_dags/example_complex.py took 0.135 seconds
[2025-04-11T22:50:05.048+0000] {processor.py:186} INFO - Started process (PID=93853) to work on /home/airflow/.local/lib/python3.12/site-packages/airflow/example_dags/example_complex.py
[2025-04-11T22:50:05.050+0000] {processor.py:914} INFO - Processing file /home/airflow/.local/lib/python3.12/site-packages/airflow/example_dags/example_complex.py for tasks to queue
[2025-04-11T22:50:05.052+0000] {logging_mixin.py:190} INFO - [2025-04-11T22:50:05.051+0000] {dagbag.py:588} INFO - Filling up the DagBag from /home/airflow/.local/lib/python3.12/site-packages/airflow/example_dags/example_complex.py
[2025-04-11T22:50:05.066+0000] {processor.py:925} INFO - DAG(s) 'example_complex' retrieved from /home/airflow/.local/lib/python3.12/site-packages/airflow/example_dags/example_complex.py
[2025-04-11T22:50:05.104+0000] {logging_mixin.py:190} INFO - [2025-04-11T22:50:05.104+0000] {dag.py:3239} INFO - Sync 1 DAGs
[2025-04-11T22:50:05.128+0000] {logging_mixin.py:190} INFO - [2025-04-11T22:50:05.127+0000] {dag.py:4180} INFO - Setting next_dagrun for example_complex to None, run_after=None
[2025-04-11T22:50:05.160+0000] {processor.py:208} INFO - Processing /home/airflow/.local/lib/python3.12/site-packages/airflow/example_dags/example_complex.py took 0.118 seconds
[2025-04-11T22:50:35.332+0000] {processor.py:186} INFO - Started process (PID=93913) to work on /home/airflow/.local/lib/python3.12/site-packages/airflow/example_dags/example_complex.py
[2025-04-11T22:50:35.334+0000] {processor.py:914} INFO - Processing file /home/airflow/.local/lib/python3.12/site-packages/airflow/example_dags/example_complex.py for tasks to queue
[2025-04-11T22:50:35.337+0000] {logging_mixin.py:190} INFO - [2025-04-11T22:50:35.336+0000] {dagbag.py:588} INFO - Filling up the DagBag from /home/airflow/.local/lib/python3.12/site-packages/airflow/example_dags/example_complex.py
[2025-04-11T22:50:35.359+0000] {processor.py:925} INFO - DAG(s) 'example_complex' retrieved from /home/airflow/.local/lib/python3.12/site-packages/airflow/example_dags/example_complex.py
[2025-04-11T22:50:35.406+0000] {logging_mixin.py:190} INFO - [2025-04-11T22:50:35.406+0000] {dag.py:3239} INFO - Sync 1 DAGs
[2025-04-11T22:50:35.426+0000] {logging_mixin.py:190} INFO - [2025-04-11T22:50:35.425+0000] {dag.py:4180} INFO - Setting next_dagrun for example_complex to None, run_after=None
[2025-04-11T22:50:35.462+0000] {processor.py:208} INFO - Processing /home/airflow/.local/lib/python3.12/site-packages/airflow/example_dags/example_complex.py took 0.141 seconds
[2025-04-11T22:51:05.573+0000] {processor.py:186} INFO - Started process (PID=93976) to work on /home/airflow/.local/lib/python3.12/site-packages/airflow/example_dags/example_complex.py
[2025-04-11T22:51:05.575+0000] {processor.py:914} INFO - Processing file /home/airflow/.local/lib/python3.12/site-packages/airflow/example_dags/example_complex.py for tasks to queue
[2025-04-11T22:51:05.578+0000] {logging_mixin.py:190} INFO - [2025-04-11T22:51:05.577+0000] {dagbag.py:588} INFO - Filling up the DagBag from /home/airflow/.local/lib/python3.12/site-packages/airflow/example_dags/example_complex.py
[2025-04-11T22:51:05.594+0000] {processor.py:925} INFO - DAG(s) 'example_complex' retrieved from /home/airflow/.local/lib/python3.12/site-packages/airflow/example_dags/example_complex.py
[2025-04-11T22:51:05.639+0000] {logging_mixin.py:190} INFO - [2025-04-11T22:51:05.639+0000] {dag.py:3239} INFO - Sync 1 DAGs
[2025-04-11T22:51:05.660+0000] {logging_mixin.py:190} INFO - [2025-04-11T22:51:05.659+0000] {dag.py:4180} INFO - Setting next_dagrun for example_complex to None, run_after=None
[2025-04-11T22:51:05.701+0000] {processor.py:208} INFO - Processing /home/airflow/.local/lib/python3.12/site-packages/airflow/example_dags/example_complex.py took 0.135 seconds
[2025-04-11T22:51:36.466+0000] {processor.py:186} INFO - Started process (PID=94042) to work on /home/airflow/.local/lib/python3.12/site-packages/airflow/example_dags/example_complex.py
[2025-04-11T22:51:36.468+0000] {processor.py:914} INFO - Processing file /home/airflow/.local/lib/python3.12/site-packages/airflow/example_dags/example_complex.py for tasks to queue
[2025-04-11T22:51:36.470+0000] {logging_mixin.py:190} INFO - [2025-04-11T22:51:36.470+0000] {dagbag.py:588} INFO - Filling up the DagBag from /home/airflow/.local/lib/python3.12/site-packages/airflow/example_dags/example_complex.py
[2025-04-11T22:51:36.487+0000] {processor.py:925} INFO - DAG(s) 'example_complex' retrieved from /home/airflow/.local/lib/python3.12/site-packages/airflow/example_dags/example_complex.py
[2025-04-11T22:51:36.531+0000] {logging_mixin.py:190} INFO - [2025-04-11T22:51:36.530+0000] {dag.py:3239} INFO - Sync 1 DAGs
[2025-04-11T22:51:36.553+0000] {logging_mixin.py:190} INFO - [2025-04-11T22:51:36.552+0000] {dag.py:4180} INFO - Setting next_dagrun for example_complex to None, run_after=None
[2025-04-11T22:51:36.588+0000] {processor.py:208} INFO - Processing /home/airflow/.local/lib/python3.12/site-packages/airflow/example_dags/example_complex.py took 0.131 seconds
[2025-04-11T22:52:06.807+0000] {processor.py:186} INFO - Started process (PID=94106) to work on /home/airflow/.local/lib/python3.12/site-packages/airflow/example_dags/example_complex.py
[2025-04-11T22:52:06.809+0000] {processor.py:914} INFO - Processing file /home/airflow/.local/lib/python3.12/site-packages/airflow/example_dags/example_complex.py for tasks to queue
[2025-04-11T22:52:06.811+0000] {logging_mixin.py:190} INFO - [2025-04-11T22:52:06.811+0000] {dagbag.py:588} INFO - Filling up the DagBag from /home/airflow/.local/lib/python3.12/site-packages/airflow/example_dags/example_complex.py
[2025-04-11T22:52:06.828+0000] {processor.py:925} INFO - DAG(s) 'example_complex' retrieved from /home/airflow/.local/lib/python3.12/site-packages/airflow/example_dags/example_complex.py
[2025-04-11T22:52:06.870+0000] {logging_mixin.py:190} INFO - [2025-04-11T22:52:06.870+0000] {dag.py:3239} INFO - Sync 1 DAGs
[2025-04-11T22:52:06.891+0000] {logging_mixin.py:190} INFO - [2025-04-11T22:52:06.891+0000] {dag.py:4180} INFO - Setting next_dagrun for example_complex to None, run_after=None
[2025-04-11T22:52:06.944+0000] {processor.py:208} INFO - Processing /home/airflow/.local/lib/python3.12/site-packages/airflow/example_dags/example_complex.py took 0.144 seconds
[2025-04-11T22:52:37.150+0000] {processor.py:186} INFO - Started process (PID=94171) to work on /home/airflow/.local/lib/python3.12/site-packages/airflow/example_dags/example_complex.py
[2025-04-11T22:52:37.151+0000] {processor.py:914} INFO - Processing file /home/airflow/.local/lib/python3.12/site-packages/airflow/example_dags/example_complex.py for tasks to queue
[2025-04-11T22:52:37.153+0000] {logging_mixin.py:190} INFO - [2025-04-11T22:52:37.153+0000] {dagbag.py:588} INFO - Filling up the DagBag from /home/airflow/.local/lib/python3.12/site-packages/airflow/example_dags/example_complex.py
[2025-04-11T22:52:37.191+0000] {processor.py:925} INFO - DAG(s) 'example_complex' retrieved from /home/airflow/.local/lib/python3.12/site-packages/airflow/example_dags/example_complex.py
[2025-04-11T22:52:37.232+0000] {logging_mixin.py:190} INFO - [2025-04-11T22:52:37.231+0000] {dag.py:3239} INFO - Sync 1 DAGs
[2025-04-11T22:52:37.258+0000] {logging_mixin.py:190} INFO - [2025-04-11T22:52:37.258+0000] {dag.py:4180} INFO - Setting next_dagrun for example_complex to None, run_after=None
[2025-04-11T22:52:37.286+0000] {processor.py:208} INFO - Processing /home/airflow/.local/lib/python3.12/site-packages/airflow/example_dags/example_complex.py took 0.143 seconds
[2025-04-11T22:53:08.254+0000] {processor.py:186} INFO - Started process (PID=94236) to work on /home/airflow/.local/lib/python3.12/site-packages/airflow/example_dags/example_complex.py
[2025-04-11T22:53:08.256+0000] {processor.py:914} INFO - Processing file /home/airflow/.local/lib/python3.12/site-packages/airflow/example_dags/example_complex.py for tasks to queue
[2025-04-11T22:53:08.258+0000] {logging_mixin.py:190} INFO - [2025-04-11T22:53:08.258+0000] {dagbag.py:588} INFO - Filling up the DagBag from /home/airflow/.local/lib/python3.12/site-packages/airflow/example_dags/example_complex.py
[2025-04-11T22:53:08.281+0000] {processor.py:925} INFO - DAG(s) 'example_complex' retrieved from /home/airflow/.local/lib/python3.12/site-packages/airflow/example_dags/example_complex.py
[2025-04-11T22:53:08.330+0000] {logging_mixin.py:190} INFO - [2025-04-11T22:53:08.329+0000] {dag.py:3239} INFO - Sync 1 DAGs
[2025-04-11T22:53:08.357+0000] {logging_mixin.py:190} INFO - [2025-04-11T22:53:08.357+0000] {dag.py:4180} INFO - Setting next_dagrun for example_complex to None, run_after=None
[2025-04-11T22:53:08.397+0000] {processor.py:208} INFO - Processing /home/airflow/.local/lib/python3.12/site-packages/airflow/example_dags/example_complex.py took 0.153 seconds
[2025-04-11T22:53:38.828+0000] {processor.py:186} INFO - Started process (PID=94300) to work on /home/airflow/.local/lib/python3.12/site-packages/airflow/example_dags/example_complex.py
[2025-04-11T22:53:38.830+0000] {processor.py:914} INFO - Processing file /home/airflow/.local/lib/python3.12/site-packages/airflow/example_dags/example_complex.py for tasks to queue
[2025-04-11T22:53:38.833+0000] {logging_mixin.py:190} INFO - [2025-04-11T22:53:38.832+0000] {dagbag.py:588} INFO - Filling up the DagBag from /home/airflow/.local/lib/python3.12/site-packages/airflow/example_dags/example_complex.py
[2025-04-11T22:53:38.856+0000] {processor.py:925} INFO - DAG(s) 'example_complex' retrieved from /home/airflow/.local/lib/python3.12/site-packages/airflow/example_dags/example_complex.py
[2025-04-11T22:53:38.912+0000] {logging_mixin.py:190} INFO - [2025-04-11T22:53:38.911+0000] {dag.py:3239} INFO - Sync 1 DAGs
[2025-04-11T22:53:38.942+0000] {logging_mixin.py:190} INFO - [2025-04-11T22:53:38.941+0000] {dag.py:4180} INFO - Setting next_dagrun for example_complex to None, run_after=None
[2025-04-11T22:53:38.974+0000] {processor.py:208} INFO - Processing /home/airflow/.local/lib/python3.12/site-packages/airflow/example_dags/example_complex.py took 0.154 seconds
[2025-04-11T22:54:09.157+0000] {processor.py:186} INFO - Started process (PID=94365) to work on /home/airflow/.local/lib/python3.12/site-packages/airflow/example_dags/example_complex.py
[2025-04-11T22:54:09.159+0000] {processor.py:914} INFO - Processing file /home/airflow/.local/lib/python3.12/site-packages/airflow/example_dags/example_complex.py for tasks to queue
[2025-04-11T22:54:09.161+0000] {logging_mixin.py:190} INFO - [2025-04-11T22:54:09.161+0000] {dagbag.py:588} INFO - Filling up the DagBag from /home/airflow/.local/lib/python3.12/site-packages/airflow/example_dags/example_complex.py
[2025-04-11T22:54:09.178+0000] {processor.py:925} INFO - DAG(s) 'example_complex' retrieved from /home/airflow/.local/lib/python3.12/site-packages/airflow/example_dags/example_complex.py
[2025-04-11T22:54:09.227+0000] {logging_mixin.py:190} INFO - [2025-04-11T22:54:09.227+0000] {dag.py:3239} INFO - Sync 1 DAGs
[2025-04-11T22:54:09.248+0000] {logging_mixin.py:190} INFO - [2025-04-11T22:54:09.247+0000] {dag.py:4180} INFO - Setting next_dagrun for example_complex to None, run_after=None
[2025-04-11T22:54:09.281+0000] {processor.py:208} INFO - Processing /home/airflow/.local/lib/python3.12/site-packages/airflow/example_dags/example_complex.py took 0.132 seconds
[2025-04-11T22:54:39.368+0000] {processor.py:186} INFO - Started process (PID=94430) to work on /home/airflow/.local/lib/python3.12/site-packages/airflow/example_dags/example_complex.py
[2025-04-11T22:54:39.370+0000] {processor.py:914} INFO - Processing file /home/airflow/.local/lib/python3.12/site-packages/airflow/example_dags/example_complex.py for tasks to queue
[2025-04-11T22:54:39.372+0000] {logging_mixin.py:190} INFO - [2025-04-11T22:54:39.371+0000] {dagbag.py:588} INFO - Filling up the DagBag from /home/airflow/.local/lib/python3.12/site-packages/airflow/example_dags/example_complex.py
[2025-04-11T22:54:39.389+0000] {processor.py:925} INFO - DAG(s) 'example_complex' retrieved from /home/airflow/.local/lib/python3.12/site-packages/airflow/example_dags/example_complex.py
[2025-04-11T22:54:39.435+0000] {logging_mixin.py:190} INFO - [2025-04-11T22:54:39.435+0000] {dag.py:3239} INFO - Sync 1 DAGs
[2025-04-11T22:54:39.458+0000] {logging_mixin.py:190} INFO - [2025-04-11T22:54:39.457+0000] {dag.py:4180} INFO - Setting next_dagrun for example_complex to None, run_after=None
[2025-04-11T22:54:39.486+0000] {processor.py:208} INFO - Processing /home/airflow/.local/lib/python3.12/site-packages/airflow/example_dags/example_complex.py took 0.126 seconds
[2025-04-11T22:55:09.652+0000] {processor.py:186} INFO - Started process (PID=94495) to work on /home/airflow/.local/lib/python3.12/site-packages/airflow/example_dags/example_complex.py
[2025-04-11T22:55:09.653+0000] {processor.py:914} INFO - Processing file /home/airflow/.local/lib/python3.12/site-packages/airflow/example_dags/example_complex.py for tasks to queue
[2025-04-11T22:55:09.656+0000] {logging_mixin.py:190} INFO - [2025-04-11T22:55:09.655+0000] {dagbag.py:588} INFO - Filling up the DagBag from /home/airflow/.local/lib/python3.12/site-packages/airflow/example_dags/example_complex.py
[2025-04-11T22:55:09.676+0000] {processor.py:925} INFO - DAG(s) 'example_complex' retrieved from /home/airflow/.local/lib/python3.12/site-packages/airflow/example_dags/example_complex.py
[2025-04-11T22:55:09.722+0000] {logging_mixin.py:190} INFO - [2025-04-11T22:55:09.721+0000] {dag.py:3239} INFO - Sync 1 DAGs
[2025-04-11T22:55:09.748+0000] {logging_mixin.py:190} INFO - [2025-04-11T22:55:09.747+0000] {dag.py:4180} INFO - Setting next_dagrun for example_complex to None, run_after=None
[2025-04-11T22:55:09.794+0000] {processor.py:208} INFO - Processing /home/airflow/.local/lib/python3.12/site-packages/airflow/example_dags/example_complex.py took 0.151 seconds
[2025-04-11T22:55:40.067+0000] {processor.py:186} INFO - Started process (PID=94560) to work on /home/airflow/.local/lib/python3.12/site-packages/airflow/example_dags/example_complex.py
[2025-04-11T22:55:40.069+0000] {processor.py:914} INFO - Processing file /home/airflow/.local/lib/python3.12/site-packages/airflow/example_dags/example_complex.py for tasks to queue
[2025-04-11T22:55:40.071+0000] {logging_mixin.py:190} INFO - [2025-04-11T22:55:40.070+0000] {dagbag.py:588} INFO - Filling up the DagBag from /home/airflow/.local/lib/python3.12/site-packages/airflow/example_dags/example_complex.py
[2025-04-11T22:55:40.087+0000] {processor.py:925} INFO - DAG(s) 'example_complex' retrieved from /home/airflow/.local/lib/python3.12/site-packages/airflow/example_dags/example_complex.py
[2025-04-11T22:55:40.129+0000] {logging_mixin.py:190} INFO - [2025-04-11T22:55:40.129+0000] {dag.py:3239} INFO - Sync 1 DAGs
[2025-04-11T22:55:40.150+0000] {logging_mixin.py:190} INFO - [2025-04-11T22:55:40.150+0000] {dag.py:4180} INFO - Setting next_dagrun for example_complex to None, run_after=None
[2025-04-11T22:55:40.181+0000] {processor.py:208} INFO - Processing /home/airflow/.local/lib/python3.12/site-packages/airflow/example_dags/example_complex.py took 0.121 seconds
[2025-04-11T22:56:10.317+0000] {processor.py:186} INFO - Started process (PID=94625) to work on /home/airflow/.local/lib/python3.12/site-packages/airflow/example_dags/example_complex.py
[2025-04-11T22:56:10.319+0000] {processor.py:914} INFO - Processing file /home/airflow/.local/lib/python3.12/site-packages/airflow/example_dags/example_complex.py for tasks to queue
[2025-04-11T22:56:10.323+0000] {logging_mixin.py:190} INFO - [2025-04-11T22:56:10.322+0000] {dagbag.py:588} INFO - Filling up the DagBag from /home/airflow/.local/lib/python3.12/site-packages/airflow/example_dags/example_complex.py
[2025-04-11T22:56:10.345+0000] {processor.py:925} INFO - DAG(s) 'example_complex' retrieved from /home/airflow/.local/lib/python3.12/site-packages/airflow/example_dags/example_complex.py
[2025-04-11T22:56:10.395+0000] {logging_mixin.py:190} INFO - [2025-04-11T22:56:10.394+0000] {dag.py:3239} INFO - Sync 1 DAGs
[2025-04-11T22:56:10.416+0000] {logging_mixin.py:190} INFO - [2025-04-11T22:56:10.415+0000] {dag.py:4180} INFO - Setting next_dagrun for example_complex to None, run_after=None
[2025-04-11T22:56:10.458+0000] {processor.py:208} INFO - Processing /home/airflow/.local/lib/python3.12/site-packages/airflow/example_dags/example_complex.py took 0.149 seconds
[2025-04-11T22:56:40.850+0000] {processor.py:186} INFO - Started process (PID=94690) to work on /home/airflow/.local/lib/python3.12/site-packages/airflow/example_dags/example_complex.py
[2025-04-11T22:56:40.852+0000] {processor.py:914} INFO - Processing file /home/airflow/.local/lib/python3.12/site-packages/airflow/example_dags/example_complex.py for tasks to queue
[2025-04-11T22:56:40.854+0000] {logging_mixin.py:190} INFO - [2025-04-11T22:56:40.853+0000] {dagbag.py:588} INFO - Filling up the DagBag from /home/airflow/.local/lib/python3.12/site-packages/airflow/example_dags/example_complex.py
[2025-04-11T22:56:40.870+0000] {processor.py:925} INFO - DAG(s) 'example_complex' retrieved from /home/airflow/.local/lib/python3.12/site-packages/airflow/example_dags/example_complex.py
[2025-04-11T22:56:40.913+0000] {logging_mixin.py:190} INFO - [2025-04-11T22:56:40.913+0000] {dag.py:3239} INFO - Sync 1 DAGs
[2025-04-11T22:56:40.934+0000] {logging_mixin.py:190} INFO - [2025-04-11T22:56:40.934+0000] {dag.py:4180} INFO - Setting next_dagrun for example_complex to None, run_after=None
[2025-04-11T22:56:40.965+0000] {processor.py:208} INFO - Processing /home/airflow/.local/lib/python3.12/site-packages/airflow/example_dags/example_complex.py took 0.122 seconds
[2025-04-11T22:57:11.135+0000] {processor.py:186} INFO - Started process (PID=94755) to work on /home/airflow/.local/lib/python3.12/site-packages/airflow/example_dags/example_complex.py
[2025-04-11T22:57:11.137+0000] {processor.py:914} INFO - Processing file /home/airflow/.local/lib/python3.12/site-packages/airflow/example_dags/example_complex.py for tasks to queue
[2025-04-11T22:57:11.141+0000] {logging_mixin.py:190} INFO - [2025-04-11T22:57:11.140+0000] {dagbag.py:588} INFO - Filling up the DagBag from /home/airflow/.local/lib/python3.12/site-packages/airflow/example_dags/example_complex.py
[2025-04-11T22:57:11.165+0000] {processor.py:925} INFO - DAG(s) 'example_complex' retrieved from /home/airflow/.local/lib/python3.12/site-packages/airflow/example_dags/example_complex.py
[2025-04-11T22:57:11.211+0000] {logging_mixin.py:190} INFO - [2025-04-11T22:57:11.211+0000] {dag.py:3239} INFO - Sync 1 DAGs
[2025-04-11T22:57:11.235+0000] {logging_mixin.py:190} INFO - [2025-04-11T22:57:11.235+0000] {dag.py:4180} INFO - Setting next_dagrun for example_complex to None, run_after=None
[2025-04-11T22:57:11.268+0000] {processor.py:208} INFO - Processing /home/airflow/.local/lib/python3.12/site-packages/airflow/example_dags/example_complex.py took 0.143 seconds
[2025-04-11T22:57:41.713+0000] {processor.py:186} INFO - Started process (PID=94820) to work on /home/airflow/.local/lib/python3.12/site-packages/airflow/example_dags/example_complex.py
[2025-04-11T22:57:41.715+0000] {processor.py:914} INFO - Processing file /home/airflow/.local/lib/python3.12/site-packages/airflow/example_dags/example_complex.py for tasks to queue
[2025-04-11T22:57:41.717+0000] {logging_mixin.py:190} INFO - [2025-04-11T22:57:41.717+0000] {dagbag.py:588} INFO - Filling up the DagBag from /home/airflow/.local/lib/python3.12/site-packages/airflow/example_dags/example_complex.py
[2025-04-11T22:57:41.734+0000] {processor.py:925} INFO - DAG(s) 'example_complex' retrieved from /home/airflow/.local/lib/python3.12/site-packages/airflow/example_dags/example_complex.py
[2025-04-11T22:57:41.779+0000] {logging_mixin.py:190} INFO - [2025-04-11T22:57:41.778+0000] {dag.py:3239} INFO - Sync 1 DAGs
[2025-04-11T22:57:41.800+0000] {logging_mixin.py:190} INFO - [2025-04-11T22:57:41.800+0000] {dag.py:4180} INFO - Setting next_dagrun for example_complex to None, run_after=None
[2025-04-11T22:57:41.840+0000] {processor.py:208} INFO - Processing /home/airflow/.local/lib/python3.12/site-packages/airflow/example_dags/example_complex.py took 0.134 seconds
[2025-04-11T22:58:12.533+0000] {processor.py:186} INFO - Started process (PID=94885) to work on /home/airflow/.local/lib/python3.12/site-packages/airflow/example_dags/example_complex.py
[2025-04-11T22:58:12.535+0000] {processor.py:914} INFO - Processing file /home/airflow/.local/lib/python3.12/site-packages/airflow/example_dags/example_complex.py for tasks to queue
[2025-04-11T22:58:12.538+0000] {logging_mixin.py:190} INFO - [2025-04-11T22:58:12.537+0000] {dagbag.py:588} INFO - Filling up the DagBag from /home/airflow/.local/lib/python3.12/site-packages/airflow/example_dags/example_complex.py
[2025-04-11T22:58:12.554+0000] {processor.py:925} INFO - DAG(s) 'example_complex' retrieved from /home/airflow/.local/lib/python3.12/site-packages/airflow/example_dags/example_complex.py
[2025-04-11T22:58:12.601+0000] {logging_mixin.py:190} INFO - [2025-04-11T22:58:12.600+0000] {dag.py:3239} INFO - Sync 1 DAGs
[2025-04-11T22:58:12.622+0000] {logging_mixin.py:190} INFO - [2025-04-11T22:58:12.621+0000] {dag.py:4180} INFO - Setting next_dagrun for example_complex to None, run_after=None
[2025-04-11T22:58:12.659+0000] {processor.py:208} INFO - Processing /home/airflow/.local/lib/python3.12/site-packages/airflow/example_dags/example_complex.py took 0.133 seconds
[2025-04-11T22:58:42.889+0000] {processor.py:186} INFO - Started process (PID=94950) to work on /home/airflow/.local/lib/python3.12/site-packages/airflow/example_dags/example_complex.py
[2025-04-11T22:58:42.890+0000] {processor.py:914} INFO - Processing file /home/airflow/.local/lib/python3.12/site-packages/airflow/example_dags/example_complex.py for tasks to queue
[2025-04-11T22:58:42.892+0000] {logging_mixin.py:190} INFO - [2025-04-11T22:58:42.892+0000] {dagbag.py:588} INFO - Filling up the DagBag from /home/airflow/.local/lib/python3.12/site-packages/airflow/example_dags/example_complex.py
[2025-04-11T22:58:42.909+0000] {processor.py:925} INFO - DAG(s) 'example_complex' retrieved from /home/airflow/.local/lib/python3.12/site-packages/airflow/example_dags/example_complex.py
[2025-04-11T22:58:42.954+0000] {logging_mixin.py:190} INFO - [2025-04-11T22:58:42.953+0000] {dag.py:3239} INFO - Sync 1 DAGs
[2025-04-11T22:58:42.976+0000] {logging_mixin.py:190} INFO - [2025-04-11T22:58:42.975+0000] {dag.py:4180} INFO - Setting next_dagrun for example_complex to None, run_after=None
[2025-04-11T22:58:43.012+0000] {processor.py:208} INFO - Processing /home/airflow/.local/lib/python3.12/site-packages/airflow/example_dags/example_complex.py took 0.132 seconds
[2025-04-11T22:59:13.980+0000] {processor.py:186} INFO - Started process (PID=95015) to work on /home/airflow/.local/lib/python3.12/site-packages/airflow/example_dags/example_complex.py
[2025-04-11T22:59:13.982+0000] {processor.py:914} INFO - Processing file /home/airflow/.local/lib/python3.12/site-packages/airflow/example_dags/example_complex.py for tasks to queue
[2025-04-11T22:59:13.984+0000] {logging_mixin.py:190} INFO - [2025-04-11T22:59:13.983+0000] {dagbag.py:588} INFO - Filling up the DagBag from /home/airflow/.local/lib/python3.12/site-packages/airflow/example_dags/example_complex.py
[2025-04-11T22:59:14.000+0000] {processor.py:925} INFO - DAG(s) 'example_complex' retrieved from /home/airflow/.local/lib/python3.12/site-packages/airflow/example_dags/example_complex.py
[2025-04-11T22:59:14.043+0000] {logging_mixin.py:190} INFO - [2025-04-11T22:59:14.043+0000] {dag.py:3239} INFO - Sync 1 DAGs
[2025-04-11T22:59:14.065+0000] {logging_mixin.py:190} INFO - [2025-04-11T22:59:14.065+0000] {dag.py:4180} INFO - Setting next_dagrun for example_complex to None, run_after=None
[2025-04-11T22:59:14.099+0000] {processor.py:208} INFO - Processing /home/airflow/.local/lib/python3.12/site-packages/airflow/example_dags/example_complex.py took 0.126 seconds
[2025-04-11T22:59:45.004+0000] {processor.py:186} INFO - Started process (PID=95081) to work on /home/airflow/.local/lib/python3.12/site-packages/airflow/example_dags/example_complex.py
[2025-04-11T22:59:45.006+0000] {processor.py:914} INFO - Processing file /home/airflow/.local/lib/python3.12/site-packages/airflow/example_dags/example_complex.py for tasks to queue
[2025-04-11T22:59:45.008+0000] {logging_mixin.py:190} INFO - [2025-04-11T22:59:45.007+0000] {dagbag.py:588} INFO - Filling up the DagBag from /home/airflow/.local/lib/python3.12/site-packages/airflow/example_dags/example_complex.py
[2025-04-11T22:59:45.024+0000] {processor.py:925} INFO - DAG(s) 'example_complex' retrieved from /home/airflow/.local/lib/python3.12/site-packages/airflow/example_dags/example_complex.py
[2025-04-11T22:59:45.069+0000] {logging_mixin.py:190} INFO - [2025-04-11T22:59:45.069+0000] {dag.py:3239} INFO - Sync 1 DAGs
[2025-04-11T22:59:45.091+0000] {logging_mixin.py:190} INFO - [2025-04-11T22:59:45.091+0000] {dag.py:4180} INFO - Setting next_dagrun for example_complex to None, run_after=None
[2025-04-11T22:59:45.123+0000] {processor.py:208} INFO - Processing /home/airflow/.local/lib/python3.12/site-packages/airflow/example_dags/example_complex.py took 0.127 seconds
[2025-04-11T23:00:15.695+0000] {processor.py:186} INFO - Started process (PID=95146) to work on /home/airflow/.local/lib/python3.12/site-packages/airflow/example_dags/example_complex.py
[2025-04-11T23:00:15.697+0000] {processor.py:914} INFO - Processing file /home/airflow/.local/lib/python3.12/site-packages/airflow/example_dags/example_complex.py for tasks to queue
[2025-04-11T23:00:15.699+0000] {logging_mixin.py:190} INFO - [2025-04-11T23:00:15.699+0000] {dagbag.py:588} INFO - Filling up the DagBag from /home/airflow/.local/lib/python3.12/site-packages/airflow/example_dags/example_complex.py
[2025-04-11T23:00:15.718+0000] {processor.py:925} INFO - DAG(s) 'example_complex' retrieved from /home/airflow/.local/lib/python3.12/site-packages/airflow/example_dags/example_complex.py
[2025-04-11T23:00:15.770+0000] {logging_mixin.py:190} INFO - [2025-04-11T23:00:15.769+0000] {dag.py:3239} INFO - Sync 1 DAGs
[2025-04-11T23:00:15.792+0000] {logging_mixin.py:190} INFO - [2025-04-11T23:00:15.792+0000] {dag.py:4180} INFO - Setting next_dagrun for example_complex to None, run_after=None
[2025-04-11T23:00:15.830+0000] {processor.py:208} INFO - Processing /home/airflow/.local/lib/python3.12/site-packages/airflow/example_dags/example_complex.py took 0.143 seconds
[2025-04-11T23:00:46.452+0000] {processor.py:186} INFO - Started process (PID=95211) to work on /home/airflow/.local/lib/python3.12/site-packages/airflow/example_dags/example_complex.py
[2025-04-11T23:00:46.454+0000] {processor.py:914} INFO - Processing file /home/airflow/.local/lib/python3.12/site-packages/airflow/example_dags/example_complex.py for tasks to queue
[2025-04-11T23:00:46.456+0000] {logging_mixin.py:190} INFO - [2025-04-11T23:00:46.455+0000] {dagbag.py:588} INFO - Filling up the DagBag from /home/airflow/.local/lib/python3.12/site-packages/airflow/example_dags/example_complex.py
[2025-04-11T23:00:46.472+0000] {processor.py:925} INFO - DAG(s) 'example_complex' retrieved from /home/airflow/.local/lib/python3.12/site-packages/airflow/example_dags/example_complex.py
[2025-04-11T23:00:46.516+0000] {logging_mixin.py:190} INFO - [2025-04-11T23:00:46.516+0000] {dag.py:3239} INFO - Sync 1 DAGs
[2025-04-11T23:00:46.538+0000] {logging_mixin.py:190} INFO - [2025-04-11T23:00:46.537+0000] {dag.py:4180} INFO - Setting next_dagrun for example_complex to None, run_after=None
[2025-04-11T23:00:46.576+0000] {processor.py:208} INFO - Processing /home/airflow/.local/lib/python3.12/site-packages/airflow/example_dags/example_complex.py took 0.133 seconds
[2025-04-11T23:01:16.770+0000] {processor.py:186} INFO - Started process (PID=95276) to work on /home/airflow/.local/lib/python3.12/site-packages/airflow/example_dags/example_complex.py
[2025-04-11T23:01:16.772+0000] {processor.py:914} INFO - Processing file /home/airflow/.local/lib/python3.12/site-packages/airflow/example_dags/example_complex.py for tasks to queue
[2025-04-11T23:01:16.774+0000] {logging_mixin.py:190} INFO - [2025-04-11T23:01:16.774+0000] {dagbag.py:588} INFO - Filling up the DagBag from /home/airflow/.local/lib/python3.12/site-packages/airflow/example_dags/example_complex.py
[2025-04-11T23:01:16.792+0000] {processor.py:925} INFO - DAG(s) 'example_complex' retrieved from /home/airflow/.local/lib/python3.12/site-packages/airflow/example_dags/example_complex.py
[2025-04-11T23:01:16.836+0000] {logging_mixin.py:190} INFO - [2025-04-11T23:01:16.836+0000] {dag.py:3239} INFO - Sync 1 DAGs
[2025-04-11T23:01:16.857+0000] {logging_mixin.py:190} INFO - [2025-04-11T23:01:16.857+0000] {dag.py:4180} INFO - Setting next_dagrun for example_complex to None, run_after=None
[2025-04-11T23:01:16.901+0000] {processor.py:208} INFO - Processing /home/airflow/.local/lib/python3.12/site-packages/airflow/example_dags/example_complex.py took 0.139 seconds
[2025-04-11T23:01:47.714+0000] {processor.py:186} INFO - Started process (PID=95341) to work on /home/airflow/.local/lib/python3.12/site-packages/airflow/example_dags/example_complex.py
[2025-04-11T23:01:47.716+0000] {processor.py:914} INFO - Processing file /home/airflow/.local/lib/python3.12/site-packages/airflow/example_dags/example_complex.py for tasks to queue
[2025-04-11T23:01:47.718+0000] {logging_mixin.py:190} INFO - [2025-04-11T23:01:47.717+0000] {dagbag.py:588} INFO - Filling up the DagBag from /home/airflow/.local/lib/python3.12/site-packages/airflow/example_dags/example_complex.py
[2025-04-11T23:01:47.734+0000] {processor.py:925} INFO - DAG(s) 'example_complex' retrieved from /home/airflow/.local/lib/python3.12/site-packages/airflow/example_dags/example_complex.py
[2025-04-11T23:01:47.779+0000] {logging_mixin.py:190} INFO - [2025-04-11T23:01:47.779+0000] {dag.py:3239} INFO - Sync 1 DAGs
[2025-04-11T23:01:47.800+0000] {logging_mixin.py:190} INFO - [2025-04-11T23:01:47.799+0000] {dag.py:4180} INFO - Setting next_dagrun for example_complex to None, run_after=None
[2025-04-11T23:01:47.835+0000] {processor.py:208} INFO - Processing /home/airflow/.local/lib/python3.12/site-packages/airflow/example_dags/example_complex.py took 0.129 seconds
[2025-04-11T23:02:18.042+0000] {processor.py:186} INFO - Started process (PID=95406) to work on /home/airflow/.local/lib/python3.12/site-packages/airflow/example_dags/example_complex.py
[2025-04-11T23:02:18.044+0000] {processor.py:914} INFO - Processing file /home/airflow/.local/lib/python3.12/site-packages/airflow/example_dags/example_complex.py for tasks to queue
[2025-04-11T23:02:18.047+0000] {logging_mixin.py:190} INFO - [2025-04-11T23:02:18.046+0000] {dagbag.py:588} INFO - Filling up the DagBag from /home/airflow/.local/lib/python3.12/site-packages/airflow/example_dags/example_complex.py
[2025-04-11T23:02:18.065+0000] {processor.py:925} INFO - DAG(s) 'example_complex' retrieved from /home/airflow/.local/lib/python3.12/site-packages/airflow/example_dags/example_complex.py
[2025-04-11T23:02:18.145+0000] {logging_mixin.py:190} INFO - [2025-04-11T23:02:18.144+0000] {dag.py:3239} INFO - Sync 1 DAGs
[2025-04-11T23:02:18.169+0000] {logging_mixin.py:190} INFO - [2025-04-11T23:02:18.168+0000] {dag.py:4180} INFO - Setting next_dagrun for example_complex to None, run_after=None
[2025-04-11T23:02:18.203+0000] {processor.py:208} INFO - Processing /home/airflow/.local/lib/python3.12/site-packages/airflow/example_dags/example_complex.py took 0.171 seconds
[2025-04-11T23:02:48.444+0000] {processor.py:186} INFO - Started process (PID=95471) to work on /home/airflow/.local/lib/python3.12/site-packages/airflow/example_dags/example_complex.py
[2025-04-11T23:02:48.446+0000] {processor.py:914} INFO - Processing file /home/airflow/.local/lib/python3.12/site-packages/airflow/example_dags/example_complex.py for tasks to queue
[2025-04-11T23:02:48.448+0000] {logging_mixin.py:190} INFO - [2025-04-11T23:02:48.447+0000] {dagbag.py:588} INFO - Filling up the DagBag from /home/airflow/.local/lib/python3.12/site-packages/airflow/example_dags/example_complex.py
[2025-04-11T23:02:48.465+0000] {processor.py:925} INFO - DAG(s) 'example_complex' retrieved from /home/airflow/.local/lib/python3.12/site-packages/airflow/example_dags/example_complex.py
[2025-04-11T23:02:48.510+0000] {logging_mixin.py:190} INFO - [2025-04-11T23:02:48.509+0000] {dag.py:3239} INFO - Sync 1 DAGs
[2025-04-11T23:02:48.531+0000] {logging_mixin.py:190} INFO - [2025-04-11T23:02:48.530+0000] {dag.py:4180} INFO - Setting next_dagrun for example_complex to None, run_after=None
[2025-04-11T23:02:48.566+0000] {processor.py:208} INFO - Processing /home/airflow/.local/lib/python3.12/site-packages/airflow/example_dags/example_complex.py took 0.131 seconds
[2025-04-11T23:03:18.977+0000] {processor.py:186} INFO - Started process (PID=95536) to work on /home/airflow/.local/lib/python3.12/site-packages/airflow/example_dags/example_complex.py
[2025-04-11T23:03:18.978+0000] {processor.py:914} INFO - Processing file /home/airflow/.local/lib/python3.12/site-packages/airflow/example_dags/example_complex.py for tasks to queue
[2025-04-11T23:03:18.980+0000] {logging_mixin.py:190} INFO - [2025-04-11T23:03:18.980+0000] {dagbag.py:588} INFO - Filling up the DagBag from /home/airflow/.local/lib/python3.12/site-packages/airflow/example_dags/example_complex.py
[2025-04-11T23:03:18.997+0000] {processor.py:925} INFO - DAG(s) 'example_complex' retrieved from /home/airflow/.local/lib/python3.12/site-packages/airflow/example_dags/example_complex.py
[2025-04-11T23:03:19.043+0000] {logging_mixin.py:190} INFO - [2025-04-11T23:03:19.043+0000] {dag.py:3239} INFO - Sync 1 DAGs
[2025-04-11T23:03:19.064+0000] {logging_mixin.py:190} INFO - [2025-04-11T23:03:19.064+0000] {dag.py:4180} INFO - Setting next_dagrun for example_complex to None, run_after=None
[2025-04-11T23:03:19.094+0000] {processor.py:208} INFO - Processing /home/airflow/.local/lib/python3.12/site-packages/airflow/example_dags/example_complex.py took 0.125 seconds
[2025-04-11T23:03:49.262+0000] {processor.py:186} INFO - Started process (PID=95601) to work on /home/airflow/.local/lib/python3.12/site-packages/airflow/example_dags/example_complex.py
[2025-04-11T23:03:49.264+0000] {processor.py:914} INFO - Processing file /home/airflow/.local/lib/python3.12/site-packages/airflow/example_dags/example_complex.py for tasks to queue
[2025-04-11T23:03:49.266+0000] {logging_mixin.py:190} INFO - [2025-04-11T23:03:49.265+0000] {dagbag.py:588} INFO - Filling up the DagBag from /home/airflow/.local/lib/python3.12/site-packages/airflow/example_dags/example_complex.py
[2025-04-11T23:03:49.282+0000] {processor.py:925} INFO - DAG(s) 'example_complex' retrieved from /home/airflow/.local/lib/python3.12/site-packages/airflow/example_dags/example_complex.py
[2025-04-11T23:03:49.319+0000] {logging_mixin.py:190} INFO - [2025-04-11T23:03:49.319+0000] {dag.py:3239} INFO - Sync 1 DAGs
[2025-04-11T23:03:49.337+0000] {logging_mixin.py:190} INFO - [2025-04-11T23:03:49.337+0000] {dag.py:4180} INFO - Setting next_dagrun for example_complex to None, run_after=None
[2025-04-11T23:03:49.366+0000] {processor.py:208} INFO - Processing /home/airflow/.local/lib/python3.12/site-packages/airflow/example_dags/example_complex.py took 0.111 seconds
[2025-04-11T23:04:19.879+0000] {processor.py:186} INFO - Started process (PID=95664) to work on /home/airflow/.local/lib/python3.12/site-packages/airflow/example_dags/example_complex.py
[2025-04-11T23:04:19.881+0000] {processor.py:914} INFO - Processing file /home/airflow/.local/lib/python3.12/site-packages/airflow/example_dags/example_complex.py for tasks to queue
[2025-04-11T23:04:19.883+0000] {logging_mixin.py:190} INFO - [2025-04-11T23:04:19.883+0000] {dagbag.py:588} INFO - Filling up the DagBag from /home/airflow/.local/lib/python3.12/site-packages/airflow/example_dags/example_complex.py
[2025-04-11T23:04:19.899+0000] {processor.py:925} INFO - DAG(s) 'example_complex' retrieved from /home/airflow/.local/lib/python3.12/site-packages/airflow/example_dags/example_complex.py
[2025-04-11T23:04:19.941+0000] {logging_mixin.py:190} INFO - [2025-04-11T23:04:19.941+0000] {dag.py:3239} INFO - Sync 1 DAGs
[2025-04-11T23:04:19.961+0000] {logging_mixin.py:190} INFO - [2025-04-11T23:04:19.961+0000] {dag.py:4180} INFO - Setting next_dagrun for example_complex to None, run_after=None
[2025-04-11T23:04:19.991+0000] {processor.py:208} INFO - Processing /home/airflow/.local/lib/python3.12/site-packages/airflow/example_dags/example_complex.py took 0.120 seconds
