[2025-04-11T12:04:39.001+0000] {processor.py:186} INFO - Started process (PID=74991) to work on /home/airflow/.local/lib/python3.12/site-packages/airflow/example_dags/example_branch_datetime_operator.py
[2025-04-11T12:04:39.023+0000] {processor.py:914} INFO - Processing file /home/airflow/.local/lib/python3.12/site-packages/airflow/example_dags/example_branch_datetime_operator.py for tasks to queue
[2025-04-11T12:04:39.033+0000] {logging_mixin.py:190} INFO - [2025-04-11T12:04:39.032+0000] {dagbag.py:588} INFO - Filling up the DagBag from /home/airflow/.local/lib/python3.12/site-packages/airflow/example_dags/example_branch_datetime_operator.py
[2025-04-11T12:04:39.118+0000] {processor.py:925} INFO - DAG(s) 'example_branch_datetime_operator_2', 'example_branch_datetime_operator', 'example_branch_datetime_operator_3' retrieved from /home/airflow/.local/lib/python3.12/site-packages/airflow/example_dags/example_branch_datetime_operator.py
[2025-04-11T12:04:39.303+0000] {logging_mixin.py:190} INFO - [2025-04-11T12:04:39.303+0000] {dag.py:3239} INFO - Sync 3 DAGs
[2025-04-11T12:04:39.465+0000] {logging_mixin.py:190} INFO - [2025-04-11T12:04:39.464+0000] {dag.py:4180} INFO - Setting next_dagrun for example_branch_datetime_operator to 2025-04-10 00:00:00+00:00, run_after=2025-04-11 00:00:00+00:00
[2025-04-11T12:04:39.516+0000] {logging_mixin.py:190} INFO - [2025-04-11T12:04:39.515+0000] {dag.py:4180} INFO - Setting next_dagrun for example_branch_datetime_operator_2 to 2025-04-10 00:00:00+00:00, run_after=2025-04-11 00:00:00+00:00
[2025-04-11T12:04:39.531+0000] {logging_mixin.py:190} INFO - [2025-04-11T12:04:39.531+0000] {dag.py:4180} INFO - Setting next_dagrun for example_branch_datetime_operator_3 to 2025-04-10 00:00:00+00:00, run_after=2025-04-11 00:00:00+00:00
[2025-04-11T12:04:39.658+0000] {processor.py:208} INFO - Processing /home/airflow/.local/lib/python3.12/site-packages/airflow/example_dags/example_branch_datetime_operator.py took 0.683 seconds
[2025-04-11T12:05:15.140+0000] {processor.py:186} INFO - Started process (PID=75048) to work on /home/airflow/.local/lib/python3.12/site-packages/airflow/example_dags/example_branch_datetime_operator.py
[2025-04-11T12:05:15.155+0000] {processor.py:914} INFO - Processing file /home/airflow/.local/lib/python3.12/site-packages/airflow/example_dags/example_branch_datetime_operator.py for tasks to queue
[2025-04-11T12:05:15.164+0000] {logging_mixin.py:190} INFO - [2025-04-11T12:05:15.163+0000] {dagbag.py:588} INFO - Filling up the DagBag from /home/airflow/.local/lib/python3.12/site-packages/airflow/example_dags/example_branch_datetime_operator.py
[2025-04-11T12:05:15.251+0000] {processor.py:925} INFO - DAG(s) 'example_branch_datetime_operator_2', 'example_branch_datetime_operator', 'example_branch_datetime_operator_3' retrieved from /home/airflow/.local/lib/python3.12/site-packages/airflow/example_dags/example_branch_datetime_operator.py
[2025-04-11T12:05:15.451+0000] {logging_mixin.py:190} INFO - [2025-04-11T12:05:15.451+0000] {dag.py:3239} INFO - Sync 3 DAGs
[2025-04-11T12:05:15.732+0000] {logging_mixin.py:190} INFO - [2025-04-11T12:05:15.731+0000] {dag.py:4180} INFO - Setting next_dagrun for example_branch_datetime_operator to 2025-04-10 00:00:00+00:00, run_after=2025-04-11 00:00:00+00:00
[2025-04-11T12:05:15.766+0000] {logging_mixin.py:190} INFO - [2025-04-11T12:05:15.765+0000] {dag.py:4180} INFO - Setting next_dagrun for example_branch_datetime_operator_2 to 2025-04-10 00:00:00+00:00, run_after=2025-04-11 00:00:00+00:00
[2025-04-11T12:05:15.791+0000] {logging_mixin.py:190} INFO - [2025-04-11T12:05:15.790+0000] {dag.py:4180} INFO - Setting next_dagrun for example_branch_datetime_operator_3 to 2025-04-10 00:00:00+00:00, run_after=2025-04-11 00:00:00+00:00
[2025-04-11T12:05:15.946+0000] {processor.py:208} INFO - Processing /home/airflow/.local/lib/python3.12/site-packages/airflow/example_dags/example_branch_datetime_operator.py took 0.829 seconds
[2025-04-11T12:05:50.291+0000] {processor.py:186} INFO - Started process (PID=75114) to work on /home/airflow/.local/lib/python3.12/site-packages/airflow/example_dags/example_branch_datetime_operator.py
[2025-04-11T12:05:50.293+0000] {processor.py:914} INFO - Processing file /home/airflow/.local/lib/python3.12/site-packages/airflow/example_dags/example_branch_datetime_operator.py for tasks to queue
[2025-04-11T12:05:50.297+0000] {logging_mixin.py:190} INFO - [2025-04-11T12:05:50.296+0000] {dagbag.py:588} INFO - Filling up the DagBag from /home/airflow/.local/lib/python3.12/site-packages/airflow/example_dags/example_branch_datetime_operator.py
[2025-04-11T12:05:50.363+0000] {processor.py:925} INFO - DAG(s) 'example_branch_datetime_operator_3', 'example_branch_datetime_operator', 'example_branch_datetime_operator_2' retrieved from /home/airflow/.local/lib/python3.12/site-packages/airflow/example_dags/example_branch_datetime_operator.py
[2025-04-11T12:05:50.518+0000] {logging_mixin.py:190} INFO - [2025-04-11T12:05:50.518+0000] {dag.py:3239} INFO - Sync 3 DAGs
[2025-04-11T12:05:50.665+0000] {logging_mixin.py:190} INFO - [2025-04-11T12:05:50.665+0000] {dag.py:4180} INFO - Setting next_dagrun for example_branch_datetime_operator to 2025-04-10 00:00:00+00:00, run_after=2025-04-11 00:00:00+00:00
[2025-04-11T12:05:50.701+0000] {logging_mixin.py:190} INFO - [2025-04-11T12:05:50.700+0000] {dag.py:4180} INFO - Setting next_dagrun for example_branch_datetime_operator_2 to 2025-04-10 00:00:00+00:00, run_after=2025-04-11 00:00:00+00:00
[2025-04-11T12:05:50.712+0000] {logging_mixin.py:190} INFO - [2025-04-11T12:05:50.711+0000] {dag.py:4180} INFO - Setting next_dagrun for example_branch_datetime_operator_3 to 2025-04-10 00:00:00+00:00, run_after=2025-04-11 00:00:00+00:00
[2025-04-11T12:05:50.799+0000] {processor.py:208} INFO - Processing /home/airflow/.local/lib/python3.12/site-packages/airflow/example_dags/example_branch_datetime_operator.py took 0.527 seconds
[2025-04-11T12:06:26.314+0000] {processor.py:186} INFO - Started process (PID=75181) to work on /home/airflow/.local/lib/python3.12/site-packages/airflow/example_dags/example_branch_datetime_operator.py
[2025-04-11T12:06:26.319+0000] {processor.py:914} INFO - Processing file /home/airflow/.local/lib/python3.12/site-packages/airflow/example_dags/example_branch_datetime_operator.py for tasks to queue
[2025-04-11T12:06:26.351+0000] {logging_mixin.py:190} INFO - [2025-04-11T12:06:26.341+0000] {dagbag.py:588} INFO - Filling up the DagBag from /home/airflow/.local/lib/python3.12/site-packages/airflow/example_dags/example_branch_datetime_operator.py
[2025-04-11T12:06:26.444+0000] {processor.py:925} INFO - DAG(s) 'example_branch_datetime_operator', 'example_branch_datetime_operator_2', 'example_branch_datetime_operator_3' retrieved from /home/airflow/.local/lib/python3.12/site-packages/airflow/example_dags/example_branch_datetime_operator.py
[2025-04-11T12:06:26.596+0000] {logging_mixin.py:190} INFO - [2025-04-11T12:06:26.596+0000] {dag.py:3239} INFO - Sync 3 DAGs
[2025-04-11T12:06:26.738+0000] {logging_mixin.py:190} INFO - [2025-04-11T12:06:26.737+0000] {dag.py:4180} INFO - Setting next_dagrun for example_branch_datetime_operator to 2025-04-10 00:00:00+00:00, run_after=2025-04-11 00:00:00+00:00
[2025-04-11T12:06:26.783+0000] {logging_mixin.py:190} INFO - [2025-04-11T12:06:26.774+0000] {dag.py:4180} INFO - Setting next_dagrun for example_branch_datetime_operator_2 to 2025-04-10 00:00:00+00:00, run_after=2025-04-11 00:00:00+00:00
[2025-04-11T12:06:26.799+0000] {logging_mixin.py:190} INFO - [2025-04-11T12:06:26.798+0000] {dag.py:4180} INFO - Setting next_dagrun for example_branch_datetime_operator_3 to 2025-04-10 00:00:00+00:00, run_after=2025-04-11 00:00:00+00:00
[2025-04-11T12:06:26.910+0000] {processor.py:208} INFO - Processing /home/airflow/.local/lib/python3.12/site-packages/airflow/example_dags/example_branch_datetime_operator.py took 0.634 seconds
[2025-04-11T12:06:59.520+0000] {processor.py:186} INFO - Started process (PID=75246) to work on /home/airflow/.local/lib/python3.12/site-packages/airflow/example_dags/example_branch_datetime_operator.py
[2025-04-11T12:06:59.530+0000] {processor.py:914} INFO - Processing file /home/airflow/.local/lib/python3.12/site-packages/airflow/example_dags/example_branch_datetime_operator.py for tasks to queue
[2025-04-11T12:06:59.534+0000] {logging_mixin.py:190} INFO - [2025-04-11T12:06:59.533+0000] {dagbag.py:588} INFO - Filling up the DagBag from /home/airflow/.local/lib/python3.12/site-packages/airflow/example_dags/example_branch_datetime_operator.py
[2025-04-11T12:06:59.676+0000] {processor.py:925} INFO - DAG(s) 'example_branch_datetime_operator_3', 'example_branch_datetime_operator_2', 'example_branch_datetime_operator' retrieved from /home/airflow/.local/lib/python3.12/site-packages/airflow/example_dags/example_branch_datetime_operator.py
[2025-04-11T12:06:59.837+0000] {logging_mixin.py:190} INFO - [2025-04-11T12:06:59.837+0000] {dag.py:3239} INFO - Sync 3 DAGs
[2025-04-11T12:07:00.039+0000] {logging_mixin.py:190} INFO - [2025-04-11T12:07:00.028+0000] {dag.py:4180} INFO - Setting next_dagrun for example_branch_datetime_operator to 2025-04-10 00:00:00+00:00, run_after=2025-04-11 00:00:00+00:00
[2025-04-11T12:07:00.078+0000] {logging_mixin.py:190} INFO - [2025-04-11T12:07:00.077+0000] {dag.py:4180} INFO - Setting next_dagrun for example_branch_datetime_operator_2 to 2025-04-10 00:00:00+00:00, run_after=2025-04-11 00:00:00+00:00
[2025-04-11T12:07:00.107+0000] {logging_mixin.py:190} INFO - [2025-04-11T12:07:00.096+0000] {dag.py:4180} INFO - Setting next_dagrun for example_branch_datetime_operator_3 to 2025-04-10 00:00:00+00:00, run_after=2025-04-11 00:00:00+00:00
[2025-04-11T12:07:00.298+0000] {processor.py:208} INFO - Processing /home/airflow/.local/lib/python3.12/site-packages/airflow/example_dags/example_branch_datetime_operator.py took 0.801 seconds
[2025-04-11T12:07:30.527+0000] {processor.py:186} INFO - Started process (PID=75311) to work on /home/airflow/.local/lib/python3.12/site-packages/airflow/example_dags/example_branch_datetime_operator.py
[2025-04-11T12:07:30.530+0000] {processor.py:914} INFO - Processing file /home/airflow/.local/lib/python3.12/site-packages/airflow/example_dags/example_branch_datetime_operator.py for tasks to queue
[2025-04-11T12:07:30.534+0000] {logging_mixin.py:190} INFO - [2025-04-11T12:07:30.533+0000] {dagbag.py:588} INFO - Filling up the DagBag from /home/airflow/.local/lib/python3.12/site-packages/airflow/example_dags/example_branch_datetime_operator.py
[2025-04-11T12:07:30.603+0000] {processor.py:925} INFO - DAG(s) 'example_branch_datetime_operator', 'example_branch_datetime_operator_2', 'example_branch_datetime_operator_3' retrieved from /home/airflow/.local/lib/python3.12/site-packages/airflow/example_dags/example_branch_datetime_operator.py
[2025-04-11T12:07:30.732+0000] {logging_mixin.py:190} INFO - [2025-04-11T12:07:30.731+0000] {dag.py:3239} INFO - Sync 3 DAGs
[2025-04-11T12:07:30.854+0000] {logging_mixin.py:190} INFO - [2025-04-11T12:07:30.853+0000] {dag.py:4180} INFO - Setting next_dagrun for example_branch_datetime_operator to 2025-04-10 00:00:00+00:00, run_after=2025-04-11 00:00:00+00:00
[2025-04-11T12:07:30.875+0000] {logging_mixin.py:190} INFO - [2025-04-11T12:07:30.875+0000] {dag.py:4180} INFO - Setting next_dagrun for example_branch_datetime_operator_2 to 2025-04-10 00:00:00+00:00, run_after=2025-04-11 00:00:00+00:00
[2025-04-11T12:07:30.889+0000] {logging_mixin.py:190} INFO - [2025-04-11T12:07:30.888+0000] {dag.py:4180} INFO - Setting next_dagrun for example_branch_datetime_operator_3 to 2025-04-10 00:00:00+00:00, run_after=2025-04-11 00:00:00+00:00
[2025-04-11T12:07:30.958+0000] {processor.py:208} INFO - Processing /home/airflow/.local/lib/python3.12/site-packages/airflow/example_dags/example_branch_datetime_operator.py took 0.452 seconds
[2025-04-11T12:08:01.936+0000] {processor.py:186} INFO - Started process (PID=75375) to work on /home/airflow/.local/lib/python3.12/site-packages/airflow/example_dags/example_branch_datetime_operator.py
[2025-04-11T12:08:01.939+0000] {processor.py:914} INFO - Processing file /home/airflow/.local/lib/python3.12/site-packages/airflow/example_dags/example_branch_datetime_operator.py for tasks to queue
[2025-04-11T12:08:01.944+0000] {logging_mixin.py:190} INFO - [2025-04-11T12:08:01.943+0000] {dagbag.py:588} INFO - Filling up the DagBag from /home/airflow/.local/lib/python3.12/site-packages/airflow/example_dags/example_branch_datetime_operator.py
[2025-04-11T12:08:02.007+0000] {processor.py:925} INFO - DAG(s) 'example_branch_datetime_operator_3', 'example_branch_datetime_operator', 'example_branch_datetime_operator_2' retrieved from /home/airflow/.local/lib/python3.12/site-packages/airflow/example_dags/example_branch_datetime_operator.py
[2025-04-11T12:08:02.126+0000] {logging_mixin.py:190} INFO - [2025-04-11T12:08:02.125+0000] {dag.py:3239} INFO - Sync 3 DAGs
[2025-04-11T12:08:02.248+0000] {logging_mixin.py:190} INFO - [2025-04-11T12:08:02.248+0000] {dag.py:4180} INFO - Setting next_dagrun for example_branch_datetime_operator to 2025-04-10 00:00:00+00:00, run_after=2025-04-11 00:00:00+00:00
[2025-04-11T12:08:02.291+0000] {logging_mixin.py:190} INFO - [2025-04-11T12:08:02.281+0000] {dag.py:4180} INFO - Setting next_dagrun for example_branch_datetime_operator_2 to 2025-04-10 00:00:00+00:00, run_after=2025-04-11 00:00:00+00:00
[2025-04-11T12:08:02.308+0000] {logging_mixin.py:190} INFO - [2025-04-11T12:08:02.307+0000] {dag.py:4180} INFO - Setting next_dagrun for example_branch_datetime_operator_3 to 2025-04-10 00:00:00+00:00, run_after=2025-04-11 00:00:00+00:00
[2025-04-11T12:08:02.422+0000] {processor.py:208} INFO - Processing /home/airflow/.local/lib/python3.12/site-packages/airflow/example_dags/example_branch_datetime_operator.py took 0.507 seconds
[2025-04-11T12:08:32.710+0000] {processor.py:186} INFO - Started process (PID=75440) to work on /home/airflow/.local/lib/python3.12/site-packages/airflow/example_dags/example_branch_datetime_operator.py
[2025-04-11T12:08:32.712+0000] {processor.py:914} INFO - Processing file /home/airflow/.local/lib/python3.12/site-packages/airflow/example_dags/example_branch_datetime_operator.py for tasks to queue
[2025-04-11T12:08:32.716+0000] {logging_mixin.py:190} INFO - [2025-04-11T12:08:32.715+0000] {dagbag.py:588} INFO - Filling up the DagBag from /home/airflow/.local/lib/python3.12/site-packages/airflow/example_dags/example_branch_datetime_operator.py
[2025-04-11T12:08:32.743+0000] {processor.py:925} INFO - DAG(s) 'example_branch_datetime_operator_3', 'example_branch_datetime_operator', 'example_branch_datetime_operator_2' retrieved from /home/airflow/.local/lib/python3.12/site-packages/airflow/example_dags/example_branch_datetime_operator.py
[2025-04-11T12:08:32.800+0000] {logging_mixin.py:190} INFO - [2025-04-11T12:08:32.799+0000] {dag.py:3239} INFO - Sync 3 DAGs
[2025-04-11T12:08:32.847+0000] {logging_mixin.py:190} INFO - [2025-04-11T12:08:32.847+0000] {dag.py:4180} INFO - Setting next_dagrun for example_branch_datetime_operator to 2025-04-10 00:00:00+00:00, run_after=2025-04-11 00:00:00+00:00
[2025-04-11T12:08:32.862+0000] {logging_mixin.py:190} INFO - [2025-04-11T12:08:32.861+0000] {dag.py:4180} INFO - Setting next_dagrun for example_branch_datetime_operator_2 to 2025-04-10 00:00:00+00:00, run_after=2025-04-11 00:00:00+00:00
[2025-04-11T12:08:32.867+0000] {logging_mixin.py:190} INFO - [2025-04-11T12:08:32.867+0000] {dag.py:4180} INFO - Setting next_dagrun for example_branch_datetime_operator_3 to 2025-04-10 00:00:00+00:00, run_after=2025-04-11 00:00:00+00:00
[2025-04-11T12:08:32.915+0000] {processor.py:208} INFO - Processing /home/airflow/.local/lib/python3.12/site-packages/airflow/example_dags/example_branch_datetime_operator.py took 0.215 seconds
[2025-04-11T12:09:03.831+0000] {processor.py:186} INFO - Started process (PID=75504) to work on /home/airflow/.local/lib/python3.12/site-packages/airflow/example_dags/example_branch_datetime_operator.py
[2025-04-11T12:09:03.834+0000] {processor.py:914} INFO - Processing file /home/airflow/.local/lib/python3.12/site-packages/airflow/example_dags/example_branch_datetime_operator.py for tasks to queue
[2025-04-11T12:09:03.839+0000] {logging_mixin.py:190} INFO - [2025-04-11T12:09:03.839+0000] {dagbag.py:588} INFO - Filling up the DagBag from /home/airflow/.local/lib/python3.12/site-packages/airflow/example_dags/example_branch_datetime_operator.py
[2025-04-11T12:09:03.869+0000] {processor.py:925} INFO - DAG(s) 'example_branch_datetime_operator', 'example_branch_datetime_operator_3', 'example_branch_datetime_operator_2' retrieved from /home/airflow/.local/lib/python3.12/site-packages/airflow/example_dags/example_branch_datetime_operator.py
[2025-04-11T12:09:03.932+0000] {logging_mixin.py:190} INFO - [2025-04-11T12:09:03.932+0000] {dag.py:3239} INFO - Sync 3 DAGs
[2025-04-11T12:09:03.984+0000] {logging_mixin.py:190} INFO - [2025-04-11T12:09:03.984+0000] {dag.py:4180} INFO - Setting next_dagrun for example_branch_datetime_operator to 2025-04-10 00:00:00+00:00, run_after=2025-04-11 00:00:00+00:00
[2025-04-11T12:09:03.994+0000] {logging_mixin.py:190} INFO - [2025-04-11T12:09:03.994+0000] {dag.py:4180} INFO - Setting next_dagrun for example_branch_datetime_operator_2 to 2025-04-10 00:00:00+00:00, run_after=2025-04-11 00:00:00+00:00
[2025-04-11T12:09:04.000+0000] {logging_mixin.py:190} INFO - [2025-04-11T12:09:04.000+0000] {dag.py:4180} INFO - Setting next_dagrun for example_branch_datetime_operator_3 to 2025-04-10 00:00:00+00:00, run_after=2025-04-11 00:00:00+00:00
[2025-04-11T12:09:04.045+0000] {processor.py:208} INFO - Processing /home/airflow/.local/lib/python3.12/site-packages/airflow/example_dags/example_branch_datetime_operator.py took 0.224 seconds
[2025-04-11T12:09:34.572+0000] {processor.py:186} INFO - Started process (PID=75563) to work on /home/airflow/.local/lib/python3.12/site-packages/airflow/example_dags/example_branch_datetime_operator.py
[2025-04-11T12:09:34.574+0000] {processor.py:914} INFO - Processing file /home/airflow/.local/lib/python3.12/site-packages/airflow/example_dags/example_branch_datetime_operator.py for tasks to queue
[2025-04-11T12:09:34.577+0000] {logging_mixin.py:190} INFO - [2025-04-11T12:09:34.576+0000] {dagbag.py:588} INFO - Filling up the DagBag from /home/airflow/.local/lib/python3.12/site-packages/airflow/example_dags/example_branch_datetime_operator.py
[2025-04-11T12:09:34.604+0000] {processor.py:925} INFO - DAG(s) 'example_branch_datetime_operator_2', 'example_branch_datetime_operator_3', 'example_branch_datetime_operator' retrieved from /home/airflow/.local/lib/python3.12/site-packages/airflow/example_dags/example_branch_datetime_operator.py
[2025-04-11T12:09:34.655+0000] {logging_mixin.py:190} INFO - [2025-04-11T12:09:34.655+0000] {dag.py:3239} INFO - Sync 3 DAGs
[2025-04-11T12:09:34.697+0000] {logging_mixin.py:190} INFO - [2025-04-11T12:09:34.697+0000] {dag.py:4180} INFO - Setting next_dagrun for example_branch_datetime_operator to 2025-04-10 00:00:00+00:00, run_after=2025-04-11 00:00:00+00:00
[2025-04-11T12:09:34.707+0000] {logging_mixin.py:190} INFO - [2025-04-11T12:09:34.707+0000] {dag.py:4180} INFO - Setting next_dagrun for example_branch_datetime_operator_2 to 2025-04-10 00:00:00+00:00, run_after=2025-04-11 00:00:00+00:00
[2025-04-11T12:09:34.711+0000] {logging_mixin.py:190} INFO - [2025-04-11T12:09:34.711+0000] {dag.py:4180} INFO - Setting next_dagrun for example_branch_datetime_operator_3 to 2025-04-10 00:00:00+00:00, run_after=2025-04-11 00:00:00+00:00
[2025-04-11T12:09:34.745+0000] {processor.py:208} INFO - Processing /home/airflow/.local/lib/python3.12/site-packages/airflow/example_dags/example_branch_datetime_operator.py took 0.184 seconds
[2025-04-11T12:10:06.064+0000] {processor.py:186} INFO - Started process (PID=75619) to work on /home/airflow/.local/lib/python3.12/site-packages/airflow/example_dags/example_branch_datetime_operator.py
[2025-04-11T12:10:06.066+0000] {processor.py:914} INFO - Processing file /home/airflow/.local/lib/python3.12/site-packages/airflow/example_dags/example_branch_datetime_operator.py for tasks to queue
[2025-04-11T12:10:06.071+0000] {logging_mixin.py:190} INFO - [2025-04-11T12:10:06.070+0000] {dagbag.py:588} INFO - Filling up the DagBag from /home/airflow/.local/lib/python3.12/site-packages/airflow/example_dags/example_branch_datetime_operator.py
[2025-04-11T12:10:06.108+0000] {processor.py:925} INFO - DAG(s) 'example_branch_datetime_operator_2', 'example_branch_datetime_operator', 'example_branch_datetime_operator_3' retrieved from /home/airflow/.local/lib/python3.12/site-packages/airflow/example_dags/example_branch_datetime_operator.py
[2025-04-11T12:10:06.231+0000] {logging_mixin.py:190} INFO - [2025-04-11T12:10:06.230+0000] {dag.py:3239} INFO - Sync 3 DAGs
[2025-04-11T12:10:06.378+0000] {logging_mixin.py:190} INFO - [2025-04-11T12:10:06.378+0000] {dag.py:4180} INFO - Setting next_dagrun for example_branch_datetime_operator to 2025-04-10 00:00:00+00:00, run_after=2025-04-11 00:00:00+00:00
[2025-04-11T12:10:06.411+0000] {logging_mixin.py:190} INFO - [2025-04-11T12:10:06.410+0000] {dag.py:4180} INFO - Setting next_dagrun for example_branch_datetime_operator_2 to 2025-04-10 00:00:00+00:00, run_after=2025-04-11 00:00:00+00:00
[2025-04-11T12:10:06.428+0000] {logging_mixin.py:190} INFO - [2025-04-11T12:10:06.427+0000] {dag.py:4180} INFO - Setting next_dagrun for example_branch_datetime_operator_3 to 2025-04-10 00:00:00+00:00, run_after=2025-04-11 00:00:00+00:00
[2025-04-11T12:10:06.550+0000] {processor.py:208} INFO - Processing /home/airflow/.local/lib/python3.12/site-packages/airflow/example_dags/example_branch_datetime_operator.py took 0.505 seconds
[2025-04-11T12:10:36.917+0000] {processor.py:186} INFO - Started process (PID=75682) to work on /home/airflow/.local/lib/python3.12/site-packages/airflow/example_dags/example_branch_datetime_operator.py
[2025-04-11T12:10:36.919+0000] {processor.py:914} INFO - Processing file /home/airflow/.local/lib/python3.12/site-packages/airflow/example_dags/example_branch_datetime_operator.py for tasks to queue
[2025-04-11T12:10:36.921+0000] {logging_mixin.py:190} INFO - [2025-04-11T12:10:36.921+0000] {dagbag.py:588} INFO - Filling up the DagBag from /home/airflow/.local/lib/python3.12/site-packages/airflow/example_dags/example_branch_datetime_operator.py
[2025-04-11T12:10:36.941+0000] {processor.py:925} INFO - DAG(s) 'example_branch_datetime_operator_2', 'example_branch_datetime_operator_3', 'example_branch_datetime_operator' retrieved from /home/airflow/.local/lib/python3.12/site-packages/airflow/example_dags/example_branch_datetime_operator.py
[2025-04-11T12:10:36.988+0000] {logging_mixin.py:190} INFO - [2025-04-11T12:10:36.987+0000] {dag.py:3239} INFO - Sync 3 DAGs
[2025-04-11T12:10:37.033+0000] {logging_mixin.py:190} INFO - [2025-04-11T12:10:37.032+0000] {dag.py:4180} INFO - Setting next_dagrun for example_branch_datetime_operator to 2025-04-10 00:00:00+00:00, run_after=2025-04-11 00:00:00+00:00
[2025-04-11T12:10:37.047+0000] {logging_mixin.py:190} INFO - [2025-04-11T12:10:37.046+0000] {dag.py:4180} INFO - Setting next_dagrun for example_branch_datetime_operator_2 to 2025-04-10 00:00:00+00:00, run_after=2025-04-11 00:00:00+00:00
[2025-04-11T12:10:37.057+0000] {logging_mixin.py:190} INFO - [2025-04-11T12:10:37.056+0000] {dag.py:4180} INFO - Setting next_dagrun for example_branch_datetime_operator_3 to 2025-04-10 00:00:00+00:00, run_after=2025-04-11 00:00:00+00:00
[2025-04-11T12:10:37.098+0000] {processor.py:208} INFO - Processing /home/airflow/.local/lib/python3.12/site-packages/airflow/example_dags/example_branch_datetime_operator.py took 0.193 seconds
[2025-04-11T12:11:07.635+0000] {processor.py:186} INFO - Started process (PID=75747) to work on /home/airflow/.local/lib/python3.12/site-packages/airflow/example_dags/example_branch_datetime_operator.py
[2025-04-11T12:11:07.637+0000] {processor.py:914} INFO - Processing file /home/airflow/.local/lib/python3.12/site-packages/airflow/example_dags/example_branch_datetime_operator.py for tasks to queue
[2025-04-11T12:11:07.641+0000] {logging_mixin.py:190} INFO - [2025-04-11T12:11:07.640+0000] {dagbag.py:588} INFO - Filling up the DagBag from /home/airflow/.local/lib/python3.12/site-packages/airflow/example_dags/example_branch_datetime_operator.py
[2025-04-11T12:11:07.675+0000] {processor.py:925} INFO - DAG(s) 'example_branch_datetime_operator_3', 'example_branch_datetime_operator_2', 'example_branch_datetime_operator' retrieved from /home/airflow/.local/lib/python3.12/site-packages/airflow/example_dags/example_branch_datetime_operator.py
[2025-04-11T12:11:07.743+0000] {logging_mixin.py:190} INFO - [2025-04-11T12:11:07.742+0000] {dag.py:3239} INFO - Sync 3 DAGs
[2025-04-11T12:11:07.842+0000] {logging_mixin.py:190} INFO - [2025-04-11T12:11:07.842+0000] {dag.py:4180} INFO - Setting next_dagrun for example_branch_datetime_operator to 2025-04-10 00:00:00+00:00, run_after=2025-04-11 00:00:00+00:00
[2025-04-11T12:11:07.855+0000] {logging_mixin.py:190} INFO - [2025-04-11T12:11:07.855+0000] {dag.py:4180} INFO - Setting next_dagrun for example_branch_datetime_operator_2 to 2025-04-10 00:00:00+00:00, run_after=2025-04-11 00:00:00+00:00
[2025-04-11T12:11:07.862+0000] {logging_mixin.py:190} INFO - [2025-04-11T12:11:07.862+0000] {dag.py:4180} INFO - Setting next_dagrun for example_branch_datetime_operator_3 to 2025-04-10 00:00:00+00:00, run_after=2025-04-11 00:00:00+00:00
[2025-04-11T12:11:07.912+0000] {processor.py:208} INFO - Processing /home/airflow/.local/lib/python3.12/site-packages/airflow/example_dags/example_branch_datetime_operator.py took 0.296 seconds
[2025-04-11T12:11:38.097+0000] {processor.py:186} INFO - Started process (PID=75812) to work on /home/airflow/.local/lib/python3.12/site-packages/airflow/example_dags/example_branch_datetime_operator.py
[2025-04-11T12:11:38.098+0000] {processor.py:914} INFO - Processing file /home/airflow/.local/lib/python3.12/site-packages/airflow/example_dags/example_branch_datetime_operator.py for tasks to queue
[2025-04-11T12:11:38.101+0000] {logging_mixin.py:190} INFO - [2025-04-11T12:11:38.100+0000] {dagbag.py:588} INFO - Filling up the DagBag from /home/airflow/.local/lib/python3.12/site-packages/airflow/example_dags/example_branch_datetime_operator.py
[2025-04-11T12:11:38.126+0000] {processor.py:925} INFO - DAG(s) 'example_branch_datetime_operator_2', 'example_branch_datetime_operator', 'example_branch_datetime_operator_3' retrieved from /home/airflow/.local/lib/python3.12/site-packages/airflow/example_dags/example_branch_datetime_operator.py
[2025-04-11T12:11:38.181+0000] {logging_mixin.py:190} INFO - [2025-04-11T12:11:38.181+0000] {dag.py:3239} INFO - Sync 3 DAGs
[2025-04-11T12:11:38.231+0000] {logging_mixin.py:190} INFO - [2025-04-11T12:11:38.231+0000] {dag.py:4180} INFO - Setting next_dagrun for example_branch_datetime_operator to 2025-04-10 00:00:00+00:00, run_after=2025-04-11 00:00:00+00:00
[2025-04-11T12:11:38.243+0000] {logging_mixin.py:190} INFO - [2025-04-11T12:11:38.243+0000] {dag.py:4180} INFO - Setting next_dagrun for example_branch_datetime_operator_2 to 2025-04-10 00:00:00+00:00, run_after=2025-04-11 00:00:00+00:00
[2025-04-11T12:11:38.250+0000] {logging_mixin.py:190} INFO - [2025-04-11T12:11:38.249+0000] {dag.py:4180} INFO - Setting next_dagrun for example_branch_datetime_operator_3 to 2025-04-10 00:00:00+00:00, run_after=2025-04-11 00:00:00+00:00
[2025-04-11T12:11:38.297+0000] {processor.py:208} INFO - Processing /home/airflow/.local/lib/python3.12/site-packages/airflow/example_dags/example_branch_datetime_operator.py took 0.208 seconds
[2025-04-11T12:12:08.504+0000] {processor.py:186} INFO - Started process (PID=75877) to work on /home/airflow/.local/lib/python3.12/site-packages/airflow/example_dags/example_branch_datetime_operator.py
[2025-04-11T12:12:08.506+0000] {processor.py:914} INFO - Processing file /home/airflow/.local/lib/python3.12/site-packages/airflow/example_dags/example_branch_datetime_operator.py for tasks to queue
[2025-04-11T12:12:08.508+0000] {logging_mixin.py:190} INFO - [2025-04-11T12:12:08.507+0000] {dagbag.py:588} INFO - Filling up the DagBag from /home/airflow/.local/lib/python3.12/site-packages/airflow/example_dags/example_branch_datetime_operator.py
[2025-04-11T12:12:08.529+0000] {processor.py:925} INFO - DAG(s) 'example_branch_datetime_operator_2', 'example_branch_datetime_operator_3', 'example_branch_datetime_operator' retrieved from /home/airflow/.local/lib/python3.12/site-packages/airflow/example_dags/example_branch_datetime_operator.py
[2025-04-11T12:12:08.579+0000] {logging_mixin.py:190} INFO - [2025-04-11T12:12:08.578+0000] {dag.py:3239} INFO - Sync 3 DAGs
[2025-04-11T12:12:08.623+0000] {logging_mixin.py:190} INFO - [2025-04-11T12:12:08.622+0000] {dag.py:4180} INFO - Setting next_dagrun for example_branch_datetime_operator to 2025-04-10 00:00:00+00:00, run_after=2025-04-11 00:00:00+00:00
[2025-04-11T12:12:08.631+0000] {logging_mixin.py:190} INFO - [2025-04-11T12:12:08.631+0000] {dag.py:4180} INFO - Setting next_dagrun for example_branch_datetime_operator_2 to 2025-04-10 00:00:00+00:00, run_after=2025-04-11 00:00:00+00:00
[2025-04-11T12:12:08.635+0000] {logging_mixin.py:190} INFO - [2025-04-11T12:12:08.635+0000] {dag.py:4180} INFO - Setting next_dagrun for example_branch_datetime_operator_3 to 2025-04-10 00:00:00+00:00, run_after=2025-04-11 00:00:00+00:00
[2025-04-11T12:12:08.679+0000] {processor.py:208} INFO - Processing /home/airflow/.local/lib/python3.12/site-packages/airflow/example_dags/example_branch_datetime_operator.py took 0.183 seconds
[2025-04-11T12:12:39.501+0000] {processor.py:186} INFO - Started process (PID=75942) to work on /home/airflow/.local/lib/python3.12/site-packages/airflow/example_dags/example_branch_datetime_operator.py
[2025-04-11T12:12:39.505+0000] {processor.py:914} INFO - Processing file /home/airflow/.local/lib/python3.12/site-packages/airflow/example_dags/example_branch_datetime_operator.py for tasks to queue
[2025-04-11T12:12:39.509+0000] {logging_mixin.py:190} INFO - [2025-04-11T12:12:39.508+0000] {dagbag.py:588} INFO - Filling up the DagBag from /home/airflow/.local/lib/python3.12/site-packages/airflow/example_dags/example_branch_datetime_operator.py
[2025-04-11T12:12:39.533+0000] {processor.py:925} INFO - DAG(s) 'example_branch_datetime_operator', 'example_branch_datetime_operator_2', 'example_branch_datetime_operator_3' retrieved from /home/airflow/.local/lib/python3.12/site-packages/airflow/example_dags/example_branch_datetime_operator.py
[2025-04-11T12:12:39.592+0000] {logging_mixin.py:190} INFO - [2025-04-11T12:12:39.591+0000] {dag.py:3239} INFO - Sync 3 DAGs
[2025-04-11T12:12:39.640+0000] {logging_mixin.py:190} INFO - [2025-04-11T12:12:39.639+0000] {dag.py:4180} INFO - Setting next_dagrun for example_branch_datetime_operator to 2025-04-10 00:00:00+00:00, run_after=2025-04-11 00:00:00+00:00
[2025-04-11T12:12:39.648+0000] {logging_mixin.py:190} INFO - [2025-04-11T12:12:39.647+0000] {dag.py:4180} INFO - Setting next_dagrun for example_branch_datetime_operator_2 to 2025-04-10 00:00:00+00:00, run_after=2025-04-11 00:00:00+00:00
[2025-04-11T12:12:39.654+0000] {logging_mixin.py:190} INFO - [2025-04-11T12:12:39.653+0000] {dag.py:4180} INFO - Setting next_dagrun for example_branch_datetime_operator_3 to 2025-04-10 00:00:00+00:00, run_after=2025-04-11 00:00:00+00:00
[2025-04-11T12:12:39.694+0000] {processor.py:208} INFO - Processing /home/airflow/.local/lib/python3.12/site-packages/airflow/example_dags/example_branch_datetime_operator.py took 0.204 seconds
[2025-04-11T12:13:09.852+0000] {processor.py:186} INFO - Started process (PID=76007) to work on /home/airflow/.local/lib/python3.12/site-packages/airflow/example_dags/example_branch_datetime_operator.py
[2025-04-11T12:13:09.857+0000] {processor.py:914} INFO - Processing file /home/airflow/.local/lib/python3.12/site-packages/airflow/example_dags/example_branch_datetime_operator.py for tasks to queue
[2025-04-11T12:13:09.860+0000] {logging_mixin.py:190} INFO - [2025-04-11T12:13:09.859+0000] {dagbag.py:588} INFO - Filling up the DagBag from /home/airflow/.local/lib/python3.12/site-packages/airflow/example_dags/example_branch_datetime_operator.py
[2025-04-11T12:13:09.886+0000] {processor.py:925} INFO - DAG(s) 'example_branch_datetime_operator_3', 'example_branch_datetime_operator_2', 'example_branch_datetime_operator' retrieved from /home/airflow/.local/lib/python3.12/site-packages/airflow/example_dags/example_branch_datetime_operator.py
[2025-04-11T12:13:09.957+0000] {logging_mixin.py:190} INFO - [2025-04-11T12:13:09.956+0000] {dag.py:3239} INFO - Sync 3 DAGs
[2025-04-11T12:13:10.027+0000] {logging_mixin.py:190} INFO - [2025-04-11T12:13:10.027+0000] {dag.py:4180} INFO - Setting next_dagrun for example_branch_datetime_operator to 2025-04-10 00:00:00+00:00, run_after=2025-04-11 00:00:00+00:00
[2025-04-11T12:13:10.044+0000] {logging_mixin.py:190} INFO - [2025-04-11T12:13:10.044+0000] {dag.py:4180} INFO - Setting next_dagrun for example_branch_datetime_operator_2 to 2025-04-10 00:00:00+00:00, run_after=2025-04-11 00:00:00+00:00
[2025-04-11T12:13:10.051+0000] {logging_mixin.py:190} INFO - [2025-04-11T12:13:10.051+0000] {dag.py:4180} INFO - Setting next_dagrun for example_branch_datetime_operator_3 to 2025-04-10 00:00:00+00:00, run_after=2025-04-11 00:00:00+00:00
[2025-04-11T12:13:10.101+0000] {processor.py:208} INFO - Processing /home/airflow/.local/lib/python3.12/site-packages/airflow/example_dags/example_branch_datetime_operator.py took 0.261 seconds
[2025-04-11T12:13:42.146+0000] {processor.py:186} INFO - Started process (PID=76072) to work on /home/airflow/.local/lib/python3.12/site-packages/airflow/example_dags/example_branch_datetime_operator.py
[2025-04-11T12:13:42.149+0000] {processor.py:914} INFO - Processing file /home/airflow/.local/lib/python3.12/site-packages/airflow/example_dags/example_branch_datetime_operator.py for tasks to queue
[2025-04-11T12:13:42.153+0000] {logging_mixin.py:190} INFO - [2025-04-11T12:13:42.152+0000] {dagbag.py:588} INFO - Filling up the DagBag from /home/airflow/.local/lib/python3.12/site-packages/airflow/example_dags/example_branch_datetime_operator.py
[2025-04-11T12:13:42.209+0000] {processor.py:925} INFO - DAG(s) 'example_branch_datetime_operator_3', 'example_branch_datetime_operator', 'example_branch_datetime_operator_2' retrieved from /home/airflow/.local/lib/python3.12/site-packages/airflow/example_dags/example_branch_datetime_operator.py
[2025-04-11T12:13:42.350+0000] {logging_mixin.py:190} INFO - [2025-04-11T12:13:42.349+0000] {dag.py:3239} INFO - Sync 3 DAGs
[2025-04-11T12:13:42.505+0000] {logging_mixin.py:190} INFO - [2025-04-11T12:13:42.505+0000] {dag.py:4180} INFO - Setting next_dagrun for example_branch_datetime_operator to 2025-04-10 00:00:00+00:00, run_after=2025-04-11 00:00:00+00:00
[2025-04-11T12:13:42.549+0000] {logging_mixin.py:190} INFO - [2025-04-11T12:13:42.548+0000] {dag.py:4180} INFO - Setting next_dagrun for example_branch_datetime_operator_2 to 2025-04-10 00:00:00+00:00, run_after=2025-04-11 00:00:00+00:00
[2025-04-11T12:13:42.558+0000] {logging_mixin.py:190} INFO - [2025-04-11T12:13:42.557+0000] {dag.py:4180} INFO - Setting next_dagrun for example_branch_datetime_operator_3 to 2025-04-10 00:00:00+00:00, run_after=2025-04-11 00:00:00+00:00
[2025-04-11T12:13:42.668+0000] {processor.py:208} INFO - Processing /home/airflow/.local/lib/python3.12/site-packages/airflow/example_dags/example_branch_datetime_operator.py took 0.542 seconds
[2025-04-11T12:14:13.934+0000] {processor.py:186} INFO - Started process (PID=76137) to work on /home/airflow/.local/lib/python3.12/site-packages/airflow/example_dags/example_branch_datetime_operator.py
[2025-04-11T12:14:13.940+0000] {processor.py:914} INFO - Processing file /home/airflow/.local/lib/python3.12/site-packages/airflow/example_dags/example_branch_datetime_operator.py for tasks to queue
[2025-04-11T12:14:13.948+0000] {logging_mixin.py:190} INFO - [2025-04-11T12:14:13.947+0000] {dagbag.py:588} INFO - Filling up the DagBag from /home/airflow/.local/lib/python3.12/site-packages/airflow/example_dags/example_branch_datetime_operator.py
[2025-04-11T12:14:14.020+0000] {processor.py:925} INFO - DAG(s) 'example_branch_datetime_operator', 'example_branch_datetime_operator_3', 'example_branch_datetime_operator_2' retrieved from /home/airflow/.local/lib/python3.12/site-packages/airflow/example_dags/example_branch_datetime_operator.py
[2025-04-11T12:14:14.143+0000] {logging_mixin.py:190} INFO - [2025-04-11T12:14:14.142+0000] {dag.py:3239} INFO - Sync 3 DAGs
[2025-04-11T12:14:14.282+0000] {logging_mixin.py:190} INFO - [2025-04-11T12:14:14.282+0000] {dag.py:4180} INFO - Setting next_dagrun for example_branch_datetime_operator to 2025-04-10 00:00:00+00:00, run_after=2025-04-11 00:00:00+00:00
[2025-04-11T12:14:14.316+0000] {logging_mixin.py:190} INFO - [2025-04-11T12:14:14.315+0000] {dag.py:4180} INFO - Setting next_dagrun for example_branch_datetime_operator_2 to 2025-04-10 00:00:00+00:00, run_after=2025-04-11 00:00:00+00:00
[2025-04-11T12:14:14.332+0000] {logging_mixin.py:190} INFO - [2025-04-11T12:14:14.328+0000] {dag.py:4180} INFO - Setting next_dagrun for example_branch_datetime_operator_3 to 2025-04-10 00:00:00+00:00, run_after=2025-04-11 00:00:00+00:00
[2025-04-11T12:14:14.401+0000] {processor.py:208} INFO - Processing /home/airflow/.local/lib/python3.12/site-packages/airflow/example_dags/example_branch_datetime_operator.py took 0.493 seconds
[2025-04-11T12:14:44.888+0000] {processor.py:186} INFO - Started process (PID=76200) to work on /home/airflow/.local/lib/python3.12/site-packages/airflow/example_dags/example_branch_datetime_operator.py
[2025-04-11T12:14:44.898+0000] {processor.py:914} INFO - Processing file /home/airflow/.local/lib/python3.12/site-packages/airflow/example_dags/example_branch_datetime_operator.py for tasks to queue
[2025-04-11T12:14:44.908+0000] {logging_mixin.py:190} INFO - [2025-04-11T12:14:44.908+0000] {dagbag.py:588} INFO - Filling up the DagBag from /home/airflow/.local/lib/python3.12/site-packages/airflow/example_dags/example_branch_datetime_operator.py
[2025-04-11T12:14:44.966+0000] {processor.py:925} INFO - DAG(s) 'example_branch_datetime_operator_2', 'example_branch_datetime_operator', 'example_branch_datetime_operator_3' retrieved from /home/airflow/.local/lib/python3.12/site-packages/airflow/example_dags/example_branch_datetime_operator.py
[2025-04-11T12:14:45.093+0000] {logging_mixin.py:190} INFO - [2025-04-11T12:14:45.093+0000] {dag.py:3239} INFO - Sync 3 DAGs
[2025-04-11T12:14:45.255+0000] {logging_mixin.py:190} INFO - [2025-04-11T12:14:45.255+0000] {dag.py:4180} INFO - Setting next_dagrun for example_branch_datetime_operator to 2025-04-10 00:00:00+00:00, run_after=2025-04-11 00:00:00+00:00
[2025-04-11T12:14:45.327+0000] {logging_mixin.py:190} INFO - [2025-04-11T12:14:45.327+0000] {dag.py:4180} INFO - Setting next_dagrun for example_branch_datetime_operator_2 to 2025-04-10 00:00:00+00:00, run_after=2025-04-11 00:00:00+00:00
[2025-04-11T12:14:45.364+0000] {logging_mixin.py:190} INFO - [2025-04-11T12:14:45.363+0000] {dag.py:4180} INFO - Setting next_dagrun for example_branch_datetime_operator_3 to 2025-04-10 00:00:00+00:00, run_after=2025-04-11 00:00:00+00:00
[2025-04-11T12:14:45.457+0000] {processor.py:208} INFO - Processing /home/airflow/.local/lib/python3.12/site-packages/airflow/example_dags/example_branch_datetime_operator.py took 0.592 seconds
[2025-04-11T12:15:16.262+0000] {processor.py:186} INFO - Started process (PID=76265) to work on /home/airflow/.local/lib/python3.12/site-packages/airflow/example_dags/example_branch_datetime_operator.py
[2025-04-11T12:15:16.264+0000] {processor.py:914} INFO - Processing file /home/airflow/.local/lib/python3.12/site-packages/airflow/example_dags/example_branch_datetime_operator.py for tasks to queue
[2025-04-11T12:15:16.267+0000] {logging_mixin.py:190} INFO - [2025-04-11T12:15:16.266+0000] {dagbag.py:588} INFO - Filling up the DagBag from /home/airflow/.local/lib/python3.12/site-packages/airflow/example_dags/example_branch_datetime_operator.py
[2025-04-11T12:15:16.293+0000] {processor.py:925} INFO - DAG(s) 'example_branch_datetime_operator_2', 'example_branch_datetime_operator_3', 'example_branch_datetime_operator' retrieved from /home/airflow/.local/lib/python3.12/site-packages/airflow/example_dags/example_branch_datetime_operator.py
[2025-04-11T12:15:16.367+0000] {logging_mixin.py:190} INFO - [2025-04-11T12:15:16.366+0000] {dag.py:3239} INFO - Sync 3 DAGs
[2025-04-11T12:15:16.445+0000] {logging_mixin.py:190} INFO - [2025-04-11T12:15:16.444+0000] {dag.py:4180} INFO - Setting next_dagrun for example_branch_datetime_operator to 2025-04-10 00:00:00+00:00, run_after=2025-04-11 00:00:00+00:00
[2025-04-11T12:15:16.455+0000] {logging_mixin.py:190} INFO - [2025-04-11T12:15:16.454+0000] {dag.py:4180} INFO - Setting next_dagrun for example_branch_datetime_operator_2 to 2025-04-10 00:00:00+00:00, run_after=2025-04-11 00:00:00+00:00
[2025-04-11T12:15:16.462+0000] {logging_mixin.py:190} INFO - [2025-04-11T12:15:16.461+0000] {dag.py:4180} INFO - Setting next_dagrun for example_branch_datetime_operator_3 to 2025-04-10 00:00:00+00:00, run_after=2025-04-11 00:00:00+00:00
[2025-04-11T12:15:16.517+0000] {processor.py:208} INFO - Processing /home/airflow/.local/lib/python3.12/site-packages/airflow/example_dags/example_branch_datetime_operator.py took 0.271 seconds
[2025-04-11T12:15:46.853+0000] {processor.py:186} INFO - Started process (PID=76329) to work on /home/airflow/.local/lib/python3.12/site-packages/airflow/example_dags/example_branch_datetime_operator.py
[2025-04-11T12:15:46.855+0000] {processor.py:914} INFO - Processing file /home/airflow/.local/lib/python3.12/site-packages/airflow/example_dags/example_branch_datetime_operator.py for tasks to queue
[2025-04-11T12:15:46.857+0000] {logging_mixin.py:190} INFO - [2025-04-11T12:15:46.857+0000] {dagbag.py:588} INFO - Filling up the DagBag from /home/airflow/.local/lib/python3.12/site-packages/airflow/example_dags/example_branch_datetime_operator.py
[2025-04-11T12:15:46.883+0000] {processor.py:925} INFO - DAG(s) 'example_branch_datetime_operator_2', 'example_branch_datetime_operator', 'example_branch_datetime_operator_3' retrieved from /home/airflow/.local/lib/python3.12/site-packages/airflow/example_dags/example_branch_datetime_operator.py
[2025-04-11T12:15:46.951+0000] {logging_mixin.py:190} INFO - [2025-04-11T12:15:46.950+0000] {dag.py:3239} INFO - Sync 3 DAGs
[2025-04-11T12:15:47.018+0000] {logging_mixin.py:190} INFO - [2025-04-11T12:15:47.018+0000] {dag.py:4180} INFO - Setting next_dagrun for example_branch_datetime_operator to 2025-04-10 00:00:00+00:00, run_after=2025-04-11 00:00:00+00:00
[2025-04-11T12:15:47.035+0000] {logging_mixin.py:190} INFO - [2025-04-11T12:15:47.035+0000] {dag.py:4180} INFO - Setting next_dagrun for example_branch_datetime_operator_2 to 2025-04-10 00:00:00+00:00, run_after=2025-04-11 00:00:00+00:00
[2025-04-11T12:15:47.042+0000] {logging_mixin.py:190} INFO - [2025-04-11T12:15:47.042+0000] {dag.py:4180} INFO - Setting next_dagrun for example_branch_datetime_operator_3 to 2025-04-10 00:00:00+00:00, run_after=2025-04-11 00:00:00+00:00
[2025-04-11T12:15:47.096+0000] {processor.py:208} INFO - Processing /home/airflow/.local/lib/python3.12/site-packages/airflow/example_dags/example_branch_datetime_operator.py took 0.256 seconds
[2025-04-11T12:16:17.890+0000] {processor.py:186} INFO - Started process (PID=76394) to work on /home/airflow/.local/lib/python3.12/site-packages/airflow/example_dags/example_branch_datetime_operator.py
[2025-04-11T12:16:17.891+0000] {processor.py:914} INFO - Processing file /home/airflow/.local/lib/python3.12/site-packages/airflow/example_dags/example_branch_datetime_operator.py for tasks to queue
[2025-04-11T12:16:17.893+0000] {logging_mixin.py:190} INFO - [2025-04-11T12:16:17.892+0000] {dagbag.py:588} INFO - Filling up the DagBag from /home/airflow/.local/lib/python3.12/site-packages/airflow/example_dags/example_branch_datetime_operator.py
[2025-04-11T12:16:17.909+0000] {processor.py:925} INFO - DAG(s) 'example_branch_datetime_operator_2', 'example_branch_datetime_operator', 'example_branch_datetime_operator_3' retrieved from /home/airflow/.local/lib/python3.12/site-packages/airflow/example_dags/example_branch_datetime_operator.py
[2025-04-11T12:16:17.952+0000] {logging_mixin.py:190} INFO - [2025-04-11T12:16:17.951+0000] {dag.py:3239} INFO - Sync 3 DAGs
[2025-04-11T12:16:17.992+0000] {logging_mixin.py:190} INFO - [2025-04-11T12:16:17.991+0000] {dag.py:4180} INFO - Setting next_dagrun for example_branch_datetime_operator to 2025-04-10 00:00:00+00:00, run_after=2025-04-11 00:00:00+00:00
[2025-04-11T12:16:18.001+0000] {logging_mixin.py:190} INFO - [2025-04-11T12:16:18.000+0000] {dag.py:4180} INFO - Setting next_dagrun for example_branch_datetime_operator_2 to 2025-04-10 00:00:00+00:00, run_after=2025-04-11 00:00:00+00:00
[2025-04-11T12:16:18.005+0000] {logging_mixin.py:190} INFO - [2025-04-11T12:16:18.005+0000] {dag.py:4180} INFO - Setting next_dagrun for example_branch_datetime_operator_3 to 2025-04-10 00:00:00+00:00, run_after=2025-04-11 00:00:00+00:00
[2025-04-11T12:16:18.037+0000] {processor.py:208} INFO - Processing /home/airflow/.local/lib/python3.12/site-packages/airflow/example_dags/example_branch_datetime_operator.py took 0.155 seconds
[2025-04-11T12:16:48.355+0000] {processor.py:186} INFO - Started process (PID=76459) to work on /home/airflow/.local/lib/python3.12/site-packages/airflow/example_dags/example_branch_datetime_operator.py
[2025-04-11T12:16:48.357+0000] {processor.py:914} INFO - Processing file /home/airflow/.local/lib/python3.12/site-packages/airflow/example_dags/example_branch_datetime_operator.py for tasks to queue
[2025-04-11T12:16:48.359+0000] {logging_mixin.py:190} INFO - [2025-04-11T12:16:48.359+0000] {dagbag.py:588} INFO - Filling up the DagBag from /home/airflow/.local/lib/python3.12/site-packages/airflow/example_dags/example_branch_datetime_operator.py
[2025-04-11T12:16:48.380+0000] {processor.py:925} INFO - DAG(s) 'example_branch_datetime_operator_3', 'example_branch_datetime_operator_2', 'example_branch_datetime_operator' retrieved from /home/airflow/.local/lib/python3.12/site-packages/airflow/example_dags/example_branch_datetime_operator.py
[2025-04-11T12:16:48.431+0000] {logging_mixin.py:190} INFO - [2025-04-11T12:16:48.430+0000] {dag.py:3239} INFO - Sync 3 DAGs
[2025-04-11T12:16:48.484+0000] {logging_mixin.py:190} INFO - [2025-04-11T12:16:48.484+0000] {dag.py:4180} INFO - Setting next_dagrun for example_branch_datetime_operator to 2025-04-10 00:00:00+00:00, run_after=2025-04-11 00:00:00+00:00
[2025-04-11T12:16:48.496+0000] {logging_mixin.py:190} INFO - [2025-04-11T12:16:48.495+0000] {dag.py:4180} INFO - Setting next_dagrun for example_branch_datetime_operator_2 to 2025-04-10 00:00:00+00:00, run_after=2025-04-11 00:00:00+00:00
[2025-04-11T12:16:48.501+0000] {logging_mixin.py:190} INFO - [2025-04-11T12:16:48.501+0000] {dag.py:4180} INFO - Setting next_dagrun for example_branch_datetime_operator_3 to 2025-04-10 00:00:00+00:00, run_after=2025-04-11 00:00:00+00:00
[2025-04-11T12:16:48.539+0000] {processor.py:208} INFO - Processing /home/airflow/.local/lib/python3.12/site-packages/airflow/example_dags/example_branch_datetime_operator.py took 0.193 seconds
[2025-04-11T12:17:19.004+0000] {processor.py:186} INFO - Started process (PID=76523) to work on /home/airflow/.local/lib/python3.12/site-packages/airflow/example_dags/example_branch_datetime_operator.py
[2025-04-11T12:17:19.006+0000] {processor.py:914} INFO - Processing file /home/airflow/.local/lib/python3.12/site-packages/airflow/example_dags/example_branch_datetime_operator.py for tasks to queue
[2025-04-11T12:17:19.009+0000] {logging_mixin.py:190} INFO - [2025-04-11T12:17:19.008+0000] {dagbag.py:588} INFO - Filling up the DagBag from /home/airflow/.local/lib/python3.12/site-packages/airflow/example_dags/example_branch_datetime_operator.py
[2025-04-11T12:17:19.027+0000] {processor.py:925} INFO - DAG(s) 'example_branch_datetime_operator_3', 'example_branch_datetime_operator_2', 'example_branch_datetime_operator' retrieved from /home/airflow/.local/lib/python3.12/site-packages/airflow/example_dags/example_branch_datetime_operator.py
[2025-04-11T12:17:19.078+0000] {logging_mixin.py:190} INFO - [2025-04-11T12:17:19.077+0000] {dag.py:3239} INFO - Sync 3 DAGs
[2025-04-11T12:17:19.120+0000] {logging_mixin.py:190} INFO - [2025-04-11T12:17:19.120+0000] {dag.py:4180} INFO - Setting next_dagrun for example_branch_datetime_operator to 2025-04-10 00:00:00+00:00, run_after=2025-04-11 00:00:00+00:00
[2025-04-11T12:17:19.129+0000] {logging_mixin.py:190} INFO - [2025-04-11T12:17:19.129+0000] {dag.py:4180} INFO - Setting next_dagrun for example_branch_datetime_operator_2 to 2025-04-10 00:00:00+00:00, run_after=2025-04-11 00:00:00+00:00
[2025-04-11T12:17:19.135+0000] {logging_mixin.py:190} INFO - [2025-04-11T12:17:19.134+0000] {dag.py:4180} INFO - Setting next_dagrun for example_branch_datetime_operator_3 to 2025-04-10 00:00:00+00:00, run_after=2025-04-11 00:00:00+00:00
[2025-04-11T12:17:19.169+0000] {processor.py:208} INFO - Processing /home/airflow/.local/lib/python3.12/site-packages/airflow/example_dags/example_branch_datetime_operator.py took 0.175 seconds
[2025-04-11T12:17:49.786+0000] {processor.py:186} INFO - Started process (PID=76589) to work on /home/airflow/.local/lib/python3.12/site-packages/airflow/example_dags/example_branch_datetime_operator.py
[2025-04-11T12:17:49.787+0000] {processor.py:914} INFO - Processing file /home/airflow/.local/lib/python3.12/site-packages/airflow/example_dags/example_branch_datetime_operator.py for tasks to queue
[2025-04-11T12:17:49.789+0000] {logging_mixin.py:190} INFO - [2025-04-11T12:17:49.789+0000] {dagbag.py:588} INFO - Filling up the DagBag from /home/airflow/.local/lib/python3.12/site-packages/airflow/example_dags/example_branch_datetime_operator.py
[2025-04-11T12:17:49.807+0000] {processor.py:925} INFO - DAG(s) 'example_branch_datetime_operator', 'example_branch_datetime_operator_2', 'example_branch_datetime_operator_3' retrieved from /home/airflow/.local/lib/python3.12/site-packages/airflow/example_dags/example_branch_datetime_operator.py
[2025-04-11T12:17:49.850+0000] {logging_mixin.py:190} INFO - [2025-04-11T12:17:49.849+0000] {dag.py:3239} INFO - Sync 3 DAGs
[2025-04-11T12:17:49.896+0000] {logging_mixin.py:190} INFO - [2025-04-11T12:17:49.895+0000] {dag.py:4180} INFO - Setting next_dagrun for example_branch_datetime_operator to 2025-04-10 00:00:00+00:00, run_after=2025-04-11 00:00:00+00:00
[2025-04-11T12:17:49.904+0000] {logging_mixin.py:190} INFO - [2025-04-11T12:17:49.904+0000] {dag.py:4180} INFO - Setting next_dagrun for example_branch_datetime_operator_2 to 2025-04-10 00:00:00+00:00, run_after=2025-04-11 00:00:00+00:00
[2025-04-11T12:17:49.909+0000] {logging_mixin.py:190} INFO - [2025-04-11T12:17:49.908+0000] {dag.py:4180} INFO - Setting next_dagrun for example_branch_datetime_operator_3 to 2025-04-10 00:00:00+00:00, run_after=2025-04-11 00:00:00+00:00
[2025-04-11T12:17:49.938+0000] {processor.py:208} INFO - Processing /home/airflow/.local/lib/python3.12/site-packages/airflow/example_dags/example_branch_datetime_operator.py took 0.165 seconds
[2025-04-11T12:18:20.808+0000] {processor.py:186} INFO - Started process (PID=76654) to work on /home/airflow/.local/lib/python3.12/site-packages/airflow/example_dags/example_branch_datetime_operator.py
[2025-04-11T12:18:20.810+0000] {processor.py:914} INFO - Processing file /home/airflow/.local/lib/python3.12/site-packages/airflow/example_dags/example_branch_datetime_operator.py for tasks to queue
[2025-04-11T12:18:20.812+0000] {logging_mixin.py:190} INFO - [2025-04-11T12:18:20.812+0000] {dagbag.py:588} INFO - Filling up the DagBag from /home/airflow/.local/lib/python3.12/site-packages/airflow/example_dags/example_branch_datetime_operator.py
[2025-04-11T12:18:20.829+0000] {processor.py:925} INFO - DAG(s) 'example_branch_datetime_operator', 'example_branch_datetime_operator_2', 'example_branch_datetime_operator_3' retrieved from /home/airflow/.local/lib/python3.12/site-packages/airflow/example_dags/example_branch_datetime_operator.py
[2025-04-11T12:18:20.876+0000] {logging_mixin.py:190} INFO - [2025-04-11T12:18:20.876+0000] {dag.py:3239} INFO - Sync 3 DAGs
[2025-04-11T12:18:20.924+0000] {logging_mixin.py:190} INFO - [2025-04-11T12:18:20.923+0000] {dag.py:4180} INFO - Setting next_dagrun for example_branch_datetime_operator to 2025-04-10 00:00:00+00:00, run_after=2025-04-11 00:00:00+00:00
[2025-04-11T12:18:20.934+0000] {logging_mixin.py:190} INFO - [2025-04-11T12:18:20.934+0000] {dag.py:4180} INFO - Setting next_dagrun for example_branch_datetime_operator_2 to 2025-04-10 00:00:00+00:00, run_after=2025-04-11 00:00:00+00:00
[2025-04-11T12:18:20.939+0000] {logging_mixin.py:190} INFO - [2025-04-11T12:18:20.939+0000] {dag.py:4180} INFO - Setting next_dagrun for example_branch_datetime_operator_3 to 2025-04-10 00:00:00+00:00, run_after=2025-04-11 00:00:00+00:00
[2025-04-11T12:18:20.970+0000] {processor.py:208} INFO - Processing /home/airflow/.local/lib/python3.12/site-packages/airflow/example_dags/example_branch_datetime_operator.py took 0.170 seconds
[2025-04-11T12:18:51.573+0000] {processor.py:186} INFO - Started process (PID=76719) to work on /home/airflow/.local/lib/python3.12/site-packages/airflow/example_dags/example_branch_datetime_operator.py
[2025-04-11T12:18:51.575+0000] {processor.py:914} INFO - Processing file /home/airflow/.local/lib/python3.12/site-packages/airflow/example_dags/example_branch_datetime_operator.py for tasks to queue
[2025-04-11T12:18:51.577+0000] {logging_mixin.py:190} INFO - [2025-04-11T12:18:51.576+0000] {dagbag.py:588} INFO - Filling up the DagBag from /home/airflow/.local/lib/python3.12/site-packages/airflow/example_dags/example_branch_datetime_operator.py
[2025-04-11T12:18:51.596+0000] {processor.py:925} INFO - DAG(s) 'example_branch_datetime_operator', 'example_branch_datetime_operator_2', 'example_branch_datetime_operator_3' retrieved from /home/airflow/.local/lib/python3.12/site-packages/airflow/example_dags/example_branch_datetime_operator.py
[2025-04-11T12:18:51.651+0000] {logging_mixin.py:190} INFO - [2025-04-11T12:18:51.650+0000] {dag.py:3239} INFO - Sync 3 DAGs
[2025-04-11T12:18:51.694+0000] {logging_mixin.py:190} INFO - [2025-04-11T12:18:51.693+0000] {dag.py:4180} INFO - Setting next_dagrun for example_branch_datetime_operator to 2025-04-10 00:00:00+00:00, run_after=2025-04-11 00:00:00+00:00
[2025-04-11T12:18:51.703+0000] {logging_mixin.py:190} INFO - [2025-04-11T12:18:51.703+0000] {dag.py:4180} INFO - Setting next_dagrun for example_branch_datetime_operator_2 to 2025-04-10 00:00:00+00:00, run_after=2025-04-11 00:00:00+00:00
[2025-04-11T12:18:51.709+0000] {logging_mixin.py:190} INFO - [2025-04-11T12:18:51.708+0000] {dag.py:4180} INFO - Setting next_dagrun for example_branch_datetime_operator_3 to 2025-04-10 00:00:00+00:00, run_after=2025-04-11 00:00:00+00:00
[2025-04-11T12:18:51.739+0000] {processor.py:208} INFO - Processing /home/airflow/.local/lib/python3.12/site-packages/airflow/example_dags/example_branch_datetime_operator.py took 0.173 seconds
[2025-04-11T12:19:22.204+0000] {processor.py:186} INFO - Started process (PID=76784) to work on /home/airflow/.local/lib/python3.12/site-packages/airflow/example_dags/example_branch_datetime_operator.py
[2025-04-11T12:19:22.205+0000] {processor.py:914} INFO - Processing file /home/airflow/.local/lib/python3.12/site-packages/airflow/example_dags/example_branch_datetime_operator.py for tasks to queue
[2025-04-11T12:19:22.208+0000] {logging_mixin.py:190} INFO - [2025-04-11T12:19:22.207+0000] {dagbag.py:588} INFO - Filling up the DagBag from /home/airflow/.local/lib/python3.12/site-packages/airflow/example_dags/example_branch_datetime_operator.py
[2025-04-11T12:19:22.238+0000] {processor.py:925} INFO - DAG(s) 'example_branch_datetime_operator_3', 'example_branch_datetime_operator', 'example_branch_datetime_operator_2' retrieved from /home/airflow/.local/lib/python3.12/site-packages/airflow/example_dags/example_branch_datetime_operator.py
[2025-04-11T12:19:22.289+0000] {logging_mixin.py:190} INFO - [2025-04-11T12:19:22.289+0000] {dag.py:3239} INFO - Sync 3 DAGs
[2025-04-11T12:19:22.334+0000] {logging_mixin.py:190} INFO - [2025-04-11T12:19:22.334+0000] {dag.py:4180} INFO - Setting next_dagrun for example_branch_datetime_operator to 2025-04-10 00:00:00+00:00, run_after=2025-04-11 00:00:00+00:00
[2025-04-11T12:19:22.344+0000] {logging_mixin.py:190} INFO - [2025-04-11T12:19:22.343+0000] {dag.py:4180} INFO - Setting next_dagrun for example_branch_datetime_operator_2 to 2025-04-10 00:00:00+00:00, run_after=2025-04-11 00:00:00+00:00
[2025-04-11T12:19:22.349+0000] {logging_mixin.py:190} INFO - [2025-04-11T12:19:22.348+0000] {dag.py:4180} INFO - Setting next_dagrun for example_branch_datetime_operator_3 to 2025-04-10 00:00:00+00:00, run_after=2025-04-11 00:00:00+00:00
[2025-04-11T12:19:22.383+0000] {processor.py:208} INFO - Processing /home/airflow/.local/lib/python3.12/site-packages/airflow/example_dags/example_branch_datetime_operator.py took 0.188 seconds
[2025-04-11T12:19:52.922+0000] {processor.py:186} INFO - Started process (PID=76849) to work on /home/airflow/.local/lib/python3.12/site-packages/airflow/example_dags/example_branch_datetime_operator.py
[2025-04-11T12:19:52.925+0000] {processor.py:914} INFO - Processing file /home/airflow/.local/lib/python3.12/site-packages/airflow/example_dags/example_branch_datetime_operator.py for tasks to queue
[2025-04-11T12:19:52.929+0000] {logging_mixin.py:190} INFO - [2025-04-11T12:19:52.929+0000] {dagbag.py:588} INFO - Filling up the DagBag from /home/airflow/.local/lib/python3.12/site-packages/airflow/example_dags/example_branch_datetime_operator.py
[2025-04-11T12:19:52.974+0000] {processor.py:925} INFO - DAG(s) 'example_branch_datetime_operator_2', 'example_branch_datetime_operator', 'example_branch_datetime_operator_3' retrieved from /home/airflow/.local/lib/python3.12/site-packages/airflow/example_dags/example_branch_datetime_operator.py
[2025-04-11T12:19:53.068+0000] {logging_mixin.py:190} INFO - [2025-04-11T12:19:53.066+0000] {dag.py:3239} INFO - Sync 3 DAGs
[2025-04-11T12:19:53.135+0000] {logging_mixin.py:190} INFO - [2025-04-11T12:19:53.135+0000] {dag.py:4180} INFO - Setting next_dagrun for example_branch_datetime_operator to 2025-04-10 00:00:00+00:00, run_after=2025-04-11 00:00:00+00:00
[2025-04-11T12:19:53.151+0000] {logging_mixin.py:190} INFO - [2025-04-11T12:19:53.150+0000] {dag.py:4180} INFO - Setting next_dagrun for example_branch_datetime_operator_2 to 2025-04-10 00:00:00+00:00, run_after=2025-04-11 00:00:00+00:00
[2025-04-11T12:19:53.159+0000] {logging_mixin.py:190} INFO - [2025-04-11T12:19:53.158+0000] {dag.py:4180} INFO - Setting next_dagrun for example_branch_datetime_operator_3 to 2025-04-10 00:00:00+00:00, run_after=2025-04-11 00:00:00+00:00
[2025-04-11T12:19:53.227+0000] {processor.py:208} INFO - Processing /home/airflow/.local/lib/python3.12/site-packages/airflow/example_dags/example_branch_datetime_operator.py took 0.319 seconds
[2025-04-11T12:20:23.994+0000] {processor.py:186} INFO - Started process (PID=76914) to work on /home/airflow/.local/lib/python3.12/site-packages/airflow/example_dags/example_branch_datetime_operator.py
[2025-04-11T12:20:23.996+0000] {processor.py:914} INFO - Processing file /home/airflow/.local/lib/python3.12/site-packages/airflow/example_dags/example_branch_datetime_operator.py for tasks to queue
[2025-04-11T12:20:23.998+0000] {logging_mixin.py:190} INFO - [2025-04-11T12:20:23.998+0000] {dagbag.py:588} INFO - Filling up the DagBag from /home/airflow/.local/lib/python3.12/site-packages/airflow/example_dags/example_branch_datetime_operator.py
[2025-04-11T12:20:24.018+0000] {processor.py:925} INFO - DAG(s) 'example_branch_datetime_operator', 'example_branch_datetime_operator_2', 'example_branch_datetime_operator_3' retrieved from /home/airflow/.local/lib/python3.12/site-packages/airflow/example_dags/example_branch_datetime_operator.py
[2025-04-11T12:20:24.066+0000] {logging_mixin.py:190} INFO - [2025-04-11T12:20:24.066+0000] {dag.py:3239} INFO - Sync 3 DAGs
[2025-04-11T12:20:24.106+0000] {logging_mixin.py:190} INFO - [2025-04-11T12:20:24.106+0000] {dag.py:4180} INFO - Setting next_dagrun for example_branch_datetime_operator to 2025-04-10 00:00:00+00:00, run_after=2025-04-11 00:00:00+00:00
[2025-04-11T12:20:24.116+0000] {logging_mixin.py:190} INFO - [2025-04-11T12:20:24.116+0000] {dag.py:4180} INFO - Setting next_dagrun for example_branch_datetime_operator_2 to 2025-04-10 00:00:00+00:00, run_after=2025-04-11 00:00:00+00:00
[2025-04-11T12:20:24.121+0000] {logging_mixin.py:190} INFO - [2025-04-11T12:20:24.121+0000] {dag.py:4180} INFO - Setting next_dagrun for example_branch_datetime_operator_3 to 2025-04-10 00:00:00+00:00, run_after=2025-04-11 00:00:00+00:00
[2025-04-11T12:20:24.158+0000] {processor.py:208} INFO - Processing /home/airflow/.local/lib/python3.12/site-packages/airflow/example_dags/example_branch_datetime_operator.py took 0.171 seconds
[2025-04-11T12:20:54.582+0000] {processor.py:186} INFO - Started process (PID=76978) to work on /home/airflow/.local/lib/python3.12/site-packages/airflow/example_dags/example_branch_datetime_operator.py
[2025-04-11T12:20:54.586+0000] {processor.py:914} INFO - Processing file /home/airflow/.local/lib/python3.12/site-packages/airflow/example_dags/example_branch_datetime_operator.py for tasks to queue
[2025-04-11T12:20:54.589+0000] {logging_mixin.py:190} INFO - [2025-04-11T12:20:54.588+0000] {dagbag.py:588} INFO - Filling up the DagBag from /home/airflow/.local/lib/python3.12/site-packages/airflow/example_dags/example_branch_datetime_operator.py
[2025-04-11T12:20:54.632+0000] {processor.py:925} INFO - DAG(s) 'example_branch_datetime_operator_3', 'example_branch_datetime_operator_2', 'example_branch_datetime_operator' retrieved from /home/airflow/.local/lib/python3.12/site-packages/airflow/example_dags/example_branch_datetime_operator.py
[2025-04-11T12:20:54.711+0000] {logging_mixin.py:190} INFO - [2025-04-11T12:20:54.710+0000] {dag.py:3239} INFO - Sync 3 DAGs
[2025-04-11T12:20:54.795+0000] {logging_mixin.py:190} INFO - [2025-04-11T12:20:54.795+0000] {dag.py:4180} INFO - Setting next_dagrun for example_branch_datetime_operator to 2025-04-10 00:00:00+00:00, run_after=2025-04-11 00:00:00+00:00
[2025-04-11T12:20:54.821+0000] {logging_mixin.py:190} INFO - [2025-04-11T12:20:54.820+0000] {dag.py:4180} INFO - Setting next_dagrun for example_branch_datetime_operator_2 to 2025-04-10 00:00:00+00:00, run_after=2025-04-11 00:00:00+00:00
[2025-04-11T12:20:54.836+0000] {logging_mixin.py:190} INFO - [2025-04-11T12:20:54.835+0000] {dag.py:4180} INFO - Setting next_dagrun for example_branch_datetime_operator_3 to 2025-04-10 00:00:00+00:00, run_after=2025-04-11 00:00:00+00:00
[2025-04-11T12:20:54.920+0000] {processor.py:208} INFO - Processing /home/airflow/.local/lib/python3.12/site-packages/airflow/example_dags/example_branch_datetime_operator.py took 0.359 seconds
[2025-04-11T12:21:25.342+0000] {processor.py:186} INFO - Started process (PID=77048) to work on /home/airflow/.local/lib/python3.12/site-packages/airflow/example_dags/example_branch_datetime_operator.py
[2025-04-11T12:21:25.344+0000] {processor.py:914} INFO - Processing file /home/airflow/.local/lib/python3.12/site-packages/airflow/example_dags/example_branch_datetime_operator.py for tasks to queue
[2025-04-11T12:21:25.348+0000] {logging_mixin.py:190} INFO - [2025-04-11T12:21:25.347+0000] {dagbag.py:588} INFO - Filling up the DagBag from /home/airflow/.local/lib/python3.12/site-packages/airflow/example_dags/example_branch_datetime_operator.py
[2025-04-11T12:21:25.371+0000] {processor.py:925} INFO - DAG(s) 'example_branch_datetime_operator_2', 'example_branch_datetime_operator', 'example_branch_datetime_operator_3' retrieved from /home/airflow/.local/lib/python3.12/site-packages/airflow/example_dags/example_branch_datetime_operator.py
[2025-04-11T12:21:25.429+0000] {logging_mixin.py:190} INFO - [2025-04-11T12:21:25.429+0000] {dag.py:3239} INFO - Sync 3 DAGs
[2025-04-11T12:21:25.480+0000] {logging_mixin.py:190} INFO - [2025-04-11T12:21:25.480+0000] {dag.py:4180} INFO - Setting next_dagrun for example_branch_datetime_operator to 2025-04-10 00:00:00+00:00, run_after=2025-04-11 00:00:00+00:00
[2025-04-11T12:21:25.492+0000] {logging_mixin.py:190} INFO - [2025-04-11T12:21:25.491+0000] {dag.py:4180} INFO - Setting next_dagrun for example_branch_datetime_operator_2 to 2025-04-10 00:00:00+00:00, run_after=2025-04-11 00:00:00+00:00
[2025-04-11T12:21:25.497+0000] {logging_mixin.py:190} INFO - [2025-04-11T12:21:25.497+0000] {dag.py:4180} INFO - Setting next_dagrun for example_branch_datetime_operator_3 to 2025-04-10 00:00:00+00:00, run_after=2025-04-11 00:00:00+00:00
[2025-04-11T12:21:25.532+0000] {processor.py:208} INFO - Processing /home/airflow/.local/lib/python3.12/site-packages/airflow/example_dags/example_branch_datetime_operator.py took 0.201 seconds
[2025-04-11T12:21:55.678+0000] {processor.py:186} INFO - Started process (PID=77113) to work on /home/airflow/.local/lib/python3.12/site-packages/airflow/example_dags/example_branch_datetime_operator.py
[2025-04-11T12:21:55.680+0000] {processor.py:914} INFO - Processing file /home/airflow/.local/lib/python3.12/site-packages/airflow/example_dags/example_branch_datetime_operator.py for tasks to queue
[2025-04-11T12:21:55.684+0000] {logging_mixin.py:190} INFO - [2025-04-11T12:21:55.683+0000] {dagbag.py:588} INFO - Filling up the DagBag from /home/airflow/.local/lib/python3.12/site-packages/airflow/example_dags/example_branch_datetime_operator.py
[2025-04-11T12:21:55.716+0000] {processor.py:925} INFO - DAG(s) 'example_branch_datetime_operator', 'example_branch_datetime_operator_3', 'example_branch_datetime_operator_2' retrieved from /home/airflow/.local/lib/python3.12/site-packages/airflow/example_dags/example_branch_datetime_operator.py
[2025-04-11T12:21:55.787+0000] {logging_mixin.py:190} INFO - [2025-04-11T12:21:55.787+0000] {dag.py:3239} INFO - Sync 3 DAGs
[2025-04-11T12:21:55.852+0000] {logging_mixin.py:190} INFO - [2025-04-11T12:21:55.852+0000] {dag.py:4180} INFO - Setting next_dagrun for example_branch_datetime_operator to 2025-04-10 00:00:00+00:00, run_after=2025-04-11 00:00:00+00:00
[2025-04-11T12:21:55.866+0000] {logging_mixin.py:190} INFO - [2025-04-11T12:21:55.865+0000] {dag.py:4180} INFO - Setting next_dagrun for example_branch_datetime_operator_2 to 2025-04-10 00:00:00+00:00, run_after=2025-04-11 00:00:00+00:00
[2025-04-11T12:21:55.873+0000] {logging_mixin.py:190} INFO - [2025-04-11T12:21:55.873+0000] {dag.py:4180} INFO - Setting next_dagrun for example_branch_datetime_operator_3 to 2025-04-10 00:00:00+00:00, run_after=2025-04-11 00:00:00+00:00
[2025-04-11T12:21:55.913+0000] {processor.py:208} INFO - Processing /home/airflow/.local/lib/python3.12/site-packages/airflow/example_dags/example_branch_datetime_operator.py took 0.246 seconds
[2025-04-11T12:22:26.167+0000] {processor.py:186} INFO - Started process (PID=77177) to work on /home/airflow/.local/lib/python3.12/site-packages/airflow/example_dags/example_branch_datetime_operator.py
[2025-04-11T12:22:26.170+0000] {processor.py:914} INFO - Processing file /home/airflow/.local/lib/python3.12/site-packages/airflow/example_dags/example_branch_datetime_operator.py for tasks to queue
[2025-04-11T12:22:26.175+0000] {logging_mixin.py:190} INFO - [2025-04-11T12:22:26.174+0000] {dagbag.py:588} INFO - Filling up the DagBag from /home/airflow/.local/lib/python3.12/site-packages/airflow/example_dags/example_branch_datetime_operator.py
[2025-04-11T12:22:26.214+0000] {processor.py:925} INFO - DAG(s) 'example_branch_datetime_operator_3', 'example_branch_datetime_operator_2', 'example_branch_datetime_operator' retrieved from /home/airflow/.local/lib/python3.12/site-packages/airflow/example_dags/example_branch_datetime_operator.py
[2025-04-11T12:22:26.317+0000] {logging_mixin.py:190} INFO - [2025-04-11T12:22:26.316+0000] {dag.py:3239} INFO - Sync 3 DAGs
[2025-04-11T12:22:26.463+0000] {logging_mixin.py:190} INFO - [2025-04-11T12:22:26.462+0000] {dag.py:4180} INFO - Setting next_dagrun for example_branch_datetime_operator to 2025-04-10 00:00:00+00:00, run_after=2025-04-11 00:00:00+00:00
[2025-04-11T12:22:26.491+0000] {logging_mixin.py:190} INFO - [2025-04-11T12:22:26.490+0000] {dag.py:4180} INFO - Setting next_dagrun for example_branch_datetime_operator_2 to 2025-04-10 00:00:00+00:00, run_after=2025-04-11 00:00:00+00:00
[2025-04-11T12:22:26.500+0000] {logging_mixin.py:190} INFO - [2025-04-11T12:22:26.500+0000] {dag.py:4180} INFO - Setting next_dagrun for example_branch_datetime_operator_3 to 2025-04-10 00:00:00+00:00, run_after=2025-04-11 00:00:00+00:00
[2025-04-11T12:22:26.572+0000] {processor.py:208} INFO - Processing /home/airflow/.local/lib/python3.12/site-packages/airflow/example_dags/example_branch_datetime_operator.py took 0.417 seconds
[2025-04-11T12:22:57.346+0000] {processor.py:186} INFO - Started process (PID=77242) to work on /home/airflow/.local/lib/python3.12/site-packages/airflow/example_dags/example_branch_datetime_operator.py
[2025-04-11T12:22:57.347+0000] {processor.py:914} INFO - Processing file /home/airflow/.local/lib/python3.12/site-packages/airflow/example_dags/example_branch_datetime_operator.py for tasks to queue
[2025-04-11T12:22:57.351+0000] {logging_mixin.py:190} INFO - [2025-04-11T12:22:57.350+0000] {dagbag.py:588} INFO - Filling up the DagBag from /home/airflow/.local/lib/python3.12/site-packages/airflow/example_dags/example_branch_datetime_operator.py
[2025-04-11T12:22:57.368+0000] {processor.py:925} INFO - DAG(s) 'example_branch_datetime_operator', 'example_branch_datetime_operator_3', 'example_branch_datetime_operator_2' retrieved from /home/airflow/.local/lib/python3.12/site-packages/airflow/example_dags/example_branch_datetime_operator.py
[2025-04-11T12:22:57.410+0000] {logging_mixin.py:190} INFO - [2025-04-11T12:22:57.410+0000] {dag.py:3239} INFO - Sync 3 DAGs
[2025-04-11T12:22:57.447+0000] {logging_mixin.py:190} INFO - [2025-04-11T12:22:57.447+0000] {dag.py:4180} INFO - Setting next_dagrun for example_branch_datetime_operator to 2025-04-10 00:00:00+00:00, run_after=2025-04-11 00:00:00+00:00
[2025-04-11T12:22:57.456+0000] {logging_mixin.py:190} INFO - [2025-04-11T12:22:57.456+0000] {dag.py:4180} INFO - Setting next_dagrun for example_branch_datetime_operator_2 to 2025-04-10 00:00:00+00:00, run_after=2025-04-11 00:00:00+00:00
[2025-04-11T12:22:57.461+0000] {logging_mixin.py:190} INFO - [2025-04-11T12:22:57.460+0000] {dag.py:4180} INFO - Setting next_dagrun for example_branch_datetime_operator_3 to 2025-04-10 00:00:00+00:00, run_after=2025-04-11 00:00:00+00:00
[2025-04-11T12:22:57.494+0000] {processor.py:208} INFO - Processing /home/airflow/.local/lib/python3.12/site-packages/airflow/example_dags/example_branch_datetime_operator.py took 0.157 seconds
[2025-04-11T12:23:27.595+0000] {processor.py:186} INFO - Started process (PID=77307) to work on /home/airflow/.local/lib/python3.12/site-packages/airflow/example_dags/example_branch_datetime_operator.py
[2025-04-11T12:23:27.597+0000] {processor.py:914} INFO - Processing file /home/airflow/.local/lib/python3.12/site-packages/airflow/example_dags/example_branch_datetime_operator.py for tasks to queue
[2025-04-11T12:23:27.599+0000] {logging_mixin.py:190} INFO - [2025-04-11T12:23:27.599+0000] {dagbag.py:588} INFO - Filling up the DagBag from /home/airflow/.local/lib/python3.12/site-packages/airflow/example_dags/example_branch_datetime_operator.py
[2025-04-11T12:23:27.624+0000] {processor.py:925} INFO - DAG(s) 'example_branch_datetime_operator_3', 'example_branch_datetime_operator_2', 'example_branch_datetime_operator' retrieved from /home/airflow/.local/lib/python3.12/site-packages/airflow/example_dags/example_branch_datetime_operator.py
[2025-04-11T12:23:27.674+0000] {logging_mixin.py:190} INFO - [2025-04-11T12:23:27.673+0000] {dag.py:3239} INFO - Sync 3 DAGs
[2025-04-11T12:23:27.716+0000] {logging_mixin.py:190} INFO - [2025-04-11T12:23:27.716+0000] {dag.py:4180} INFO - Setting next_dagrun for example_branch_datetime_operator to 2025-04-10 00:00:00+00:00, run_after=2025-04-11 00:00:00+00:00
[2025-04-11T12:23:27.726+0000] {logging_mixin.py:190} INFO - [2025-04-11T12:23:27.725+0000] {dag.py:4180} INFO - Setting next_dagrun for example_branch_datetime_operator_2 to 2025-04-10 00:00:00+00:00, run_after=2025-04-11 00:00:00+00:00
[2025-04-11T12:23:27.731+0000] {logging_mixin.py:190} INFO - [2025-04-11T12:23:27.730+0000] {dag.py:4180} INFO - Setting next_dagrun for example_branch_datetime_operator_3 to 2025-04-10 00:00:00+00:00, run_after=2025-04-11 00:00:00+00:00
[2025-04-11T12:23:27.770+0000] {processor.py:208} INFO - Processing /home/airflow/.local/lib/python3.12/site-packages/airflow/example_dags/example_branch_datetime_operator.py took 0.185 seconds
[2025-04-11T12:23:58.515+0000] {processor.py:186} INFO - Started process (PID=77372) to work on /home/airflow/.local/lib/python3.12/site-packages/airflow/example_dags/example_branch_datetime_operator.py
[2025-04-11T12:23:58.519+0000] {processor.py:914} INFO - Processing file /home/airflow/.local/lib/python3.12/site-packages/airflow/example_dags/example_branch_datetime_operator.py for tasks to queue
[2025-04-11T12:23:58.527+0000] {logging_mixin.py:190} INFO - [2025-04-11T12:23:58.527+0000] {dagbag.py:588} INFO - Filling up the DagBag from /home/airflow/.local/lib/python3.12/site-packages/airflow/example_dags/example_branch_datetime_operator.py
[2025-04-11T12:23:58.575+0000] {processor.py:925} INFO - DAG(s) 'example_branch_datetime_operator_3', 'example_branch_datetime_operator_2', 'example_branch_datetime_operator' retrieved from /home/airflow/.local/lib/python3.12/site-packages/airflow/example_dags/example_branch_datetime_operator.py
[2025-04-11T12:23:58.667+0000] {logging_mixin.py:190} INFO - [2025-04-11T12:23:58.667+0000] {dag.py:3239} INFO - Sync 3 DAGs
[2025-04-11T12:23:58.739+0000] {logging_mixin.py:190} INFO - [2025-04-11T12:23:58.739+0000] {dag.py:4180} INFO - Setting next_dagrun for example_branch_datetime_operator to 2025-04-10 00:00:00+00:00, run_after=2025-04-11 00:00:00+00:00
[2025-04-11T12:23:58.755+0000] {logging_mixin.py:190} INFO - [2025-04-11T12:23:58.755+0000] {dag.py:4180} INFO - Setting next_dagrun for example_branch_datetime_operator_2 to 2025-04-10 00:00:00+00:00, run_after=2025-04-11 00:00:00+00:00
[2025-04-11T12:23:58.773+0000] {logging_mixin.py:190} INFO - [2025-04-11T12:23:58.772+0000] {dag.py:4180} INFO - Setting next_dagrun for example_branch_datetime_operator_3 to 2025-04-10 00:00:00+00:00, run_after=2025-04-11 00:00:00+00:00
[2025-04-11T12:23:58.850+0000] {processor.py:208} INFO - Processing /home/airflow/.local/lib/python3.12/site-packages/airflow/example_dags/example_branch_datetime_operator.py took 0.354 seconds
[2025-04-11T12:24:29.574+0000] {processor.py:186} INFO - Started process (PID=77437) to work on /home/airflow/.local/lib/python3.12/site-packages/airflow/example_dags/example_branch_datetime_operator.py
[2025-04-11T12:24:29.576+0000] {processor.py:914} INFO - Processing file /home/airflow/.local/lib/python3.12/site-packages/airflow/example_dags/example_branch_datetime_operator.py for tasks to queue
[2025-04-11T12:24:29.581+0000] {logging_mixin.py:190} INFO - [2025-04-11T12:24:29.580+0000] {dagbag.py:588} INFO - Filling up the DagBag from /home/airflow/.local/lib/python3.12/site-packages/airflow/example_dags/example_branch_datetime_operator.py
[2025-04-11T12:24:29.673+0000] {processor.py:925} INFO - DAG(s) 'example_branch_datetime_operator_2', 'example_branch_datetime_operator', 'example_branch_datetime_operator_3' retrieved from /home/airflow/.local/lib/python3.12/site-packages/airflow/example_dags/example_branch_datetime_operator.py
[2025-04-11T12:24:29.851+0000] {logging_mixin.py:190} INFO - [2025-04-11T12:24:29.850+0000] {dag.py:3239} INFO - Sync 3 DAGs
[2025-04-11T12:24:30.038+0000] {logging_mixin.py:190} INFO - [2025-04-11T12:24:30.037+0000] {dag.py:4180} INFO - Setting next_dagrun for example_branch_datetime_operator to 2025-04-10 00:00:00+00:00, run_after=2025-04-11 00:00:00+00:00
[2025-04-11T12:24:30.072+0000] {logging_mixin.py:190} INFO - [2025-04-11T12:24:30.072+0000] {dag.py:4180} INFO - Setting next_dagrun for example_branch_datetime_operator_2 to 2025-04-10 00:00:00+00:00, run_after=2025-04-11 00:00:00+00:00
[2025-04-11T12:24:30.089+0000] {logging_mixin.py:190} INFO - [2025-04-11T12:24:30.088+0000] {dag.py:4180} INFO - Setting next_dagrun for example_branch_datetime_operator_3 to 2025-04-10 00:00:00+00:00, run_after=2025-04-11 00:00:00+00:00
[2025-04-11T12:24:30.215+0000] {processor.py:208} INFO - Processing /home/airflow/.local/lib/python3.12/site-packages/airflow/example_dags/example_branch_datetime_operator.py took 0.676 seconds
[2025-04-11T12:25:00.765+0000] {processor.py:186} INFO - Started process (PID=77503) to work on /home/airflow/.local/lib/python3.12/site-packages/airflow/example_dags/example_branch_datetime_operator.py
[2025-04-11T12:25:00.768+0000] {processor.py:914} INFO - Processing file /home/airflow/.local/lib/python3.12/site-packages/airflow/example_dags/example_branch_datetime_operator.py for tasks to queue
[2025-04-11T12:25:00.771+0000] {logging_mixin.py:190} INFO - [2025-04-11T12:25:00.770+0000] {dagbag.py:588} INFO - Filling up the DagBag from /home/airflow/.local/lib/python3.12/site-packages/airflow/example_dags/example_branch_datetime_operator.py
[2025-04-11T12:25:00.817+0000] {processor.py:925} INFO - DAG(s) 'example_branch_datetime_operator_2', 'example_branch_datetime_operator_3', 'example_branch_datetime_operator' retrieved from /home/airflow/.local/lib/python3.12/site-packages/airflow/example_dags/example_branch_datetime_operator.py
[2025-04-11T12:25:00.967+0000] {logging_mixin.py:190} INFO - [2025-04-11T12:25:00.956+0000] {dag.py:3239} INFO - Sync 3 DAGs
[2025-04-11T12:25:01.123+0000] {logging_mixin.py:190} INFO - [2025-04-11T12:25:01.120+0000] {dag.py:4180} INFO - Setting next_dagrun for example_branch_datetime_operator to 2025-04-10 00:00:00+00:00, run_after=2025-04-11 00:00:00+00:00
[2025-04-11T12:25:01.148+0000] {logging_mixin.py:190} INFO - [2025-04-11T12:25:01.148+0000] {dag.py:4180} INFO - Setting next_dagrun for example_branch_datetime_operator_2 to 2025-04-10 00:00:00+00:00, run_after=2025-04-11 00:00:00+00:00
[2025-04-11T12:25:01.157+0000] {logging_mixin.py:190} INFO - [2025-04-11T12:25:01.157+0000] {dag.py:4180} INFO - Setting next_dagrun for example_branch_datetime_operator_3 to 2025-04-10 00:00:00+00:00, run_after=2025-04-11 00:00:00+00:00
[2025-04-11T12:25:01.237+0000] {processor.py:208} INFO - Processing /home/airflow/.local/lib/python3.12/site-packages/airflow/example_dags/example_branch_datetime_operator.py took 0.493 seconds
[2025-04-11T12:25:31.355+0000] {processor.py:186} INFO - Started process (PID=77567) to work on /home/airflow/.local/lib/python3.12/site-packages/airflow/example_dags/example_branch_datetime_operator.py
[2025-04-11T12:25:31.357+0000] {processor.py:914} INFO - Processing file /home/airflow/.local/lib/python3.12/site-packages/airflow/example_dags/example_branch_datetime_operator.py for tasks to queue
[2025-04-11T12:25:31.360+0000] {logging_mixin.py:190} INFO - [2025-04-11T12:25:31.360+0000] {dagbag.py:588} INFO - Filling up the DagBag from /home/airflow/.local/lib/python3.12/site-packages/airflow/example_dags/example_branch_datetime_operator.py
[2025-04-11T12:25:31.381+0000] {processor.py:925} INFO - DAG(s) 'example_branch_datetime_operator', 'example_branch_datetime_operator_2', 'example_branch_datetime_operator_3' retrieved from /home/airflow/.local/lib/python3.12/site-packages/airflow/example_dags/example_branch_datetime_operator.py
[2025-04-11T12:25:31.432+0000] {logging_mixin.py:190} INFO - [2025-04-11T12:25:31.432+0000] {dag.py:3239} INFO - Sync 3 DAGs
[2025-04-11T12:25:31.485+0000] {logging_mixin.py:190} INFO - [2025-04-11T12:25:31.485+0000] {dag.py:4180} INFO - Setting next_dagrun for example_branch_datetime_operator to 2025-04-10 00:00:00+00:00, run_after=2025-04-11 00:00:00+00:00
[2025-04-11T12:25:31.496+0000] {logging_mixin.py:190} INFO - [2025-04-11T12:25:31.496+0000] {dag.py:4180} INFO - Setting next_dagrun for example_branch_datetime_operator_2 to 2025-04-10 00:00:00+00:00, run_after=2025-04-11 00:00:00+00:00
[2025-04-11T12:25:31.501+0000] {logging_mixin.py:190} INFO - [2025-04-11T12:25:31.501+0000] {dag.py:4180} INFO - Setting next_dagrun for example_branch_datetime_operator_3 to 2025-04-10 00:00:00+00:00, run_after=2025-04-11 00:00:00+00:00
[2025-04-11T12:25:31.536+0000] {processor.py:208} INFO - Processing /home/airflow/.local/lib/python3.12/site-packages/airflow/example_dags/example_branch_datetime_operator.py took 0.189 seconds
[2025-04-11T12:26:01.613+0000] {processor.py:186} INFO - Started process (PID=77632) to work on /home/airflow/.local/lib/python3.12/site-packages/airflow/example_dags/example_branch_datetime_operator.py
[2025-04-11T12:26:01.615+0000] {processor.py:914} INFO - Processing file /home/airflow/.local/lib/python3.12/site-packages/airflow/example_dags/example_branch_datetime_operator.py for tasks to queue
[2025-04-11T12:26:01.617+0000] {logging_mixin.py:190} INFO - [2025-04-11T12:26:01.617+0000] {dagbag.py:588} INFO - Filling up the DagBag from /home/airflow/.local/lib/python3.12/site-packages/airflow/example_dags/example_branch_datetime_operator.py
[2025-04-11T12:26:01.632+0000] {processor.py:925} INFO - DAG(s) 'example_branch_datetime_operator_3', 'example_branch_datetime_operator_2', 'example_branch_datetime_operator' retrieved from /home/airflow/.local/lib/python3.12/site-packages/airflow/example_dags/example_branch_datetime_operator.py
[2025-04-11T12:26:01.676+0000] {logging_mixin.py:190} INFO - [2025-04-11T12:26:01.676+0000] {dag.py:3239} INFO - Sync 3 DAGs
[2025-04-11T12:26:01.717+0000] {logging_mixin.py:190} INFO - [2025-04-11T12:26:01.717+0000] {dag.py:4180} INFO - Setting next_dagrun for example_branch_datetime_operator to 2025-04-10 00:00:00+00:00, run_after=2025-04-11 00:00:00+00:00
[2025-04-11T12:26:01.726+0000] {logging_mixin.py:190} INFO - [2025-04-11T12:26:01.725+0000] {dag.py:4180} INFO - Setting next_dagrun for example_branch_datetime_operator_2 to 2025-04-10 00:00:00+00:00, run_after=2025-04-11 00:00:00+00:00
[2025-04-11T12:26:01.730+0000] {logging_mixin.py:190} INFO - [2025-04-11T12:26:01.730+0000] {dag.py:4180} INFO - Setting next_dagrun for example_branch_datetime_operator_3 to 2025-04-10 00:00:00+00:00, run_after=2025-04-11 00:00:00+00:00
[2025-04-11T12:26:01.758+0000] {processor.py:208} INFO - Processing /home/airflow/.local/lib/python3.12/site-packages/airflow/example_dags/example_branch_datetime_operator.py took 0.153 seconds
[2025-04-11T12:26:32.156+0000] {processor.py:186} INFO - Started process (PID=77696) to work on /home/airflow/.local/lib/python3.12/site-packages/airflow/example_dags/example_branch_datetime_operator.py
[2025-04-11T12:26:32.159+0000] {processor.py:914} INFO - Processing file /home/airflow/.local/lib/python3.12/site-packages/airflow/example_dags/example_branch_datetime_operator.py for tasks to queue
[2025-04-11T12:26:32.162+0000] {logging_mixin.py:190} INFO - [2025-04-11T12:26:32.161+0000] {dagbag.py:588} INFO - Filling up the DagBag from /home/airflow/.local/lib/python3.12/site-packages/airflow/example_dags/example_branch_datetime_operator.py
[2025-04-11T12:26:32.196+0000] {processor.py:925} INFO - DAG(s) 'example_branch_datetime_operator_2', 'example_branch_datetime_operator_3', 'example_branch_datetime_operator' retrieved from /home/airflow/.local/lib/python3.12/site-packages/airflow/example_dags/example_branch_datetime_operator.py
[2025-04-11T12:26:32.268+0000] {logging_mixin.py:190} INFO - [2025-04-11T12:26:32.266+0000] {dag.py:3239} INFO - Sync 3 DAGs
[2025-04-11T12:26:32.356+0000] {logging_mixin.py:190} INFO - [2025-04-11T12:26:32.354+0000] {dag.py:4180} INFO - Setting next_dagrun for example_branch_datetime_operator to 2025-04-10 00:00:00+00:00, run_after=2025-04-11 00:00:00+00:00
[2025-04-11T12:26:32.376+0000] {logging_mixin.py:190} INFO - [2025-04-11T12:26:32.376+0000] {dag.py:4180} INFO - Setting next_dagrun for example_branch_datetime_operator_2 to 2025-04-10 00:00:00+00:00, run_after=2025-04-11 00:00:00+00:00
[2025-04-11T12:26:32.384+0000] {logging_mixin.py:190} INFO - [2025-04-11T12:26:32.384+0000] {dag.py:4180} INFO - Setting next_dagrun for example_branch_datetime_operator_3 to 2025-04-10 00:00:00+00:00, run_after=2025-04-11 00:00:00+00:00
[2025-04-11T12:26:32.436+0000] {processor.py:208} INFO - Processing /home/airflow/.local/lib/python3.12/site-packages/airflow/example_dags/example_branch_datetime_operator.py took 0.304 seconds
[2025-04-11T12:27:02.773+0000] {processor.py:186} INFO - Started process (PID=77760) to work on /home/airflow/.local/lib/python3.12/site-packages/airflow/example_dags/example_branch_datetime_operator.py
[2025-04-11T12:27:02.775+0000] {processor.py:914} INFO - Processing file /home/airflow/.local/lib/python3.12/site-packages/airflow/example_dags/example_branch_datetime_operator.py for tasks to queue
[2025-04-11T12:27:02.777+0000] {logging_mixin.py:190} INFO - [2025-04-11T12:27:02.777+0000] {dagbag.py:588} INFO - Filling up the DagBag from /home/airflow/.local/lib/python3.12/site-packages/airflow/example_dags/example_branch_datetime_operator.py
[2025-04-11T12:27:02.796+0000] {processor.py:925} INFO - DAG(s) 'example_branch_datetime_operator_3', 'example_branch_datetime_operator_2', 'example_branch_datetime_operator' retrieved from /home/airflow/.local/lib/python3.12/site-packages/airflow/example_dags/example_branch_datetime_operator.py
[2025-04-11T12:27:02.839+0000] {logging_mixin.py:190} INFO - [2025-04-11T12:27:02.838+0000] {dag.py:3239} INFO - Sync 3 DAGs
[2025-04-11T12:27:02.876+0000] {logging_mixin.py:190} INFO - [2025-04-11T12:27:02.875+0000] {dag.py:4180} INFO - Setting next_dagrun for example_branch_datetime_operator to 2025-04-10 00:00:00+00:00, run_after=2025-04-11 00:00:00+00:00
[2025-04-11T12:27:02.887+0000] {logging_mixin.py:190} INFO - [2025-04-11T12:27:02.886+0000] {dag.py:4180} INFO - Setting next_dagrun for example_branch_datetime_operator_2 to 2025-04-10 00:00:00+00:00, run_after=2025-04-11 00:00:00+00:00
[2025-04-11T12:27:02.892+0000] {logging_mixin.py:190} INFO - [2025-04-11T12:27:02.892+0000] {dag.py:4180} INFO - Setting next_dagrun for example_branch_datetime_operator_3 to 2025-04-10 00:00:00+00:00, run_after=2025-04-11 00:00:00+00:00
[2025-04-11T12:27:02.930+0000] {processor.py:208} INFO - Processing /home/airflow/.local/lib/python3.12/site-packages/airflow/example_dags/example_branch_datetime_operator.py took 0.165 seconds
[2025-04-11T12:27:33.602+0000] {processor.py:186} INFO - Started process (PID=77825) to work on /home/airflow/.local/lib/python3.12/site-packages/airflow/example_dags/example_branch_datetime_operator.py
[2025-04-11T12:27:33.604+0000] {processor.py:914} INFO - Processing file /home/airflow/.local/lib/python3.12/site-packages/airflow/example_dags/example_branch_datetime_operator.py for tasks to queue
[2025-04-11T12:27:33.608+0000] {logging_mixin.py:190} INFO - [2025-04-11T12:27:33.607+0000] {dagbag.py:588} INFO - Filling up the DagBag from /home/airflow/.local/lib/python3.12/site-packages/airflow/example_dags/example_branch_datetime_operator.py
[2025-04-11T12:27:33.644+0000] {processor.py:925} INFO - DAG(s) 'example_branch_datetime_operator_2', 'example_branch_datetime_operator_3', 'example_branch_datetime_operator' retrieved from /home/airflow/.local/lib/python3.12/site-packages/airflow/example_dags/example_branch_datetime_operator.py
[2025-04-11T12:27:33.721+0000] {logging_mixin.py:190} INFO - [2025-04-11T12:27:33.720+0000] {dag.py:3239} INFO - Sync 3 DAGs
[2025-04-11T12:27:33.777+0000] {logging_mixin.py:190} INFO - [2025-04-11T12:27:33.776+0000] {dag.py:4180} INFO - Setting next_dagrun for example_branch_datetime_operator to 2025-04-10 00:00:00+00:00, run_after=2025-04-11 00:00:00+00:00
[2025-04-11T12:27:33.787+0000] {logging_mixin.py:190} INFO - [2025-04-11T12:27:33.786+0000] {dag.py:4180} INFO - Setting next_dagrun for example_branch_datetime_operator_2 to 2025-04-10 00:00:00+00:00, run_after=2025-04-11 00:00:00+00:00
[2025-04-11T12:27:33.795+0000] {logging_mixin.py:190} INFO - [2025-04-11T12:27:33.794+0000] {dag.py:4180} INFO - Setting next_dagrun for example_branch_datetime_operator_3 to 2025-04-10 00:00:00+00:00, run_after=2025-04-11 00:00:00+00:00
[2025-04-11T12:27:33.839+0000] {processor.py:208} INFO - Processing /home/airflow/.local/lib/python3.12/site-packages/airflow/example_dags/example_branch_datetime_operator.py took 0.250 seconds
[2025-04-11T12:28:04.174+0000] {processor.py:186} INFO - Started process (PID=77888) to work on /home/airflow/.local/lib/python3.12/site-packages/airflow/example_dags/example_branch_datetime_operator.py
[2025-04-11T12:28:04.176+0000] {processor.py:914} INFO - Processing file /home/airflow/.local/lib/python3.12/site-packages/airflow/example_dags/example_branch_datetime_operator.py for tasks to queue
[2025-04-11T12:28:04.179+0000] {logging_mixin.py:190} INFO - [2025-04-11T12:28:04.178+0000] {dagbag.py:588} INFO - Filling up the DagBag from /home/airflow/.local/lib/python3.12/site-packages/airflow/example_dags/example_branch_datetime_operator.py
[2025-04-11T12:28:04.199+0000] {processor.py:925} INFO - DAG(s) 'example_branch_datetime_operator', 'example_branch_datetime_operator_3', 'example_branch_datetime_operator_2' retrieved from /home/airflow/.local/lib/python3.12/site-packages/airflow/example_dags/example_branch_datetime_operator.py
[2025-04-11T12:28:04.244+0000] {logging_mixin.py:190} INFO - [2025-04-11T12:28:04.243+0000] {dag.py:3239} INFO - Sync 3 DAGs
[2025-04-11T12:28:04.286+0000] {logging_mixin.py:190} INFO - [2025-04-11T12:28:04.285+0000] {dag.py:4180} INFO - Setting next_dagrun for example_branch_datetime_operator to 2025-04-10 00:00:00+00:00, run_after=2025-04-11 00:00:00+00:00
[2025-04-11T12:28:04.294+0000] {logging_mixin.py:190} INFO - [2025-04-11T12:28:04.294+0000] {dag.py:4180} INFO - Setting next_dagrun for example_branch_datetime_operator_2 to 2025-04-10 00:00:00+00:00, run_after=2025-04-11 00:00:00+00:00
[2025-04-11T12:28:04.299+0000] {logging_mixin.py:190} INFO - [2025-04-11T12:28:04.298+0000] {dag.py:4180} INFO - Setting next_dagrun for example_branch_datetime_operator_3 to 2025-04-10 00:00:00+00:00, run_after=2025-04-11 00:00:00+00:00
[2025-04-11T12:28:04.331+0000] {processor.py:208} INFO - Processing /home/airflow/.local/lib/python3.12/site-packages/airflow/example_dags/example_branch_datetime_operator.py took 0.165 seconds
[2025-04-11T12:28:34.759+0000] {processor.py:186} INFO - Started process (PID=77953) to work on /home/airflow/.local/lib/python3.12/site-packages/airflow/example_dags/example_branch_datetime_operator.py
[2025-04-11T12:28:34.761+0000] {processor.py:914} INFO - Processing file /home/airflow/.local/lib/python3.12/site-packages/airflow/example_dags/example_branch_datetime_operator.py for tasks to queue
[2025-04-11T12:28:34.763+0000] {logging_mixin.py:190} INFO - [2025-04-11T12:28:34.762+0000] {dagbag.py:588} INFO - Filling up the DagBag from /home/airflow/.local/lib/python3.12/site-packages/airflow/example_dags/example_branch_datetime_operator.py
[2025-04-11T12:28:34.788+0000] {processor.py:925} INFO - DAG(s) 'example_branch_datetime_operator_2', 'example_branch_datetime_operator', 'example_branch_datetime_operator_3' retrieved from /home/airflow/.local/lib/python3.12/site-packages/airflow/example_dags/example_branch_datetime_operator.py
[2025-04-11T12:28:34.836+0000] {logging_mixin.py:190} INFO - [2025-04-11T12:28:34.836+0000] {dag.py:3239} INFO - Sync 3 DAGs
[2025-04-11T12:28:34.882+0000] {logging_mixin.py:190} INFO - [2025-04-11T12:28:34.881+0000] {dag.py:4180} INFO - Setting next_dagrun for example_branch_datetime_operator to 2025-04-10 00:00:00+00:00, run_after=2025-04-11 00:00:00+00:00
[2025-04-11T12:28:34.892+0000] {logging_mixin.py:190} INFO - [2025-04-11T12:28:34.892+0000] {dag.py:4180} INFO - Setting next_dagrun for example_branch_datetime_operator_2 to 2025-04-10 00:00:00+00:00, run_after=2025-04-11 00:00:00+00:00
[2025-04-11T12:28:34.898+0000] {logging_mixin.py:190} INFO - [2025-04-11T12:28:34.898+0000] {dag.py:4180} INFO - Setting next_dagrun for example_branch_datetime_operator_3 to 2025-04-10 00:00:00+00:00, run_after=2025-04-11 00:00:00+00:00
[2025-04-11T12:28:34.935+0000] {processor.py:208} INFO - Processing /home/airflow/.local/lib/python3.12/site-packages/airflow/example_dags/example_branch_datetime_operator.py took 0.188 seconds
[2025-04-11T12:29:05.057+0000] {processor.py:186} INFO - Started process (PID=78018) to work on /home/airflow/.local/lib/python3.12/site-packages/airflow/example_dags/example_branch_datetime_operator.py
[2025-04-11T12:29:05.058+0000] {processor.py:914} INFO - Processing file /home/airflow/.local/lib/python3.12/site-packages/airflow/example_dags/example_branch_datetime_operator.py for tasks to queue
[2025-04-11T12:29:05.061+0000] {logging_mixin.py:190} INFO - [2025-04-11T12:29:05.060+0000] {dagbag.py:588} INFO - Filling up the DagBag from /home/airflow/.local/lib/python3.12/site-packages/airflow/example_dags/example_branch_datetime_operator.py
[2025-04-11T12:29:05.083+0000] {processor.py:925} INFO - DAG(s) 'example_branch_datetime_operator_2', 'example_branch_datetime_operator', 'example_branch_datetime_operator_3' retrieved from /home/airflow/.local/lib/python3.12/site-packages/airflow/example_dags/example_branch_datetime_operator.py
[2025-04-11T12:29:05.130+0000] {logging_mixin.py:190} INFO - [2025-04-11T12:29:05.130+0000] {dag.py:3239} INFO - Sync 3 DAGs
[2025-04-11T12:29:05.176+0000] {logging_mixin.py:190} INFO - [2025-04-11T12:29:05.176+0000] {dag.py:4180} INFO - Setting next_dagrun for example_branch_datetime_operator to 2025-04-10 00:00:00+00:00, run_after=2025-04-11 00:00:00+00:00
[2025-04-11T12:29:05.184+0000] {logging_mixin.py:190} INFO - [2025-04-11T12:29:05.184+0000] {dag.py:4180} INFO - Setting next_dagrun for example_branch_datetime_operator_2 to 2025-04-10 00:00:00+00:00, run_after=2025-04-11 00:00:00+00:00
[2025-04-11T12:29:05.190+0000] {logging_mixin.py:190} INFO - [2025-04-11T12:29:05.190+0000] {dag.py:4180} INFO - Setting next_dagrun for example_branch_datetime_operator_3 to 2025-04-10 00:00:00+00:00, run_after=2025-04-11 00:00:00+00:00
[2025-04-11T12:29:05.227+0000] {processor.py:208} INFO - Processing /home/airflow/.local/lib/python3.12/site-packages/airflow/example_dags/example_branch_datetime_operator.py took 0.179 seconds
[2025-04-11T12:29:35.482+0000] {processor.py:186} INFO - Started process (PID=78083) to work on /home/airflow/.local/lib/python3.12/site-packages/airflow/example_dags/example_branch_datetime_operator.py
[2025-04-11T12:29:35.483+0000] {processor.py:914} INFO - Processing file /home/airflow/.local/lib/python3.12/site-packages/airflow/example_dags/example_branch_datetime_operator.py for tasks to queue
[2025-04-11T12:29:35.486+0000] {logging_mixin.py:190} INFO - [2025-04-11T12:29:35.486+0000] {dagbag.py:588} INFO - Filling up the DagBag from /home/airflow/.local/lib/python3.12/site-packages/airflow/example_dags/example_branch_datetime_operator.py
[2025-04-11T12:29:35.519+0000] {processor.py:925} INFO - DAG(s) 'example_branch_datetime_operator_2', 'example_branch_datetime_operator_3', 'example_branch_datetime_operator' retrieved from /home/airflow/.local/lib/python3.12/site-packages/airflow/example_dags/example_branch_datetime_operator.py
[2025-04-11T12:29:35.603+0000] {logging_mixin.py:190} INFO - [2025-04-11T12:29:35.602+0000] {dag.py:3239} INFO - Sync 3 DAGs
[2025-04-11T12:29:35.675+0000] {logging_mixin.py:190} INFO - [2025-04-11T12:29:35.675+0000] {dag.py:4180} INFO - Setting next_dagrun for example_branch_datetime_operator to 2025-04-10 00:00:00+00:00, run_after=2025-04-11 00:00:00+00:00
[2025-04-11T12:29:35.689+0000] {logging_mixin.py:190} INFO - [2025-04-11T12:29:35.688+0000] {dag.py:4180} INFO - Setting next_dagrun for example_branch_datetime_operator_2 to 2025-04-10 00:00:00+00:00, run_after=2025-04-11 00:00:00+00:00
[2025-04-11T12:29:35.698+0000] {logging_mixin.py:190} INFO - [2025-04-11T12:29:35.697+0000] {dag.py:4180} INFO - Setting next_dagrun for example_branch_datetime_operator_3 to 2025-04-10 00:00:00+00:00, run_after=2025-04-11 00:00:00+00:00
[2025-04-11T12:29:35.751+0000] {processor.py:208} INFO - Processing /home/airflow/.local/lib/python3.12/site-packages/airflow/example_dags/example_branch_datetime_operator.py took 0.281 seconds
[2025-04-11T12:30:06.056+0000] {processor.py:186} INFO - Started process (PID=78148) to work on /home/airflow/.local/lib/python3.12/site-packages/airflow/example_dags/example_branch_datetime_operator.py
[2025-04-11T12:30:06.059+0000] {processor.py:914} INFO - Processing file /home/airflow/.local/lib/python3.12/site-packages/airflow/example_dags/example_branch_datetime_operator.py for tasks to queue
[2025-04-11T12:30:06.061+0000] {logging_mixin.py:190} INFO - [2025-04-11T12:30:06.061+0000] {dagbag.py:588} INFO - Filling up the DagBag from /home/airflow/.local/lib/python3.12/site-packages/airflow/example_dags/example_branch_datetime_operator.py
[2025-04-11T12:30:06.083+0000] {processor.py:925} INFO - DAG(s) 'example_branch_datetime_operator_3', 'example_branch_datetime_operator_2', 'example_branch_datetime_operator' retrieved from /home/airflow/.local/lib/python3.12/site-packages/airflow/example_dags/example_branch_datetime_operator.py
[2025-04-11T12:30:06.132+0000] {logging_mixin.py:190} INFO - [2025-04-11T12:30:06.132+0000] {dag.py:3239} INFO - Sync 3 DAGs
[2025-04-11T12:30:06.175+0000] {logging_mixin.py:190} INFO - [2025-04-11T12:30:06.174+0000] {dag.py:4180} INFO - Setting next_dagrun for example_branch_datetime_operator to 2025-04-10 00:00:00+00:00, run_after=2025-04-11 00:00:00+00:00
[2025-04-11T12:30:06.185+0000] {logging_mixin.py:190} INFO - [2025-04-11T12:30:06.185+0000] {dag.py:4180} INFO - Setting next_dagrun for example_branch_datetime_operator_2 to 2025-04-10 00:00:00+00:00, run_after=2025-04-11 00:00:00+00:00
[2025-04-11T12:30:06.191+0000] {logging_mixin.py:190} INFO - [2025-04-11T12:30:06.190+0000] {dag.py:4180} INFO - Setting next_dagrun for example_branch_datetime_operator_3 to 2025-04-10 00:00:00+00:00, run_after=2025-04-11 00:00:00+00:00
[2025-04-11T12:30:06.228+0000] {processor.py:208} INFO - Processing /home/airflow/.local/lib/python3.12/site-packages/airflow/example_dags/example_branch_datetime_operator.py took 0.182 seconds
[2025-04-11T12:30:36.918+0000] {processor.py:186} INFO - Started process (PID=78213) to work on /home/airflow/.local/lib/python3.12/site-packages/airflow/example_dags/example_branch_datetime_operator.py
[2025-04-11T12:30:36.920+0000] {processor.py:914} INFO - Processing file /home/airflow/.local/lib/python3.12/site-packages/airflow/example_dags/example_branch_datetime_operator.py for tasks to queue
[2025-04-11T12:30:36.923+0000] {logging_mixin.py:190} INFO - [2025-04-11T12:30:36.922+0000] {dagbag.py:588} INFO - Filling up the DagBag from /home/airflow/.local/lib/python3.12/site-packages/airflow/example_dags/example_branch_datetime_operator.py
[2025-04-11T12:30:36.950+0000] {processor.py:925} INFO - DAG(s) 'example_branch_datetime_operator', 'example_branch_datetime_operator_2', 'example_branch_datetime_operator_3' retrieved from /home/airflow/.local/lib/python3.12/site-packages/airflow/example_dags/example_branch_datetime_operator.py
[2025-04-11T12:30:37.013+0000] {logging_mixin.py:190} INFO - [2025-04-11T12:30:37.012+0000] {dag.py:3239} INFO - Sync 3 DAGs
[2025-04-11T12:30:37.081+0000] {logging_mixin.py:190} INFO - [2025-04-11T12:30:37.080+0000] {dag.py:4180} INFO - Setting next_dagrun for example_branch_datetime_operator to 2025-04-10 00:00:00+00:00, run_after=2025-04-11 00:00:00+00:00
[2025-04-11T12:30:37.095+0000] {logging_mixin.py:190} INFO - [2025-04-11T12:30:37.094+0000] {dag.py:4180} INFO - Setting next_dagrun for example_branch_datetime_operator_2 to 2025-04-10 00:00:00+00:00, run_after=2025-04-11 00:00:00+00:00
[2025-04-11T12:30:37.100+0000] {logging_mixin.py:190} INFO - [2025-04-11T12:30:37.100+0000] {dag.py:4180} INFO - Setting next_dagrun for example_branch_datetime_operator_3 to 2025-04-10 00:00:00+00:00, run_after=2025-04-11 00:00:00+00:00
[2025-04-11T12:30:37.143+0000] {processor.py:208} INFO - Processing /home/airflow/.local/lib/python3.12/site-packages/airflow/example_dags/example_branch_datetime_operator.py took 0.236 seconds
[2025-04-11T12:31:07.397+0000] {processor.py:186} INFO - Started process (PID=78279) to work on /home/airflow/.local/lib/python3.12/site-packages/airflow/example_dags/example_branch_datetime_operator.py
[2025-04-11T12:31:07.399+0000] {processor.py:914} INFO - Processing file /home/airflow/.local/lib/python3.12/site-packages/airflow/example_dags/example_branch_datetime_operator.py for tasks to queue
[2025-04-11T12:31:07.403+0000] {logging_mixin.py:190} INFO - [2025-04-11T12:31:07.402+0000] {dagbag.py:588} INFO - Filling up the DagBag from /home/airflow/.local/lib/python3.12/site-packages/airflow/example_dags/example_branch_datetime_operator.py
[2025-04-11T12:31:07.432+0000] {processor.py:925} INFO - DAG(s) 'example_branch_datetime_operator_3', 'example_branch_datetime_operator', 'example_branch_datetime_operator_2' retrieved from /home/airflow/.local/lib/python3.12/site-packages/airflow/example_dags/example_branch_datetime_operator.py
[2025-04-11T12:31:07.501+0000] {logging_mixin.py:190} INFO - [2025-04-11T12:31:07.498+0000] {dag.py:3239} INFO - Sync 3 DAGs
[2025-04-11T12:31:07.566+0000] {logging_mixin.py:190} INFO - [2025-04-11T12:31:07.565+0000] {dag.py:4180} INFO - Setting next_dagrun for example_branch_datetime_operator to 2025-04-10 00:00:00+00:00, run_after=2025-04-11 00:00:00+00:00
[2025-04-11T12:31:07.580+0000] {logging_mixin.py:190} INFO - [2025-04-11T12:31:07.580+0000] {dag.py:4180} INFO - Setting next_dagrun for example_branch_datetime_operator_2 to 2025-04-10 00:00:00+00:00, run_after=2025-04-11 00:00:00+00:00
[2025-04-11T12:31:07.586+0000] {logging_mixin.py:190} INFO - [2025-04-11T12:31:07.586+0000] {dag.py:4180} INFO - Setting next_dagrun for example_branch_datetime_operator_3 to 2025-04-10 00:00:00+00:00, run_after=2025-04-11 00:00:00+00:00
[2025-04-11T12:31:07.627+0000] {processor.py:208} INFO - Processing /home/airflow/.local/lib/python3.12/site-packages/airflow/example_dags/example_branch_datetime_operator.py took 0.242 seconds
[2025-04-11T12:31:37.938+0000] {processor.py:186} INFO - Started process (PID=78343) to work on /home/airflow/.local/lib/python3.12/site-packages/airflow/example_dags/example_branch_datetime_operator.py
[2025-04-11T12:31:37.940+0000] {processor.py:914} INFO - Processing file /home/airflow/.local/lib/python3.12/site-packages/airflow/example_dags/example_branch_datetime_operator.py for tasks to queue
[2025-04-11T12:31:37.944+0000] {logging_mixin.py:190} INFO - [2025-04-11T12:31:37.943+0000] {dagbag.py:588} INFO - Filling up the DagBag from /home/airflow/.local/lib/python3.12/site-packages/airflow/example_dags/example_branch_datetime_operator.py
[2025-04-11T12:31:37.986+0000] {processor.py:925} INFO - DAG(s) 'example_branch_datetime_operator', 'example_branch_datetime_operator_2', 'example_branch_datetime_operator_3' retrieved from /home/airflow/.local/lib/python3.12/site-packages/airflow/example_dags/example_branch_datetime_operator.py
[2025-04-11T12:31:38.074+0000] {logging_mixin.py:190} INFO - [2025-04-11T12:31:38.074+0000] {dag.py:3239} INFO - Sync 3 DAGs
[2025-04-11T12:31:38.167+0000] {logging_mixin.py:190} INFO - [2025-04-11T12:31:38.166+0000] {dag.py:4180} INFO - Setting next_dagrun for example_branch_datetime_operator to 2025-04-10 00:00:00+00:00, run_after=2025-04-11 00:00:00+00:00
[2025-04-11T12:31:38.187+0000] {logging_mixin.py:190} INFO - [2025-04-11T12:31:38.186+0000] {dag.py:4180} INFO - Setting next_dagrun for example_branch_datetime_operator_2 to 2025-04-10 00:00:00+00:00, run_after=2025-04-11 00:00:00+00:00
[2025-04-11T12:31:38.198+0000] {logging_mixin.py:190} INFO - [2025-04-11T12:31:38.197+0000] {dag.py:4180} INFO - Setting next_dagrun for example_branch_datetime_operator_3 to 2025-04-10 00:00:00+00:00, run_after=2025-04-11 00:00:00+00:00
[2025-04-11T12:31:38.263+0000] {processor.py:208} INFO - Processing /home/airflow/.local/lib/python3.12/site-packages/airflow/example_dags/example_branch_datetime_operator.py took 0.341 seconds
[2025-04-11T12:32:08.604+0000] {processor.py:186} INFO - Started process (PID=78408) to work on /home/airflow/.local/lib/python3.12/site-packages/airflow/example_dags/example_branch_datetime_operator.py
[2025-04-11T12:32:08.607+0000] {processor.py:914} INFO - Processing file /home/airflow/.local/lib/python3.12/site-packages/airflow/example_dags/example_branch_datetime_operator.py for tasks to queue
[2025-04-11T12:32:08.610+0000] {logging_mixin.py:190} INFO - [2025-04-11T12:32:08.609+0000] {dagbag.py:588} INFO - Filling up the DagBag from /home/airflow/.local/lib/python3.12/site-packages/airflow/example_dags/example_branch_datetime_operator.py
[2025-04-11T12:32:08.651+0000] {processor.py:925} INFO - DAG(s) 'example_branch_datetime_operator', 'example_branch_datetime_operator_3', 'example_branch_datetime_operator_2' retrieved from /home/airflow/.local/lib/python3.12/site-packages/airflow/example_dags/example_branch_datetime_operator.py
[2025-04-11T12:32:08.729+0000] {logging_mixin.py:190} INFO - [2025-04-11T12:32:08.728+0000] {dag.py:3239} INFO - Sync 3 DAGs
[2025-04-11T12:32:08.818+0000] {logging_mixin.py:190} INFO - [2025-04-11T12:32:08.818+0000] {dag.py:4180} INFO - Setting next_dagrun for example_branch_datetime_operator to 2025-04-10 00:00:00+00:00, run_after=2025-04-11 00:00:00+00:00
[2025-04-11T12:32:08.831+0000] {logging_mixin.py:190} INFO - [2025-04-11T12:32:08.830+0000] {dag.py:4180} INFO - Setting next_dagrun for example_branch_datetime_operator_2 to 2025-04-10 00:00:00+00:00, run_after=2025-04-11 00:00:00+00:00
[2025-04-11T12:32:08.836+0000] {logging_mixin.py:190} INFO - [2025-04-11T12:32:08.836+0000] {dag.py:4180} INFO - Setting next_dagrun for example_branch_datetime_operator_3 to 2025-04-10 00:00:00+00:00, run_after=2025-04-11 00:00:00+00:00
[2025-04-11T12:32:08.880+0000] {processor.py:208} INFO - Processing /home/airflow/.local/lib/python3.12/site-packages/airflow/example_dags/example_branch_datetime_operator.py took 0.292 seconds
[2025-04-11T12:32:39.107+0000] {processor.py:186} INFO - Started process (PID=78473) to work on /home/airflow/.local/lib/python3.12/site-packages/airflow/example_dags/example_branch_datetime_operator.py
[2025-04-11T12:32:39.110+0000] {processor.py:914} INFO - Processing file /home/airflow/.local/lib/python3.12/site-packages/airflow/example_dags/example_branch_datetime_operator.py for tasks to queue
[2025-04-11T12:32:39.113+0000] {logging_mixin.py:190} INFO - [2025-04-11T12:32:39.112+0000] {dagbag.py:588} INFO - Filling up the DagBag from /home/airflow/.local/lib/python3.12/site-packages/airflow/example_dags/example_branch_datetime_operator.py
[2025-04-11T12:32:39.141+0000] {processor.py:925} INFO - DAG(s) 'example_branch_datetime_operator_2', 'example_branch_datetime_operator', 'example_branch_datetime_operator_3' retrieved from /home/airflow/.local/lib/python3.12/site-packages/airflow/example_dags/example_branch_datetime_operator.py
[2025-04-11T12:32:39.191+0000] {logging_mixin.py:190} INFO - [2025-04-11T12:32:39.191+0000] {dag.py:3239} INFO - Sync 3 DAGs
[2025-04-11T12:32:39.244+0000] {logging_mixin.py:190} INFO - [2025-04-11T12:32:39.243+0000] {dag.py:4180} INFO - Setting next_dagrun for example_branch_datetime_operator to 2025-04-10 00:00:00+00:00, run_after=2025-04-11 00:00:00+00:00
[2025-04-11T12:32:39.253+0000] {logging_mixin.py:190} INFO - [2025-04-11T12:32:39.253+0000] {dag.py:4180} INFO - Setting next_dagrun for example_branch_datetime_operator_2 to 2025-04-10 00:00:00+00:00, run_after=2025-04-11 00:00:00+00:00
[2025-04-11T12:32:39.259+0000] {logging_mixin.py:190} INFO - [2025-04-11T12:32:39.258+0000] {dag.py:4180} INFO - Setting next_dagrun for example_branch_datetime_operator_3 to 2025-04-10 00:00:00+00:00, run_after=2025-04-11 00:00:00+00:00
[2025-04-11T12:32:39.296+0000] {processor.py:208} INFO - Processing /home/airflow/.local/lib/python3.12/site-packages/airflow/example_dags/example_branch_datetime_operator.py took 0.210 seconds
[2025-04-11T12:33:09.644+0000] {processor.py:186} INFO - Started process (PID=78539) to work on /home/airflow/.local/lib/python3.12/site-packages/airflow/example_dags/example_branch_datetime_operator.py
[2025-04-11T12:33:09.646+0000] {processor.py:914} INFO - Processing file /home/airflow/.local/lib/python3.12/site-packages/airflow/example_dags/example_branch_datetime_operator.py for tasks to queue
[2025-04-11T12:33:09.649+0000] {logging_mixin.py:190} INFO - [2025-04-11T12:33:09.649+0000] {dagbag.py:588} INFO - Filling up the DagBag from /home/airflow/.local/lib/python3.12/site-packages/airflow/example_dags/example_branch_datetime_operator.py
[2025-04-11T12:33:09.673+0000] {processor.py:925} INFO - DAG(s) 'example_branch_datetime_operator', 'example_branch_datetime_operator_3', 'example_branch_datetime_operator_2' retrieved from /home/airflow/.local/lib/python3.12/site-packages/airflow/example_dags/example_branch_datetime_operator.py
[2025-04-11T12:33:09.727+0000] {logging_mixin.py:190} INFO - [2025-04-11T12:33:09.726+0000] {dag.py:3239} INFO - Sync 3 DAGs
[2025-04-11T12:33:09.812+0000] {logging_mixin.py:190} INFO - [2025-04-11T12:33:09.811+0000] {dag.py:4180} INFO - Setting next_dagrun for example_branch_datetime_operator to 2025-04-10 00:00:00+00:00, run_after=2025-04-11 00:00:00+00:00
[2025-04-11T12:33:09.831+0000] {logging_mixin.py:190} INFO - [2025-04-11T12:33:09.830+0000] {dag.py:4180} INFO - Setting next_dagrun for example_branch_datetime_operator_2 to 2025-04-10 00:00:00+00:00, run_after=2025-04-11 00:00:00+00:00
[2025-04-11T12:33:09.839+0000] {logging_mixin.py:190} INFO - [2025-04-11T12:33:09.839+0000] {dag.py:4180} INFO - Setting next_dagrun for example_branch_datetime_operator_3 to 2025-04-10 00:00:00+00:00, run_after=2025-04-11 00:00:00+00:00
[2025-04-11T12:33:09.905+0000] {processor.py:208} INFO - Processing /home/airflow/.local/lib/python3.12/site-packages/airflow/example_dags/example_branch_datetime_operator.py took 0.270 seconds
[2025-04-11T12:33:40.500+0000] {processor.py:186} INFO - Started process (PID=78603) to work on /home/airflow/.local/lib/python3.12/site-packages/airflow/example_dags/example_branch_datetime_operator.py
[2025-04-11T12:33:40.502+0000] {processor.py:914} INFO - Processing file /home/airflow/.local/lib/python3.12/site-packages/airflow/example_dags/example_branch_datetime_operator.py for tasks to queue
[2025-04-11T12:33:40.505+0000] {logging_mixin.py:190} INFO - [2025-04-11T12:33:40.504+0000] {dagbag.py:588} INFO - Filling up the DagBag from /home/airflow/.local/lib/python3.12/site-packages/airflow/example_dags/example_branch_datetime_operator.py
[2025-04-11T12:33:40.531+0000] {processor.py:925} INFO - DAG(s) 'example_branch_datetime_operator_3', 'example_branch_datetime_operator_2', 'example_branch_datetime_operator' retrieved from /home/airflow/.local/lib/python3.12/site-packages/airflow/example_dags/example_branch_datetime_operator.py
[2025-04-11T12:33:40.583+0000] {logging_mixin.py:190} INFO - [2025-04-11T12:33:40.583+0000] {dag.py:3239} INFO - Sync 3 DAGs
[2025-04-11T12:33:40.639+0000] {logging_mixin.py:190} INFO - [2025-04-11T12:33:40.638+0000] {dag.py:4180} INFO - Setting next_dagrun for example_branch_datetime_operator to 2025-04-10 00:00:00+00:00, run_after=2025-04-11 00:00:00+00:00
[2025-04-11T12:33:40.650+0000] {logging_mixin.py:190} INFO - [2025-04-11T12:33:40.650+0000] {dag.py:4180} INFO - Setting next_dagrun for example_branch_datetime_operator_2 to 2025-04-10 00:00:00+00:00, run_after=2025-04-11 00:00:00+00:00
[2025-04-11T12:33:40.657+0000] {logging_mixin.py:190} INFO - [2025-04-11T12:33:40.656+0000] {dag.py:4180} INFO - Setting next_dagrun for example_branch_datetime_operator_3 to 2025-04-10 00:00:00+00:00, run_after=2025-04-11 00:00:00+00:00
[2025-04-11T12:33:40.704+0000] {processor.py:208} INFO - Processing /home/airflow/.local/lib/python3.12/site-packages/airflow/example_dags/example_branch_datetime_operator.py took 0.215 seconds
[2025-04-11T12:34:11.177+0000] {processor.py:186} INFO - Started process (PID=78668) to work on /home/airflow/.local/lib/python3.12/site-packages/airflow/example_dags/example_branch_datetime_operator.py
[2025-04-11T12:34:11.179+0000] {processor.py:914} INFO - Processing file /home/airflow/.local/lib/python3.12/site-packages/airflow/example_dags/example_branch_datetime_operator.py for tasks to queue
[2025-04-11T12:34:11.183+0000] {logging_mixin.py:190} INFO - [2025-04-11T12:34:11.182+0000] {dagbag.py:588} INFO - Filling up the DagBag from /home/airflow/.local/lib/python3.12/site-packages/airflow/example_dags/example_branch_datetime_operator.py
[2025-04-11T12:34:11.233+0000] {processor.py:925} INFO - DAG(s) 'example_branch_datetime_operator_3', 'example_branch_datetime_operator_2', 'example_branch_datetime_operator' retrieved from /home/airflow/.local/lib/python3.12/site-packages/airflow/example_dags/example_branch_datetime_operator.py
[2025-04-11T12:34:11.378+0000] {logging_mixin.py:190} INFO - [2025-04-11T12:34:11.377+0000] {dag.py:3239} INFO - Sync 3 DAGs
[2025-04-11T12:34:11.459+0000] {logging_mixin.py:190} INFO - [2025-04-11T12:34:11.458+0000] {dag.py:4180} INFO - Setting next_dagrun for example_branch_datetime_operator to 2025-04-10 00:00:00+00:00, run_after=2025-04-11 00:00:00+00:00
[2025-04-11T12:34:11.481+0000] {logging_mixin.py:190} INFO - [2025-04-11T12:34:11.479+0000] {dag.py:4180} INFO - Setting next_dagrun for example_branch_datetime_operator_2 to 2025-04-10 00:00:00+00:00, run_after=2025-04-11 00:00:00+00:00
[2025-04-11T12:34:11.504+0000] {logging_mixin.py:190} INFO - [2025-04-11T12:34:11.503+0000] {dag.py:4180} INFO - Setting next_dagrun for example_branch_datetime_operator_3 to 2025-04-10 00:00:00+00:00, run_after=2025-04-11 00:00:00+00:00
[2025-04-11T12:34:11.574+0000] {processor.py:208} INFO - Processing /home/airflow/.local/lib/python3.12/site-packages/airflow/example_dags/example_branch_datetime_operator.py took 0.415 seconds
[2025-04-11T12:34:41.961+0000] {processor.py:186} INFO - Started process (PID=78734) to work on /home/airflow/.local/lib/python3.12/site-packages/airflow/example_dags/example_branch_datetime_operator.py
[2025-04-11T12:34:41.964+0000] {processor.py:914} INFO - Processing file /home/airflow/.local/lib/python3.12/site-packages/airflow/example_dags/example_branch_datetime_operator.py for tasks to queue
[2025-04-11T12:34:41.969+0000] {logging_mixin.py:190} INFO - [2025-04-11T12:34:41.967+0000] {dagbag.py:588} INFO - Filling up the DagBag from /home/airflow/.local/lib/python3.12/site-packages/airflow/example_dags/example_branch_datetime_operator.py
[2025-04-11T12:34:42.000+0000] {processor.py:925} INFO - DAG(s) 'example_branch_datetime_operator_2', 'example_branch_datetime_operator_3', 'example_branch_datetime_operator' retrieved from /home/airflow/.local/lib/python3.12/site-packages/airflow/example_dags/example_branch_datetime_operator.py
[2025-04-11T12:34:42.070+0000] {logging_mixin.py:190} INFO - [2025-04-11T12:34:42.069+0000] {dag.py:3239} INFO - Sync 3 DAGs
[2025-04-11T12:34:42.136+0000] {logging_mixin.py:190} INFO - [2025-04-11T12:34:42.135+0000] {dag.py:4180} INFO - Setting next_dagrun for example_branch_datetime_operator to 2025-04-10 00:00:00+00:00, run_after=2025-04-11 00:00:00+00:00
[2025-04-11T12:34:42.149+0000] {logging_mixin.py:190} INFO - [2025-04-11T12:34:42.149+0000] {dag.py:4180} INFO - Setting next_dagrun for example_branch_datetime_operator_2 to 2025-04-10 00:00:00+00:00, run_after=2025-04-11 00:00:00+00:00
[2025-04-11T12:34:42.157+0000] {logging_mixin.py:190} INFO - [2025-04-11T12:34:42.156+0000] {dag.py:4180} INFO - Setting next_dagrun for example_branch_datetime_operator_3 to 2025-04-10 00:00:00+00:00, run_after=2025-04-11 00:00:00+00:00
[2025-04-11T12:34:42.211+0000] {processor.py:208} INFO - Processing /home/airflow/.local/lib/python3.12/site-packages/airflow/example_dags/example_branch_datetime_operator.py took 0.262 seconds
[2025-04-11T12:35:13.102+0000] {processor.py:186} INFO - Started process (PID=78799) to work on /home/airflow/.local/lib/python3.12/site-packages/airflow/example_dags/example_branch_datetime_operator.py
[2025-04-11T12:35:13.104+0000] {processor.py:914} INFO - Processing file /home/airflow/.local/lib/python3.12/site-packages/airflow/example_dags/example_branch_datetime_operator.py for tasks to queue
[2025-04-11T12:35:13.107+0000] {logging_mixin.py:190} INFO - [2025-04-11T12:35:13.106+0000] {dagbag.py:588} INFO - Filling up the DagBag from /home/airflow/.local/lib/python3.12/site-packages/airflow/example_dags/example_branch_datetime_operator.py
[2025-04-11T12:35:13.132+0000] {processor.py:925} INFO - DAG(s) 'example_branch_datetime_operator_2', 'example_branch_datetime_operator', 'example_branch_datetime_operator_3' retrieved from /home/airflow/.local/lib/python3.12/site-packages/airflow/example_dags/example_branch_datetime_operator.py
[2025-04-11T12:35:13.198+0000] {logging_mixin.py:190} INFO - [2025-04-11T12:35:13.198+0000] {dag.py:3239} INFO - Sync 3 DAGs
[2025-04-11T12:35:13.253+0000] {logging_mixin.py:190} INFO - [2025-04-11T12:35:13.252+0000] {dag.py:4180} INFO - Setting next_dagrun for example_branch_datetime_operator to 2025-04-10 00:00:00+00:00, run_after=2025-04-11 00:00:00+00:00
[2025-04-11T12:35:13.264+0000] {logging_mixin.py:190} INFO - [2025-04-11T12:35:13.263+0000] {dag.py:4180} INFO - Setting next_dagrun for example_branch_datetime_operator_2 to 2025-04-10 00:00:00+00:00, run_after=2025-04-11 00:00:00+00:00
[2025-04-11T12:35:13.269+0000] {logging_mixin.py:190} INFO - [2025-04-11T12:35:13.269+0000] {dag.py:4180} INFO - Setting next_dagrun for example_branch_datetime_operator_3 to 2025-04-10 00:00:00+00:00, run_after=2025-04-11 00:00:00+00:00
[2025-04-11T12:35:13.323+0000] {processor.py:208} INFO - Processing /home/airflow/.local/lib/python3.12/site-packages/airflow/example_dags/example_branch_datetime_operator.py took 0.233 seconds
[2025-04-11T12:35:43.669+0000] {processor.py:186} INFO - Started process (PID=78864) to work on /home/airflow/.local/lib/python3.12/site-packages/airflow/example_dags/example_branch_datetime_operator.py
[2025-04-11T12:35:43.671+0000] {processor.py:914} INFO - Processing file /home/airflow/.local/lib/python3.12/site-packages/airflow/example_dags/example_branch_datetime_operator.py for tasks to queue
[2025-04-11T12:35:43.674+0000] {logging_mixin.py:190} INFO - [2025-04-11T12:35:43.673+0000] {dagbag.py:588} INFO - Filling up the DagBag from /home/airflow/.local/lib/python3.12/site-packages/airflow/example_dags/example_branch_datetime_operator.py
[2025-04-11T12:35:43.696+0000] {processor.py:925} INFO - DAG(s) 'example_branch_datetime_operator', 'example_branch_datetime_operator_3', 'example_branch_datetime_operator_2' retrieved from /home/airflow/.local/lib/python3.12/site-packages/airflow/example_dags/example_branch_datetime_operator.py
[2025-04-11T12:35:43.750+0000] {logging_mixin.py:190} INFO - [2025-04-11T12:35:43.749+0000] {dag.py:3239} INFO - Sync 3 DAGs
[2025-04-11T12:35:43.802+0000] {logging_mixin.py:190} INFO - [2025-04-11T12:35:43.802+0000] {dag.py:4180} INFO - Setting next_dagrun for example_branch_datetime_operator to 2025-04-10 00:00:00+00:00, run_after=2025-04-11 00:00:00+00:00
[2025-04-11T12:35:43.813+0000] {logging_mixin.py:190} INFO - [2025-04-11T12:35:43.812+0000] {dag.py:4180} INFO - Setting next_dagrun for example_branch_datetime_operator_2 to 2025-04-10 00:00:00+00:00, run_after=2025-04-11 00:00:00+00:00
[2025-04-11T12:35:43.819+0000] {logging_mixin.py:190} INFO - [2025-04-11T12:35:43.818+0000] {dag.py:4180} INFO - Setting next_dagrun for example_branch_datetime_operator_3 to 2025-04-10 00:00:00+00:00, run_after=2025-04-11 00:00:00+00:00
[2025-04-11T12:35:43.865+0000] {processor.py:208} INFO - Processing /home/airflow/.local/lib/python3.12/site-packages/airflow/example_dags/example_branch_datetime_operator.py took 0.206 seconds
[2025-04-11T12:36:14.035+0000] {processor.py:186} INFO - Started process (PID=78929) to work on /home/airflow/.local/lib/python3.12/site-packages/airflow/example_dags/example_branch_datetime_operator.py
[2025-04-11T12:36:14.040+0000] {processor.py:914} INFO - Processing file /home/airflow/.local/lib/python3.12/site-packages/airflow/example_dags/example_branch_datetime_operator.py for tasks to queue
[2025-04-11T12:36:14.044+0000] {logging_mixin.py:190} INFO - [2025-04-11T12:36:14.043+0000] {dagbag.py:588} INFO - Filling up the DagBag from /home/airflow/.local/lib/python3.12/site-packages/airflow/example_dags/example_branch_datetime_operator.py
[2025-04-11T12:36:14.075+0000] {processor.py:925} INFO - DAG(s) 'example_branch_datetime_operator_3', 'example_branch_datetime_operator', 'example_branch_datetime_operator_2' retrieved from /home/airflow/.local/lib/python3.12/site-packages/airflow/example_dags/example_branch_datetime_operator.py
[2025-04-11T12:36:14.139+0000] {logging_mixin.py:190} INFO - [2025-04-11T12:36:14.138+0000] {dag.py:3239} INFO - Sync 3 DAGs
[2025-04-11T12:36:14.227+0000] {logging_mixin.py:190} INFO - [2025-04-11T12:36:14.227+0000] {dag.py:4180} INFO - Setting next_dagrun for example_branch_datetime_operator to 2025-04-10 00:00:00+00:00, run_after=2025-04-11 00:00:00+00:00
[2025-04-11T12:36:14.246+0000] {logging_mixin.py:190} INFO - [2025-04-11T12:36:14.245+0000] {dag.py:4180} INFO - Setting next_dagrun for example_branch_datetime_operator_2 to 2025-04-10 00:00:00+00:00, run_after=2025-04-11 00:00:00+00:00
[2025-04-11T12:36:14.253+0000] {logging_mixin.py:190} INFO - [2025-04-11T12:36:14.252+0000] {dag.py:4180} INFO - Setting next_dagrun for example_branch_datetime_operator_3 to 2025-04-10 00:00:00+00:00, run_after=2025-04-11 00:00:00+00:00
[2025-04-11T12:36:14.290+0000] {processor.py:208} INFO - Processing /home/airflow/.local/lib/python3.12/site-packages/airflow/example_dags/example_branch_datetime_operator.py took 0.270 seconds
[2025-04-11T12:36:44.791+0000] {processor.py:186} INFO - Started process (PID=78993) to work on /home/airflow/.local/lib/python3.12/site-packages/airflow/example_dags/example_branch_datetime_operator.py
[2025-04-11T12:36:44.793+0000] {processor.py:914} INFO - Processing file /home/airflow/.local/lib/python3.12/site-packages/airflow/example_dags/example_branch_datetime_operator.py for tasks to queue
[2025-04-11T12:36:44.795+0000] {logging_mixin.py:190} INFO - [2025-04-11T12:36:44.795+0000] {dagbag.py:588} INFO - Filling up the DagBag from /home/airflow/.local/lib/python3.12/site-packages/airflow/example_dags/example_branch_datetime_operator.py
[2025-04-11T12:36:44.820+0000] {processor.py:925} INFO - DAG(s) 'example_branch_datetime_operator_2', 'example_branch_datetime_operator', 'example_branch_datetime_operator_3' retrieved from /home/airflow/.local/lib/python3.12/site-packages/airflow/example_dags/example_branch_datetime_operator.py
[2025-04-11T12:36:44.879+0000] {logging_mixin.py:190} INFO - [2025-04-11T12:36:44.879+0000] {dag.py:3239} INFO - Sync 3 DAGs
[2025-04-11T12:36:44.938+0000] {logging_mixin.py:190} INFO - [2025-04-11T12:36:44.937+0000] {dag.py:4180} INFO - Setting next_dagrun for example_branch_datetime_operator to 2025-04-10 00:00:00+00:00, run_after=2025-04-11 00:00:00+00:00
[2025-04-11T12:36:44.950+0000] {logging_mixin.py:190} INFO - [2025-04-11T12:36:44.950+0000] {dag.py:4180} INFO - Setting next_dagrun for example_branch_datetime_operator_2 to 2025-04-10 00:00:00+00:00, run_after=2025-04-11 00:00:00+00:00
[2025-04-11T12:36:44.957+0000] {logging_mixin.py:190} INFO - [2025-04-11T12:36:44.957+0000] {dag.py:4180} INFO - Setting next_dagrun for example_branch_datetime_operator_3 to 2025-04-10 00:00:00+00:00, run_after=2025-04-11 00:00:00+00:00
[2025-04-11T12:36:45.313+0000] {processor.py:208} INFO - Processing /home/airflow/.local/lib/python3.12/site-packages/airflow/example_dags/example_branch_datetime_operator.py took 0.536 seconds
[2025-04-11T12:37:16.282+0000] {processor.py:186} INFO - Started process (PID=79058) to work on /home/airflow/.local/lib/python3.12/site-packages/airflow/example_dags/example_branch_datetime_operator.py
[2025-04-11T12:37:16.283+0000] {processor.py:914} INFO - Processing file /home/airflow/.local/lib/python3.12/site-packages/airflow/example_dags/example_branch_datetime_operator.py for tasks to queue
[2025-04-11T12:37:16.287+0000] {logging_mixin.py:190} INFO - [2025-04-11T12:37:16.286+0000] {dagbag.py:588} INFO - Filling up the DagBag from /home/airflow/.local/lib/python3.12/site-packages/airflow/example_dags/example_branch_datetime_operator.py
[2025-04-11T12:37:16.309+0000] {processor.py:925} INFO - DAG(s) 'example_branch_datetime_operator', 'example_branch_datetime_operator_3', 'example_branch_datetime_operator_2' retrieved from /home/airflow/.local/lib/python3.12/site-packages/airflow/example_dags/example_branch_datetime_operator.py
[2025-04-11T12:37:16.362+0000] {logging_mixin.py:190} INFO - [2025-04-11T12:37:16.361+0000] {dag.py:3239} INFO - Sync 3 DAGs
[2025-04-11T12:37:16.408+0000] {logging_mixin.py:190} INFO - [2025-04-11T12:37:16.407+0000] {dag.py:4180} INFO - Setting next_dagrun for example_branch_datetime_operator to 2025-04-10 00:00:00+00:00, run_after=2025-04-11 00:00:00+00:00
[2025-04-11T12:37:16.416+0000] {logging_mixin.py:190} INFO - [2025-04-11T12:37:16.415+0000] {dag.py:4180} INFO - Setting next_dagrun for example_branch_datetime_operator_2 to 2025-04-10 00:00:00+00:00, run_after=2025-04-11 00:00:00+00:00
[2025-04-11T12:37:16.421+0000] {logging_mixin.py:190} INFO - [2025-04-11T12:37:16.420+0000] {dag.py:4180} INFO - Setting next_dagrun for example_branch_datetime_operator_3 to 2025-04-10 00:00:00+00:00, run_after=2025-04-11 00:00:00+00:00
[2025-04-11T12:37:16.459+0000] {processor.py:208} INFO - Processing /home/airflow/.local/lib/python3.12/site-packages/airflow/example_dags/example_branch_datetime_operator.py took 0.187 seconds
[2025-04-11T12:37:46.735+0000] {processor.py:186} INFO - Started process (PID=79123) to work on /home/airflow/.local/lib/python3.12/site-packages/airflow/example_dags/example_branch_datetime_operator.py
[2025-04-11T12:37:46.737+0000] {processor.py:914} INFO - Processing file /home/airflow/.local/lib/python3.12/site-packages/airflow/example_dags/example_branch_datetime_operator.py for tasks to queue
[2025-04-11T12:37:46.741+0000] {logging_mixin.py:190} INFO - [2025-04-11T12:37:46.740+0000] {dagbag.py:588} INFO - Filling up the DagBag from /home/airflow/.local/lib/python3.12/site-packages/airflow/example_dags/example_branch_datetime_operator.py
[2025-04-11T12:37:46.765+0000] {processor.py:925} INFO - DAG(s) 'example_branch_datetime_operator', 'example_branch_datetime_operator_2', 'example_branch_datetime_operator_3' retrieved from /home/airflow/.local/lib/python3.12/site-packages/airflow/example_dags/example_branch_datetime_operator.py
[2025-04-11T12:37:46.812+0000] {logging_mixin.py:190} INFO - [2025-04-11T12:37:46.811+0000] {dag.py:3239} INFO - Sync 3 DAGs
[2025-04-11T12:37:46.852+0000] {logging_mixin.py:190} INFO - [2025-04-11T12:37:46.852+0000] {dag.py:4180} INFO - Setting next_dagrun for example_branch_datetime_operator to 2025-04-10 00:00:00+00:00, run_after=2025-04-11 00:00:00+00:00
[2025-04-11T12:37:46.861+0000] {logging_mixin.py:190} INFO - [2025-04-11T12:37:46.860+0000] {dag.py:4180} INFO - Setting next_dagrun for example_branch_datetime_operator_2 to 2025-04-10 00:00:00+00:00, run_after=2025-04-11 00:00:00+00:00
[2025-04-11T12:37:46.866+0000] {logging_mixin.py:190} INFO - [2025-04-11T12:37:46.865+0000] {dag.py:4180} INFO - Setting next_dagrun for example_branch_datetime_operator_3 to 2025-04-10 00:00:00+00:00, run_after=2025-04-11 00:00:00+00:00
[2025-04-11T12:37:46.901+0000] {processor.py:208} INFO - Processing /home/airflow/.local/lib/python3.12/site-packages/airflow/example_dags/example_branch_datetime_operator.py took 0.178 seconds
[2025-04-11T12:38:17.471+0000] {processor.py:186} INFO - Started process (PID=79187) to work on /home/airflow/.local/lib/python3.12/site-packages/airflow/example_dags/example_branch_datetime_operator.py
[2025-04-11T12:38:17.472+0000] {processor.py:914} INFO - Processing file /home/airflow/.local/lib/python3.12/site-packages/airflow/example_dags/example_branch_datetime_operator.py for tasks to queue
[2025-04-11T12:38:17.475+0000] {logging_mixin.py:190} INFO - [2025-04-11T12:38:17.474+0000] {dagbag.py:588} INFO - Filling up the DagBag from /home/airflow/.local/lib/python3.12/site-packages/airflow/example_dags/example_branch_datetime_operator.py
[2025-04-11T12:38:17.498+0000] {processor.py:925} INFO - DAG(s) 'example_branch_datetime_operator', 'example_branch_datetime_operator_2', 'example_branch_datetime_operator_3' retrieved from /home/airflow/.local/lib/python3.12/site-packages/airflow/example_dags/example_branch_datetime_operator.py
[2025-04-11T12:38:17.543+0000] {logging_mixin.py:190} INFO - [2025-04-11T12:38:17.543+0000] {dag.py:3239} INFO - Sync 3 DAGs
[2025-04-11T12:38:17.591+0000] {logging_mixin.py:190} INFO - [2025-04-11T12:38:17.591+0000] {dag.py:4180} INFO - Setting next_dagrun for example_branch_datetime_operator to 2025-04-10 00:00:00+00:00, run_after=2025-04-11 00:00:00+00:00
[2025-04-11T12:38:17.602+0000] {logging_mixin.py:190} INFO - [2025-04-11T12:38:17.601+0000] {dag.py:4180} INFO - Setting next_dagrun for example_branch_datetime_operator_2 to 2025-04-10 00:00:00+00:00, run_after=2025-04-11 00:00:00+00:00
[2025-04-11T12:38:17.610+0000] {logging_mixin.py:190} INFO - [2025-04-11T12:38:17.609+0000] {dag.py:4180} INFO - Setting next_dagrun for example_branch_datetime_operator_3 to 2025-04-10 00:00:00+00:00, run_after=2025-04-11 00:00:00+00:00
[2025-04-11T12:38:17.653+0000] {processor.py:208} INFO - Processing /home/airflow/.local/lib/python3.12/site-packages/airflow/example_dags/example_branch_datetime_operator.py took 0.196 seconds
[2025-04-11T12:38:48.053+0000] {processor.py:186} INFO - Started process (PID=79253) to work on /home/airflow/.local/lib/python3.12/site-packages/airflow/example_dags/example_branch_datetime_operator.py
[2025-04-11T12:38:48.056+0000] {processor.py:914} INFO - Processing file /home/airflow/.local/lib/python3.12/site-packages/airflow/example_dags/example_branch_datetime_operator.py for tasks to queue
[2025-04-11T12:38:48.060+0000] {logging_mixin.py:190} INFO - [2025-04-11T12:38:48.058+0000] {dagbag.py:588} INFO - Filling up the DagBag from /home/airflow/.local/lib/python3.12/site-packages/airflow/example_dags/example_branch_datetime_operator.py
[2025-04-11T12:38:48.089+0000] {processor.py:925} INFO - DAG(s) 'example_branch_datetime_operator_3', 'example_branch_datetime_operator', 'example_branch_datetime_operator_2' retrieved from /home/airflow/.local/lib/python3.12/site-packages/airflow/example_dags/example_branch_datetime_operator.py
[2025-04-11T12:38:48.163+0000] {logging_mixin.py:190} INFO - [2025-04-11T12:38:48.163+0000] {dag.py:3239} INFO - Sync 3 DAGs
[2025-04-11T12:38:48.244+0000] {logging_mixin.py:190} INFO - [2025-04-11T12:38:48.243+0000] {dag.py:4180} INFO - Setting next_dagrun for example_branch_datetime_operator to 2025-04-10 00:00:00+00:00, run_after=2025-04-11 00:00:00+00:00
[2025-04-11T12:38:48.261+0000] {logging_mixin.py:190} INFO - [2025-04-11T12:38:48.260+0000] {dag.py:4180} INFO - Setting next_dagrun for example_branch_datetime_operator_2 to 2025-04-10 00:00:00+00:00, run_after=2025-04-11 00:00:00+00:00
[2025-04-11T12:38:48.269+0000] {logging_mixin.py:190} INFO - [2025-04-11T12:38:48.268+0000] {dag.py:4180} INFO - Setting next_dagrun for example_branch_datetime_operator_3 to 2025-04-10 00:00:00+00:00, run_after=2025-04-11 00:00:00+00:00
[2025-04-11T12:38:48.326+0000] {processor.py:208} INFO - Processing /home/airflow/.local/lib/python3.12/site-packages/airflow/example_dags/example_branch_datetime_operator.py took 0.282 seconds
[2025-04-11T12:39:18.919+0000] {processor.py:186} INFO - Started process (PID=79319) to work on /home/airflow/.local/lib/python3.12/site-packages/airflow/example_dags/example_branch_datetime_operator.py
[2025-04-11T12:39:18.922+0000] {processor.py:914} INFO - Processing file /home/airflow/.local/lib/python3.12/site-packages/airflow/example_dags/example_branch_datetime_operator.py for tasks to queue
[2025-04-11T12:39:18.925+0000] {logging_mixin.py:190} INFO - [2025-04-11T12:39:18.925+0000] {dagbag.py:588} INFO - Filling up the DagBag from /home/airflow/.local/lib/python3.12/site-packages/airflow/example_dags/example_branch_datetime_operator.py
[2025-04-11T12:39:18.958+0000] {processor.py:925} INFO - DAG(s) 'example_branch_datetime_operator_2', 'example_branch_datetime_operator_3', 'example_branch_datetime_operator' retrieved from /home/airflow/.local/lib/python3.12/site-packages/airflow/example_dags/example_branch_datetime_operator.py
[2025-04-11T12:39:19.023+0000] {logging_mixin.py:190} INFO - [2025-04-11T12:39:19.022+0000] {dag.py:3239} INFO - Sync 3 DAGs
[2025-04-11T12:39:19.096+0000] {logging_mixin.py:190} INFO - [2025-04-11T12:39:19.095+0000] {dag.py:4180} INFO - Setting next_dagrun for example_branch_datetime_operator to 2025-04-10 00:00:00+00:00, run_after=2025-04-11 00:00:00+00:00
[2025-04-11T12:39:19.109+0000] {logging_mixin.py:190} INFO - [2025-04-11T12:39:19.108+0000] {dag.py:4180} INFO - Setting next_dagrun for example_branch_datetime_operator_2 to 2025-04-10 00:00:00+00:00, run_after=2025-04-11 00:00:00+00:00
[2025-04-11T12:39:19.115+0000] {logging_mixin.py:190} INFO - [2025-04-11T12:39:19.114+0000] {dag.py:4180} INFO - Setting next_dagrun for example_branch_datetime_operator_3 to 2025-04-10 00:00:00+00:00, run_after=2025-04-11 00:00:00+00:00
[2025-04-11T12:39:19.158+0000] {processor.py:208} INFO - Processing /home/airflow/.local/lib/python3.12/site-packages/airflow/example_dags/example_branch_datetime_operator.py took 0.253 seconds
[2025-04-11T12:39:49.509+0000] {processor.py:186} INFO - Started process (PID=79383) to work on /home/airflow/.local/lib/python3.12/site-packages/airflow/example_dags/example_branch_datetime_operator.py
[2025-04-11T12:39:49.512+0000] {processor.py:914} INFO - Processing file /home/airflow/.local/lib/python3.12/site-packages/airflow/example_dags/example_branch_datetime_operator.py for tasks to queue
[2025-04-11T12:39:49.515+0000] {logging_mixin.py:190} INFO - [2025-04-11T12:39:49.514+0000] {dagbag.py:588} INFO - Filling up the DagBag from /home/airflow/.local/lib/python3.12/site-packages/airflow/example_dags/example_branch_datetime_operator.py
[2025-04-11T12:39:49.541+0000] {processor.py:925} INFO - DAG(s) 'example_branch_datetime_operator_2', 'example_branch_datetime_operator', 'example_branch_datetime_operator_3' retrieved from /home/airflow/.local/lib/python3.12/site-packages/airflow/example_dags/example_branch_datetime_operator.py
[2025-04-11T12:39:49.605+0000] {logging_mixin.py:190} INFO - [2025-04-11T12:39:49.604+0000] {dag.py:3239} INFO - Sync 3 DAGs
[2025-04-11T12:39:49.955+0000] {logging_mixin.py:190} INFO - [2025-04-11T12:39:49.954+0000] {dag.py:4180} INFO - Setting next_dagrun for example_branch_datetime_operator to 2025-04-10 00:00:00+00:00, run_after=2025-04-11 00:00:00+00:00
[2025-04-11T12:39:49.968+0000] {logging_mixin.py:190} INFO - [2025-04-11T12:39:49.968+0000] {dag.py:4180} INFO - Setting next_dagrun for example_branch_datetime_operator_2 to 2025-04-10 00:00:00+00:00, run_after=2025-04-11 00:00:00+00:00
[2025-04-11T12:39:49.975+0000] {logging_mixin.py:190} INFO - [2025-04-11T12:39:49.975+0000] {dag.py:4180} INFO - Setting next_dagrun for example_branch_datetime_operator_3 to 2025-04-10 00:00:00+00:00, run_after=2025-04-11 00:00:00+00:00
[2025-04-11T12:39:50.016+0000] {processor.py:208} INFO - Processing /home/airflow/.local/lib/python3.12/site-packages/airflow/example_dags/example_branch_datetime_operator.py took 0.520 seconds
[2025-04-11T12:40:20.248+0000] {processor.py:186} INFO - Started process (PID=79448) to work on /home/airflow/.local/lib/python3.12/site-packages/airflow/example_dags/example_branch_datetime_operator.py
[2025-04-11T12:40:20.250+0000] {processor.py:914} INFO - Processing file /home/airflow/.local/lib/python3.12/site-packages/airflow/example_dags/example_branch_datetime_operator.py for tasks to queue
[2025-04-11T12:40:20.253+0000] {logging_mixin.py:190} INFO - [2025-04-11T12:40:20.252+0000] {dagbag.py:588} INFO - Filling up the DagBag from /home/airflow/.local/lib/python3.12/site-packages/airflow/example_dags/example_branch_datetime_operator.py
[2025-04-11T12:40:20.276+0000] {processor.py:925} INFO - DAG(s) 'example_branch_datetime_operator_3', 'example_branch_datetime_operator', 'example_branch_datetime_operator_2' retrieved from /home/airflow/.local/lib/python3.12/site-packages/airflow/example_dags/example_branch_datetime_operator.py
[2025-04-11T12:40:20.319+0000] {logging_mixin.py:190} INFO - [2025-04-11T12:40:20.319+0000] {dag.py:3239} INFO - Sync 3 DAGs
[2025-04-11T12:40:20.364+0000] {logging_mixin.py:190} INFO - [2025-04-11T12:40:20.363+0000] {dag.py:4180} INFO - Setting next_dagrun for example_branch_datetime_operator to 2025-04-10 00:00:00+00:00, run_after=2025-04-11 00:00:00+00:00
[2025-04-11T12:40:20.372+0000] {logging_mixin.py:190} INFO - [2025-04-11T12:40:20.372+0000] {dag.py:4180} INFO - Setting next_dagrun for example_branch_datetime_operator_2 to 2025-04-10 00:00:00+00:00, run_after=2025-04-11 00:00:00+00:00
[2025-04-11T12:40:20.379+0000] {logging_mixin.py:190} INFO - [2025-04-11T12:40:20.378+0000] {dag.py:4180} INFO - Setting next_dagrun for example_branch_datetime_operator_3 to 2025-04-10 00:00:00+00:00, run_after=2025-04-11 00:00:00+00:00
[2025-04-11T12:40:20.414+0000] {processor.py:208} INFO - Processing /home/airflow/.local/lib/python3.12/site-packages/airflow/example_dags/example_branch_datetime_operator.py took 0.176 seconds
[2025-04-11T12:40:50.885+0000] {processor.py:186} INFO - Started process (PID=79513) to work on /home/airflow/.local/lib/python3.12/site-packages/airflow/example_dags/example_branch_datetime_operator.py
[2025-04-11T12:40:50.887+0000] {processor.py:914} INFO - Processing file /home/airflow/.local/lib/python3.12/site-packages/airflow/example_dags/example_branch_datetime_operator.py for tasks to queue
[2025-04-11T12:40:50.890+0000] {logging_mixin.py:190} INFO - [2025-04-11T12:40:50.889+0000] {dagbag.py:588} INFO - Filling up the DagBag from /home/airflow/.local/lib/python3.12/site-packages/airflow/example_dags/example_branch_datetime_operator.py
[2025-04-11T12:40:50.921+0000] {processor.py:925} INFO - DAG(s) 'example_branch_datetime_operator_2', 'example_branch_datetime_operator', 'example_branch_datetime_operator_3' retrieved from /home/airflow/.local/lib/python3.12/site-packages/airflow/example_dags/example_branch_datetime_operator.py
[2025-04-11T12:40:50.983+0000] {logging_mixin.py:190} INFO - [2025-04-11T12:40:50.982+0000] {dag.py:3239} INFO - Sync 3 DAGs
[2025-04-11T12:40:51.032+0000] {logging_mixin.py:190} INFO - [2025-04-11T12:40:51.031+0000] {dag.py:4180} INFO - Setting next_dagrun for example_branch_datetime_operator to 2025-04-10 00:00:00+00:00, run_after=2025-04-11 00:00:00+00:00
[2025-04-11T12:40:51.043+0000] {logging_mixin.py:190} INFO - [2025-04-11T12:40:51.042+0000] {dag.py:4180} INFO - Setting next_dagrun for example_branch_datetime_operator_2 to 2025-04-10 00:00:00+00:00, run_after=2025-04-11 00:00:00+00:00
[2025-04-11T12:40:51.053+0000] {logging_mixin.py:190} INFO - [2025-04-11T12:40:51.053+0000] {dag.py:4180} INFO - Setting next_dagrun for example_branch_datetime_operator_3 to 2025-04-10 00:00:00+00:00, run_after=2025-04-11 00:00:00+00:00
[2025-04-11T12:40:51.097+0000] {processor.py:208} INFO - Processing /home/airflow/.local/lib/python3.12/site-packages/airflow/example_dags/example_branch_datetime_operator.py took 0.225 seconds
[2025-04-11T12:41:21.435+0000] {processor.py:186} INFO - Started process (PID=79577) to work on /home/airflow/.local/lib/python3.12/site-packages/airflow/example_dags/example_branch_datetime_operator.py
[2025-04-11T12:41:21.438+0000] {processor.py:914} INFO - Processing file /home/airflow/.local/lib/python3.12/site-packages/airflow/example_dags/example_branch_datetime_operator.py for tasks to queue
[2025-04-11T12:41:21.441+0000] {logging_mixin.py:190} INFO - [2025-04-11T12:41:21.440+0000] {dagbag.py:588} INFO - Filling up the DagBag from /home/airflow/.local/lib/python3.12/site-packages/airflow/example_dags/example_branch_datetime_operator.py
[2025-04-11T12:41:21.470+0000] {processor.py:925} INFO - DAG(s) 'example_branch_datetime_operator_3', 'example_branch_datetime_operator_2', 'example_branch_datetime_operator' retrieved from /home/airflow/.local/lib/python3.12/site-packages/airflow/example_dags/example_branch_datetime_operator.py
[2025-04-11T12:41:21.529+0000] {logging_mixin.py:190} INFO - [2025-04-11T12:41:21.528+0000] {dag.py:3239} INFO - Sync 3 DAGs
[2025-04-11T12:41:21.594+0000] {logging_mixin.py:190} INFO - [2025-04-11T12:41:21.594+0000] {dag.py:4180} INFO - Setting next_dagrun for example_branch_datetime_operator to 2025-04-10 00:00:00+00:00, run_after=2025-04-11 00:00:00+00:00
[2025-04-11T12:41:21.602+0000] {logging_mixin.py:190} INFO - [2025-04-11T12:41:21.601+0000] {dag.py:4180} INFO - Setting next_dagrun for example_branch_datetime_operator_2 to 2025-04-10 00:00:00+00:00, run_after=2025-04-11 00:00:00+00:00
[2025-04-11T12:41:21.606+0000] {logging_mixin.py:190} INFO - [2025-04-11T12:41:21.605+0000] {dag.py:4180} INFO - Setting next_dagrun for example_branch_datetime_operator_3 to 2025-04-10 00:00:00+00:00, run_after=2025-04-11 00:00:00+00:00
[2025-04-11T12:41:21.636+0000] {processor.py:208} INFO - Processing /home/airflow/.local/lib/python3.12/site-packages/airflow/example_dags/example_branch_datetime_operator.py took 0.212 seconds
[2025-04-11T12:41:51.828+0000] {processor.py:186} INFO - Started process (PID=79642) to work on /home/airflow/.local/lib/python3.12/site-packages/airflow/example_dags/example_branch_datetime_operator.py
[2025-04-11T12:41:51.830+0000] {processor.py:914} INFO - Processing file /home/airflow/.local/lib/python3.12/site-packages/airflow/example_dags/example_branch_datetime_operator.py for tasks to queue
[2025-04-11T12:41:51.833+0000] {logging_mixin.py:190} INFO - [2025-04-11T12:41:51.832+0000] {dagbag.py:588} INFO - Filling up the DagBag from /home/airflow/.local/lib/python3.12/site-packages/airflow/example_dags/example_branch_datetime_operator.py
[2025-04-11T12:41:51.853+0000] {processor.py:925} INFO - DAG(s) 'example_branch_datetime_operator_2', 'example_branch_datetime_operator_3', 'example_branch_datetime_operator' retrieved from /home/airflow/.local/lib/python3.12/site-packages/airflow/example_dags/example_branch_datetime_operator.py
[2025-04-11T12:41:51.895+0000] {logging_mixin.py:190} INFO - [2025-04-11T12:41:51.894+0000] {dag.py:3239} INFO - Sync 3 DAGs
[2025-04-11T12:41:51.934+0000] {logging_mixin.py:190} INFO - [2025-04-11T12:41:51.934+0000] {dag.py:4180} INFO - Setting next_dagrun for example_branch_datetime_operator to 2025-04-10 00:00:00+00:00, run_after=2025-04-11 00:00:00+00:00
[2025-04-11T12:41:51.943+0000] {logging_mixin.py:190} INFO - [2025-04-11T12:41:51.942+0000] {dag.py:4180} INFO - Setting next_dagrun for example_branch_datetime_operator_2 to 2025-04-10 00:00:00+00:00, run_after=2025-04-11 00:00:00+00:00
[2025-04-11T12:41:51.948+0000] {logging_mixin.py:190} INFO - [2025-04-11T12:41:51.948+0000] {dag.py:4180} INFO - Setting next_dagrun for example_branch_datetime_operator_3 to 2025-04-10 00:00:00+00:00, run_after=2025-04-11 00:00:00+00:00
[2025-04-11T12:41:51.976+0000] {processor.py:208} INFO - Processing /home/airflow/.local/lib/python3.12/site-packages/airflow/example_dags/example_branch_datetime_operator.py took 0.156 seconds
[2025-04-11T12:42:22.112+0000] {processor.py:186} INFO - Started process (PID=79707) to work on /home/airflow/.local/lib/python3.12/site-packages/airflow/example_dags/example_branch_datetime_operator.py
[2025-04-11T12:42:22.113+0000] {processor.py:914} INFO - Processing file /home/airflow/.local/lib/python3.12/site-packages/airflow/example_dags/example_branch_datetime_operator.py for tasks to queue
[2025-04-11T12:42:22.116+0000] {logging_mixin.py:190} INFO - [2025-04-11T12:42:22.115+0000] {dagbag.py:588} INFO - Filling up the DagBag from /home/airflow/.local/lib/python3.12/site-packages/airflow/example_dags/example_branch_datetime_operator.py
[2025-04-11T12:42:22.133+0000] {processor.py:925} INFO - DAG(s) 'example_branch_datetime_operator', 'example_branch_datetime_operator_2', 'example_branch_datetime_operator_3' retrieved from /home/airflow/.local/lib/python3.12/site-packages/airflow/example_dags/example_branch_datetime_operator.py
[2025-04-11T12:42:22.177+0000] {logging_mixin.py:190} INFO - [2025-04-11T12:42:22.176+0000] {dag.py:3239} INFO - Sync 3 DAGs
[2025-04-11T12:42:22.213+0000] {logging_mixin.py:190} INFO - [2025-04-11T12:42:22.213+0000] {dag.py:4180} INFO - Setting next_dagrun for example_branch_datetime_operator to 2025-04-10 00:00:00+00:00, run_after=2025-04-11 00:00:00+00:00
[2025-04-11T12:42:22.221+0000] {logging_mixin.py:190} INFO - [2025-04-11T12:42:22.221+0000] {dag.py:4180} INFO - Setting next_dagrun for example_branch_datetime_operator_2 to 2025-04-10 00:00:00+00:00, run_after=2025-04-11 00:00:00+00:00
[2025-04-11T12:42:22.226+0000] {logging_mixin.py:190} INFO - [2025-04-11T12:42:22.225+0000] {dag.py:4180} INFO - Setting next_dagrun for example_branch_datetime_operator_3 to 2025-04-10 00:00:00+00:00, run_after=2025-04-11 00:00:00+00:00
[2025-04-11T12:42:22.253+0000] {processor.py:208} INFO - Processing /home/airflow/.local/lib/python3.12/site-packages/airflow/example_dags/example_branch_datetime_operator.py took 0.149 seconds
[2025-04-11T12:42:52.377+0000] {processor.py:186} INFO - Started process (PID=79773) to work on /home/airflow/.local/lib/python3.12/site-packages/airflow/example_dags/example_branch_datetime_operator.py
[2025-04-11T12:42:52.379+0000] {processor.py:914} INFO - Processing file /home/airflow/.local/lib/python3.12/site-packages/airflow/example_dags/example_branch_datetime_operator.py for tasks to queue
[2025-04-11T12:42:52.381+0000] {logging_mixin.py:190} INFO - [2025-04-11T12:42:52.381+0000] {dagbag.py:588} INFO - Filling up the DagBag from /home/airflow/.local/lib/python3.12/site-packages/airflow/example_dags/example_branch_datetime_operator.py
[2025-04-11T12:42:52.396+0000] {processor.py:925} INFO - DAG(s) 'example_branch_datetime_operator_3', 'example_branch_datetime_operator_2', 'example_branch_datetime_operator' retrieved from /home/airflow/.local/lib/python3.12/site-packages/airflow/example_dags/example_branch_datetime_operator.py
[2025-04-11T12:42:52.438+0000] {logging_mixin.py:190} INFO - [2025-04-11T12:42:52.437+0000] {dag.py:3239} INFO - Sync 3 DAGs
[2025-04-11T12:42:52.489+0000] {logging_mixin.py:190} INFO - [2025-04-11T12:42:52.489+0000] {dag.py:4180} INFO - Setting next_dagrun for example_branch_datetime_operator to 2025-04-10 00:00:00+00:00, run_after=2025-04-11 00:00:00+00:00
[2025-04-11T12:42:52.499+0000] {logging_mixin.py:190} INFO - [2025-04-11T12:42:52.498+0000] {dag.py:4180} INFO - Setting next_dagrun for example_branch_datetime_operator_2 to 2025-04-10 00:00:00+00:00, run_after=2025-04-11 00:00:00+00:00
[2025-04-11T12:42:52.504+0000] {logging_mixin.py:190} INFO - [2025-04-11T12:42:52.504+0000] {dag.py:4180} INFO - Setting next_dagrun for example_branch_datetime_operator_3 to 2025-04-10 00:00:00+00:00, run_after=2025-04-11 00:00:00+00:00
[2025-04-11T12:42:52.544+0000] {processor.py:208} INFO - Processing /home/airflow/.local/lib/python3.12/site-packages/airflow/example_dags/example_branch_datetime_operator.py took 0.174 seconds
[2025-04-11T12:43:22.905+0000] {processor.py:186} INFO - Started process (PID=79838) to work on /home/airflow/.local/lib/python3.12/site-packages/airflow/example_dags/example_branch_datetime_operator.py
[2025-04-11T12:43:22.907+0000] {processor.py:914} INFO - Processing file /home/airflow/.local/lib/python3.12/site-packages/airflow/example_dags/example_branch_datetime_operator.py for tasks to queue
[2025-04-11T12:43:22.909+0000] {logging_mixin.py:190} INFO - [2025-04-11T12:43:22.908+0000] {dagbag.py:588} INFO - Filling up the DagBag from /home/airflow/.local/lib/python3.12/site-packages/airflow/example_dags/example_branch_datetime_operator.py
[2025-04-11T12:43:22.925+0000] {processor.py:925} INFO - DAG(s) 'example_branch_datetime_operator_2', 'example_branch_datetime_operator', 'example_branch_datetime_operator_3' retrieved from /home/airflow/.local/lib/python3.12/site-packages/airflow/example_dags/example_branch_datetime_operator.py
[2025-04-11T12:43:22.967+0000] {logging_mixin.py:190} INFO - [2025-04-11T12:43:22.966+0000] {dag.py:3239} INFO - Sync 3 DAGs
[2025-04-11T12:43:23.002+0000] {logging_mixin.py:190} INFO - [2025-04-11T12:43:23.001+0000] {dag.py:4180} INFO - Setting next_dagrun for example_branch_datetime_operator to 2025-04-10 00:00:00+00:00, run_after=2025-04-11 00:00:00+00:00
[2025-04-11T12:43:23.010+0000] {logging_mixin.py:190} INFO - [2025-04-11T12:43:23.009+0000] {dag.py:4180} INFO - Setting next_dagrun for example_branch_datetime_operator_2 to 2025-04-10 00:00:00+00:00, run_after=2025-04-11 00:00:00+00:00
[2025-04-11T12:43:23.016+0000] {logging_mixin.py:190} INFO - [2025-04-11T12:43:23.015+0000] {dag.py:4180} INFO - Setting next_dagrun for example_branch_datetime_operator_3 to 2025-04-10 00:00:00+00:00, run_after=2025-04-11 00:00:00+00:00
[2025-04-11T12:43:23.045+0000] {processor.py:208} INFO - Processing /home/airflow/.local/lib/python3.12/site-packages/airflow/example_dags/example_branch_datetime_operator.py took 0.147 seconds
[2025-04-11T12:43:53.180+0000] {processor.py:186} INFO - Started process (PID=79903) to work on /home/airflow/.local/lib/python3.12/site-packages/airflow/example_dags/example_branch_datetime_operator.py
[2025-04-11T12:43:53.182+0000] {processor.py:914} INFO - Processing file /home/airflow/.local/lib/python3.12/site-packages/airflow/example_dags/example_branch_datetime_operator.py for tasks to queue
[2025-04-11T12:43:53.184+0000] {logging_mixin.py:190} INFO - [2025-04-11T12:43:53.183+0000] {dagbag.py:588} INFO - Filling up the DagBag from /home/airflow/.local/lib/python3.12/site-packages/airflow/example_dags/example_branch_datetime_operator.py
[2025-04-11T12:43:53.201+0000] {processor.py:925} INFO - DAG(s) 'example_branch_datetime_operator_3', 'example_branch_datetime_operator', 'example_branch_datetime_operator_2' retrieved from /home/airflow/.local/lib/python3.12/site-packages/airflow/example_dags/example_branch_datetime_operator.py
[2025-04-11T12:43:53.242+0000] {logging_mixin.py:190} INFO - [2025-04-11T12:43:53.242+0000] {dag.py:3239} INFO - Sync 3 DAGs
[2025-04-11T12:43:53.279+0000] {logging_mixin.py:190} INFO - [2025-04-11T12:43:53.279+0000] {dag.py:4180} INFO - Setting next_dagrun for example_branch_datetime_operator to 2025-04-10 00:00:00+00:00, run_after=2025-04-11 00:00:00+00:00
[2025-04-11T12:43:53.288+0000] {logging_mixin.py:190} INFO - [2025-04-11T12:43:53.288+0000] {dag.py:4180} INFO - Setting next_dagrun for example_branch_datetime_operator_2 to 2025-04-10 00:00:00+00:00, run_after=2025-04-11 00:00:00+00:00
[2025-04-11T12:43:53.293+0000] {logging_mixin.py:190} INFO - [2025-04-11T12:43:53.293+0000] {dag.py:4180} INFO - Setting next_dagrun for example_branch_datetime_operator_3 to 2025-04-10 00:00:00+00:00, run_after=2025-04-11 00:00:00+00:00
[2025-04-11T12:43:53.322+0000] {processor.py:208} INFO - Processing /home/airflow/.local/lib/python3.12/site-packages/airflow/example_dags/example_branch_datetime_operator.py took 0.150 seconds
[2025-04-11T12:44:23.646+0000] {processor.py:186} INFO - Started process (PID=79968) to work on /home/airflow/.local/lib/python3.12/site-packages/airflow/example_dags/example_branch_datetime_operator.py
[2025-04-11T12:44:23.648+0000] {processor.py:914} INFO - Processing file /home/airflow/.local/lib/python3.12/site-packages/airflow/example_dags/example_branch_datetime_operator.py for tasks to queue
[2025-04-11T12:44:23.651+0000] {logging_mixin.py:190} INFO - [2025-04-11T12:44:23.650+0000] {dagbag.py:588} INFO - Filling up the DagBag from /home/airflow/.local/lib/python3.12/site-packages/airflow/example_dags/example_branch_datetime_operator.py
[2025-04-11T12:44:23.669+0000] {processor.py:925} INFO - DAG(s) 'example_branch_datetime_operator_2', 'example_branch_datetime_operator_3', 'example_branch_datetime_operator' retrieved from /home/airflow/.local/lib/python3.12/site-packages/airflow/example_dags/example_branch_datetime_operator.py
[2025-04-11T12:44:23.711+0000] {logging_mixin.py:190} INFO - [2025-04-11T12:44:23.711+0000] {dag.py:3239} INFO - Sync 3 DAGs
[2025-04-11T12:44:23.751+0000] {logging_mixin.py:190} INFO - [2025-04-11T12:44:23.750+0000] {dag.py:4180} INFO - Setting next_dagrun for example_branch_datetime_operator to 2025-04-10 00:00:00+00:00, run_after=2025-04-11 00:00:00+00:00
[2025-04-11T12:44:23.760+0000] {logging_mixin.py:190} INFO - [2025-04-11T12:44:23.759+0000] {dag.py:4180} INFO - Setting next_dagrun for example_branch_datetime_operator_2 to 2025-04-10 00:00:00+00:00, run_after=2025-04-11 00:00:00+00:00
[2025-04-11T12:44:23.764+0000] {logging_mixin.py:190} INFO - [2025-04-11T12:44:23.763+0000] {dag.py:4180} INFO - Setting next_dagrun for example_branch_datetime_operator_3 to 2025-04-10 00:00:00+00:00, run_after=2025-04-11 00:00:00+00:00
[2025-04-11T12:44:23.806+0000] {processor.py:208} INFO - Processing /home/airflow/.local/lib/python3.12/site-packages/airflow/example_dags/example_branch_datetime_operator.py took 0.168 seconds
[2025-04-11T12:44:54.075+0000] {processor.py:186} INFO - Started process (PID=80033) to work on /home/airflow/.local/lib/python3.12/site-packages/airflow/example_dags/example_branch_datetime_operator.py
[2025-04-11T12:44:54.077+0000] {processor.py:914} INFO - Processing file /home/airflow/.local/lib/python3.12/site-packages/airflow/example_dags/example_branch_datetime_operator.py for tasks to queue
[2025-04-11T12:44:54.080+0000] {logging_mixin.py:190} INFO - [2025-04-11T12:44:54.079+0000] {dagbag.py:588} INFO - Filling up the DagBag from /home/airflow/.local/lib/python3.12/site-packages/airflow/example_dags/example_branch_datetime_operator.py
[2025-04-11T12:44:54.098+0000] {processor.py:925} INFO - DAG(s) 'example_branch_datetime_operator_3', 'example_branch_datetime_operator', 'example_branch_datetime_operator_2' retrieved from /home/airflow/.local/lib/python3.12/site-packages/airflow/example_dags/example_branch_datetime_operator.py
[2025-04-11T12:44:54.145+0000] {logging_mixin.py:190} INFO - [2025-04-11T12:44:54.144+0000] {dag.py:3239} INFO - Sync 3 DAGs
[2025-04-11T12:44:54.184+0000] {logging_mixin.py:190} INFO - [2025-04-11T12:44:54.183+0000] {dag.py:4180} INFO - Setting next_dagrun for example_branch_datetime_operator to 2025-04-10 00:00:00+00:00, run_after=2025-04-11 00:00:00+00:00
[2025-04-11T12:44:54.192+0000] {logging_mixin.py:190} INFO - [2025-04-11T12:44:54.191+0000] {dag.py:4180} INFO - Setting next_dagrun for example_branch_datetime_operator_2 to 2025-04-10 00:00:00+00:00, run_after=2025-04-11 00:00:00+00:00
[2025-04-11T12:44:54.196+0000] {logging_mixin.py:190} INFO - [2025-04-11T12:44:54.195+0000] {dag.py:4180} INFO - Setting next_dagrun for example_branch_datetime_operator_3 to 2025-04-10 00:00:00+00:00, run_after=2025-04-11 00:00:00+00:00
[2025-04-11T12:44:54.225+0000] {processor.py:208} INFO - Processing /home/airflow/.local/lib/python3.12/site-packages/airflow/example_dags/example_branch_datetime_operator.py took 0.158 seconds
[2025-04-11T12:45:24.640+0000] {processor.py:186} INFO - Started process (PID=80095) to work on /home/airflow/.local/lib/python3.12/site-packages/airflow/example_dags/example_branch_datetime_operator.py
[2025-04-11T12:45:24.642+0000] {processor.py:914} INFO - Processing file /home/airflow/.local/lib/python3.12/site-packages/airflow/example_dags/example_branch_datetime_operator.py for tasks to queue
[2025-04-11T12:45:24.644+0000] {logging_mixin.py:190} INFO - [2025-04-11T12:45:24.644+0000] {dagbag.py:588} INFO - Filling up the DagBag from /home/airflow/.local/lib/python3.12/site-packages/airflow/example_dags/example_branch_datetime_operator.py
[2025-04-11T12:45:24.663+0000] {processor.py:925} INFO - DAG(s) 'example_branch_datetime_operator_2', 'example_branch_datetime_operator_3', 'example_branch_datetime_operator' retrieved from /home/airflow/.local/lib/python3.12/site-packages/airflow/example_dags/example_branch_datetime_operator.py
[2025-04-11T12:45:24.750+0000] {logging_mixin.py:190} INFO - [2025-04-11T12:45:24.749+0000] {dag.py:3239} INFO - Sync 3 DAGs
[2025-04-11T12:45:24.813+0000] {logging_mixin.py:190} INFO - [2025-04-11T12:45:24.813+0000] {dag.py:4180} INFO - Setting next_dagrun for example_branch_datetime_operator to 2025-04-10 00:00:00+00:00, run_after=2025-04-11 00:00:00+00:00
[2025-04-11T12:45:24.830+0000] {logging_mixin.py:190} INFO - [2025-04-11T12:45:24.830+0000] {dag.py:4180} INFO - Setting next_dagrun for example_branch_datetime_operator_2 to 2025-04-10 00:00:00+00:00, run_after=2025-04-11 00:00:00+00:00
[2025-04-11T12:45:24.836+0000] {logging_mixin.py:190} INFO - [2025-04-11T12:45:24.835+0000] {dag.py:4180} INFO - Setting next_dagrun for example_branch_datetime_operator_3 to 2025-04-10 00:00:00+00:00, run_after=2025-04-11 00:00:00+00:00
[2025-04-11T12:45:24.875+0000] {processor.py:208} INFO - Processing /home/airflow/.local/lib/python3.12/site-packages/airflow/example_dags/example_branch_datetime_operator.py took 0.243 seconds
[2025-04-11T12:45:55.147+0000] {processor.py:186} INFO - Started process (PID=80160) to work on /home/airflow/.local/lib/python3.12/site-packages/airflow/example_dags/example_branch_datetime_operator.py
[2025-04-11T12:45:55.149+0000] {processor.py:914} INFO - Processing file /home/airflow/.local/lib/python3.12/site-packages/airflow/example_dags/example_branch_datetime_operator.py for tasks to queue
[2025-04-11T12:45:55.152+0000] {logging_mixin.py:190} INFO - [2025-04-11T12:45:55.151+0000] {dagbag.py:588} INFO - Filling up the DagBag from /home/airflow/.local/lib/python3.12/site-packages/airflow/example_dags/example_branch_datetime_operator.py
[2025-04-11T12:45:55.169+0000] {processor.py:925} INFO - DAG(s) 'example_branch_datetime_operator_3', 'example_branch_datetime_operator_2', 'example_branch_datetime_operator' retrieved from /home/airflow/.local/lib/python3.12/site-packages/airflow/example_dags/example_branch_datetime_operator.py
[2025-04-11T12:45:55.209+0000] {logging_mixin.py:190} INFO - [2025-04-11T12:45:55.208+0000] {dag.py:3239} INFO - Sync 3 DAGs
[2025-04-11T12:45:55.242+0000] {logging_mixin.py:190} INFO - [2025-04-11T12:45:55.241+0000] {dag.py:4180} INFO - Setting next_dagrun for example_branch_datetime_operator to 2025-04-10 00:00:00+00:00, run_after=2025-04-11 00:00:00+00:00
[2025-04-11T12:45:55.249+0000] {logging_mixin.py:190} INFO - [2025-04-11T12:45:55.249+0000] {dag.py:4180} INFO - Setting next_dagrun for example_branch_datetime_operator_2 to 2025-04-10 00:00:00+00:00, run_after=2025-04-11 00:00:00+00:00
[2025-04-11T12:45:55.253+0000] {logging_mixin.py:190} INFO - [2025-04-11T12:45:55.253+0000] {dag.py:4180} INFO - Setting next_dagrun for example_branch_datetime_operator_3 to 2025-04-10 00:00:00+00:00, run_after=2025-04-11 00:00:00+00:00
[2025-04-11T12:45:55.283+0000] {processor.py:208} INFO - Processing /home/airflow/.local/lib/python3.12/site-packages/airflow/example_dags/example_branch_datetime_operator.py took 0.144 seconds
[2025-04-11T12:46:26.208+0000] {processor.py:186} INFO - Started process (PID=80225) to work on /home/airflow/.local/lib/python3.12/site-packages/airflow/example_dags/example_branch_datetime_operator.py
[2025-04-11T12:46:26.210+0000] {processor.py:914} INFO - Processing file /home/airflow/.local/lib/python3.12/site-packages/airflow/example_dags/example_branch_datetime_operator.py for tasks to queue
[2025-04-11T12:46:26.212+0000] {logging_mixin.py:190} INFO - [2025-04-11T12:46:26.212+0000] {dagbag.py:588} INFO - Filling up the DagBag from /home/airflow/.local/lib/python3.12/site-packages/airflow/example_dags/example_branch_datetime_operator.py
[2025-04-11T12:46:26.232+0000] {processor.py:925} INFO - DAG(s) 'example_branch_datetime_operator_2', 'example_branch_datetime_operator_3', 'example_branch_datetime_operator' retrieved from /home/airflow/.local/lib/python3.12/site-packages/airflow/example_dags/example_branch_datetime_operator.py
[2025-04-11T12:46:26.275+0000] {logging_mixin.py:190} INFO - [2025-04-11T12:46:26.275+0000] {dag.py:3239} INFO - Sync 3 DAGs
[2025-04-11T12:46:26.311+0000] {logging_mixin.py:190} INFO - [2025-04-11T12:46:26.310+0000] {dag.py:4180} INFO - Setting next_dagrun for example_branch_datetime_operator to 2025-04-10 00:00:00+00:00, run_after=2025-04-11 00:00:00+00:00
[2025-04-11T12:46:26.318+0000] {logging_mixin.py:190} INFO - [2025-04-11T12:46:26.318+0000] {dag.py:4180} INFO - Setting next_dagrun for example_branch_datetime_operator_2 to 2025-04-10 00:00:00+00:00, run_after=2025-04-11 00:00:00+00:00
[2025-04-11T12:46:26.323+0000] {logging_mixin.py:190} INFO - [2025-04-11T12:46:26.322+0000] {dag.py:4180} INFO - Setting next_dagrun for example_branch_datetime_operator_3 to 2025-04-10 00:00:00+00:00, run_after=2025-04-11 00:00:00+00:00
[2025-04-11T12:46:26.360+0000] {processor.py:208} INFO - Processing /home/airflow/.local/lib/python3.12/site-packages/airflow/example_dags/example_branch_datetime_operator.py took 0.162 seconds
[2025-04-11T12:46:57.054+0000] {processor.py:186} INFO - Started process (PID=80290) to work on /home/airflow/.local/lib/python3.12/site-packages/airflow/example_dags/example_branch_datetime_operator.py
[2025-04-11T12:46:57.055+0000] {processor.py:914} INFO - Processing file /home/airflow/.local/lib/python3.12/site-packages/airflow/example_dags/example_branch_datetime_operator.py for tasks to queue
[2025-04-11T12:46:57.058+0000] {logging_mixin.py:190} INFO - [2025-04-11T12:46:57.057+0000] {dagbag.py:588} INFO - Filling up the DagBag from /home/airflow/.local/lib/python3.12/site-packages/airflow/example_dags/example_branch_datetime_operator.py
[2025-04-11T12:46:57.080+0000] {processor.py:925} INFO - DAG(s) 'example_branch_datetime_operator', 'example_branch_datetime_operator_2', 'example_branch_datetime_operator_3' retrieved from /home/airflow/.local/lib/python3.12/site-packages/airflow/example_dags/example_branch_datetime_operator.py
[2025-04-11T12:46:57.124+0000] {logging_mixin.py:190} INFO - [2025-04-11T12:46:57.124+0000] {dag.py:3239} INFO - Sync 3 DAGs
[2025-04-11T12:46:57.162+0000] {logging_mixin.py:190} INFO - [2025-04-11T12:46:57.161+0000] {dag.py:4180} INFO - Setting next_dagrun for example_branch_datetime_operator to 2025-04-10 00:00:00+00:00, run_after=2025-04-11 00:00:00+00:00
[2025-04-11T12:46:57.168+0000] {logging_mixin.py:190} INFO - [2025-04-11T12:46:57.168+0000] {dag.py:4180} INFO - Setting next_dagrun for example_branch_datetime_operator_2 to 2025-04-10 00:00:00+00:00, run_after=2025-04-11 00:00:00+00:00
[2025-04-11T12:46:57.172+0000] {logging_mixin.py:190} INFO - [2025-04-11T12:46:57.172+0000] {dag.py:4180} INFO - Setting next_dagrun for example_branch_datetime_operator_3 to 2025-04-10 00:00:00+00:00, run_after=2025-04-11 00:00:00+00:00
[2025-04-11T12:46:57.203+0000] {processor.py:208} INFO - Processing /home/airflow/.local/lib/python3.12/site-packages/airflow/example_dags/example_branch_datetime_operator.py took 0.158 seconds
[2025-04-11T12:47:27.818+0000] {processor.py:186} INFO - Started process (PID=80355) to work on /home/airflow/.local/lib/python3.12/site-packages/airflow/example_dags/example_branch_datetime_operator.py
[2025-04-11T12:47:27.820+0000] {processor.py:914} INFO - Processing file /home/airflow/.local/lib/python3.12/site-packages/airflow/example_dags/example_branch_datetime_operator.py for tasks to queue
[2025-04-11T12:47:27.822+0000] {logging_mixin.py:190} INFO - [2025-04-11T12:47:27.822+0000] {dagbag.py:588} INFO - Filling up the DagBag from /home/airflow/.local/lib/python3.12/site-packages/airflow/example_dags/example_branch_datetime_operator.py
[2025-04-11T12:47:27.844+0000] {processor.py:925} INFO - DAG(s) 'example_branch_datetime_operator_3', 'example_branch_datetime_operator', 'example_branch_datetime_operator_2' retrieved from /home/airflow/.local/lib/python3.12/site-packages/airflow/example_dags/example_branch_datetime_operator.py
[2025-04-11T12:47:27.888+0000] {logging_mixin.py:190} INFO - [2025-04-11T12:47:27.887+0000] {dag.py:3239} INFO - Sync 3 DAGs
[2025-04-11T12:47:27.931+0000] {logging_mixin.py:190} INFO - [2025-04-11T12:47:27.931+0000] {dag.py:4180} INFO - Setting next_dagrun for example_branch_datetime_operator to 2025-04-10 00:00:00+00:00, run_after=2025-04-11 00:00:00+00:00
[2025-04-11T12:47:27.941+0000] {logging_mixin.py:190} INFO - [2025-04-11T12:47:27.940+0000] {dag.py:4180} INFO - Setting next_dagrun for example_branch_datetime_operator_2 to 2025-04-10 00:00:00+00:00, run_after=2025-04-11 00:00:00+00:00
[2025-04-11T12:47:27.946+0000] {logging_mixin.py:190} INFO - [2025-04-11T12:47:27.945+0000] {dag.py:4180} INFO - Setting next_dagrun for example_branch_datetime_operator_3 to 2025-04-10 00:00:00+00:00, run_after=2025-04-11 00:00:00+00:00
[2025-04-11T12:47:27.979+0000] {processor.py:208} INFO - Processing /home/airflow/.local/lib/python3.12/site-packages/airflow/example_dags/example_branch_datetime_operator.py took 0.171 seconds
[2025-04-11T12:47:58.194+0000] {processor.py:186} INFO - Started process (PID=80420) to work on /home/airflow/.local/lib/python3.12/site-packages/airflow/example_dags/example_branch_datetime_operator.py
[2025-04-11T12:47:58.196+0000] {processor.py:914} INFO - Processing file /home/airflow/.local/lib/python3.12/site-packages/airflow/example_dags/example_branch_datetime_operator.py for tasks to queue
[2025-04-11T12:47:58.199+0000] {logging_mixin.py:190} INFO - [2025-04-11T12:47:58.198+0000] {dagbag.py:588} INFO - Filling up the DagBag from /home/airflow/.local/lib/python3.12/site-packages/airflow/example_dags/example_branch_datetime_operator.py
[2025-04-11T12:47:58.218+0000] {processor.py:925} INFO - DAG(s) 'example_branch_datetime_operator_2', 'example_branch_datetime_operator', 'example_branch_datetime_operator_3' retrieved from /home/airflow/.local/lib/python3.12/site-packages/airflow/example_dags/example_branch_datetime_operator.py
[2025-04-11T12:47:58.262+0000] {logging_mixin.py:190} INFO - [2025-04-11T12:47:58.262+0000] {dag.py:3239} INFO - Sync 3 DAGs
[2025-04-11T12:47:58.295+0000] {logging_mixin.py:190} INFO - [2025-04-11T12:47:58.295+0000] {dag.py:4180} INFO - Setting next_dagrun for example_branch_datetime_operator to 2025-04-10 00:00:00+00:00, run_after=2025-04-11 00:00:00+00:00
[2025-04-11T12:47:58.303+0000] {logging_mixin.py:190} INFO - [2025-04-11T12:47:58.303+0000] {dag.py:4180} INFO - Setting next_dagrun for example_branch_datetime_operator_2 to 2025-04-10 00:00:00+00:00, run_after=2025-04-11 00:00:00+00:00
[2025-04-11T12:47:58.308+0000] {logging_mixin.py:190} INFO - [2025-04-11T12:47:58.308+0000] {dag.py:4180} INFO - Setting next_dagrun for example_branch_datetime_operator_3 to 2025-04-10 00:00:00+00:00, run_after=2025-04-11 00:00:00+00:00
[2025-04-11T12:47:58.335+0000] {processor.py:208} INFO - Processing /home/airflow/.local/lib/python3.12/site-packages/airflow/example_dags/example_branch_datetime_operator.py took 0.154 seconds
[2025-04-11T12:48:28.747+0000] {processor.py:186} INFO - Started process (PID=80485) to work on /home/airflow/.local/lib/python3.12/site-packages/airflow/example_dags/example_branch_datetime_operator.py
[2025-04-11T12:48:28.749+0000] {processor.py:914} INFO - Processing file /home/airflow/.local/lib/python3.12/site-packages/airflow/example_dags/example_branch_datetime_operator.py for tasks to queue
[2025-04-11T12:48:28.752+0000] {logging_mixin.py:190} INFO - [2025-04-11T12:48:28.752+0000] {dagbag.py:588} INFO - Filling up the DagBag from /home/airflow/.local/lib/python3.12/site-packages/airflow/example_dags/example_branch_datetime_operator.py
[2025-04-11T12:48:28.774+0000] {processor.py:925} INFO - DAG(s) 'example_branch_datetime_operator', 'example_branch_datetime_operator_2', 'example_branch_datetime_operator_3' retrieved from /home/airflow/.local/lib/python3.12/site-packages/airflow/example_dags/example_branch_datetime_operator.py
[2025-04-11T12:48:28.817+0000] {logging_mixin.py:190} INFO - [2025-04-11T12:48:28.816+0000] {dag.py:3239} INFO - Sync 3 DAGs
[2025-04-11T12:48:28.850+0000] {logging_mixin.py:190} INFO - [2025-04-11T12:48:28.849+0000] {dag.py:4180} INFO - Setting next_dagrun for example_branch_datetime_operator to 2025-04-10 00:00:00+00:00, run_after=2025-04-11 00:00:00+00:00
[2025-04-11T12:48:28.857+0000] {logging_mixin.py:190} INFO - [2025-04-11T12:48:28.857+0000] {dag.py:4180} INFO - Setting next_dagrun for example_branch_datetime_operator_2 to 2025-04-10 00:00:00+00:00, run_after=2025-04-11 00:00:00+00:00
[2025-04-11T12:48:28.861+0000] {logging_mixin.py:190} INFO - [2025-04-11T12:48:28.861+0000] {dag.py:4180} INFO - Setting next_dagrun for example_branch_datetime_operator_3 to 2025-04-10 00:00:00+00:00, run_after=2025-04-11 00:00:00+00:00
[2025-04-11T12:48:28.892+0000] {processor.py:208} INFO - Processing /home/airflow/.local/lib/python3.12/site-packages/airflow/example_dags/example_branch_datetime_operator.py took 0.152 seconds
[2025-04-11T12:48:59.430+0000] {processor.py:186} INFO - Started process (PID=80556) to work on /home/airflow/.local/lib/python3.12/site-packages/airflow/example_dags/example_branch_datetime_operator.py
[2025-04-11T12:48:59.431+0000] {processor.py:914} INFO - Processing file /home/airflow/.local/lib/python3.12/site-packages/airflow/example_dags/example_branch_datetime_operator.py for tasks to queue
[2025-04-11T12:48:59.434+0000] {logging_mixin.py:190} INFO - [2025-04-11T12:48:59.433+0000] {dagbag.py:588} INFO - Filling up the DagBag from /home/airflow/.local/lib/python3.12/site-packages/airflow/example_dags/example_branch_datetime_operator.py
[2025-04-11T12:48:59.454+0000] {processor.py:925} INFO - DAG(s) 'example_branch_datetime_operator', 'example_branch_datetime_operator_3', 'example_branch_datetime_operator_2' retrieved from /home/airflow/.local/lib/python3.12/site-packages/airflow/example_dags/example_branch_datetime_operator.py
[2025-04-11T12:48:59.494+0000] {logging_mixin.py:190} INFO - [2025-04-11T12:48:59.493+0000] {dag.py:3239} INFO - Sync 3 DAGs
[2025-04-11T12:48:59.529+0000] {logging_mixin.py:190} INFO - [2025-04-11T12:48:59.529+0000] {dag.py:4180} INFO - Setting next_dagrun for example_branch_datetime_operator to 2025-04-10 00:00:00+00:00, run_after=2025-04-11 00:00:00+00:00
[2025-04-11T12:48:59.537+0000] {logging_mixin.py:190} INFO - [2025-04-11T12:48:59.536+0000] {dag.py:4180} INFO - Setting next_dagrun for example_branch_datetime_operator_2 to 2025-04-10 00:00:00+00:00, run_after=2025-04-11 00:00:00+00:00
[2025-04-11T12:48:59.542+0000] {logging_mixin.py:190} INFO - [2025-04-11T12:48:59.541+0000] {dag.py:4180} INFO - Setting next_dagrun for example_branch_datetime_operator_3 to 2025-04-10 00:00:00+00:00, run_after=2025-04-11 00:00:00+00:00
[2025-04-11T12:48:59.572+0000] {processor.py:208} INFO - Processing /home/airflow/.local/lib/python3.12/site-packages/airflow/example_dags/example_branch_datetime_operator.py took 0.152 seconds
[2025-04-11T12:49:29.678+0000] {processor.py:186} INFO - Started process (PID=80621) to work on /home/airflow/.local/lib/python3.12/site-packages/airflow/example_dags/example_branch_datetime_operator.py
[2025-04-11T12:49:29.679+0000] {processor.py:914} INFO - Processing file /home/airflow/.local/lib/python3.12/site-packages/airflow/example_dags/example_branch_datetime_operator.py for tasks to queue
[2025-04-11T12:49:29.682+0000] {logging_mixin.py:190} INFO - [2025-04-11T12:49:29.681+0000] {dagbag.py:588} INFO - Filling up the DagBag from /home/airflow/.local/lib/python3.12/site-packages/airflow/example_dags/example_branch_datetime_operator.py
[2025-04-11T12:49:29.704+0000] {processor.py:925} INFO - DAG(s) 'example_branch_datetime_operator_2', 'example_branch_datetime_operator', 'example_branch_datetime_operator_3' retrieved from /home/airflow/.local/lib/python3.12/site-packages/airflow/example_dags/example_branch_datetime_operator.py
[2025-04-11T12:49:29.755+0000] {logging_mixin.py:190} INFO - [2025-04-11T12:49:29.754+0000] {dag.py:3239} INFO - Sync 3 DAGs
[2025-04-11T12:49:29.803+0000] {logging_mixin.py:190} INFO - [2025-04-11T12:49:29.803+0000] {dag.py:4180} INFO - Setting next_dagrun for example_branch_datetime_operator to 2025-04-10 00:00:00+00:00, run_after=2025-04-11 00:00:00+00:00
[2025-04-11T12:49:29.813+0000] {logging_mixin.py:190} INFO - [2025-04-11T12:49:29.812+0000] {dag.py:4180} INFO - Setting next_dagrun for example_branch_datetime_operator_2 to 2025-04-10 00:00:00+00:00, run_after=2025-04-11 00:00:00+00:00
[2025-04-11T12:49:29.819+0000] {logging_mixin.py:190} INFO - [2025-04-11T12:49:29.818+0000] {dag.py:4180} INFO - Setting next_dagrun for example_branch_datetime_operator_3 to 2025-04-10 00:00:00+00:00, run_after=2025-04-11 00:00:00+00:00
[2025-04-11T12:49:29.854+0000] {processor.py:208} INFO - Processing /home/airflow/.local/lib/python3.12/site-packages/airflow/example_dags/example_branch_datetime_operator.py took 0.185 seconds
[2025-04-11T12:50:00.001+0000] {processor.py:186} INFO - Started process (PID=80688) to work on /home/airflow/.local/lib/python3.12/site-packages/airflow/example_dags/example_branch_datetime_operator.py
[2025-04-11T12:50:00.002+0000] {processor.py:914} INFO - Processing file /home/airflow/.local/lib/python3.12/site-packages/airflow/example_dags/example_branch_datetime_operator.py for tasks to queue
[2025-04-11T12:50:00.006+0000] {logging_mixin.py:190} INFO - [2025-04-11T12:50:00.005+0000] {dagbag.py:588} INFO - Filling up the DagBag from /home/airflow/.local/lib/python3.12/site-packages/airflow/example_dags/example_branch_datetime_operator.py
[2025-04-11T12:50:00.035+0000] {processor.py:925} INFO - DAG(s) 'example_branch_datetime_operator', 'example_branch_datetime_operator_3', 'example_branch_datetime_operator_2' retrieved from /home/airflow/.local/lib/python3.12/site-packages/airflow/example_dags/example_branch_datetime_operator.py
[2025-04-11T12:50:00.084+0000] {logging_mixin.py:190} INFO - [2025-04-11T12:50:00.084+0000] {dag.py:3239} INFO - Sync 3 DAGs
[2025-04-11T12:50:00.132+0000] {logging_mixin.py:190} INFO - [2025-04-11T12:50:00.131+0000] {dag.py:4180} INFO - Setting next_dagrun for example_branch_datetime_operator to 2025-04-10 00:00:00+00:00, run_after=2025-04-11 00:00:00+00:00
[2025-04-11T12:50:00.145+0000] {logging_mixin.py:190} INFO - [2025-04-11T12:50:00.144+0000] {dag.py:4180} INFO - Setting next_dagrun for example_branch_datetime_operator_2 to 2025-04-10 00:00:00+00:00, run_after=2025-04-11 00:00:00+00:00
[2025-04-11T12:50:00.152+0000] {logging_mixin.py:190} INFO - [2025-04-11T12:50:00.151+0000] {dag.py:4180} INFO - Setting next_dagrun for example_branch_datetime_operator_3 to 2025-04-10 00:00:00+00:00, run_after=2025-04-11 00:00:00+00:00
[2025-04-11T12:50:00.189+0000] {processor.py:208} INFO - Processing /home/airflow/.local/lib/python3.12/site-packages/airflow/example_dags/example_branch_datetime_operator.py took 0.195 seconds
[2025-04-11T12:50:30.347+0000] {processor.py:186} INFO - Started process (PID=80752) to work on /home/airflow/.local/lib/python3.12/site-packages/airflow/example_dags/example_branch_datetime_operator.py
[2025-04-11T12:50:30.349+0000] {processor.py:914} INFO - Processing file /home/airflow/.local/lib/python3.12/site-packages/airflow/example_dags/example_branch_datetime_operator.py for tasks to queue
[2025-04-11T12:50:30.351+0000] {logging_mixin.py:190} INFO - [2025-04-11T12:50:30.350+0000] {dagbag.py:588} INFO - Filling up the DagBag from /home/airflow/.local/lib/python3.12/site-packages/airflow/example_dags/example_branch_datetime_operator.py
[2025-04-11T12:50:30.370+0000] {processor.py:925} INFO - DAG(s) 'example_branch_datetime_operator_2', 'example_branch_datetime_operator', 'example_branch_datetime_operator_3' retrieved from /home/airflow/.local/lib/python3.12/site-packages/airflow/example_dags/example_branch_datetime_operator.py
[2025-04-11T12:50:30.418+0000] {logging_mixin.py:190} INFO - [2025-04-11T12:50:30.417+0000] {dag.py:3239} INFO - Sync 3 DAGs
[2025-04-11T12:50:30.462+0000] {logging_mixin.py:190} INFO - [2025-04-11T12:50:30.461+0000] {dag.py:4180} INFO - Setting next_dagrun for example_branch_datetime_operator to 2025-04-10 00:00:00+00:00, run_after=2025-04-11 00:00:00+00:00
[2025-04-11T12:50:30.471+0000] {logging_mixin.py:190} INFO - [2025-04-11T12:50:30.470+0000] {dag.py:4180} INFO - Setting next_dagrun for example_branch_datetime_operator_2 to 2025-04-10 00:00:00+00:00, run_after=2025-04-11 00:00:00+00:00
[2025-04-11T12:50:30.476+0000] {logging_mixin.py:190} INFO - [2025-04-11T12:50:30.475+0000] {dag.py:4180} INFO - Setting next_dagrun for example_branch_datetime_operator_3 to 2025-04-10 00:00:00+00:00, run_after=2025-04-11 00:00:00+00:00
[2025-04-11T12:50:30.510+0000] {processor.py:208} INFO - Processing /home/airflow/.local/lib/python3.12/site-packages/airflow/example_dags/example_branch_datetime_operator.py took 0.172 seconds
[2025-04-11T12:51:01.142+0000] {processor.py:186} INFO - Started process (PID=80818) to work on /home/airflow/.local/lib/python3.12/site-packages/airflow/example_dags/example_branch_datetime_operator.py
[2025-04-11T12:51:01.144+0000] {processor.py:914} INFO - Processing file /home/airflow/.local/lib/python3.12/site-packages/airflow/example_dags/example_branch_datetime_operator.py for tasks to queue
[2025-04-11T12:51:01.148+0000] {logging_mixin.py:190} INFO - [2025-04-11T12:51:01.147+0000] {dagbag.py:588} INFO - Filling up the DagBag from /home/airflow/.local/lib/python3.12/site-packages/airflow/example_dags/example_branch_datetime_operator.py
[2025-04-11T12:51:01.174+0000] {processor.py:925} INFO - DAG(s) 'example_branch_datetime_operator', 'example_branch_datetime_operator_2', 'example_branch_datetime_operator_3' retrieved from /home/airflow/.local/lib/python3.12/site-packages/airflow/example_dags/example_branch_datetime_operator.py
[2025-04-11T12:51:01.225+0000] {logging_mixin.py:190} INFO - [2025-04-11T12:51:01.225+0000] {dag.py:3239} INFO - Sync 3 DAGs
[2025-04-11T12:51:01.278+0000] {logging_mixin.py:190} INFO - [2025-04-11T12:51:01.278+0000] {dag.py:4180} INFO - Setting next_dagrun for example_branch_datetime_operator to 2025-04-10 00:00:00+00:00, run_after=2025-04-11 00:00:00+00:00
[2025-04-11T12:51:01.287+0000] {logging_mixin.py:190} INFO - [2025-04-11T12:51:01.287+0000] {dag.py:4180} INFO - Setting next_dagrun for example_branch_datetime_operator_2 to 2025-04-10 00:00:00+00:00, run_after=2025-04-11 00:00:00+00:00
[2025-04-11T12:51:01.291+0000] {logging_mixin.py:190} INFO - [2025-04-11T12:51:01.291+0000] {dag.py:4180} INFO - Setting next_dagrun for example_branch_datetime_operator_3 to 2025-04-10 00:00:00+00:00, run_after=2025-04-11 00:00:00+00:00
[2025-04-11T12:51:01.333+0000] {processor.py:208} INFO - Processing /home/airflow/.local/lib/python3.12/site-packages/airflow/example_dags/example_branch_datetime_operator.py took 0.205 seconds
[2025-04-11T12:51:31.663+0000] {processor.py:186} INFO - Started process (PID=80882) to work on /home/airflow/.local/lib/python3.12/site-packages/airflow/example_dags/example_branch_datetime_operator.py
[2025-04-11T12:51:31.665+0000] {processor.py:914} INFO - Processing file /home/airflow/.local/lib/python3.12/site-packages/airflow/example_dags/example_branch_datetime_operator.py for tasks to queue
[2025-04-11T12:51:31.667+0000] {logging_mixin.py:190} INFO - [2025-04-11T12:51:31.667+0000] {dagbag.py:588} INFO - Filling up the DagBag from /home/airflow/.local/lib/python3.12/site-packages/airflow/example_dags/example_branch_datetime_operator.py
[2025-04-11T12:51:31.692+0000] {processor.py:925} INFO - DAG(s) 'example_branch_datetime_operator_2', 'example_branch_datetime_operator', 'example_branch_datetime_operator_3' retrieved from /home/airflow/.local/lib/python3.12/site-packages/airflow/example_dags/example_branch_datetime_operator.py
[2025-04-11T12:51:31.741+0000] {logging_mixin.py:190} INFO - [2025-04-11T12:51:31.741+0000] {dag.py:3239} INFO - Sync 3 DAGs
[2025-04-11T12:51:31.777+0000] {logging_mixin.py:190} INFO - [2025-04-11T12:51:31.777+0000] {dag.py:4180} INFO - Setting next_dagrun for example_branch_datetime_operator to 2025-04-10 00:00:00+00:00, run_after=2025-04-11 00:00:00+00:00
[2025-04-11T12:51:31.785+0000] {logging_mixin.py:190} INFO - [2025-04-11T12:51:31.785+0000] {dag.py:4180} INFO - Setting next_dagrun for example_branch_datetime_operator_2 to 2025-04-10 00:00:00+00:00, run_after=2025-04-11 00:00:00+00:00
[2025-04-11T12:51:31.790+0000] {logging_mixin.py:190} INFO - [2025-04-11T12:51:31.790+0000] {dag.py:4180} INFO - Setting next_dagrun for example_branch_datetime_operator_3 to 2025-04-10 00:00:00+00:00, run_after=2025-04-11 00:00:00+00:00
[2025-04-11T12:51:31.821+0000] {processor.py:208} INFO - Processing /home/airflow/.local/lib/python3.12/site-packages/airflow/example_dags/example_branch_datetime_operator.py took 0.166 seconds
[2025-04-11T12:52:01.981+0000] {processor.py:186} INFO - Started process (PID=80947) to work on /home/airflow/.local/lib/python3.12/site-packages/airflow/example_dags/example_branch_datetime_operator.py
[2025-04-11T12:52:01.982+0000] {processor.py:914} INFO - Processing file /home/airflow/.local/lib/python3.12/site-packages/airflow/example_dags/example_branch_datetime_operator.py for tasks to queue
[2025-04-11T12:52:01.987+0000] {logging_mixin.py:190} INFO - [2025-04-11T12:52:01.986+0000] {dagbag.py:588} INFO - Filling up the DagBag from /home/airflow/.local/lib/python3.12/site-packages/airflow/example_dags/example_branch_datetime_operator.py
[2025-04-11T12:52:02.019+0000] {processor.py:925} INFO - DAG(s) 'example_branch_datetime_operator_2', 'example_branch_datetime_operator_3', 'example_branch_datetime_operator' retrieved from /home/airflow/.local/lib/python3.12/site-packages/airflow/example_dags/example_branch_datetime_operator.py
[2025-04-11T12:52:02.071+0000] {logging_mixin.py:190} INFO - [2025-04-11T12:52:02.070+0000] {dag.py:3239} INFO - Sync 3 DAGs
[2025-04-11T12:52:02.127+0000] {logging_mixin.py:190} INFO - [2025-04-11T12:52:02.126+0000] {dag.py:4180} INFO - Setting next_dagrun for example_branch_datetime_operator to 2025-04-10 00:00:00+00:00, run_after=2025-04-11 00:00:00+00:00
[2025-04-11T12:52:02.137+0000] {logging_mixin.py:190} INFO - [2025-04-11T12:52:02.136+0000] {dag.py:4180} INFO - Setting next_dagrun for example_branch_datetime_operator_2 to 2025-04-10 00:00:00+00:00, run_after=2025-04-11 00:00:00+00:00
[2025-04-11T12:52:02.141+0000] {logging_mixin.py:190} INFO - [2025-04-11T12:52:02.141+0000] {dag.py:4180} INFO - Setting next_dagrun for example_branch_datetime_operator_3 to 2025-04-10 00:00:00+00:00, run_after=2025-04-11 00:00:00+00:00
[2025-04-11T12:52:02.180+0000] {processor.py:208} INFO - Processing /home/airflow/.local/lib/python3.12/site-packages/airflow/example_dags/example_branch_datetime_operator.py took 0.215 seconds
[2025-04-11T12:52:32.560+0000] {processor.py:186} INFO - Started process (PID=81012) to work on /home/airflow/.local/lib/python3.12/site-packages/airflow/example_dags/example_branch_datetime_operator.py
[2025-04-11T12:52:32.562+0000] {processor.py:914} INFO - Processing file /home/airflow/.local/lib/python3.12/site-packages/airflow/example_dags/example_branch_datetime_operator.py for tasks to queue
[2025-04-11T12:52:32.565+0000] {logging_mixin.py:190} INFO - [2025-04-11T12:52:32.564+0000] {dagbag.py:588} INFO - Filling up the DagBag from /home/airflow/.local/lib/python3.12/site-packages/airflow/example_dags/example_branch_datetime_operator.py
[2025-04-11T12:52:32.583+0000] {processor.py:925} INFO - DAG(s) 'example_branch_datetime_operator_3', 'example_branch_datetime_operator_2', 'example_branch_datetime_operator' retrieved from /home/airflow/.local/lib/python3.12/site-packages/airflow/example_dags/example_branch_datetime_operator.py
[2025-04-11T12:52:32.625+0000] {logging_mixin.py:190} INFO - [2025-04-11T12:52:32.624+0000] {dag.py:3239} INFO - Sync 3 DAGs
[2025-04-11T12:52:32.664+0000] {logging_mixin.py:190} INFO - [2025-04-11T12:52:32.663+0000] {dag.py:4180} INFO - Setting next_dagrun for example_branch_datetime_operator to 2025-04-10 00:00:00+00:00, run_after=2025-04-11 00:00:00+00:00
[2025-04-11T12:52:32.671+0000] {logging_mixin.py:190} INFO - [2025-04-11T12:52:32.671+0000] {dag.py:4180} INFO - Setting next_dagrun for example_branch_datetime_operator_2 to 2025-04-10 00:00:00+00:00, run_after=2025-04-11 00:00:00+00:00
[2025-04-11T12:52:32.676+0000] {logging_mixin.py:190} INFO - [2025-04-11T12:52:32.676+0000] {dag.py:4180} INFO - Setting next_dagrun for example_branch_datetime_operator_3 to 2025-04-10 00:00:00+00:00, run_after=2025-04-11 00:00:00+00:00
[2025-04-11T12:52:32.709+0000] {processor.py:208} INFO - Processing /home/airflow/.local/lib/python3.12/site-packages/airflow/example_dags/example_branch_datetime_operator.py took 0.158 seconds
[2025-04-11T12:53:02.862+0000] {processor.py:186} INFO - Started process (PID=81077) to work on /home/airflow/.local/lib/python3.12/site-packages/airflow/example_dags/example_branch_datetime_operator.py
[2025-04-11T12:53:02.864+0000] {processor.py:914} INFO - Processing file /home/airflow/.local/lib/python3.12/site-packages/airflow/example_dags/example_branch_datetime_operator.py for tasks to queue
[2025-04-11T12:53:02.866+0000] {logging_mixin.py:190} INFO - [2025-04-11T12:53:02.866+0000] {dagbag.py:588} INFO - Filling up the DagBag from /home/airflow/.local/lib/python3.12/site-packages/airflow/example_dags/example_branch_datetime_operator.py
[2025-04-11T12:53:02.883+0000] {processor.py:925} INFO - DAG(s) 'example_branch_datetime_operator', 'example_branch_datetime_operator_2', 'example_branch_datetime_operator_3' retrieved from /home/airflow/.local/lib/python3.12/site-packages/airflow/example_dags/example_branch_datetime_operator.py
[2025-04-11T12:53:02.931+0000] {logging_mixin.py:190} INFO - [2025-04-11T12:53:02.931+0000] {dag.py:3239} INFO - Sync 3 DAGs
[2025-04-11T12:53:02.968+0000] {logging_mixin.py:190} INFO - [2025-04-11T12:53:02.968+0000] {dag.py:4180} INFO - Setting next_dagrun for example_branch_datetime_operator to 2025-04-10 00:00:00+00:00, run_after=2025-04-11 00:00:00+00:00
[2025-04-11T12:53:02.976+0000] {logging_mixin.py:190} INFO - [2025-04-11T12:53:02.976+0000] {dag.py:4180} INFO - Setting next_dagrun for example_branch_datetime_operator_2 to 2025-04-10 00:00:00+00:00, run_after=2025-04-11 00:00:00+00:00
[2025-04-11T12:53:02.981+0000] {logging_mixin.py:190} INFO - [2025-04-11T12:53:02.981+0000] {dag.py:4180} INFO - Setting next_dagrun for example_branch_datetime_operator_3 to 2025-04-10 00:00:00+00:00, run_after=2025-04-11 00:00:00+00:00
[2025-04-11T12:53:03.008+0000] {processor.py:208} INFO - Processing /home/airflow/.local/lib/python3.12/site-packages/airflow/example_dags/example_branch_datetime_operator.py took 0.156 seconds
[2025-04-11T12:53:33.572+0000] {processor.py:186} INFO - Started process (PID=81141) to work on /home/airflow/.local/lib/python3.12/site-packages/airflow/example_dags/example_branch_datetime_operator.py
[2025-04-11T12:53:33.576+0000] {processor.py:914} INFO - Processing file /home/airflow/.local/lib/python3.12/site-packages/airflow/example_dags/example_branch_datetime_operator.py for tasks to queue
[2025-04-11T12:53:33.580+0000] {logging_mixin.py:190} INFO - [2025-04-11T12:53:33.579+0000] {dagbag.py:588} INFO - Filling up the DagBag from /home/airflow/.local/lib/python3.12/site-packages/airflow/example_dags/example_branch_datetime_operator.py
[2025-04-11T12:53:33.603+0000] {processor.py:925} INFO - DAG(s) 'example_branch_datetime_operator', 'example_branch_datetime_operator_3', 'example_branch_datetime_operator_2' retrieved from /home/airflow/.local/lib/python3.12/site-packages/airflow/example_dags/example_branch_datetime_operator.py
[2025-04-11T12:53:33.648+0000] {logging_mixin.py:190} INFO - [2025-04-11T12:53:33.648+0000] {dag.py:3239} INFO - Sync 3 DAGs
[2025-04-11T12:53:33.692+0000] {logging_mixin.py:190} INFO - [2025-04-11T12:53:33.691+0000] {dag.py:4180} INFO - Setting next_dagrun for example_branch_datetime_operator to 2025-04-10 00:00:00+00:00, run_after=2025-04-11 00:00:00+00:00
[2025-04-11T12:53:33.700+0000] {logging_mixin.py:190} INFO - [2025-04-11T12:53:33.700+0000] {dag.py:4180} INFO - Setting next_dagrun for example_branch_datetime_operator_2 to 2025-04-10 00:00:00+00:00, run_after=2025-04-11 00:00:00+00:00
[2025-04-11T12:53:33.705+0000] {logging_mixin.py:190} INFO - [2025-04-11T12:53:33.704+0000] {dag.py:4180} INFO - Setting next_dagrun for example_branch_datetime_operator_3 to 2025-04-10 00:00:00+00:00, run_after=2025-04-11 00:00:00+00:00
[2025-04-11T12:53:33.739+0000] {processor.py:208} INFO - Processing /home/airflow/.local/lib/python3.12/site-packages/airflow/example_dags/example_branch_datetime_operator.py took 0.174 seconds
[2025-04-11T12:54:03.810+0000] {processor.py:186} INFO - Started process (PID=81207) to work on /home/airflow/.local/lib/python3.12/site-packages/airflow/example_dags/example_branch_datetime_operator.py
[2025-04-11T12:54:03.812+0000] {processor.py:914} INFO - Processing file /home/airflow/.local/lib/python3.12/site-packages/airflow/example_dags/example_branch_datetime_operator.py for tasks to queue
[2025-04-11T12:54:03.814+0000] {logging_mixin.py:190} INFO - [2025-04-11T12:54:03.814+0000] {dagbag.py:588} INFO - Filling up the DagBag from /home/airflow/.local/lib/python3.12/site-packages/airflow/example_dags/example_branch_datetime_operator.py
[2025-04-11T12:54:03.830+0000] {processor.py:925} INFO - DAG(s) 'example_branch_datetime_operator_2', 'example_branch_datetime_operator_3', 'example_branch_datetime_operator' retrieved from /home/airflow/.local/lib/python3.12/site-packages/airflow/example_dags/example_branch_datetime_operator.py
[2025-04-11T12:54:03.869+0000] {logging_mixin.py:190} INFO - [2025-04-11T12:54:03.868+0000] {dag.py:3239} INFO - Sync 3 DAGs
[2025-04-11T12:54:03.902+0000] {logging_mixin.py:190} INFO - [2025-04-11T12:54:03.902+0000] {dag.py:4180} INFO - Setting next_dagrun for example_branch_datetime_operator to 2025-04-10 00:00:00+00:00, run_after=2025-04-11 00:00:00+00:00
[2025-04-11T12:54:03.911+0000] {logging_mixin.py:190} INFO - [2025-04-11T12:54:03.910+0000] {dag.py:4180} INFO - Setting next_dagrun for example_branch_datetime_operator_2 to 2025-04-10 00:00:00+00:00, run_after=2025-04-11 00:00:00+00:00
[2025-04-11T12:54:03.915+0000] {logging_mixin.py:190} INFO - [2025-04-11T12:54:03.915+0000] {dag.py:4180} INFO - Setting next_dagrun for example_branch_datetime_operator_3 to 2025-04-10 00:00:00+00:00, run_after=2025-04-11 00:00:00+00:00
[2025-04-11T12:54:03.946+0000] {processor.py:208} INFO - Processing /home/airflow/.local/lib/python3.12/site-packages/airflow/example_dags/example_branch_datetime_operator.py took 0.144 seconds
[2025-04-11T12:54:34.195+0000] {processor.py:186} INFO - Started process (PID=81272) to work on /home/airflow/.local/lib/python3.12/site-packages/airflow/example_dags/example_branch_datetime_operator.py
[2025-04-11T12:54:34.197+0000] {processor.py:914} INFO - Processing file /home/airflow/.local/lib/python3.12/site-packages/airflow/example_dags/example_branch_datetime_operator.py for tasks to queue
[2025-04-11T12:54:34.199+0000] {logging_mixin.py:190} INFO - [2025-04-11T12:54:34.199+0000] {dagbag.py:588} INFO - Filling up the DagBag from /home/airflow/.local/lib/python3.12/site-packages/airflow/example_dags/example_branch_datetime_operator.py
[2025-04-11T12:54:34.230+0000] {processor.py:925} INFO - DAG(s) 'example_branch_datetime_operator_2', 'example_branch_datetime_operator', 'example_branch_datetime_operator_3' retrieved from /home/airflow/.local/lib/python3.12/site-packages/airflow/example_dags/example_branch_datetime_operator.py
[2025-04-11T12:54:34.269+0000] {logging_mixin.py:190} INFO - [2025-04-11T12:54:34.268+0000] {dag.py:3239} INFO - Sync 3 DAGs
[2025-04-11T12:54:34.306+0000] {logging_mixin.py:190} INFO - [2025-04-11T12:54:34.306+0000] {dag.py:4180} INFO - Setting next_dagrun for example_branch_datetime_operator to 2025-04-10 00:00:00+00:00, run_after=2025-04-11 00:00:00+00:00
[2025-04-11T12:54:34.314+0000] {logging_mixin.py:190} INFO - [2025-04-11T12:54:34.314+0000] {dag.py:4180} INFO - Setting next_dagrun for example_branch_datetime_operator_2 to 2025-04-10 00:00:00+00:00, run_after=2025-04-11 00:00:00+00:00
[2025-04-11T12:54:34.318+0000] {logging_mixin.py:190} INFO - [2025-04-11T12:54:34.318+0000] {dag.py:4180} INFO - Setting next_dagrun for example_branch_datetime_operator_3 to 2025-04-10 00:00:00+00:00, run_after=2025-04-11 00:00:00+00:00
[2025-04-11T12:54:34.346+0000] {processor.py:208} INFO - Processing /home/airflow/.local/lib/python3.12/site-packages/airflow/example_dags/example_branch_datetime_operator.py took 0.157 seconds
[2025-04-11T12:55:04.566+0000] {processor.py:186} INFO - Started process (PID=81337) to work on /home/airflow/.local/lib/python3.12/site-packages/airflow/example_dags/example_branch_datetime_operator.py
[2025-04-11T12:55:04.568+0000] {processor.py:914} INFO - Processing file /home/airflow/.local/lib/python3.12/site-packages/airflow/example_dags/example_branch_datetime_operator.py for tasks to queue
[2025-04-11T12:55:04.572+0000] {logging_mixin.py:190} INFO - [2025-04-11T12:55:04.571+0000] {dagbag.py:588} INFO - Filling up the DagBag from /home/airflow/.local/lib/python3.12/site-packages/airflow/example_dags/example_branch_datetime_operator.py
[2025-04-11T12:55:04.592+0000] {processor.py:925} INFO - DAG(s) 'example_branch_datetime_operator_3', 'example_branch_datetime_operator_2', 'example_branch_datetime_operator' retrieved from /home/airflow/.local/lib/python3.12/site-packages/airflow/example_dags/example_branch_datetime_operator.py
[2025-04-11T12:55:04.636+0000] {logging_mixin.py:190} INFO - [2025-04-11T12:55:04.636+0000] {dag.py:3239} INFO - Sync 3 DAGs
[2025-04-11T12:55:04.676+0000] {logging_mixin.py:190} INFO - [2025-04-11T12:55:04.676+0000] {dag.py:4180} INFO - Setting next_dagrun for example_branch_datetime_operator to 2025-04-10 00:00:00+00:00, run_after=2025-04-11 00:00:00+00:00
[2025-04-11T12:55:04.686+0000] {logging_mixin.py:190} INFO - [2025-04-11T12:55:04.686+0000] {dag.py:4180} INFO - Setting next_dagrun for example_branch_datetime_operator_2 to 2025-04-10 00:00:00+00:00, run_after=2025-04-11 00:00:00+00:00
[2025-04-11T12:55:04.690+0000] {logging_mixin.py:190} INFO - [2025-04-11T12:55:04.690+0000] {dag.py:4180} INFO - Setting next_dagrun for example_branch_datetime_operator_3 to 2025-04-10 00:00:00+00:00, run_after=2025-04-11 00:00:00+00:00
[2025-04-11T12:55:04.721+0000] {processor.py:208} INFO - Processing /home/airflow/.local/lib/python3.12/site-packages/airflow/example_dags/example_branch_datetime_operator.py took 0.166 seconds
[2025-04-11T12:55:35.100+0000] {processor.py:186} INFO - Started process (PID=81402) to work on /home/airflow/.local/lib/python3.12/site-packages/airflow/example_dags/example_branch_datetime_operator.py
[2025-04-11T12:55:35.102+0000] {processor.py:914} INFO - Processing file /home/airflow/.local/lib/python3.12/site-packages/airflow/example_dags/example_branch_datetime_operator.py for tasks to queue
[2025-04-11T12:55:35.105+0000] {logging_mixin.py:190} INFO - [2025-04-11T12:55:35.104+0000] {dagbag.py:588} INFO - Filling up the DagBag from /home/airflow/.local/lib/python3.12/site-packages/airflow/example_dags/example_branch_datetime_operator.py
[2025-04-11T12:55:35.123+0000] {processor.py:925} INFO - DAG(s) 'example_branch_datetime_operator_2', 'example_branch_datetime_operator_3', 'example_branch_datetime_operator' retrieved from /home/airflow/.local/lib/python3.12/site-packages/airflow/example_dags/example_branch_datetime_operator.py
[2025-04-11T12:55:35.168+0000] {logging_mixin.py:190} INFO - [2025-04-11T12:55:35.167+0000] {dag.py:3239} INFO - Sync 3 DAGs
[2025-04-11T12:55:35.204+0000] {logging_mixin.py:190} INFO - [2025-04-11T12:55:35.204+0000] {dag.py:4180} INFO - Setting next_dagrun for example_branch_datetime_operator to 2025-04-10 00:00:00+00:00, run_after=2025-04-11 00:00:00+00:00
[2025-04-11T12:55:35.213+0000] {logging_mixin.py:190} INFO - [2025-04-11T12:55:35.213+0000] {dag.py:4180} INFO - Setting next_dagrun for example_branch_datetime_operator_2 to 2025-04-10 00:00:00+00:00, run_after=2025-04-11 00:00:00+00:00
[2025-04-11T12:55:35.219+0000] {logging_mixin.py:190} INFO - [2025-04-11T12:55:35.218+0000] {dag.py:4180} INFO - Setting next_dagrun for example_branch_datetime_operator_3 to 2025-04-10 00:00:00+00:00, run_after=2025-04-11 00:00:00+00:00
[2025-04-11T12:55:35.254+0000] {processor.py:208} INFO - Processing /home/airflow/.local/lib/python3.12/site-packages/airflow/example_dags/example_branch_datetime_operator.py took 0.161 seconds
[2025-04-11T12:56:06.156+0000] {processor.py:186} INFO - Started process (PID=81466) to work on /home/airflow/.local/lib/python3.12/site-packages/airflow/example_dags/example_branch_datetime_operator.py
[2025-04-11T12:56:06.157+0000] {processor.py:914} INFO - Processing file /home/airflow/.local/lib/python3.12/site-packages/airflow/example_dags/example_branch_datetime_operator.py for tasks to queue
[2025-04-11T12:56:06.160+0000] {logging_mixin.py:190} INFO - [2025-04-11T12:56:06.159+0000] {dagbag.py:588} INFO - Filling up the DagBag from /home/airflow/.local/lib/python3.12/site-packages/airflow/example_dags/example_branch_datetime_operator.py
[2025-04-11T12:56:06.175+0000] {processor.py:925} INFO - DAG(s) 'example_branch_datetime_operator_3', 'example_branch_datetime_operator', 'example_branch_datetime_operator_2' retrieved from /home/airflow/.local/lib/python3.12/site-packages/airflow/example_dags/example_branch_datetime_operator.py
[2025-04-11T12:56:06.221+0000] {logging_mixin.py:190} INFO - [2025-04-11T12:56:06.221+0000] {dag.py:3239} INFO - Sync 3 DAGs
[2025-04-11T12:56:06.263+0000] {logging_mixin.py:190} INFO - [2025-04-11T12:56:06.262+0000] {dag.py:4180} INFO - Setting next_dagrun for example_branch_datetime_operator to 2025-04-10 00:00:00+00:00, run_after=2025-04-11 00:00:00+00:00
[2025-04-11T12:56:06.271+0000] {logging_mixin.py:190} INFO - [2025-04-11T12:56:06.271+0000] {dag.py:4180} INFO - Setting next_dagrun for example_branch_datetime_operator_2 to 2025-04-10 00:00:00+00:00, run_after=2025-04-11 00:00:00+00:00
[2025-04-11T12:56:06.275+0000] {logging_mixin.py:190} INFO - [2025-04-11T12:56:06.275+0000] {dag.py:4180} INFO - Setting next_dagrun for example_branch_datetime_operator_3 to 2025-04-10 00:00:00+00:00, run_after=2025-04-11 00:00:00+00:00
[2025-04-11T12:56:06.306+0000] {processor.py:208} INFO - Processing /home/airflow/.local/lib/python3.12/site-packages/airflow/example_dags/example_branch_datetime_operator.py took 0.158 seconds
[2025-04-11T12:56:36.393+0000] {processor.py:186} INFO - Started process (PID=81531) to work on /home/airflow/.local/lib/python3.12/site-packages/airflow/example_dags/example_branch_datetime_operator.py
[2025-04-11T12:56:36.395+0000] {processor.py:914} INFO - Processing file /home/airflow/.local/lib/python3.12/site-packages/airflow/example_dags/example_branch_datetime_operator.py for tasks to queue
[2025-04-11T12:56:36.397+0000] {logging_mixin.py:190} INFO - [2025-04-11T12:56:36.397+0000] {dagbag.py:588} INFO - Filling up the DagBag from /home/airflow/.local/lib/python3.12/site-packages/airflow/example_dags/example_branch_datetime_operator.py
[2025-04-11T12:56:36.415+0000] {processor.py:925} INFO - DAG(s) 'example_branch_datetime_operator_3', 'example_branch_datetime_operator', 'example_branch_datetime_operator_2' retrieved from /home/airflow/.local/lib/python3.12/site-packages/airflow/example_dags/example_branch_datetime_operator.py
[2025-04-11T12:56:36.459+0000] {logging_mixin.py:190} INFO - [2025-04-11T12:56:36.459+0000] {dag.py:3239} INFO - Sync 3 DAGs
[2025-04-11T12:56:36.495+0000] {logging_mixin.py:190} INFO - [2025-04-11T12:56:36.495+0000] {dag.py:4180} INFO - Setting next_dagrun for example_branch_datetime_operator to 2025-04-10 00:00:00+00:00, run_after=2025-04-11 00:00:00+00:00
[2025-04-11T12:56:36.502+0000] {logging_mixin.py:190} INFO - [2025-04-11T12:56:36.502+0000] {dag.py:4180} INFO - Setting next_dagrun for example_branch_datetime_operator_2 to 2025-04-10 00:00:00+00:00, run_after=2025-04-11 00:00:00+00:00
[2025-04-11T12:56:36.507+0000] {logging_mixin.py:190} INFO - [2025-04-11T12:56:36.507+0000] {dag.py:4180} INFO - Setting next_dagrun for example_branch_datetime_operator_3 to 2025-04-10 00:00:00+00:00, run_after=2025-04-11 00:00:00+00:00
[2025-04-11T12:56:36.538+0000] {processor.py:208} INFO - Processing /home/airflow/.local/lib/python3.12/site-packages/airflow/example_dags/example_branch_datetime_operator.py took 0.153 seconds
[2025-04-11T12:57:06.996+0000] {processor.py:186} INFO - Started process (PID=81596) to work on /home/airflow/.local/lib/python3.12/site-packages/airflow/example_dags/example_branch_datetime_operator.py
[2025-04-11T12:57:06.998+0000] {processor.py:914} INFO - Processing file /home/airflow/.local/lib/python3.12/site-packages/airflow/example_dags/example_branch_datetime_operator.py for tasks to queue
[2025-04-11T12:57:07.001+0000] {logging_mixin.py:190} INFO - [2025-04-11T12:57:07.000+0000] {dagbag.py:588} INFO - Filling up the DagBag from /home/airflow/.local/lib/python3.12/site-packages/airflow/example_dags/example_branch_datetime_operator.py
[2025-04-11T12:57:07.024+0000] {processor.py:925} INFO - DAG(s) 'example_branch_datetime_operator_2', 'example_branch_datetime_operator', 'example_branch_datetime_operator_3' retrieved from /home/airflow/.local/lib/python3.12/site-packages/airflow/example_dags/example_branch_datetime_operator.py
[2025-04-11T12:57:07.068+0000] {logging_mixin.py:190} INFO - [2025-04-11T12:57:07.068+0000] {dag.py:3239} INFO - Sync 3 DAGs
[2025-04-11T12:57:07.111+0000] {logging_mixin.py:190} INFO - [2025-04-11T12:57:07.110+0000] {dag.py:4180} INFO - Setting next_dagrun for example_branch_datetime_operator to 2025-04-10 00:00:00+00:00, run_after=2025-04-11 00:00:00+00:00
[2025-04-11T12:57:07.120+0000] {logging_mixin.py:190} INFO - [2025-04-11T12:57:07.119+0000] {dag.py:4180} INFO - Setting next_dagrun for example_branch_datetime_operator_2 to 2025-04-10 00:00:00+00:00, run_after=2025-04-11 00:00:00+00:00
[2025-04-11T12:57:07.124+0000] {logging_mixin.py:190} INFO - [2025-04-11T12:57:07.124+0000] {dag.py:4180} INFO - Setting next_dagrun for example_branch_datetime_operator_3 to 2025-04-10 00:00:00+00:00, run_after=2025-04-11 00:00:00+00:00
[2025-04-11T12:57:07.156+0000] {processor.py:208} INFO - Processing /home/airflow/.local/lib/python3.12/site-packages/airflow/example_dags/example_branch_datetime_operator.py took 0.170 seconds
[2025-04-11T12:57:37.238+0000] {processor.py:186} INFO - Started process (PID=81661) to work on /home/airflow/.local/lib/python3.12/site-packages/airflow/example_dags/example_branch_datetime_operator.py
[2025-04-11T12:57:37.239+0000] {processor.py:914} INFO - Processing file /home/airflow/.local/lib/python3.12/site-packages/airflow/example_dags/example_branch_datetime_operator.py for tasks to queue
[2025-04-11T12:57:37.242+0000] {logging_mixin.py:190} INFO - [2025-04-11T12:57:37.241+0000] {dagbag.py:588} INFO - Filling up the DagBag from /home/airflow/.local/lib/python3.12/site-packages/airflow/example_dags/example_branch_datetime_operator.py
[2025-04-11T12:57:37.259+0000] {processor.py:925} INFO - DAG(s) 'example_branch_datetime_operator_2', 'example_branch_datetime_operator', 'example_branch_datetime_operator_3' retrieved from /home/airflow/.local/lib/python3.12/site-packages/airflow/example_dags/example_branch_datetime_operator.py
[2025-04-11T12:57:37.299+0000] {logging_mixin.py:190} INFO - [2025-04-11T12:57:37.299+0000] {dag.py:3239} INFO - Sync 3 DAGs
[2025-04-11T12:57:37.334+0000] {logging_mixin.py:190} INFO - [2025-04-11T12:57:37.333+0000] {dag.py:4180} INFO - Setting next_dagrun for example_branch_datetime_operator to 2025-04-10 00:00:00+00:00, run_after=2025-04-11 00:00:00+00:00
[2025-04-11T12:57:37.341+0000] {logging_mixin.py:190} INFO - [2025-04-11T12:57:37.341+0000] {dag.py:4180} INFO - Setting next_dagrun for example_branch_datetime_operator_2 to 2025-04-10 00:00:00+00:00, run_after=2025-04-11 00:00:00+00:00
[2025-04-11T12:57:37.346+0000] {logging_mixin.py:190} INFO - [2025-04-11T12:57:37.345+0000] {dag.py:4180} INFO - Setting next_dagrun for example_branch_datetime_operator_3 to 2025-04-10 00:00:00+00:00, run_after=2025-04-11 00:00:00+00:00
[2025-04-11T12:57:37.373+0000] {processor.py:208} INFO - Processing /home/airflow/.local/lib/python3.12/site-packages/airflow/example_dags/example_branch_datetime_operator.py took 0.144 seconds
[2025-04-11T12:58:07.883+0000] {processor.py:186} INFO - Started process (PID=81726) to work on /home/airflow/.local/lib/python3.12/site-packages/airflow/example_dags/example_branch_datetime_operator.py
[2025-04-11T12:58:07.885+0000] {processor.py:914} INFO - Processing file /home/airflow/.local/lib/python3.12/site-packages/airflow/example_dags/example_branch_datetime_operator.py for tasks to queue
[2025-04-11T12:58:07.887+0000] {logging_mixin.py:190} INFO - [2025-04-11T12:58:07.887+0000] {dagbag.py:588} INFO - Filling up the DagBag from /home/airflow/.local/lib/python3.12/site-packages/airflow/example_dags/example_branch_datetime_operator.py
[2025-04-11T12:58:07.904+0000] {processor.py:925} INFO - DAG(s) 'example_branch_datetime_operator', 'example_branch_datetime_operator_2', 'example_branch_datetime_operator_3' retrieved from /home/airflow/.local/lib/python3.12/site-packages/airflow/example_dags/example_branch_datetime_operator.py
[2025-04-11T12:58:07.950+0000] {logging_mixin.py:190} INFO - [2025-04-11T12:58:07.950+0000] {dag.py:3239} INFO - Sync 3 DAGs
[2025-04-11T12:58:07.992+0000] {logging_mixin.py:190} INFO - [2025-04-11T12:58:07.992+0000] {dag.py:4180} INFO - Setting next_dagrun for example_branch_datetime_operator to 2025-04-10 00:00:00+00:00, run_after=2025-04-11 00:00:00+00:00
[2025-04-11T12:58:08.002+0000] {logging_mixin.py:190} INFO - [2025-04-11T12:58:08.001+0000] {dag.py:4180} INFO - Setting next_dagrun for example_branch_datetime_operator_2 to 2025-04-10 00:00:00+00:00, run_after=2025-04-11 00:00:00+00:00
[2025-04-11T12:58:08.007+0000] {logging_mixin.py:190} INFO - [2025-04-11T12:58:08.007+0000] {dag.py:4180} INFO - Setting next_dagrun for example_branch_datetime_operator_3 to 2025-04-10 00:00:00+00:00, run_after=2025-04-11 00:00:00+00:00
[2025-04-11T12:58:08.053+0000] {processor.py:208} INFO - Processing /home/airflow/.local/lib/python3.12/site-packages/airflow/example_dags/example_branch_datetime_operator.py took 0.178 seconds
[2025-04-11T12:58:38.326+0000] {processor.py:186} INFO - Started process (PID=81790) to work on /home/airflow/.local/lib/python3.12/site-packages/airflow/example_dags/example_branch_datetime_operator.py
[2025-04-11T12:58:38.328+0000] {processor.py:914} INFO - Processing file /home/airflow/.local/lib/python3.12/site-packages/airflow/example_dags/example_branch_datetime_operator.py for tasks to queue
[2025-04-11T12:58:38.330+0000] {logging_mixin.py:190} INFO - [2025-04-11T12:58:38.330+0000] {dagbag.py:588} INFO - Filling up the DagBag from /home/airflow/.local/lib/python3.12/site-packages/airflow/example_dags/example_branch_datetime_operator.py
[2025-04-11T12:58:38.348+0000] {processor.py:925} INFO - DAG(s) 'example_branch_datetime_operator_3', 'example_branch_datetime_operator', 'example_branch_datetime_operator_2' retrieved from /home/airflow/.local/lib/python3.12/site-packages/airflow/example_dags/example_branch_datetime_operator.py
[2025-04-11T12:58:38.388+0000] {logging_mixin.py:190} INFO - [2025-04-11T12:58:38.388+0000] {dag.py:3239} INFO - Sync 3 DAGs
[2025-04-11T12:58:38.423+0000] {logging_mixin.py:190} INFO - [2025-04-11T12:58:38.422+0000] {dag.py:4180} INFO - Setting next_dagrun for example_branch_datetime_operator to 2025-04-10 00:00:00+00:00, run_after=2025-04-11 00:00:00+00:00
[2025-04-11T12:58:38.430+0000] {logging_mixin.py:190} INFO - [2025-04-11T12:58:38.430+0000] {dag.py:4180} INFO - Setting next_dagrun for example_branch_datetime_operator_2 to 2025-04-10 00:00:00+00:00, run_after=2025-04-11 00:00:00+00:00
[2025-04-11T12:58:38.434+0000] {logging_mixin.py:190} INFO - [2025-04-11T12:58:38.434+0000] {dag.py:4180} INFO - Setting next_dagrun for example_branch_datetime_operator_3 to 2025-04-10 00:00:00+00:00, run_after=2025-04-11 00:00:00+00:00
[2025-04-11T12:58:38.462+0000] {processor.py:208} INFO - Processing /home/airflow/.local/lib/python3.12/site-packages/airflow/example_dags/example_branch_datetime_operator.py took 0.144 seconds
[2025-04-11T12:59:08.763+0000] {processor.py:186} INFO - Started process (PID=81855) to work on /home/airflow/.local/lib/python3.12/site-packages/airflow/example_dags/example_branch_datetime_operator.py
[2025-04-11T12:59:08.765+0000] {processor.py:914} INFO - Processing file /home/airflow/.local/lib/python3.12/site-packages/airflow/example_dags/example_branch_datetime_operator.py for tasks to queue
[2025-04-11T12:59:08.769+0000] {logging_mixin.py:190} INFO - [2025-04-11T12:59:08.768+0000] {dagbag.py:588} INFO - Filling up the DagBag from /home/airflow/.local/lib/python3.12/site-packages/airflow/example_dags/example_branch_datetime_operator.py
[2025-04-11T12:59:08.793+0000] {processor.py:925} INFO - DAG(s) 'example_branch_datetime_operator', 'example_branch_datetime_operator_2', 'example_branch_datetime_operator_3' retrieved from /home/airflow/.local/lib/python3.12/site-packages/airflow/example_dags/example_branch_datetime_operator.py
[2025-04-11T12:59:08.843+0000] {logging_mixin.py:190} INFO - [2025-04-11T12:59:08.842+0000] {dag.py:3239} INFO - Sync 3 DAGs
[2025-04-11T12:59:08.887+0000] {logging_mixin.py:190} INFO - [2025-04-11T12:59:08.887+0000] {dag.py:4180} INFO - Setting next_dagrun for example_branch_datetime_operator to 2025-04-10 00:00:00+00:00, run_after=2025-04-11 00:00:00+00:00
[2025-04-11T12:59:08.896+0000] {logging_mixin.py:190} INFO - [2025-04-11T12:59:08.895+0000] {dag.py:4180} INFO - Setting next_dagrun for example_branch_datetime_operator_2 to 2025-04-10 00:00:00+00:00, run_after=2025-04-11 00:00:00+00:00
[2025-04-11T12:59:08.901+0000] {logging_mixin.py:190} INFO - [2025-04-11T12:59:08.901+0000] {dag.py:4180} INFO - Setting next_dagrun for example_branch_datetime_operator_3 to 2025-04-10 00:00:00+00:00, run_after=2025-04-11 00:00:00+00:00
[2025-04-11T12:59:08.935+0000] {processor.py:208} INFO - Processing /home/airflow/.local/lib/python3.12/site-packages/airflow/example_dags/example_branch_datetime_operator.py took 0.185 seconds
[2025-04-11T12:59:39.172+0000] {processor.py:186} INFO - Started process (PID=81919) to work on /home/airflow/.local/lib/python3.12/site-packages/airflow/example_dags/example_branch_datetime_operator.py
[2025-04-11T12:59:39.174+0000] {processor.py:914} INFO - Processing file /home/airflow/.local/lib/python3.12/site-packages/airflow/example_dags/example_branch_datetime_operator.py for tasks to queue
[2025-04-11T12:59:39.178+0000] {logging_mixin.py:190} INFO - [2025-04-11T12:59:39.177+0000] {dagbag.py:588} INFO - Filling up the DagBag from /home/airflow/.local/lib/python3.12/site-packages/airflow/example_dags/example_branch_datetime_operator.py
[2025-04-11T12:59:39.208+0000] {processor.py:925} INFO - DAG(s) 'example_branch_datetime_operator_3', 'example_branch_datetime_operator', 'example_branch_datetime_operator_2' retrieved from /home/airflow/.local/lib/python3.12/site-packages/airflow/example_dags/example_branch_datetime_operator.py
[2025-04-11T12:59:39.265+0000] {logging_mixin.py:190} INFO - [2025-04-11T12:59:39.264+0000] {dag.py:3239} INFO - Sync 3 DAGs
[2025-04-11T12:59:39.325+0000] {logging_mixin.py:190} INFO - [2025-04-11T12:59:39.325+0000] {dag.py:4180} INFO - Setting next_dagrun for example_branch_datetime_operator to 2025-04-10 00:00:00+00:00, run_after=2025-04-11 00:00:00+00:00
[2025-04-11T12:59:39.338+0000] {logging_mixin.py:190} INFO - [2025-04-11T12:59:39.337+0000] {dag.py:4180} INFO - Setting next_dagrun for example_branch_datetime_operator_2 to 2025-04-10 00:00:00+00:00, run_after=2025-04-11 00:00:00+00:00
[2025-04-11T12:59:39.344+0000] {logging_mixin.py:190} INFO - [2025-04-11T12:59:39.344+0000] {dag.py:4180} INFO - Setting next_dagrun for example_branch_datetime_operator_3 to 2025-04-10 00:00:00+00:00, run_after=2025-04-11 00:00:00+00:00
[2025-04-11T12:59:39.381+0000] {processor.py:208} INFO - Processing /home/airflow/.local/lib/python3.12/site-packages/airflow/example_dags/example_branch_datetime_operator.py took 0.220 seconds
[2025-04-11T13:00:10.203+0000] {processor.py:186} INFO - Started process (PID=81983) to work on /home/airflow/.local/lib/python3.12/site-packages/airflow/example_dags/example_branch_datetime_operator.py
[2025-04-11T13:00:10.205+0000] {processor.py:914} INFO - Processing file /home/airflow/.local/lib/python3.12/site-packages/airflow/example_dags/example_branch_datetime_operator.py for tasks to queue
[2025-04-11T13:00:10.208+0000] {logging_mixin.py:190} INFO - [2025-04-11T13:00:10.207+0000] {dagbag.py:588} INFO - Filling up the DagBag from /home/airflow/.local/lib/python3.12/site-packages/airflow/example_dags/example_branch_datetime_operator.py
[2025-04-11T13:00:10.228+0000] {processor.py:925} INFO - DAG(s) 'example_branch_datetime_operator_3', 'example_branch_datetime_operator', 'example_branch_datetime_operator_2' retrieved from /home/airflow/.local/lib/python3.12/site-packages/airflow/example_dags/example_branch_datetime_operator.py
[2025-04-11T13:00:10.267+0000] {logging_mixin.py:190} INFO - [2025-04-11T13:00:10.266+0000] {dag.py:3239} INFO - Sync 3 DAGs
[2025-04-11T13:00:10.303+0000] {logging_mixin.py:190} INFO - [2025-04-11T13:00:10.303+0000] {dag.py:4180} INFO - Setting next_dagrun for example_branch_datetime_operator to 2025-04-10 00:00:00+00:00, run_after=2025-04-11 00:00:00+00:00
[2025-04-11T13:00:10.310+0000] {logging_mixin.py:190} INFO - [2025-04-11T13:00:10.310+0000] {dag.py:4180} INFO - Setting next_dagrun for example_branch_datetime_operator_2 to 2025-04-10 00:00:00+00:00, run_after=2025-04-11 00:00:00+00:00
[2025-04-11T13:00:10.315+0000] {logging_mixin.py:190} INFO - [2025-04-11T13:00:10.315+0000] {dag.py:4180} INFO - Setting next_dagrun for example_branch_datetime_operator_3 to 2025-04-10 00:00:00+00:00, run_after=2025-04-11 00:00:00+00:00
[2025-04-11T13:00:10.350+0000] {processor.py:208} INFO - Processing /home/airflow/.local/lib/python3.12/site-packages/airflow/example_dags/example_branch_datetime_operator.py took 0.156 seconds
[2025-04-11T13:00:40.845+0000] {processor.py:186} INFO - Started process (PID=82048) to work on /home/airflow/.local/lib/python3.12/site-packages/airflow/example_dags/example_branch_datetime_operator.py
[2025-04-11T13:00:40.847+0000] {processor.py:914} INFO - Processing file /home/airflow/.local/lib/python3.12/site-packages/airflow/example_dags/example_branch_datetime_operator.py for tasks to queue
[2025-04-11T13:00:40.849+0000] {logging_mixin.py:190} INFO - [2025-04-11T13:00:40.849+0000] {dagbag.py:588} INFO - Filling up the DagBag from /home/airflow/.local/lib/python3.12/site-packages/airflow/example_dags/example_branch_datetime_operator.py
[2025-04-11T13:00:40.866+0000] {processor.py:925} INFO - DAG(s) 'example_branch_datetime_operator_2', 'example_branch_datetime_operator', 'example_branch_datetime_operator_3' retrieved from /home/airflow/.local/lib/python3.12/site-packages/airflow/example_dags/example_branch_datetime_operator.py
[2025-04-11T13:00:40.908+0000] {logging_mixin.py:190} INFO - [2025-04-11T13:00:40.908+0000] {dag.py:3239} INFO - Sync 3 DAGs
[2025-04-11T13:00:40.946+0000] {logging_mixin.py:190} INFO - [2025-04-11T13:00:40.945+0000] {dag.py:4180} INFO - Setting next_dagrun for example_branch_datetime_operator to 2025-04-10 00:00:00+00:00, run_after=2025-04-11 00:00:00+00:00
[2025-04-11T13:00:40.953+0000] {logging_mixin.py:190} INFO - [2025-04-11T13:00:40.952+0000] {dag.py:4180} INFO - Setting next_dagrun for example_branch_datetime_operator_2 to 2025-04-10 00:00:00+00:00, run_after=2025-04-11 00:00:00+00:00
[2025-04-11T13:00:40.958+0000] {logging_mixin.py:190} INFO - [2025-04-11T13:00:40.957+0000] {dag.py:4180} INFO - Setting next_dagrun for example_branch_datetime_operator_3 to 2025-04-10 00:00:00+00:00, run_after=2025-04-11 00:00:00+00:00
[2025-04-11T13:00:40.990+0000] {processor.py:208} INFO - Processing /home/airflow/.local/lib/python3.12/site-packages/airflow/example_dags/example_branch_datetime_operator.py took 0.152 seconds
[2025-04-11T13:01:11.264+0000] {processor.py:186} INFO - Started process (PID=82113) to work on /home/airflow/.local/lib/python3.12/site-packages/airflow/example_dags/example_branch_datetime_operator.py
[2025-04-11T13:01:11.266+0000] {processor.py:914} INFO - Processing file /home/airflow/.local/lib/python3.12/site-packages/airflow/example_dags/example_branch_datetime_operator.py for tasks to queue
[2025-04-11T13:01:11.268+0000] {logging_mixin.py:190} INFO - [2025-04-11T13:01:11.268+0000] {dagbag.py:588} INFO - Filling up the DagBag from /home/airflow/.local/lib/python3.12/site-packages/airflow/example_dags/example_branch_datetime_operator.py
[2025-04-11T13:01:11.284+0000] {processor.py:925} INFO - DAG(s) 'example_branch_datetime_operator_2', 'example_branch_datetime_operator_3', 'example_branch_datetime_operator' retrieved from /home/airflow/.local/lib/python3.12/site-packages/airflow/example_dags/example_branch_datetime_operator.py
[2025-04-11T13:01:11.324+0000] {logging_mixin.py:190} INFO - [2025-04-11T13:01:11.324+0000] {dag.py:3239} INFO - Sync 3 DAGs
[2025-04-11T13:01:11.363+0000] {logging_mixin.py:190} INFO - [2025-04-11T13:01:11.362+0000] {dag.py:4180} INFO - Setting next_dagrun for example_branch_datetime_operator to 2025-04-10 00:00:00+00:00, run_after=2025-04-11 00:00:00+00:00
[2025-04-11T13:01:11.371+0000] {logging_mixin.py:190} INFO - [2025-04-11T13:01:11.370+0000] {dag.py:4180} INFO - Setting next_dagrun for example_branch_datetime_operator_2 to 2025-04-10 00:00:00+00:00, run_after=2025-04-11 00:00:00+00:00
[2025-04-11T13:01:11.375+0000] {logging_mixin.py:190} INFO - [2025-04-11T13:01:11.374+0000] {dag.py:4180} INFO - Setting next_dagrun for example_branch_datetime_operator_3 to 2025-04-10 00:00:00+00:00, run_after=2025-04-11 00:00:00+00:00
[2025-04-11T13:01:11.403+0000] {processor.py:208} INFO - Processing /home/airflow/.local/lib/python3.12/site-packages/airflow/example_dags/example_branch_datetime_operator.py took 0.147 seconds
[2025-04-11T13:01:41.905+0000] {processor.py:186} INFO - Started process (PID=82179) to work on /home/airflow/.local/lib/python3.12/site-packages/airflow/example_dags/example_branch_datetime_operator.py
[2025-04-11T13:01:41.907+0000] {processor.py:914} INFO - Processing file /home/airflow/.local/lib/python3.12/site-packages/airflow/example_dags/example_branch_datetime_operator.py for tasks to queue
[2025-04-11T13:01:41.909+0000] {logging_mixin.py:190} INFO - [2025-04-11T13:01:41.908+0000] {dagbag.py:588} INFO - Filling up the DagBag from /home/airflow/.local/lib/python3.12/site-packages/airflow/example_dags/example_branch_datetime_operator.py
[2025-04-11T13:01:41.931+0000] {processor.py:925} INFO - DAG(s) 'example_branch_datetime_operator', 'example_branch_datetime_operator_3', 'example_branch_datetime_operator_2' retrieved from /home/airflow/.local/lib/python3.12/site-packages/airflow/example_dags/example_branch_datetime_operator.py
[2025-04-11T13:01:41.975+0000] {logging_mixin.py:190} INFO - [2025-04-11T13:01:41.975+0000] {dag.py:3239} INFO - Sync 3 DAGs
[2025-04-11T13:01:42.018+0000] {logging_mixin.py:190} INFO - [2025-04-11T13:01:42.017+0000] {dag.py:4180} INFO - Setting next_dagrun for example_branch_datetime_operator to 2025-04-10 00:00:00+00:00, run_after=2025-04-11 00:00:00+00:00
[2025-04-11T13:01:42.026+0000] {logging_mixin.py:190} INFO - [2025-04-11T13:01:42.025+0000] {dag.py:4180} INFO - Setting next_dagrun for example_branch_datetime_operator_2 to 2025-04-10 00:00:00+00:00, run_after=2025-04-11 00:00:00+00:00
[2025-04-11T13:01:42.030+0000] {logging_mixin.py:190} INFO - [2025-04-11T13:01:42.030+0000] {dag.py:4180} INFO - Setting next_dagrun for example_branch_datetime_operator_3 to 2025-04-10 00:00:00+00:00, run_after=2025-04-11 00:00:00+00:00
[2025-04-11T13:01:42.064+0000] {processor.py:208} INFO - Processing /home/airflow/.local/lib/python3.12/site-packages/airflow/example_dags/example_branch_datetime_operator.py took 0.167 seconds
[2025-04-11T13:02:12.548+0000] {processor.py:186} INFO - Started process (PID=82244) to work on /home/airflow/.local/lib/python3.12/site-packages/airflow/example_dags/example_branch_datetime_operator.py
[2025-04-11T13:02:12.550+0000] {processor.py:914} INFO - Processing file /home/airflow/.local/lib/python3.12/site-packages/airflow/example_dags/example_branch_datetime_operator.py for tasks to queue
[2025-04-11T13:02:12.552+0000] {logging_mixin.py:190} INFO - [2025-04-11T13:02:12.551+0000] {dagbag.py:588} INFO - Filling up the DagBag from /home/airflow/.local/lib/python3.12/site-packages/airflow/example_dags/example_branch_datetime_operator.py
[2025-04-11T13:02:12.574+0000] {processor.py:925} INFO - DAG(s) 'example_branch_datetime_operator_3', 'example_branch_datetime_operator', 'example_branch_datetime_operator_2' retrieved from /home/airflow/.local/lib/python3.12/site-packages/airflow/example_dags/example_branch_datetime_operator.py
[2025-04-11T13:02:12.623+0000] {logging_mixin.py:190} INFO - [2025-04-11T13:02:12.622+0000] {dag.py:3239} INFO - Sync 3 DAGs
[2025-04-11T13:02:12.659+0000] {logging_mixin.py:190} INFO - [2025-04-11T13:02:12.659+0000] {dag.py:4180} INFO - Setting next_dagrun for example_branch_datetime_operator to 2025-04-10 00:00:00+00:00, run_after=2025-04-11 00:00:00+00:00
[2025-04-11T13:02:12.666+0000] {logging_mixin.py:190} INFO - [2025-04-11T13:02:12.666+0000] {dag.py:4180} INFO - Setting next_dagrun for example_branch_datetime_operator_2 to 2025-04-10 00:00:00+00:00, run_after=2025-04-11 00:00:00+00:00
[2025-04-11T13:02:12.670+0000] {logging_mixin.py:190} INFO - [2025-04-11T13:02:12.670+0000] {dag.py:4180} INFO - Setting next_dagrun for example_branch_datetime_operator_3 to 2025-04-10 00:00:00+00:00, run_after=2025-04-11 00:00:00+00:00
[2025-04-11T13:02:12.698+0000] {processor.py:208} INFO - Processing /home/airflow/.local/lib/python3.12/site-packages/airflow/example_dags/example_branch_datetime_operator.py took 0.163 seconds
[2025-04-11T13:02:42.964+0000] {processor.py:186} INFO - Started process (PID=82309) to work on /home/airflow/.local/lib/python3.12/site-packages/airflow/example_dags/example_branch_datetime_operator.py
[2025-04-11T13:02:42.966+0000] {processor.py:914} INFO - Processing file /home/airflow/.local/lib/python3.12/site-packages/airflow/example_dags/example_branch_datetime_operator.py for tasks to queue
[2025-04-11T13:02:42.968+0000] {logging_mixin.py:190} INFO - [2025-04-11T13:02:42.967+0000] {dagbag.py:588} INFO - Filling up the DagBag from /home/airflow/.local/lib/python3.12/site-packages/airflow/example_dags/example_branch_datetime_operator.py
[2025-04-11T13:02:42.987+0000] {processor.py:925} INFO - DAG(s) 'example_branch_datetime_operator', 'example_branch_datetime_operator_2', 'example_branch_datetime_operator_3' retrieved from /home/airflow/.local/lib/python3.12/site-packages/airflow/example_dags/example_branch_datetime_operator.py
[2025-04-11T13:02:43.042+0000] {logging_mixin.py:190} INFO - [2025-04-11T13:02:43.042+0000] {dag.py:3239} INFO - Sync 3 DAGs
[2025-04-11T13:02:43.097+0000] {logging_mixin.py:190} INFO - [2025-04-11T13:02:43.097+0000] {dag.py:4180} INFO - Setting next_dagrun for example_branch_datetime_operator to 2025-04-10 00:00:00+00:00, run_after=2025-04-11 00:00:00+00:00
[2025-04-11T13:02:43.109+0000] {logging_mixin.py:190} INFO - [2025-04-11T13:02:43.108+0000] {dag.py:4180} INFO - Setting next_dagrun for example_branch_datetime_operator_2 to 2025-04-10 00:00:00+00:00, run_after=2025-04-11 00:00:00+00:00
[2025-04-11T13:02:43.115+0000] {logging_mixin.py:190} INFO - [2025-04-11T13:02:43.114+0000] {dag.py:4180} INFO - Setting next_dagrun for example_branch_datetime_operator_3 to 2025-04-10 00:00:00+00:00, run_after=2025-04-11 00:00:00+00:00
[2025-04-11T13:02:43.161+0000] {processor.py:208} INFO - Processing /home/airflow/.local/lib/python3.12/site-packages/airflow/example_dags/example_branch_datetime_operator.py took 0.208 seconds
[2025-04-11T13:03:13.808+0000] {processor.py:186} INFO - Started process (PID=82373) to work on /home/airflow/.local/lib/python3.12/site-packages/airflow/example_dags/example_branch_datetime_operator.py
[2025-04-11T13:03:13.809+0000] {processor.py:914} INFO - Processing file /home/airflow/.local/lib/python3.12/site-packages/airflow/example_dags/example_branch_datetime_operator.py for tasks to queue
[2025-04-11T13:03:13.812+0000] {logging_mixin.py:190} INFO - [2025-04-11T13:03:13.811+0000] {dagbag.py:588} INFO - Filling up the DagBag from /home/airflow/.local/lib/python3.12/site-packages/airflow/example_dags/example_branch_datetime_operator.py
[2025-04-11T13:03:13.837+0000] {processor.py:925} INFO - DAG(s) 'example_branch_datetime_operator', 'example_branch_datetime_operator_3', 'example_branch_datetime_operator_2' retrieved from /home/airflow/.local/lib/python3.12/site-packages/airflow/example_dags/example_branch_datetime_operator.py
[2025-04-11T13:03:13.880+0000] {logging_mixin.py:190} INFO - [2025-04-11T13:03:13.880+0000] {dag.py:3239} INFO - Sync 3 DAGs
[2025-04-11T13:03:13.925+0000] {logging_mixin.py:190} INFO - [2025-04-11T13:03:13.924+0000] {dag.py:4180} INFO - Setting next_dagrun for example_branch_datetime_operator to 2025-04-10 00:00:00+00:00, run_after=2025-04-11 00:00:00+00:00
[2025-04-11T13:03:13.935+0000] {logging_mixin.py:190} INFO - [2025-04-11T13:03:13.935+0000] {dag.py:4180} INFO - Setting next_dagrun for example_branch_datetime_operator_2 to 2025-04-10 00:00:00+00:00, run_after=2025-04-11 00:00:00+00:00
[2025-04-11T13:03:13.940+0000] {logging_mixin.py:190} INFO - [2025-04-11T13:03:13.940+0000] {dag.py:4180} INFO - Setting next_dagrun for example_branch_datetime_operator_3 to 2025-04-10 00:00:00+00:00, run_after=2025-04-11 00:00:00+00:00
[2025-04-11T13:03:13.974+0000] {processor.py:208} INFO - Processing /home/airflow/.local/lib/python3.12/site-packages/airflow/example_dags/example_branch_datetime_operator.py took 0.174 seconds
[2025-04-11T13:03:44.921+0000] {processor.py:186} INFO - Started process (PID=82438) to work on /home/airflow/.local/lib/python3.12/site-packages/airflow/example_dags/example_branch_datetime_operator.py
[2025-04-11T13:03:44.923+0000] {processor.py:914} INFO - Processing file /home/airflow/.local/lib/python3.12/site-packages/airflow/example_dags/example_branch_datetime_operator.py for tasks to queue
[2025-04-11T13:03:44.926+0000] {logging_mixin.py:190} INFO - [2025-04-11T13:03:44.926+0000] {dagbag.py:588} INFO - Filling up the DagBag from /home/airflow/.local/lib/python3.12/site-packages/airflow/example_dags/example_branch_datetime_operator.py
[2025-04-11T13:03:44.949+0000] {processor.py:925} INFO - DAG(s) 'example_branch_datetime_operator_2', 'example_branch_datetime_operator_3', 'example_branch_datetime_operator' retrieved from /home/airflow/.local/lib/python3.12/site-packages/airflow/example_dags/example_branch_datetime_operator.py
[2025-04-11T13:03:44.996+0000] {logging_mixin.py:190} INFO - [2025-04-11T13:03:44.996+0000] {dag.py:3239} INFO - Sync 3 DAGs
[2025-04-11T13:03:45.040+0000] {logging_mixin.py:190} INFO - [2025-04-11T13:03:45.039+0000] {dag.py:4180} INFO - Setting next_dagrun for example_branch_datetime_operator to 2025-04-10 00:00:00+00:00, run_after=2025-04-11 00:00:00+00:00
[2025-04-11T13:03:45.050+0000] {logging_mixin.py:190} INFO - [2025-04-11T13:03:45.049+0000] {dag.py:4180} INFO - Setting next_dagrun for example_branch_datetime_operator_2 to 2025-04-10 00:00:00+00:00, run_after=2025-04-11 00:00:00+00:00
[2025-04-11T13:03:45.055+0000] {logging_mixin.py:190} INFO - [2025-04-11T13:03:45.054+0000] {dag.py:4180} INFO - Setting next_dagrun for example_branch_datetime_operator_3 to 2025-04-10 00:00:00+00:00, run_after=2025-04-11 00:00:00+00:00
[2025-04-11T13:03:45.086+0000] {processor.py:208} INFO - Processing /home/airflow/.local/lib/python3.12/site-packages/airflow/example_dags/example_branch_datetime_operator.py took 0.175 seconds
[2025-04-11T13:04:15.189+0000] {processor.py:186} INFO - Started process (PID=82503) to work on /home/airflow/.local/lib/python3.12/site-packages/airflow/example_dags/example_branch_datetime_operator.py
[2025-04-11T13:04:15.191+0000] {processor.py:914} INFO - Processing file /home/airflow/.local/lib/python3.12/site-packages/airflow/example_dags/example_branch_datetime_operator.py for tasks to queue
[2025-04-11T13:04:15.193+0000] {logging_mixin.py:190} INFO - [2025-04-11T13:04:15.192+0000] {dagbag.py:588} INFO - Filling up the DagBag from /home/airflow/.local/lib/python3.12/site-packages/airflow/example_dags/example_branch_datetime_operator.py
[2025-04-11T13:04:15.215+0000] {processor.py:925} INFO - DAG(s) 'example_branch_datetime_operator_2', 'example_branch_datetime_operator_3', 'example_branch_datetime_operator' retrieved from /home/airflow/.local/lib/python3.12/site-packages/airflow/example_dags/example_branch_datetime_operator.py
[2025-04-11T13:04:15.256+0000] {logging_mixin.py:190} INFO - [2025-04-11T13:04:15.256+0000] {dag.py:3239} INFO - Sync 3 DAGs
[2025-04-11T13:04:15.294+0000] {logging_mixin.py:190} INFO - [2025-04-11T13:04:15.294+0000] {dag.py:4180} INFO - Setting next_dagrun for example_branch_datetime_operator to 2025-04-10 00:00:00+00:00, run_after=2025-04-11 00:00:00+00:00
[2025-04-11T13:04:15.305+0000] {logging_mixin.py:190} INFO - [2025-04-11T13:04:15.305+0000] {dag.py:4180} INFO - Setting next_dagrun for example_branch_datetime_operator_2 to 2025-04-10 00:00:00+00:00, run_after=2025-04-11 00:00:00+00:00
[2025-04-11T13:04:15.310+0000] {logging_mixin.py:190} INFO - [2025-04-11T13:04:15.309+0000] {dag.py:4180} INFO - Setting next_dagrun for example_branch_datetime_operator_3 to 2025-04-10 00:00:00+00:00, run_after=2025-04-11 00:00:00+00:00
[2025-04-11T13:04:15.337+0000] {processor.py:208} INFO - Processing /home/airflow/.local/lib/python3.12/site-packages/airflow/example_dags/example_branch_datetime_operator.py took 0.158 seconds
[2025-04-11T13:04:45.984+0000] {processor.py:186} INFO - Started process (PID=82568) to work on /home/airflow/.local/lib/python3.12/site-packages/airflow/example_dags/example_branch_datetime_operator.py
[2025-04-11T13:04:45.986+0000] {processor.py:914} INFO - Processing file /home/airflow/.local/lib/python3.12/site-packages/airflow/example_dags/example_branch_datetime_operator.py for tasks to queue
[2025-04-11T13:04:45.988+0000] {logging_mixin.py:190} INFO - [2025-04-11T13:04:45.987+0000] {dagbag.py:588} INFO - Filling up the DagBag from /home/airflow/.local/lib/python3.12/site-packages/airflow/example_dags/example_branch_datetime_operator.py
[2025-04-11T13:04:46.004+0000] {processor.py:925} INFO - DAG(s) 'example_branch_datetime_operator', 'example_branch_datetime_operator_3', 'example_branch_datetime_operator_2' retrieved from /home/airflow/.local/lib/python3.12/site-packages/airflow/example_dags/example_branch_datetime_operator.py
[2025-04-11T13:04:46.046+0000] {logging_mixin.py:190} INFO - [2025-04-11T13:04:46.045+0000] {dag.py:3239} INFO - Sync 3 DAGs
[2025-04-11T13:04:46.082+0000] {logging_mixin.py:190} INFO - [2025-04-11T13:04:46.082+0000] {dag.py:4180} INFO - Setting next_dagrun for example_branch_datetime_operator to 2025-04-10 00:00:00+00:00, run_after=2025-04-11 00:00:00+00:00
[2025-04-11T13:04:46.090+0000] {logging_mixin.py:190} INFO - [2025-04-11T13:04:46.090+0000] {dag.py:4180} INFO - Setting next_dagrun for example_branch_datetime_operator_2 to 2025-04-10 00:00:00+00:00, run_after=2025-04-11 00:00:00+00:00
[2025-04-11T13:04:46.095+0000] {logging_mixin.py:190} INFO - [2025-04-11T13:04:46.094+0000] {dag.py:4180} INFO - Setting next_dagrun for example_branch_datetime_operator_3 to 2025-04-10 00:00:00+00:00, run_after=2025-04-11 00:00:00+00:00
[2025-04-11T13:04:46.125+0000] {processor.py:208} INFO - Processing /home/airflow/.local/lib/python3.12/site-packages/airflow/example_dags/example_branch_datetime_operator.py took 0.148 seconds
[2025-04-11T13:05:16.677+0000] {processor.py:186} INFO - Started process (PID=82633) to work on /home/airflow/.local/lib/python3.12/site-packages/airflow/example_dags/example_branch_datetime_operator.py
[2025-04-11T13:05:16.678+0000] {processor.py:914} INFO - Processing file /home/airflow/.local/lib/python3.12/site-packages/airflow/example_dags/example_branch_datetime_operator.py for tasks to queue
[2025-04-11T13:05:16.681+0000] {logging_mixin.py:190} INFO - [2025-04-11T13:05:16.680+0000] {dagbag.py:588} INFO - Filling up the DagBag from /home/airflow/.local/lib/python3.12/site-packages/airflow/example_dags/example_branch_datetime_operator.py
[2025-04-11T13:05:16.704+0000] {processor.py:925} INFO - DAG(s) 'example_branch_datetime_operator_2', 'example_branch_datetime_operator', 'example_branch_datetime_operator_3' retrieved from /home/airflow/.local/lib/python3.12/site-packages/airflow/example_dags/example_branch_datetime_operator.py
[2025-04-11T13:05:16.756+0000] {logging_mixin.py:190} INFO - [2025-04-11T13:05:16.755+0000] {dag.py:3239} INFO - Sync 3 DAGs
[2025-04-11T13:05:16.792+0000] {logging_mixin.py:190} INFO - [2025-04-11T13:05:16.792+0000] {dag.py:4180} INFO - Setting next_dagrun for example_branch_datetime_operator to 2025-04-10 00:00:00+00:00, run_after=2025-04-11 00:00:00+00:00
[2025-04-11T13:05:16.800+0000] {logging_mixin.py:190} INFO - [2025-04-11T13:05:16.800+0000] {dag.py:4180} INFO - Setting next_dagrun for example_branch_datetime_operator_2 to 2025-04-10 00:00:00+00:00, run_after=2025-04-11 00:00:00+00:00
[2025-04-11T13:05:16.805+0000] {logging_mixin.py:190} INFO - [2025-04-11T13:05:16.805+0000] {dag.py:4180} INFO - Setting next_dagrun for example_branch_datetime_operator_3 to 2025-04-10 00:00:00+00:00, run_after=2025-04-11 00:00:00+00:00
[2025-04-11T13:05:16.838+0000] {processor.py:208} INFO - Processing /home/airflow/.local/lib/python3.12/site-packages/airflow/example_dags/example_branch_datetime_operator.py took 0.169 seconds
[2025-04-11T13:05:47.092+0000] {processor.py:186} INFO - Started process (PID=82699) to work on /home/airflow/.local/lib/python3.12/site-packages/airflow/example_dags/example_branch_datetime_operator.py
[2025-04-11T13:05:47.094+0000] {processor.py:914} INFO - Processing file /home/airflow/.local/lib/python3.12/site-packages/airflow/example_dags/example_branch_datetime_operator.py for tasks to queue
[2025-04-11T13:05:47.096+0000] {logging_mixin.py:190} INFO - [2025-04-11T13:05:47.096+0000] {dagbag.py:588} INFO - Filling up the DagBag from /home/airflow/.local/lib/python3.12/site-packages/airflow/example_dags/example_branch_datetime_operator.py
[2025-04-11T13:05:47.115+0000] {processor.py:925} INFO - DAG(s) 'example_branch_datetime_operator_3', 'example_branch_datetime_operator_2', 'example_branch_datetime_operator' retrieved from /home/airflow/.local/lib/python3.12/site-packages/airflow/example_dags/example_branch_datetime_operator.py
[2025-04-11T13:05:47.160+0000] {logging_mixin.py:190} INFO - [2025-04-11T13:05:47.160+0000] {dag.py:3239} INFO - Sync 3 DAGs
[2025-04-11T13:05:47.198+0000] {logging_mixin.py:190} INFO - [2025-04-11T13:05:47.198+0000] {dag.py:4180} INFO - Setting next_dagrun for example_branch_datetime_operator to 2025-04-10 00:00:00+00:00, run_after=2025-04-11 00:00:00+00:00
[2025-04-11T13:05:47.209+0000] {logging_mixin.py:190} INFO - [2025-04-11T13:05:47.209+0000] {dag.py:4180} INFO - Setting next_dagrun for example_branch_datetime_operator_2 to 2025-04-10 00:00:00+00:00, run_after=2025-04-11 00:00:00+00:00
[2025-04-11T13:05:47.215+0000] {logging_mixin.py:190} INFO - [2025-04-11T13:05:47.215+0000] {dag.py:4180} INFO - Setting next_dagrun for example_branch_datetime_operator_3 to 2025-04-10 00:00:00+00:00, run_after=2025-04-11 00:00:00+00:00
[2025-04-11T13:05:47.248+0000] {processor.py:208} INFO - Processing /home/airflow/.local/lib/python3.12/site-packages/airflow/example_dags/example_branch_datetime_operator.py took 0.164 seconds
[2025-04-11T13:06:17.796+0000] {processor.py:186} INFO - Started process (PID=82764) to work on /home/airflow/.local/lib/python3.12/site-packages/airflow/example_dags/example_branch_datetime_operator.py
[2025-04-11T13:06:17.798+0000] {processor.py:914} INFO - Processing file /home/airflow/.local/lib/python3.12/site-packages/airflow/example_dags/example_branch_datetime_operator.py for tasks to queue
[2025-04-11T13:06:17.801+0000] {logging_mixin.py:190} INFO - [2025-04-11T13:06:17.800+0000] {dagbag.py:588} INFO - Filling up the DagBag from /home/airflow/.local/lib/python3.12/site-packages/airflow/example_dags/example_branch_datetime_operator.py
[2025-04-11T13:06:17.827+0000] {processor.py:925} INFO - DAG(s) 'example_branch_datetime_operator_3', 'example_branch_datetime_operator', 'example_branch_datetime_operator_2' retrieved from /home/airflow/.local/lib/python3.12/site-packages/airflow/example_dags/example_branch_datetime_operator.py
[2025-04-11T13:06:17.881+0000] {logging_mixin.py:190} INFO - [2025-04-11T13:06:17.880+0000] {dag.py:3239} INFO - Sync 3 DAGs
[2025-04-11T13:06:17.939+0000] {logging_mixin.py:190} INFO - [2025-04-11T13:06:17.939+0000] {dag.py:4180} INFO - Setting next_dagrun for example_branch_datetime_operator to 2025-04-10 00:00:00+00:00, run_after=2025-04-11 00:00:00+00:00
[2025-04-11T13:06:17.955+0000] {logging_mixin.py:190} INFO - [2025-04-11T13:06:17.954+0000] {dag.py:4180} INFO - Setting next_dagrun for example_branch_datetime_operator_2 to 2025-04-10 00:00:00+00:00, run_after=2025-04-11 00:00:00+00:00
[2025-04-11T13:06:17.961+0000] {logging_mixin.py:190} INFO - [2025-04-11T13:06:17.960+0000] {dag.py:4180} INFO - Setting next_dagrun for example_branch_datetime_operator_3 to 2025-04-10 00:00:00+00:00, run_after=2025-04-11 00:00:00+00:00
[2025-04-11T13:06:18.000+0000] {processor.py:208} INFO - Processing /home/airflow/.local/lib/python3.12/site-packages/airflow/example_dags/example_branch_datetime_operator.py took 0.216 seconds
[2025-04-11T13:06:48.377+0000] {processor.py:186} INFO - Started process (PID=82830) to work on /home/airflow/.local/lib/python3.12/site-packages/airflow/example_dags/example_branch_datetime_operator.py
[2025-04-11T13:06:48.378+0000] {processor.py:914} INFO - Processing file /home/airflow/.local/lib/python3.12/site-packages/airflow/example_dags/example_branch_datetime_operator.py for tasks to queue
[2025-04-11T13:06:48.381+0000] {logging_mixin.py:190} INFO - [2025-04-11T13:06:48.380+0000] {dagbag.py:588} INFO - Filling up the DagBag from /home/airflow/.local/lib/python3.12/site-packages/airflow/example_dags/example_branch_datetime_operator.py
[2025-04-11T13:06:48.398+0000] {processor.py:925} INFO - DAG(s) 'example_branch_datetime_operator_3', 'example_branch_datetime_operator', 'example_branch_datetime_operator_2' retrieved from /home/airflow/.local/lib/python3.12/site-packages/airflow/example_dags/example_branch_datetime_operator.py
[2025-04-11T13:06:48.448+0000] {logging_mixin.py:190} INFO - [2025-04-11T13:06:48.448+0000] {dag.py:3239} INFO - Sync 3 DAGs
[2025-04-11T13:06:48.491+0000] {logging_mixin.py:190} INFO - [2025-04-11T13:06:48.491+0000] {dag.py:4180} INFO - Setting next_dagrun for example_branch_datetime_operator to 2025-04-10 00:00:00+00:00, run_after=2025-04-11 00:00:00+00:00
[2025-04-11T13:06:48.499+0000] {logging_mixin.py:190} INFO - [2025-04-11T13:06:48.499+0000] {dag.py:4180} INFO - Setting next_dagrun for example_branch_datetime_operator_2 to 2025-04-10 00:00:00+00:00, run_after=2025-04-11 00:00:00+00:00
[2025-04-11T13:06:48.504+0000] {logging_mixin.py:190} INFO - [2025-04-11T13:06:48.504+0000] {dag.py:4180} INFO - Setting next_dagrun for example_branch_datetime_operator_3 to 2025-04-10 00:00:00+00:00, run_after=2025-04-11 00:00:00+00:00
[2025-04-11T13:06:48.539+0000] {processor.py:208} INFO - Processing /home/airflow/.local/lib/python3.12/site-packages/airflow/example_dags/example_branch_datetime_operator.py took 0.170 seconds
[2025-04-11T13:07:18.933+0000] {processor.py:186} INFO - Started process (PID=82895) to work on /home/airflow/.local/lib/python3.12/site-packages/airflow/example_dags/example_branch_datetime_operator.py
[2025-04-11T13:07:18.935+0000] {processor.py:914} INFO - Processing file /home/airflow/.local/lib/python3.12/site-packages/airflow/example_dags/example_branch_datetime_operator.py for tasks to queue
[2025-04-11T13:07:18.938+0000] {logging_mixin.py:190} INFO - [2025-04-11T13:07:18.937+0000] {dagbag.py:588} INFO - Filling up the DagBag from /home/airflow/.local/lib/python3.12/site-packages/airflow/example_dags/example_branch_datetime_operator.py
[2025-04-11T13:07:18.981+0000] {processor.py:925} INFO - DAG(s) 'example_branch_datetime_operator', 'example_branch_datetime_operator_3', 'example_branch_datetime_operator_2' retrieved from /home/airflow/.local/lib/python3.12/site-packages/airflow/example_dags/example_branch_datetime_operator.py
[2025-04-11T13:07:19.048+0000] {logging_mixin.py:190} INFO - [2025-04-11T13:07:19.046+0000] {dag.py:3239} INFO - Sync 3 DAGs
[2025-04-11T13:07:19.107+0000] {logging_mixin.py:190} INFO - [2025-04-11T13:07:19.106+0000] {dag.py:4180} INFO - Setting next_dagrun for example_branch_datetime_operator to 2025-04-10 00:00:00+00:00, run_after=2025-04-11 00:00:00+00:00
[2025-04-11T13:07:19.117+0000] {logging_mixin.py:190} INFO - [2025-04-11T13:07:19.116+0000] {dag.py:4180} INFO - Setting next_dagrun for example_branch_datetime_operator_2 to 2025-04-10 00:00:00+00:00, run_after=2025-04-11 00:00:00+00:00
[2025-04-11T13:07:19.123+0000] {logging_mixin.py:190} INFO - [2025-04-11T13:07:19.122+0000] {dag.py:4180} INFO - Setting next_dagrun for example_branch_datetime_operator_3 to 2025-04-10 00:00:00+00:00, run_after=2025-04-11 00:00:00+00:00
[2025-04-11T13:07:19.163+0000] {processor.py:208} INFO - Processing /home/airflow/.local/lib/python3.12/site-packages/airflow/example_dags/example_branch_datetime_operator.py took 0.239 seconds
[2025-04-11T13:07:49.482+0000] {processor.py:186} INFO - Started process (PID=82954) to work on /home/airflow/.local/lib/python3.12/site-packages/airflow/example_dags/example_branch_datetime_operator.py
[2025-04-11T13:07:49.484+0000] {processor.py:914} INFO - Processing file /home/airflow/.local/lib/python3.12/site-packages/airflow/example_dags/example_branch_datetime_operator.py for tasks to queue
[2025-04-11T13:07:49.487+0000] {logging_mixin.py:190} INFO - [2025-04-11T13:07:49.486+0000] {dagbag.py:588} INFO - Filling up the DagBag from /home/airflow/.local/lib/python3.12/site-packages/airflow/example_dags/example_branch_datetime_operator.py
[2025-04-11T13:07:49.507+0000] {processor.py:925} INFO - DAG(s) 'example_branch_datetime_operator', 'example_branch_datetime_operator_2', 'example_branch_datetime_operator_3' retrieved from /home/airflow/.local/lib/python3.12/site-packages/airflow/example_dags/example_branch_datetime_operator.py
[2025-04-11T13:07:49.553+0000] {logging_mixin.py:190} INFO - [2025-04-11T13:07:49.552+0000] {dag.py:3239} INFO - Sync 3 DAGs
[2025-04-11T13:07:49.599+0000] {logging_mixin.py:190} INFO - [2025-04-11T13:07:49.599+0000] {dag.py:4180} INFO - Setting next_dagrun for example_branch_datetime_operator to 2025-04-10 00:00:00+00:00, run_after=2025-04-11 00:00:00+00:00
[2025-04-11T13:07:49.609+0000] {logging_mixin.py:190} INFO - [2025-04-11T13:07:49.609+0000] {dag.py:4180} INFO - Setting next_dagrun for example_branch_datetime_operator_2 to 2025-04-10 00:00:00+00:00, run_after=2025-04-11 00:00:00+00:00
[2025-04-11T13:07:49.615+0000] {logging_mixin.py:190} INFO - [2025-04-11T13:07:49.615+0000] {dag.py:4180} INFO - Setting next_dagrun for example_branch_datetime_operator_3 to 2025-04-10 00:00:00+00:00, run_after=2025-04-11 00:00:00+00:00
[2025-04-11T13:07:49.652+0000] {processor.py:208} INFO - Processing /home/airflow/.local/lib/python3.12/site-packages/airflow/example_dags/example_branch_datetime_operator.py took 0.179 seconds
[2025-04-11T13:08:19.725+0000] {processor.py:186} INFO - Started process (PID=83017) to work on /home/airflow/.local/lib/python3.12/site-packages/airflow/example_dags/example_branch_datetime_operator.py
[2025-04-11T13:08:19.727+0000] {processor.py:914} INFO - Processing file /home/airflow/.local/lib/python3.12/site-packages/airflow/example_dags/example_branch_datetime_operator.py for tasks to queue
[2025-04-11T13:08:19.731+0000] {logging_mixin.py:190} INFO - [2025-04-11T13:08:19.730+0000] {dagbag.py:588} INFO - Filling up the DagBag from /home/airflow/.local/lib/python3.12/site-packages/airflow/example_dags/example_branch_datetime_operator.py
[2025-04-11T13:08:19.758+0000] {processor.py:925} INFO - DAG(s) 'example_branch_datetime_operator', 'example_branch_datetime_operator_3', 'example_branch_datetime_operator_2' retrieved from /home/airflow/.local/lib/python3.12/site-packages/airflow/example_dags/example_branch_datetime_operator.py
[2025-04-11T13:08:19.814+0000] {logging_mixin.py:190} INFO - [2025-04-11T13:08:19.814+0000] {dag.py:3239} INFO - Sync 3 DAGs
[2025-04-11T13:08:19.868+0000] {logging_mixin.py:190} INFO - [2025-04-11T13:08:19.867+0000] {dag.py:4180} INFO - Setting next_dagrun for example_branch_datetime_operator to 2025-04-10 00:00:00+00:00, run_after=2025-04-11 00:00:00+00:00
[2025-04-11T13:08:19.877+0000] {logging_mixin.py:190} INFO - [2025-04-11T13:08:19.877+0000] {dag.py:4180} INFO - Setting next_dagrun for example_branch_datetime_operator_2 to 2025-04-10 00:00:00+00:00, run_after=2025-04-11 00:00:00+00:00
[2025-04-11T13:08:19.883+0000] {logging_mixin.py:190} INFO - [2025-04-11T13:08:19.882+0000] {dag.py:4180} INFO - Setting next_dagrun for example_branch_datetime_operator_3 to 2025-04-10 00:00:00+00:00, run_after=2025-04-11 00:00:00+00:00
[2025-04-11T13:08:19.917+0000] {processor.py:208} INFO - Processing /home/airflow/.local/lib/python3.12/site-packages/airflow/example_dags/example_branch_datetime_operator.py took 0.202 seconds
[2025-04-11T13:08:50.073+0000] {processor.py:186} INFO - Started process (PID=83078) to work on /home/airflow/.local/lib/python3.12/site-packages/airflow/example_dags/example_branch_datetime_operator.py
[2025-04-11T13:08:50.075+0000] {processor.py:914} INFO - Processing file /home/airflow/.local/lib/python3.12/site-packages/airflow/example_dags/example_branch_datetime_operator.py for tasks to queue
[2025-04-11T13:08:50.078+0000] {logging_mixin.py:190} INFO - [2025-04-11T13:08:50.077+0000] {dagbag.py:588} INFO - Filling up the DagBag from /home/airflow/.local/lib/python3.12/site-packages/airflow/example_dags/example_branch_datetime_operator.py
[2025-04-11T13:08:50.103+0000] {processor.py:925} INFO - DAG(s) 'example_branch_datetime_operator', 'example_branch_datetime_operator_2', 'example_branch_datetime_operator_3' retrieved from /home/airflow/.local/lib/python3.12/site-packages/airflow/example_dags/example_branch_datetime_operator.py
[2025-04-11T13:08:50.155+0000] {logging_mixin.py:190} INFO - [2025-04-11T13:08:50.154+0000] {dag.py:3239} INFO - Sync 3 DAGs
[2025-04-11T13:08:50.201+0000] {logging_mixin.py:190} INFO - [2025-04-11T13:08:50.201+0000] {dag.py:4180} INFO - Setting next_dagrun for example_branch_datetime_operator to 2025-04-10 00:00:00+00:00, run_after=2025-04-11 00:00:00+00:00
[2025-04-11T13:08:50.211+0000] {logging_mixin.py:190} INFO - [2025-04-11T13:08:50.211+0000] {dag.py:4180} INFO - Setting next_dagrun for example_branch_datetime_operator_2 to 2025-04-10 00:00:00+00:00, run_after=2025-04-11 00:00:00+00:00
[2025-04-11T13:08:50.216+0000] {logging_mixin.py:190} INFO - [2025-04-11T13:08:50.216+0000] {dag.py:4180} INFO - Setting next_dagrun for example_branch_datetime_operator_3 to 2025-04-10 00:00:00+00:00, run_after=2025-04-11 00:00:00+00:00
[2025-04-11T13:08:50.250+0000] {processor.py:208} INFO - Processing /home/airflow/.local/lib/python3.12/site-packages/airflow/example_dags/example_branch_datetime_operator.py took 0.185 seconds
[2025-04-11T13:09:20.583+0000] {processor.py:186} INFO - Started process (PID=83143) to work on /home/airflow/.local/lib/python3.12/site-packages/airflow/example_dags/example_branch_datetime_operator.py
[2025-04-11T13:09:20.585+0000] {processor.py:914} INFO - Processing file /home/airflow/.local/lib/python3.12/site-packages/airflow/example_dags/example_branch_datetime_operator.py for tasks to queue
[2025-04-11T13:09:20.587+0000] {logging_mixin.py:190} INFO - [2025-04-11T13:09:20.586+0000] {dagbag.py:588} INFO - Filling up the DagBag from /home/airflow/.local/lib/python3.12/site-packages/airflow/example_dags/example_branch_datetime_operator.py
[2025-04-11T13:09:20.603+0000] {processor.py:925} INFO - DAG(s) 'example_branch_datetime_operator_3', 'example_branch_datetime_operator', 'example_branch_datetime_operator_2' retrieved from /home/airflow/.local/lib/python3.12/site-packages/airflow/example_dags/example_branch_datetime_operator.py
[2025-04-11T13:09:20.646+0000] {logging_mixin.py:190} INFO - [2025-04-11T13:09:20.645+0000] {dag.py:3239} INFO - Sync 3 DAGs
[2025-04-11T13:09:20.679+0000] {logging_mixin.py:190} INFO - [2025-04-11T13:09:20.679+0000] {dag.py:4180} INFO - Setting next_dagrun for example_branch_datetime_operator to 2025-04-10 00:00:00+00:00, run_after=2025-04-11 00:00:00+00:00
[2025-04-11T13:09:20.687+0000] {logging_mixin.py:190} INFO - [2025-04-11T13:09:20.687+0000] {dag.py:4180} INFO - Setting next_dagrun for example_branch_datetime_operator_2 to 2025-04-10 00:00:00+00:00, run_after=2025-04-11 00:00:00+00:00
[2025-04-11T13:09:20.691+0000] {logging_mixin.py:190} INFO - [2025-04-11T13:09:20.691+0000] {dag.py:4180} INFO - Setting next_dagrun for example_branch_datetime_operator_3 to 2025-04-10 00:00:00+00:00, run_after=2025-04-11 00:00:00+00:00
[2025-04-11T13:09:20.726+0000] {processor.py:208} INFO - Processing /home/airflow/.local/lib/python3.12/site-packages/airflow/example_dags/example_branch_datetime_operator.py took 0.151 seconds
[2025-04-11T13:09:50.858+0000] {processor.py:186} INFO - Started process (PID=83208) to work on /home/airflow/.local/lib/python3.12/site-packages/airflow/example_dags/example_branch_datetime_operator.py
[2025-04-11T13:09:50.860+0000] {processor.py:914} INFO - Processing file /home/airflow/.local/lib/python3.12/site-packages/airflow/example_dags/example_branch_datetime_operator.py for tasks to queue
[2025-04-11T13:09:50.862+0000] {logging_mixin.py:190} INFO - [2025-04-11T13:09:50.862+0000] {dagbag.py:588} INFO - Filling up the DagBag from /home/airflow/.local/lib/python3.12/site-packages/airflow/example_dags/example_branch_datetime_operator.py
[2025-04-11T13:09:50.882+0000] {processor.py:925} INFO - DAG(s) 'example_branch_datetime_operator_3', 'example_branch_datetime_operator_2', 'example_branch_datetime_operator' retrieved from /home/airflow/.local/lib/python3.12/site-packages/airflow/example_dags/example_branch_datetime_operator.py
[2025-04-11T13:09:50.933+0000] {logging_mixin.py:190} INFO - [2025-04-11T13:09:50.932+0000] {dag.py:3239} INFO - Sync 3 DAGs
[2025-04-11T13:09:50.977+0000] {logging_mixin.py:190} INFO - [2025-04-11T13:09:50.976+0000] {dag.py:4180} INFO - Setting next_dagrun for example_branch_datetime_operator to 2025-04-10 00:00:00+00:00, run_after=2025-04-11 00:00:00+00:00
[2025-04-11T13:09:50.989+0000] {logging_mixin.py:190} INFO - [2025-04-11T13:09:50.988+0000] {dag.py:4180} INFO - Setting next_dagrun for example_branch_datetime_operator_2 to 2025-04-10 00:00:00+00:00, run_after=2025-04-11 00:00:00+00:00
[2025-04-11T13:09:50.995+0000] {logging_mixin.py:190} INFO - [2025-04-11T13:09:50.995+0000] {dag.py:4180} INFO - Setting next_dagrun for example_branch_datetime_operator_3 to 2025-04-10 00:00:00+00:00, run_after=2025-04-11 00:00:00+00:00
[2025-04-11T13:09:51.026+0000] {processor.py:208} INFO - Processing /home/airflow/.local/lib/python3.12/site-packages/airflow/example_dags/example_branch_datetime_operator.py took 0.178 seconds
[2025-04-11T13:10:21.444+0000] {processor.py:186} INFO - Started process (PID=83272) to work on /home/airflow/.local/lib/python3.12/site-packages/airflow/example_dags/example_branch_datetime_operator.py
[2025-04-11T13:10:21.446+0000] {processor.py:914} INFO - Processing file /home/airflow/.local/lib/python3.12/site-packages/airflow/example_dags/example_branch_datetime_operator.py for tasks to queue
[2025-04-11T13:10:21.448+0000] {logging_mixin.py:190} INFO - [2025-04-11T13:10:21.447+0000] {dagbag.py:588} INFO - Filling up the DagBag from /home/airflow/.local/lib/python3.12/site-packages/airflow/example_dags/example_branch_datetime_operator.py
[2025-04-11T13:10:21.473+0000] {processor.py:925} INFO - DAG(s) 'example_branch_datetime_operator_3', 'example_branch_datetime_operator', 'example_branch_datetime_operator_2' retrieved from /home/airflow/.local/lib/python3.12/site-packages/airflow/example_dags/example_branch_datetime_operator.py
[2025-04-11T13:10:21.517+0000] {logging_mixin.py:190} INFO - [2025-04-11T13:10:21.517+0000] {dag.py:3239} INFO - Sync 3 DAGs
[2025-04-11T13:10:21.552+0000] {logging_mixin.py:190} INFO - [2025-04-11T13:10:21.551+0000] {dag.py:4180} INFO - Setting next_dagrun for example_branch_datetime_operator to 2025-04-10 00:00:00+00:00, run_after=2025-04-11 00:00:00+00:00
[2025-04-11T13:10:21.560+0000] {logging_mixin.py:190} INFO - [2025-04-11T13:10:21.560+0000] {dag.py:4180} INFO - Setting next_dagrun for example_branch_datetime_operator_2 to 2025-04-10 00:00:00+00:00, run_after=2025-04-11 00:00:00+00:00
[2025-04-11T13:10:21.564+0000] {logging_mixin.py:190} INFO - [2025-04-11T13:10:21.564+0000] {dag.py:4180} INFO - Setting next_dagrun for example_branch_datetime_operator_3 to 2025-04-10 00:00:00+00:00, run_after=2025-04-11 00:00:00+00:00
[2025-04-11T13:10:21.615+0000] {processor.py:208} INFO - Processing /home/airflow/.local/lib/python3.12/site-packages/airflow/example_dags/example_branch_datetime_operator.py took 0.179 seconds
[2025-04-11T13:10:52.316+0000] {processor.py:186} INFO - Started process (PID=83337) to work on /home/airflow/.local/lib/python3.12/site-packages/airflow/example_dags/example_branch_datetime_operator.py
[2025-04-11T13:10:52.318+0000] {processor.py:914} INFO - Processing file /home/airflow/.local/lib/python3.12/site-packages/airflow/example_dags/example_branch_datetime_operator.py for tasks to queue
[2025-04-11T13:10:52.320+0000] {logging_mixin.py:190} INFO - [2025-04-11T13:10:52.319+0000] {dagbag.py:588} INFO - Filling up the DagBag from /home/airflow/.local/lib/python3.12/site-packages/airflow/example_dags/example_branch_datetime_operator.py
[2025-04-11T13:10:52.344+0000] {processor.py:925} INFO - DAG(s) 'example_branch_datetime_operator', 'example_branch_datetime_operator_3', 'example_branch_datetime_operator_2' retrieved from /home/airflow/.local/lib/python3.12/site-packages/airflow/example_dags/example_branch_datetime_operator.py
[2025-04-11T13:10:52.394+0000] {logging_mixin.py:190} INFO - [2025-04-11T13:10:52.393+0000] {dag.py:3239} INFO - Sync 3 DAGs
[2025-04-11T13:10:52.442+0000] {logging_mixin.py:190} INFO - [2025-04-11T13:10:52.442+0000] {dag.py:4180} INFO - Setting next_dagrun for example_branch_datetime_operator to 2025-04-10 00:00:00+00:00, run_after=2025-04-11 00:00:00+00:00
[2025-04-11T13:10:52.453+0000] {logging_mixin.py:190} INFO - [2025-04-11T13:10:52.452+0000] {dag.py:4180} INFO - Setting next_dagrun for example_branch_datetime_operator_2 to 2025-04-10 00:00:00+00:00, run_after=2025-04-11 00:00:00+00:00
[2025-04-11T13:10:52.460+0000] {logging_mixin.py:190} INFO - [2025-04-11T13:10:52.459+0000] {dag.py:4180} INFO - Setting next_dagrun for example_branch_datetime_operator_3 to 2025-04-10 00:00:00+00:00, run_after=2025-04-11 00:00:00+00:00
[2025-04-11T13:10:52.502+0000] {processor.py:208} INFO - Processing /home/airflow/.local/lib/python3.12/site-packages/airflow/example_dags/example_branch_datetime_operator.py took 0.194 seconds
[2025-04-11T13:11:22.754+0000] {processor.py:186} INFO - Started process (PID=83402) to work on /home/airflow/.local/lib/python3.12/site-packages/airflow/example_dags/example_branch_datetime_operator.py
[2025-04-11T13:11:22.756+0000] {processor.py:914} INFO - Processing file /home/airflow/.local/lib/python3.12/site-packages/airflow/example_dags/example_branch_datetime_operator.py for tasks to queue
[2025-04-11T13:11:22.759+0000] {logging_mixin.py:190} INFO - [2025-04-11T13:11:22.758+0000] {dagbag.py:588} INFO - Filling up the DagBag from /home/airflow/.local/lib/python3.12/site-packages/airflow/example_dags/example_branch_datetime_operator.py
[2025-04-11T13:11:22.781+0000] {processor.py:925} INFO - DAG(s) 'example_branch_datetime_operator_2', 'example_branch_datetime_operator', 'example_branch_datetime_operator_3' retrieved from /home/airflow/.local/lib/python3.12/site-packages/airflow/example_dags/example_branch_datetime_operator.py
[2025-04-11T13:11:22.849+0000] {logging_mixin.py:190} INFO - [2025-04-11T13:11:22.848+0000] {dag.py:3239} INFO - Sync 3 DAGs
[2025-04-11T13:11:22.904+0000] {logging_mixin.py:190} INFO - [2025-04-11T13:11:22.904+0000] {dag.py:4180} INFO - Setting next_dagrun for example_branch_datetime_operator to 2025-04-10 00:00:00+00:00, run_after=2025-04-11 00:00:00+00:00
[2025-04-11T13:11:22.915+0000] {logging_mixin.py:190} INFO - [2025-04-11T13:11:22.915+0000] {dag.py:4180} INFO - Setting next_dagrun for example_branch_datetime_operator_2 to 2025-04-10 00:00:00+00:00, run_after=2025-04-11 00:00:00+00:00
[2025-04-11T13:11:22.924+0000] {logging_mixin.py:190} INFO - [2025-04-11T13:11:22.924+0000] {dag.py:4180} INFO - Setting next_dagrun for example_branch_datetime_operator_3 to 2025-04-10 00:00:00+00:00, run_after=2025-04-11 00:00:00+00:00
[2025-04-11T13:11:22.974+0000] {processor.py:208} INFO - Processing /home/airflow/.local/lib/python3.12/site-packages/airflow/example_dags/example_branch_datetime_operator.py took 0.230 seconds
[2025-04-11T13:11:53.660+0000] {processor.py:186} INFO - Started process (PID=83467) to work on /home/airflow/.local/lib/python3.12/site-packages/airflow/example_dags/example_branch_datetime_operator.py
[2025-04-11T13:11:53.662+0000] {processor.py:914} INFO - Processing file /home/airflow/.local/lib/python3.12/site-packages/airflow/example_dags/example_branch_datetime_operator.py for tasks to queue
[2025-04-11T13:11:53.664+0000] {logging_mixin.py:190} INFO - [2025-04-11T13:11:53.664+0000] {dagbag.py:588} INFO - Filling up the DagBag from /home/airflow/.local/lib/python3.12/site-packages/airflow/example_dags/example_branch_datetime_operator.py
[2025-04-11T13:11:53.688+0000] {processor.py:925} INFO - DAG(s) 'example_branch_datetime_operator', 'example_branch_datetime_operator_2', 'example_branch_datetime_operator_3' retrieved from /home/airflow/.local/lib/python3.12/site-packages/airflow/example_dags/example_branch_datetime_operator.py
[2025-04-11T13:11:53.738+0000] {logging_mixin.py:190} INFO - [2025-04-11T13:11:53.737+0000] {dag.py:3239} INFO - Sync 3 DAGs
[2025-04-11T13:11:53.784+0000] {logging_mixin.py:190} INFO - [2025-04-11T13:11:53.784+0000] {dag.py:4180} INFO - Setting next_dagrun for example_branch_datetime_operator to 2025-04-10 00:00:00+00:00, run_after=2025-04-11 00:00:00+00:00
[2025-04-11T13:11:53.793+0000] {logging_mixin.py:190} INFO - [2025-04-11T13:11:53.792+0000] {dag.py:4180} INFO - Setting next_dagrun for example_branch_datetime_operator_2 to 2025-04-10 00:00:00+00:00, run_after=2025-04-11 00:00:00+00:00
[2025-04-11T13:11:53.797+0000] {logging_mixin.py:190} INFO - [2025-04-11T13:11:53.797+0000] {dag.py:4180} INFO - Setting next_dagrun for example_branch_datetime_operator_3 to 2025-04-10 00:00:00+00:00, run_after=2025-04-11 00:00:00+00:00
[2025-04-11T13:11:53.832+0000] {processor.py:208} INFO - Processing /home/airflow/.local/lib/python3.12/site-packages/airflow/example_dags/example_branch_datetime_operator.py took 0.180 seconds
[2025-04-11T13:12:25.243+0000] {processor.py:186} INFO - Started process (PID=83532) to work on /home/airflow/.local/lib/python3.12/site-packages/airflow/example_dags/example_branch_datetime_operator.py
[2025-04-11T13:12:25.246+0000] {processor.py:914} INFO - Processing file /home/airflow/.local/lib/python3.12/site-packages/airflow/example_dags/example_branch_datetime_operator.py for tasks to queue
[2025-04-11T13:12:25.250+0000] {logging_mixin.py:190} INFO - [2025-04-11T13:12:25.249+0000] {dagbag.py:588} INFO - Filling up the DagBag from /home/airflow/.local/lib/python3.12/site-packages/airflow/example_dags/example_branch_datetime_operator.py
[2025-04-11T13:12:25.289+0000] {processor.py:925} INFO - DAG(s) 'example_branch_datetime_operator_2', 'example_branch_datetime_operator_3', 'example_branch_datetime_operator' retrieved from /home/airflow/.local/lib/python3.12/site-packages/airflow/example_dags/example_branch_datetime_operator.py
[2025-04-11T13:12:25.335+0000] {logging_mixin.py:190} INFO - [2025-04-11T13:12:25.335+0000] {dag.py:3239} INFO - Sync 3 DAGs
[2025-04-11T13:12:25.457+0000] {logging_mixin.py:190} INFO - [2025-04-11T13:12:25.453+0000] {dag.py:4180} INFO - Setting next_dagrun for example_branch_datetime_operator to 2025-04-10 00:00:00+00:00, run_after=2025-04-11 00:00:00+00:00
[2025-04-11T13:12:25.479+0000] {logging_mixin.py:190} INFO - [2025-04-11T13:12:25.478+0000] {dag.py:4180} INFO - Setting next_dagrun for example_branch_datetime_operator_2 to 2025-04-10 00:00:00+00:00, run_after=2025-04-11 00:00:00+00:00
[2025-04-11T13:12:25.486+0000] {logging_mixin.py:190} INFO - [2025-04-11T13:12:25.485+0000] {dag.py:4180} INFO - Setting next_dagrun for example_branch_datetime_operator_3 to 2025-04-10 00:00:00+00:00, run_after=2025-04-11 00:00:00+00:00
[2025-04-11T13:12:25.532+0000] {processor.py:208} INFO - Processing /home/airflow/.local/lib/python3.12/site-packages/airflow/example_dags/example_branch_datetime_operator.py took 0.302 seconds
[2025-04-11T13:12:55.650+0000] {processor.py:186} INFO - Started process (PID=83593) to work on /home/airflow/.local/lib/python3.12/site-packages/airflow/example_dags/example_branch_datetime_operator.py
[2025-04-11T13:12:55.651+0000] {processor.py:914} INFO - Processing file /home/airflow/.local/lib/python3.12/site-packages/airflow/example_dags/example_branch_datetime_operator.py for tasks to queue
[2025-04-11T13:12:55.653+0000] {logging_mixin.py:190} INFO - [2025-04-11T13:12:55.653+0000] {dagbag.py:588} INFO - Filling up the DagBag from /home/airflow/.local/lib/python3.12/site-packages/airflow/example_dags/example_branch_datetime_operator.py
[2025-04-11T13:12:55.672+0000] {processor.py:925} INFO - DAG(s) 'example_branch_datetime_operator_3', 'example_branch_datetime_operator', 'example_branch_datetime_operator_2' retrieved from /home/airflow/.local/lib/python3.12/site-packages/airflow/example_dags/example_branch_datetime_operator.py
[2025-04-11T13:12:55.738+0000] {logging_mixin.py:190} INFO - [2025-04-11T13:12:55.738+0000] {dag.py:3239} INFO - Sync 3 DAGs
[2025-04-11T13:12:55.779+0000] {logging_mixin.py:190} INFO - [2025-04-11T13:12:55.779+0000] {dag.py:4180} INFO - Setting next_dagrun for example_branch_datetime_operator to 2025-04-10 00:00:00+00:00, run_after=2025-04-11 00:00:00+00:00
[2025-04-11T13:12:55.787+0000] {logging_mixin.py:190} INFO - [2025-04-11T13:12:55.786+0000] {dag.py:4180} INFO - Setting next_dagrun for example_branch_datetime_operator_2 to 2025-04-10 00:00:00+00:00, run_after=2025-04-11 00:00:00+00:00
[2025-04-11T13:12:55.791+0000] {logging_mixin.py:190} INFO - [2025-04-11T13:12:55.791+0000] {dag.py:4180} INFO - Setting next_dagrun for example_branch_datetime_operator_3 to 2025-04-10 00:00:00+00:00, run_after=2025-04-11 00:00:00+00:00
[2025-04-11T13:12:55.828+0000] {processor.py:208} INFO - Processing /home/airflow/.local/lib/python3.12/site-packages/airflow/example_dags/example_branch_datetime_operator.py took 0.187 seconds
[2025-04-11T13:13:26.162+0000] {processor.py:186} INFO - Started process (PID=83658) to work on /home/airflow/.local/lib/python3.12/site-packages/airflow/example_dags/example_branch_datetime_operator.py
[2025-04-11T13:13:26.163+0000] {processor.py:914} INFO - Processing file /home/airflow/.local/lib/python3.12/site-packages/airflow/example_dags/example_branch_datetime_operator.py for tasks to queue
[2025-04-11T13:13:26.165+0000] {logging_mixin.py:190} INFO - [2025-04-11T13:13:26.165+0000] {dagbag.py:588} INFO - Filling up the DagBag from /home/airflow/.local/lib/python3.12/site-packages/airflow/example_dags/example_branch_datetime_operator.py
[2025-04-11T13:13:26.180+0000] {processor.py:925} INFO - DAG(s) 'example_branch_datetime_operator_3', 'example_branch_datetime_operator', 'example_branch_datetime_operator_2' retrieved from /home/airflow/.local/lib/python3.12/site-packages/airflow/example_dags/example_branch_datetime_operator.py
[2025-04-11T13:13:26.217+0000] {logging_mixin.py:190} INFO - [2025-04-11T13:13:26.216+0000] {dag.py:3239} INFO - Sync 3 DAGs
[2025-04-11T13:13:26.255+0000] {logging_mixin.py:190} INFO - [2025-04-11T13:13:26.255+0000] {dag.py:4180} INFO - Setting next_dagrun for example_branch_datetime_operator to 2025-04-10 00:00:00+00:00, run_after=2025-04-11 00:00:00+00:00
[2025-04-11T13:13:26.263+0000] {logging_mixin.py:190} INFO - [2025-04-11T13:13:26.263+0000] {dag.py:4180} INFO - Setting next_dagrun for example_branch_datetime_operator_2 to 2025-04-10 00:00:00+00:00, run_after=2025-04-11 00:00:00+00:00
[2025-04-11T13:13:26.267+0000] {logging_mixin.py:190} INFO - [2025-04-11T13:13:26.267+0000] {dag.py:4180} INFO - Setting next_dagrun for example_branch_datetime_operator_3 to 2025-04-10 00:00:00+00:00, run_after=2025-04-11 00:00:00+00:00
[2025-04-11T13:13:26.302+0000] {processor.py:208} INFO - Processing /home/airflow/.local/lib/python3.12/site-packages/airflow/example_dags/example_branch_datetime_operator.py took 0.147 seconds
[2025-04-11T13:13:56.895+0000] {processor.py:186} INFO - Started process (PID=83720) to work on /home/airflow/.local/lib/python3.12/site-packages/airflow/example_dags/example_branch_datetime_operator.py
[2025-04-11T13:13:56.897+0000] {processor.py:914} INFO - Processing file /home/airflow/.local/lib/python3.12/site-packages/airflow/example_dags/example_branch_datetime_operator.py for tasks to queue
[2025-04-11T13:13:56.900+0000] {logging_mixin.py:190} INFO - [2025-04-11T13:13:56.899+0000] {dagbag.py:588} INFO - Filling up the DagBag from /home/airflow/.local/lib/python3.12/site-packages/airflow/example_dags/example_branch_datetime_operator.py
[2025-04-11T13:13:56.919+0000] {processor.py:925} INFO - DAG(s) 'example_branch_datetime_operator_3', 'example_branch_datetime_operator_2', 'example_branch_datetime_operator' retrieved from /home/airflow/.local/lib/python3.12/site-packages/airflow/example_dags/example_branch_datetime_operator.py
[2025-04-11T13:13:56.974+0000] {logging_mixin.py:190} INFO - [2025-04-11T13:13:56.974+0000] {dag.py:3239} INFO - Sync 3 DAGs
[2025-04-11T13:13:57.026+0000] {logging_mixin.py:190} INFO - [2025-04-11T13:13:57.025+0000] {dag.py:4180} INFO - Setting next_dagrun for example_branch_datetime_operator to 2025-04-10 00:00:00+00:00, run_after=2025-04-11 00:00:00+00:00
[2025-04-11T13:13:57.036+0000] {logging_mixin.py:190} INFO - [2025-04-11T13:13:57.035+0000] {dag.py:4180} INFO - Setting next_dagrun for example_branch_datetime_operator_2 to 2025-04-10 00:00:00+00:00, run_after=2025-04-11 00:00:00+00:00
[2025-04-11T13:13:57.041+0000] {logging_mixin.py:190} INFO - [2025-04-11T13:13:57.041+0000] {dag.py:4180} INFO - Setting next_dagrun for example_branch_datetime_operator_3 to 2025-04-10 00:00:00+00:00, run_after=2025-04-11 00:00:00+00:00
[2025-04-11T13:13:57.077+0000] {processor.py:208} INFO - Processing /home/airflow/.local/lib/python3.12/site-packages/airflow/example_dags/example_branch_datetime_operator.py took 0.189 seconds
[2025-04-11T13:14:27.347+0000] {processor.py:186} INFO - Started process (PID=83784) to work on /home/airflow/.local/lib/python3.12/site-packages/airflow/example_dags/example_branch_datetime_operator.py
[2025-04-11T13:14:27.351+0000] {processor.py:914} INFO - Processing file /home/airflow/.local/lib/python3.12/site-packages/airflow/example_dags/example_branch_datetime_operator.py for tasks to queue
[2025-04-11T13:14:27.355+0000] {logging_mixin.py:190} INFO - [2025-04-11T13:14:27.354+0000] {dagbag.py:588} INFO - Filling up the DagBag from /home/airflow/.local/lib/python3.12/site-packages/airflow/example_dags/example_branch_datetime_operator.py
[2025-04-11T13:14:27.396+0000] {processor.py:925} INFO - DAG(s) 'example_branch_datetime_operator_3', 'example_branch_datetime_operator_2', 'example_branch_datetime_operator' retrieved from /home/airflow/.local/lib/python3.12/site-packages/airflow/example_dags/example_branch_datetime_operator.py
[2025-04-11T13:14:27.479+0000] {logging_mixin.py:190} INFO - [2025-04-11T13:14:27.478+0000] {dag.py:3239} INFO - Sync 3 DAGs
[2025-04-11T13:14:27.597+0000] {logging_mixin.py:190} INFO - [2025-04-11T13:14:27.597+0000] {dag.py:4180} INFO - Setting next_dagrun for example_branch_datetime_operator to 2025-04-10 00:00:00+00:00, run_after=2025-04-11 00:00:00+00:00
[2025-04-11T13:14:27.630+0000] {logging_mixin.py:190} INFO - [2025-04-11T13:14:27.629+0000] {dag.py:4180} INFO - Setting next_dagrun for example_branch_datetime_operator_2 to 2025-04-10 00:00:00+00:00, run_after=2025-04-11 00:00:00+00:00
[2025-04-11T13:14:27.642+0000] {logging_mixin.py:190} INFO - [2025-04-11T13:14:27.642+0000] {dag.py:4180} INFO - Setting next_dagrun for example_branch_datetime_operator_3 to 2025-04-10 00:00:00+00:00, run_after=2025-04-11 00:00:00+00:00
[2025-04-11T13:14:27.711+0000] {processor.py:208} INFO - Processing /home/airflow/.local/lib/python3.12/site-packages/airflow/example_dags/example_branch_datetime_operator.py took 0.383 seconds
[2025-04-11T13:14:57.936+0000] {processor.py:186} INFO - Started process (PID=83849) to work on /home/airflow/.local/lib/python3.12/site-packages/airflow/example_dags/example_branch_datetime_operator.py
[2025-04-11T13:14:57.937+0000] {processor.py:914} INFO - Processing file /home/airflow/.local/lib/python3.12/site-packages/airflow/example_dags/example_branch_datetime_operator.py for tasks to queue
[2025-04-11T13:14:57.940+0000] {logging_mixin.py:190} INFO - [2025-04-11T13:14:57.939+0000] {dagbag.py:588} INFO - Filling up the DagBag from /home/airflow/.local/lib/python3.12/site-packages/airflow/example_dags/example_branch_datetime_operator.py
[2025-04-11T13:14:57.958+0000] {processor.py:925} INFO - DAG(s) 'example_branch_datetime_operator_2', 'example_branch_datetime_operator', 'example_branch_datetime_operator_3' retrieved from /home/airflow/.local/lib/python3.12/site-packages/airflow/example_dags/example_branch_datetime_operator.py
[2025-04-11T13:14:58.000+0000] {logging_mixin.py:190} INFO - [2025-04-11T13:14:57.999+0000] {dag.py:3239} INFO - Sync 3 DAGs
[2025-04-11T13:14:58.039+0000] {logging_mixin.py:190} INFO - [2025-04-11T13:14:58.039+0000] {dag.py:4180} INFO - Setting next_dagrun for example_branch_datetime_operator to 2025-04-10 00:00:00+00:00, run_after=2025-04-11 00:00:00+00:00
[2025-04-11T13:14:58.050+0000] {logging_mixin.py:190} INFO - [2025-04-11T13:14:58.050+0000] {dag.py:4180} INFO - Setting next_dagrun for example_branch_datetime_operator_2 to 2025-04-10 00:00:00+00:00, run_after=2025-04-11 00:00:00+00:00
[2025-04-11T13:14:58.055+0000] {logging_mixin.py:190} INFO - [2025-04-11T13:14:58.055+0000] {dag.py:4180} INFO - Setting next_dagrun for example_branch_datetime_operator_3 to 2025-04-10 00:00:00+00:00, run_after=2025-04-11 00:00:00+00:00
[2025-04-11T13:14:58.084+0000] {processor.py:208} INFO - Processing /home/airflow/.local/lib/python3.12/site-packages/airflow/example_dags/example_branch_datetime_operator.py took 0.157 seconds
[2025-04-11T13:15:28.221+0000] {processor.py:186} INFO - Started process (PID=83914) to work on /home/airflow/.local/lib/python3.12/site-packages/airflow/example_dags/example_branch_datetime_operator.py
[2025-04-11T13:15:28.223+0000] {processor.py:914} INFO - Processing file /home/airflow/.local/lib/python3.12/site-packages/airflow/example_dags/example_branch_datetime_operator.py for tasks to queue
[2025-04-11T13:15:28.225+0000] {logging_mixin.py:190} INFO - [2025-04-11T13:15:28.224+0000] {dagbag.py:588} INFO - Filling up the DagBag from /home/airflow/.local/lib/python3.12/site-packages/airflow/example_dags/example_branch_datetime_operator.py
[2025-04-11T13:15:28.241+0000] {processor.py:925} INFO - DAG(s) 'example_branch_datetime_operator', 'example_branch_datetime_operator_3', 'example_branch_datetime_operator_2' retrieved from /home/airflow/.local/lib/python3.12/site-packages/airflow/example_dags/example_branch_datetime_operator.py
[2025-04-11T13:15:28.285+0000] {logging_mixin.py:190} INFO - [2025-04-11T13:15:28.285+0000] {dag.py:3239} INFO - Sync 3 DAGs
[2025-04-11T13:15:28.324+0000] {logging_mixin.py:190} INFO - [2025-04-11T13:15:28.324+0000] {dag.py:4180} INFO - Setting next_dagrun for example_branch_datetime_operator to 2025-04-10 00:00:00+00:00, run_after=2025-04-11 00:00:00+00:00
[2025-04-11T13:15:28.343+0000] {logging_mixin.py:190} INFO - [2025-04-11T13:15:28.343+0000] {dag.py:4180} INFO - Setting next_dagrun for example_branch_datetime_operator_2 to 2025-04-10 00:00:00+00:00, run_after=2025-04-11 00:00:00+00:00
[2025-04-11T13:15:28.348+0000] {logging_mixin.py:190} INFO - [2025-04-11T13:15:28.348+0000] {dag.py:4180} INFO - Setting next_dagrun for example_branch_datetime_operator_3 to 2025-04-10 00:00:00+00:00, run_after=2025-04-11 00:00:00+00:00
[2025-04-11T13:15:28.379+0000] {processor.py:208} INFO - Processing /home/airflow/.local/lib/python3.12/site-packages/airflow/example_dags/example_branch_datetime_operator.py took 0.169 seconds
[2025-04-11T13:15:59.163+0000] {processor.py:186} INFO - Started process (PID=83979) to work on /home/airflow/.local/lib/python3.12/site-packages/airflow/example_dags/example_branch_datetime_operator.py
[2025-04-11T13:15:59.165+0000] {processor.py:914} INFO - Processing file /home/airflow/.local/lib/python3.12/site-packages/airflow/example_dags/example_branch_datetime_operator.py for tasks to queue
[2025-04-11T13:15:59.167+0000] {logging_mixin.py:190} INFO - [2025-04-11T13:15:59.167+0000] {dagbag.py:588} INFO - Filling up the DagBag from /home/airflow/.local/lib/python3.12/site-packages/airflow/example_dags/example_branch_datetime_operator.py
[2025-04-11T13:15:59.186+0000] {processor.py:925} INFO - DAG(s) 'example_branch_datetime_operator_3', 'example_branch_datetime_operator_2', 'example_branch_datetime_operator' retrieved from /home/airflow/.local/lib/python3.12/site-packages/airflow/example_dags/example_branch_datetime_operator.py
[2025-04-11T13:15:59.226+0000] {logging_mixin.py:190} INFO - [2025-04-11T13:15:59.226+0000] {dag.py:3239} INFO - Sync 3 DAGs
[2025-04-11T13:15:59.264+0000] {logging_mixin.py:190} INFO - [2025-04-11T13:15:59.263+0000] {dag.py:4180} INFO - Setting next_dagrun for example_branch_datetime_operator to 2025-04-10 00:00:00+00:00, run_after=2025-04-11 00:00:00+00:00
[2025-04-11T13:15:59.272+0000] {logging_mixin.py:190} INFO - [2025-04-11T13:15:59.272+0000] {dag.py:4180} INFO - Setting next_dagrun for example_branch_datetime_operator_2 to 2025-04-10 00:00:00+00:00, run_after=2025-04-11 00:00:00+00:00
[2025-04-11T13:15:59.278+0000] {logging_mixin.py:190} INFO - [2025-04-11T13:15:59.278+0000] {dag.py:4180} INFO - Setting next_dagrun for example_branch_datetime_operator_3 to 2025-04-10 00:00:00+00:00, run_after=2025-04-11 00:00:00+00:00
[2025-04-11T13:15:59.308+0000] {processor.py:208} INFO - Processing /home/airflow/.local/lib/python3.12/site-packages/airflow/example_dags/example_branch_datetime_operator.py took 0.154 seconds
[2025-04-11T13:16:29.417+0000] {processor.py:186} INFO - Started process (PID=84044) to work on /home/airflow/.local/lib/python3.12/site-packages/airflow/example_dags/example_branch_datetime_operator.py
[2025-04-11T13:16:29.419+0000] {processor.py:914} INFO - Processing file /home/airflow/.local/lib/python3.12/site-packages/airflow/example_dags/example_branch_datetime_operator.py for tasks to queue
[2025-04-11T13:16:29.421+0000] {logging_mixin.py:190} INFO - [2025-04-11T13:16:29.421+0000] {dagbag.py:588} INFO - Filling up the DagBag from /home/airflow/.local/lib/python3.12/site-packages/airflow/example_dags/example_branch_datetime_operator.py
[2025-04-11T13:16:29.439+0000] {processor.py:925} INFO - DAG(s) 'example_branch_datetime_operator_3', 'example_branch_datetime_operator_2', 'example_branch_datetime_operator' retrieved from /home/airflow/.local/lib/python3.12/site-packages/airflow/example_dags/example_branch_datetime_operator.py
[2025-04-11T13:16:29.479+0000] {logging_mixin.py:190} INFO - [2025-04-11T13:16:29.478+0000] {dag.py:3239} INFO - Sync 3 DAGs
[2025-04-11T13:16:29.519+0000] {logging_mixin.py:190} INFO - [2025-04-11T13:16:29.519+0000] {dag.py:4180} INFO - Setting next_dagrun for example_branch_datetime_operator to 2025-04-10 00:00:00+00:00, run_after=2025-04-11 00:00:00+00:00
[2025-04-11T13:16:29.527+0000] {logging_mixin.py:190} INFO - [2025-04-11T13:16:29.527+0000] {dag.py:4180} INFO - Setting next_dagrun for example_branch_datetime_operator_2 to 2025-04-10 00:00:00+00:00, run_after=2025-04-11 00:00:00+00:00
[2025-04-11T13:16:29.532+0000] {logging_mixin.py:190} INFO - [2025-04-11T13:16:29.531+0000] {dag.py:4180} INFO - Setting next_dagrun for example_branch_datetime_operator_3 to 2025-04-10 00:00:00+00:00, run_after=2025-04-11 00:00:00+00:00
[2025-04-11T13:16:29.559+0000] {processor.py:208} INFO - Processing /home/airflow/.local/lib/python3.12/site-packages/airflow/example_dags/example_branch_datetime_operator.py took 0.150 seconds
[2025-04-11T13:17:00.403+0000] {processor.py:186} INFO - Started process (PID=84109) to work on /home/airflow/.local/lib/python3.12/site-packages/airflow/example_dags/example_branch_datetime_operator.py
[2025-04-11T13:17:00.404+0000] {processor.py:914} INFO - Processing file /home/airflow/.local/lib/python3.12/site-packages/airflow/example_dags/example_branch_datetime_operator.py for tasks to queue
[2025-04-11T13:17:00.407+0000] {logging_mixin.py:190} INFO - [2025-04-11T13:17:00.406+0000] {dagbag.py:588} INFO - Filling up the DagBag from /home/airflow/.local/lib/python3.12/site-packages/airflow/example_dags/example_branch_datetime_operator.py
[2025-04-11T13:17:00.424+0000] {processor.py:925} INFO - DAG(s) 'example_branch_datetime_operator_3', 'example_branch_datetime_operator_2', 'example_branch_datetime_operator' retrieved from /home/airflow/.local/lib/python3.12/site-packages/airflow/example_dags/example_branch_datetime_operator.py
[2025-04-11T13:17:00.467+0000] {logging_mixin.py:190} INFO - [2025-04-11T13:17:00.466+0000] {dag.py:3239} INFO - Sync 3 DAGs
[2025-04-11T13:17:00.516+0000] {logging_mixin.py:190} INFO - [2025-04-11T13:17:00.515+0000] {dag.py:4180} INFO - Setting next_dagrun for example_branch_datetime_operator to 2025-04-10 00:00:00+00:00, run_after=2025-04-11 00:00:00+00:00
[2025-04-11T13:17:00.526+0000] {logging_mixin.py:190} INFO - [2025-04-11T13:17:00.526+0000] {dag.py:4180} INFO - Setting next_dagrun for example_branch_datetime_operator_2 to 2025-04-10 00:00:00+00:00, run_after=2025-04-11 00:00:00+00:00
[2025-04-11T13:17:00.531+0000] {logging_mixin.py:190} INFO - [2025-04-11T13:17:00.531+0000] {dag.py:4180} INFO - Setting next_dagrun for example_branch_datetime_operator_3 to 2025-04-10 00:00:00+00:00, run_after=2025-04-11 00:00:00+00:00
[2025-04-11T13:17:00.565+0000] {processor.py:208} INFO - Processing /home/airflow/.local/lib/python3.12/site-packages/airflow/example_dags/example_branch_datetime_operator.py took 0.170 seconds
[2025-04-11T13:17:31.386+0000] {processor.py:186} INFO - Started process (PID=84172) to work on /home/airflow/.local/lib/python3.12/site-packages/airflow/example_dags/example_branch_datetime_operator.py
[2025-04-11T13:17:31.388+0000] {processor.py:914} INFO - Processing file /home/airflow/.local/lib/python3.12/site-packages/airflow/example_dags/example_branch_datetime_operator.py for tasks to queue
[2025-04-11T13:17:31.391+0000] {logging_mixin.py:190} INFO - [2025-04-11T13:17:31.390+0000] {dagbag.py:588} INFO - Filling up the DagBag from /home/airflow/.local/lib/python3.12/site-packages/airflow/example_dags/example_branch_datetime_operator.py
[2025-04-11T13:17:31.411+0000] {processor.py:925} INFO - DAG(s) 'example_branch_datetime_operator_3', 'example_branch_datetime_operator', 'example_branch_datetime_operator_2' retrieved from /home/airflow/.local/lib/python3.12/site-packages/airflow/example_dags/example_branch_datetime_operator.py
[2025-04-11T13:17:31.471+0000] {logging_mixin.py:190} INFO - [2025-04-11T13:17:31.470+0000] {dag.py:3239} INFO - Sync 3 DAGs
[2025-04-11T13:17:31.526+0000] {logging_mixin.py:190} INFO - [2025-04-11T13:17:31.525+0000] {dag.py:4180} INFO - Setting next_dagrun for example_branch_datetime_operator to 2025-04-10 00:00:00+00:00, run_after=2025-04-11 00:00:00+00:00
[2025-04-11T13:17:31.537+0000] {logging_mixin.py:190} INFO - [2025-04-11T13:17:31.536+0000] {dag.py:4180} INFO - Setting next_dagrun for example_branch_datetime_operator_2 to 2025-04-10 00:00:00+00:00, run_after=2025-04-11 00:00:00+00:00
[2025-04-11T13:17:31.543+0000] {logging_mixin.py:190} INFO - [2025-04-11T13:17:31.542+0000] {dag.py:4180} INFO - Setting next_dagrun for example_branch_datetime_operator_3 to 2025-04-10 00:00:00+00:00, run_after=2025-04-11 00:00:00+00:00
[2025-04-11T13:17:31.581+0000] {processor.py:208} INFO - Processing /home/airflow/.local/lib/python3.12/site-packages/airflow/example_dags/example_branch_datetime_operator.py took 0.203 seconds
[2025-04-11T13:18:01.773+0000] {processor.py:186} INFO - Started process (PID=84237) to work on /home/airflow/.local/lib/python3.12/site-packages/airflow/example_dags/example_branch_datetime_operator.py
[2025-04-11T13:18:01.776+0000] {processor.py:914} INFO - Processing file /home/airflow/.local/lib/python3.12/site-packages/airflow/example_dags/example_branch_datetime_operator.py for tasks to queue
[2025-04-11T13:18:01.778+0000] {logging_mixin.py:190} INFO - [2025-04-11T13:18:01.777+0000] {dagbag.py:588} INFO - Filling up the DagBag from /home/airflow/.local/lib/python3.12/site-packages/airflow/example_dags/example_branch_datetime_operator.py
[2025-04-11T13:18:01.795+0000] {processor.py:925} INFO - DAG(s) 'example_branch_datetime_operator', 'example_branch_datetime_operator_2', 'example_branch_datetime_operator_3' retrieved from /home/airflow/.local/lib/python3.12/site-packages/airflow/example_dags/example_branch_datetime_operator.py
[2025-04-11T13:18:01.840+0000] {logging_mixin.py:190} INFO - [2025-04-11T13:18:01.839+0000] {dag.py:3239} INFO - Sync 3 DAGs
[2025-04-11T13:18:01.880+0000] {logging_mixin.py:190} INFO - [2025-04-11T13:18:01.880+0000] {dag.py:4180} INFO - Setting next_dagrun for example_branch_datetime_operator to 2025-04-10 00:00:00+00:00, run_after=2025-04-11 00:00:00+00:00
[2025-04-11T13:18:01.888+0000] {logging_mixin.py:190} INFO - [2025-04-11T13:18:01.888+0000] {dag.py:4180} INFO - Setting next_dagrun for example_branch_datetime_operator_2 to 2025-04-10 00:00:00+00:00, run_after=2025-04-11 00:00:00+00:00
[2025-04-11T13:18:01.892+0000] {logging_mixin.py:190} INFO - [2025-04-11T13:18:01.892+0000] {dag.py:4180} INFO - Setting next_dagrun for example_branch_datetime_operator_3 to 2025-04-10 00:00:00+00:00, run_after=2025-04-11 00:00:00+00:00
[2025-04-11T13:18:01.923+0000] {processor.py:208} INFO - Processing /home/airflow/.local/lib/python3.12/site-packages/airflow/example_dags/example_branch_datetime_operator.py took 0.158 seconds
[2025-04-11T13:18:32.501+0000] {processor.py:186} INFO - Started process (PID=84302) to work on /home/airflow/.local/lib/python3.12/site-packages/airflow/example_dags/example_branch_datetime_operator.py
[2025-04-11T13:18:32.503+0000] {processor.py:914} INFO - Processing file /home/airflow/.local/lib/python3.12/site-packages/airflow/example_dags/example_branch_datetime_operator.py for tasks to queue
[2025-04-11T13:18:32.505+0000] {logging_mixin.py:190} INFO - [2025-04-11T13:18:32.505+0000] {dagbag.py:588} INFO - Filling up the DagBag from /home/airflow/.local/lib/python3.12/site-packages/airflow/example_dags/example_branch_datetime_operator.py
[2025-04-11T13:18:32.524+0000] {processor.py:925} INFO - DAG(s) 'example_branch_datetime_operator', 'example_branch_datetime_operator_3', 'example_branch_datetime_operator_2' retrieved from /home/airflow/.local/lib/python3.12/site-packages/airflow/example_dags/example_branch_datetime_operator.py
[2025-04-11T13:18:32.567+0000] {logging_mixin.py:190} INFO - [2025-04-11T13:18:32.566+0000] {dag.py:3239} INFO - Sync 3 DAGs
[2025-04-11T13:18:32.605+0000] {logging_mixin.py:190} INFO - [2025-04-11T13:18:32.605+0000] {dag.py:4180} INFO - Setting next_dagrun for example_branch_datetime_operator to 2025-04-10 00:00:00+00:00, run_after=2025-04-11 00:00:00+00:00
[2025-04-11T13:18:32.613+0000] {logging_mixin.py:190} INFO - [2025-04-11T13:18:32.613+0000] {dag.py:4180} INFO - Setting next_dagrun for example_branch_datetime_operator_2 to 2025-04-10 00:00:00+00:00, run_after=2025-04-11 00:00:00+00:00
[2025-04-11T13:18:32.618+0000] {logging_mixin.py:190} INFO - [2025-04-11T13:18:32.618+0000] {dag.py:4180} INFO - Setting next_dagrun for example_branch_datetime_operator_3 to 2025-04-10 00:00:00+00:00, run_after=2025-04-11 00:00:00+00:00
[2025-04-11T13:18:32.648+0000] {processor.py:208} INFO - Processing /home/airflow/.local/lib/python3.12/site-packages/airflow/example_dags/example_branch_datetime_operator.py took 0.154 seconds
[2025-04-11T13:19:02.886+0000] {processor.py:186} INFO - Started process (PID=84368) to work on /home/airflow/.local/lib/python3.12/site-packages/airflow/example_dags/example_branch_datetime_operator.py
[2025-04-11T13:19:02.888+0000] {processor.py:914} INFO - Processing file /home/airflow/.local/lib/python3.12/site-packages/airflow/example_dags/example_branch_datetime_operator.py for tasks to queue
[2025-04-11T13:19:02.890+0000] {logging_mixin.py:190} INFO - [2025-04-11T13:19:02.890+0000] {dagbag.py:588} INFO - Filling up the DagBag from /home/airflow/.local/lib/python3.12/site-packages/airflow/example_dags/example_branch_datetime_operator.py
[2025-04-11T13:19:02.907+0000] {processor.py:925} INFO - DAG(s) 'example_branch_datetime_operator_3', 'example_branch_datetime_operator', 'example_branch_datetime_operator_2' retrieved from /home/airflow/.local/lib/python3.12/site-packages/airflow/example_dags/example_branch_datetime_operator.py
[2025-04-11T13:19:02.954+0000] {logging_mixin.py:190} INFO - [2025-04-11T13:19:02.953+0000] {dag.py:3239} INFO - Sync 3 DAGs
[2025-04-11T13:19:03.026+0000] {logging_mixin.py:190} INFO - [2025-04-11T13:19:03.024+0000] {dag.py:4180} INFO - Setting next_dagrun for example_branch_datetime_operator to 2025-04-10 00:00:00+00:00, run_after=2025-04-11 00:00:00+00:00
[2025-04-11T13:19:03.046+0000] {logging_mixin.py:190} INFO - [2025-04-11T13:19:03.046+0000] {dag.py:4180} INFO - Setting next_dagrun for example_branch_datetime_operator_2 to 2025-04-10 00:00:00+00:00, run_after=2025-04-11 00:00:00+00:00
[2025-04-11T13:19:03.053+0000] {logging_mixin.py:190} INFO - [2025-04-11T13:19:03.052+0000] {dag.py:4180} INFO - Setting next_dagrun for example_branch_datetime_operator_3 to 2025-04-10 00:00:00+00:00, run_after=2025-04-11 00:00:00+00:00
[2025-04-11T13:19:03.097+0000] {processor.py:208} INFO - Processing /home/airflow/.local/lib/python3.12/site-packages/airflow/example_dags/example_branch_datetime_operator.py took 0.217 seconds
[2025-04-11T13:19:33.560+0000] {processor.py:186} INFO - Started process (PID=84439) to work on /home/airflow/.local/lib/python3.12/site-packages/airflow/example_dags/example_branch_datetime_operator.py
[2025-04-11T13:19:33.562+0000] {processor.py:914} INFO - Processing file /home/airflow/.local/lib/python3.12/site-packages/airflow/example_dags/example_branch_datetime_operator.py for tasks to queue
[2025-04-11T13:19:33.564+0000] {logging_mixin.py:190} INFO - [2025-04-11T13:19:33.563+0000] {dagbag.py:588} INFO - Filling up the DagBag from /home/airflow/.local/lib/python3.12/site-packages/airflow/example_dags/example_branch_datetime_operator.py
[2025-04-11T13:19:33.582+0000] {processor.py:925} INFO - DAG(s) 'example_branch_datetime_operator_3', 'example_branch_datetime_operator', 'example_branch_datetime_operator_2' retrieved from /home/airflow/.local/lib/python3.12/site-packages/airflow/example_dags/example_branch_datetime_operator.py
[2025-04-11T13:19:33.624+0000] {logging_mixin.py:190} INFO - [2025-04-11T13:19:33.623+0000] {dag.py:3239} INFO - Sync 3 DAGs
[2025-04-11T13:19:33.660+0000] {logging_mixin.py:190} INFO - [2025-04-11T13:19:33.660+0000] {dag.py:4180} INFO - Setting next_dagrun for example_branch_datetime_operator to 2025-04-10 00:00:00+00:00, run_after=2025-04-11 00:00:00+00:00
[2025-04-11T13:19:33.670+0000] {logging_mixin.py:190} INFO - [2025-04-11T13:19:33.670+0000] {dag.py:4180} INFO - Setting next_dagrun for example_branch_datetime_operator_2 to 2025-04-10 00:00:00+00:00, run_after=2025-04-11 00:00:00+00:00
[2025-04-11T13:19:33.675+0000] {logging_mixin.py:190} INFO - [2025-04-11T13:19:33.675+0000] {dag.py:4180} INFO - Setting next_dagrun for example_branch_datetime_operator_3 to 2025-04-10 00:00:00+00:00, run_after=2025-04-11 00:00:00+00:00
[2025-04-11T13:19:33.702+0000] {processor.py:208} INFO - Processing /home/airflow/.local/lib/python3.12/site-packages/airflow/example_dags/example_branch_datetime_operator.py took 0.151 seconds
[2025-04-11T13:20:04.469+0000] {processor.py:186} INFO - Started process (PID=84504) to work on /home/airflow/.local/lib/python3.12/site-packages/airflow/example_dags/example_branch_datetime_operator.py
[2025-04-11T13:20:04.471+0000] {processor.py:914} INFO - Processing file /home/airflow/.local/lib/python3.12/site-packages/airflow/example_dags/example_branch_datetime_operator.py for tasks to queue
[2025-04-11T13:20:04.473+0000] {logging_mixin.py:190} INFO - [2025-04-11T13:20:04.472+0000] {dagbag.py:588} INFO - Filling up the DagBag from /home/airflow/.local/lib/python3.12/site-packages/airflow/example_dags/example_branch_datetime_operator.py
[2025-04-11T13:20:04.492+0000] {processor.py:925} INFO - DAG(s) 'example_branch_datetime_operator', 'example_branch_datetime_operator_3', 'example_branch_datetime_operator_2' retrieved from /home/airflow/.local/lib/python3.12/site-packages/airflow/example_dags/example_branch_datetime_operator.py
[2025-04-11T13:20:04.533+0000] {logging_mixin.py:190} INFO - [2025-04-11T13:20:04.533+0000] {dag.py:3239} INFO - Sync 3 DAGs
[2025-04-11T13:20:04.569+0000] {logging_mixin.py:190} INFO - [2025-04-11T13:20:04.568+0000] {dag.py:4180} INFO - Setting next_dagrun for example_branch_datetime_operator to 2025-04-10 00:00:00+00:00, run_after=2025-04-11 00:00:00+00:00
[2025-04-11T13:20:04.576+0000] {logging_mixin.py:190} INFO - [2025-04-11T13:20:04.576+0000] {dag.py:4180} INFO - Setting next_dagrun for example_branch_datetime_operator_2 to 2025-04-10 00:00:00+00:00, run_after=2025-04-11 00:00:00+00:00
[2025-04-11T13:20:04.581+0000] {logging_mixin.py:190} INFO - [2025-04-11T13:20:04.581+0000] {dag.py:4180} INFO - Setting next_dagrun for example_branch_datetime_operator_3 to 2025-04-10 00:00:00+00:00, run_after=2025-04-11 00:00:00+00:00
[2025-04-11T13:20:04.610+0000] {processor.py:208} INFO - Processing /home/airflow/.local/lib/python3.12/site-packages/airflow/example_dags/example_branch_datetime_operator.py took 0.148 seconds
[2025-04-11T13:20:34.982+0000] {processor.py:186} INFO - Started process (PID=84569) to work on /home/airflow/.local/lib/python3.12/site-packages/airflow/example_dags/example_branch_datetime_operator.py
[2025-04-11T13:20:34.984+0000] {processor.py:914} INFO - Processing file /home/airflow/.local/lib/python3.12/site-packages/airflow/example_dags/example_branch_datetime_operator.py for tasks to queue
[2025-04-11T13:20:34.987+0000] {logging_mixin.py:190} INFO - [2025-04-11T13:20:34.986+0000] {dagbag.py:588} INFO - Filling up the DagBag from /home/airflow/.local/lib/python3.12/site-packages/airflow/example_dags/example_branch_datetime_operator.py
[2025-04-11T13:20:35.021+0000] {processor.py:925} INFO - DAG(s) 'example_branch_datetime_operator_2', 'example_branch_datetime_operator', 'example_branch_datetime_operator_3' retrieved from /home/airflow/.local/lib/python3.12/site-packages/airflow/example_dags/example_branch_datetime_operator.py
[2025-04-11T13:20:35.080+0000] {logging_mixin.py:190} INFO - [2025-04-11T13:20:35.080+0000] {dag.py:3239} INFO - Sync 3 DAGs
[2025-04-11T13:20:35.119+0000] {logging_mixin.py:190} INFO - [2025-04-11T13:20:35.119+0000] {dag.py:4180} INFO - Setting next_dagrun for example_branch_datetime_operator to 2025-04-10 00:00:00+00:00, run_after=2025-04-11 00:00:00+00:00
[2025-04-11T13:20:35.129+0000] {logging_mixin.py:190} INFO - [2025-04-11T13:20:35.128+0000] {dag.py:4180} INFO - Setting next_dagrun for example_branch_datetime_operator_2 to 2025-04-10 00:00:00+00:00, run_after=2025-04-11 00:00:00+00:00
[2025-04-11T13:20:35.134+0000] {logging_mixin.py:190} INFO - [2025-04-11T13:20:35.133+0000] {dag.py:4180} INFO - Setting next_dagrun for example_branch_datetime_operator_3 to 2025-04-10 00:00:00+00:00, run_after=2025-04-11 00:00:00+00:00
[2025-04-11T13:20:35.165+0000] {processor.py:208} INFO - Processing /home/airflow/.local/lib/python3.12/site-packages/airflow/example_dags/example_branch_datetime_operator.py took 0.192 seconds
[2025-04-11T13:21:05.388+0000] {processor.py:186} INFO - Started process (PID=84634) to work on /home/airflow/.local/lib/python3.12/site-packages/airflow/example_dags/example_branch_datetime_operator.py
[2025-04-11T13:21:05.390+0000] {processor.py:914} INFO - Processing file /home/airflow/.local/lib/python3.12/site-packages/airflow/example_dags/example_branch_datetime_operator.py for tasks to queue
[2025-04-11T13:21:05.392+0000] {logging_mixin.py:190} INFO - [2025-04-11T13:21:05.392+0000] {dagbag.py:588} INFO - Filling up the DagBag from /home/airflow/.local/lib/python3.12/site-packages/airflow/example_dags/example_branch_datetime_operator.py
[2025-04-11T13:21:05.411+0000] {processor.py:925} INFO - DAG(s) 'example_branch_datetime_operator', 'example_branch_datetime_operator_3', 'example_branch_datetime_operator_2' retrieved from /home/airflow/.local/lib/python3.12/site-packages/airflow/example_dags/example_branch_datetime_operator.py
[2025-04-11T13:21:05.485+0000] {logging_mixin.py:190} INFO - [2025-04-11T13:21:05.484+0000] {dag.py:3239} INFO - Sync 3 DAGs
[2025-04-11T13:21:05.541+0000] {logging_mixin.py:190} INFO - [2025-04-11T13:21:05.541+0000] {dag.py:4180} INFO - Setting next_dagrun for example_branch_datetime_operator to 2025-04-10 00:00:00+00:00, run_after=2025-04-11 00:00:00+00:00
[2025-04-11T13:21:05.552+0000] {logging_mixin.py:190} INFO - [2025-04-11T13:21:05.552+0000] {dag.py:4180} INFO - Setting next_dagrun for example_branch_datetime_operator_2 to 2025-04-10 00:00:00+00:00, run_after=2025-04-11 00:00:00+00:00
[2025-04-11T13:21:05.560+0000] {logging_mixin.py:190} INFO - [2025-04-11T13:21:05.559+0000] {dag.py:4180} INFO - Setting next_dagrun for example_branch_datetime_operator_3 to 2025-04-10 00:00:00+00:00, run_after=2025-04-11 00:00:00+00:00
[2025-04-11T13:21:05.601+0000] {processor.py:208} INFO - Processing /home/airflow/.local/lib/python3.12/site-packages/airflow/example_dags/example_branch_datetime_operator.py took 0.220 seconds
[2025-04-11T13:21:36.266+0000] {processor.py:186} INFO - Started process (PID=84699) to work on /home/airflow/.local/lib/python3.12/site-packages/airflow/example_dags/example_branch_datetime_operator.py
[2025-04-11T13:21:36.267+0000] {processor.py:914} INFO - Processing file /home/airflow/.local/lib/python3.12/site-packages/airflow/example_dags/example_branch_datetime_operator.py for tasks to queue
[2025-04-11T13:21:36.270+0000] {logging_mixin.py:190} INFO - [2025-04-11T13:21:36.269+0000] {dagbag.py:588} INFO - Filling up the DagBag from /home/airflow/.local/lib/python3.12/site-packages/airflow/example_dags/example_branch_datetime_operator.py
[2025-04-11T13:21:36.292+0000] {processor.py:925} INFO - DAG(s) 'example_branch_datetime_operator_2', 'example_branch_datetime_operator', 'example_branch_datetime_operator_3' retrieved from /home/airflow/.local/lib/python3.12/site-packages/airflow/example_dags/example_branch_datetime_operator.py
[2025-04-11T13:21:36.337+0000] {logging_mixin.py:190} INFO - [2025-04-11T13:21:36.336+0000] {dag.py:3239} INFO - Sync 3 DAGs
[2025-04-11T13:21:36.373+0000] {logging_mixin.py:190} INFO - [2025-04-11T13:21:36.372+0000] {dag.py:4180} INFO - Setting next_dagrun for example_branch_datetime_operator to 2025-04-10 00:00:00+00:00, run_after=2025-04-11 00:00:00+00:00
[2025-04-11T13:21:36.380+0000] {logging_mixin.py:190} INFO - [2025-04-11T13:21:36.380+0000] {dag.py:4180} INFO - Setting next_dagrun for example_branch_datetime_operator_2 to 2025-04-10 00:00:00+00:00, run_after=2025-04-11 00:00:00+00:00
[2025-04-11T13:21:36.385+0000] {logging_mixin.py:190} INFO - [2025-04-11T13:21:36.384+0000] {dag.py:4180} INFO - Setting next_dagrun for example_branch_datetime_operator_3 to 2025-04-10 00:00:00+00:00, run_after=2025-04-11 00:00:00+00:00
[2025-04-11T13:21:36.412+0000] {processor.py:208} INFO - Processing /home/airflow/.local/lib/python3.12/site-packages/airflow/example_dags/example_branch_datetime_operator.py took 0.154 seconds
[2025-04-11T13:22:07.009+0000] {processor.py:186} INFO - Started process (PID=84765) to work on /home/airflow/.local/lib/python3.12/site-packages/airflow/example_dags/example_branch_datetime_operator.py
[2025-04-11T13:22:07.011+0000] {processor.py:914} INFO - Processing file /home/airflow/.local/lib/python3.12/site-packages/airflow/example_dags/example_branch_datetime_operator.py for tasks to queue
[2025-04-11T13:22:07.013+0000] {logging_mixin.py:190} INFO - [2025-04-11T13:22:07.012+0000] {dagbag.py:588} INFO - Filling up the DagBag from /home/airflow/.local/lib/python3.12/site-packages/airflow/example_dags/example_branch_datetime_operator.py
[2025-04-11T13:22:07.032+0000] {processor.py:925} INFO - DAG(s) 'example_branch_datetime_operator', 'example_branch_datetime_operator_3', 'example_branch_datetime_operator_2' retrieved from /home/airflow/.local/lib/python3.12/site-packages/airflow/example_dags/example_branch_datetime_operator.py
[2025-04-11T13:22:07.073+0000] {logging_mixin.py:190} INFO - [2025-04-11T13:22:07.073+0000] {dag.py:3239} INFO - Sync 3 DAGs
[2025-04-11T13:22:07.110+0000] {logging_mixin.py:190} INFO - [2025-04-11T13:22:07.110+0000] {dag.py:4180} INFO - Setting next_dagrun for example_branch_datetime_operator to 2025-04-10 00:00:00+00:00, run_after=2025-04-11 00:00:00+00:00
[2025-04-11T13:22:07.120+0000] {logging_mixin.py:190} INFO - [2025-04-11T13:22:07.120+0000] {dag.py:4180} INFO - Setting next_dagrun for example_branch_datetime_operator_2 to 2025-04-10 00:00:00+00:00, run_after=2025-04-11 00:00:00+00:00
[2025-04-11T13:22:07.125+0000] {logging_mixin.py:190} INFO - [2025-04-11T13:22:07.124+0000] {dag.py:4180} INFO - Setting next_dagrun for example_branch_datetime_operator_3 to 2025-04-10 00:00:00+00:00, run_after=2025-04-11 00:00:00+00:00
[2025-04-11T13:22:07.157+0000] {processor.py:208} INFO - Processing /home/airflow/.local/lib/python3.12/site-packages/airflow/example_dags/example_branch_datetime_operator.py took 0.155 seconds
[2025-04-11T13:22:37.686+0000] {processor.py:186} INFO - Started process (PID=84830) to work on /home/airflow/.local/lib/python3.12/site-packages/airflow/example_dags/example_branch_datetime_operator.py
[2025-04-11T13:22:37.687+0000] {processor.py:914} INFO - Processing file /home/airflow/.local/lib/python3.12/site-packages/airflow/example_dags/example_branch_datetime_operator.py for tasks to queue
[2025-04-11T13:22:37.690+0000] {logging_mixin.py:190} INFO - [2025-04-11T13:22:37.689+0000] {dagbag.py:588} INFO - Filling up the DagBag from /home/airflow/.local/lib/python3.12/site-packages/airflow/example_dags/example_branch_datetime_operator.py
[2025-04-11T13:22:37.708+0000] {processor.py:925} INFO - DAG(s) 'example_branch_datetime_operator', 'example_branch_datetime_operator_2', 'example_branch_datetime_operator_3' retrieved from /home/airflow/.local/lib/python3.12/site-packages/airflow/example_dags/example_branch_datetime_operator.py
[2025-04-11T13:22:37.752+0000] {logging_mixin.py:190} INFO - [2025-04-11T13:22:37.751+0000] {dag.py:3239} INFO - Sync 3 DAGs
[2025-04-11T13:22:37.789+0000] {logging_mixin.py:190} INFO - [2025-04-11T13:22:37.788+0000] {dag.py:4180} INFO - Setting next_dagrun for example_branch_datetime_operator to 2025-04-10 00:00:00+00:00, run_after=2025-04-11 00:00:00+00:00
[2025-04-11T13:22:37.799+0000] {logging_mixin.py:190} INFO - [2025-04-11T13:22:37.798+0000] {dag.py:4180} INFO - Setting next_dagrun for example_branch_datetime_operator_2 to 2025-04-10 00:00:00+00:00, run_after=2025-04-11 00:00:00+00:00
[2025-04-11T13:22:37.804+0000] {logging_mixin.py:190} INFO - [2025-04-11T13:22:37.804+0000] {dag.py:4180} INFO - Setting next_dagrun for example_branch_datetime_operator_3 to 2025-04-10 00:00:00+00:00, run_after=2025-04-11 00:00:00+00:00
[2025-04-11T13:22:37.834+0000] {processor.py:208} INFO - Processing /home/airflow/.local/lib/python3.12/site-packages/airflow/example_dags/example_branch_datetime_operator.py took 0.156 seconds
[2025-04-11T13:23:08.538+0000] {processor.py:186} INFO - Started process (PID=84894) to work on /home/airflow/.local/lib/python3.12/site-packages/airflow/example_dags/example_branch_datetime_operator.py
[2025-04-11T13:23:08.540+0000] {processor.py:914} INFO - Processing file /home/airflow/.local/lib/python3.12/site-packages/airflow/example_dags/example_branch_datetime_operator.py for tasks to queue
[2025-04-11T13:23:08.542+0000] {logging_mixin.py:190} INFO - [2025-04-11T13:23:08.541+0000] {dagbag.py:588} INFO - Filling up the DagBag from /home/airflow/.local/lib/python3.12/site-packages/airflow/example_dags/example_branch_datetime_operator.py
[2025-04-11T13:23:08.563+0000] {processor.py:925} INFO - DAG(s) 'example_branch_datetime_operator_2', 'example_branch_datetime_operator_3', 'example_branch_datetime_operator' retrieved from /home/airflow/.local/lib/python3.12/site-packages/airflow/example_dags/example_branch_datetime_operator.py
[2025-04-11T13:23:08.614+0000] {logging_mixin.py:190} INFO - [2025-04-11T13:23:08.613+0000] {dag.py:3239} INFO - Sync 3 DAGs
[2025-04-11T13:23:08.654+0000] {logging_mixin.py:190} INFO - [2025-04-11T13:23:08.653+0000] {dag.py:4180} INFO - Setting next_dagrun for example_branch_datetime_operator to 2025-04-10 00:00:00+00:00, run_after=2025-04-11 00:00:00+00:00
[2025-04-11T13:23:08.661+0000] {logging_mixin.py:190} INFO - [2025-04-11T13:23:08.660+0000] {dag.py:4180} INFO - Setting next_dagrun for example_branch_datetime_operator_2 to 2025-04-10 00:00:00+00:00, run_after=2025-04-11 00:00:00+00:00
[2025-04-11T13:23:08.666+0000] {logging_mixin.py:190} INFO - [2025-04-11T13:23:08.665+0000] {dag.py:4180} INFO - Setting next_dagrun for example_branch_datetime_operator_3 to 2025-04-10 00:00:00+00:00, run_after=2025-04-11 00:00:00+00:00
[2025-04-11T13:23:08.704+0000] {processor.py:208} INFO - Processing /home/airflow/.local/lib/python3.12/site-packages/airflow/example_dags/example_branch_datetime_operator.py took 0.176 seconds
[2025-04-11T13:23:39.406+0000] {processor.py:186} INFO - Started process (PID=84959) to work on /home/airflow/.local/lib/python3.12/site-packages/airflow/example_dags/example_branch_datetime_operator.py
[2025-04-11T13:23:39.408+0000] {processor.py:914} INFO - Processing file /home/airflow/.local/lib/python3.12/site-packages/airflow/example_dags/example_branch_datetime_operator.py for tasks to queue
[2025-04-11T13:23:39.410+0000] {logging_mixin.py:190} INFO - [2025-04-11T13:23:39.410+0000] {dagbag.py:588} INFO - Filling up the DagBag from /home/airflow/.local/lib/python3.12/site-packages/airflow/example_dags/example_branch_datetime_operator.py
[2025-04-11T13:23:39.443+0000] {processor.py:925} INFO - DAG(s) 'example_branch_datetime_operator_3', 'example_branch_datetime_operator', 'example_branch_datetime_operator_2' retrieved from /home/airflow/.local/lib/python3.12/site-packages/airflow/example_dags/example_branch_datetime_operator.py
[2025-04-11T13:23:39.502+0000] {logging_mixin.py:190} INFO - [2025-04-11T13:23:39.501+0000] {dag.py:3239} INFO - Sync 3 DAGs
[2025-04-11T13:23:39.542+0000] {logging_mixin.py:190} INFO - [2025-04-11T13:23:39.541+0000] {dag.py:4180} INFO - Setting next_dagrun for example_branch_datetime_operator to 2025-04-10 00:00:00+00:00, run_after=2025-04-11 00:00:00+00:00
[2025-04-11T13:23:39.549+0000] {logging_mixin.py:190} INFO - [2025-04-11T13:23:39.549+0000] {dag.py:4180} INFO - Setting next_dagrun for example_branch_datetime_operator_2 to 2025-04-10 00:00:00+00:00, run_after=2025-04-11 00:00:00+00:00
[2025-04-11T13:23:39.554+0000] {logging_mixin.py:190} INFO - [2025-04-11T13:23:39.554+0000] {dag.py:4180} INFO - Setting next_dagrun for example_branch_datetime_operator_3 to 2025-04-10 00:00:00+00:00, run_after=2025-04-11 00:00:00+00:00
[2025-04-11T13:23:39.583+0000] {processor.py:208} INFO - Processing /home/airflow/.local/lib/python3.12/site-packages/airflow/example_dags/example_branch_datetime_operator.py took 0.187 seconds
[2025-04-11T13:24:10.235+0000] {processor.py:186} INFO - Started process (PID=85023) to work on /home/airflow/.local/lib/python3.12/site-packages/airflow/example_dags/example_branch_datetime_operator.py
[2025-04-11T13:24:10.237+0000] {processor.py:914} INFO - Processing file /home/airflow/.local/lib/python3.12/site-packages/airflow/example_dags/example_branch_datetime_operator.py for tasks to queue
[2025-04-11T13:24:10.240+0000] {logging_mixin.py:190} INFO - [2025-04-11T13:24:10.239+0000] {dagbag.py:588} INFO - Filling up the DagBag from /home/airflow/.local/lib/python3.12/site-packages/airflow/example_dags/example_branch_datetime_operator.py
[2025-04-11T13:24:10.268+0000] {processor.py:925} INFO - DAG(s) 'example_branch_datetime_operator', 'example_branch_datetime_operator_3', 'example_branch_datetime_operator_2' retrieved from /home/airflow/.local/lib/python3.12/site-packages/airflow/example_dags/example_branch_datetime_operator.py
[2025-04-11T13:24:10.334+0000] {logging_mixin.py:190} INFO - [2025-04-11T13:24:10.334+0000] {dag.py:3239} INFO - Sync 3 DAGs
[2025-04-11T13:24:10.400+0000] {logging_mixin.py:190} INFO - [2025-04-11T13:24:10.400+0000] {dag.py:4180} INFO - Setting next_dagrun for example_branch_datetime_operator to 2025-04-10 00:00:00+00:00, run_after=2025-04-11 00:00:00+00:00
[2025-04-11T13:24:10.415+0000] {logging_mixin.py:190} INFO - [2025-04-11T13:24:10.415+0000] {dag.py:4180} INFO - Setting next_dagrun for example_branch_datetime_operator_2 to 2025-04-10 00:00:00+00:00, run_after=2025-04-11 00:00:00+00:00
[2025-04-11T13:24:10.421+0000] {logging_mixin.py:190} INFO - [2025-04-11T13:24:10.421+0000] {dag.py:4180} INFO - Setting next_dagrun for example_branch_datetime_operator_3 to 2025-04-10 00:00:00+00:00, run_after=2025-04-11 00:00:00+00:00
[2025-04-11T13:24:10.468+0000] {processor.py:208} INFO - Processing /home/airflow/.local/lib/python3.12/site-packages/airflow/example_dags/example_branch_datetime_operator.py took 0.246 seconds
[2025-04-11T13:24:40.800+0000] {processor.py:186} INFO - Started process (PID=85088) to work on /home/airflow/.local/lib/python3.12/site-packages/airflow/example_dags/example_branch_datetime_operator.py
[2025-04-11T13:24:40.802+0000] {processor.py:914} INFO - Processing file /home/airflow/.local/lib/python3.12/site-packages/airflow/example_dags/example_branch_datetime_operator.py for tasks to queue
[2025-04-11T13:24:40.804+0000] {logging_mixin.py:190} INFO - [2025-04-11T13:24:40.804+0000] {dagbag.py:588} INFO - Filling up the DagBag from /home/airflow/.local/lib/python3.12/site-packages/airflow/example_dags/example_branch_datetime_operator.py
[2025-04-11T13:24:40.824+0000] {processor.py:925} INFO - DAG(s) 'example_branch_datetime_operator_3', 'example_branch_datetime_operator_2', 'example_branch_datetime_operator' retrieved from /home/airflow/.local/lib/python3.12/site-packages/airflow/example_dags/example_branch_datetime_operator.py
[2025-04-11T13:24:40.867+0000] {logging_mixin.py:190} INFO - [2025-04-11T13:24:40.866+0000] {dag.py:3239} INFO - Sync 3 DAGs
[2025-04-11T13:24:40.908+0000] {logging_mixin.py:190} INFO - [2025-04-11T13:24:40.907+0000] {dag.py:4180} INFO - Setting next_dagrun for example_branch_datetime_operator to 2025-04-10 00:00:00+00:00, run_after=2025-04-11 00:00:00+00:00
[2025-04-11T13:24:40.918+0000] {logging_mixin.py:190} INFO - [2025-04-11T13:24:40.918+0000] {dag.py:4180} INFO - Setting next_dagrun for example_branch_datetime_operator_2 to 2025-04-10 00:00:00+00:00, run_after=2025-04-11 00:00:00+00:00
[2025-04-11T13:24:40.922+0000] {logging_mixin.py:190} INFO - [2025-04-11T13:24:40.922+0000] {dag.py:4180} INFO - Setting next_dagrun for example_branch_datetime_operator_3 to 2025-04-10 00:00:00+00:00, run_after=2025-04-11 00:00:00+00:00
[2025-04-11T13:24:40.955+0000] {processor.py:208} INFO - Processing /home/airflow/.local/lib/python3.12/site-packages/airflow/example_dags/example_branch_datetime_operator.py took 0.166 seconds
[2025-04-11T13:25:11.655+0000] {processor.py:186} INFO - Started process (PID=85153) to work on /home/airflow/.local/lib/python3.12/site-packages/airflow/example_dags/example_branch_datetime_operator.py
[2025-04-11T13:25:11.656+0000] {processor.py:914} INFO - Processing file /home/airflow/.local/lib/python3.12/site-packages/airflow/example_dags/example_branch_datetime_operator.py for tasks to queue
[2025-04-11T13:25:11.659+0000] {logging_mixin.py:190} INFO - [2025-04-11T13:25:11.658+0000] {dagbag.py:588} INFO - Filling up the DagBag from /home/airflow/.local/lib/python3.12/site-packages/airflow/example_dags/example_branch_datetime_operator.py
[2025-04-11T13:25:11.676+0000] {processor.py:925} INFO - DAG(s) 'example_branch_datetime_operator_3', 'example_branch_datetime_operator_2', 'example_branch_datetime_operator' retrieved from /home/airflow/.local/lib/python3.12/site-packages/airflow/example_dags/example_branch_datetime_operator.py
[2025-04-11T13:25:11.724+0000] {logging_mixin.py:190} INFO - [2025-04-11T13:25:11.724+0000] {dag.py:3239} INFO - Sync 3 DAGs
[2025-04-11T13:25:11.776+0000] {logging_mixin.py:190} INFO - [2025-04-11T13:25:11.776+0000] {dag.py:4180} INFO - Setting next_dagrun for example_branch_datetime_operator to 2025-04-10 00:00:00+00:00, run_after=2025-04-11 00:00:00+00:00
[2025-04-11T13:25:11.786+0000] {logging_mixin.py:190} INFO - [2025-04-11T13:25:11.786+0000] {dag.py:4180} INFO - Setting next_dagrun for example_branch_datetime_operator_2 to 2025-04-10 00:00:00+00:00, run_after=2025-04-11 00:00:00+00:00
[2025-04-11T13:25:11.791+0000] {logging_mixin.py:190} INFO - [2025-04-11T13:25:11.791+0000] {dag.py:4180} INFO - Setting next_dagrun for example_branch_datetime_operator_3 to 2025-04-10 00:00:00+00:00, run_after=2025-04-11 00:00:00+00:00
[2025-04-11T13:25:11.825+0000] {processor.py:208} INFO - Processing /home/airflow/.local/lib/python3.12/site-packages/airflow/example_dags/example_branch_datetime_operator.py took 0.178 seconds
[2025-04-11T13:25:42.358+0000] {processor.py:186} INFO - Started process (PID=85219) to work on /home/airflow/.local/lib/python3.12/site-packages/airflow/example_dags/example_branch_datetime_operator.py
[2025-04-11T13:25:42.359+0000] {processor.py:914} INFO - Processing file /home/airflow/.local/lib/python3.12/site-packages/airflow/example_dags/example_branch_datetime_operator.py for tasks to queue
[2025-04-11T13:25:42.362+0000] {logging_mixin.py:190} INFO - [2025-04-11T13:25:42.361+0000] {dagbag.py:588} INFO - Filling up the DagBag from /home/airflow/.local/lib/python3.12/site-packages/airflow/example_dags/example_branch_datetime_operator.py
[2025-04-11T13:25:42.381+0000] {processor.py:925} INFO - DAG(s) 'example_branch_datetime_operator_2', 'example_branch_datetime_operator', 'example_branch_datetime_operator_3' retrieved from /home/airflow/.local/lib/python3.12/site-packages/airflow/example_dags/example_branch_datetime_operator.py
[2025-04-11T13:25:42.437+0000] {logging_mixin.py:190} INFO - [2025-04-11T13:25:42.436+0000] {dag.py:3239} INFO - Sync 3 DAGs
[2025-04-11T13:25:42.491+0000] {logging_mixin.py:190} INFO - [2025-04-11T13:25:42.491+0000] {dag.py:4180} INFO - Setting next_dagrun for example_branch_datetime_operator to 2025-04-10 00:00:00+00:00, run_after=2025-04-11 00:00:00+00:00
[2025-04-11T13:25:42.501+0000] {logging_mixin.py:190} INFO - [2025-04-11T13:25:42.500+0000] {dag.py:4180} INFO - Setting next_dagrun for example_branch_datetime_operator_2 to 2025-04-10 00:00:00+00:00, run_after=2025-04-11 00:00:00+00:00
[2025-04-11T13:25:42.505+0000] {logging_mixin.py:190} INFO - [2025-04-11T13:25:42.505+0000] {dag.py:4180} INFO - Setting next_dagrun for example_branch_datetime_operator_3 to 2025-04-10 00:00:00+00:00, run_after=2025-04-11 00:00:00+00:00
[2025-04-11T13:25:42.538+0000] {processor.py:208} INFO - Processing /home/airflow/.local/lib/python3.12/site-packages/airflow/example_dags/example_branch_datetime_operator.py took 0.188 seconds
[2025-04-11T13:26:13.046+0000] {processor.py:186} INFO - Started process (PID=85284) to work on /home/airflow/.local/lib/python3.12/site-packages/airflow/example_dags/example_branch_datetime_operator.py
[2025-04-11T13:26:13.048+0000] {processor.py:914} INFO - Processing file /home/airflow/.local/lib/python3.12/site-packages/airflow/example_dags/example_branch_datetime_operator.py for tasks to queue
[2025-04-11T13:26:13.051+0000] {logging_mixin.py:190} INFO - [2025-04-11T13:26:13.050+0000] {dagbag.py:588} INFO - Filling up the DagBag from /home/airflow/.local/lib/python3.12/site-packages/airflow/example_dags/example_branch_datetime_operator.py
[2025-04-11T13:26:13.068+0000] {processor.py:925} INFO - DAG(s) 'example_branch_datetime_operator_2', 'example_branch_datetime_operator', 'example_branch_datetime_operator_3' retrieved from /home/airflow/.local/lib/python3.12/site-packages/airflow/example_dags/example_branch_datetime_operator.py
[2025-04-11T13:26:13.109+0000] {logging_mixin.py:190} INFO - [2025-04-11T13:26:13.109+0000] {dag.py:3239} INFO - Sync 3 DAGs
[2025-04-11T13:26:13.146+0000] {logging_mixin.py:190} INFO - [2025-04-11T13:26:13.145+0000] {dag.py:4180} INFO - Setting next_dagrun for example_branch_datetime_operator to 2025-04-10 00:00:00+00:00, run_after=2025-04-11 00:00:00+00:00
[2025-04-11T13:26:13.155+0000] {logging_mixin.py:190} INFO - [2025-04-11T13:26:13.154+0000] {dag.py:4180} INFO - Setting next_dagrun for example_branch_datetime_operator_2 to 2025-04-10 00:00:00+00:00, run_after=2025-04-11 00:00:00+00:00
[2025-04-11T13:26:13.161+0000] {logging_mixin.py:190} INFO - [2025-04-11T13:26:13.160+0000] {dag.py:4180} INFO - Setting next_dagrun for example_branch_datetime_operator_3 to 2025-04-10 00:00:00+00:00, run_after=2025-04-11 00:00:00+00:00
[2025-04-11T13:26:13.194+0000] {processor.py:208} INFO - Processing /home/airflow/.local/lib/python3.12/site-packages/airflow/example_dags/example_branch_datetime_operator.py took 0.157 seconds
[2025-04-11T13:26:43.292+0000] {processor.py:186} INFO - Started process (PID=85349) to work on /home/airflow/.local/lib/python3.12/site-packages/airflow/example_dags/example_branch_datetime_operator.py
[2025-04-11T13:26:43.294+0000] {processor.py:914} INFO - Processing file /home/airflow/.local/lib/python3.12/site-packages/airflow/example_dags/example_branch_datetime_operator.py for tasks to queue
[2025-04-11T13:26:43.297+0000] {logging_mixin.py:190} INFO - [2025-04-11T13:26:43.296+0000] {dagbag.py:588} INFO - Filling up the DagBag from /home/airflow/.local/lib/python3.12/site-packages/airflow/example_dags/example_branch_datetime_operator.py
[2025-04-11T13:26:43.319+0000] {processor.py:925} INFO - DAG(s) 'example_branch_datetime_operator_3', 'example_branch_datetime_operator', 'example_branch_datetime_operator_2' retrieved from /home/airflow/.local/lib/python3.12/site-packages/airflow/example_dags/example_branch_datetime_operator.py
[2025-04-11T13:26:43.361+0000] {logging_mixin.py:190} INFO - [2025-04-11T13:26:43.360+0000] {dag.py:3239} INFO - Sync 3 DAGs
[2025-04-11T13:26:43.398+0000] {logging_mixin.py:190} INFO - [2025-04-11T13:26:43.398+0000] {dag.py:4180} INFO - Setting next_dagrun for example_branch_datetime_operator to 2025-04-10 00:00:00+00:00, run_after=2025-04-11 00:00:00+00:00
[2025-04-11T13:26:43.409+0000] {logging_mixin.py:190} INFO - [2025-04-11T13:26:43.408+0000] {dag.py:4180} INFO - Setting next_dagrun for example_branch_datetime_operator_2 to 2025-04-10 00:00:00+00:00, run_after=2025-04-11 00:00:00+00:00
[2025-04-11T13:26:43.414+0000] {logging_mixin.py:190} INFO - [2025-04-11T13:26:43.414+0000] {dag.py:4180} INFO - Setting next_dagrun for example_branch_datetime_operator_3 to 2025-04-10 00:00:00+00:00, run_after=2025-04-11 00:00:00+00:00
[2025-04-11T13:26:43.444+0000] {processor.py:208} INFO - Processing /home/airflow/.local/lib/python3.12/site-packages/airflow/example_dags/example_branch_datetime_operator.py took 0.158 seconds
[2025-04-11T13:27:13.773+0000] {processor.py:186} INFO - Started process (PID=85414) to work on /home/airflow/.local/lib/python3.12/site-packages/airflow/example_dags/example_branch_datetime_operator.py
[2025-04-11T13:27:13.774+0000] {processor.py:914} INFO - Processing file /home/airflow/.local/lib/python3.12/site-packages/airflow/example_dags/example_branch_datetime_operator.py for tasks to queue
[2025-04-11T13:27:13.776+0000] {logging_mixin.py:190} INFO - [2025-04-11T13:27:13.776+0000] {dagbag.py:588} INFO - Filling up the DagBag from /home/airflow/.local/lib/python3.12/site-packages/airflow/example_dags/example_branch_datetime_operator.py
[2025-04-11T13:27:13.793+0000] {processor.py:925} INFO - DAG(s) 'example_branch_datetime_operator', 'example_branch_datetime_operator_3', 'example_branch_datetime_operator_2' retrieved from /home/airflow/.local/lib/python3.12/site-packages/airflow/example_dags/example_branch_datetime_operator.py
[2025-04-11T13:27:13.832+0000] {logging_mixin.py:190} INFO - [2025-04-11T13:27:13.832+0000] {dag.py:3239} INFO - Sync 3 DAGs
[2025-04-11T13:27:13.869+0000] {logging_mixin.py:190} INFO - [2025-04-11T13:27:13.869+0000] {dag.py:4180} INFO - Setting next_dagrun for example_branch_datetime_operator to 2025-04-10 00:00:00+00:00, run_after=2025-04-11 00:00:00+00:00
[2025-04-11T13:27:13.876+0000] {logging_mixin.py:190} INFO - [2025-04-11T13:27:13.876+0000] {dag.py:4180} INFO - Setting next_dagrun for example_branch_datetime_operator_2 to 2025-04-10 00:00:00+00:00, run_after=2025-04-11 00:00:00+00:00
[2025-04-11T13:27:13.880+0000] {logging_mixin.py:190} INFO - [2025-04-11T13:27:13.880+0000] {dag.py:4180} INFO - Setting next_dagrun for example_branch_datetime_operator_3 to 2025-04-10 00:00:00+00:00, run_after=2025-04-11 00:00:00+00:00
[2025-04-11T13:27:13.908+0000] {processor.py:208} INFO - Processing /home/airflow/.local/lib/python3.12/site-packages/airflow/example_dags/example_branch_datetime_operator.py took 0.142 seconds
[2025-04-11T13:27:44.171+0000] {processor.py:186} INFO - Started process (PID=85479) to work on /home/airflow/.local/lib/python3.12/site-packages/airflow/example_dags/example_branch_datetime_operator.py
[2025-04-11T13:27:44.173+0000] {processor.py:914} INFO - Processing file /home/airflow/.local/lib/python3.12/site-packages/airflow/example_dags/example_branch_datetime_operator.py for tasks to queue
[2025-04-11T13:27:44.175+0000] {logging_mixin.py:190} INFO - [2025-04-11T13:27:44.174+0000] {dagbag.py:588} INFO - Filling up the DagBag from /home/airflow/.local/lib/python3.12/site-packages/airflow/example_dags/example_branch_datetime_operator.py
[2025-04-11T13:27:44.193+0000] {processor.py:925} INFO - DAG(s) 'example_branch_datetime_operator_2', 'example_branch_datetime_operator_3', 'example_branch_datetime_operator' retrieved from /home/airflow/.local/lib/python3.12/site-packages/airflow/example_dags/example_branch_datetime_operator.py
[2025-04-11T13:27:44.244+0000] {logging_mixin.py:190} INFO - [2025-04-11T13:27:44.243+0000] {dag.py:3239} INFO - Sync 3 DAGs
[2025-04-11T13:27:44.280+0000] {logging_mixin.py:190} INFO - [2025-04-11T13:27:44.279+0000] {dag.py:4180} INFO - Setting next_dagrun for example_branch_datetime_operator to 2025-04-10 00:00:00+00:00, run_after=2025-04-11 00:00:00+00:00
[2025-04-11T13:27:44.289+0000] {logging_mixin.py:190} INFO - [2025-04-11T13:27:44.289+0000] {dag.py:4180} INFO - Setting next_dagrun for example_branch_datetime_operator_2 to 2025-04-10 00:00:00+00:00, run_after=2025-04-11 00:00:00+00:00
[2025-04-11T13:27:44.294+0000] {logging_mixin.py:190} INFO - [2025-04-11T13:27:44.294+0000] {dag.py:4180} INFO - Setting next_dagrun for example_branch_datetime_operator_3 to 2025-04-10 00:00:00+00:00, run_after=2025-04-11 00:00:00+00:00
[2025-04-11T13:27:44.325+0000] {processor.py:208} INFO - Processing /home/airflow/.local/lib/python3.12/site-packages/airflow/example_dags/example_branch_datetime_operator.py took 0.163 seconds
[2025-04-11T13:28:14.950+0000] {processor.py:186} INFO - Started process (PID=85544) to work on /home/airflow/.local/lib/python3.12/site-packages/airflow/example_dags/example_branch_datetime_operator.py
[2025-04-11T13:28:14.951+0000] {processor.py:914} INFO - Processing file /home/airflow/.local/lib/python3.12/site-packages/airflow/example_dags/example_branch_datetime_operator.py for tasks to queue
[2025-04-11T13:28:14.954+0000] {logging_mixin.py:190} INFO - [2025-04-11T13:28:14.953+0000] {dagbag.py:588} INFO - Filling up the DagBag from /home/airflow/.local/lib/python3.12/site-packages/airflow/example_dags/example_branch_datetime_operator.py
[2025-04-11T13:28:14.981+0000] {processor.py:925} INFO - DAG(s) 'example_branch_datetime_operator_3', 'example_branch_datetime_operator_2', 'example_branch_datetime_operator' retrieved from /home/airflow/.local/lib/python3.12/site-packages/airflow/example_dags/example_branch_datetime_operator.py
[2025-04-11T13:28:15.039+0000] {logging_mixin.py:190} INFO - [2025-04-11T13:28:15.039+0000] {dag.py:3239} INFO - Sync 3 DAGs
[2025-04-11T13:28:15.082+0000] {logging_mixin.py:190} INFO - [2025-04-11T13:28:15.081+0000] {dag.py:4180} INFO - Setting next_dagrun for example_branch_datetime_operator to 2025-04-10 00:00:00+00:00, run_after=2025-04-11 00:00:00+00:00
[2025-04-11T13:28:15.092+0000] {logging_mixin.py:190} INFO - [2025-04-11T13:28:15.092+0000] {dag.py:4180} INFO - Setting next_dagrun for example_branch_datetime_operator_2 to 2025-04-10 00:00:00+00:00, run_after=2025-04-11 00:00:00+00:00
[2025-04-11T13:28:15.098+0000] {logging_mixin.py:190} INFO - [2025-04-11T13:28:15.097+0000] {dag.py:4180} INFO - Setting next_dagrun for example_branch_datetime_operator_3 to 2025-04-10 00:00:00+00:00, run_after=2025-04-11 00:00:00+00:00
[2025-04-11T13:28:15.130+0000] {processor.py:208} INFO - Processing /home/airflow/.local/lib/python3.12/site-packages/airflow/example_dags/example_branch_datetime_operator.py took 0.190 seconds
[2025-04-11T13:28:45.273+0000] {processor.py:186} INFO - Started process (PID=85610) to work on /home/airflow/.local/lib/python3.12/site-packages/airflow/example_dags/example_branch_datetime_operator.py
[2025-04-11T13:28:45.276+0000] {processor.py:914} INFO - Processing file /home/airflow/.local/lib/python3.12/site-packages/airflow/example_dags/example_branch_datetime_operator.py for tasks to queue
[2025-04-11T13:28:45.278+0000] {logging_mixin.py:190} INFO - [2025-04-11T13:28:45.277+0000] {dagbag.py:588} INFO - Filling up the DagBag from /home/airflow/.local/lib/python3.12/site-packages/airflow/example_dags/example_branch_datetime_operator.py
[2025-04-11T13:28:45.298+0000] {processor.py:925} INFO - DAG(s) 'example_branch_datetime_operator', 'example_branch_datetime_operator_3', 'example_branch_datetime_operator_2' retrieved from /home/airflow/.local/lib/python3.12/site-packages/airflow/example_dags/example_branch_datetime_operator.py
[2025-04-11T13:28:45.338+0000] {logging_mixin.py:190} INFO - [2025-04-11T13:28:45.338+0000] {dag.py:3239} INFO - Sync 3 DAGs
[2025-04-11T13:28:45.376+0000] {logging_mixin.py:190} INFO - [2025-04-11T13:28:45.376+0000] {dag.py:4180} INFO - Setting next_dagrun for example_branch_datetime_operator to 2025-04-10 00:00:00+00:00, run_after=2025-04-11 00:00:00+00:00
[2025-04-11T13:28:45.384+0000] {logging_mixin.py:190} INFO - [2025-04-11T13:28:45.384+0000] {dag.py:4180} INFO - Setting next_dagrun for example_branch_datetime_operator_2 to 2025-04-10 00:00:00+00:00, run_after=2025-04-11 00:00:00+00:00
[2025-04-11T13:28:45.389+0000] {logging_mixin.py:190} INFO - [2025-04-11T13:28:45.388+0000] {dag.py:4180} INFO - Setting next_dagrun for example_branch_datetime_operator_3 to 2025-04-10 00:00:00+00:00, run_after=2025-04-11 00:00:00+00:00
[2025-04-11T13:28:45.419+0000] {processor.py:208} INFO - Processing /home/airflow/.local/lib/python3.12/site-packages/airflow/example_dags/example_branch_datetime_operator.py took 0.155 seconds
[2025-04-11T13:29:15.617+0000] {processor.py:186} INFO - Started process (PID=85675) to work on /home/airflow/.local/lib/python3.12/site-packages/airflow/example_dags/example_branch_datetime_operator.py
[2025-04-11T13:29:15.619+0000] {processor.py:914} INFO - Processing file /home/airflow/.local/lib/python3.12/site-packages/airflow/example_dags/example_branch_datetime_operator.py for tasks to queue
[2025-04-11T13:29:15.621+0000] {logging_mixin.py:190} INFO - [2025-04-11T13:29:15.620+0000] {dagbag.py:588} INFO - Filling up the DagBag from /home/airflow/.local/lib/python3.12/site-packages/airflow/example_dags/example_branch_datetime_operator.py
[2025-04-11T13:29:15.638+0000] {processor.py:925} INFO - DAG(s) 'example_branch_datetime_operator_3', 'example_branch_datetime_operator_2', 'example_branch_datetime_operator' retrieved from /home/airflow/.local/lib/python3.12/site-packages/airflow/example_dags/example_branch_datetime_operator.py
[2025-04-11T13:29:15.680+0000] {logging_mixin.py:190} INFO - [2025-04-11T13:29:15.680+0000] {dag.py:3239} INFO - Sync 3 DAGs
[2025-04-11T13:29:15.721+0000] {logging_mixin.py:190} INFO - [2025-04-11T13:29:15.721+0000] {dag.py:4180} INFO - Setting next_dagrun for example_branch_datetime_operator to 2025-04-10 00:00:00+00:00, run_after=2025-04-11 00:00:00+00:00
[2025-04-11T13:29:15.730+0000] {logging_mixin.py:190} INFO - [2025-04-11T13:29:15.730+0000] {dag.py:4180} INFO - Setting next_dagrun for example_branch_datetime_operator_2 to 2025-04-10 00:00:00+00:00, run_after=2025-04-11 00:00:00+00:00
[2025-04-11T13:29:15.734+0000] {logging_mixin.py:190} INFO - [2025-04-11T13:29:15.734+0000] {dag.py:4180} INFO - Setting next_dagrun for example_branch_datetime_operator_3 to 2025-04-10 00:00:00+00:00, run_after=2025-04-11 00:00:00+00:00
[2025-04-11T13:29:15.769+0000] {processor.py:208} INFO - Processing /home/airflow/.local/lib/python3.12/site-packages/airflow/example_dags/example_branch_datetime_operator.py took 0.161 seconds
[2025-04-11T13:29:45.894+0000] {processor.py:186} INFO - Started process (PID=85740) to work on /home/airflow/.local/lib/python3.12/site-packages/airflow/example_dags/example_branch_datetime_operator.py
[2025-04-11T13:29:45.896+0000] {processor.py:914} INFO - Processing file /home/airflow/.local/lib/python3.12/site-packages/airflow/example_dags/example_branch_datetime_operator.py for tasks to queue
[2025-04-11T13:29:45.899+0000] {logging_mixin.py:190} INFO - [2025-04-11T13:29:45.898+0000] {dagbag.py:588} INFO - Filling up the DagBag from /home/airflow/.local/lib/python3.12/site-packages/airflow/example_dags/example_branch_datetime_operator.py
[2025-04-11T13:29:45.917+0000] {processor.py:925} INFO - DAG(s) 'example_branch_datetime_operator_2', 'example_branch_datetime_operator', 'example_branch_datetime_operator_3' retrieved from /home/airflow/.local/lib/python3.12/site-packages/airflow/example_dags/example_branch_datetime_operator.py
[2025-04-11T13:29:45.958+0000] {logging_mixin.py:190} INFO - [2025-04-11T13:29:45.957+0000] {dag.py:3239} INFO - Sync 3 DAGs
[2025-04-11T13:29:45.997+0000] {logging_mixin.py:190} INFO - [2025-04-11T13:29:45.997+0000] {dag.py:4180} INFO - Setting next_dagrun for example_branch_datetime_operator to 2025-04-10 00:00:00+00:00, run_after=2025-04-11 00:00:00+00:00
[2025-04-11T13:29:46.006+0000] {logging_mixin.py:190} INFO - [2025-04-11T13:29:46.006+0000] {dag.py:4180} INFO - Setting next_dagrun for example_branch_datetime_operator_2 to 2025-04-10 00:00:00+00:00, run_after=2025-04-11 00:00:00+00:00
[2025-04-11T13:29:46.011+0000] {logging_mixin.py:190} INFO - [2025-04-11T13:29:46.010+0000] {dag.py:4180} INFO - Setting next_dagrun for example_branch_datetime_operator_3 to 2025-04-10 00:00:00+00:00, run_after=2025-04-11 00:00:00+00:00
[2025-04-11T13:29:46.041+0000] {processor.py:208} INFO - Processing /home/airflow/.local/lib/python3.12/site-packages/airflow/example_dags/example_branch_datetime_operator.py took 0.155 seconds
[2025-04-11T13:30:16.276+0000] {processor.py:186} INFO - Started process (PID=85805) to work on /home/airflow/.local/lib/python3.12/site-packages/airflow/example_dags/example_branch_datetime_operator.py
[2025-04-11T13:30:16.277+0000] {processor.py:914} INFO - Processing file /home/airflow/.local/lib/python3.12/site-packages/airflow/example_dags/example_branch_datetime_operator.py for tasks to queue
[2025-04-11T13:30:16.280+0000] {logging_mixin.py:190} INFO - [2025-04-11T13:30:16.279+0000] {dagbag.py:588} INFO - Filling up the DagBag from /home/airflow/.local/lib/python3.12/site-packages/airflow/example_dags/example_branch_datetime_operator.py
[2025-04-11T13:30:16.304+0000] {processor.py:925} INFO - DAG(s) 'example_branch_datetime_operator_3', 'example_branch_datetime_operator_2', 'example_branch_datetime_operator' retrieved from /home/airflow/.local/lib/python3.12/site-packages/airflow/example_dags/example_branch_datetime_operator.py
[2025-04-11T13:30:16.358+0000] {logging_mixin.py:190} INFO - [2025-04-11T13:30:16.357+0000] {dag.py:3239} INFO - Sync 3 DAGs
[2025-04-11T13:30:16.405+0000] {logging_mixin.py:190} INFO - [2025-04-11T13:30:16.404+0000] {dag.py:4180} INFO - Setting next_dagrun for example_branch_datetime_operator to 2025-04-10 00:00:00+00:00, run_after=2025-04-11 00:00:00+00:00
[2025-04-11T13:30:16.419+0000] {logging_mixin.py:190} INFO - [2025-04-11T13:30:16.418+0000] {dag.py:4180} INFO - Setting next_dagrun for example_branch_datetime_operator_2 to 2025-04-10 00:00:00+00:00, run_after=2025-04-11 00:00:00+00:00
[2025-04-11T13:30:16.425+0000] {logging_mixin.py:190} INFO - [2025-04-11T13:30:16.425+0000] {dag.py:4180} INFO - Setting next_dagrun for example_branch_datetime_operator_3 to 2025-04-10 00:00:00+00:00, run_after=2025-04-11 00:00:00+00:00
[2025-04-11T13:30:16.460+0000] {processor.py:208} INFO - Processing /home/airflow/.local/lib/python3.12/site-packages/airflow/example_dags/example_branch_datetime_operator.py took 0.192 seconds
[2025-04-11T13:30:46.770+0000] {processor.py:186} INFO - Started process (PID=85868) to work on /home/airflow/.local/lib/python3.12/site-packages/airflow/example_dags/example_branch_datetime_operator.py
[2025-04-11T13:30:46.772+0000] {processor.py:914} INFO - Processing file /home/airflow/.local/lib/python3.12/site-packages/airflow/example_dags/example_branch_datetime_operator.py for tasks to queue
[2025-04-11T13:30:46.774+0000] {logging_mixin.py:190} INFO - [2025-04-11T13:30:46.773+0000] {dagbag.py:588} INFO - Filling up the DagBag from /home/airflow/.local/lib/python3.12/site-packages/airflow/example_dags/example_branch_datetime_operator.py
[2025-04-11T13:30:46.796+0000] {processor.py:925} INFO - DAG(s) 'example_branch_datetime_operator', 'example_branch_datetime_operator_3', 'example_branch_datetime_operator_2' retrieved from /home/airflow/.local/lib/python3.12/site-packages/airflow/example_dags/example_branch_datetime_operator.py
[2025-04-11T13:30:46.835+0000] {logging_mixin.py:190} INFO - [2025-04-11T13:30:46.835+0000] {dag.py:3239} INFO - Sync 3 DAGs
[2025-04-11T13:30:46.892+0000] {logging_mixin.py:190} INFO - [2025-04-11T13:30:46.891+0000] {dag.py:4180} INFO - Setting next_dagrun for example_branch_datetime_operator to 2025-04-10 00:00:00+00:00, run_after=2025-04-11 00:00:00+00:00
[2025-04-11T13:30:46.907+0000] {logging_mixin.py:190} INFO - [2025-04-11T13:30:46.907+0000] {dag.py:4180} INFO - Setting next_dagrun for example_branch_datetime_operator_2 to 2025-04-10 00:00:00+00:00, run_after=2025-04-11 00:00:00+00:00
[2025-04-11T13:30:46.913+0000] {logging_mixin.py:190} INFO - [2025-04-11T13:30:46.913+0000] {dag.py:4180} INFO - Setting next_dagrun for example_branch_datetime_operator_3 to 2025-04-10 00:00:00+00:00, run_after=2025-04-11 00:00:00+00:00
[2025-04-11T13:30:46.956+0000] {processor.py:208} INFO - Processing /home/airflow/.local/lib/python3.12/site-packages/airflow/example_dags/example_branch_datetime_operator.py took 0.194 seconds
[2025-04-11T13:31:17.482+0000] {processor.py:186} INFO - Started process (PID=85932) to work on /home/airflow/.local/lib/python3.12/site-packages/airflow/example_dags/example_branch_datetime_operator.py
[2025-04-11T13:31:17.484+0000] {processor.py:914} INFO - Processing file /home/airflow/.local/lib/python3.12/site-packages/airflow/example_dags/example_branch_datetime_operator.py for tasks to queue
[2025-04-11T13:31:17.487+0000] {logging_mixin.py:190} INFO - [2025-04-11T13:31:17.486+0000] {dagbag.py:588} INFO - Filling up the DagBag from /home/airflow/.local/lib/python3.12/site-packages/airflow/example_dags/example_branch_datetime_operator.py
[2025-04-11T13:31:17.505+0000] {processor.py:925} INFO - DAG(s) 'example_branch_datetime_operator', 'example_branch_datetime_operator_3', 'example_branch_datetime_operator_2' retrieved from /home/airflow/.local/lib/python3.12/site-packages/airflow/example_dags/example_branch_datetime_operator.py
[2025-04-11T13:31:17.545+0000] {logging_mixin.py:190} INFO - [2025-04-11T13:31:17.545+0000] {dag.py:3239} INFO - Sync 3 DAGs
[2025-04-11T13:31:17.580+0000] {logging_mixin.py:190} INFO - [2025-04-11T13:31:17.579+0000] {dag.py:4180} INFO - Setting next_dagrun for example_branch_datetime_operator to 2025-04-10 00:00:00+00:00, run_after=2025-04-11 00:00:00+00:00
[2025-04-11T13:31:17.587+0000] {logging_mixin.py:190} INFO - [2025-04-11T13:31:17.586+0000] {dag.py:4180} INFO - Setting next_dagrun for example_branch_datetime_operator_2 to 2025-04-10 00:00:00+00:00, run_after=2025-04-11 00:00:00+00:00
[2025-04-11T13:31:17.592+0000] {logging_mixin.py:190} INFO - [2025-04-11T13:31:17.591+0000] {dag.py:4180} INFO - Setting next_dagrun for example_branch_datetime_operator_3 to 2025-04-10 00:00:00+00:00, run_after=2025-04-11 00:00:00+00:00
[2025-04-11T13:31:17.628+0000] {processor.py:208} INFO - Processing /home/airflow/.local/lib/python3.12/site-packages/airflow/example_dags/example_branch_datetime_operator.py took 0.154 seconds
[2025-04-11T13:31:47.943+0000] {processor.py:186} INFO - Started process (PID=85996) to work on /home/airflow/.local/lib/python3.12/site-packages/airflow/example_dags/example_branch_datetime_operator.py
[2025-04-11T13:31:47.945+0000] {processor.py:914} INFO - Processing file /home/airflow/.local/lib/python3.12/site-packages/airflow/example_dags/example_branch_datetime_operator.py for tasks to queue
[2025-04-11T13:31:47.947+0000] {logging_mixin.py:190} INFO - [2025-04-11T13:31:47.946+0000] {dagbag.py:588} INFO - Filling up the DagBag from /home/airflow/.local/lib/python3.12/site-packages/airflow/example_dags/example_branch_datetime_operator.py
[2025-04-11T13:31:47.966+0000] {processor.py:925} INFO - DAG(s) 'example_branch_datetime_operator_2', 'example_branch_datetime_operator_3', 'example_branch_datetime_operator' retrieved from /home/airflow/.local/lib/python3.12/site-packages/airflow/example_dags/example_branch_datetime_operator.py
[2025-04-11T13:31:48.007+0000] {logging_mixin.py:190} INFO - [2025-04-11T13:31:48.006+0000] {dag.py:3239} INFO - Sync 3 DAGs
[2025-04-11T13:31:48.042+0000] {logging_mixin.py:190} INFO - [2025-04-11T13:31:48.042+0000] {dag.py:4180} INFO - Setting next_dagrun for example_branch_datetime_operator to 2025-04-10 00:00:00+00:00, run_after=2025-04-11 00:00:00+00:00
[2025-04-11T13:31:48.051+0000] {logging_mixin.py:190} INFO - [2025-04-11T13:31:48.051+0000] {dag.py:4180} INFO - Setting next_dagrun for example_branch_datetime_operator_2 to 2025-04-10 00:00:00+00:00, run_after=2025-04-11 00:00:00+00:00
[2025-04-11T13:31:48.056+0000] {logging_mixin.py:190} INFO - [2025-04-11T13:31:48.056+0000] {dag.py:4180} INFO - Setting next_dagrun for example_branch_datetime_operator_3 to 2025-04-10 00:00:00+00:00, run_after=2025-04-11 00:00:00+00:00
[2025-04-11T13:31:48.088+0000] {processor.py:208} INFO - Processing /home/airflow/.local/lib/python3.12/site-packages/airflow/example_dags/example_branch_datetime_operator.py took 0.155 seconds
[2025-04-11T13:32:18.617+0000] {processor.py:186} INFO - Started process (PID=86061) to work on /home/airflow/.local/lib/python3.12/site-packages/airflow/example_dags/example_branch_datetime_operator.py
[2025-04-11T13:32:18.619+0000] {processor.py:914} INFO - Processing file /home/airflow/.local/lib/python3.12/site-packages/airflow/example_dags/example_branch_datetime_operator.py for tasks to queue
[2025-04-11T13:32:18.622+0000] {logging_mixin.py:190} INFO - [2025-04-11T13:32:18.622+0000] {dagbag.py:588} INFO - Filling up the DagBag from /home/airflow/.local/lib/python3.12/site-packages/airflow/example_dags/example_branch_datetime_operator.py
[2025-04-11T13:32:18.651+0000] {processor.py:925} INFO - DAG(s) 'example_branch_datetime_operator_2', 'example_branch_datetime_operator_3', 'example_branch_datetime_operator' retrieved from /home/airflow/.local/lib/python3.12/site-packages/airflow/example_dags/example_branch_datetime_operator.py
[2025-04-11T13:32:18.705+0000] {logging_mixin.py:190} INFO - [2025-04-11T13:32:18.704+0000] {dag.py:3239} INFO - Sync 3 DAGs
[2025-04-11T13:32:18.748+0000] {logging_mixin.py:190} INFO - [2025-04-11T13:32:18.748+0000] {dag.py:4180} INFO - Setting next_dagrun for example_branch_datetime_operator to 2025-04-10 00:00:00+00:00, run_after=2025-04-11 00:00:00+00:00
[2025-04-11T13:32:18.761+0000] {logging_mixin.py:190} INFO - [2025-04-11T13:32:18.760+0000] {dag.py:4180} INFO - Setting next_dagrun for example_branch_datetime_operator_2 to 2025-04-10 00:00:00+00:00, run_after=2025-04-11 00:00:00+00:00
[2025-04-11T13:32:18.767+0000] {logging_mixin.py:190} INFO - [2025-04-11T13:32:18.766+0000] {dag.py:4180} INFO - Setting next_dagrun for example_branch_datetime_operator_3 to 2025-04-10 00:00:00+00:00, run_after=2025-04-11 00:00:00+00:00
[2025-04-11T13:32:18.795+0000] {processor.py:208} INFO - Processing /home/airflow/.local/lib/python3.12/site-packages/airflow/example_dags/example_branch_datetime_operator.py took 0.189 seconds
[2025-04-11T13:32:49.053+0000] {processor.py:186} INFO - Started process (PID=86127) to work on /home/airflow/.local/lib/python3.12/site-packages/airflow/example_dags/example_branch_datetime_operator.py
[2025-04-11T13:32:49.054+0000] {processor.py:914} INFO - Processing file /home/airflow/.local/lib/python3.12/site-packages/airflow/example_dags/example_branch_datetime_operator.py for tasks to queue
[2025-04-11T13:32:49.056+0000] {logging_mixin.py:190} INFO - [2025-04-11T13:32:49.056+0000] {dagbag.py:588} INFO - Filling up the DagBag from /home/airflow/.local/lib/python3.12/site-packages/airflow/example_dags/example_branch_datetime_operator.py
[2025-04-11T13:32:49.073+0000] {processor.py:925} INFO - DAG(s) 'example_branch_datetime_operator', 'example_branch_datetime_operator_2', 'example_branch_datetime_operator_3' retrieved from /home/airflow/.local/lib/python3.12/site-packages/airflow/example_dags/example_branch_datetime_operator.py
[2025-04-11T13:32:49.117+0000] {logging_mixin.py:190} INFO - [2025-04-11T13:32:49.117+0000] {dag.py:3239} INFO - Sync 3 DAGs
[2025-04-11T13:32:49.386+0000] {logging_mixin.py:190} INFO - [2025-04-11T13:32:49.386+0000] {dag.py:4180} INFO - Setting next_dagrun for example_branch_datetime_operator to 2025-04-10 00:00:00+00:00, run_after=2025-04-11 00:00:00+00:00
[2025-04-11T13:32:49.395+0000] {logging_mixin.py:190} INFO - [2025-04-11T13:32:49.395+0000] {dag.py:4180} INFO - Setting next_dagrun for example_branch_datetime_operator_2 to 2025-04-10 00:00:00+00:00, run_after=2025-04-11 00:00:00+00:00
[2025-04-11T13:32:49.399+0000] {logging_mixin.py:190} INFO - [2025-04-11T13:32:49.399+0000] {dag.py:4180} INFO - Setting next_dagrun for example_branch_datetime_operator_3 to 2025-04-10 00:00:00+00:00, run_after=2025-04-11 00:00:00+00:00
[2025-04-11T13:32:49.429+0000] {processor.py:208} INFO - Processing /home/airflow/.local/lib/python3.12/site-packages/airflow/example_dags/example_branch_datetime_operator.py took 0.383 seconds
[2025-04-11T13:33:19.534+0000] {processor.py:186} INFO - Started process (PID=86191) to work on /home/airflow/.local/lib/python3.12/site-packages/airflow/example_dags/example_branch_datetime_operator.py
[2025-04-11T13:33:19.535+0000] {processor.py:914} INFO - Processing file /home/airflow/.local/lib/python3.12/site-packages/airflow/example_dags/example_branch_datetime_operator.py for tasks to queue
[2025-04-11T13:33:19.538+0000] {logging_mixin.py:190} INFO - [2025-04-11T13:33:19.537+0000] {dagbag.py:588} INFO - Filling up the DagBag from /home/airflow/.local/lib/python3.12/site-packages/airflow/example_dags/example_branch_datetime_operator.py
[2025-04-11T13:33:19.556+0000] {processor.py:925} INFO - DAG(s) 'example_branch_datetime_operator', 'example_branch_datetime_operator_2', 'example_branch_datetime_operator_3' retrieved from /home/airflow/.local/lib/python3.12/site-packages/airflow/example_dags/example_branch_datetime_operator.py
[2025-04-11T13:33:19.600+0000] {logging_mixin.py:190} INFO - [2025-04-11T13:33:19.600+0000] {dag.py:3239} INFO - Sync 3 DAGs
[2025-04-11T13:33:19.638+0000] {logging_mixin.py:190} INFO - [2025-04-11T13:33:19.637+0000] {dag.py:4180} INFO - Setting next_dagrun for example_branch_datetime_operator to 2025-04-10 00:00:00+00:00, run_after=2025-04-11 00:00:00+00:00
[2025-04-11T13:33:19.646+0000] {logging_mixin.py:190} INFO - [2025-04-11T13:33:19.645+0000] {dag.py:4180} INFO - Setting next_dagrun for example_branch_datetime_operator_2 to 2025-04-10 00:00:00+00:00, run_after=2025-04-11 00:00:00+00:00
[2025-04-11T13:33:19.650+0000] {logging_mixin.py:190} INFO - [2025-04-11T13:33:19.650+0000] {dag.py:4180} INFO - Setting next_dagrun for example_branch_datetime_operator_3 to 2025-04-10 00:00:00+00:00, run_after=2025-04-11 00:00:00+00:00
[2025-04-11T13:33:19.692+0000] {processor.py:208} INFO - Processing /home/airflow/.local/lib/python3.12/site-packages/airflow/example_dags/example_branch_datetime_operator.py took 0.168 seconds
[2025-04-11T13:33:49.791+0000] {processor.py:186} INFO - Started process (PID=86255) to work on /home/airflow/.local/lib/python3.12/site-packages/airflow/example_dags/example_branch_datetime_operator.py
[2025-04-11T13:33:49.794+0000] {processor.py:914} INFO - Processing file /home/airflow/.local/lib/python3.12/site-packages/airflow/example_dags/example_branch_datetime_operator.py for tasks to queue
[2025-04-11T13:33:49.798+0000] {logging_mixin.py:190} INFO - [2025-04-11T13:33:49.797+0000] {dagbag.py:588} INFO - Filling up the DagBag from /home/airflow/.local/lib/python3.12/site-packages/airflow/example_dags/example_branch_datetime_operator.py
[2025-04-11T13:33:49.822+0000] {processor.py:925} INFO - DAG(s) 'example_branch_datetime_operator', 'example_branch_datetime_operator_2', 'example_branch_datetime_operator_3' retrieved from /home/airflow/.local/lib/python3.12/site-packages/airflow/example_dags/example_branch_datetime_operator.py
[2025-04-11T13:33:49.871+0000] {logging_mixin.py:190} INFO - [2025-04-11T13:33:49.870+0000] {dag.py:3239} INFO - Sync 3 DAGs
[2025-04-11T13:33:49.924+0000] {logging_mixin.py:190} INFO - [2025-04-11T13:33:49.924+0000] {dag.py:4180} INFO - Setting next_dagrun for example_branch_datetime_operator to 2025-04-10 00:00:00+00:00, run_after=2025-04-11 00:00:00+00:00
[2025-04-11T13:33:49.934+0000] {logging_mixin.py:190} INFO - [2025-04-11T13:33:49.933+0000] {dag.py:4180} INFO - Setting next_dagrun for example_branch_datetime_operator_2 to 2025-04-10 00:00:00+00:00, run_after=2025-04-11 00:00:00+00:00
[2025-04-11T13:33:49.939+0000] {logging_mixin.py:190} INFO - [2025-04-11T13:33:49.939+0000] {dag.py:4180} INFO - Setting next_dagrun for example_branch_datetime_operator_3 to 2025-04-10 00:00:00+00:00, run_after=2025-04-11 00:00:00+00:00
[2025-04-11T13:33:49.971+0000] {processor.py:208} INFO - Processing /home/airflow/.local/lib/python3.12/site-packages/airflow/example_dags/example_branch_datetime_operator.py took 0.192 seconds
[2025-04-11T13:34:21.571+0000] {processor.py:186} INFO - Started process (PID=86317) to work on /home/airflow/.local/lib/python3.12/site-packages/airflow/example_dags/example_branch_datetime_operator.py
[2025-04-11T13:34:21.573+0000] {processor.py:914} INFO - Processing file /home/airflow/.local/lib/python3.12/site-packages/airflow/example_dags/example_branch_datetime_operator.py for tasks to queue
[2025-04-11T13:34:21.575+0000] {logging_mixin.py:190} INFO - [2025-04-11T13:34:21.574+0000] {dagbag.py:588} INFO - Filling up the DagBag from /home/airflow/.local/lib/python3.12/site-packages/airflow/example_dags/example_branch_datetime_operator.py
[2025-04-11T13:34:21.593+0000] {processor.py:925} INFO - DAG(s) 'example_branch_datetime_operator', 'example_branch_datetime_operator_2', 'example_branch_datetime_operator_3' retrieved from /home/airflow/.local/lib/python3.12/site-packages/airflow/example_dags/example_branch_datetime_operator.py
[2025-04-11T13:34:21.636+0000] {logging_mixin.py:190} INFO - [2025-04-11T13:34:21.635+0000] {dag.py:3239} INFO - Sync 3 DAGs
[2025-04-11T13:34:21.681+0000] {logging_mixin.py:190} INFO - [2025-04-11T13:34:21.681+0000] {dag.py:4180} INFO - Setting next_dagrun for example_branch_datetime_operator to 2025-04-10 00:00:00+00:00, run_after=2025-04-11 00:00:00+00:00
[2025-04-11T13:34:21.689+0000] {logging_mixin.py:190} INFO - [2025-04-11T13:34:21.689+0000] {dag.py:4180} INFO - Setting next_dagrun for example_branch_datetime_operator_2 to 2025-04-10 00:00:00+00:00, run_after=2025-04-11 00:00:00+00:00
[2025-04-11T13:34:21.697+0000] {logging_mixin.py:190} INFO - [2025-04-11T13:34:21.696+0000] {dag.py:4180} INFO - Setting next_dagrun for example_branch_datetime_operator_3 to 2025-04-10 00:00:00+00:00, run_after=2025-04-11 00:00:00+00:00
[2025-04-11T13:34:21.727+0000] {processor.py:208} INFO - Processing /home/airflow/.local/lib/python3.12/site-packages/airflow/example_dags/example_branch_datetime_operator.py took 0.164 seconds
[2025-04-11T13:34:52.102+0000] {processor.py:186} INFO - Started process (PID=86382) to work on /home/airflow/.local/lib/python3.12/site-packages/airflow/example_dags/example_branch_datetime_operator.py
[2025-04-11T13:34:52.104+0000] {processor.py:914} INFO - Processing file /home/airflow/.local/lib/python3.12/site-packages/airflow/example_dags/example_branch_datetime_operator.py for tasks to queue
[2025-04-11T13:34:52.106+0000] {logging_mixin.py:190} INFO - [2025-04-11T13:34:52.105+0000] {dagbag.py:588} INFO - Filling up the DagBag from /home/airflow/.local/lib/python3.12/site-packages/airflow/example_dags/example_branch_datetime_operator.py
[2025-04-11T13:34:52.122+0000] {processor.py:925} INFO - DAG(s) 'example_branch_datetime_operator_2', 'example_branch_datetime_operator', 'example_branch_datetime_operator_3' retrieved from /home/airflow/.local/lib/python3.12/site-packages/airflow/example_dags/example_branch_datetime_operator.py
[2025-04-11T13:34:52.172+0000] {logging_mixin.py:190} INFO - [2025-04-11T13:34:52.172+0000] {dag.py:3239} INFO - Sync 3 DAGs
[2025-04-11T13:34:52.553+0000] {logging_mixin.py:190} INFO - [2025-04-11T13:34:52.552+0000] {dag.py:4180} INFO - Setting next_dagrun for example_branch_datetime_operator to 2025-04-10 00:00:00+00:00, run_after=2025-04-11 00:00:00+00:00
[2025-04-11T13:34:52.562+0000] {logging_mixin.py:190} INFO - [2025-04-11T13:34:52.561+0000] {dag.py:4180} INFO - Setting next_dagrun for example_branch_datetime_operator_2 to 2025-04-10 00:00:00+00:00, run_after=2025-04-11 00:00:00+00:00
[2025-04-11T13:34:52.567+0000] {logging_mixin.py:190} INFO - [2025-04-11T13:34:52.567+0000] {dag.py:4180} INFO - Setting next_dagrun for example_branch_datetime_operator_3 to 2025-04-10 00:00:00+00:00, run_after=2025-04-11 00:00:00+00:00
[2025-04-11T13:34:52.598+0000] {processor.py:208} INFO - Processing /home/airflow/.local/lib/python3.12/site-packages/airflow/example_dags/example_branch_datetime_operator.py took 0.505 seconds
[2025-04-11T13:35:23.170+0000] {processor.py:186} INFO - Started process (PID=86447) to work on /home/airflow/.local/lib/python3.12/site-packages/airflow/example_dags/example_branch_datetime_operator.py
[2025-04-11T13:35:23.172+0000] {processor.py:914} INFO - Processing file /home/airflow/.local/lib/python3.12/site-packages/airflow/example_dags/example_branch_datetime_operator.py for tasks to queue
[2025-04-11T13:35:23.174+0000] {logging_mixin.py:190} INFO - [2025-04-11T13:35:23.173+0000] {dagbag.py:588} INFO - Filling up the DagBag from /home/airflow/.local/lib/python3.12/site-packages/airflow/example_dags/example_branch_datetime_operator.py
[2025-04-11T13:35:23.192+0000] {processor.py:925} INFO - DAG(s) 'example_branch_datetime_operator_2', 'example_branch_datetime_operator_3', 'example_branch_datetime_operator' retrieved from /home/airflow/.local/lib/python3.12/site-packages/airflow/example_dags/example_branch_datetime_operator.py
[2025-04-11T13:35:23.235+0000] {logging_mixin.py:190} INFO - [2025-04-11T13:35:23.235+0000] {dag.py:3239} INFO - Sync 3 DAGs
[2025-04-11T13:35:23.271+0000] {logging_mixin.py:190} INFO - [2025-04-11T13:35:23.270+0000] {dag.py:4180} INFO - Setting next_dagrun for example_branch_datetime_operator to 2025-04-10 00:00:00+00:00, run_after=2025-04-11 00:00:00+00:00
[2025-04-11T13:35:23.278+0000] {logging_mixin.py:190} INFO - [2025-04-11T13:35:23.278+0000] {dag.py:4180} INFO - Setting next_dagrun for example_branch_datetime_operator_2 to 2025-04-10 00:00:00+00:00, run_after=2025-04-11 00:00:00+00:00
[2025-04-11T13:35:23.282+0000] {logging_mixin.py:190} INFO - [2025-04-11T13:35:23.282+0000] {dag.py:4180} INFO - Setting next_dagrun for example_branch_datetime_operator_3 to 2025-04-10 00:00:00+00:00, run_after=2025-04-11 00:00:00+00:00
[2025-04-11T13:35:23.311+0000] {processor.py:208} INFO - Processing /home/airflow/.local/lib/python3.12/site-packages/airflow/example_dags/example_branch_datetime_operator.py took 0.148 seconds
[2025-04-11T13:35:53.827+0000] {processor.py:186} INFO - Started process (PID=86512) to work on /home/airflow/.local/lib/python3.12/site-packages/airflow/example_dags/example_branch_datetime_operator.py
[2025-04-11T13:35:53.828+0000] {processor.py:914} INFO - Processing file /home/airflow/.local/lib/python3.12/site-packages/airflow/example_dags/example_branch_datetime_operator.py for tasks to queue
[2025-04-11T13:35:53.831+0000] {logging_mixin.py:190} INFO - [2025-04-11T13:35:53.830+0000] {dagbag.py:588} INFO - Filling up the DagBag from /home/airflow/.local/lib/python3.12/site-packages/airflow/example_dags/example_branch_datetime_operator.py
[2025-04-11T13:35:53.851+0000] {processor.py:925} INFO - DAG(s) 'example_branch_datetime_operator_2', 'example_branch_datetime_operator_3', 'example_branch_datetime_operator' retrieved from /home/airflow/.local/lib/python3.12/site-packages/airflow/example_dags/example_branch_datetime_operator.py
[2025-04-11T13:35:53.897+0000] {logging_mixin.py:190} INFO - [2025-04-11T13:35:53.896+0000] {dag.py:3239} INFO - Sync 3 DAGs
[2025-04-11T13:35:53.939+0000] {logging_mixin.py:190} INFO - [2025-04-11T13:35:53.939+0000] {dag.py:4180} INFO - Setting next_dagrun for example_branch_datetime_operator to 2025-04-10 00:00:00+00:00, run_after=2025-04-11 00:00:00+00:00
[2025-04-11T13:35:53.948+0000] {logging_mixin.py:190} INFO - [2025-04-11T13:35:53.948+0000] {dag.py:4180} INFO - Setting next_dagrun for example_branch_datetime_operator_2 to 2025-04-10 00:00:00+00:00, run_after=2025-04-11 00:00:00+00:00
[2025-04-11T13:35:53.953+0000] {logging_mixin.py:190} INFO - [2025-04-11T13:35:53.952+0000] {dag.py:4180} INFO - Setting next_dagrun for example_branch_datetime_operator_3 to 2025-04-10 00:00:00+00:00, run_after=2025-04-11 00:00:00+00:00
[2025-04-11T13:35:53.986+0000] {processor.py:208} INFO - Processing /home/airflow/.local/lib/python3.12/site-packages/airflow/example_dags/example_branch_datetime_operator.py took 0.167 seconds
[2025-04-11T13:36:25.027+0000] {processor.py:186} INFO - Started process (PID=86577) to work on /home/airflow/.local/lib/python3.12/site-packages/airflow/example_dags/example_branch_datetime_operator.py
[2025-04-11T13:36:25.028+0000] {processor.py:914} INFO - Processing file /home/airflow/.local/lib/python3.12/site-packages/airflow/example_dags/example_branch_datetime_operator.py for tasks to queue
[2025-04-11T13:36:25.031+0000] {logging_mixin.py:190} INFO - [2025-04-11T13:36:25.031+0000] {dagbag.py:588} INFO - Filling up the DagBag from /home/airflow/.local/lib/python3.12/site-packages/airflow/example_dags/example_branch_datetime_operator.py
[2025-04-11T13:36:25.050+0000] {processor.py:925} INFO - DAG(s) 'example_branch_datetime_operator_3', 'example_branch_datetime_operator', 'example_branch_datetime_operator_2' retrieved from /home/airflow/.local/lib/python3.12/site-packages/airflow/example_dags/example_branch_datetime_operator.py
[2025-04-11T13:36:25.101+0000] {logging_mixin.py:190} INFO - [2025-04-11T13:36:25.101+0000] {dag.py:3239} INFO - Sync 3 DAGs
[2025-04-11T13:36:25.138+0000] {logging_mixin.py:190} INFO - [2025-04-11T13:36:25.138+0000] {dag.py:4180} INFO - Setting next_dagrun for example_branch_datetime_operator to 2025-04-10 00:00:00+00:00, run_after=2025-04-11 00:00:00+00:00
[2025-04-11T13:36:25.146+0000] {logging_mixin.py:190} INFO - [2025-04-11T13:36:25.146+0000] {dag.py:4180} INFO - Setting next_dagrun for example_branch_datetime_operator_2 to 2025-04-10 00:00:00+00:00, run_after=2025-04-11 00:00:00+00:00
[2025-04-11T13:36:25.150+0000] {logging_mixin.py:190} INFO - [2025-04-11T13:36:25.150+0000] {dag.py:4180} INFO - Setting next_dagrun for example_branch_datetime_operator_3 to 2025-04-10 00:00:00+00:00, run_after=2025-04-11 00:00:00+00:00
[2025-04-11T13:36:25.178+0000] {processor.py:208} INFO - Processing /home/airflow/.local/lib/python3.12/site-packages/airflow/example_dags/example_branch_datetime_operator.py took 0.160 seconds
[2025-04-11T13:36:55.275+0000] {processor.py:186} INFO - Started process (PID=86642) to work on /home/airflow/.local/lib/python3.12/site-packages/airflow/example_dags/example_branch_datetime_operator.py
[2025-04-11T13:36:55.277+0000] {processor.py:914} INFO - Processing file /home/airflow/.local/lib/python3.12/site-packages/airflow/example_dags/example_branch_datetime_operator.py for tasks to queue
[2025-04-11T13:36:55.278+0000] {logging_mixin.py:190} INFO - [2025-04-11T13:36:55.278+0000] {dagbag.py:588} INFO - Filling up the DagBag from /home/airflow/.local/lib/python3.12/site-packages/airflow/example_dags/example_branch_datetime_operator.py
[2025-04-11T13:36:55.295+0000] {processor.py:925} INFO - DAG(s) 'example_branch_datetime_operator', 'example_branch_datetime_operator_2', 'example_branch_datetime_operator_3' retrieved from /home/airflow/.local/lib/python3.12/site-packages/airflow/example_dags/example_branch_datetime_operator.py
[2025-04-11T13:36:55.336+0000] {logging_mixin.py:190} INFO - [2025-04-11T13:36:55.335+0000] {dag.py:3239} INFO - Sync 3 DAGs
[2025-04-11T13:36:55.373+0000] {logging_mixin.py:190} INFO - [2025-04-11T13:36:55.373+0000] {dag.py:4180} INFO - Setting next_dagrun for example_branch_datetime_operator to 2025-04-10 00:00:00+00:00, run_after=2025-04-11 00:00:00+00:00
[2025-04-11T13:36:55.381+0000] {logging_mixin.py:190} INFO - [2025-04-11T13:36:55.381+0000] {dag.py:4180} INFO - Setting next_dagrun for example_branch_datetime_operator_2 to 2025-04-10 00:00:00+00:00, run_after=2025-04-11 00:00:00+00:00
[2025-04-11T13:36:55.386+0000] {logging_mixin.py:190} INFO - [2025-04-11T13:36:55.386+0000] {dag.py:4180} INFO - Setting next_dagrun for example_branch_datetime_operator_3 to 2025-04-10 00:00:00+00:00, run_after=2025-04-11 00:00:00+00:00
[2025-04-11T13:36:55.412+0000] {processor.py:208} INFO - Processing /home/airflow/.local/lib/python3.12/site-packages/airflow/example_dags/example_branch_datetime_operator.py took 0.146 seconds
[2025-04-11T13:37:26.342+0000] {processor.py:186} INFO - Started process (PID=86693) to work on /home/airflow/.local/lib/python3.12/site-packages/airflow/example_dags/example_branch_datetime_operator.py
[2025-04-11T13:37:26.347+0000] {processor.py:914} INFO - Processing file /home/airflow/.local/lib/python3.12/site-packages/airflow/example_dags/example_branch_datetime_operator.py for tasks to queue
[2025-04-11T13:37:26.355+0000] {logging_mixin.py:190} INFO - [2025-04-11T13:37:26.354+0000] {dagbag.py:588} INFO - Filling up the DagBag from /home/airflow/.local/lib/python3.12/site-packages/airflow/example_dags/example_branch_datetime_operator.py
[2025-04-11T13:37:26.403+0000] {processor.py:925} INFO - DAG(s) 'example_branch_datetime_operator_2', 'example_branch_datetime_operator_3', 'example_branch_datetime_operator' retrieved from /home/airflow/.local/lib/python3.12/site-packages/airflow/example_dags/example_branch_datetime_operator.py
[2025-04-11T13:37:26.498+0000] {logging_mixin.py:190} INFO - [2025-04-11T13:37:26.498+0000] {dag.py:3239} INFO - Sync 3 DAGs
[2025-04-11T13:37:26.617+0000] {logging_mixin.py:190} INFO - [2025-04-11T13:37:26.616+0000] {dag.py:4180} INFO - Setting next_dagrun for example_branch_datetime_operator to 2025-04-10 00:00:00+00:00, run_after=2025-04-11 00:00:00+00:00
[2025-04-11T13:37:26.639+0000] {logging_mixin.py:190} INFO - [2025-04-11T13:37:26.639+0000] {dag.py:4180} INFO - Setting next_dagrun for example_branch_datetime_operator_2 to 2025-04-10 00:00:00+00:00, run_after=2025-04-11 00:00:00+00:00
[2025-04-11T13:37:26.668+0000] {logging_mixin.py:190} INFO - [2025-04-11T13:37:26.668+0000] {dag.py:4180} INFO - Setting next_dagrun for example_branch_datetime_operator_3 to 2025-04-10 00:00:00+00:00, run_after=2025-04-11 00:00:00+00:00
[2025-04-11T13:37:26.712+0000] {processor.py:208} INFO - Processing /home/airflow/.local/lib/python3.12/site-packages/airflow/example_dags/example_branch_datetime_operator.py took 0.380 seconds
[2025-04-11T13:37:57.251+0000] {processor.py:186} INFO - Started process (PID=86760) to work on /home/airflow/.local/lib/python3.12/site-packages/airflow/example_dags/example_branch_datetime_operator.py
[2025-04-11T13:37:57.254+0000] {processor.py:914} INFO - Processing file /home/airflow/.local/lib/python3.12/site-packages/airflow/example_dags/example_branch_datetime_operator.py for tasks to queue
[2025-04-11T13:37:57.256+0000] {logging_mixin.py:190} INFO - [2025-04-11T13:37:57.256+0000] {dagbag.py:588} INFO - Filling up the DagBag from /home/airflow/.local/lib/python3.12/site-packages/airflow/example_dags/example_branch_datetime_operator.py
[2025-04-11T13:37:57.277+0000] {processor.py:925} INFO - DAG(s) 'example_branch_datetime_operator', 'example_branch_datetime_operator_3', 'example_branch_datetime_operator_2' retrieved from /home/airflow/.local/lib/python3.12/site-packages/airflow/example_dags/example_branch_datetime_operator.py
[2025-04-11T13:37:57.324+0000] {logging_mixin.py:190} INFO - [2025-04-11T13:37:57.323+0000] {dag.py:3239} INFO - Sync 3 DAGs
[2025-04-11T13:37:57.366+0000] {logging_mixin.py:190} INFO - [2025-04-11T13:37:57.366+0000] {dag.py:4180} INFO - Setting next_dagrun for example_branch_datetime_operator to 2025-04-10 00:00:00+00:00, run_after=2025-04-11 00:00:00+00:00
[2025-04-11T13:37:57.374+0000] {logging_mixin.py:190} INFO - [2025-04-11T13:37:57.374+0000] {dag.py:4180} INFO - Setting next_dagrun for example_branch_datetime_operator_2 to 2025-04-10 00:00:00+00:00, run_after=2025-04-11 00:00:00+00:00
[2025-04-11T13:37:57.379+0000] {logging_mixin.py:190} INFO - [2025-04-11T13:37:57.379+0000] {dag.py:4180} INFO - Setting next_dagrun for example_branch_datetime_operator_3 to 2025-04-10 00:00:00+00:00, run_after=2025-04-11 00:00:00+00:00
[2025-04-11T13:37:57.410+0000] {processor.py:208} INFO - Processing /home/airflow/.local/lib/python3.12/site-packages/airflow/example_dags/example_branch_datetime_operator.py took 0.168 seconds
[2025-04-11T13:38:27.619+0000] {processor.py:186} INFO - Started process (PID=86822) to work on /home/airflow/.local/lib/python3.12/site-packages/airflow/example_dags/example_branch_datetime_operator.py
[2025-04-11T13:38:27.620+0000] {processor.py:914} INFO - Processing file /home/airflow/.local/lib/python3.12/site-packages/airflow/example_dags/example_branch_datetime_operator.py for tasks to queue
[2025-04-11T13:38:27.623+0000] {logging_mixin.py:190} INFO - [2025-04-11T13:38:27.622+0000] {dagbag.py:588} INFO - Filling up the DagBag from /home/airflow/.local/lib/python3.12/site-packages/airflow/example_dags/example_branch_datetime_operator.py
[2025-04-11T13:38:27.643+0000] {processor.py:925} INFO - DAG(s) 'example_branch_datetime_operator_2', 'example_branch_datetime_operator_3', 'example_branch_datetime_operator' retrieved from /home/airflow/.local/lib/python3.12/site-packages/airflow/example_dags/example_branch_datetime_operator.py
[2025-04-11T13:38:27.689+0000] {logging_mixin.py:190} INFO - [2025-04-11T13:38:27.689+0000] {dag.py:3239} INFO - Sync 3 DAGs
[2025-04-11T13:38:27.730+0000] {logging_mixin.py:190} INFO - [2025-04-11T13:38:27.729+0000] {dag.py:4180} INFO - Setting next_dagrun for example_branch_datetime_operator to 2025-04-10 00:00:00+00:00, run_after=2025-04-11 00:00:00+00:00
[2025-04-11T13:38:27.739+0000] {logging_mixin.py:190} INFO - [2025-04-11T13:38:27.739+0000] {dag.py:4180} INFO - Setting next_dagrun for example_branch_datetime_operator_2 to 2025-04-10 00:00:00+00:00, run_after=2025-04-11 00:00:00+00:00
[2025-04-11T13:38:27.744+0000] {logging_mixin.py:190} INFO - [2025-04-11T13:38:27.744+0000] {dag.py:4180} INFO - Setting next_dagrun for example_branch_datetime_operator_3 to 2025-04-10 00:00:00+00:00, run_after=2025-04-11 00:00:00+00:00
[2025-04-11T13:38:27.777+0000] {processor.py:208} INFO - Processing /home/airflow/.local/lib/python3.12/site-packages/airflow/example_dags/example_branch_datetime_operator.py took 0.165 seconds
[2025-04-11T13:38:58.216+0000] {processor.py:186} INFO - Started process (PID=86886) to work on /home/airflow/.local/lib/python3.12/site-packages/airflow/example_dags/example_branch_datetime_operator.py
[2025-04-11T13:38:58.218+0000] {processor.py:914} INFO - Processing file /home/airflow/.local/lib/python3.12/site-packages/airflow/example_dags/example_branch_datetime_operator.py for tasks to queue
[2025-04-11T13:38:58.221+0000] {logging_mixin.py:190} INFO - [2025-04-11T13:38:58.220+0000] {dagbag.py:588} INFO - Filling up the DagBag from /home/airflow/.local/lib/python3.12/site-packages/airflow/example_dags/example_branch_datetime_operator.py
[2025-04-11T13:38:58.242+0000] {processor.py:925} INFO - DAG(s) 'example_branch_datetime_operator_3', 'example_branch_datetime_operator_2', 'example_branch_datetime_operator' retrieved from /home/airflow/.local/lib/python3.12/site-packages/airflow/example_dags/example_branch_datetime_operator.py
[2025-04-11T13:38:58.295+0000] {logging_mixin.py:190} INFO - [2025-04-11T13:38:58.294+0000] {dag.py:3239} INFO - Sync 3 DAGs
[2025-04-11T13:38:58.339+0000] {logging_mixin.py:190} INFO - [2025-04-11T13:38:58.338+0000] {dag.py:4180} INFO - Setting next_dagrun for example_branch_datetime_operator to 2025-04-10 00:00:00+00:00, run_after=2025-04-11 00:00:00+00:00
[2025-04-11T13:38:58.347+0000] {logging_mixin.py:190} INFO - [2025-04-11T13:38:58.346+0000] {dag.py:4180} INFO - Setting next_dagrun for example_branch_datetime_operator_2 to 2025-04-10 00:00:00+00:00, run_after=2025-04-11 00:00:00+00:00
[2025-04-11T13:38:58.351+0000] {logging_mixin.py:190} INFO - [2025-04-11T13:38:58.350+0000] {dag.py:4180} INFO - Setting next_dagrun for example_branch_datetime_operator_3 to 2025-04-10 00:00:00+00:00, run_after=2025-04-11 00:00:00+00:00
[2025-04-11T13:38:58.381+0000] {processor.py:208} INFO - Processing /home/airflow/.local/lib/python3.12/site-packages/airflow/example_dags/example_branch_datetime_operator.py took 0.176 seconds
[2025-04-11T13:39:28.465+0000] {processor.py:186} INFO - Started process (PID=86950) to work on /home/airflow/.local/lib/python3.12/site-packages/airflow/example_dags/example_branch_datetime_operator.py
[2025-04-11T13:39:28.466+0000] {processor.py:914} INFO - Processing file /home/airflow/.local/lib/python3.12/site-packages/airflow/example_dags/example_branch_datetime_operator.py for tasks to queue
[2025-04-11T13:39:28.469+0000] {logging_mixin.py:190} INFO - [2025-04-11T13:39:28.468+0000] {dagbag.py:588} INFO - Filling up the DagBag from /home/airflow/.local/lib/python3.12/site-packages/airflow/example_dags/example_branch_datetime_operator.py
[2025-04-11T13:39:28.490+0000] {processor.py:925} INFO - DAG(s) 'example_branch_datetime_operator_2', 'example_branch_datetime_operator', 'example_branch_datetime_operator_3' retrieved from /home/airflow/.local/lib/python3.12/site-packages/airflow/example_dags/example_branch_datetime_operator.py
[2025-04-11T13:39:28.540+0000] {logging_mixin.py:190} INFO - [2025-04-11T13:39:28.539+0000] {dag.py:3239} INFO - Sync 3 DAGs
[2025-04-11T13:39:28.585+0000] {logging_mixin.py:190} INFO - [2025-04-11T13:39:28.585+0000] {dag.py:4180} INFO - Setting next_dagrun for example_branch_datetime_operator to 2025-04-10 00:00:00+00:00, run_after=2025-04-11 00:00:00+00:00
[2025-04-11T13:39:28.593+0000] {logging_mixin.py:190} INFO - [2025-04-11T13:39:28.593+0000] {dag.py:4180} INFO - Setting next_dagrun for example_branch_datetime_operator_2 to 2025-04-10 00:00:00+00:00, run_after=2025-04-11 00:00:00+00:00
[2025-04-11T13:39:28.599+0000] {logging_mixin.py:190} INFO - [2025-04-11T13:39:28.599+0000] {dag.py:4180} INFO - Setting next_dagrun for example_branch_datetime_operator_3 to 2025-04-10 00:00:00+00:00, run_after=2025-04-11 00:00:00+00:00
[2025-04-11T13:39:28.632+0000] {processor.py:208} INFO - Processing /home/airflow/.local/lib/python3.12/site-packages/airflow/example_dags/example_branch_datetime_operator.py took 0.176 seconds
[2025-04-11T13:39:58.855+0000] {processor.py:186} INFO - Started process (PID=87014) to work on /home/airflow/.local/lib/python3.12/site-packages/airflow/example_dags/example_branch_datetime_operator.py
[2025-04-11T13:39:58.857+0000] {processor.py:914} INFO - Processing file /home/airflow/.local/lib/python3.12/site-packages/airflow/example_dags/example_branch_datetime_operator.py for tasks to queue
[2025-04-11T13:39:58.859+0000] {logging_mixin.py:190} INFO - [2025-04-11T13:39:58.859+0000] {dagbag.py:588} INFO - Filling up the DagBag from /home/airflow/.local/lib/python3.12/site-packages/airflow/example_dags/example_branch_datetime_operator.py
[2025-04-11T13:39:58.875+0000] {processor.py:925} INFO - DAG(s) 'example_branch_datetime_operator', 'example_branch_datetime_operator_2', 'example_branch_datetime_operator_3' retrieved from /home/airflow/.local/lib/python3.12/site-packages/airflow/example_dags/example_branch_datetime_operator.py
[2025-04-11T13:39:58.917+0000] {logging_mixin.py:190} INFO - [2025-04-11T13:39:58.917+0000] {dag.py:3239} INFO - Sync 3 DAGs
[2025-04-11T13:39:58.955+0000] {logging_mixin.py:190} INFO - [2025-04-11T13:39:58.955+0000] {dag.py:4180} INFO - Setting next_dagrun for example_branch_datetime_operator to 2025-04-10 00:00:00+00:00, run_after=2025-04-11 00:00:00+00:00
[2025-04-11T13:39:58.964+0000] {logging_mixin.py:190} INFO - [2025-04-11T13:39:58.964+0000] {dag.py:4180} INFO - Setting next_dagrun for example_branch_datetime_operator_2 to 2025-04-10 00:00:00+00:00, run_after=2025-04-11 00:00:00+00:00
[2025-04-11T13:39:58.969+0000] {logging_mixin.py:190} INFO - [2025-04-11T13:39:58.968+0000] {dag.py:4180} INFO - Setting next_dagrun for example_branch_datetime_operator_3 to 2025-04-10 00:00:00+00:00, run_after=2025-04-11 00:00:00+00:00
[2025-04-11T13:39:59.010+0000] {processor.py:208} INFO - Processing /home/airflow/.local/lib/python3.12/site-packages/airflow/example_dags/example_branch_datetime_operator.py took 0.162 seconds
[2025-04-11T13:40:29.329+0000] {processor.py:186} INFO - Started process (PID=87079) to work on /home/airflow/.local/lib/python3.12/site-packages/airflow/example_dags/example_branch_datetime_operator.py
[2025-04-11T13:40:29.331+0000] {processor.py:914} INFO - Processing file /home/airflow/.local/lib/python3.12/site-packages/airflow/example_dags/example_branch_datetime_operator.py for tasks to queue
[2025-04-11T13:40:29.334+0000] {logging_mixin.py:190} INFO - [2025-04-11T13:40:29.333+0000] {dagbag.py:588} INFO - Filling up the DagBag from /home/airflow/.local/lib/python3.12/site-packages/airflow/example_dags/example_branch_datetime_operator.py
[2025-04-11T13:40:29.374+0000] {processor.py:925} INFO - DAG(s) 'example_branch_datetime_operator_2', 'example_branch_datetime_operator_3', 'example_branch_datetime_operator' retrieved from /home/airflow/.local/lib/python3.12/site-packages/airflow/example_dags/example_branch_datetime_operator.py
[2025-04-11T13:40:29.440+0000] {logging_mixin.py:190} INFO - [2025-04-11T13:40:29.440+0000] {dag.py:3239} INFO - Sync 3 DAGs
[2025-04-11T13:40:29.502+0000] {logging_mixin.py:190} INFO - [2025-04-11T13:40:29.502+0000] {dag.py:4180} INFO - Setting next_dagrun for example_branch_datetime_operator to 2025-04-10 00:00:00+00:00, run_after=2025-04-11 00:00:00+00:00
[2025-04-11T13:40:29.512+0000] {logging_mixin.py:190} INFO - [2025-04-11T13:40:29.511+0000] {dag.py:4180} INFO - Setting next_dagrun for example_branch_datetime_operator_2 to 2025-04-10 00:00:00+00:00, run_after=2025-04-11 00:00:00+00:00
[2025-04-11T13:40:29.517+0000] {logging_mixin.py:190} INFO - [2025-04-11T13:40:29.517+0000] {dag.py:4180} INFO - Setting next_dagrun for example_branch_datetime_operator_3 to 2025-04-10 00:00:00+00:00, run_after=2025-04-11 00:00:00+00:00
[2025-04-11T13:40:29.556+0000] {processor.py:208} INFO - Processing /home/airflow/.local/lib/python3.12/site-packages/airflow/example_dags/example_branch_datetime_operator.py took 0.237 seconds
[2025-04-11T13:40:59.692+0000] {processor.py:186} INFO - Started process (PID=87143) to work on /home/airflow/.local/lib/python3.12/site-packages/airflow/example_dags/example_branch_datetime_operator.py
[2025-04-11T13:40:59.694+0000] {processor.py:914} INFO - Processing file /home/airflow/.local/lib/python3.12/site-packages/airflow/example_dags/example_branch_datetime_operator.py for tasks to queue
[2025-04-11T13:40:59.697+0000] {logging_mixin.py:190} INFO - [2025-04-11T13:40:59.696+0000] {dagbag.py:588} INFO - Filling up the DagBag from /home/airflow/.local/lib/python3.12/site-packages/airflow/example_dags/example_branch_datetime_operator.py
[2025-04-11T13:40:59.727+0000] {processor.py:925} INFO - DAG(s) 'example_branch_datetime_operator', 'example_branch_datetime_operator_3', 'example_branch_datetime_operator_2' retrieved from /home/airflow/.local/lib/python3.12/site-packages/airflow/example_dags/example_branch_datetime_operator.py
[2025-04-11T13:40:59.774+0000] {logging_mixin.py:190} INFO - [2025-04-11T13:40:59.774+0000] {dag.py:3239} INFO - Sync 3 DAGs
[2025-04-11T13:40:59.820+0000] {logging_mixin.py:190} INFO - [2025-04-11T13:40:59.820+0000] {dag.py:4180} INFO - Setting next_dagrun for example_branch_datetime_operator to 2025-04-10 00:00:00+00:00, run_after=2025-04-11 00:00:00+00:00
[2025-04-11T13:40:59.836+0000] {logging_mixin.py:190} INFO - [2025-04-11T13:40:59.834+0000] {dag.py:4180} INFO - Setting next_dagrun for example_branch_datetime_operator_2 to 2025-04-10 00:00:00+00:00, run_after=2025-04-11 00:00:00+00:00
[2025-04-11T13:40:59.842+0000] {logging_mixin.py:190} INFO - [2025-04-11T13:40:59.842+0000] {dag.py:4180} INFO - Setting next_dagrun for example_branch_datetime_operator_3 to 2025-04-10 00:00:00+00:00, run_after=2025-04-11 00:00:00+00:00
[2025-04-11T13:40:59.871+0000] {processor.py:208} INFO - Processing /home/airflow/.local/lib/python3.12/site-packages/airflow/example_dags/example_branch_datetime_operator.py took 0.187 seconds
[2025-04-11T13:41:30.043+0000] {processor.py:186} INFO - Started process (PID=87208) to work on /home/airflow/.local/lib/python3.12/site-packages/airflow/example_dags/example_branch_datetime_operator.py
[2025-04-11T13:41:30.045+0000] {processor.py:914} INFO - Processing file /home/airflow/.local/lib/python3.12/site-packages/airflow/example_dags/example_branch_datetime_operator.py for tasks to queue
[2025-04-11T13:41:30.050+0000] {logging_mixin.py:190} INFO - [2025-04-11T13:41:30.048+0000] {dagbag.py:588} INFO - Filling up the DagBag from /home/airflow/.local/lib/python3.12/site-packages/airflow/example_dags/example_branch_datetime_operator.py
[2025-04-11T13:41:30.072+0000] {processor.py:925} INFO - DAG(s) 'example_branch_datetime_operator', 'example_branch_datetime_operator_2', 'example_branch_datetime_operator_3' retrieved from /home/airflow/.local/lib/python3.12/site-packages/airflow/example_dags/example_branch_datetime_operator.py
[2025-04-11T13:41:30.122+0000] {logging_mixin.py:190} INFO - [2025-04-11T13:41:30.121+0000] {dag.py:3239} INFO - Sync 3 DAGs
[2025-04-11T13:41:30.167+0000] {logging_mixin.py:190} INFO - [2025-04-11T13:41:30.167+0000] {dag.py:4180} INFO - Setting next_dagrun for example_branch_datetime_operator to 2025-04-10 00:00:00+00:00, run_after=2025-04-11 00:00:00+00:00
[2025-04-11T13:41:30.176+0000] {logging_mixin.py:190} INFO - [2025-04-11T13:41:30.176+0000] {dag.py:4180} INFO - Setting next_dagrun for example_branch_datetime_operator_2 to 2025-04-10 00:00:00+00:00, run_after=2025-04-11 00:00:00+00:00
[2025-04-11T13:41:30.181+0000] {logging_mixin.py:190} INFO - [2025-04-11T13:41:30.180+0000] {dag.py:4180} INFO - Setting next_dagrun for example_branch_datetime_operator_3 to 2025-04-10 00:00:00+00:00, run_after=2025-04-11 00:00:00+00:00
[2025-04-11T13:41:30.211+0000] {processor.py:208} INFO - Processing /home/airflow/.local/lib/python3.12/site-packages/airflow/example_dags/example_branch_datetime_operator.py took 0.178 seconds
[2025-04-11T13:42:01.105+0000] {processor.py:186} INFO - Started process (PID=87273) to work on /home/airflow/.local/lib/python3.12/site-packages/airflow/example_dags/example_branch_datetime_operator.py
[2025-04-11T13:42:01.107+0000] {processor.py:914} INFO - Processing file /home/airflow/.local/lib/python3.12/site-packages/airflow/example_dags/example_branch_datetime_operator.py for tasks to queue
[2025-04-11T13:42:01.109+0000] {logging_mixin.py:190} INFO - [2025-04-11T13:42:01.108+0000] {dagbag.py:588} INFO - Filling up the DagBag from /home/airflow/.local/lib/python3.12/site-packages/airflow/example_dags/example_branch_datetime_operator.py
[2025-04-11T13:42:01.128+0000] {processor.py:925} INFO - DAG(s) 'example_branch_datetime_operator_2', 'example_branch_datetime_operator', 'example_branch_datetime_operator_3' retrieved from /home/airflow/.local/lib/python3.12/site-packages/airflow/example_dags/example_branch_datetime_operator.py
[2025-04-11T13:42:01.168+0000] {logging_mixin.py:190} INFO - [2025-04-11T13:42:01.167+0000] {dag.py:3239} INFO - Sync 3 DAGs
[2025-04-11T13:42:01.212+0000] {logging_mixin.py:190} INFO - [2025-04-11T13:42:01.211+0000] {dag.py:4180} INFO - Setting next_dagrun for example_branch_datetime_operator to 2025-04-10 00:00:00+00:00, run_after=2025-04-11 00:00:00+00:00
[2025-04-11T13:42:01.224+0000] {logging_mixin.py:190} INFO - [2025-04-11T13:42:01.224+0000] {dag.py:4180} INFO - Setting next_dagrun for example_branch_datetime_operator_2 to 2025-04-10 00:00:00+00:00, run_after=2025-04-11 00:00:00+00:00
[2025-04-11T13:42:01.229+0000] {logging_mixin.py:190} INFO - [2025-04-11T13:42:01.229+0000] {dag.py:4180} INFO - Setting next_dagrun for example_branch_datetime_operator_3 to 2025-04-10 00:00:00+00:00, run_after=2025-04-11 00:00:00+00:00
[2025-04-11T13:42:01.263+0000] {processor.py:208} INFO - Processing /home/airflow/.local/lib/python3.12/site-packages/airflow/example_dags/example_branch_datetime_operator.py took 0.165 seconds
[2025-04-11T13:42:31.398+0000] {processor.py:186} INFO - Started process (PID=87338) to work on /home/airflow/.local/lib/python3.12/site-packages/airflow/example_dags/example_branch_datetime_operator.py
[2025-04-11T13:42:31.403+0000] {processor.py:914} INFO - Processing file /home/airflow/.local/lib/python3.12/site-packages/airflow/example_dags/example_branch_datetime_operator.py for tasks to queue
[2025-04-11T13:42:31.407+0000] {logging_mixin.py:190} INFO - [2025-04-11T13:42:31.406+0000] {dagbag.py:588} INFO - Filling up the DagBag from /home/airflow/.local/lib/python3.12/site-packages/airflow/example_dags/example_branch_datetime_operator.py
[2025-04-11T13:42:31.440+0000] {processor.py:925} INFO - DAG(s) 'example_branch_datetime_operator_3', 'example_branch_datetime_operator', 'example_branch_datetime_operator_2' retrieved from /home/airflow/.local/lib/python3.12/site-packages/airflow/example_dags/example_branch_datetime_operator.py
[2025-04-11T13:42:31.482+0000] {logging_mixin.py:190} INFO - [2025-04-11T13:42:31.482+0000] {dag.py:3239} INFO - Sync 3 DAGs
[2025-04-11T13:42:31.518+0000] {logging_mixin.py:190} INFO - [2025-04-11T13:42:31.518+0000] {dag.py:4180} INFO - Setting next_dagrun for example_branch_datetime_operator to 2025-04-10 00:00:00+00:00, run_after=2025-04-11 00:00:00+00:00
[2025-04-11T13:42:31.525+0000] {logging_mixin.py:190} INFO - [2025-04-11T13:42:31.525+0000] {dag.py:4180} INFO - Setting next_dagrun for example_branch_datetime_operator_2 to 2025-04-10 00:00:00+00:00, run_after=2025-04-11 00:00:00+00:00
[2025-04-11T13:42:31.529+0000] {logging_mixin.py:190} INFO - [2025-04-11T13:42:31.529+0000] {dag.py:4180} INFO - Setting next_dagrun for example_branch_datetime_operator_3 to 2025-04-10 00:00:00+00:00, run_after=2025-04-11 00:00:00+00:00
[2025-04-11T13:42:31.559+0000] {processor.py:208} INFO - Processing /home/airflow/.local/lib/python3.12/site-packages/airflow/example_dags/example_branch_datetime_operator.py took 0.180 seconds
[2025-04-11T13:43:01.697+0000] {processor.py:186} INFO - Started process (PID=87403) to work on /home/airflow/.local/lib/python3.12/site-packages/airflow/example_dags/example_branch_datetime_operator.py
[2025-04-11T13:43:01.698+0000] {processor.py:914} INFO - Processing file /home/airflow/.local/lib/python3.12/site-packages/airflow/example_dags/example_branch_datetime_operator.py for tasks to queue
[2025-04-11T13:43:01.701+0000] {logging_mixin.py:190} INFO - [2025-04-11T13:43:01.700+0000] {dagbag.py:588} INFO - Filling up the DagBag from /home/airflow/.local/lib/python3.12/site-packages/airflow/example_dags/example_branch_datetime_operator.py
[2025-04-11T13:43:01.718+0000] {processor.py:925} INFO - DAG(s) 'example_branch_datetime_operator_2', 'example_branch_datetime_operator_3', 'example_branch_datetime_operator' retrieved from /home/airflow/.local/lib/python3.12/site-packages/airflow/example_dags/example_branch_datetime_operator.py
[2025-04-11T13:43:01.757+0000] {logging_mixin.py:190} INFO - [2025-04-11T13:43:01.756+0000] {dag.py:3239} INFO - Sync 3 DAGs
[2025-04-11T13:43:01.792+0000] {logging_mixin.py:190} INFO - [2025-04-11T13:43:01.791+0000] {dag.py:4180} INFO - Setting next_dagrun for example_branch_datetime_operator to 2025-04-10 00:00:00+00:00, run_after=2025-04-11 00:00:00+00:00
[2025-04-11T13:43:01.800+0000] {logging_mixin.py:190} INFO - [2025-04-11T13:43:01.800+0000] {dag.py:4180} INFO - Setting next_dagrun for example_branch_datetime_operator_2 to 2025-04-10 00:00:00+00:00, run_after=2025-04-11 00:00:00+00:00
[2025-04-11T13:43:01.804+0000] {logging_mixin.py:190} INFO - [2025-04-11T13:43:01.804+0000] {dag.py:4180} INFO - Setting next_dagrun for example_branch_datetime_operator_3 to 2025-04-10 00:00:00+00:00, run_after=2025-04-11 00:00:00+00:00
[2025-04-11T13:43:01.834+0000] {processor.py:208} INFO - Processing /home/airflow/.local/lib/python3.12/site-packages/airflow/example_dags/example_branch_datetime_operator.py took 0.147 seconds
[2025-04-11T13:43:32.387+0000] {processor.py:186} INFO - Started process (PID=87469) to work on /home/airflow/.local/lib/python3.12/site-packages/airflow/example_dags/example_branch_datetime_operator.py
[2025-04-11T13:43:32.389+0000] {processor.py:914} INFO - Processing file /home/airflow/.local/lib/python3.12/site-packages/airflow/example_dags/example_branch_datetime_operator.py for tasks to queue
[2025-04-11T13:43:32.391+0000] {logging_mixin.py:190} INFO - [2025-04-11T13:43:32.391+0000] {dagbag.py:588} INFO - Filling up the DagBag from /home/airflow/.local/lib/python3.12/site-packages/airflow/example_dags/example_branch_datetime_operator.py
[2025-04-11T13:43:32.412+0000] {processor.py:925} INFO - DAG(s) 'example_branch_datetime_operator', 'example_branch_datetime_operator_3', 'example_branch_datetime_operator_2' retrieved from /home/airflow/.local/lib/python3.12/site-packages/airflow/example_dags/example_branch_datetime_operator.py
[2025-04-11T13:43:32.466+0000] {logging_mixin.py:190} INFO - [2025-04-11T13:43:32.466+0000] {dag.py:3239} INFO - Sync 3 DAGs
[2025-04-11T13:43:32.508+0000] {logging_mixin.py:190} INFO - [2025-04-11T13:43:32.507+0000] {dag.py:4180} INFO - Setting next_dagrun for example_branch_datetime_operator to 2025-04-10 00:00:00+00:00, run_after=2025-04-11 00:00:00+00:00
[2025-04-11T13:43:32.516+0000] {logging_mixin.py:190} INFO - [2025-04-11T13:43:32.516+0000] {dag.py:4180} INFO - Setting next_dagrun for example_branch_datetime_operator_2 to 2025-04-10 00:00:00+00:00, run_after=2025-04-11 00:00:00+00:00
[2025-04-11T13:43:32.520+0000] {logging_mixin.py:190} INFO - [2025-04-11T13:43:32.520+0000] {dag.py:4180} INFO - Setting next_dagrun for example_branch_datetime_operator_3 to 2025-04-10 00:00:00+00:00, run_after=2025-04-11 00:00:00+00:00
[2025-04-11T13:43:32.556+0000] {processor.py:208} INFO - Processing /home/airflow/.local/lib/python3.12/site-packages/airflow/example_dags/example_branch_datetime_operator.py took 0.175 seconds
[2025-04-11T13:44:02.719+0000] {processor.py:186} INFO - Started process (PID=87534) to work on /home/airflow/.local/lib/python3.12/site-packages/airflow/example_dags/example_branch_datetime_operator.py
[2025-04-11T13:44:02.721+0000] {processor.py:914} INFO - Processing file /home/airflow/.local/lib/python3.12/site-packages/airflow/example_dags/example_branch_datetime_operator.py for tasks to queue
[2025-04-11T13:44:02.724+0000] {logging_mixin.py:190} INFO - [2025-04-11T13:44:02.723+0000] {dagbag.py:588} INFO - Filling up the DagBag from /home/airflow/.local/lib/python3.12/site-packages/airflow/example_dags/example_branch_datetime_operator.py
[2025-04-11T13:44:02.744+0000] {processor.py:925} INFO - DAG(s) 'example_branch_datetime_operator', 'example_branch_datetime_operator_3', 'example_branch_datetime_operator_2' retrieved from /home/airflow/.local/lib/python3.12/site-packages/airflow/example_dags/example_branch_datetime_operator.py
[2025-04-11T13:44:02.805+0000] {logging_mixin.py:190} INFO - [2025-04-11T13:44:02.805+0000] {dag.py:3239} INFO - Sync 3 DAGs
[2025-04-11T13:44:02.842+0000] {logging_mixin.py:190} INFO - [2025-04-11T13:44:02.842+0000] {dag.py:4180} INFO - Setting next_dagrun for example_branch_datetime_operator to 2025-04-10 00:00:00+00:00, run_after=2025-04-11 00:00:00+00:00
[2025-04-11T13:44:02.850+0000] {logging_mixin.py:190} INFO - [2025-04-11T13:44:02.850+0000] {dag.py:4180} INFO - Setting next_dagrun for example_branch_datetime_operator_2 to 2025-04-10 00:00:00+00:00, run_after=2025-04-11 00:00:00+00:00
[2025-04-11T13:44:02.855+0000] {logging_mixin.py:190} INFO - [2025-04-11T13:44:02.854+0000] {dag.py:4180} INFO - Setting next_dagrun for example_branch_datetime_operator_3 to 2025-04-10 00:00:00+00:00, run_after=2025-04-11 00:00:00+00:00
[2025-04-11T13:44:02.885+0000] {processor.py:208} INFO - Processing /home/airflow/.local/lib/python3.12/site-packages/airflow/example_dags/example_branch_datetime_operator.py took 0.177 seconds
[2025-04-11T13:44:32.978+0000] {processor.py:186} INFO - Started process (PID=87600) to work on /home/airflow/.local/lib/python3.12/site-packages/airflow/example_dags/example_branch_datetime_operator.py
[2025-04-11T13:44:32.979+0000] {processor.py:914} INFO - Processing file /home/airflow/.local/lib/python3.12/site-packages/airflow/example_dags/example_branch_datetime_operator.py for tasks to queue
[2025-04-11T13:44:32.982+0000] {logging_mixin.py:190} INFO - [2025-04-11T13:44:32.981+0000] {dagbag.py:588} INFO - Filling up the DagBag from /home/airflow/.local/lib/python3.12/site-packages/airflow/example_dags/example_branch_datetime_operator.py
[2025-04-11T13:44:32.998+0000] {processor.py:925} INFO - DAG(s) 'example_branch_datetime_operator_3', 'example_branch_datetime_operator', 'example_branch_datetime_operator_2' retrieved from /home/airflow/.local/lib/python3.12/site-packages/airflow/example_dags/example_branch_datetime_operator.py
[2025-04-11T13:44:33.038+0000] {logging_mixin.py:190} INFO - [2025-04-11T13:44:33.038+0000] {dag.py:3239} INFO - Sync 3 DAGs
[2025-04-11T13:44:33.076+0000] {logging_mixin.py:190} INFO - [2025-04-11T13:44:33.075+0000] {dag.py:4180} INFO - Setting next_dagrun for example_branch_datetime_operator to 2025-04-10 00:00:00+00:00, run_after=2025-04-11 00:00:00+00:00
[2025-04-11T13:44:33.084+0000] {logging_mixin.py:190} INFO - [2025-04-11T13:44:33.084+0000] {dag.py:4180} INFO - Setting next_dagrun for example_branch_datetime_operator_2 to 2025-04-10 00:00:00+00:00, run_after=2025-04-11 00:00:00+00:00
[2025-04-11T13:44:33.089+0000] {logging_mixin.py:190} INFO - [2025-04-11T13:44:33.089+0000] {dag.py:4180} INFO - Setting next_dagrun for example_branch_datetime_operator_3 to 2025-04-10 00:00:00+00:00, run_after=2025-04-11 00:00:00+00:00
[2025-04-11T13:44:33.119+0000] {processor.py:208} INFO - Processing /home/airflow/.local/lib/python3.12/site-packages/airflow/example_dags/example_branch_datetime_operator.py took 0.148 seconds
[2025-04-11T13:45:03.613+0000] {processor.py:186} INFO - Started process (PID=87664) to work on /home/airflow/.local/lib/python3.12/site-packages/airflow/example_dags/example_branch_datetime_operator.py
[2025-04-11T13:45:03.615+0000] {processor.py:914} INFO - Processing file /home/airflow/.local/lib/python3.12/site-packages/airflow/example_dags/example_branch_datetime_operator.py for tasks to queue
[2025-04-11T13:45:03.617+0000] {logging_mixin.py:190} INFO - [2025-04-11T13:45:03.617+0000] {dagbag.py:588} INFO - Filling up the DagBag from /home/airflow/.local/lib/python3.12/site-packages/airflow/example_dags/example_branch_datetime_operator.py
[2025-04-11T13:45:03.636+0000] {processor.py:925} INFO - DAG(s) 'example_branch_datetime_operator', 'example_branch_datetime_operator_2', 'example_branch_datetime_operator_3' retrieved from /home/airflow/.local/lib/python3.12/site-packages/airflow/example_dags/example_branch_datetime_operator.py
[2025-04-11T13:45:03.677+0000] {logging_mixin.py:190} INFO - [2025-04-11T13:45:03.677+0000] {dag.py:3239} INFO - Sync 3 DAGs
[2025-04-11T13:45:03.718+0000] {logging_mixin.py:190} INFO - [2025-04-11T13:45:03.718+0000] {dag.py:4180} INFO - Setting next_dagrun for example_branch_datetime_operator to 2025-04-10 00:00:00+00:00, run_after=2025-04-11 00:00:00+00:00
[2025-04-11T13:45:03.728+0000] {logging_mixin.py:190} INFO - [2025-04-11T13:45:03.727+0000] {dag.py:4180} INFO - Setting next_dagrun for example_branch_datetime_operator_2 to 2025-04-10 00:00:00+00:00, run_after=2025-04-11 00:00:00+00:00
[2025-04-11T13:45:03.732+0000] {logging_mixin.py:190} INFO - [2025-04-11T13:45:03.732+0000] {dag.py:4180} INFO - Setting next_dagrun for example_branch_datetime_operator_3 to 2025-04-10 00:00:00+00:00, run_after=2025-04-11 00:00:00+00:00
[2025-04-11T13:45:03.762+0000] {processor.py:208} INFO - Processing /home/airflow/.local/lib/python3.12/site-packages/airflow/example_dags/example_branch_datetime_operator.py took 0.156 seconds
[2025-04-11T13:45:33.966+0000] {processor.py:186} INFO - Started process (PID=87730) to work on /home/airflow/.local/lib/python3.12/site-packages/airflow/example_dags/example_branch_datetime_operator.py
[2025-04-11T13:45:33.968+0000] {processor.py:914} INFO - Processing file /home/airflow/.local/lib/python3.12/site-packages/airflow/example_dags/example_branch_datetime_operator.py for tasks to queue
[2025-04-11T13:45:33.971+0000] {logging_mixin.py:190} INFO - [2025-04-11T13:45:33.970+0000] {dagbag.py:588} INFO - Filling up the DagBag from /home/airflow/.local/lib/python3.12/site-packages/airflow/example_dags/example_branch_datetime_operator.py
[2025-04-11T13:45:33.992+0000] {processor.py:925} INFO - DAG(s) 'example_branch_datetime_operator_3', 'example_branch_datetime_operator_2', 'example_branch_datetime_operator' retrieved from /home/airflow/.local/lib/python3.12/site-packages/airflow/example_dags/example_branch_datetime_operator.py
[2025-04-11T13:45:34.037+0000] {logging_mixin.py:190} INFO - [2025-04-11T13:45:34.036+0000] {dag.py:3239} INFO - Sync 3 DAGs
[2025-04-11T13:45:34.077+0000] {logging_mixin.py:190} INFO - [2025-04-11T13:45:34.077+0000] {dag.py:4180} INFO - Setting next_dagrun for example_branch_datetime_operator to 2025-04-10 00:00:00+00:00, run_after=2025-04-11 00:00:00+00:00
[2025-04-11T13:45:34.088+0000] {logging_mixin.py:190} INFO - [2025-04-11T13:45:34.087+0000] {dag.py:4180} INFO - Setting next_dagrun for example_branch_datetime_operator_2 to 2025-04-10 00:00:00+00:00, run_after=2025-04-11 00:00:00+00:00
[2025-04-11T13:45:34.093+0000] {logging_mixin.py:190} INFO - [2025-04-11T13:45:34.092+0000] {dag.py:4180} INFO - Setting next_dagrun for example_branch_datetime_operator_3 to 2025-04-10 00:00:00+00:00, run_after=2025-04-11 00:00:00+00:00
[2025-04-11T13:45:34.127+0000] {processor.py:208} INFO - Processing /home/airflow/.local/lib/python3.12/site-packages/airflow/example_dags/example_branch_datetime_operator.py took 0.169 seconds
[2025-04-11T13:46:04.209+0000] {processor.py:186} INFO - Started process (PID=87794) to work on /home/airflow/.local/lib/python3.12/site-packages/airflow/example_dags/example_branch_datetime_operator.py
[2025-04-11T13:46:04.211+0000] {processor.py:914} INFO - Processing file /home/airflow/.local/lib/python3.12/site-packages/airflow/example_dags/example_branch_datetime_operator.py for tasks to queue
[2025-04-11T13:46:04.214+0000] {logging_mixin.py:190} INFO - [2025-04-11T13:46:04.213+0000] {dagbag.py:588} INFO - Filling up the DagBag from /home/airflow/.local/lib/python3.12/site-packages/airflow/example_dags/example_branch_datetime_operator.py
[2025-04-11T13:46:04.233+0000] {processor.py:925} INFO - DAG(s) 'example_branch_datetime_operator_2', 'example_branch_datetime_operator', 'example_branch_datetime_operator_3' retrieved from /home/airflow/.local/lib/python3.12/site-packages/airflow/example_dags/example_branch_datetime_operator.py
[2025-04-11T13:46:04.273+0000] {logging_mixin.py:190} INFO - [2025-04-11T13:46:04.273+0000] {dag.py:3239} INFO - Sync 3 DAGs
[2025-04-11T13:46:04.306+0000] {logging_mixin.py:190} INFO - [2025-04-11T13:46:04.306+0000] {dag.py:4180} INFO - Setting next_dagrun for example_branch_datetime_operator to 2025-04-10 00:00:00+00:00, run_after=2025-04-11 00:00:00+00:00
[2025-04-11T13:46:04.314+0000] {logging_mixin.py:190} INFO - [2025-04-11T13:46:04.314+0000] {dag.py:4180} INFO - Setting next_dagrun for example_branch_datetime_operator_2 to 2025-04-10 00:00:00+00:00, run_after=2025-04-11 00:00:00+00:00
[2025-04-11T13:46:04.319+0000] {logging_mixin.py:190} INFO - [2025-04-11T13:46:04.318+0000] {dag.py:4180} INFO - Setting next_dagrun for example_branch_datetime_operator_3 to 2025-04-10 00:00:00+00:00, run_after=2025-04-11 00:00:00+00:00
[2025-04-11T13:46:04.346+0000] {processor.py:208} INFO - Processing /home/airflow/.local/lib/python3.12/site-packages/airflow/example_dags/example_branch_datetime_operator.py took 0.146 seconds
[2025-04-11T13:46:34.726+0000] {processor.py:186} INFO - Started process (PID=87859) to work on /home/airflow/.local/lib/python3.12/site-packages/airflow/example_dags/example_branch_datetime_operator.py
[2025-04-11T13:46:34.728+0000] {processor.py:914} INFO - Processing file /home/airflow/.local/lib/python3.12/site-packages/airflow/example_dags/example_branch_datetime_operator.py for tasks to queue
[2025-04-11T13:46:34.731+0000] {logging_mixin.py:190} INFO - [2025-04-11T13:46:34.730+0000] {dagbag.py:588} INFO - Filling up the DagBag from /home/airflow/.local/lib/python3.12/site-packages/airflow/example_dags/example_branch_datetime_operator.py
[2025-04-11T13:46:34.750+0000] {processor.py:925} INFO - DAG(s) 'example_branch_datetime_operator', 'example_branch_datetime_operator_2', 'example_branch_datetime_operator_3' retrieved from /home/airflow/.local/lib/python3.12/site-packages/airflow/example_dags/example_branch_datetime_operator.py
[2025-04-11T13:46:34.799+0000] {logging_mixin.py:190} INFO - [2025-04-11T13:46:34.799+0000] {dag.py:3239} INFO - Sync 3 DAGs
[2025-04-11T13:46:34.837+0000] {logging_mixin.py:190} INFO - [2025-04-11T13:46:34.837+0000] {dag.py:4180} INFO - Setting next_dagrun for example_branch_datetime_operator to 2025-04-10 00:00:00+00:00, run_after=2025-04-11 00:00:00+00:00
[2025-04-11T13:46:34.845+0000] {logging_mixin.py:190} INFO - [2025-04-11T13:46:34.845+0000] {dag.py:4180} INFO - Setting next_dagrun for example_branch_datetime_operator_2 to 2025-04-10 00:00:00+00:00, run_after=2025-04-11 00:00:00+00:00
[2025-04-11T13:46:34.849+0000] {logging_mixin.py:190} INFO - [2025-04-11T13:46:34.849+0000] {dag.py:4180} INFO - Setting next_dagrun for example_branch_datetime_operator_3 to 2025-04-10 00:00:00+00:00, run_after=2025-04-11 00:00:00+00:00
[2025-04-11T13:46:34.877+0000] {processor.py:208} INFO - Processing /home/airflow/.local/lib/python3.12/site-packages/airflow/example_dags/example_branch_datetime_operator.py took 0.158 seconds
[2025-04-11T13:47:05.270+0000] {processor.py:186} INFO - Started process (PID=87924) to work on /home/airflow/.local/lib/python3.12/site-packages/airflow/example_dags/example_branch_datetime_operator.py
[2025-04-11T13:47:05.272+0000] {processor.py:914} INFO - Processing file /home/airflow/.local/lib/python3.12/site-packages/airflow/example_dags/example_branch_datetime_operator.py for tasks to queue
[2025-04-11T13:47:05.275+0000] {logging_mixin.py:190} INFO - [2025-04-11T13:47:05.274+0000] {dagbag.py:588} INFO - Filling up the DagBag from /home/airflow/.local/lib/python3.12/site-packages/airflow/example_dags/example_branch_datetime_operator.py
[2025-04-11T13:47:05.293+0000] {processor.py:925} INFO - DAG(s) 'example_branch_datetime_operator', 'example_branch_datetime_operator_3', 'example_branch_datetime_operator_2' retrieved from /home/airflow/.local/lib/python3.12/site-packages/airflow/example_dags/example_branch_datetime_operator.py
[2025-04-11T13:47:05.332+0000] {logging_mixin.py:190} INFO - [2025-04-11T13:47:05.332+0000] {dag.py:3239} INFO - Sync 3 DAGs
[2025-04-11T13:47:05.369+0000] {logging_mixin.py:190} INFO - [2025-04-11T13:47:05.369+0000] {dag.py:4180} INFO - Setting next_dagrun for example_branch_datetime_operator to 2025-04-10 00:00:00+00:00, run_after=2025-04-11 00:00:00+00:00
[2025-04-11T13:47:05.377+0000] {logging_mixin.py:190} INFO - [2025-04-11T13:47:05.377+0000] {dag.py:4180} INFO - Setting next_dagrun for example_branch_datetime_operator_2 to 2025-04-10 00:00:00+00:00, run_after=2025-04-11 00:00:00+00:00
[2025-04-11T13:47:05.382+0000] {logging_mixin.py:190} INFO - [2025-04-11T13:47:05.382+0000] {dag.py:4180} INFO - Setting next_dagrun for example_branch_datetime_operator_3 to 2025-04-10 00:00:00+00:00, run_after=2025-04-11 00:00:00+00:00
[2025-04-11T13:47:05.410+0000] {processor.py:208} INFO - Processing /home/airflow/.local/lib/python3.12/site-packages/airflow/example_dags/example_branch_datetime_operator.py took 0.147 seconds
[2025-04-11T13:47:35.755+0000] {processor.py:186} INFO - Started process (PID=87989) to work on /home/airflow/.local/lib/python3.12/site-packages/airflow/example_dags/example_branch_datetime_operator.py
[2025-04-11T13:47:35.757+0000] {processor.py:914} INFO - Processing file /home/airflow/.local/lib/python3.12/site-packages/airflow/example_dags/example_branch_datetime_operator.py for tasks to queue
[2025-04-11T13:47:35.760+0000] {logging_mixin.py:190} INFO - [2025-04-11T13:47:35.759+0000] {dagbag.py:588} INFO - Filling up the DagBag from /home/airflow/.local/lib/python3.12/site-packages/airflow/example_dags/example_branch_datetime_operator.py
[2025-04-11T13:47:35.785+0000] {processor.py:925} INFO - DAG(s) 'example_branch_datetime_operator', 'example_branch_datetime_operator_3', 'example_branch_datetime_operator_2' retrieved from /home/airflow/.local/lib/python3.12/site-packages/airflow/example_dags/example_branch_datetime_operator.py
[2025-04-11T13:47:35.832+0000] {logging_mixin.py:190} INFO - [2025-04-11T13:47:35.832+0000] {dag.py:3239} INFO - Sync 3 DAGs
[2025-04-11T13:47:35.865+0000] {logging_mixin.py:190} INFO - [2025-04-11T13:47:35.865+0000] {dag.py:4180} INFO - Setting next_dagrun for example_branch_datetime_operator to 2025-04-10 00:00:00+00:00, run_after=2025-04-11 00:00:00+00:00
[2025-04-11T13:47:35.872+0000] {logging_mixin.py:190} INFO - [2025-04-11T13:47:35.872+0000] {dag.py:4180} INFO - Setting next_dagrun for example_branch_datetime_operator_2 to 2025-04-10 00:00:00+00:00, run_after=2025-04-11 00:00:00+00:00
[2025-04-11T13:47:35.877+0000] {logging_mixin.py:190} INFO - [2025-04-11T13:47:35.876+0000] {dag.py:4180} INFO - Setting next_dagrun for example_branch_datetime_operator_3 to 2025-04-10 00:00:00+00:00, run_after=2025-04-11 00:00:00+00:00
[2025-04-11T13:47:35.904+0000] {processor.py:208} INFO - Processing /home/airflow/.local/lib/python3.12/site-packages/airflow/example_dags/example_branch_datetime_operator.py took 0.159 seconds
[2025-04-11T13:48:06.006+0000] {processor.py:186} INFO - Started process (PID=88055) to work on /home/airflow/.local/lib/python3.12/site-packages/airflow/example_dags/example_branch_datetime_operator.py
[2025-04-11T13:48:06.009+0000] {processor.py:914} INFO - Processing file /home/airflow/.local/lib/python3.12/site-packages/airflow/example_dags/example_branch_datetime_operator.py for tasks to queue
[2025-04-11T13:48:06.012+0000] {logging_mixin.py:190} INFO - [2025-04-11T13:48:06.011+0000] {dagbag.py:588} INFO - Filling up the DagBag from /home/airflow/.local/lib/python3.12/site-packages/airflow/example_dags/example_branch_datetime_operator.py
[2025-04-11T13:48:06.033+0000] {processor.py:925} INFO - DAG(s) 'example_branch_datetime_operator', 'example_branch_datetime_operator_3', 'example_branch_datetime_operator_2' retrieved from /home/airflow/.local/lib/python3.12/site-packages/airflow/example_dags/example_branch_datetime_operator.py
[2025-04-11T13:48:06.078+0000] {logging_mixin.py:190} INFO - [2025-04-11T13:48:06.078+0000] {dag.py:3239} INFO - Sync 3 DAGs
[2025-04-11T13:48:06.117+0000] {logging_mixin.py:190} INFO - [2025-04-11T13:48:06.117+0000] {dag.py:4180} INFO - Setting next_dagrun for example_branch_datetime_operator to 2025-04-10 00:00:00+00:00, run_after=2025-04-11 00:00:00+00:00
[2025-04-11T13:48:06.126+0000] {logging_mixin.py:190} INFO - [2025-04-11T13:48:06.126+0000] {dag.py:4180} INFO - Setting next_dagrun for example_branch_datetime_operator_2 to 2025-04-10 00:00:00+00:00, run_after=2025-04-11 00:00:00+00:00
[2025-04-11T13:48:06.132+0000] {logging_mixin.py:190} INFO - [2025-04-11T13:48:06.132+0000] {dag.py:4180} INFO - Setting next_dagrun for example_branch_datetime_operator_3 to 2025-04-10 00:00:00+00:00, run_after=2025-04-11 00:00:00+00:00
[2025-04-11T13:48:06.170+0000] {processor.py:208} INFO - Processing /home/airflow/.local/lib/python3.12/site-packages/airflow/example_dags/example_branch_datetime_operator.py took 0.175 seconds
[2025-04-11T13:48:36.809+0000] {processor.py:186} INFO - Started process (PID=88120) to work on /home/airflow/.local/lib/python3.12/site-packages/airflow/example_dags/example_branch_datetime_operator.py
[2025-04-11T13:48:36.811+0000] {processor.py:914} INFO - Processing file /home/airflow/.local/lib/python3.12/site-packages/airflow/example_dags/example_branch_datetime_operator.py for tasks to queue
[2025-04-11T13:48:36.814+0000] {logging_mixin.py:190} INFO - [2025-04-11T13:48:36.813+0000] {dagbag.py:588} INFO - Filling up the DagBag from /home/airflow/.local/lib/python3.12/site-packages/airflow/example_dags/example_branch_datetime_operator.py
[2025-04-11T13:48:36.832+0000] {processor.py:925} INFO - DAG(s) 'example_branch_datetime_operator_3', 'example_branch_datetime_operator_2', 'example_branch_datetime_operator' retrieved from /home/airflow/.local/lib/python3.12/site-packages/airflow/example_dags/example_branch_datetime_operator.py
[2025-04-11T13:48:36.875+0000] {logging_mixin.py:190} INFO - [2025-04-11T13:48:36.875+0000] {dag.py:3239} INFO - Sync 3 DAGs
[2025-04-11T13:48:36.917+0000] {logging_mixin.py:190} INFO - [2025-04-11T13:48:36.917+0000] {dag.py:4180} INFO - Setting next_dagrun for example_branch_datetime_operator to 2025-04-10 00:00:00+00:00, run_after=2025-04-11 00:00:00+00:00
[2025-04-11T13:48:36.925+0000] {logging_mixin.py:190} INFO - [2025-04-11T13:48:36.925+0000] {dag.py:4180} INFO - Setting next_dagrun for example_branch_datetime_operator_2 to 2025-04-10 00:00:00+00:00, run_after=2025-04-11 00:00:00+00:00
[2025-04-11T13:48:36.930+0000] {logging_mixin.py:190} INFO - [2025-04-11T13:48:36.930+0000] {dag.py:4180} INFO - Setting next_dagrun for example_branch_datetime_operator_3 to 2025-04-10 00:00:00+00:00, run_after=2025-04-11 00:00:00+00:00
[2025-04-11T13:48:36.961+0000] {processor.py:208} INFO - Processing /home/airflow/.local/lib/python3.12/site-packages/airflow/example_dags/example_branch_datetime_operator.py took 0.160 seconds
[2025-04-11T13:49:07.430+0000] {processor.py:186} INFO - Started process (PID=88185) to work on /home/airflow/.local/lib/python3.12/site-packages/airflow/example_dags/example_branch_datetime_operator.py
[2025-04-11T13:49:07.432+0000] {processor.py:914} INFO - Processing file /home/airflow/.local/lib/python3.12/site-packages/airflow/example_dags/example_branch_datetime_operator.py for tasks to queue
[2025-04-11T13:49:07.435+0000] {logging_mixin.py:190} INFO - [2025-04-11T13:49:07.434+0000] {dagbag.py:588} INFO - Filling up the DagBag from /home/airflow/.local/lib/python3.12/site-packages/airflow/example_dags/example_branch_datetime_operator.py
[2025-04-11T13:49:07.456+0000] {processor.py:925} INFO - DAG(s) 'example_branch_datetime_operator_2', 'example_branch_datetime_operator', 'example_branch_datetime_operator_3' retrieved from /home/airflow/.local/lib/python3.12/site-packages/airflow/example_dags/example_branch_datetime_operator.py
[2025-04-11T13:49:07.507+0000] {logging_mixin.py:190} INFO - [2025-04-11T13:49:07.506+0000] {dag.py:3239} INFO - Sync 3 DAGs
[2025-04-11T13:49:07.543+0000] {logging_mixin.py:190} INFO - [2025-04-11T13:49:07.543+0000] {dag.py:4180} INFO - Setting next_dagrun for example_branch_datetime_operator to 2025-04-10 00:00:00+00:00, run_after=2025-04-11 00:00:00+00:00
[2025-04-11T13:49:07.550+0000] {logging_mixin.py:190} INFO - [2025-04-11T13:49:07.550+0000] {dag.py:4180} INFO - Setting next_dagrun for example_branch_datetime_operator_2 to 2025-04-10 00:00:00+00:00, run_after=2025-04-11 00:00:00+00:00
[2025-04-11T13:49:07.555+0000] {logging_mixin.py:190} INFO - [2025-04-11T13:49:07.554+0000] {dag.py:4180} INFO - Setting next_dagrun for example_branch_datetime_operator_3 to 2025-04-10 00:00:00+00:00, run_after=2025-04-11 00:00:00+00:00
[2025-04-11T13:49:07.583+0000] {processor.py:208} INFO - Processing /home/airflow/.local/lib/python3.12/site-packages/airflow/example_dags/example_branch_datetime_operator.py took 0.160 seconds
[2025-04-11T13:49:37.785+0000] {processor.py:186} INFO - Started process (PID=88250) to work on /home/airflow/.local/lib/python3.12/site-packages/airflow/example_dags/example_branch_datetime_operator.py
[2025-04-11T13:49:37.787+0000] {processor.py:914} INFO - Processing file /home/airflow/.local/lib/python3.12/site-packages/airflow/example_dags/example_branch_datetime_operator.py for tasks to queue
[2025-04-11T13:49:37.789+0000] {logging_mixin.py:190} INFO - [2025-04-11T13:49:37.789+0000] {dagbag.py:588} INFO - Filling up the DagBag from /home/airflow/.local/lib/python3.12/site-packages/airflow/example_dags/example_branch_datetime_operator.py
[2025-04-11T13:49:37.814+0000] {processor.py:925} INFO - DAG(s) 'example_branch_datetime_operator', 'example_branch_datetime_operator_3', 'example_branch_datetime_operator_2' retrieved from /home/airflow/.local/lib/python3.12/site-packages/airflow/example_dags/example_branch_datetime_operator.py
[2025-04-11T13:49:37.879+0000] {logging_mixin.py:190} INFO - [2025-04-11T13:49:37.878+0000] {dag.py:3239} INFO - Sync 3 DAGs
[2025-04-11T13:49:37.953+0000] {logging_mixin.py:190} INFO - [2025-04-11T13:49:37.952+0000] {dag.py:4180} INFO - Setting next_dagrun for example_branch_datetime_operator to 2025-04-10 00:00:00+00:00, run_after=2025-04-11 00:00:00+00:00
[2025-04-11T13:49:37.963+0000] {logging_mixin.py:190} INFO - [2025-04-11T13:49:37.962+0000] {dag.py:4180} INFO - Setting next_dagrun for example_branch_datetime_operator_2 to 2025-04-10 00:00:00+00:00, run_after=2025-04-11 00:00:00+00:00
[2025-04-11T13:49:37.969+0000] {logging_mixin.py:190} INFO - [2025-04-11T13:49:37.968+0000] {dag.py:4180} INFO - Setting next_dagrun for example_branch_datetime_operator_3 to 2025-04-10 00:00:00+00:00, run_after=2025-04-11 00:00:00+00:00
[2025-04-11T13:49:38.003+0000] {processor.py:208} INFO - Processing /home/airflow/.local/lib/python3.12/site-packages/airflow/example_dags/example_branch_datetime_operator.py took 0.227 seconds
[2025-04-11T13:50:08.440+0000] {processor.py:186} INFO - Started process (PID=88321) to work on /home/airflow/.local/lib/python3.12/site-packages/airflow/example_dags/example_branch_datetime_operator.py
[2025-04-11T13:50:08.441+0000] {processor.py:914} INFO - Processing file /home/airflow/.local/lib/python3.12/site-packages/airflow/example_dags/example_branch_datetime_operator.py for tasks to queue
[2025-04-11T13:50:08.444+0000] {logging_mixin.py:190} INFO - [2025-04-11T13:50:08.443+0000] {dagbag.py:588} INFO - Filling up the DagBag from /home/airflow/.local/lib/python3.12/site-packages/airflow/example_dags/example_branch_datetime_operator.py
[2025-04-11T13:50:08.466+0000] {processor.py:925} INFO - DAG(s) 'example_branch_datetime_operator', 'example_branch_datetime_operator_2', 'example_branch_datetime_operator_3' retrieved from /home/airflow/.local/lib/python3.12/site-packages/airflow/example_dags/example_branch_datetime_operator.py
[2025-04-11T13:50:08.510+0000] {logging_mixin.py:190} INFO - [2025-04-11T13:50:08.510+0000] {dag.py:3239} INFO - Sync 3 DAGs
[2025-04-11T13:50:08.546+0000] {logging_mixin.py:190} INFO - [2025-04-11T13:50:08.546+0000] {dag.py:4180} INFO - Setting next_dagrun for example_branch_datetime_operator to 2025-04-10 00:00:00+00:00, run_after=2025-04-11 00:00:00+00:00
[2025-04-11T13:50:08.554+0000] {logging_mixin.py:190} INFO - [2025-04-11T13:50:08.553+0000] {dag.py:4180} INFO - Setting next_dagrun for example_branch_datetime_operator_2 to 2025-04-10 00:00:00+00:00, run_after=2025-04-11 00:00:00+00:00
[2025-04-11T13:50:08.558+0000] {logging_mixin.py:190} INFO - [2025-04-11T13:50:08.557+0000] {dag.py:4180} INFO - Setting next_dagrun for example_branch_datetime_operator_3 to 2025-04-10 00:00:00+00:00, run_after=2025-04-11 00:00:00+00:00
[2025-04-11T13:50:08.588+0000] {processor.py:208} INFO - Processing /home/airflow/.local/lib/python3.12/site-packages/airflow/example_dags/example_branch_datetime_operator.py took 0.156 seconds
[2025-04-11T13:50:38.733+0000] {processor.py:186} INFO - Started process (PID=88386) to work on /home/airflow/.local/lib/python3.12/site-packages/airflow/example_dags/example_branch_datetime_operator.py
[2025-04-11T13:50:38.735+0000] {processor.py:914} INFO - Processing file /home/airflow/.local/lib/python3.12/site-packages/airflow/example_dags/example_branch_datetime_operator.py for tasks to queue
[2025-04-11T13:50:38.738+0000] {logging_mixin.py:190} INFO - [2025-04-11T13:50:38.737+0000] {dagbag.py:588} INFO - Filling up the DagBag from /home/airflow/.local/lib/python3.12/site-packages/airflow/example_dags/example_branch_datetime_operator.py
[2025-04-11T13:50:38.763+0000] {processor.py:925} INFO - DAG(s) 'example_branch_datetime_operator_3', 'example_branch_datetime_operator_2', 'example_branch_datetime_operator' retrieved from /home/airflow/.local/lib/python3.12/site-packages/airflow/example_dags/example_branch_datetime_operator.py
[2025-04-11T13:50:38.819+0000] {logging_mixin.py:190} INFO - [2025-04-11T13:50:38.819+0000] {dag.py:3239} INFO - Sync 3 DAGs
[2025-04-11T13:50:38.858+0000] {logging_mixin.py:190} INFO - [2025-04-11T13:50:38.857+0000] {dag.py:4180} INFO - Setting next_dagrun for example_branch_datetime_operator to 2025-04-10 00:00:00+00:00, run_after=2025-04-11 00:00:00+00:00
[2025-04-11T13:50:38.866+0000] {logging_mixin.py:190} INFO - [2025-04-11T13:50:38.865+0000] {dag.py:4180} INFO - Setting next_dagrun for example_branch_datetime_operator_2 to 2025-04-10 00:00:00+00:00, run_after=2025-04-11 00:00:00+00:00
[2025-04-11T13:50:38.870+0000] {logging_mixin.py:190} INFO - [2025-04-11T13:50:38.870+0000] {dag.py:4180} INFO - Setting next_dagrun for example_branch_datetime_operator_3 to 2025-04-10 00:00:00+00:00, run_after=2025-04-11 00:00:00+00:00
[2025-04-11T13:50:38.901+0000] {processor.py:208} INFO - Processing /home/airflow/.local/lib/python3.12/site-packages/airflow/example_dags/example_branch_datetime_operator.py took 0.182 seconds
[2025-04-11T13:51:09.095+0000] {processor.py:186} INFO - Started process (PID=88450) to work on /home/airflow/.local/lib/python3.12/site-packages/airflow/example_dags/example_branch_datetime_operator.py
[2025-04-11T13:51:09.097+0000] {processor.py:914} INFO - Processing file /home/airflow/.local/lib/python3.12/site-packages/airflow/example_dags/example_branch_datetime_operator.py for tasks to queue
[2025-04-11T13:51:09.099+0000] {logging_mixin.py:190} INFO - [2025-04-11T13:51:09.098+0000] {dagbag.py:588} INFO - Filling up the DagBag from /home/airflow/.local/lib/python3.12/site-packages/airflow/example_dags/example_branch_datetime_operator.py
[2025-04-11T13:51:09.115+0000] {processor.py:925} INFO - DAG(s) 'example_branch_datetime_operator_2', 'example_branch_datetime_operator_3', 'example_branch_datetime_operator' retrieved from /home/airflow/.local/lib/python3.12/site-packages/airflow/example_dags/example_branch_datetime_operator.py
[2025-04-11T13:51:09.157+0000] {logging_mixin.py:190} INFO - [2025-04-11T13:51:09.156+0000] {dag.py:3239} INFO - Sync 3 DAGs
[2025-04-11T13:51:09.193+0000] {logging_mixin.py:190} INFO - [2025-04-11T13:51:09.193+0000] {dag.py:4180} INFO - Setting next_dagrun for example_branch_datetime_operator to 2025-04-10 00:00:00+00:00, run_after=2025-04-11 00:00:00+00:00
[2025-04-11T13:51:09.201+0000] {logging_mixin.py:190} INFO - [2025-04-11T13:51:09.201+0000] {dag.py:4180} INFO - Setting next_dagrun for example_branch_datetime_operator_2 to 2025-04-10 00:00:00+00:00, run_after=2025-04-11 00:00:00+00:00
[2025-04-11T13:51:09.206+0000] {logging_mixin.py:190} INFO - [2025-04-11T13:51:09.205+0000] {dag.py:4180} INFO - Setting next_dagrun for example_branch_datetime_operator_3 to 2025-04-10 00:00:00+00:00, run_after=2025-04-11 00:00:00+00:00
[2025-04-11T13:51:09.234+0000] {processor.py:208} INFO - Processing /home/airflow/.local/lib/python3.12/site-packages/airflow/example_dags/example_branch_datetime_operator.py took 0.147 seconds
[2025-04-11T13:51:39.608+0000] {processor.py:186} INFO - Started process (PID=88515) to work on /home/airflow/.local/lib/python3.12/site-packages/airflow/example_dags/example_branch_datetime_operator.py
[2025-04-11T13:51:39.609+0000] {processor.py:914} INFO - Processing file /home/airflow/.local/lib/python3.12/site-packages/airflow/example_dags/example_branch_datetime_operator.py for tasks to queue
[2025-04-11T13:51:39.613+0000] {logging_mixin.py:190} INFO - [2025-04-11T13:51:39.612+0000] {dagbag.py:588} INFO - Filling up the DagBag from /home/airflow/.local/lib/python3.12/site-packages/airflow/example_dags/example_branch_datetime_operator.py
[2025-04-11T13:51:39.633+0000] {processor.py:925} INFO - DAG(s) 'example_branch_datetime_operator_2', 'example_branch_datetime_operator', 'example_branch_datetime_operator_3' retrieved from /home/airflow/.local/lib/python3.12/site-packages/airflow/example_dags/example_branch_datetime_operator.py
[2025-04-11T13:51:39.680+0000] {logging_mixin.py:190} INFO - [2025-04-11T13:51:39.680+0000] {dag.py:3239} INFO - Sync 3 DAGs
[2025-04-11T13:51:39.719+0000] {logging_mixin.py:190} INFO - [2025-04-11T13:51:39.718+0000] {dag.py:4180} INFO - Setting next_dagrun for example_branch_datetime_operator to 2025-04-10 00:00:00+00:00, run_after=2025-04-11 00:00:00+00:00
[2025-04-11T13:51:39.749+0000] {logging_mixin.py:190} INFO - [2025-04-11T13:51:39.748+0000] {dag.py:4180} INFO - Setting next_dagrun for example_branch_datetime_operator_2 to 2025-04-10 00:00:00+00:00, run_after=2025-04-11 00:00:00+00:00
[2025-04-11T13:51:39.755+0000] {logging_mixin.py:190} INFO - [2025-04-11T13:51:39.755+0000] {dag.py:4180} INFO - Setting next_dagrun for example_branch_datetime_operator_3 to 2025-04-10 00:00:00+00:00, run_after=2025-04-11 00:00:00+00:00
[2025-04-11T13:51:39.802+0000] {processor.py:208} INFO - Processing /home/airflow/.local/lib/python3.12/site-packages/airflow/example_dags/example_branch_datetime_operator.py took 0.203 seconds
[2025-04-11T13:52:10.229+0000] {processor.py:186} INFO - Started process (PID=88572) to work on /home/airflow/.local/lib/python3.12/site-packages/airflow/example_dags/example_branch_datetime_operator.py
[2025-04-11T13:52:10.231+0000] {processor.py:914} INFO - Processing file /home/airflow/.local/lib/python3.12/site-packages/airflow/example_dags/example_branch_datetime_operator.py for tasks to queue
[2025-04-11T13:52:10.234+0000] {logging_mixin.py:190} INFO - [2025-04-11T13:52:10.233+0000] {dagbag.py:588} INFO - Filling up the DagBag from /home/airflow/.local/lib/python3.12/site-packages/airflow/example_dags/example_branch_datetime_operator.py
[2025-04-11T13:52:10.260+0000] {processor.py:925} INFO - DAG(s) 'example_branch_datetime_operator_2', 'example_branch_datetime_operator', 'example_branch_datetime_operator_3' retrieved from /home/airflow/.local/lib/python3.12/site-packages/airflow/example_dags/example_branch_datetime_operator.py
[2025-04-11T13:52:10.313+0000] {logging_mixin.py:190} INFO - [2025-04-11T13:52:10.313+0000] {dag.py:3239} INFO - Sync 3 DAGs
[2025-04-11T13:52:10.359+0000] {logging_mixin.py:190} INFO - [2025-04-11T13:52:10.358+0000] {dag.py:4180} INFO - Setting next_dagrun for example_branch_datetime_operator to 2025-04-10 00:00:00+00:00, run_after=2025-04-11 00:00:00+00:00
[2025-04-11T13:52:10.371+0000] {logging_mixin.py:190} INFO - [2025-04-11T13:52:10.371+0000] {dag.py:4180} INFO - Setting next_dagrun for example_branch_datetime_operator_2 to 2025-04-10 00:00:00+00:00, run_after=2025-04-11 00:00:00+00:00
[2025-04-11T13:52:10.377+0000] {logging_mixin.py:190} INFO - [2025-04-11T13:52:10.377+0000] {dag.py:4180} INFO - Setting next_dagrun for example_branch_datetime_operator_3 to 2025-04-10 00:00:00+00:00, run_after=2025-04-11 00:00:00+00:00
[2025-04-11T13:52:10.416+0000] {processor.py:208} INFO - Processing /home/airflow/.local/lib/python3.12/site-packages/airflow/example_dags/example_branch_datetime_operator.py took 0.196 seconds
[2025-04-11T13:52:40.500+0000] {processor.py:186} INFO - Started process (PID=88636) to work on /home/airflow/.local/lib/python3.12/site-packages/airflow/example_dags/example_branch_datetime_operator.py
[2025-04-11T13:52:40.501+0000] {processor.py:914} INFO - Processing file /home/airflow/.local/lib/python3.12/site-packages/airflow/example_dags/example_branch_datetime_operator.py for tasks to queue
[2025-04-11T13:52:40.504+0000] {logging_mixin.py:190} INFO - [2025-04-11T13:52:40.503+0000] {dagbag.py:588} INFO - Filling up the DagBag from /home/airflow/.local/lib/python3.12/site-packages/airflow/example_dags/example_branch_datetime_operator.py
[2025-04-11T13:52:40.522+0000] {processor.py:925} INFO - DAG(s) 'example_branch_datetime_operator_2', 'example_branch_datetime_operator', 'example_branch_datetime_operator_3' retrieved from /home/airflow/.local/lib/python3.12/site-packages/airflow/example_dags/example_branch_datetime_operator.py
[2025-04-11T13:52:40.575+0000] {logging_mixin.py:190} INFO - [2025-04-11T13:52:40.575+0000] {dag.py:3239} INFO - Sync 3 DAGs
[2025-04-11T13:52:40.619+0000] {logging_mixin.py:190} INFO - [2025-04-11T13:52:40.618+0000] {dag.py:4180} INFO - Setting next_dagrun for example_branch_datetime_operator to 2025-04-10 00:00:00+00:00, run_after=2025-04-11 00:00:00+00:00
[2025-04-11T13:52:40.627+0000] {logging_mixin.py:190} INFO - [2025-04-11T13:52:40.626+0000] {dag.py:4180} INFO - Setting next_dagrun for example_branch_datetime_operator_2 to 2025-04-10 00:00:00+00:00, run_after=2025-04-11 00:00:00+00:00
[2025-04-11T13:52:40.633+0000] {logging_mixin.py:190} INFO - [2025-04-11T13:52:40.632+0000] {dag.py:4180} INFO - Setting next_dagrun for example_branch_datetime_operator_3 to 2025-04-10 00:00:00+00:00, run_after=2025-04-11 00:00:00+00:00
[2025-04-11T13:52:40.665+0000] {processor.py:208} INFO - Processing /home/airflow/.local/lib/python3.12/site-packages/airflow/example_dags/example_branch_datetime_operator.py took 0.172 seconds
[2025-04-11T13:53:11.498+0000] {processor.py:186} INFO - Started process (PID=88707) to work on /home/airflow/.local/lib/python3.12/site-packages/airflow/example_dags/example_branch_datetime_operator.py
[2025-04-11T13:53:11.500+0000] {processor.py:914} INFO - Processing file /home/airflow/.local/lib/python3.12/site-packages/airflow/example_dags/example_branch_datetime_operator.py for tasks to queue
[2025-04-11T13:53:11.503+0000] {logging_mixin.py:190} INFO - [2025-04-11T13:53:11.502+0000] {dagbag.py:588} INFO - Filling up the DagBag from /home/airflow/.local/lib/python3.12/site-packages/airflow/example_dags/example_branch_datetime_operator.py
[2025-04-11T13:53:11.525+0000] {processor.py:925} INFO - DAG(s) 'example_branch_datetime_operator', 'example_branch_datetime_operator_3', 'example_branch_datetime_operator_2' retrieved from /home/airflow/.local/lib/python3.12/site-packages/airflow/example_dags/example_branch_datetime_operator.py
[2025-04-11T13:53:11.570+0000] {logging_mixin.py:190} INFO - [2025-04-11T13:53:11.570+0000] {dag.py:3239} INFO - Sync 3 DAGs
[2025-04-11T13:53:11.616+0000] {logging_mixin.py:190} INFO - [2025-04-11T13:53:11.615+0000] {dag.py:4180} INFO - Setting next_dagrun for example_branch_datetime_operator to 2025-04-10 00:00:00+00:00, run_after=2025-04-11 00:00:00+00:00
[2025-04-11T13:53:11.625+0000] {logging_mixin.py:190} INFO - [2025-04-11T13:53:11.625+0000] {dag.py:4180} INFO - Setting next_dagrun for example_branch_datetime_operator_2 to 2025-04-10 00:00:00+00:00, run_after=2025-04-11 00:00:00+00:00
[2025-04-11T13:53:11.630+0000] {logging_mixin.py:190} INFO - [2025-04-11T13:53:11.630+0000] {dag.py:4180} INFO - Setting next_dagrun for example_branch_datetime_operator_3 to 2025-04-10 00:00:00+00:00, run_after=2025-04-11 00:00:00+00:00
[2025-04-11T13:53:11.664+0000] {processor.py:208} INFO - Processing /home/airflow/.local/lib/python3.12/site-packages/airflow/example_dags/example_branch_datetime_operator.py took 0.179 seconds
[2025-04-11T13:53:41.947+0000] {processor.py:186} INFO - Started process (PID=88772) to work on /home/airflow/.local/lib/python3.12/site-packages/airflow/example_dags/example_branch_datetime_operator.py
[2025-04-11T13:53:41.948+0000] {processor.py:914} INFO - Processing file /home/airflow/.local/lib/python3.12/site-packages/airflow/example_dags/example_branch_datetime_operator.py for tasks to queue
[2025-04-11T13:53:41.951+0000] {logging_mixin.py:190} INFO - [2025-04-11T13:53:41.951+0000] {dagbag.py:588} INFO - Filling up the DagBag from /home/airflow/.local/lib/python3.12/site-packages/airflow/example_dags/example_branch_datetime_operator.py
[2025-04-11T13:53:41.975+0000] {processor.py:925} INFO - DAG(s) 'example_branch_datetime_operator_3', 'example_branch_datetime_operator_2', 'example_branch_datetime_operator' retrieved from /home/airflow/.local/lib/python3.12/site-packages/airflow/example_dags/example_branch_datetime_operator.py
[2025-04-11T13:53:42.018+0000] {logging_mixin.py:190} INFO - [2025-04-11T13:53:42.018+0000] {dag.py:3239} INFO - Sync 3 DAGs
[2025-04-11T13:53:42.059+0000] {logging_mixin.py:190} INFO - [2025-04-11T13:53:42.059+0000] {dag.py:4180} INFO - Setting next_dagrun for example_branch_datetime_operator to 2025-04-10 00:00:00+00:00, run_after=2025-04-11 00:00:00+00:00
[2025-04-11T13:53:42.067+0000] {logging_mixin.py:190} INFO - [2025-04-11T13:53:42.067+0000] {dag.py:4180} INFO - Setting next_dagrun for example_branch_datetime_operator_2 to 2025-04-10 00:00:00+00:00, run_after=2025-04-11 00:00:00+00:00
[2025-04-11T13:53:42.073+0000] {logging_mixin.py:190} INFO - [2025-04-11T13:53:42.072+0000] {dag.py:4180} INFO - Setting next_dagrun for example_branch_datetime_operator_3 to 2025-04-10 00:00:00+00:00, run_after=2025-04-11 00:00:00+00:00
[2025-04-11T13:53:42.105+0000] {processor.py:208} INFO - Processing /home/airflow/.local/lib/python3.12/site-packages/airflow/example_dags/example_branch_datetime_operator.py took 0.166 seconds
[2025-04-11T13:54:12.398+0000] {processor.py:186} INFO - Started process (PID=88835) to work on /home/airflow/.local/lib/python3.12/site-packages/airflow/example_dags/example_branch_datetime_operator.py
[2025-04-11T13:54:12.399+0000] {processor.py:914} INFO - Processing file /home/airflow/.local/lib/python3.12/site-packages/airflow/example_dags/example_branch_datetime_operator.py for tasks to queue
[2025-04-11T13:54:12.402+0000] {logging_mixin.py:190} INFO - [2025-04-11T13:54:12.401+0000] {dagbag.py:588} INFO - Filling up the DagBag from /home/airflow/.local/lib/python3.12/site-packages/airflow/example_dags/example_branch_datetime_operator.py
[2025-04-11T13:54:12.421+0000] {processor.py:925} INFO - DAG(s) 'example_branch_datetime_operator_3', 'example_branch_datetime_operator_2', 'example_branch_datetime_operator' retrieved from /home/airflow/.local/lib/python3.12/site-packages/airflow/example_dags/example_branch_datetime_operator.py
[2025-04-11T13:54:12.471+0000] {logging_mixin.py:190} INFO - [2025-04-11T13:54:12.470+0000] {dag.py:3239} INFO - Sync 3 DAGs
[2025-04-11T13:54:12.527+0000] {logging_mixin.py:190} INFO - [2025-04-11T13:54:12.526+0000] {dag.py:4180} INFO - Setting next_dagrun for example_branch_datetime_operator to 2025-04-10 00:00:00+00:00, run_after=2025-04-11 00:00:00+00:00
[2025-04-11T13:54:12.540+0000] {logging_mixin.py:190} INFO - [2025-04-11T13:54:12.540+0000] {dag.py:4180} INFO - Setting next_dagrun for example_branch_datetime_operator_2 to 2025-04-10 00:00:00+00:00, run_after=2025-04-11 00:00:00+00:00
[2025-04-11T13:54:12.548+0000] {logging_mixin.py:190} INFO - [2025-04-11T13:54:12.547+0000] {dag.py:4180} INFO - Setting next_dagrun for example_branch_datetime_operator_3 to 2025-04-10 00:00:00+00:00, run_after=2025-04-11 00:00:00+00:00
[2025-04-11T13:54:12.583+0000] {processor.py:208} INFO - Processing /home/airflow/.local/lib/python3.12/site-packages/airflow/example_dags/example_branch_datetime_operator.py took 0.193 seconds
[2025-04-11T13:54:43.079+0000] {processor.py:186} INFO - Started process (PID=88897) to work on /home/airflow/.local/lib/python3.12/site-packages/airflow/example_dags/example_branch_datetime_operator.py
[2025-04-11T13:54:43.080+0000] {processor.py:914} INFO - Processing file /home/airflow/.local/lib/python3.12/site-packages/airflow/example_dags/example_branch_datetime_operator.py for tasks to queue
[2025-04-11T13:54:43.083+0000] {logging_mixin.py:190} INFO - [2025-04-11T13:54:43.082+0000] {dagbag.py:588} INFO - Filling up the DagBag from /home/airflow/.local/lib/python3.12/site-packages/airflow/example_dags/example_branch_datetime_operator.py
[2025-04-11T13:54:43.106+0000] {processor.py:925} INFO - DAG(s) 'example_branch_datetime_operator_3', 'example_branch_datetime_operator_2', 'example_branch_datetime_operator' retrieved from /home/airflow/.local/lib/python3.12/site-packages/airflow/example_dags/example_branch_datetime_operator.py
[2025-04-11T13:54:43.158+0000] {logging_mixin.py:190} INFO - [2025-04-11T13:54:43.158+0000] {dag.py:3239} INFO - Sync 3 DAGs
[2025-04-11T13:54:43.198+0000] {logging_mixin.py:190} INFO - [2025-04-11T13:54:43.197+0000] {dag.py:4180} INFO - Setting next_dagrun for example_branch_datetime_operator to 2025-04-10 00:00:00+00:00, run_after=2025-04-11 00:00:00+00:00
[2025-04-11T13:54:43.208+0000] {logging_mixin.py:190} INFO - [2025-04-11T13:54:43.208+0000] {dag.py:4180} INFO - Setting next_dagrun for example_branch_datetime_operator_2 to 2025-04-10 00:00:00+00:00, run_after=2025-04-11 00:00:00+00:00
[2025-04-11T13:54:43.215+0000] {logging_mixin.py:190} INFO - [2025-04-11T13:54:43.214+0000] {dag.py:4180} INFO - Setting next_dagrun for example_branch_datetime_operator_3 to 2025-04-10 00:00:00+00:00, run_after=2025-04-11 00:00:00+00:00
[2025-04-11T13:54:43.251+0000] {processor.py:208} INFO - Processing /home/airflow/.local/lib/python3.12/site-packages/airflow/example_dags/example_branch_datetime_operator.py took 0.182 seconds
[2025-04-11T13:55:13.918+0000] {processor.py:186} INFO - Started process (PID=88961) to work on /home/airflow/.local/lib/python3.12/site-packages/airflow/example_dags/example_branch_datetime_operator.py
[2025-04-11T13:55:13.920+0000] {processor.py:914} INFO - Processing file /home/airflow/.local/lib/python3.12/site-packages/airflow/example_dags/example_branch_datetime_operator.py for tasks to queue
[2025-04-11T13:55:13.923+0000] {logging_mixin.py:190} INFO - [2025-04-11T13:55:13.922+0000] {dagbag.py:588} INFO - Filling up the DagBag from /home/airflow/.local/lib/python3.12/site-packages/airflow/example_dags/example_branch_datetime_operator.py
[2025-04-11T13:55:13.940+0000] {processor.py:925} INFO - DAG(s) 'example_branch_datetime_operator_3', 'example_branch_datetime_operator', 'example_branch_datetime_operator_2' retrieved from /home/airflow/.local/lib/python3.12/site-packages/airflow/example_dags/example_branch_datetime_operator.py
[2025-04-11T13:55:13.985+0000] {logging_mixin.py:190} INFO - [2025-04-11T13:55:13.985+0000] {dag.py:3239} INFO - Sync 3 DAGs
[2025-04-11T13:55:14.027+0000] {logging_mixin.py:190} INFO - [2025-04-11T13:55:14.026+0000] {dag.py:4180} INFO - Setting next_dagrun for example_branch_datetime_operator to 2025-04-10 00:00:00+00:00, run_after=2025-04-11 00:00:00+00:00
[2025-04-11T13:55:14.035+0000] {logging_mixin.py:190} INFO - [2025-04-11T13:55:14.035+0000] {dag.py:4180} INFO - Setting next_dagrun for example_branch_datetime_operator_2 to 2025-04-10 00:00:00+00:00, run_after=2025-04-11 00:00:00+00:00
[2025-04-11T13:55:14.041+0000] {logging_mixin.py:190} INFO - [2025-04-11T13:55:14.041+0000] {dag.py:4180} INFO - Setting next_dagrun for example_branch_datetime_operator_3 to 2025-04-10 00:00:00+00:00, run_after=2025-04-11 00:00:00+00:00
[2025-04-11T13:55:14.074+0000] {processor.py:208} INFO - Processing /home/airflow/.local/lib/python3.12/site-packages/airflow/example_dags/example_branch_datetime_operator.py took 0.163 seconds
[2025-04-11T13:55:44.845+0000] {processor.py:186} INFO - Started process (PID=89025) to work on /home/airflow/.local/lib/python3.12/site-packages/airflow/example_dags/example_branch_datetime_operator.py
[2025-04-11T13:55:44.847+0000] {processor.py:914} INFO - Processing file /home/airflow/.local/lib/python3.12/site-packages/airflow/example_dags/example_branch_datetime_operator.py for tasks to queue
[2025-04-11T13:55:44.849+0000] {logging_mixin.py:190} INFO - [2025-04-11T13:55:44.848+0000] {dagbag.py:588} INFO - Filling up the DagBag from /home/airflow/.local/lib/python3.12/site-packages/airflow/example_dags/example_branch_datetime_operator.py
[2025-04-11T13:55:44.868+0000] {processor.py:925} INFO - DAG(s) 'example_branch_datetime_operator_2', 'example_branch_datetime_operator_3', 'example_branch_datetime_operator' retrieved from /home/airflow/.local/lib/python3.12/site-packages/airflow/example_dags/example_branch_datetime_operator.py
[2025-04-11T13:55:44.912+0000] {logging_mixin.py:190} INFO - [2025-04-11T13:55:44.911+0000] {dag.py:3239} INFO - Sync 3 DAGs
[2025-04-11T13:55:44.952+0000] {logging_mixin.py:190} INFO - [2025-04-11T13:55:44.952+0000] {dag.py:4180} INFO - Setting next_dagrun for example_branch_datetime_operator to 2025-04-10 00:00:00+00:00, run_after=2025-04-11 00:00:00+00:00
[2025-04-11T13:55:44.960+0000] {logging_mixin.py:190} INFO - [2025-04-11T13:55:44.960+0000] {dag.py:4180} INFO - Setting next_dagrun for example_branch_datetime_operator_2 to 2025-04-10 00:00:00+00:00, run_after=2025-04-11 00:00:00+00:00
[2025-04-11T13:55:44.965+0000] {logging_mixin.py:190} INFO - [2025-04-11T13:55:44.964+0000] {dag.py:4180} INFO - Setting next_dagrun for example_branch_datetime_operator_3 to 2025-04-10 00:00:00+00:00, run_after=2025-04-11 00:00:00+00:00
[2025-04-11T13:55:44.992+0000] {processor.py:208} INFO - Processing /home/airflow/.local/lib/python3.12/site-packages/airflow/example_dags/example_branch_datetime_operator.py took 0.156 seconds
[2025-04-11T13:56:15.813+0000] {processor.py:186} INFO - Started process (PID=89090) to work on /home/airflow/.local/lib/python3.12/site-packages/airflow/example_dags/example_branch_datetime_operator.py
[2025-04-11T13:56:15.815+0000] {processor.py:914} INFO - Processing file /home/airflow/.local/lib/python3.12/site-packages/airflow/example_dags/example_branch_datetime_operator.py for tasks to queue
[2025-04-11T13:56:15.817+0000] {logging_mixin.py:190} INFO - [2025-04-11T13:56:15.817+0000] {dagbag.py:588} INFO - Filling up the DagBag from /home/airflow/.local/lib/python3.12/site-packages/airflow/example_dags/example_branch_datetime_operator.py
[2025-04-11T13:56:15.834+0000] {processor.py:925} INFO - DAG(s) 'example_branch_datetime_operator_3', 'example_branch_datetime_operator_2', 'example_branch_datetime_operator' retrieved from /home/airflow/.local/lib/python3.12/site-packages/airflow/example_dags/example_branch_datetime_operator.py
[2025-04-11T13:56:15.880+0000] {logging_mixin.py:190} INFO - [2025-04-11T13:56:15.879+0000] {dag.py:3239} INFO - Sync 3 DAGs
[2025-04-11T13:56:15.915+0000] {logging_mixin.py:190} INFO - [2025-04-11T13:56:15.915+0000] {dag.py:4180} INFO - Setting next_dagrun for example_branch_datetime_operator to 2025-04-10 00:00:00+00:00, run_after=2025-04-11 00:00:00+00:00
[2025-04-11T13:56:15.923+0000] {logging_mixin.py:190} INFO - [2025-04-11T13:56:15.923+0000] {dag.py:4180} INFO - Setting next_dagrun for example_branch_datetime_operator_2 to 2025-04-10 00:00:00+00:00, run_after=2025-04-11 00:00:00+00:00
[2025-04-11T13:56:15.927+0000] {logging_mixin.py:190} INFO - [2025-04-11T13:56:15.927+0000] {dag.py:4180} INFO - Setting next_dagrun for example_branch_datetime_operator_3 to 2025-04-10 00:00:00+00:00, run_after=2025-04-11 00:00:00+00:00
[2025-04-11T13:56:15.956+0000] {processor.py:208} INFO - Processing /home/airflow/.local/lib/python3.12/site-packages/airflow/example_dags/example_branch_datetime_operator.py took 0.154 seconds
[2025-04-11T13:56:46.155+0000] {processor.py:186} INFO - Started process (PID=89155) to work on /home/airflow/.local/lib/python3.12/site-packages/airflow/example_dags/example_branch_datetime_operator.py
[2025-04-11T13:56:46.156+0000] {processor.py:914} INFO - Processing file /home/airflow/.local/lib/python3.12/site-packages/airflow/example_dags/example_branch_datetime_operator.py for tasks to queue
[2025-04-11T13:56:46.159+0000] {logging_mixin.py:190} INFO - [2025-04-11T13:56:46.158+0000] {dagbag.py:588} INFO - Filling up the DagBag from /home/airflow/.local/lib/python3.12/site-packages/airflow/example_dags/example_branch_datetime_operator.py
[2025-04-11T13:56:46.184+0000] {processor.py:925} INFO - DAG(s) 'example_branch_datetime_operator_2', 'example_branch_datetime_operator_3', 'example_branch_datetime_operator' retrieved from /home/airflow/.local/lib/python3.12/site-packages/airflow/example_dags/example_branch_datetime_operator.py
[2025-04-11T13:56:46.243+0000] {logging_mixin.py:190} INFO - [2025-04-11T13:56:46.242+0000] {dag.py:3239} INFO - Sync 3 DAGs
[2025-04-11T13:56:46.295+0000] {logging_mixin.py:190} INFO - [2025-04-11T13:56:46.294+0000] {dag.py:4180} INFO - Setting next_dagrun for example_branch_datetime_operator to 2025-04-10 00:00:00+00:00, run_after=2025-04-11 00:00:00+00:00
[2025-04-11T13:56:46.304+0000] {logging_mixin.py:190} INFO - [2025-04-11T13:56:46.304+0000] {dag.py:4180} INFO - Setting next_dagrun for example_branch_datetime_operator_2 to 2025-04-10 00:00:00+00:00, run_after=2025-04-11 00:00:00+00:00
[2025-04-11T13:56:46.309+0000] {logging_mixin.py:190} INFO - [2025-04-11T13:56:46.309+0000] {dag.py:4180} INFO - Setting next_dagrun for example_branch_datetime_operator_3 to 2025-04-10 00:00:00+00:00, run_after=2025-04-11 00:00:00+00:00
[2025-04-11T13:56:46.345+0000] {processor.py:208} INFO - Processing /home/airflow/.local/lib/python3.12/site-packages/airflow/example_dags/example_branch_datetime_operator.py took 0.199 seconds
[2025-04-11T13:57:17.263+0000] {processor.py:186} INFO - Started process (PID=89220) to work on /home/airflow/.local/lib/python3.12/site-packages/airflow/example_dags/example_branch_datetime_operator.py
[2025-04-11T13:57:17.265+0000] {processor.py:914} INFO - Processing file /home/airflow/.local/lib/python3.12/site-packages/airflow/example_dags/example_branch_datetime_operator.py for tasks to queue
[2025-04-11T13:57:17.269+0000] {logging_mixin.py:190} INFO - [2025-04-11T13:57:17.268+0000] {dagbag.py:588} INFO - Filling up the DagBag from /home/airflow/.local/lib/python3.12/site-packages/airflow/example_dags/example_branch_datetime_operator.py
[2025-04-11T13:57:17.290+0000] {processor.py:925} INFO - DAG(s) 'example_branch_datetime_operator_3', 'example_branch_datetime_operator_2', 'example_branch_datetime_operator' retrieved from /home/airflow/.local/lib/python3.12/site-packages/airflow/example_dags/example_branch_datetime_operator.py
[2025-04-11T13:57:17.343+0000] {logging_mixin.py:190} INFO - [2025-04-11T13:57:17.342+0000] {dag.py:3239} INFO - Sync 3 DAGs
[2025-04-11T13:57:17.387+0000] {logging_mixin.py:190} INFO - [2025-04-11T13:57:17.386+0000] {dag.py:4180} INFO - Setting next_dagrun for example_branch_datetime_operator to 2025-04-10 00:00:00+00:00, run_after=2025-04-11 00:00:00+00:00
[2025-04-11T13:57:17.396+0000] {logging_mixin.py:190} INFO - [2025-04-11T13:57:17.396+0000] {dag.py:4180} INFO - Setting next_dagrun for example_branch_datetime_operator_2 to 2025-04-10 00:00:00+00:00, run_after=2025-04-11 00:00:00+00:00
[2025-04-11T13:57:17.401+0000] {logging_mixin.py:190} INFO - [2025-04-11T13:57:17.400+0000] {dag.py:4180} INFO - Setting next_dagrun for example_branch_datetime_operator_3 to 2025-04-10 00:00:00+00:00, run_after=2025-04-11 00:00:00+00:00
[2025-04-11T13:57:17.437+0000] {processor.py:208} INFO - Processing /home/airflow/.local/lib/python3.12/site-packages/airflow/example_dags/example_branch_datetime_operator.py took 0.183 seconds
[2025-04-11T13:57:48.087+0000] {processor.py:186} INFO - Started process (PID=89285) to work on /home/airflow/.local/lib/python3.12/site-packages/airflow/example_dags/example_branch_datetime_operator.py
[2025-04-11T13:57:48.088+0000] {processor.py:914} INFO - Processing file /home/airflow/.local/lib/python3.12/site-packages/airflow/example_dags/example_branch_datetime_operator.py for tasks to queue
[2025-04-11T13:57:48.090+0000] {logging_mixin.py:190} INFO - [2025-04-11T13:57:48.089+0000] {dagbag.py:588} INFO - Filling up the DagBag from /home/airflow/.local/lib/python3.12/site-packages/airflow/example_dags/example_branch_datetime_operator.py
[2025-04-11T13:57:48.106+0000] {processor.py:925} INFO - DAG(s) 'example_branch_datetime_operator_2', 'example_branch_datetime_operator_3', 'example_branch_datetime_operator' retrieved from /home/airflow/.local/lib/python3.12/site-packages/airflow/example_dags/example_branch_datetime_operator.py
[2025-04-11T13:57:48.148+0000] {logging_mixin.py:190} INFO - [2025-04-11T13:57:48.148+0000] {dag.py:3239} INFO - Sync 3 DAGs
[2025-04-11T13:57:48.185+0000] {logging_mixin.py:190} INFO - [2025-04-11T13:57:48.185+0000] {dag.py:4180} INFO - Setting next_dagrun for example_branch_datetime_operator to 2025-04-10 00:00:00+00:00, run_after=2025-04-11 00:00:00+00:00
[2025-04-11T13:57:48.193+0000] {logging_mixin.py:190} INFO - [2025-04-11T13:57:48.193+0000] {dag.py:4180} INFO - Setting next_dagrun for example_branch_datetime_operator_2 to 2025-04-10 00:00:00+00:00, run_after=2025-04-11 00:00:00+00:00
[2025-04-11T13:57:48.197+0000] {logging_mixin.py:190} INFO - [2025-04-11T13:57:48.197+0000] {dag.py:4180} INFO - Setting next_dagrun for example_branch_datetime_operator_3 to 2025-04-10 00:00:00+00:00, run_after=2025-04-11 00:00:00+00:00
[2025-04-11T13:57:48.224+0000] {processor.py:208} INFO - Processing /home/airflow/.local/lib/python3.12/site-packages/airflow/example_dags/example_branch_datetime_operator.py took 0.144 seconds
[2025-04-11T17:16:03.638+0000] {processor.py:186} INFO - Started process (PID=89325) to work on /home/airflow/.local/lib/python3.12/site-packages/airflow/example_dags/example_branch_datetime_operator.py
[2025-04-11T17:16:03.640+0000] {processor.py:914} INFO - Processing file /home/airflow/.local/lib/python3.12/site-packages/airflow/example_dags/example_branch_datetime_operator.py for tasks to queue
[2025-04-11T17:16:03.648+0000] {logging_mixin.py:190} INFO - [2025-04-11T17:16:03.646+0000] {dagbag.py:588} INFO - Filling up the DagBag from /home/airflow/.local/lib/python3.12/site-packages/airflow/example_dags/example_branch_datetime_operator.py
[2025-04-11T17:16:03.718+0000] {processor.py:925} INFO - DAG(s) 'example_branch_datetime_operator', 'example_branch_datetime_operator_2', 'example_branch_datetime_operator_3' retrieved from /home/airflow/.local/lib/python3.12/site-packages/airflow/example_dags/example_branch_datetime_operator.py
[2025-04-11T17:16:03.859+0000] {logging_mixin.py:190} INFO - [2025-04-11T17:16:03.858+0000] {dag.py:3239} INFO - Sync 3 DAGs
[2025-04-11T17:16:04.001+0000] {logging_mixin.py:190} INFO - [2025-04-11T17:16:04.001+0000] {dag.py:4180} INFO - Setting next_dagrun for example_branch_datetime_operator to 2025-04-10 00:00:00+00:00, run_after=2025-04-11 00:00:00+00:00
[2025-04-11T17:16:04.033+0000] {logging_mixin.py:190} INFO - [2025-04-11T17:16:04.032+0000] {dag.py:4180} INFO - Setting next_dagrun for example_branch_datetime_operator_2 to 2025-04-10 00:00:00+00:00, run_after=2025-04-11 00:00:00+00:00
[2025-04-11T17:16:04.048+0000] {logging_mixin.py:190} INFO - [2025-04-11T17:16:04.048+0000] {dag.py:4180} INFO - Setting next_dagrun for example_branch_datetime_operator_3 to 2025-04-10 00:00:00+00:00, run_after=2025-04-11 00:00:00+00:00
[2025-04-11T17:16:04.132+0000] {processor.py:208} INFO - Processing /home/airflow/.local/lib/python3.12/site-packages/airflow/example_dags/example_branch_datetime_operator.py took 0.514 seconds
[2025-04-11T17:16:46.253+0000] {processor.py:186} INFO - Started process (PID=89385) to work on /home/airflow/.local/lib/python3.12/site-packages/airflow/example_dags/example_branch_datetime_operator.py
[2025-04-11T17:16:46.254+0000] {processor.py:914} INFO - Processing file /home/airflow/.local/lib/python3.12/site-packages/airflow/example_dags/example_branch_datetime_operator.py for tasks to queue
[2025-04-11T17:16:46.257+0000] {logging_mixin.py:190} INFO - [2025-04-11T17:16:46.256+0000] {dagbag.py:588} INFO - Filling up the DagBag from /home/airflow/.local/lib/python3.12/site-packages/airflow/example_dags/example_branch_datetime_operator.py
[2025-04-11T17:16:46.271+0000] {processor.py:925} INFO - DAG(s) 'example_branch_datetime_operator_3', 'example_branch_datetime_operator', 'example_branch_datetime_operator_2' retrieved from /home/airflow/.local/lib/python3.12/site-packages/airflow/example_dags/example_branch_datetime_operator.py
[2025-04-11T17:16:46.313+0000] {logging_mixin.py:190} INFO - [2025-04-11T17:16:46.313+0000] {dag.py:3239} INFO - Sync 3 DAGs
[2025-04-11T17:16:46.349+0000] {logging_mixin.py:190} INFO - [2025-04-11T17:16:46.349+0000] {dag.py:4180} INFO - Setting next_dagrun for example_branch_datetime_operator to 2025-04-10 00:00:00+00:00, run_after=2025-04-11 00:00:00+00:00
[2025-04-11T17:16:46.360+0000] {logging_mixin.py:190} INFO - [2025-04-11T17:16:46.359+0000] {dag.py:4180} INFO - Setting next_dagrun for example_branch_datetime_operator_2 to 2025-04-10 00:00:00+00:00, run_after=2025-04-11 00:00:00+00:00
[2025-04-11T17:16:46.365+0000] {logging_mixin.py:190} INFO - [2025-04-11T17:16:46.365+0000] {dag.py:4180} INFO - Setting next_dagrun for example_branch_datetime_operator_3 to 2025-04-10 00:00:00+00:00, run_after=2025-04-11 00:00:00+00:00
[2025-04-11T17:16:46.398+0000] {processor.py:208} INFO - Processing /home/airflow/.local/lib/python3.12/site-packages/airflow/example_dags/example_branch_datetime_operator.py took 0.152 seconds
[2025-04-11T17:17:17.033+0000] {processor.py:186} INFO - Started process (PID=89451) to work on /home/airflow/.local/lib/python3.12/site-packages/airflow/example_dags/example_branch_datetime_operator.py
[2025-04-11T17:17:17.035+0000] {processor.py:914} INFO - Processing file /home/airflow/.local/lib/python3.12/site-packages/airflow/example_dags/example_branch_datetime_operator.py for tasks to queue
[2025-04-11T17:17:17.037+0000] {logging_mixin.py:190} INFO - [2025-04-11T17:17:17.037+0000] {dagbag.py:588} INFO - Filling up the DagBag from /home/airflow/.local/lib/python3.12/site-packages/airflow/example_dags/example_branch_datetime_operator.py
[2025-04-11T17:17:17.053+0000] {processor.py:925} INFO - DAG(s) 'example_branch_datetime_operator_2', 'example_branch_datetime_operator', 'example_branch_datetime_operator_3' retrieved from /home/airflow/.local/lib/python3.12/site-packages/airflow/example_dags/example_branch_datetime_operator.py
[2025-04-11T17:17:17.092+0000] {logging_mixin.py:190} INFO - [2025-04-11T17:17:17.092+0000] {dag.py:3239} INFO - Sync 3 DAGs
[2025-04-11T17:17:17.125+0000] {logging_mixin.py:190} INFO - [2025-04-11T17:17:17.125+0000] {dag.py:4180} INFO - Setting next_dagrun for example_branch_datetime_operator to 2025-04-10 00:00:00+00:00, run_after=2025-04-11 00:00:00+00:00
[2025-04-11T17:17:17.133+0000] {logging_mixin.py:190} INFO - [2025-04-11T17:17:17.133+0000] {dag.py:4180} INFO - Setting next_dagrun for example_branch_datetime_operator_2 to 2025-04-10 00:00:00+00:00, run_after=2025-04-11 00:00:00+00:00
[2025-04-11T17:17:17.139+0000] {logging_mixin.py:190} INFO - [2025-04-11T17:17:17.139+0000] {dag.py:4180} INFO - Setting next_dagrun for example_branch_datetime_operator_3 to 2025-04-10 00:00:00+00:00, run_after=2025-04-11 00:00:00+00:00
[2025-04-11T17:17:17.173+0000] {processor.py:208} INFO - Processing /home/airflow/.local/lib/python3.12/site-packages/airflow/example_dags/example_branch_datetime_operator.py took 0.146 seconds
[2025-04-11T17:17:48.553+0000] {processor.py:186} INFO - Started process (PID=89516) to work on /home/airflow/.local/lib/python3.12/site-packages/airflow/example_dags/example_branch_datetime_operator.py
[2025-04-11T17:17:48.555+0000] {processor.py:914} INFO - Processing file /home/airflow/.local/lib/python3.12/site-packages/airflow/example_dags/example_branch_datetime_operator.py for tasks to queue
[2025-04-11T17:17:48.558+0000] {logging_mixin.py:190} INFO - [2025-04-11T17:17:48.557+0000] {dagbag.py:588} INFO - Filling up the DagBag from /home/airflow/.local/lib/python3.12/site-packages/airflow/example_dags/example_branch_datetime_operator.py
[2025-04-11T17:17:48.581+0000] {processor.py:925} INFO - DAG(s) 'example_branch_datetime_operator', 'example_branch_datetime_operator_3', 'example_branch_datetime_operator_2' retrieved from /home/airflow/.local/lib/python3.12/site-packages/airflow/example_dags/example_branch_datetime_operator.py
[2025-04-11T17:17:48.645+0000] {logging_mixin.py:190} INFO - [2025-04-11T17:17:48.644+0000] {dag.py:3239} INFO - Sync 3 DAGs
[2025-04-11T17:17:48.704+0000] {logging_mixin.py:190} INFO - [2025-04-11T17:17:48.703+0000] {dag.py:4180} INFO - Setting next_dagrun for example_branch_datetime_operator to 2025-04-10 00:00:00+00:00, run_after=2025-04-11 00:00:00+00:00
[2025-04-11T17:17:48.712+0000] {logging_mixin.py:190} INFO - [2025-04-11T17:17:48.712+0000] {dag.py:4180} INFO - Setting next_dagrun for example_branch_datetime_operator_2 to 2025-04-10 00:00:00+00:00, run_after=2025-04-11 00:00:00+00:00
[2025-04-11T17:17:48.718+0000] {logging_mixin.py:190} INFO - [2025-04-11T17:17:48.717+0000] {dag.py:4180} INFO - Setting next_dagrun for example_branch_datetime_operator_3 to 2025-04-10 00:00:00+00:00, run_after=2025-04-11 00:00:00+00:00
[2025-04-11T17:17:48.751+0000] {processor.py:208} INFO - Processing /home/airflow/.local/lib/python3.12/site-packages/airflow/example_dags/example_branch_datetime_operator.py took 0.208 seconds
[2025-04-11T17:18:20.000+0000] {processor.py:186} INFO - Started process (PID=89581) to work on /home/airflow/.local/lib/python3.12/site-packages/airflow/example_dags/example_branch_datetime_operator.py
[2025-04-11T17:18:20.002+0000] {processor.py:914} INFO - Processing file /home/airflow/.local/lib/python3.12/site-packages/airflow/example_dags/example_branch_datetime_operator.py for tasks to queue
[2025-04-11T17:18:20.004+0000] {logging_mixin.py:190} INFO - [2025-04-11T17:18:20.004+0000] {dagbag.py:588} INFO - Filling up the DagBag from /home/airflow/.local/lib/python3.12/site-packages/airflow/example_dags/example_branch_datetime_operator.py
[2025-04-11T17:18:20.027+0000] {processor.py:925} INFO - DAG(s) 'example_branch_datetime_operator', 'example_branch_datetime_operator_3', 'example_branch_datetime_operator_2' retrieved from /home/airflow/.local/lib/python3.12/site-packages/airflow/example_dags/example_branch_datetime_operator.py
[2025-04-11T17:18:20.068+0000] {logging_mixin.py:190} INFO - [2025-04-11T17:18:20.068+0000] {dag.py:3239} INFO - Sync 3 DAGs
[2025-04-11T17:18:20.103+0000] {logging_mixin.py:190} INFO - [2025-04-11T17:18:20.102+0000] {dag.py:4180} INFO - Setting next_dagrun for example_branch_datetime_operator to 2025-04-10 00:00:00+00:00, run_after=2025-04-11 00:00:00+00:00
[2025-04-11T17:18:20.110+0000] {logging_mixin.py:190} INFO - [2025-04-11T17:18:20.109+0000] {dag.py:4180} INFO - Setting next_dagrun for example_branch_datetime_operator_2 to 2025-04-10 00:00:00+00:00, run_after=2025-04-11 00:00:00+00:00
[2025-04-11T17:18:20.113+0000] {logging_mixin.py:190} INFO - [2025-04-11T17:18:20.113+0000] {dag.py:4180} INFO - Setting next_dagrun for example_branch_datetime_operator_3 to 2025-04-10 00:00:00+00:00, run_after=2025-04-11 00:00:00+00:00
[2025-04-11T17:18:20.139+0000] {processor.py:208} INFO - Processing /home/airflow/.local/lib/python3.12/site-packages/airflow/example_dags/example_branch_datetime_operator.py took 0.148 seconds
[2025-04-11T17:18:51.499+0000] {processor.py:186} INFO - Started process (PID=89646) to work on /home/airflow/.local/lib/python3.12/site-packages/airflow/example_dags/example_branch_datetime_operator.py
[2025-04-11T17:18:51.500+0000] {processor.py:914} INFO - Processing file /home/airflow/.local/lib/python3.12/site-packages/airflow/example_dags/example_branch_datetime_operator.py for tasks to queue
[2025-04-11T17:18:51.503+0000] {logging_mixin.py:190} INFO - [2025-04-11T17:18:51.502+0000] {dagbag.py:588} INFO - Filling up the DagBag from /home/airflow/.local/lib/python3.12/site-packages/airflow/example_dags/example_branch_datetime_operator.py
[2025-04-11T17:18:51.526+0000] {processor.py:925} INFO - DAG(s) 'example_branch_datetime_operator_3', 'example_branch_datetime_operator_2', 'example_branch_datetime_operator' retrieved from /home/airflow/.local/lib/python3.12/site-packages/airflow/example_dags/example_branch_datetime_operator.py
[2025-04-11T17:18:51.568+0000] {logging_mixin.py:190} INFO - [2025-04-11T17:18:51.568+0000] {dag.py:3239} INFO - Sync 3 DAGs
[2025-04-11T17:18:51.608+0000] {logging_mixin.py:190} INFO - [2025-04-11T17:18:51.608+0000] {dag.py:4180} INFO - Setting next_dagrun for example_branch_datetime_operator to 2025-04-10 00:00:00+00:00, run_after=2025-04-11 00:00:00+00:00
[2025-04-11T17:18:51.619+0000] {logging_mixin.py:190} INFO - [2025-04-11T17:18:51.619+0000] {dag.py:4180} INFO - Setting next_dagrun for example_branch_datetime_operator_2 to 2025-04-10 00:00:00+00:00, run_after=2025-04-11 00:00:00+00:00
[2025-04-11T17:18:51.624+0000] {logging_mixin.py:190} INFO - [2025-04-11T17:18:51.624+0000] {dag.py:4180} INFO - Setting next_dagrun for example_branch_datetime_operator_3 to 2025-04-10 00:00:00+00:00, run_after=2025-04-11 00:00:00+00:00
[2025-04-11T17:18:51.654+0000] {processor.py:208} INFO - Processing /home/airflow/.local/lib/python3.12/site-packages/airflow/example_dags/example_branch_datetime_operator.py took 0.164 seconds
[2025-04-11T17:19:22.089+0000] {processor.py:186} INFO - Started process (PID=89701) to work on /home/airflow/.local/lib/python3.12/site-packages/airflow/example_dags/example_branch_datetime_operator.py
[2025-04-11T17:19:22.091+0000] {processor.py:914} INFO - Processing file /home/airflow/.local/lib/python3.12/site-packages/airflow/example_dags/example_branch_datetime_operator.py for tasks to queue
[2025-04-11T17:19:22.093+0000] {logging_mixin.py:190} INFO - [2025-04-11T17:19:22.092+0000] {dagbag.py:588} INFO - Filling up the DagBag from /home/airflow/.local/lib/python3.12/site-packages/airflow/example_dags/example_branch_datetime_operator.py
[2025-04-11T17:19:22.109+0000] {processor.py:925} INFO - DAG(s) 'example_branch_datetime_operator_2', 'example_branch_datetime_operator', 'example_branch_datetime_operator_3' retrieved from /home/airflow/.local/lib/python3.12/site-packages/airflow/example_dags/example_branch_datetime_operator.py
[2025-04-11T17:19:22.148+0000] {logging_mixin.py:190} INFO - [2025-04-11T17:19:22.148+0000] {dag.py:3239} INFO - Sync 3 DAGs
[2025-04-11T17:19:22.181+0000] {logging_mixin.py:190} INFO - [2025-04-11T17:19:22.181+0000] {dag.py:4180} INFO - Setting next_dagrun for example_branch_datetime_operator to 2025-04-10 00:00:00+00:00, run_after=2025-04-11 00:00:00+00:00
[2025-04-11T17:19:22.189+0000] {logging_mixin.py:190} INFO - [2025-04-11T17:19:22.188+0000] {dag.py:4180} INFO - Setting next_dagrun for example_branch_datetime_operator_2 to 2025-04-10 00:00:00+00:00, run_after=2025-04-11 00:00:00+00:00
[2025-04-11T17:19:22.193+0000] {logging_mixin.py:190} INFO - [2025-04-11T17:19:22.193+0000] {dag.py:4180} INFO - Setting next_dagrun for example_branch_datetime_operator_3 to 2025-04-10 00:00:00+00:00, run_after=2025-04-11 00:00:00+00:00
[2025-04-11T17:19:22.220+0000] {processor.py:208} INFO - Processing /home/airflow/.local/lib/python3.12/site-packages/airflow/example_dags/example_branch_datetime_operator.py took 0.138 seconds
[2025-04-11T17:19:53.721+0000] {processor.py:186} INFO - Started process (PID=89766) to work on /home/airflow/.local/lib/python3.12/site-packages/airflow/example_dags/example_branch_datetime_operator.py
[2025-04-11T17:19:53.723+0000] {processor.py:914} INFO - Processing file /home/airflow/.local/lib/python3.12/site-packages/airflow/example_dags/example_branch_datetime_operator.py for tasks to queue
[2025-04-11T17:19:53.726+0000] {logging_mixin.py:190} INFO - [2025-04-11T17:19:53.725+0000] {dagbag.py:588} INFO - Filling up the DagBag from /home/airflow/.local/lib/python3.12/site-packages/airflow/example_dags/example_branch_datetime_operator.py
[2025-04-11T17:19:53.747+0000] {processor.py:925} INFO - DAG(s) 'example_branch_datetime_operator', 'example_branch_datetime_operator_3', 'example_branch_datetime_operator_2' retrieved from /home/airflow/.local/lib/python3.12/site-packages/airflow/example_dags/example_branch_datetime_operator.py
[2025-04-11T17:19:53.789+0000] {logging_mixin.py:190} INFO - [2025-04-11T17:19:53.789+0000] {dag.py:3239} INFO - Sync 3 DAGs
[2025-04-11T17:19:53.837+0000] {logging_mixin.py:190} INFO - [2025-04-11T17:19:53.836+0000] {dag.py:4180} INFO - Setting next_dagrun for example_branch_datetime_operator to 2025-04-10 00:00:00+00:00, run_after=2025-04-11 00:00:00+00:00
[2025-04-11T17:19:53.848+0000] {logging_mixin.py:190} INFO - [2025-04-11T17:19:53.848+0000] {dag.py:4180} INFO - Setting next_dagrun for example_branch_datetime_operator_2 to 2025-04-10 00:00:00+00:00, run_after=2025-04-11 00:00:00+00:00
[2025-04-11T17:19:53.855+0000] {logging_mixin.py:190} INFO - [2025-04-11T17:19:53.854+0000] {dag.py:4180} INFO - Setting next_dagrun for example_branch_datetime_operator_3 to 2025-04-10 00:00:00+00:00, run_after=2025-04-11 00:00:00+00:00
[2025-04-11T17:19:53.893+0000] {processor.py:208} INFO - Processing /home/airflow/.local/lib/python3.12/site-packages/airflow/example_dags/example_branch_datetime_operator.py took 0.181 seconds
[2025-04-11T17:20:25.101+0000] {processor.py:186} INFO - Started process (PID=89832) to work on /home/airflow/.local/lib/python3.12/site-packages/airflow/example_dags/example_branch_datetime_operator.py
[2025-04-11T17:20:25.102+0000] {processor.py:914} INFO - Processing file /home/airflow/.local/lib/python3.12/site-packages/airflow/example_dags/example_branch_datetime_operator.py for tasks to queue
[2025-04-11T17:20:25.104+0000] {logging_mixin.py:190} INFO - [2025-04-11T17:20:25.103+0000] {dagbag.py:588} INFO - Filling up the DagBag from /home/airflow/.local/lib/python3.12/site-packages/airflow/example_dags/example_branch_datetime_operator.py
[2025-04-11T17:20:25.119+0000] {processor.py:925} INFO - DAG(s) 'example_branch_datetime_operator_3', 'example_branch_datetime_operator_2', 'example_branch_datetime_operator' retrieved from /home/airflow/.local/lib/python3.12/site-packages/airflow/example_dags/example_branch_datetime_operator.py
[2025-04-11T17:20:25.159+0000] {logging_mixin.py:190} INFO - [2025-04-11T17:20:25.158+0000] {dag.py:3239} INFO - Sync 3 DAGs
[2025-04-11T17:20:25.193+0000] {logging_mixin.py:190} INFO - [2025-04-11T17:20:25.192+0000] {dag.py:4180} INFO - Setting next_dagrun for example_branch_datetime_operator to 2025-04-10 00:00:00+00:00, run_after=2025-04-11 00:00:00+00:00
[2025-04-11T17:20:25.202+0000] {logging_mixin.py:190} INFO - [2025-04-11T17:20:25.202+0000] {dag.py:4180} INFO - Setting next_dagrun for example_branch_datetime_operator_2 to 2025-04-10 00:00:00+00:00, run_after=2025-04-11 00:00:00+00:00
[2025-04-11T17:20:25.206+0000] {logging_mixin.py:190} INFO - [2025-04-11T17:20:25.206+0000] {dag.py:4180} INFO - Setting next_dagrun for example_branch_datetime_operator_3 to 2025-04-10 00:00:00+00:00, run_after=2025-04-11 00:00:00+00:00
[2025-04-11T17:20:25.235+0000] {processor.py:208} INFO - Processing /home/airflow/.local/lib/python3.12/site-packages/airflow/example_dags/example_branch_datetime_operator.py took 0.141 seconds
[2025-04-11T17:20:56.417+0000] {processor.py:186} INFO - Started process (PID=89896) to work on /home/airflow/.local/lib/python3.12/site-packages/airflow/example_dags/example_branch_datetime_operator.py
[2025-04-11T17:20:56.419+0000] {processor.py:914} INFO - Processing file /home/airflow/.local/lib/python3.12/site-packages/airflow/example_dags/example_branch_datetime_operator.py for tasks to queue
[2025-04-11T17:20:56.420+0000] {logging_mixin.py:190} INFO - [2025-04-11T17:20:56.420+0000] {dagbag.py:588} INFO - Filling up the DagBag from /home/airflow/.local/lib/python3.12/site-packages/airflow/example_dags/example_branch_datetime_operator.py
[2025-04-11T17:20:56.441+0000] {processor.py:925} INFO - DAG(s) 'example_branch_datetime_operator', 'example_branch_datetime_operator_2', 'example_branch_datetime_operator_3' retrieved from /home/airflow/.local/lib/python3.12/site-packages/airflow/example_dags/example_branch_datetime_operator.py
[2025-04-11T17:20:56.477+0000] {logging_mixin.py:190} INFO - [2025-04-11T17:20:56.477+0000] {dag.py:3239} INFO - Sync 3 DAGs
[2025-04-11T17:20:56.510+0000] {logging_mixin.py:190} INFO - [2025-04-11T17:20:56.509+0000] {dag.py:4180} INFO - Setting next_dagrun for example_branch_datetime_operator to 2025-04-10 00:00:00+00:00, run_after=2025-04-11 00:00:00+00:00
[2025-04-11T17:20:56.517+0000] {logging_mixin.py:190} INFO - [2025-04-11T17:20:56.517+0000] {dag.py:4180} INFO - Setting next_dagrun for example_branch_datetime_operator_2 to 2025-04-10 00:00:00+00:00, run_after=2025-04-11 00:00:00+00:00
[2025-04-11T17:20:56.521+0000] {logging_mixin.py:190} INFO - [2025-04-11T17:20:56.521+0000] {dag.py:4180} INFO - Setting next_dagrun for example_branch_datetime_operator_3 to 2025-04-10 00:00:00+00:00, run_after=2025-04-11 00:00:00+00:00
[2025-04-11T17:20:56.549+0000] {processor.py:208} INFO - Processing /home/airflow/.local/lib/python3.12/site-packages/airflow/example_dags/example_branch_datetime_operator.py took 0.139 seconds
[2025-04-11T17:21:27.042+0000] {processor.py:186} INFO - Started process (PID=89958) to work on /home/airflow/.local/lib/python3.12/site-packages/airflow/example_dags/example_branch_datetime_operator.py
[2025-04-11T17:21:27.043+0000] {processor.py:914} INFO - Processing file /home/airflow/.local/lib/python3.12/site-packages/airflow/example_dags/example_branch_datetime_operator.py for tasks to queue
[2025-04-11T17:21:27.046+0000] {logging_mixin.py:190} INFO - [2025-04-11T17:21:27.045+0000] {dagbag.py:588} INFO - Filling up the DagBag from /home/airflow/.local/lib/python3.12/site-packages/airflow/example_dags/example_branch_datetime_operator.py
[2025-04-11T17:21:27.064+0000] {processor.py:925} INFO - DAG(s) 'example_branch_datetime_operator_2', 'example_branch_datetime_operator_3', 'example_branch_datetime_operator' retrieved from /home/airflow/.local/lib/python3.12/site-packages/airflow/example_dags/example_branch_datetime_operator.py
[2025-04-11T17:21:27.104+0000] {logging_mixin.py:190} INFO - [2025-04-11T17:21:27.103+0000] {dag.py:3239} INFO - Sync 3 DAGs
[2025-04-11T17:21:27.142+0000] {logging_mixin.py:190} INFO - [2025-04-11T17:21:27.142+0000] {dag.py:4180} INFO - Setting next_dagrun for example_branch_datetime_operator to 2025-04-10 00:00:00+00:00, run_after=2025-04-11 00:00:00+00:00
[2025-04-11T17:21:27.151+0000] {logging_mixin.py:190} INFO - [2025-04-11T17:21:27.151+0000] {dag.py:4180} INFO - Setting next_dagrun for example_branch_datetime_operator_2 to 2025-04-10 00:00:00+00:00, run_after=2025-04-11 00:00:00+00:00
[2025-04-11T17:21:27.155+0000] {logging_mixin.py:190} INFO - [2025-04-11T17:21:27.155+0000] {dag.py:4180} INFO - Setting next_dagrun for example_branch_datetime_operator_3 to 2025-04-10 00:00:00+00:00, run_after=2025-04-11 00:00:00+00:00
[2025-04-11T17:21:27.182+0000] {processor.py:208} INFO - Processing /home/airflow/.local/lib/python3.12/site-packages/airflow/example_dags/example_branch_datetime_operator.py took 0.147 seconds
[2025-04-11T17:21:57.527+0000] {processor.py:186} INFO - Started process (PID=90022) to work on /home/airflow/.local/lib/python3.12/site-packages/airflow/example_dags/example_branch_datetime_operator.py
[2025-04-11T17:21:57.529+0000] {processor.py:914} INFO - Processing file /home/airflow/.local/lib/python3.12/site-packages/airflow/example_dags/example_branch_datetime_operator.py for tasks to queue
[2025-04-11T17:21:57.531+0000] {logging_mixin.py:190} INFO - [2025-04-11T17:21:57.531+0000] {dagbag.py:588} INFO - Filling up the DagBag from /home/airflow/.local/lib/python3.12/site-packages/airflow/example_dags/example_branch_datetime_operator.py
[2025-04-11T17:21:57.556+0000] {processor.py:925} INFO - DAG(s) 'example_branch_datetime_operator_3', 'example_branch_datetime_operator_2', 'example_branch_datetime_operator' retrieved from /home/airflow/.local/lib/python3.12/site-packages/airflow/example_dags/example_branch_datetime_operator.py
[2025-04-11T17:21:57.600+0000] {logging_mixin.py:190} INFO - [2025-04-11T17:21:57.599+0000] {dag.py:3239} INFO - Sync 3 DAGs
[2025-04-11T17:21:57.641+0000] {logging_mixin.py:190} INFO - [2025-04-11T17:21:57.641+0000] {dag.py:4180} INFO - Setting next_dagrun for example_branch_datetime_operator to 2025-04-10 00:00:00+00:00, run_after=2025-04-11 00:00:00+00:00
[2025-04-11T17:21:57.651+0000] {logging_mixin.py:190} INFO - [2025-04-11T17:21:57.651+0000] {dag.py:4180} INFO - Setting next_dagrun for example_branch_datetime_operator_2 to 2025-04-10 00:00:00+00:00, run_after=2025-04-11 00:00:00+00:00
[2025-04-11T17:21:57.656+0000] {logging_mixin.py:190} INFO - [2025-04-11T17:21:57.655+0000] {dag.py:4180} INFO - Setting next_dagrun for example_branch_datetime_operator_3 to 2025-04-10 00:00:00+00:00, run_after=2025-04-11 00:00:00+00:00
[2025-04-11T17:21:57.690+0000] {processor.py:208} INFO - Processing /home/airflow/.local/lib/python3.12/site-packages/airflow/example_dags/example_branch_datetime_operator.py took 0.169 seconds
[2025-04-11T17:22:27.842+0000] {processor.py:186} INFO - Started process (PID=90087) to work on /home/airflow/.local/lib/python3.12/site-packages/airflow/example_dags/example_branch_datetime_operator.py
[2025-04-11T17:22:27.844+0000] {processor.py:914} INFO - Processing file /home/airflow/.local/lib/python3.12/site-packages/airflow/example_dags/example_branch_datetime_operator.py for tasks to queue
[2025-04-11T17:22:27.846+0000] {logging_mixin.py:190} INFO - [2025-04-11T17:22:27.845+0000] {dagbag.py:588} INFO - Filling up the DagBag from /home/airflow/.local/lib/python3.12/site-packages/airflow/example_dags/example_branch_datetime_operator.py
[2025-04-11T17:22:27.864+0000] {processor.py:925} INFO - DAG(s) 'example_branch_datetime_operator_2', 'example_branch_datetime_operator', 'example_branch_datetime_operator_3' retrieved from /home/airflow/.local/lib/python3.12/site-packages/airflow/example_dags/example_branch_datetime_operator.py
[2025-04-11T17:22:27.912+0000] {logging_mixin.py:190} INFO - [2025-04-11T17:22:27.912+0000] {dag.py:3239} INFO - Sync 3 DAGs
[2025-04-11T17:22:27.965+0000] {logging_mixin.py:190} INFO - [2025-04-11T17:22:27.965+0000] {dag.py:4180} INFO - Setting next_dagrun for example_branch_datetime_operator to 2025-04-10 00:00:00+00:00, run_after=2025-04-11 00:00:00+00:00
[2025-04-11T17:22:27.973+0000] {logging_mixin.py:190} INFO - [2025-04-11T17:22:27.973+0000] {dag.py:4180} INFO - Setting next_dagrun for example_branch_datetime_operator_2 to 2025-04-10 00:00:00+00:00, run_after=2025-04-11 00:00:00+00:00
[2025-04-11T17:22:27.978+0000] {logging_mixin.py:190} INFO - [2025-04-11T17:22:27.977+0000] {dag.py:4180} INFO - Setting next_dagrun for example_branch_datetime_operator_3 to 2025-04-10 00:00:00+00:00, run_after=2025-04-11 00:00:00+00:00
[2025-04-11T17:22:28.005+0000] {processor.py:208} INFO - Processing /home/airflow/.local/lib/python3.12/site-packages/airflow/example_dags/example_branch_datetime_operator.py took 0.171 seconds
[2025-04-11T17:22:58.066+0000] {processor.py:186} INFO - Started process (PID=90151) to work on /home/airflow/.local/lib/python3.12/site-packages/airflow/example_dags/example_branch_datetime_operator.py
[2025-04-11T17:22:58.068+0000] {processor.py:914} INFO - Processing file /home/airflow/.local/lib/python3.12/site-packages/airflow/example_dags/example_branch_datetime_operator.py for tasks to queue
[2025-04-11T17:22:58.070+0000] {logging_mixin.py:190} INFO - [2025-04-11T17:22:58.070+0000] {dagbag.py:588} INFO - Filling up the DagBag from /home/airflow/.local/lib/python3.12/site-packages/airflow/example_dags/example_branch_datetime_operator.py
[2025-04-11T17:22:58.089+0000] {processor.py:925} INFO - DAG(s) 'example_branch_datetime_operator', 'example_branch_datetime_operator_2', 'example_branch_datetime_operator_3' retrieved from /home/airflow/.local/lib/python3.12/site-packages/airflow/example_dags/example_branch_datetime_operator.py
[2025-04-11T17:22:58.131+0000] {logging_mixin.py:190} INFO - [2025-04-11T17:22:58.131+0000] {dag.py:3239} INFO - Sync 3 DAGs
[2025-04-11T17:22:58.173+0000] {logging_mixin.py:190} INFO - [2025-04-11T17:22:58.173+0000] {dag.py:4180} INFO - Setting next_dagrun for example_branch_datetime_operator to 2025-04-10 00:00:00+00:00, run_after=2025-04-11 00:00:00+00:00
[2025-04-11T17:22:58.181+0000] {logging_mixin.py:190} INFO - [2025-04-11T17:22:58.181+0000] {dag.py:4180} INFO - Setting next_dagrun for example_branch_datetime_operator_2 to 2025-04-10 00:00:00+00:00, run_after=2025-04-11 00:00:00+00:00
[2025-04-11T17:22:58.186+0000] {logging_mixin.py:190} INFO - [2025-04-11T17:22:58.186+0000] {dag.py:4180} INFO - Setting next_dagrun for example_branch_datetime_operator_3 to 2025-04-10 00:00:00+00:00, run_after=2025-04-11 00:00:00+00:00
[2025-04-11T17:22:58.214+0000] {processor.py:208} INFO - Processing /home/airflow/.local/lib/python3.12/site-packages/airflow/example_dags/example_branch_datetime_operator.py took 0.155 seconds
[2025-04-11T17:23:28.338+0000] {processor.py:186} INFO - Started process (PID=90216) to work on /home/airflow/.local/lib/python3.12/site-packages/airflow/example_dags/example_branch_datetime_operator.py
[2025-04-11T17:23:28.340+0000] {processor.py:914} INFO - Processing file /home/airflow/.local/lib/python3.12/site-packages/airflow/example_dags/example_branch_datetime_operator.py for tasks to queue
[2025-04-11T17:23:28.342+0000] {logging_mixin.py:190} INFO - [2025-04-11T17:23:28.342+0000] {dagbag.py:588} INFO - Filling up the DagBag from /home/airflow/.local/lib/python3.12/site-packages/airflow/example_dags/example_branch_datetime_operator.py
[2025-04-11T17:23:28.363+0000] {processor.py:925} INFO - DAG(s) 'example_branch_datetime_operator', 'example_branch_datetime_operator_2', 'example_branch_datetime_operator_3' retrieved from /home/airflow/.local/lib/python3.12/site-packages/airflow/example_dags/example_branch_datetime_operator.py
[2025-04-11T17:23:28.412+0000] {logging_mixin.py:190} INFO - [2025-04-11T17:23:28.412+0000] {dag.py:3239} INFO - Sync 3 DAGs
[2025-04-11T17:23:28.449+0000] {logging_mixin.py:190} INFO - [2025-04-11T17:23:28.449+0000] {dag.py:4180} INFO - Setting next_dagrun for example_branch_datetime_operator to 2025-04-10 00:00:00+00:00, run_after=2025-04-11 00:00:00+00:00
[2025-04-11T17:23:28.457+0000] {logging_mixin.py:190} INFO - [2025-04-11T17:23:28.457+0000] {dag.py:4180} INFO - Setting next_dagrun for example_branch_datetime_operator_2 to 2025-04-10 00:00:00+00:00, run_after=2025-04-11 00:00:00+00:00
[2025-04-11T17:23:28.462+0000] {logging_mixin.py:190} INFO - [2025-04-11T17:23:28.461+0000] {dag.py:4180} INFO - Setting next_dagrun for example_branch_datetime_operator_3 to 2025-04-10 00:00:00+00:00, run_after=2025-04-11 00:00:00+00:00
[2025-04-11T17:23:28.491+0000] {processor.py:208} INFO - Processing /home/airflow/.local/lib/python3.12/site-packages/airflow/example_dags/example_branch_datetime_operator.py took 0.161 seconds
[2025-04-11T17:23:58.863+0000] {processor.py:186} INFO - Started process (PID=90282) to work on /home/airflow/.local/lib/python3.12/site-packages/airflow/example_dags/example_branch_datetime_operator.py
[2025-04-11T17:23:58.864+0000] {processor.py:914} INFO - Processing file /home/airflow/.local/lib/python3.12/site-packages/airflow/example_dags/example_branch_datetime_operator.py for tasks to queue
[2025-04-11T17:23:58.866+0000] {logging_mixin.py:190} INFO - [2025-04-11T17:23:58.866+0000] {dagbag.py:588} INFO - Filling up the DagBag from /home/airflow/.local/lib/python3.12/site-packages/airflow/example_dags/example_branch_datetime_operator.py
[2025-04-11T17:23:58.883+0000] {processor.py:925} INFO - DAG(s) 'example_branch_datetime_operator', 'example_branch_datetime_operator_3', 'example_branch_datetime_operator_2' retrieved from /home/airflow/.local/lib/python3.12/site-packages/airflow/example_dags/example_branch_datetime_operator.py
[2025-04-11T17:23:58.924+0000] {logging_mixin.py:190} INFO - [2025-04-11T17:23:58.924+0000] {dag.py:3239} INFO - Sync 3 DAGs
[2025-04-11T17:23:58.962+0000] {logging_mixin.py:190} INFO - [2025-04-11T17:23:58.962+0000] {dag.py:4180} INFO - Setting next_dagrun for example_branch_datetime_operator to 2025-04-10 00:00:00+00:00, run_after=2025-04-11 00:00:00+00:00
[2025-04-11T17:23:58.971+0000] {logging_mixin.py:190} INFO - [2025-04-11T17:23:58.971+0000] {dag.py:4180} INFO - Setting next_dagrun for example_branch_datetime_operator_2 to 2025-04-10 00:00:00+00:00, run_after=2025-04-11 00:00:00+00:00
[2025-04-11T17:23:58.975+0000] {logging_mixin.py:190} INFO - [2025-04-11T17:23:58.975+0000] {dag.py:4180} INFO - Setting next_dagrun for example_branch_datetime_operator_3 to 2025-04-10 00:00:00+00:00, run_after=2025-04-11 00:00:00+00:00
[2025-04-11T17:23:59.008+0000] {processor.py:208} INFO - Processing /home/airflow/.local/lib/python3.12/site-packages/airflow/example_dags/example_branch_datetime_operator.py took 0.154 seconds
[2025-04-11T17:24:29.158+0000] {processor.py:186} INFO - Started process (PID=90346) to work on /home/airflow/.local/lib/python3.12/site-packages/airflow/example_dags/example_branch_datetime_operator.py
[2025-04-11T17:24:29.160+0000] {processor.py:914} INFO - Processing file /home/airflow/.local/lib/python3.12/site-packages/airflow/example_dags/example_branch_datetime_operator.py for tasks to queue
[2025-04-11T17:24:29.162+0000] {logging_mixin.py:190} INFO - [2025-04-11T17:24:29.161+0000] {dagbag.py:588} INFO - Filling up the DagBag from /home/airflow/.local/lib/python3.12/site-packages/airflow/example_dags/example_branch_datetime_operator.py
[2025-04-11T17:24:29.180+0000] {processor.py:925} INFO - DAG(s) 'example_branch_datetime_operator_2', 'example_branch_datetime_operator_3', 'example_branch_datetime_operator' retrieved from /home/airflow/.local/lib/python3.12/site-packages/airflow/example_dags/example_branch_datetime_operator.py
[2025-04-11T17:24:29.222+0000] {logging_mixin.py:190} INFO - [2025-04-11T17:24:29.222+0000] {dag.py:3239} INFO - Sync 3 DAGs
[2025-04-11T17:24:29.257+0000] {logging_mixin.py:190} INFO - [2025-04-11T17:24:29.257+0000] {dag.py:4180} INFO - Setting next_dagrun for example_branch_datetime_operator to 2025-04-10 00:00:00+00:00, run_after=2025-04-11 00:00:00+00:00
[2025-04-11T17:24:29.265+0000] {logging_mixin.py:190} INFO - [2025-04-11T17:24:29.265+0000] {dag.py:4180} INFO - Setting next_dagrun for example_branch_datetime_operator_2 to 2025-04-10 00:00:00+00:00, run_after=2025-04-11 00:00:00+00:00
[2025-04-11T17:24:29.269+0000] {logging_mixin.py:190} INFO - [2025-04-11T17:24:29.269+0000] {dag.py:4180} INFO - Setting next_dagrun for example_branch_datetime_operator_3 to 2025-04-10 00:00:00+00:00, run_after=2025-04-11 00:00:00+00:00
[2025-04-11T17:24:29.301+0000] {processor.py:208} INFO - Processing /home/airflow/.local/lib/python3.12/site-packages/airflow/example_dags/example_branch_datetime_operator.py took 0.150 seconds
[2025-04-11T17:24:59.724+0000] {processor.py:186} INFO - Started process (PID=90411) to work on /home/airflow/.local/lib/python3.12/site-packages/airflow/example_dags/example_branch_datetime_operator.py
[2025-04-11T17:24:59.726+0000] {processor.py:914} INFO - Processing file /home/airflow/.local/lib/python3.12/site-packages/airflow/example_dags/example_branch_datetime_operator.py for tasks to queue
[2025-04-11T17:24:59.728+0000] {logging_mixin.py:190} INFO - [2025-04-11T17:24:59.728+0000] {dagbag.py:588} INFO - Filling up the DagBag from /home/airflow/.local/lib/python3.12/site-packages/airflow/example_dags/example_branch_datetime_operator.py
[2025-04-11T17:24:59.750+0000] {processor.py:925} INFO - DAG(s) 'example_branch_datetime_operator_3', 'example_branch_datetime_operator', 'example_branch_datetime_operator_2' retrieved from /home/airflow/.local/lib/python3.12/site-packages/airflow/example_dags/example_branch_datetime_operator.py
[2025-04-11T17:24:59.791+0000] {logging_mixin.py:190} INFO - [2025-04-11T17:24:59.791+0000] {dag.py:3239} INFO - Sync 3 DAGs
[2025-04-11T17:24:59.831+0000] {logging_mixin.py:190} INFO - [2025-04-11T17:24:59.830+0000] {dag.py:4180} INFO - Setting next_dagrun for example_branch_datetime_operator to 2025-04-10 00:00:00+00:00, run_after=2025-04-11 00:00:00+00:00
[2025-04-11T17:24:59.842+0000] {logging_mixin.py:190} INFO - [2025-04-11T17:24:59.842+0000] {dag.py:4180} INFO - Setting next_dagrun for example_branch_datetime_operator_2 to 2025-04-10 00:00:00+00:00, run_after=2025-04-11 00:00:00+00:00
[2025-04-11T17:24:59.847+0000] {logging_mixin.py:190} INFO - [2025-04-11T17:24:59.847+0000] {dag.py:4180} INFO - Setting next_dagrun for example_branch_datetime_operator_3 to 2025-04-10 00:00:00+00:00, run_after=2025-04-11 00:00:00+00:00
[2025-04-11T17:24:59.883+0000] {processor.py:208} INFO - Processing /home/airflow/.local/lib/python3.12/site-packages/airflow/example_dags/example_branch_datetime_operator.py took 0.166 seconds
[2025-04-11T17:25:29.969+0000] {processor.py:186} INFO - Started process (PID=90476) to work on /home/airflow/.local/lib/python3.12/site-packages/airflow/example_dags/example_branch_datetime_operator.py
[2025-04-11T17:25:29.971+0000] {processor.py:914} INFO - Processing file /home/airflow/.local/lib/python3.12/site-packages/airflow/example_dags/example_branch_datetime_operator.py for tasks to queue
[2025-04-11T17:25:29.973+0000] {logging_mixin.py:190} INFO - [2025-04-11T17:25:29.972+0000] {dagbag.py:588} INFO - Filling up the DagBag from /home/airflow/.local/lib/python3.12/site-packages/airflow/example_dags/example_branch_datetime_operator.py
[2025-04-11T17:25:29.989+0000] {processor.py:925} INFO - DAG(s) 'example_branch_datetime_operator_3', 'example_branch_datetime_operator', 'example_branch_datetime_operator_2' retrieved from /home/airflow/.local/lib/python3.12/site-packages/airflow/example_dags/example_branch_datetime_operator.py
[2025-04-11T17:25:30.035+0000] {logging_mixin.py:190} INFO - [2025-04-11T17:25:30.035+0000] {dag.py:3239} INFO - Sync 3 DAGs
[2025-04-11T17:25:30.072+0000] {logging_mixin.py:190} INFO - [2025-04-11T17:25:30.072+0000] {dag.py:4180} INFO - Setting next_dagrun for example_branch_datetime_operator to 2025-04-10 00:00:00+00:00, run_after=2025-04-11 00:00:00+00:00
[2025-04-11T17:25:30.081+0000] {logging_mixin.py:190} INFO - [2025-04-11T17:25:30.080+0000] {dag.py:4180} INFO - Setting next_dagrun for example_branch_datetime_operator_2 to 2025-04-10 00:00:00+00:00, run_after=2025-04-11 00:00:00+00:00
[2025-04-11T17:25:30.086+0000] {logging_mixin.py:190} INFO - [2025-04-11T17:25:30.086+0000] {dag.py:4180} INFO - Setting next_dagrun for example_branch_datetime_operator_3 to 2025-04-10 00:00:00+00:00, run_after=2025-04-11 00:00:00+00:00
[2025-04-11T17:25:30.115+0000] {processor.py:208} INFO - Processing /home/airflow/.local/lib/python3.12/site-packages/airflow/example_dags/example_branch_datetime_operator.py took 0.154 seconds
[2025-04-11T17:26:00.663+0000] {processor.py:186} INFO - Started process (PID=90541) to work on /home/airflow/.local/lib/python3.12/site-packages/airflow/example_dags/example_branch_datetime_operator.py
[2025-04-11T17:26:00.665+0000] {processor.py:914} INFO - Processing file /home/airflow/.local/lib/python3.12/site-packages/airflow/example_dags/example_branch_datetime_operator.py for tasks to queue
[2025-04-11T17:26:00.667+0000] {logging_mixin.py:190} INFO - [2025-04-11T17:26:00.666+0000] {dagbag.py:588} INFO - Filling up the DagBag from /home/airflow/.local/lib/python3.12/site-packages/airflow/example_dags/example_branch_datetime_operator.py
[2025-04-11T17:26:00.689+0000] {processor.py:925} INFO - DAG(s) 'example_branch_datetime_operator_2', 'example_branch_datetime_operator', 'example_branch_datetime_operator_3' retrieved from /home/airflow/.local/lib/python3.12/site-packages/airflow/example_dags/example_branch_datetime_operator.py
[2025-04-11T17:26:00.735+0000] {logging_mixin.py:190} INFO - [2025-04-11T17:26:00.735+0000] {dag.py:3239} INFO - Sync 3 DAGs
[2025-04-11T17:26:00.778+0000] {logging_mixin.py:190} INFO - [2025-04-11T17:26:00.778+0000] {dag.py:4180} INFO - Setting next_dagrun for example_branch_datetime_operator to 2025-04-10 00:00:00+00:00, run_after=2025-04-11 00:00:00+00:00
[2025-04-11T17:26:00.787+0000] {logging_mixin.py:190} INFO - [2025-04-11T17:26:00.787+0000] {dag.py:4180} INFO - Setting next_dagrun for example_branch_datetime_operator_2 to 2025-04-10 00:00:00+00:00, run_after=2025-04-11 00:00:00+00:00
[2025-04-11T17:26:00.792+0000] {logging_mixin.py:190} INFO - [2025-04-11T17:26:00.791+0000] {dag.py:4180} INFO - Setting next_dagrun for example_branch_datetime_operator_3 to 2025-04-10 00:00:00+00:00, run_after=2025-04-11 00:00:00+00:00
[2025-04-11T17:26:00.821+0000] {processor.py:208} INFO - Processing /home/airflow/.local/lib/python3.12/site-packages/airflow/example_dags/example_branch_datetime_operator.py took 0.166 seconds
[2025-04-11T17:26:31.271+0000] {processor.py:186} INFO - Started process (PID=90606) to work on /home/airflow/.local/lib/python3.12/site-packages/airflow/example_dags/example_branch_datetime_operator.py
[2025-04-11T17:26:31.273+0000] {processor.py:914} INFO - Processing file /home/airflow/.local/lib/python3.12/site-packages/airflow/example_dags/example_branch_datetime_operator.py for tasks to queue
[2025-04-11T17:26:31.276+0000] {logging_mixin.py:190} INFO - [2025-04-11T17:26:31.275+0000] {dagbag.py:588} INFO - Filling up the DagBag from /home/airflow/.local/lib/python3.12/site-packages/airflow/example_dags/example_branch_datetime_operator.py
[2025-04-11T17:26:31.298+0000] {processor.py:925} INFO - DAG(s) 'example_branch_datetime_operator_3', 'example_branch_datetime_operator', 'example_branch_datetime_operator_2' retrieved from /home/airflow/.local/lib/python3.12/site-packages/airflow/example_dags/example_branch_datetime_operator.py
[2025-04-11T17:26:31.348+0000] {logging_mixin.py:190} INFO - [2025-04-11T17:26:31.348+0000] {dag.py:3239} INFO - Sync 3 DAGs
[2025-04-11T17:26:31.398+0000] {logging_mixin.py:190} INFO - [2025-04-11T17:26:31.398+0000] {dag.py:4180} INFO - Setting next_dagrun for example_branch_datetime_operator to 2025-04-10 00:00:00+00:00, run_after=2025-04-11 00:00:00+00:00
[2025-04-11T17:26:31.411+0000] {logging_mixin.py:190} INFO - [2025-04-11T17:26:31.410+0000] {dag.py:4180} INFO - Setting next_dagrun for example_branch_datetime_operator_2 to 2025-04-10 00:00:00+00:00, run_after=2025-04-11 00:00:00+00:00
[2025-04-11T17:26:31.416+0000] {logging_mixin.py:190} INFO - [2025-04-11T17:26:31.416+0000] {dag.py:4180} INFO - Setting next_dagrun for example_branch_datetime_operator_3 to 2025-04-10 00:00:00+00:00, run_after=2025-04-11 00:00:00+00:00
[2025-04-11T17:26:31.454+0000] {processor.py:208} INFO - Processing /home/airflow/.local/lib/python3.12/site-packages/airflow/example_dags/example_branch_datetime_operator.py took 0.191 seconds
[2025-04-11T17:27:01.872+0000] {processor.py:186} INFO - Started process (PID=90671) to work on /home/airflow/.local/lib/python3.12/site-packages/airflow/example_dags/example_branch_datetime_operator.py
[2025-04-11T17:27:01.874+0000] {processor.py:914} INFO - Processing file /home/airflow/.local/lib/python3.12/site-packages/airflow/example_dags/example_branch_datetime_operator.py for tasks to queue
[2025-04-11T17:27:01.876+0000] {logging_mixin.py:190} INFO - [2025-04-11T17:27:01.876+0000] {dagbag.py:588} INFO - Filling up the DagBag from /home/airflow/.local/lib/python3.12/site-packages/airflow/example_dags/example_branch_datetime_operator.py
[2025-04-11T17:27:01.893+0000] {processor.py:925} INFO - DAG(s) 'example_branch_datetime_operator_2', 'example_branch_datetime_operator', 'example_branch_datetime_operator_3' retrieved from /home/airflow/.local/lib/python3.12/site-packages/airflow/example_dags/example_branch_datetime_operator.py
[2025-04-11T17:27:01.939+0000] {logging_mixin.py:190} INFO - [2025-04-11T17:27:01.938+0000] {dag.py:3239} INFO - Sync 3 DAGs
[2025-04-11T17:27:01.979+0000] {logging_mixin.py:190} INFO - [2025-04-11T17:27:01.979+0000] {dag.py:4180} INFO - Setting next_dagrun for example_branch_datetime_operator to 2025-04-10 00:00:00+00:00, run_after=2025-04-11 00:00:00+00:00
[2025-04-11T17:27:01.988+0000] {logging_mixin.py:190} INFO - [2025-04-11T17:27:01.987+0000] {dag.py:4180} INFO - Setting next_dagrun for example_branch_datetime_operator_2 to 2025-04-10 00:00:00+00:00, run_after=2025-04-11 00:00:00+00:00
[2025-04-11T17:27:01.994+0000] {logging_mixin.py:190} INFO - [2025-04-11T17:27:01.993+0000] {dag.py:4180} INFO - Setting next_dagrun for example_branch_datetime_operator_3 to 2025-04-10 00:00:00+00:00, run_after=2025-04-11 00:00:00+00:00
[2025-04-11T17:27:02.026+0000] {processor.py:208} INFO - Processing /home/airflow/.local/lib/python3.12/site-packages/airflow/example_dags/example_branch_datetime_operator.py took 0.161 seconds
[2025-04-11T17:27:32.154+0000] {processor.py:186} INFO - Started process (PID=90736) to work on /home/airflow/.local/lib/python3.12/site-packages/airflow/example_dags/example_branch_datetime_operator.py
[2025-04-11T17:27:32.155+0000] {processor.py:914} INFO - Processing file /home/airflow/.local/lib/python3.12/site-packages/airflow/example_dags/example_branch_datetime_operator.py for tasks to queue
[2025-04-11T17:27:32.157+0000] {logging_mixin.py:190} INFO - [2025-04-11T17:27:32.157+0000] {dagbag.py:588} INFO - Filling up the DagBag from /home/airflow/.local/lib/python3.12/site-packages/airflow/example_dags/example_branch_datetime_operator.py
[2025-04-11T17:27:32.174+0000] {processor.py:925} INFO - DAG(s) 'example_branch_datetime_operator_3', 'example_branch_datetime_operator', 'example_branch_datetime_operator_2' retrieved from /home/airflow/.local/lib/python3.12/site-packages/airflow/example_dags/example_branch_datetime_operator.py
[2025-04-11T17:27:32.219+0000] {logging_mixin.py:190} INFO - [2025-04-11T17:27:32.218+0000] {dag.py:3239} INFO - Sync 3 DAGs
[2025-04-11T17:27:32.263+0000] {logging_mixin.py:190} INFO - [2025-04-11T17:27:32.263+0000] {dag.py:4180} INFO - Setting next_dagrun for example_branch_datetime_operator to 2025-04-10 00:00:00+00:00, run_after=2025-04-11 00:00:00+00:00
[2025-04-11T17:27:32.272+0000] {logging_mixin.py:190} INFO - [2025-04-11T17:27:32.272+0000] {dag.py:4180} INFO - Setting next_dagrun for example_branch_datetime_operator_2 to 2025-04-10 00:00:00+00:00, run_after=2025-04-11 00:00:00+00:00
[2025-04-11T17:27:32.277+0000] {logging_mixin.py:190} INFO - [2025-04-11T17:27:32.277+0000] {dag.py:4180} INFO - Setting next_dagrun for example_branch_datetime_operator_3 to 2025-04-10 00:00:00+00:00, run_after=2025-04-11 00:00:00+00:00
[2025-04-11T17:27:32.309+0000] {processor.py:208} INFO - Processing /home/airflow/.local/lib/python3.12/site-packages/airflow/example_dags/example_branch_datetime_operator.py took 0.162 seconds
[2025-04-11T17:28:02.602+0000] {processor.py:186} INFO - Started process (PID=90801) to work on /home/airflow/.local/lib/python3.12/site-packages/airflow/example_dags/example_branch_datetime_operator.py
[2025-04-11T17:28:02.604+0000] {processor.py:914} INFO - Processing file /home/airflow/.local/lib/python3.12/site-packages/airflow/example_dags/example_branch_datetime_operator.py for tasks to queue
[2025-04-11T17:28:02.607+0000] {logging_mixin.py:190} INFO - [2025-04-11T17:28:02.606+0000] {dagbag.py:588} INFO - Filling up the DagBag from /home/airflow/.local/lib/python3.12/site-packages/airflow/example_dags/example_branch_datetime_operator.py
[2025-04-11T17:28:02.634+0000] {processor.py:925} INFO - DAG(s) 'example_branch_datetime_operator', 'example_branch_datetime_operator_3', 'example_branch_datetime_operator_2' retrieved from /home/airflow/.local/lib/python3.12/site-packages/airflow/example_dags/example_branch_datetime_operator.py
[2025-04-11T17:28:02.686+0000] {logging_mixin.py:190} INFO - [2025-04-11T17:28:02.685+0000] {dag.py:3239} INFO - Sync 3 DAGs
[2025-04-11T17:28:02.732+0000] {logging_mixin.py:190} INFO - [2025-04-11T17:28:02.732+0000] {dag.py:4180} INFO - Setting next_dagrun for example_branch_datetime_operator to 2025-04-10 00:00:00+00:00, run_after=2025-04-11 00:00:00+00:00
[2025-04-11T17:28:02.740+0000] {logging_mixin.py:190} INFO - [2025-04-11T17:28:02.740+0000] {dag.py:4180} INFO - Setting next_dagrun for example_branch_datetime_operator_2 to 2025-04-10 00:00:00+00:00, run_after=2025-04-11 00:00:00+00:00
[2025-04-11T17:28:02.744+0000] {logging_mixin.py:190} INFO - [2025-04-11T17:28:02.744+0000] {dag.py:4180} INFO - Setting next_dagrun for example_branch_datetime_operator_3 to 2025-04-10 00:00:00+00:00, run_after=2025-04-11 00:00:00+00:00
[2025-04-11T17:28:02.779+0000] {processor.py:208} INFO - Processing /home/airflow/.local/lib/python3.12/site-packages/airflow/example_dags/example_branch_datetime_operator.py took 0.190 seconds
[2025-04-11T17:28:32.973+0000] {processor.py:186} INFO - Started process (PID=90866) to work on /home/airflow/.local/lib/python3.12/site-packages/airflow/example_dags/example_branch_datetime_operator.py
[2025-04-11T17:28:32.974+0000] {processor.py:914} INFO - Processing file /home/airflow/.local/lib/python3.12/site-packages/airflow/example_dags/example_branch_datetime_operator.py for tasks to queue
[2025-04-11T17:28:32.977+0000] {logging_mixin.py:190} INFO - [2025-04-11T17:28:32.976+0000] {dagbag.py:588} INFO - Filling up the DagBag from /home/airflow/.local/lib/python3.12/site-packages/airflow/example_dags/example_branch_datetime_operator.py
[2025-04-11T17:28:33.000+0000] {processor.py:925} INFO - DAG(s) 'example_branch_datetime_operator', 'example_branch_datetime_operator_3', 'example_branch_datetime_operator_2' retrieved from /home/airflow/.local/lib/python3.12/site-packages/airflow/example_dags/example_branch_datetime_operator.py
[2025-04-11T17:28:33.051+0000] {logging_mixin.py:190} INFO - [2025-04-11T17:28:33.051+0000] {dag.py:3239} INFO - Sync 3 DAGs
[2025-04-11T17:28:33.104+0000] {logging_mixin.py:190} INFO - [2025-04-11T17:28:33.104+0000] {dag.py:4180} INFO - Setting next_dagrun for example_branch_datetime_operator to 2025-04-10 00:00:00+00:00, run_after=2025-04-11 00:00:00+00:00
[2025-04-11T17:28:33.114+0000] {logging_mixin.py:190} INFO - [2025-04-11T17:28:33.113+0000] {dag.py:4180} INFO - Setting next_dagrun for example_branch_datetime_operator_2 to 2025-04-10 00:00:00+00:00, run_after=2025-04-11 00:00:00+00:00
[2025-04-11T17:28:33.118+0000] {logging_mixin.py:190} INFO - [2025-04-11T17:28:33.118+0000] {dag.py:4180} INFO - Setting next_dagrun for example_branch_datetime_operator_3 to 2025-04-10 00:00:00+00:00, run_after=2025-04-11 00:00:00+00:00
[2025-04-11T17:28:33.151+0000] {processor.py:208} INFO - Processing /home/airflow/.local/lib/python3.12/site-packages/airflow/example_dags/example_branch_datetime_operator.py took 0.187 seconds
[2025-04-11T17:29:03.252+0000] {processor.py:186} INFO - Started process (PID=90931) to work on /home/airflow/.local/lib/python3.12/site-packages/airflow/example_dags/example_branch_datetime_operator.py
[2025-04-11T17:29:03.254+0000] {processor.py:914} INFO - Processing file /home/airflow/.local/lib/python3.12/site-packages/airflow/example_dags/example_branch_datetime_operator.py for tasks to queue
[2025-04-11T17:29:03.256+0000] {logging_mixin.py:190} INFO - [2025-04-11T17:29:03.256+0000] {dagbag.py:588} INFO - Filling up the DagBag from /home/airflow/.local/lib/python3.12/site-packages/airflow/example_dags/example_branch_datetime_operator.py
[2025-04-11T17:29:03.273+0000] {processor.py:925} INFO - DAG(s) 'example_branch_datetime_operator', 'example_branch_datetime_operator_3', 'example_branch_datetime_operator_2' retrieved from /home/airflow/.local/lib/python3.12/site-packages/airflow/example_dags/example_branch_datetime_operator.py
[2025-04-11T17:29:03.314+0000] {logging_mixin.py:190} INFO - [2025-04-11T17:29:03.313+0000] {dag.py:3239} INFO - Sync 3 DAGs
[2025-04-11T17:29:03.352+0000] {logging_mixin.py:190} INFO - [2025-04-11T17:29:03.352+0000] {dag.py:4180} INFO - Setting next_dagrun for example_branch_datetime_operator to 2025-04-10 00:00:00+00:00, run_after=2025-04-11 00:00:00+00:00
[2025-04-11T17:29:03.361+0000] {logging_mixin.py:190} INFO - [2025-04-11T17:29:03.361+0000] {dag.py:4180} INFO - Setting next_dagrun for example_branch_datetime_operator_2 to 2025-04-10 00:00:00+00:00, run_after=2025-04-11 00:00:00+00:00
[2025-04-11T17:29:03.366+0000] {logging_mixin.py:190} INFO - [2025-04-11T17:29:03.366+0000] {dag.py:4180} INFO - Setting next_dagrun for example_branch_datetime_operator_3 to 2025-04-10 00:00:00+00:00, run_after=2025-04-11 00:00:00+00:00
[2025-04-11T17:29:03.395+0000] {processor.py:208} INFO - Processing /home/airflow/.local/lib/python3.12/site-packages/airflow/example_dags/example_branch_datetime_operator.py took 0.151 seconds
[2025-04-11T17:29:33.568+0000] {processor.py:186} INFO - Started process (PID=90997) to work on /home/airflow/.local/lib/python3.12/site-packages/airflow/example_dags/example_branch_datetime_operator.py
[2025-04-11T17:29:33.570+0000] {processor.py:914} INFO - Processing file /home/airflow/.local/lib/python3.12/site-packages/airflow/example_dags/example_branch_datetime_operator.py for tasks to queue
[2025-04-11T17:29:33.573+0000] {logging_mixin.py:190} INFO - [2025-04-11T17:29:33.572+0000] {dagbag.py:588} INFO - Filling up the DagBag from /home/airflow/.local/lib/python3.12/site-packages/airflow/example_dags/example_branch_datetime_operator.py
[2025-04-11T17:29:33.595+0000] {processor.py:925} INFO - DAG(s) 'example_branch_datetime_operator_3', 'example_branch_datetime_operator_2', 'example_branch_datetime_operator' retrieved from /home/airflow/.local/lib/python3.12/site-packages/airflow/example_dags/example_branch_datetime_operator.py
[2025-04-11T17:29:33.645+0000] {logging_mixin.py:190} INFO - [2025-04-11T17:29:33.644+0000] {dag.py:3239} INFO - Sync 3 DAGs
[2025-04-11T17:29:33.715+0000] {logging_mixin.py:190} INFO - [2025-04-11T17:29:33.715+0000] {dag.py:4180} INFO - Setting next_dagrun for example_branch_datetime_operator to 2025-04-10 00:00:00+00:00, run_after=2025-04-11 00:00:00+00:00
[2025-04-11T17:29:33.723+0000] {logging_mixin.py:190} INFO - [2025-04-11T17:29:33.722+0000] {dag.py:4180} INFO - Setting next_dagrun for example_branch_datetime_operator_2 to 2025-04-10 00:00:00+00:00, run_after=2025-04-11 00:00:00+00:00
[2025-04-11T17:29:33.727+0000] {logging_mixin.py:190} INFO - [2025-04-11T17:29:33.727+0000] {dag.py:4180} INFO - Setting next_dagrun for example_branch_datetime_operator_3 to 2025-04-10 00:00:00+00:00, run_after=2025-04-11 00:00:00+00:00
[2025-04-11T17:29:33.756+0000] {processor.py:208} INFO - Processing /home/airflow/.local/lib/python3.12/site-packages/airflow/example_dags/example_branch_datetime_operator.py took 0.196 seconds
[2025-04-11T17:30:03.887+0000] {processor.py:186} INFO - Started process (PID=91062) to work on /home/airflow/.local/lib/python3.12/site-packages/airflow/example_dags/example_branch_datetime_operator.py
[2025-04-11T17:30:03.889+0000] {processor.py:914} INFO - Processing file /home/airflow/.local/lib/python3.12/site-packages/airflow/example_dags/example_branch_datetime_operator.py for tasks to queue
[2025-04-11T17:30:03.891+0000] {logging_mixin.py:190} INFO - [2025-04-11T17:30:03.890+0000] {dagbag.py:588} INFO - Filling up the DagBag from /home/airflow/.local/lib/python3.12/site-packages/airflow/example_dags/example_branch_datetime_operator.py
[2025-04-11T17:30:03.907+0000] {processor.py:925} INFO - DAG(s) 'example_branch_datetime_operator_2', 'example_branch_datetime_operator', 'example_branch_datetime_operator_3' retrieved from /home/airflow/.local/lib/python3.12/site-packages/airflow/example_dags/example_branch_datetime_operator.py
[2025-04-11T17:30:03.948+0000] {logging_mixin.py:190} INFO - [2025-04-11T17:30:03.948+0000] {dag.py:3239} INFO - Sync 3 DAGs
[2025-04-11T17:30:03.983+0000] {logging_mixin.py:190} INFO - [2025-04-11T17:30:03.983+0000] {dag.py:4180} INFO - Setting next_dagrun for example_branch_datetime_operator to 2025-04-10 00:00:00+00:00, run_after=2025-04-11 00:00:00+00:00
[2025-04-11T17:30:03.991+0000] {logging_mixin.py:190} INFO - [2025-04-11T17:30:03.990+0000] {dag.py:4180} INFO - Setting next_dagrun for example_branch_datetime_operator_2 to 2025-04-10 00:00:00+00:00, run_after=2025-04-11 00:00:00+00:00
[2025-04-11T17:30:03.996+0000] {logging_mixin.py:190} INFO - [2025-04-11T17:30:03.995+0000] {dag.py:4180} INFO - Setting next_dagrun for example_branch_datetime_operator_3 to 2025-04-10 00:00:00+00:00, run_after=2025-04-11 00:00:00+00:00
[2025-04-11T17:30:04.021+0000] {processor.py:208} INFO - Processing /home/airflow/.local/lib/python3.12/site-packages/airflow/example_dags/example_branch_datetime_operator.py took 0.142 seconds
[2025-04-11T17:30:34.143+0000] {processor.py:186} INFO - Started process (PID=91127) to work on /home/airflow/.local/lib/python3.12/site-packages/airflow/example_dags/example_branch_datetime_operator.py
[2025-04-11T17:30:34.144+0000] {processor.py:914} INFO - Processing file /home/airflow/.local/lib/python3.12/site-packages/airflow/example_dags/example_branch_datetime_operator.py for tasks to queue
[2025-04-11T17:30:34.147+0000] {logging_mixin.py:190} INFO - [2025-04-11T17:30:34.146+0000] {dagbag.py:588} INFO - Filling up the DagBag from /home/airflow/.local/lib/python3.12/site-packages/airflow/example_dags/example_branch_datetime_operator.py
[2025-04-11T17:30:34.165+0000] {processor.py:925} INFO - DAG(s) 'example_branch_datetime_operator', 'example_branch_datetime_operator_3', 'example_branch_datetime_operator_2' retrieved from /home/airflow/.local/lib/python3.12/site-packages/airflow/example_dags/example_branch_datetime_operator.py
[2025-04-11T17:30:34.206+0000] {logging_mixin.py:190} INFO - [2025-04-11T17:30:34.206+0000] {dag.py:3239} INFO - Sync 3 DAGs
[2025-04-11T17:30:34.249+0000] {logging_mixin.py:190} INFO - [2025-04-11T17:30:34.249+0000] {dag.py:4180} INFO - Setting next_dagrun for example_branch_datetime_operator to 2025-04-10 00:00:00+00:00, run_after=2025-04-11 00:00:00+00:00
[2025-04-11T17:30:34.258+0000] {logging_mixin.py:190} INFO - [2025-04-11T17:30:34.258+0000] {dag.py:4180} INFO - Setting next_dagrun for example_branch_datetime_operator_2 to 2025-04-10 00:00:00+00:00, run_after=2025-04-11 00:00:00+00:00
[2025-04-11T17:30:34.264+0000] {logging_mixin.py:190} INFO - [2025-04-11T17:30:34.263+0000] {dag.py:4180} INFO - Setting next_dagrun for example_branch_datetime_operator_3 to 2025-04-10 00:00:00+00:00, run_after=2025-04-11 00:00:00+00:00
[2025-04-11T17:30:34.294+0000] {processor.py:208} INFO - Processing /home/airflow/.local/lib/python3.12/site-packages/airflow/example_dags/example_branch_datetime_operator.py took 0.162 seconds
[2025-04-11T17:31:04.792+0000] {processor.py:186} INFO - Started process (PID=91192) to work on /home/airflow/.local/lib/python3.12/site-packages/airflow/example_dags/example_branch_datetime_operator.py
[2025-04-11T17:31:04.794+0000] {processor.py:914} INFO - Processing file /home/airflow/.local/lib/python3.12/site-packages/airflow/example_dags/example_branch_datetime_operator.py for tasks to queue
[2025-04-11T17:31:04.796+0000] {logging_mixin.py:190} INFO - [2025-04-11T17:31:04.795+0000] {dagbag.py:588} INFO - Filling up the DagBag from /home/airflow/.local/lib/python3.12/site-packages/airflow/example_dags/example_branch_datetime_operator.py
[2025-04-11T17:31:04.819+0000] {processor.py:925} INFO - DAG(s) 'example_branch_datetime_operator_3', 'example_branch_datetime_operator', 'example_branch_datetime_operator_2' retrieved from /home/airflow/.local/lib/python3.12/site-packages/airflow/example_dags/example_branch_datetime_operator.py
[2025-04-11T17:31:04.866+0000] {logging_mixin.py:190} INFO - [2025-04-11T17:31:04.866+0000] {dag.py:3239} INFO - Sync 3 DAGs
[2025-04-11T17:31:04.907+0000] {logging_mixin.py:190} INFO - [2025-04-11T17:31:04.906+0000] {dag.py:4180} INFO - Setting next_dagrun for example_branch_datetime_operator to 2025-04-10 00:00:00+00:00, run_after=2025-04-11 00:00:00+00:00
[2025-04-11T17:31:04.918+0000] {logging_mixin.py:190} INFO - [2025-04-11T17:31:04.918+0000] {dag.py:4180} INFO - Setting next_dagrun for example_branch_datetime_operator_2 to 2025-04-10 00:00:00+00:00, run_after=2025-04-11 00:00:00+00:00
[2025-04-11T17:31:04.924+0000] {logging_mixin.py:190} INFO - [2025-04-11T17:31:04.923+0000] {dag.py:4180} INFO - Setting next_dagrun for example_branch_datetime_operator_3 to 2025-04-10 00:00:00+00:00, run_after=2025-04-11 00:00:00+00:00
[2025-04-11T17:31:04.958+0000] {processor.py:208} INFO - Processing /home/airflow/.local/lib/python3.12/site-packages/airflow/example_dags/example_branch_datetime_operator.py took 0.175 seconds
[2025-04-11T17:31:35.086+0000] {processor.py:186} INFO - Started process (PID=91257) to work on /home/airflow/.local/lib/python3.12/site-packages/airflow/example_dags/example_branch_datetime_operator.py
[2025-04-11T17:31:35.088+0000] {processor.py:914} INFO - Processing file /home/airflow/.local/lib/python3.12/site-packages/airflow/example_dags/example_branch_datetime_operator.py for tasks to queue
[2025-04-11T17:31:35.090+0000] {logging_mixin.py:190} INFO - [2025-04-11T17:31:35.089+0000] {dagbag.py:588} INFO - Filling up the DagBag from /home/airflow/.local/lib/python3.12/site-packages/airflow/example_dags/example_branch_datetime_operator.py
[2025-04-11T17:31:35.111+0000] {processor.py:925} INFO - DAG(s) 'example_branch_datetime_operator_2', 'example_branch_datetime_operator_3', 'example_branch_datetime_operator' retrieved from /home/airflow/.local/lib/python3.12/site-packages/airflow/example_dags/example_branch_datetime_operator.py
[2025-04-11T17:31:35.152+0000] {logging_mixin.py:190} INFO - [2025-04-11T17:31:35.151+0000] {dag.py:3239} INFO - Sync 3 DAGs
[2025-04-11T17:31:35.194+0000] {logging_mixin.py:190} INFO - [2025-04-11T17:31:35.194+0000] {dag.py:4180} INFO - Setting next_dagrun for example_branch_datetime_operator to 2025-04-10 00:00:00+00:00, run_after=2025-04-11 00:00:00+00:00
[2025-04-11T17:31:35.207+0000] {logging_mixin.py:190} INFO - [2025-04-11T17:31:35.206+0000] {dag.py:4180} INFO - Setting next_dagrun for example_branch_datetime_operator_2 to 2025-04-10 00:00:00+00:00, run_after=2025-04-11 00:00:00+00:00
[2025-04-11T17:31:35.213+0000] {logging_mixin.py:190} INFO - [2025-04-11T17:31:35.212+0000] {dag.py:4180} INFO - Setting next_dagrun for example_branch_datetime_operator_3 to 2025-04-10 00:00:00+00:00, run_after=2025-04-11 00:00:00+00:00
[2025-04-11T17:31:35.255+0000] {processor.py:208} INFO - Processing /home/airflow/.local/lib/python3.12/site-packages/airflow/example_dags/example_branch_datetime_operator.py took 0.177 seconds
[2025-04-11T17:32:05.679+0000] {processor.py:186} INFO - Started process (PID=91322) to work on /home/airflow/.local/lib/python3.12/site-packages/airflow/example_dags/example_branch_datetime_operator.py
[2025-04-11T17:32:05.681+0000] {processor.py:914} INFO - Processing file /home/airflow/.local/lib/python3.12/site-packages/airflow/example_dags/example_branch_datetime_operator.py for tasks to queue
[2025-04-11T17:32:05.684+0000] {logging_mixin.py:190} INFO - [2025-04-11T17:32:05.684+0000] {dagbag.py:588} INFO - Filling up the DagBag from /home/airflow/.local/lib/python3.12/site-packages/airflow/example_dags/example_branch_datetime_operator.py
[2025-04-11T17:32:05.712+0000] {processor.py:925} INFO - DAG(s) 'example_branch_datetime_operator', 'example_branch_datetime_operator_3', 'example_branch_datetime_operator_2' retrieved from /home/airflow/.local/lib/python3.12/site-packages/airflow/example_dags/example_branch_datetime_operator.py
[2025-04-11T17:32:05.759+0000] {logging_mixin.py:190} INFO - [2025-04-11T17:32:05.758+0000] {dag.py:3239} INFO - Sync 3 DAGs
[2025-04-11T17:32:05.793+0000] {logging_mixin.py:190} INFO - [2025-04-11T17:32:05.793+0000] {dag.py:4180} INFO - Setting next_dagrun for example_branch_datetime_operator to 2025-04-10 00:00:00+00:00, run_after=2025-04-11 00:00:00+00:00
[2025-04-11T17:32:05.800+0000] {logging_mixin.py:190} INFO - [2025-04-11T17:32:05.800+0000] {dag.py:4180} INFO - Setting next_dagrun for example_branch_datetime_operator_2 to 2025-04-10 00:00:00+00:00, run_after=2025-04-11 00:00:00+00:00
[2025-04-11T17:32:05.804+0000] {logging_mixin.py:190} INFO - [2025-04-11T17:32:05.804+0000] {dag.py:4180} INFO - Setting next_dagrun for example_branch_datetime_operator_3 to 2025-04-10 00:00:00+00:00, run_after=2025-04-11 00:00:00+00:00
[2025-04-11T17:32:05.834+0000] {processor.py:208} INFO - Processing /home/airflow/.local/lib/python3.12/site-packages/airflow/example_dags/example_branch_datetime_operator.py took 0.162 seconds
[2025-04-11T17:32:35.945+0000] {processor.py:186} INFO - Started process (PID=91388) to work on /home/airflow/.local/lib/python3.12/site-packages/airflow/example_dags/example_branch_datetime_operator.py
[2025-04-11T17:32:35.946+0000] {processor.py:914} INFO - Processing file /home/airflow/.local/lib/python3.12/site-packages/airflow/example_dags/example_branch_datetime_operator.py for tasks to queue
[2025-04-11T17:32:35.948+0000] {logging_mixin.py:190} INFO - [2025-04-11T17:32:35.948+0000] {dagbag.py:588} INFO - Filling up the DagBag from /home/airflow/.local/lib/python3.12/site-packages/airflow/example_dags/example_branch_datetime_operator.py
[2025-04-11T17:32:35.964+0000] {processor.py:925} INFO - DAG(s) 'example_branch_datetime_operator_3', 'example_branch_datetime_operator_2', 'example_branch_datetime_operator' retrieved from /home/airflow/.local/lib/python3.12/site-packages/airflow/example_dags/example_branch_datetime_operator.py
[2025-04-11T17:32:36.008+0000] {logging_mixin.py:190} INFO - [2025-04-11T17:32:36.007+0000] {dag.py:3239} INFO - Sync 3 DAGs
[2025-04-11T17:32:36.055+0000] {logging_mixin.py:190} INFO - [2025-04-11T17:32:36.055+0000] {dag.py:4180} INFO - Setting next_dagrun for example_branch_datetime_operator to 2025-04-10 00:00:00+00:00, run_after=2025-04-11 00:00:00+00:00
[2025-04-11T17:32:36.065+0000] {logging_mixin.py:190} INFO - [2025-04-11T17:32:36.064+0000] {dag.py:4180} INFO - Setting next_dagrun for example_branch_datetime_operator_2 to 2025-04-10 00:00:00+00:00, run_after=2025-04-11 00:00:00+00:00
[2025-04-11T17:32:36.069+0000] {logging_mixin.py:190} INFO - [2025-04-11T17:32:36.069+0000] {dag.py:4180} INFO - Setting next_dagrun for example_branch_datetime_operator_3 to 2025-04-10 00:00:00+00:00, run_after=2025-04-11 00:00:00+00:00
[2025-04-11T17:32:36.104+0000] {processor.py:208} INFO - Processing /home/airflow/.local/lib/python3.12/site-packages/airflow/example_dags/example_branch_datetime_operator.py took 0.167 seconds
[2025-04-11T17:33:06.310+0000] {processor.py:186} INFO - Started process (PID=91453) to work on /home/airflow/.local/lib/python3.12/site-packages/airflow/example_dags/example_branch_datetime_operator.py
[2025-04-11T17:33:06.312+0000] {processor.py:914} INFO - Processing file /home/airflow/.local/lib/python3.12/site-packages/airflow/example_dags/example_branch_datetime_operator.py for tasks to queue
[2025-04-11T17:33:06.314+0000] {logging_mixin.py:190} INFO - [2025-04-11T17:33:06.313+0000] {dagbag.py:588} INFO - Filling up the DagBag from /home/airflow/.local/lib/python3.12/site-packages/airflow/example_dags/example_branch_datetime_operator.py
[2025-04-11T17:33:06.330+0000] {processor.py:925} INFO - DAG(s) 'example_branch_datetime_operator', 'example_branch_datetime_operator_3', 'example_branch_datetime_operator_2' retrieved from /home/airflow/.local/lib/python3.12/site-packages/airflow/example_dags/example_branch_datetime_operator.py
[2025-04-11T17:33:06.376+0000] {logging_mixin.py:190} INFO - [2025-04-11T17:33:06.376+0000] {dag.py:3239} INFO - Sync 3 DAGs
[2025-04-11T17:33:06.411+0000] {logging_mixin.py:190} INFO - [2025-04-11T17:33:06.410+0000] {dag.py:4180} INFO - Setting next_dagrun for example_branch_datetime_operator to 2025-04-10 00:00:00+00:00, run_after=2025-04-11 00:00:00+00:00
[2025-04-11T17:33:06.418+0000] {logging_mixin.py:190} INFO - [2025-04-11T17:33:06.418+0000] {dag.py:4180} INFO - Setting next_dagrun for example_branch_datetime_operator_2 to 2025-04-10 00:00:00+00:00, run_after=2025-04-11 00:00:00+00:00
[2025-04-11T17:33:06.422+0000] {logging_mixin.py:190} INFO - [2025-04-11T17:33:06.422+0000] {dag.py:4180} INFO - Setting next_dagrun for example_branch_datetime_operator_3 to 2025-04-10 00:00:00+00:00, run_after=2025-04-11 00:00:00+00:00
[2025-04-11T17:33:06.450+0000] {processor.py:208} INFO - Processing /home/airflow/.local/lib/python3.12/site-packages/airflow/example_dags/example_branch_datetime_operator.py took 0.146 seconds
[2025-04-11T17:33:37.198+0000] {processor.py:186} INFO - Started process (PID=91511) to work on /home/airflow/.local/lib/python3.12/site-packages/airflow/example_dags/example_branch_datetime_operator.py
[2025-04-11T17:33:37.200+0000] {processor.py:914} INFO - Processing file /home/airflow/.local/lib/python3.12/site-packages/airflow/example_dags/example_branch_datetime_operator.py for tasks to queue
[2025-04-11T17:33:37.202+0000] {logging_mixin.py:190} INFO - [2025-04-11T17:33:37.201+0000] {dagbag.py:588} INFO - Filling up the DagBag from /home/airflow/.local/lib/python3.12/site-packages/airflow/example_dags/example_branch_datetime_operator.py
[2025-04-11T17:33:37.217+0000] {processor.py:925} INFO - DAG(s) 'example_branch_datetime_operator_2', 'example_branch_datetime_operator_3', 'example_branch_datetime_operator' retrieved from /home/airflow/.local/lib/python3.12/site-packages/airflow/example_dags/example_branch_datetime_operator.py
[2025-04-11T17:33:37.258+0000] {logging_mixin.py:190} INFO - [2025-04-11T17:33:37.258+0000] {dag.py:3239} INFO - Sync 3 DAGs
[2025-04-11T17:33:37.297+0000] {logging_mixin.py:190} INFO - [2025-04-11T17:33:37.296+0000] {dag.py:4180} INFO - Setting next_dagrun for example_branch_datetime_operator to 2025-04-10 00:00:00+00:00, run_after=2025-04-11 00:00:00+00:00
[2025-04-11T17:33:37.308+0000] {logging_mixin.py:190} INFO - [2025-04-11T17:33:37.308+0000] {dag.py:4180} INFO - Setting next_dagrun for example_branch_datetime_operator_2 to 2025-04-10 00:00:00+00:00, run_after=2025-04-11 00:00:00+00:00
[2025-04-11T17:33:37.314+0000] {logging_mixin.py:190} INFO - [2025-04-11T17:33:37.313+0000] {dag.py:4180} INFO - Setting next_dagrun for example_branch_datetime_operator_3 to 2025-04-10 00:00:00+00:00, run_after=2025-04-11 00:00:00+00:00
[2025-04-11T17:33:37.359+0000] {processor.py:208} INFO - Processing /home/airflow/.local/lib/python3.12/site-packages/airflow/example_dags/example_branch_datetime_operator.py took 0.168 seconds
[2025-04-11T17:34:07.670+0000] {processor.py:186} INFO - Started process (PID=91572) to work on /home/airflow/.local/lib/python3.12/site-packages/airflow/example_dags/example_branch_datetime_operator.py
[2025-04-11T17:34:07.672+0000] {processor.py:914} INFO - Processing file /home/airflow/.local/lib/python3.12/site-packages/airflow/example_dags/example_branch_datetime_operator.py for tasks to queue
[2025-04-11T17:34:07.674+0000] {logging_mixin.py:190} INFO - [2025-04-11T17:34:07.674+0000] {dagbag.py:588} INFO - Filling up the DagBag from /home/airflow/.local/lib/python3.12/site-packages/airflow/example_dags/example_branch_datetime_operator.py
[2025-04-11T17:34:07.693+0000] {processor.py:925} INFO - DAG(s) 'example_branch_datetime_operator_3', 'example_branch_datetime_operator_2', 'example_branch_datetime_operator' retrieved from /home/airflow/.local/lib/python3.12/site-packages/airflow/example_dags/example_branch_datetime_operator.py
[2025-04-11T17:34:07.736+0000] {logging_mixin.py:190} INFO - [2025-04-11T17:34:07.735+0000] {dag.py:3239} INFO - Sync 3 DAGs
[2025-04-11T17:34:07.778+0000] {logging_mixin.py:190} INFO - [2025-04-11T17:34:07.777+0000] {dag.py:4180} INFO - Setting next_dagrun for example_branch_datetime_operator to 2025-04-10 00:00:00+00:00, run_after=2025-04-11 00:00:00+00:00
[2025-04-11T17:34:07.785+0000] {logging_mixin.py:190} INFO - [2025-04-11T17:34:07.785+0000] {dag.py:4180} INFO - Setting next_dagrun for example_branch_datetime_operator_2 to 2025-04-10 00:00:00+00:00, run_after=2025-04-11 00:00:00+00:00
[2025-04-11T17:34:07.790+0000] {logging_mixin.py:190} INFO - [2025-04-11T17:34:07.790+0000] {dag.py:4180} INFO - Setting next_dagrun for example_branch_datetime_operator_3 to 2025-04-10 00:00:00+00:00, run_after=2025-04-11 00:00:00+00:00
[2025-04-11T17:34:07.818+0000] {processor.py:208} INFO - Processing /home/airflow/.local/lib/python3.12/site-packages/airflow/example_dags/example_branch_datetime_operator.py took 0.157 seconds
[2025-04-11T17:34:38.951+0000] {processor.py:186} INFO - Started process (PID=91636) to work on /home/airflow/.local/lib/python3.12/site-packages/airflow/example_dags/example_branch_datetime_operator.py
[2025-04-11T17:34:38.953+0000] {processor.py:914} INFO - Processing file /home/airflow/.local/lib/python3.12/site-packages/airflow/example_dags/example_branch_datetime_operator.py for tasks to queue
[2025-04-11T17:34:38.955+0000] {logging_mixin.py:190} INFO - [2025-04-11T17:34:38.955+0000] {dagbag.py:588} INFO - Filling up the DagBag from /home/airflow/.local/lib/python3.12/site-packages/airflow/example_dags/example_branch_datetime_operator.py
[2025-04-11T17:34:38.972+0000] {processor.py:925} INFO - DAG(s) 'example_branch_datetime_operator_2', 'example_branch_datetime_operator', 'example_branch_datetime_operator_3' retrieved from /home/airflow/.local/lib/python3.12/site-packages/airflow/example_dags/example_branch_datetime_operator.py
[2025-04-11T17:34:39.010+0000] {logging_mixin.py:190} INFO - [2025-04-11T17:34:39.009+0000] {dag.py:3239} INFO - Sync 3 DAGs
[2025-04-11T17:34:39.044+0000] {logging_mixin.py:190} INFO - [2025-04-11T17:34:39.043+0000] {dag.py:4180} INFO - Setting next_dagrun for example_branch_datetime_operator to 2025-04-10 00:00:00+00:00, run_after=2025-04-11 00:00:00+00:00
[2025-04-11T17:34:39.051+0000] {logging_mixin.py:190} INFO - [2025-04-11T17:34:39.051+0000] {dag.py:4180} INFO - Setting next_dagrun for example_branch_datetime_operator_2 to 2025-04-10 00:00:00+00:00, run_after=2025-04-11 00:00:00+00:00
[2025-04-11T17:34:39.055+0000] {logging_mixin.py:190} INFO - [2025-04-11T17:34:39.055+0000] {dag.py:4180} INFO - Setting next_dagrun for example_branch_datetime_operator_3 to 2025-04-10 00:00:00+00:00, run_after=2025-04-11 00:00:00+00:00
[2025-04-11T17:34:39.084+0000] {processor.py:208} INFO - Processing /home/airflow/.local/lib/python3.12/site-packages/airflow/example_dags/example_branch_datetime_operator.py took 0.145 seconds
[2025-04-11T17:35:10.048+0000] {processor.py:186} INFO - Started process (PID=91700) to work on /home/airflow/.local/lib/python3.12/site-packages/airflow/example_dags/example_branch_datetime_operator.py
[2025-04-11T17:35:10.050+0000] {processor.py:914} INFO - Processing file /home/airflow/.local/lib/python3.12/site-packages/airflow/example_dags/example_branch_datetime_operator.py for tasks to queue
[2025-04-11T17:35:10.052+0000] {logging_mixin.py:190} INFO - [2025-04-11T17:35:10.051+0000] {dagbag.py:588} INFO - Filling up the DagBag from /home/airflow/.local/lib/python3.12/site-packages/airflow/example_dags/example_branch_datetime_operator.py
[2025-04-11T17:35:10.072+0000] {processor.py:925} INFO - DAG(s) 'example_branch_datetime_operator_2', 'example_branch_datetime_operator_3', 'example_branch_datetime_operator' retrieved from /home/airflow/.local/lib/python3.12/site-packages/airflow/example_dags/example_branch_datetime_operator.py
[2025-04-11T17:35:10.113+0000] {logging_mixin.py:190} INFO - [2025-04-11T17:35:10.113+0000] {dag.py:3239} INFO - Sync 3 DAGs
[2025-04-11T17:35:10.152+0000] {logging_mixin.py:190} INFO - [2025-04-11T17:35:10.152+0000] {dag.py:4180} INFO - Setting next_dagrun for example_branch_datetime_operator to 2025-04-10 00:00:00+00:00, run_after=2025-04-11 00:00:00+00:00
[2025-04-11T17:35:10.159+0000] {logging_mixin.py:190} INFO - [2025-04-11T17:35:10.159+0000] {dag.py:4180} INFO - Setting next_dagrun for example_branch_datetime_operator_2 to 2025-04-10 00:00:00+00:00, run_after=2025-04-11 00:00:00+00:00
[2025-04-11T17:35:10.163+0000] {logging_mixin.py:190} INFO - [2025-04-11T17:35:10.162+0000] {dag.py:4180} INFO - Setting next_dagrun for example_branch_datetime_operator_3 to 2025-04-10 00:00:00+00:00, run_after=2025-04-11 00:00:00+00:00
[2025-04-11T17:35:10.189+0000] {processor.py:208} INFO - Processing /home/airflow/.local/lib/python3.12/site-packages/airflow/example_dags/example_branch_datetime_operator.py took 0.149 seconds
[2025-04-11T17:35:40.591+0000] {processor.py:186} INFO - Started process (PID=91762) to work on /home/airflow/.local/lib/python3.12/site-packages/airflow/example_dags/example_branch_datetime_operator.py
[2025-04-11T17:35:40.593+0000] {processor.py:914} INFO - Processing file /home/airflow/.local/lib/python3.12/site-packages/airflow/example_dags/example_branch_datetime_operator.py for tasks to queue
[2025-04-11T17:35:40.595+0000] {logging_mixin.py:190} INFO - [2025-04-11T17:35:40.595+0000] {dagbag.py:588} INFO - Filling up the DagBag from /home/airflow/.local/lib/python3.12/site-packages/airflow/example_dags/example_branch_datetime_operator.py
[2025-04-11T17:35:40.614+0000] {processor.py:925} INFO - DAG(s) 'example_branch_datetime_operator_2', 'example_branch_datetime_operator_3', 'example_branch_datetime_operator' retrieved from /home/airflow/.local/lib/python3.12/site-packages/airflow/example_dags/example_branch_datetime_operator.py
[2025-04-11T17:35:40.656+0000] {logging_mixin.py:190} INFO - [2025-04-11T17:35:40.656+0000] {dag.py:3239} INFO - Sync 3 DAGs
[2025-04-11T17:35:40.695+0000] {logging_mixin.py:190} INFO - [2025-04-11T17:35:40.694+0000] {dag.py:4180} INFO - Setting next_dagrun for example_branch_datetime_operator to 2025-04-10 00:00:00+00:00, run_after=2025-04-11 00:00:00+00:00
[2025-04-11T17:35:40.704+0000] {logging_mixin.py:190} INFO - [2025-04-11T17:35:40.703+0000] {dag.py:4180} INFO - Setting next_dagrun for example_branch_datetime_operator_2 to 2025-04-10 00:00:00+00:00, run_after=2025-04-11 00:00:00+00:00
[2025-04-11T17:35:40.708+0000] {logging_mixin.py:190} INFO - [2025-04-11T17:35:40.708+0000] {dag.py:4180} INFO - Setting next_dagrun for example_branch_datetime_operator_3 to 2025-04-10 00:00:00+00:00, run_after=2025-04-11 00:00:00+00:00
[2025-04-11T17:35:40.738+0000] {processor.py:208} INFO - Processing /home/airflow/.local/lib/python3.12/site-packages/airflow/example_dags/example_branch_datetime_operator.py took 0.154 seconds
[2025-04-11T17:36:11.207+0000] {processor.py:186} INFO - Started process (PID=91827) to work on /home/airflow/.local/lib/python3.12/site-packages/airflow/example_dags/example_branch_datetime_operator.py
[2025-04-11T17:36:11.209+0000] {processor.py:914} INFO - Processing file /home/airflow/.local/lib/python3.12/site-packages/airflow/example_dags/example_branch_datetime_operator.py for tasks to queue
[2025-04-11T17:36:11.211+0000] {logging_mixin.py:190} INFO - [2025-04-11T17:36:11.210+0000] {dagbag.py:588} INFO - Filling up the DagBag from /home/airflow/.local/lib/python3.12/site-packages/airflow/example_dags/example_branch_datetime_operator.py
[2025-04-11T17:36:11.227+0000] {processor.py:925} INFO - DAG(s) 'example_branch_datetime_operator_3', 'example_branch_datetime_operator', 'example_branch_datetime_operator_2' retrieved from /home/airflow/.local/lib/python3.12/site-packages/airflow/example_dags/example_branch_datetime_operator.py
[2025-04-11T17:36:11.273+0000] {logging_mixin.py:190} INFO - [2025-04-11T17:36:11.273+0000] {dag.py:3239} INFO - Sync 3 DAGs
[2025-04-11T17:36:11.311+0000] {logging_mixin.py:190} INFO - [2025-04-11T17:36:11.310+0000] {dag.py:4180} INFO - Setting next_dagrun for example_branch_datetime_operator to 2025-04-10 00:00:00+00:00, run_after=2025-04-11 00:00:00+00:00
[2025-04-11T17:36:11.321+0000] {logging_mixin.py:190} INFO - [2025-04-11T17:36:11.320+0000] {dag.py:4180} INFO - Setting next_dagrun for example_branch_datetime_operator_2 to 2025-04-10 00:00:00+00:00, run_after=2025-04-11 00:00:00+00:00
[2025-04-11T17:36:11.326+0000] {logging_mixin.py:190} INFO - [2025-04-11T17:36:11.326+0000] {dag.py:4180} INFO - Setting next_dagrun for example_branch_datetime_operator_3 to 2025-04-10 00:00:00+00:00, run_after=2025-04-11 00:00:00+00:00
[2025-04-11T17:36:11.356+0000] {processor.py:208} INFO - Processing /home/airflow/.local/lib/python3.12/site-packages/airflow/example_dags/example_branch_datetime_operator.py took 0.156 seconds
[2025-04-11T17:36:41.655+0000] {processor.py:186} INFO - Started process (PID=91892) to work on /home/airflow/.local/lib/python3.12/site-packages/airflow/example_dags/example_branch_datetime_operator.py
[2025-04-11T17:36:41.657+0000] {processor.py:914} INFO - Processing file /home/airflow/.local/lib/python3.12/site-packages/airflow/example_dags/example_branch_datetime_operator.py for tasks to queue
[2025-04-11T17:36:41.659+0000] {logging_mixin.py:190} INFO - [2025-04-11T17:36:41.658+0000] {dagbag.py:588} INFO - Filling up the DagBag from /home/airflow/.local/lib/python3.12/site-packages/airflow/example_dags/example_branch_datetime_operator.py
[2025-04-11T17:36:41.674+0000] {processor.py:925} INFO - DAG(s) 'example_branch_datetime_operator_2', 'example_branch_datetime_operator', 'example_branch_datetime_operator_3' retrieved from /home/airflow/.local/lib/python3.12/site-packages/airflow/example_dags/example_branch_datetime_operator.py
[2025-04-11T17:36:41.714+0000] {logging_mixin.py:190} INFO - [2025-04-11T17:36:41.714+0000] {dag.py:3239} INFO - Sync 3 DAGs
[2025-04-11T17:36:41.755+0000] {logging_mixin.py:190} INFO - [2025-04-11T17:36:41.755+0000] {dag.py:4180} INFO - Setting next_dagrun for example_branch_datetime_operator to 2025-04-10 00:00:00+00:00, run_after=2025-04-11 00:00:00+00:00
[2025-04-11T17:36:41.777+0000] {logging_mixin.py:190} INFO - [2025-04-11T17:36:41.776+0000] {dag.py:4180} INFO - Setting next_dagrun for example_branch_datetime_operator_2 to 2025-04-10 00:00:00+00:00, run_after=2025-04-11 00:00:00+00:00
[2025-04-11T17:36:41.782+0000] {logging_mixin.py:190} INFO - [2025-04-11T17:36:41.782+0000] {dag.py:4180} INFO - Setting next_dagrun for example_branch_datetime_operator_3 to 2025-04-10 00:00:00+00:00, run_after=2025-04-11 00:00:00+00:00
[2025-04-11T17:36:41.816+0000] {processor.py:208} INFO - Processing /home/airflow/.local/lib/python3.12/site-packages/airflow/example_dags/example_branch_datetime_operator.py took 0.167 seconds
[2025-04-11T17:37:13.225+0000] {processor.py:186} INFO - Started process (PID=91953) to work on /home/airflow/.local/lib/python3.12/site-packages/airflow/example_dags/example_branch_datetime_operator.py
[2025-04-11T17:37:13.226+0000] {processor.py:914} INFO - Processing file /home/airflow/.local/lib/python3.12/site-packages/airflow/example_dags/example_branch_datetime_operator.py for tasks to queue
[2025-04-11T17:37:13.229+0000] {logging_mixin.py:190} INFO - [2025-04-11T17:37:13.228+0000] {dagbag.py:588} INFO - Filling up the DagBag from /home/airflow/.local/lib/python3.12/site-packages/airflow/example_dags/example_branch_datetime_operator.py
[2025-04-11T17:37:13.251+0000] {processor.py:925} INFO - DAG(s) 'example_branch_datetime_operator_2', 'example_branch_datetime_operator', 'example_branch_datetime_operator_3' retrieved from /home/airflow/.local/lib/python3.12/site-packages/airflow/example_dags/example_branch_datetime_operator.py
[2025-04-11T17:37:13.301+0000] {logging_mixin.py:190} INFO - [2025-04-11T17:37:13.301+0000] {dag.py:3239} INFO - Sync 3 DAGs
[2025-04-11T17:37:13.360+0000] {logging_mixin.py:190} INFO - [2025-04-11T17:37:13.359+0000] {dag.py:4180} INFO - Setting next_dagrun for example_branch_datetime_operator to 2025-04-10 00:00:00+00:00, run_after=2025-04-11 00:00:00+00:00
[2025-04-11T17:37:13.370+0000] {logging_mixin.py:190} INFO - [2025-04-11T17:37:13.370+0000] {dag.py:4180} INFO - Setting next_dagrun for example_branch_datetime_operator_2 to 2025-04-10 00:00:00+00:00, run_after=2025-04-11 00:00:00+00:00
[2025-04-11T17:37:13.375+0000] {logging_mixin.py:190} INFO - [2025-04-11T17:37:13.375+0000] {dag.py:4180} INFO - Setting next_dagrun for example_branch_datetime_operator_3 to 2025-04-10 00:00:00+00:00, run_after=2025-04-11 00:00:00+00:00
[2025-04-11T17:37:13.407+0000] {processor.py:208} INFO - Processing /home/airflow/.local/lib/python3.12/site-packages/airflow/example_dags/example_branch_datetime_operator.py took 0.190 seconds
[2025-04-11T17:37:44.012+0000] {processor.py:186} INFO - Started process (PID=92018) to work on /home/airflow/.local/lib/python3.12/site-packages/airflow/example_dags/example_branch_datetime_operator.py
[2025-04-11T17:37:44.014+0000] {processor.py:914} INFO - Processing file /home/airflow/.local/lib/python3.12/site-packages/airflow/example_dags/example_branch_datetime_operator.py for tasks to queue
[2025-04-11T17:37:44.016+0000] {logging_mixin.py:190} INFO - [2025-04-11T17:37:44.015+0000] {dagbag.py:588} INFO - Filling up the DagBag from /home/airflow/.local/lib/python3.12/site-packages/airflow/example_dags/example_branch_datetime_operator.py
[2025-04-11T17:37:44.030+0000] {processor.py:925} INFO - DAG(s) 'example_branch_datetime_operator_3', 'example_branch_datetime_operator', 'example_branch_datetime_operator_2' retrieved from /home/airflow/.local/lib/python3.12/site-packages/airflow/example_dags/example_branch_datetime_operator.py
[2025-04-11T17:37:44.072+0000] {logging_mixin.py:190} INFO - [2025-04-11T17:37:44.072+0000] {dag.py:3239} INFO - Sync 3 DAGs
[2025-04-11T17:37:44.115+0000] {logging_mixin.py:190} INFO - [2025-04-11T17:37:44.115+0000] {dag.py:4180} INFO - Setting next_dagrun for example_branch_datetime_operator to 2025-04-10 00:00:00+00:00, run_after=2025-04-11 00:00:00+00:00
[2025-04-11T17:37:44.123+0000] {logging_mixin.py:190} INFO - [2025-04-11T17:37:44.123+0000] {dag.py:4180} INFO - Setting next_dagrun for example_branch_datetime_operator_2 to 2025-04-10 00:00:00+00:00, run_after=2025-04-11 00:00:00+00:00
[2025-04-11T17:37:44.128+0000] {logging_mixin.py:190} INFO - [2025-04-11T17:37:44.128+0000] {dag.py:4180} INFO - Setting next_dagrun for example_branch_datetime_operator_3 to 2025-04-10 00:00:00+00:00, run_after=2025-04-11 00:00:00+00:00
[2025-04-11T17:37:44.158+0000] {processor.py:208} INFO - Processing /home/airflow/.local/lib/python3.12/site-packages/airflow/example_dags/example_branch_datetime_operator.py took 0.153 seconds
[2025-04-11T17:38:14.654+0000] {processor.py:186} INFO - Started process (PID=92088) to work on /home/airflow/.local/lib/python3.12/site-packages/airflow/example_dags/example_branch_datetime_operator.py
[2025-04-11T17:38:14.656+0000] {processor.py:914} INFO - Processing file /home/airflow/.local/lib/python3.12/site-packages/airflow/example_dags/example_branch_datetime_operator.py for tasks to queue
[2025-04-11T17:38:14.658+0000] {logging_mixin.py:190} INFO - [2025-04-11T17:38:14.658+0000] {dagbag.py:588} INFO - Filling up the DagBag from /home/airflow/.local/lib/python3.12/site-packages/airflow/example_dags/example_branch_datetime_operator.py
[2025-04-11T17:38:14.680+0000] {processor.py:925} INFO - DAG(s) 'example_branch_datetime_operator_3', 'example_branch_datetime_operator', 'example_branch_datetime_operator_2' retrieved from /home/airflow/.local/lib/python3.12/site-packages/airflow/example_dags/example_branch_datetime_operator.py
[2025-04-11T17:38:14.727+0000] {logging_mixin.py:190} INFO - [2025-04-11T17:38:14.727+0000] {dag.py:3239} INFO - Sync 3 DAGs
[2025-04-11T17:38:14.772+0000] {logging_mixin.py:190} INFO - [2025-04-11T17:38:14.772+0000] {dag.py:4180} INFO - Setting next_dagrun for example_branch_datetime_operator to 2025-04-10 00:00:00+00:00, run_after=2025-04-11 00:00:00+00:00
[2025-04-11T17:38:14.781+0000] {logging_mixin.py:190} INFO - [2025-04-11T17:38:14.781+0000] {dag.py:4180} INFO - Setting next_dagrun for example_branch_datetime_operator_2 to 2025-04-10 00:00:00+00:00, run_after=2025-04-11 00:00:00+00:00
[2025-04-11T17:38:14.785+0000] {logging_mixin.py:190} INFO - [2025-04-11T17:38:14.785+0000] {dag.py:4180} INFO - Setting next_dagrun for example_branch_datetime_operator_3 to 2025-04-10 00:00:00+00:00, run_after=2025-04-11 00:00:00+00:00
[2025-04-11T17:38:14.822+0000] {processor.py:208} INFO - Processing /home/airflow/.local/lib/python3.12/site-packages/airflow/example_dags/example_branch_datetime_operator.py took 0.176 seconds
[2025-04-11T17:38:44.986+0000] {processor.py:186} INFO - Started process (PID=92151) to work on /home/airflow/.local/lib/python3.12/site-packages/airflow/example_dags/example_branch_datetime_operator.py
[2025-04-11T17:38:44.987+0000] {processor.py:914} INFO - Processing file /home/airflow/.local/lib/python3.12/site-packages/airflow/example_dags/example_branch_datetime_operator.py for tasks to queue
[2025-04-11T17:38:44.990+0000] {logging_mixin.py:190} INFO - [2025-04-11T17:38:44.989+0000] {dagbag.py:588} INFO - Filling up the DagBag from /home/airflow/.local/lib/python3.12/site-packages/airflow/example_dags/example_branch_datetime_operator.py
[2025-04-11T17:38:45.016+0000] {processor.py:925} INFO - DAG(s) 'example_branch_datetime_operator_2', 'example_branch_datetime_operator', 'example_branch_datetime_operator_3' retrieved from /home/airflow/.local/lib/python3.12/site-packages/airflow/example_dags/example_branch_datetime_operator.py
[2025-04-11T17:38:45.065+0000] {logging_mixin.py:190} INFO - [2025-04-11T17:38:45.065+0000] {dag.py:3239} INFO - Sync 3 DAGs
[2025-04-11T17:38:45.104+0000] {logging_mixin.py:190} INFO - [2025-04-11T17:38:45.104+0000] {dag.py:4180} INFO - Setting next_dagrun for example_branch_datetime_operator to 2025-04-10 00:00:00+00:00, run_after=2025-04-11 00:00:00+00:00
[2025-04-11T17:38:45.112+0000] {logging_mixin.py:190} INFO - [2025-04-11T17:38:45.111+0000] {dag.py:4180} INFO - Setting next_dagrun for example_branch_datetime_operator_2 to 2025-04-10 00:00:00+00:00, run_after=2025-04-11 00:00:00+00:00
[2025-04-11T17:38:45.116+0000] {logging_mixin.py:190} INFO - [2025-04-11T17:38:45.116+0000] {dag.py:4180} INFO - Setting next_dagrun for example_branch_datetime_operator_3 to 2025-04-10 00:00:00+00:00, run_after=2025-04-11 00:00:00+00:00
[2025-04-11T17:38:45.148+0000] {processor.py:208} INFO - Processing /home/airflow/.local/lib/python3.12/site-packages/airflow/example_dags/example_branch_datetime_operator.py took 0.174 seconds
[2025-04-11T17:39:15.403+0000] {processor.py:186} INFO - Started process (PID=92217) to work on /home/airflow/.local/lib/python3.12/site-packages/airflow/example_dags/example_branch_datetime_operator.py
[2025-04-11T17:39:15.404+0000] {processor.py:914} INFO - Processing file /home/airflow/.local/lib/python3.12/site-packages/airflow/example_dags/example_branch_datetime_operator.py for tasks to queue
[2025-04-11T17:39:15.408+0000] {logging_mixin.py:190} INFO - [2025-04-11T17:39:15.407+0000] {dagbag.py:588} INFO - Filling up the DagBag from /home/airflow/.local/lib/python3.12/site-packages/airflow/example_dags/example_branch_datetime_operator.py
[2025-04-11T17:39:15.425+0000] {processor.py:925} INFO - DAG(s) 'example_branch_datetime_operator', 'example_branch_datetime_operator_3', 'example_branch_datetime_operator_2' retrieved from /home/airflow/.local/lib/python3.12/site-packages/airflow/example_dags/example_branch_datetime_operator.py
[2025-04-11T17:39:15.473+0000] {logging_mixin.py:190} INFO - [2025-04-11T17:39:15.473+0000] {dag.py:3239} INFO - Sync 3 DAGs
[2025-04-11T17:39:15.516+0000] {logging_mixin.py:190} INFO - [2025-04-11T17:39:15.515+0000] {dag.py:4180} INFO - Setting next_dagrun for example_branch_datetime_operator to 2025-04-10 00:00:00+00:00, run_after=2025-04-11 00:00:00+00:00
[2025-04-11T17:39:15.525+0000] {logging_mixin.py:190} INFO - [2025-04-11T17:39:15.525+0000] {dag.py:4180} INFO - Setting next_dagrun for example_branch_datetime_operator_2 to 2025-04-10 00:00:00+00:00, run_after=2025-04-11 00:00:00+00:00
[2025-04-11T17:39:15.530+0000] {logging_mixin.py:190} INFO - [2025-04-11T17:39:15.530+0000] {dag.py:4180} INFO - Setting next_dagrun for example_branch_datetime_operator_3 to 2025-04-10 00:00:00+00:00, run_after=2025-04-11 00:00:00+00:00
[2025-04-11T17:39:15.562+0000] {processor.py:208} INFO - Processing /home/airflow/.local/lib/python3.12/site-packages/airflow/example_dags/example_branch_datetime_operator.py took 0.167 seconds
[2025-04-11T17:39:45.948+0000] {processor.py:186} INFO - Started process (PID=92283) to work on /home/airflow/.local/lib/python3.12/site-packages/airflow/example_dags/example_branch_datetime_operator.py
[2025-04-11T17:39:45.950+0000] {processor.py:914} INFO - Processing file /home/airflow/.local/lib/python3.12/site-packages/airflow/example_dags/example_branch_datetime_operator.py for tasks to queue
[2025-04-11T17:39:45.952+0000] {logging_mixin.py:190} INFO - [2025-04-11T17:39:45.951+0000] {dagbag.py:588} INFO - Filling up the DagBag from /home/airflow/.local/lib/python3.12/site-packages/airflow/example_dags/example_branch_datetime_operator.py
[2025-04-11T17:39:45.973+0000] {processor.py:925} INFO - DAG(s) 'example_branch_datetime_operator_2', 'example_branch_datetime_operator_3', 'example_branch_datetime_operator' retrieved from /home/airflow/.local/lib/python3.12/site-packages/airflow/example_dags/example_branch_datetime_operator.py
[2025-04-11T17:39:46.031+0000] {logging_mixin.py:190} INFO - [2025-04-11T17:39:46.031+0000] {dag.py:3239} INFO - Sync 3 DAGs
[2025-04-11T17:39:46.071+0000] {logging_mixin.py:190} INFO - [2025-04-11T17:39:46.071+0000] {dag.py:4180} INFO - Setting next_dagrun for example_branch_datetime_operator to 2025-04-10 00:00:00+00:00, run_after=2025-04-11 00:00:00+00:00
[2025-04-11T17:39:46.080+0000] {logging_mixin.py:190} INFO - [2025-04-11T17:39:46.079+0000] {dag.py:4180} INFO - Setting next_dagrun for example_branch_datetime_operator_2 to 2025-04-10 00:00:00+00:00, run_after=2025-04-11 00:00:00+00:00
[2025-04-11T17:39:46.084+0000] {logging_mixin.py:190} INFO - [2025-04-11T17:39:46.084+0000] {dag.py:4180} INFO - Setting next_dagrun for example_branch_datetime_operator_3 to 2025-04-10 00:00:00+00:00, run_after=2025-04-11 00:00:00+00:00
[2025-04-11T17:39:46.112+0000] {processor.py:208} INFO - Processing /home/airflow/.local/lib/python3.12/site-packages/airflow/example_dags/example_branch_datetime_operator.py took 0.172 seconds
[2025-04-11T17:40:16.335+0000] {processor.py:186} INFO - Started process (PID=92346) to work on /home/airflow/.local/lib/python3.12/site-packages/airflow/example_dags/example_branch_datetime_operator.py
[2025-04-11T17:40:16.337+0000] {processor.py:914} INFO - Processing file /home/airflow/.local/lib/python3.12/site-packages/airflow/example_dags/example_branch_datetime_operator.py for tasks to queue
[2025-04-11T17:40:16.339+0000] {logging_mixin.py:190} INFO - [2025-04-11T17:40:16.339+0000] {dagbag.py:588} INFO - Filling up the DagBag from /home/airflow/.local/lib/python3.12/site-packages/airflow/example_dags/example_branch_datetime_operator.py
[2025-04-11T17:40:16.354+0000] {processor.py:925} INFO - DAG(s) 'example_branch_datetime_operator_3', 'example_branch_datetime_operator_2', 'example_branch_datetime_operator' retrieved from /home/airflow/.local/lib/python3.12/site-packages/airflow/example_dags/example_branch_datetime_operator.py
[2025-04-11T17:40:16.394+0000] {logging_mixin.py:190} INFO - [2025-04-11T17:40:16.394+0000] {dag.py:3239} INFO - Sync 3 DAGs
[2025-04-11T17:40:16.430+0000] {logging_mixin.py:190} INFO - [2025-04-11T17:40:16.429+0000] {dag.py:4180} INFO - Setting next_dagrun for example_branch_datetime_operator to 2025-04-10 00:00:00+00:00, run_after=2025-04-11 00:00:00+00:00
[2025-04-11T17:40:16.437+0000] {logging_mixin.py:190} INFO - [2025-04-11T17:40:16.437+0000] {dag.py:4180} INFO - Setting next_dagrun for example_branch_datetime_operator_2 to 2025-04-10 00:00:00+00:00, run_after=2025-04-11 00:00:00+00:00
[2025-04-11T17:40:16.441+0000] {logging_mixin.py:190} INFO - [2025-04-11T17:40:16.441+0000] {dag.py:4180} INFO - Setting next_dagrun for example_branch_datetime_operator_3 to 2025-04-10 00:00:00+00:00, run_after=2025-04-11 00:00:00+00:00
[2025-04-11T17:40:16.467+0000] {processor.py:208} INFO - Processing /home/airflow/.local/lib/python3.12/site-packages/airflow/example_dags/example_branch_datetime_operator.py took 0.142 seconds
[2025-04-11T17:40:46.729+0000] {processor.py:186} INFO - Started process (PID=92410) to work on /home/airflow/.local/lib/python3.12/site-packages/airflow/example_dags/example_branch_datetime_operator.py
[2025-04-11T17:40:46.734+0000] {processor.py:914} INFO - Processing file /home/airflow/.local/lib/python3.12/site-packages/airflow/example_dags/example_branch_datetime_operator.py for tasks to queue
[2025-04-11T17:40:46.736+0000] {logging_mixin.py:190} INFO - [2025-04-11T17:40:46.736+0000] {dagbag.py:588} INFO - Filling up the DagBag from /home/airflow/.local/lib/python3.12/site-packages/airflow/example_dags/example_branch_datetime_operator.py
[2025-04-11T17:40:46.759+0000] {processor.py:925} INFO - DAG(s) 'example_branch_datetime_operator_3', 'example_branch_datetime_operator', 'example_branch_datetime_operator_2' retrieved from /home/airflow/.local/lib/python3.12/site-packages/airflow/example_dags/example_branch_datetime_operator.py
[2025-04-11T17:40:46.800+0000] {logging_mixin.py:190} INFO - [2025-04-11T17:40:46.799+0000] {dag.py:3239} INFO - Sync 3 DAGs
[2025-04-11T17:40:46.838+0000] {logging_mixin.py:190} INFO - [2025-04-11T17:40:46.837+0000] {dag.py:4180} INFO - Setting next_dagrun for example_branch_datetime_operator to 2025-04-10 00:00:00+00:00, run_after=2025-04-11 00:00:00+00:00
[2025-04-11T17:40:46.846+0000] {logging_mixin.py:190} INFO - [2025-04-11T17:40:46.846+0000] {dag.py:4180} INFO - Setting next_dagrun for example_branch_datetime_operator_2 to 2025-04-10 00:00:00+00:00, run_after=2025-04-11 00:00:00+00:00
[2025-04-11T17:40:46.850+0000] {logging_mixin.py:190} INFO - [2025-04-11T17:40:46.850+0000] {dag.py:4180} INFO - Setting next_dagrun for example_branch_datetime_operator_3 to 2025-04-10 00:00:00+00:00, run_after=2025-04-11 00:00:00+00:00
[2025-04-11T17:40:46.898+0000] {processor.py:208} INFO - Processing /home/airflow/.local/lib/python3.12/site-packages/airflow/example_dags/example_branch_datetime_operator.py took 0.180 seconds
[2025-04-11T17:41:17.339+0000] {processor.py:186} INFO - Started process (PID=92475) to work on /home/airflow/.local/lib/python3.12/site-packages/airflow/example_dags/example_branch_datetime_operator.py
[2025-04-11T17:41:17.341+0000] {processor.py:914} INFO - Processing file /home/airflow/.local/lib/python3.12/site-packages/airflow/example_dags/example_branch_datetime_operator.py for tasks to queue
[2025-04-11T17:41:17.343+0000] {logging_mixin.py:190} INFO - [2025-04-11T17:41:17.343+0000] {dagbag.py:588} INFO - Filling up the DagBag from /home/airflow/.local/lib/python3.12/site-packages/airflow/example_dags/example_branch_datetime_operator.py
[2025-04-11T17:41:17.362+0000] {processor.py:925} INFO - DAG(s) 'example_branch_datetime_operator', 'example_branch_datetime_operator_3', 'example_branch_datetime_operator_2' retrieved from /home/airflow/.local/lib/python3.12/site-packages/airflow/example_dags/example_branch_datetime_operator.py
[2025-04-11T17:41:17.402+0000] {logging_mixin.py:190} INFO - [2025-04-11T17:41:17.402+0000] {dag.py:3239} INFO - Sync 3 DAGs
[2025-04-11T17:41:17.440+0000] {logging_mixin.py:190} INFO - [2025-04-11T17:41:17.439+0000] {dag.py:4180} INFO - Setting next_dagrun for example_branch_datetime_operator to 2025-04-10 00:00:00+00:00, run_after=2025-04-11 00:00:00+00:00
[2025-04-11T17:41:17.446+0000] {logging_mixin.py:190} INFO - [2025-04-11T17:41:17.446+0000] {dag.py:4180} INFO - Setting next_dagrun for example_branch_datetime_operator_2 to 2025-04-10 00:00:00+00:00, run_after=2025-04-11 00:00:00+00:00
[2025-04-11T17:41:17.450+0000] {logging_mixin.py:190} INFO - [2025-04-11T17:41:17.450+0000] {dag.py:4180} INFO - Setting next_dagrun for example_branch_datetime_operator_3 to 2025-04-10 00:00:00+00:00, run_after=2025-04-11 00:00:00+00:00
[2025-04-11T17:41:17.480+0000] {processor.py:208} INFO - Processing /home/airflow/.local/lib/python3.12/site-packages/airflow/example_dags/example_branch_datetime_operator.py took 0.147 seconds
[2025-04-11T17:41:47.609+0000] {processor.py:186} INFO - Started process (PID=92539) to work on /home/airflow/.local/lib/python3.12/site-packages/airflow/example_dags/example_branch_datetime_operator.py
[2025-04-11T17:41:47.611+0000] {processor.py:914} INFO - Processing file /home/airflow/.local/lib/python3.12/site-packages/airflow/example_dags/example_branch_datetime_operator.py for tasks to queue
[2025-04-11T17:41:47.614+0000] {logging_mixin.py:190} INFO - [2025-04-11T17:41:47.613+0000] {dagbag.py:588} INFO - Filling up the DagBag from /home/airflow/.local/lib/python3.12/site-packages/airflow/example_dags/example_branch_datetime_operator.py
[2025-04-11T17:41:47.637+0000] {processor.py:925} INFO - DAG(s) 'example_branch_datetime_operator_3', 'example_branch_datetime_operator', 'example_branch_datetime_operator_2' retrieved from /home/airflow/.local/lib/python3.12/site-packages/airflow/example_dags/example_branch_datetime_operator.py
[2025-04-11T17:41:47.684+0000] {logging_mixin.py:190} INFO - [2025-04-11T17:41:47.684+0000] {dag.py:3239} INFO - Sync 3 DAGs
[2025-04-11T17:41:47.728+0000] {logging_mixin.py:190} INFO - [2025-04-11T17:41:47.727+0000] {dag.py:4180} INFO - Setting next_dagrun for example_branch_datetime_operator to 2025-04-10 00:00:00+00:00, run_after=2025-04-11 00:00:00+00:00
[2025-04-11T17:41:48.012+0000] {logging_mixin.py:190} INFO - [2025-04-11T17:41:48.012+0000] {dag.py:4180} INFO - Setting next_dagrun for example_branch_datetime_operator_2 to 2025-04-10 00:00:00+00:00, run_after=2025-04-11 00:00:00+00:00
[2025-04-11T17:41:48.017+0000] {logging_mixin.py:190} INFO - [2025-04-11T17:41:48.017+0000] {dag.py:4180} INFO - Setting next_dagrun for example_branch_datetime_operator_3 to 2025-04-10 00:00:00+00:00, run_after=2025-04-11 00:00:00+00:00
[2025-04-11T17:41:48.045+0000] {processor.py:208} INFO - Processing /home/airflow/.local/lib/python3.12/site-packages/airflow/example_dags/example_branch_datetime_operator.py took 0.444 seconds
[2025-04-11T17:42:18.225+0000] {processor.py:186} INFO - Started process (PID=92603) to work on /home/airflow/.local/lib/python3.12/site-packages/airflow/example_dags/example_branch_datetime_operator.py
[2025-04-11T17:42:18.227+0000] {processor.py:914} INFO - Processing file /home/airflow/.local/lib/python3.12/site-packages/airflow/example_dags/example_branch_datetime_operator.py for tasks to queue
[2025-04-11T17:42:18.229+0000] {logging_mixin.py:190} INFO - [2025-04-11T17:42:18.228+0000] {dagbag.py:588} INFO - Filling up the DagBag from /home/airflow/.local/lib/python3.12/site-packages/airflow/example_dags/example_branch_datetime_operator.py
[2025-04-11T17:42:18.246+0000] {processor.py:925} INFO - DAG(s) 'example_branch_datetime_operator', 'example_branch_datetime_operator_2', 'example_branch_datetime_operator_3' retrieved from /home/airflow/.local/lib/python3.12/site-packages/airflow/example_dags/example_branch_datetime_operator.py
[2025-04-11T17:42:18.287+0000] {logging_mixin.py:190} INFO - [2025-04-11T17:42:18.287+0000] {dag.py:3239} INFO - Sync 3 DAGs
[2025-04-11T17:42:18.331+0000] {logging_mixin.py:190} INFO - [2025-04-11T17:42:18.331+0000] {dag.py:4180} INFO - Setting next_dagrun for example_branch_datetime_operator to 2025-04-10 00:00:00+00:00, run_after=2025-04-11 00:00:00+00:00
[2025-04-11T17:42:18.340+0000] {logging_mixin.py:190} INFO - [2025-04-11T17:42:18.339+0000] {dag.py:4180} INFO - Setting next_dagrun for example_branch_datetime_operator_2 to 2025-04-10 00:00:00+00:00, run_after=2025-04-11 00:00:00+00:00
[2025-04-11T17:42:18.346+0000] {logging_mixin.py:190} INFO - [2025-04-11T17:42:18.345+0000] {dag.py:4180} INFO - Setting next_dagrun for example_branch_datetime_operator_3 to 2025-04-10 00:00:00+00:00, run_after=2025-04-11 00:00:00+00:00
[2025-04-11T17:42:18.380+0000] {processor.py:208} INFO - Processing /home/airflow/.local/lib/python3.12/site-packages/airflow/example_dags/example_branch_datetime_operator.py took 0.163 seconds
[2025-04-11T17:42:49.254+0000] {processor.py:186} INFO - Started process (PID=92668) to work on /home/airflow/.local/lib/python3.12/site-packages/airflow/example_dags/example_branch_datetime_operator.py
[2025-04-11T17:42:49.257+0000] {processor.py:914} INFO - Processing file /home/airflow/.local/lib/python3.12/site-packages/airflow/example_dags/example_branch_datetime_operator.py for tasks to queue
[2025-04-11T17:42:49.260+0000] {logging_mixin.py:190} INFO - [2025-04-11T17:42:49.259+0000] {dagbag.py:588} INFO - Filling up the DagBag from /home/airflow/.local/lib/python3.12/site-packages/airflow/example_dags/example_branch_datetime_operator.py
[2025-04-11T17:42:49.285+0000] {processor.py:925} INFO - DAG(s) 'example_branch_datetime_operator_3', 'example_branch_datetime_operator_2', 'example_branch_datetime_operator' retrieved from /home/airflow/.local/lib/python3.12/site-packages/airflow/example_dags/example_branch_datetime_operator.py
[2025-04-11T17:42:49.330+0000] {logging_mixin.py:190} INFO - [2025-04-11T17:42:49.329+0000] {dag.py:3239} INFO - Sync 3 DAGs
[2025-04-11T17:42:49.372+0000] {logging_mixin.py:190} INFO - [2025-04-11T17:42:49.371+0000] {dag.py:4180} INFO - Setting next_dagrun for example_branch_datetime_operator to 2025-04-10 00:00:00+00:00, run_after=2025-04-11 00:00:00+00:00
[2025-04-11T17:42:49.379+0000] {logging_mixin.py:190} INFO - [2025-04-11T17:42:49.379+0000] {dag.py:4180} INFO - Setting next_dagrun for example_branch_datetime_operator_2 to 2025-04-10 00:00:00+00:00, run_after=2025-04-11 00:00:00+00:00
[2025-04-11T17:42:49.384+0000] {logging_mixin.py:190} INFO - [2025-04-11T17:42:49.384+0000] {dag.py:4180} INFO - Setting next_dagrun for example_branch_datetime_operator_3 to 2025-04-10 00:00:00+00:00, run_after=2025-04-11 00:00:00+00:00
[2025-04-11T17:42:49.417+0000] {processor.py:208} INFO - Processing /home/airflow/.local/lib/python3.12/site-packages/airflow/example_dags/example_branch_datetime_operator.py took 0.174 seconds
[2025-04-11T17:43:19.752+0000] {processor.py:186} INFO - Started process (PID=92733) to work on /home/airflow/.local/lib/python3.12/site-packages/airflow/example_dags/example_branch_datetime_operator.py
[2025-04-11T17:43:19.753+0000] {processor.py:914} INFO - Processing file /home/airflow/.local/lib/python3.12/site-packages/airflow/example_dags/example_branch_datetime_operator.py for tasks to queue
[2025-04-11T17:43:19.755+0000] {logging_mixin.py:190} INFO - [2025-04-11T17:43:19.755+0000] {dagbag.py:588} INFO - Filling up the DagBag from /home/airflow/.local/lib/python3.12/site-packages/airflow/example_dags/example_branch_datetime_operator.py
[2025-04-11T17:43:19.777+0000] {processor.py:925} INFO - DAG(s) 'example_branch_datetime_operator', 'example_branch_datetime_operator_2', 'example_branch_datetime_operator_3' retrieved from /home/airflow/.local/lib/python3.12/site-packages/airflow/example_dags/example_branch_datetime_operator.py
[2025-04-11T17:43:19.819+0000] {logging_mixin.py:190} INFO - [2025-04-11T17:43:19.818+0000] {dag.py:3239} INFO - Sync 3 DAGs
[2025-04-11T17:43:19.857+0000] {logging_mixin.py:190} INFO - [2025-04-11T17:43:19.856+0000] {dag.py:4180} INFO - Setting next_dagrun for example_branch_datetime_operator to 2025-04-10 00:00:00+00:00, run_after=2025-04-11 00:00:00+00:00
[2025-04-11T17:43:19.864+0000] {logging_mixin.py:190} INFO - [2025-04-11T17:43:19.864+0000] {dag.py:4180} INFO - Setting next_dagrun for example_branch_datetime_operator_2 to 2025-04-10 00:00:00+00:00, run_after=2025-04-11 00:00:00+00:00
[2025-04-11T17:43:19.869+0000] {logging_mixin.py:190} INFO - [2025-04-11T17:43:19.868+0000] {dag.py:4180} INFO - Setting next_dagrun for example_branch_datetime_operator_3 to 2025-04-10 00:00:00+00:00, run_after=2025-04-11 00:00:00+00:00
[2025-04-11T17:43:19.897+0000] {processor.py:208} INFO - Processing /home/airflow/.local/lib/python3.12/site-packages/airflow/example_dags/example_branch_datetime_operator.py took 0.154 seconds
[2025-04-11T17:43:50.270+0000] {processor.py:186} INFO - Started process (PID=92798) to work on /home/airflow/.local/lib/python3.12/site-packages/airflow/example_dags/example_branch_datetime_operator.py
[2025-04-11T17:43:50.272+0000] {processor.py:914} INFO - Processing file /home/airflow/.local/lib/python3.12/site-packages/airflow/example_dags/example_branch_datetime_operator.py for tasks to queue
[2025-04-11T17:43:50.274+0000] {logging_mixin.py:190} INFO - [2025-04-11T17:43:50.274+0000] {dagbag.py:588} INFO - Filling up the DagBag from /home/airflow/.local/lib/python3.12/site-packages/airflow/example_dags/example_branch_datetime_operator.py
[2025-04-11T17:43:50.291+0000] {processor.py:925} INFO - DAG(s) 'example_branch_datetime_operator_3', 'example_branch_datetime_operator_2', 'example_branch_datetime_operator' retrieved from /home/airflow/.local/lib/python3.12/site-packages/airflow/example_dags/example_branch_datetime_operator.py
[2025-04-11T17:43:50.339+0000] {logging_mixin.py:190} INFO - [2025-04-11T17:43:50.338+0000] {dag.py:3239} INFO - Sync 3 DAGs
[2025-04-11T17:43:50.376+0000] {logging_mixin.py:190} INFO - [2025-04-11T17:43:50.376+0000] {dag.py:4180} INFO - Setting next_dagrun for example_branch_datetime_operator to 2025-04-10 00:00:00+00:00, run_after=2025-04-11 00:00:00+00:00
[2025-04-11T17:43:50.384+0000] {logging_mixin.py:190} INFO - [2025-04-11T17:43:50.383+0000] {dag.py:4180} INFO - Setting next_dagrun for example_branch_datetime_operator_2 to 2025-04-10 00:00:00+00:00, run_after=2025-04-11 00:00:00+00:00
[2025-04-11T17:43:50.389+0000] {logging_mixin.py:190} INFO - [2025-04-11T17:43:50.388+0000] {dag.py:4180} INFO - Setting next_dagrun for example_branch_datetime_operator_3 to 2025-04-10 00:00:00+00:00, run_after=2025-04-11 00:00:00+00:00
[2025-04-11T17:43:50.420+0000] {processor.py:208} INFO - Processing /home/airflow/.local/lib/python3.12/site-packages/airflow/example_dags/example_branch_datetime_operator.py took 0.161 seconds
[2025-04-11T17:44:20.841+0000] {processor.py:186} INFO - Started process (PID=92863) to work on /home/airflow/.local/lib/python3.12/site-packages/airflow/example_dags/example_branch_datetime_operator.py
[2025-04-11T17:44:20.843+0000] {processor.py:914} INFO - Processing file /home/airflow/.local/lib/python3.12/site-packages/airflow/example_dags/example_branch_datetime_operator.py for tasks to queue
[2025-04-11T17:44:20.845+0000] {logging_mixin.py:190} INFO - [2025-04-11T17:44:20.845+0000] {dagbag.py:588} INFO - Filling up the DagBag from /home/airflow/.local/lib/python3.12/site-packages/airflow/example_dags/example_branch_datetime_operator.py
[2025-04-11T17:44:20.862+0000] {processor.py:925} INFO - DAG(s) 'example_branch_datetime_operator_2', 'example_branch_datetime_operator', 'example_branch_datetime_operator_3' retrieved from /home/airflow/.local/lib/python3.12/site-packages/airflow/example_dags/example_branch_datetime_operator.py
[2025-04-11T17:44:20.905+0000] {logging_mixin.py:190} INFO - [2025-04-11T17:44:20.904+0000] {dag.py:3239} INFO - Sync 3 DAGs
[2025-04-11T17:44:20.939+0000] {logging_mixin.py:190} INFO - [2025-04-11T17:44:20.939+0000] {dag.py:4180} INFO - Setting next_dagrun for example_branch_datetime_operator to 2025-04-10 00:00:00+00:00, run_after=2025-04-11 00:00:00+00:00
[2025-04-11T17:44:20.947+0000] {logging_mixin.py:190} INFO - [2025-04-11T17:44:20.947+0000] {dag.py:4180} INFO - Setting next_dagrun for example_branch_datetime_operator_2 to 2025-04-10 00:00:00+00:00, run_after=2025-04-11 00:00:00+00:00
[2025-04-11T17:44:20.952+0000] {logging_mixin.py:190} INFO - [2025-04-11T17:44:20.951+0000] {dag.py:4180} INFO - Setting next_dagrun for example_branch_datetime_operator_3 to 2025-04-10 00:00:00+00:00, run_after=2025-04-11 00:00:00+00:00
[2025-04-11T17:44:20.982+0000] {processor.py:208} INFO - Processing /home/airflow/.local/lib/python3.12/site-packages/airflow/example_dags/example_branch_datetime_operator.py took 0.151 seconds
[2025-04-11T17:44:51.209+0000] {processor.py:186} INFO - Started process (PID=92928) to work on /home/airflow/.local/lib/python3.12/site-packages/airflow/example_dags/example_branch_datetime_operator.py
[2025-04-11T17:44:51.210+0000] {processor.py:914} INFO - Processing file /home/airflow/.local/lib/python3.12/site-packages/airflow/example_dags/example_branch_datetime_operator.py for tasks to queue
[2025-04-11T17:44:51.212+0000] {logging_mixin.py:190} INFO - [2025-04-11T17:44:51.211+0000] {dagbag.py:588} INFO - Filling up the DagBag from /home/airflow/.local/lib/python3.12/site-packages/airflow/example_dags/example_branch_datetime_operator.py
[2025-04-11T17:44:51.229+0000] {processor.py:925} INFO - DAG(s) 'example_branch_datetime_operator_3', 'example_branch_datetime_operator', 'example_branch_datetime_operator_2' retrieved from /home/airflow/.local/lib/python3.12/site-packages/airflow/example_dags/example_branch_datetime_operator.py
[2025-04-11T17:44:51.271+0000] {logging_mixin.py:190} INFO - [2025-04-11T17:44:51.271+0000] {dag.py:3239} INFO - Sync 3 DAGs
[2025-04-11T17:44:51.310+0000] {logging_mixin.py:190} INFO - [2025-04-11T17:44:51.310+0000] {dag.py:4180} INFO - Setting next_dagrun for example_branch_datetime_operator to 2025-04-10 00:00:00+00:00, run_after=2025-04-11 00:00:00+00:00
[2025-04-11T17:44:51.319+0000] {logging_mixin.py:190} INFO - [2025-04-11T17:44:51.319+0000] {dag.py:4180} INFO - Setting next_dagrun for example_branch_datetime_operator_2 to 2025-04-10 00:00:00+00:00, run_after=2025-04-11 00:00:00+00:00
[2025-04-11T17:44:51.324+0000] {logging_mixin.py:190} INFO - [2025-04-11T17:44:51.324+0000] {dag.py:4180} INFO - Setting next_dagrun for example_branch_datetime_operator_3 to 2025-04-10 00:00:00+00:00, run_after=2025-04-11 00:00:00+00:00
[2025-04-11T17:44:51.350+0000] {processor.py:208} INFO - Processing /home/airflow/.local/lib/python3.12/site-packages/airflow/example_dags/example_branch_datetime_operator.py took 0.149 seconds
[2025-04-11T17:45:21.886+0000] {processor.py:186} INFO - Started process (PID=92993) to work on /home/airflow/.local/lib/python3.12/site-packages/airflow/example_dags/example_branch_datetime_operator.py
[2025-04-11T17:45:21.887+0000] {processor.py:914} INFO - Processing file /home/airflow/.local/lib/python3.12/site-packages/airflow/example_dags/example_branch_datetime_operator.py for tasks to queue
[2025-04-11T17:45:21.890+0000] {logging_mixin.py:190} INFO - [2025-04-11T17:45:21.889+0000] {dagbag.py:588} INFO - Filling up the DagBag from /home/airflow/.local/lib/python3.12/site-packages/airflow/example_dags/example_branch_datetime_operator.py
[2025-04-11T17:45:21.913+0000] {processor.py:925} INFO - DAG(s) 'example_branch_datetime_operator', 'example_branch_datetime_operator_2', 'example_branch_datetime_operator_3' retrieved from /home/airflow/.local/lib/python3.12/site-packages/airflow/example_dags/example_branch_datetime_operator.py
[2025-04-11T17:45:21.964+0000] {logging_mixin.py:190} INFO - [2025-04-11T17:45:21.964+0000] {dag.py:3239} INFO - Sync 3 DAGs
[2025-04-11T17:45:22.003+0000] {logging_mixin.py:190} INFO - [2025-04-11T17:45:22.003+0000] {dag.py:4180} INFO - Setting next_dagrun for example_branch_datetime_operator to 2025-04-10 00:00:00+00:00, run_after=2025-04-11 00:00:00+00:00
[2025-04-11T17:45:22.011+0000] {logging_mixin.py:190} INFO - [2025-04-11T17:45:22.010+0000] {dag.py:4180} INFO - Setting next_dagrun for example_branch_datetime_operator_2 to 2025-04-10 00:00:00+00:00, run_after=2025-04-11 00:00:00+00:00
[2025-04-11T17:45:22.015+0000] {logging_mixin.py:190} INFO - [2025-04-11T17:45:22.015+0000] {dag.py:4180} INFO - Setting next_dagrun for example_branch_datetime_operator_3 to 2025-04-10 00:00:00+00:00, run_after=2025-04-11 00:00:00+00:00
[2025-04-11T17:45:22.046+0000] {processor.py:208} INFO - Processing /home/airflow/.local/lib/python3.12/site-packages/airflow/example_dags/example_branch_datetime_operator.py took 0.170 seconds
[2025-04-11T17:45:52.489+0000] {processor.py:186} INFO - Started process (PID=93058) to work on /home/airflow/.local/lib/python3.12/site-packages/airflow/example_dags/example_branch_datetime_operator.py
[2025-04-11T17:45:52.491+0000] {processor.py:914} INFO - Processing file /home/airflow/.local/lib/python3.12/site-packages/airflow/example_dags/example_branch_datetime_operator.py for tasks to queue
[2025-04-11T17:45:52.494+0000] {logging_mixin.py:190} INFO - [2025-04-11T17:45:52.493+0000] {dagbag.py:588} INFO - Filling up the DagBag from /home/airflow/.local/lib/python3.12/site-packages/airflow/example_dags/example_branch_datetime_operator.py
[2025-04-11T17:45:52.518+0000] {processor.py:925} INFO - DAG(s) 'example_branch_datetime_operator', 'example_branch_datetime_operator_3', 'example_branch_datetime_operator_2' retrieved from /home/airflow/.local/lib/python3.12/site-packages/airflow/example_dags/example_branch_datetime_operator.py
[2025-04-11T17:45:52.561+0000] {logging_mixin.py:190} INFO - [2025-04-11T17:45:52.561+0000] {dag.py:3239} INFO - Sync 3 DAGs
[2025-04-11T17:45:52.615+0000] {logging_mixin.py:190} INFO - [2025-04-11T17:45:52.614+0000] {dag.py:4180} INFO - Setting next_dagrun for example_branch_datetime_operator to 2025-04-10 00:00:00+00:00, run_after=2025-04-11 00:00:00+00:00
[2025-04-11T17:45:52.626+0000] {logging_mixin.py:190} INFO - [2025-04-11T17:45:52.625+0000] {dag.py:4180} INFO - Setting next_dagrun for example_branch_datetime_operator_2 to 2025-04-10 00:00:00+00:00, run_after=2025-04-11 00:00:00+00:00
[2025-04-11T17:45:52.633+0000] {logging_mixin.py:190} INFO - [2025-04-11T17:45:52.632+0000] {dag.py:4180} INFO - Setting next_dagrun for example_branch_datetime_operator_3 to 2025-04-10 00:00:00+00:00, run_after=2025-04-11 00:00:00+00:00
[2025-04-11T17:45:52.678+0000] {processor.py:208} INFO - Processing /home/airflow/.local/lib/python3.12/site-packages/airflow/example_dags/example_branch_datetime_operator.py took 0.197 seconds
[2025-04-11T17:46:22.933+0000] {processor.py:186} INFO - Started process (PID=93123) to work on /home/airflow/.local/lib/python3.12/site-packages/airflow/example_dags/example_branch_datetime_operator.py
[2025-04-11T17:46:22.935+0000] {processor.py:914} INFO - Processing file /home/airflow/.local/lib/python3.12/site-packages/airflow/example_dags/example_branch_datetime_operator.py for tasks to queue
[2025-04-11T17:46:22.937+0000] {logging_mixin.py:190} INFO - [2025-04-11T17:46:22.937+0000] {dagbag.py:588} INFO - Filling up the DagBag from /home/airflow/.local/lib/python3.12/site-packages/airflow/example_dags/example_branch_datetime_operator.py
[2025-04-11T17:46:22.955+0000] {processor.py:925} INFO - DAG(s) 'example_branch_datetime_operator_3', 'example_branch_datetime_operator_2', 'example_branch_datetime_operator' retrieved from /home/airflow/.local/lib/python3.12/site-packages/airflow/example_dags/example_branch_datetime_operator.py
[2025-04-11T17:46:22.995+0000] {logging_mixin.py:190} INFO - [2025-04-11T17:46:22.994+0000] {dag.py:3239} INFO - Sync 3 DAGs
[2025-04-11T17:46:23.039+0000] {logging_mixin.py:190} INFO - [2025-04-11T17:46:23.038+0000] {dag.py:4180} INFO - Setting next_dagrun for example_branch_datetime_operator to 2025-04-10 00:00:00+00:00, run_after=2025-04-11 00:00:00+00:00
[2025-04-11T17:46:23.047+0000] {logging_mixin.py:190} INFO - [2025-04-11T17:46:23.047+0000] {dag.py:4180} INFO - Setting next_dagrun for example_branch_datetime_operator_2 to 2025-04-10 00:00:00+00:00, run_after=2025-04-11 00:00:00+00:00
[2025-04-11T17:46:23.052+0000] {logging_mixin.py:190} INFO - [2025-04-11T17:46:23.051+0000] {dag.py:4180} INFO - Setting next_dagrun for example_branch_datetime_operator_3 to 2025-04-10 00:00:00+00:00, run_after=2025-04-11 00:00:00+00:00
[2025-04-11T17:46:23.085+0000] {processor.py:208} INFO - Processing /home/airflow/.local/lib/python3.12/site-packages/airflow/example_dags/example_branch_datetime_operator.py took 0.160 seconds
[2025-04-11T22:43:59.035+0000] {processor.py:186} INFO - Started process (PID=93152) to work on /home/airflow/.local/lib/python3.12/site-packages/airflow/example_dags/example_branch_datetime_operator.py
[2025-04-11T22:43:59.047+0000] {processor.py:914} INFO - Processing file /home/airflow/.local/lib/python3.12/site-packages/airflow/example_dags/example_branch_datetime_operator.py for tasks to queue
[2025-04-11T22:43:59.059+0000] {logging_mixin.py:190} INFO - [2025-04-11T22:43:59.058+0000] {dagbag.py:588} INFO - Filling up the DagBag from /home/airflow/.local/lib/python3.12/site-packages/airflow/example_dags/example_branch_datetime_operator.py
[2025-04-11T22:43:59.140+0000] {processor.py:925} INFO - DAG(s) 'example_branch_datetime_operator_2', 'example_branch_datetime_operator', 'example_branch_datetime_operator_3' retrieved from /home/airflow/.local/lib/python3.12/site-packages/airflow/example_dags/example_branch_datetime_operator.py
[2025-04-11T22:43:59.289+0000] {logging_mixin.py:190} INFO - [2025-04-11T22:43:59.289+0000] {dag.py:3239} INFO - Sync 3 DAGs
[2025-04-11T22:43:59.431+0000] {logging_mixin.py:190} INFO - [2025-04-11T22:43:59.420+0000] {dag.py:4180} INFO - Setting next_dagrun for example_branch_datetime_operator to 2025-04-10 00:00:00+00:00, run_after=2025-04-11 00:00:00+00:00
[2025-04-11T22:43:59.462+0000] {logging_mixin.py:190} INFO - [2025-04-11T22:43:59.453+0000] {dag.py:4180} INFO - Setting next_dagrun for example_branch_datetime_operator_2 to 2025-04-10 00:00:00+00:00, run_after=2025-04-11 00:00:00+00:00
[2025-04-11T22:43:59.479+0000] {logging_mixin.py:190} INFO - [2025-04-11T22:43:59.470+0000] {dag.py:4180} INFO - Setting next_dagrun for example_branch_datetime_operator_3 to 2025-04-10 00:00:00+00:00, run_after=2025-04-11 00:00:00+00:00
[2025-04-11T22:43:59.578+0000] {processor.py:208} INFO - Processing /home/airflow/.local/lib/python3.12/site-packages/airflow/example_dags/example_branch_datetime_operator.py took 0.563 seconds
[2025-04-11T22:44:57.035+0000] {processor.py:186} INFO - Started process (PID=93217) to work on /home/airflow/.local/lib/python3.12/site-packages/airflow/example_dags/example_branch_datetime_operator.py
[2025-04-11T22:44:57.038+0000] {processor.py:914} INFO - Processing file /home/airflow/.local/lib/python3.12/site-packages/airflow/example_dags/example_branch_datetime_operator.py for tasks to queue
[2025-04-11T22:44:57.042+0000] {logging_mixin.py:190} INFO - [2025-04-11T22:44:57.041+0000] {dagbag.py:588} INFO - Filling up the DagBag from /home/airflow/.local/lib/python3.12/site-packages/airflow/example_dags/example_branch_datetime_operator.py
[2025-04-11T22:44:57.061+0000] {processor.py:925} INFO - DAG(s) 'example_branch_datetime_operator_2', 'example_branch_datetime_operator_3', 'example_branch_datetime_operator' retrieved from /home/airflow/.local/lib/python3.12/site-packages/airflow/example_dags/example_branch_datetime_operator.py
[2025-04-11T22:44:57.110+0000] {logging_mixin.py:190} INFO - [2025-04-11T22:44:57.109+0000] {dag.py:3239} INFO - Sync 3 DAGs
[2025-04-11T22:44:57.183+0000] {logging_mixin.py:190} INFO - [2025-04-11T22:44:57.182+0000] {dag.py:4180} INFO - Setting next_dagrun for example_branch_datetime_operator to 2025-04-10 00:00:00+00:00, run_after=2025-04-11 00:00:00+00:00
[2025-04-11T22:44:57.196+0000] {logging_mixin.py:190} INFO - [2025-04-11T22:44:57.195+0000] {dag.py:4180} INFO - Setting next_dagrun for example_branch_datetime_operator_2 to 2025-04-10 00:00:00+00:00, run_after=2025-04-11 00:00:00+00:00
[2025-04-11T22:44:57.203+0000] {logging_mixin.py:190} INFO - [2025-04-11T22:44:57.202+0000] {dag.py:4180} INFO - Setting next_dagrun for example_branch_datetime_operator_3 to 2025-04-10 00:00:00+00:00, run_after=2025-04-11 00:00:00+00:00
[2025-04-11T22:44:57.261+0000] {processor.py:208} INFO - Processing /home/airflow/.local/lib/python3.12/site-packages/airflow/example_dags/example_branch_datetime_operator.py took 0.234 seconds
[2025-04-11T22:45:27.720+0000] {processor.py:186} INFO - Started process (PID=93282) to work on /home/airflow/.local/lib/python3.12/site-packages/airflow/example_dags/example_branch_datetime_operator.py
[2025-04-11T22:45:27.722+0000] {processor.py:914} INFO - Processing file /home/airflow/.local/lib/python3.12/site-packages/airflow/example_dags/example_branch_datetime_operator.py for tasks to queue
[2025-04-11T22:45:27.724+0000] {logging_mixin.py:190} INFO - [2025-04-11T22:45:27.724+0000] {dagbag.py:588} INFO - Filling up the DagBag from /home/airflow/.local/lib/python3.12/site-packages/airflow/example_dags/example_branch_datetime_operator.py
[2025-04-11T22:45:27.744+0000] {processor.py:925} INFO - DAG(s) 'example_branch_datetime_operator_3', 'example_branch_datetime_operator', 'example_branch_datetime_operator_2' retrieved from /home/airflow/.local/lib/python3.12/site-packages/airflow/example_dags/example_branch_datetime_operator.py
[2025-04-11T22:45:27.804+0000] {logging_mixin.py:190} INFO - [2025-04-11T22:45:27.804+0000] {dag.py:3239} INFO - Sync 3 DAGs
[2025-04-11T22:45:27.843+0000] {logging_mixin.py:190} INFO - [2025-04-11T22:45:27.843+0000] {dag.py:4180} INFO - Setting next_dagrun for example_branch_datetime_operator to 2025-04-10 00:00:00+00:00, run_after=2025-04-11 00:00:00+00:00
[2025-04-11T22:45:27.852+0000] {logging_mixin.py:190} INFO - [2025-04-11T22:45:27.851+0000] {dag.py:4180} INFO - Setting next_dagrun for example_branch_datetime_operator_2 to 2025-04-10 00:00:00+00:00, run_after=2025-04-11 00:00:00+00:00
[2025-04-11T22:45:27.856+0000] {logging_mixin.py:190} INFO - [2025-04-11T22:45:27.856+0000] {dag.py:4180} INFO - Setting next_dagrun for example_branch_datetime_operator_3 to 2025-04-10 00:00:00+00:00, run_after=2025-04-11 00:00:00+00:00
[2025-04-11T22:45:27.885+0000] {processor.py:208} INFO - Processing /home/airflow/.local/lib/python3.12/site-packages/airflow/example_dags/example_branch_datetime_operator.py took 0.172 seconds
[2025-04-11T22:45:58.278+0000] {processor.py:186} INFO - Started process (PID=93345) to work on /home/airflow/.local/lib/python3.12/site-packages/airflow/example_dags/example_branch_datetime_operator.py
[2025-04-11T22:45:58.279+0000] {processor.py:914} INFO - Processing file /home/airflow/.local/lib/python3.12/site-packages/airflow/example_dags/example_branch_datetime_operator.py for tasks to queue
[2025-04-11T22:45:58.281+0000] {logging_mixin.py:190} INFO - [2025-04-11T22:45:58.280+0000] {dagbag.py:588} INFO - Filling up the DagBag from /home/airflow/.local/lib/python3.12/site-packages/airflow/example_dags/example_branch_datetime_operator.py
[2025-04-11T22:45:58.308+0000] {processor.py:925} INFO - DAG(s) 'example_branch_datetime_operator_3', 'example_branch_datetime_operator_2', 'example_branch_datetime_operator' retrieved from /home/airflow/.local/lib/python3.12/site-packages/airflow/example_dags/example_branch_datetime_operator.py
[2025-04-11T22:45:58.348+0000] {logging_mixin.py:190} INFO - [2025-04-11T22:45:58.347+0000] {dag.py:3239} INFO - Sync 3 DAGs
[2025-04-11T22:45:58.380+0000] {logging_mixin.py:190} INFO - [2025-04-11T22:45:58.380+0000] {dag.py:4180} INFO - Setting next_dagrun for example_branch_datetime_operator to 2025-04-10 00:00:00+00:00, run_after=2025-04-11 00:00:00+00:00
[2025-04-11T22:45:58.387+0000] {logging_mixin.py:190} INFO - [2025-04-11T22:45:58.387+0000] {dag.py:4180} INFO - Setting next_dagrun for example_branch_datetime_operator_2 to 2025-04-10 00:00:00+00:00, run_after=2025-04-11 00:00:00+00:00
[2025-04-11T22:45:58.391+0000] {logging_mixin.py:190} INFO - [2025-04-11T22:45:58.391+0000] {dag.py:4180} INFO - Setting next_dagrun for example_branch_datetime_operator_3 to 2025-04-10 00:00:00+00:00, run_after=2025-04-11 00:00:00+00:00
[2025-04-11T22:45:58.416+0000] {processor.py:208} INFO - Processing /home/airflow/.local/lib/python3.12/site-packages/airflow/example_dags/example_branch_datetime_operator.py took 0.146 seconds
[2025-04-11T22:46:29.370+0000] {processor.py:186} INFO - Started process (PID=93408) to work on /home/airflow/.local/lib/python3.12/site-packages/airflow/example_dags/example_branch_datetime_operator.py
[2025-04-11T22:46:29.372+0000] {processor.py:914} INFO - Processing file /home/airflow/.local/lib/python3.12/site-packages/airflow/example_dags/example_branch_datetime_operator.py for tasks to queue
[2025-04-11T22:46:29.374+0000] {logging_mixin.py:190} INFO - [2025-04-11T22:46:29.373+0000] {dagbag.py:588} INFO - Filling up the DagBag from /home/airflow/.local/lib/python3.12/site-packages/airflow/example_dags/example_branch_datetime_operator.py
[2025-04-11T22:46:29.392+0000] {processor.py:925} INFO - DAG(s) 'example_branch_datetime_operator_2', 'example_branch_datetime_operator', 'example_branch_datetime_operator_3' retrieved from /home/airflow/.local/lib/python3.12/site-packages/airflow/example_dags/example_branch_datetime_operator.py
[2025-04-11T22:46:29.432+0000] {logging_mixin.py:190} INFO - [2025-04-11T22:46:29.432+0000] {dag.py:3239} INFO - Sync 3 DAGs
[2025-04-11T22:46:29.470+0000] {logging_mixin.py:190} INFO - [2025-04-11T22:46:29.470+0000] {dag.py:4180} INFO - Setting next_dagrun for example_branch_datetime_operator to 2025-04-10 00:00:00+00:00, run_after=2025-04-11 00:00:00+00:00
[2025-04-11T22:46:29.479+0000] {logging_mixin.py:190} INFO - [2025-04-11T22:46:29.479+0000] {dag.py:4180} INFO - Setting next_dagrun for example_branch_datetime_operator_2 to 2025-04-10 00:00:00+00:00, run_after=2025-04-11 00:00:00+00:00
[2025-04-11T22:46:29.483+0000] {logging_mixin.py:190} INFO - [2025-04-11T22:46:29.483+0000] {dag.py:4180} INFO - Setting next_dagrun for example_branch_datetime_operator_3 to 2025-04-10 00:00:00+00:00, run_after=2025-04-11 00:00:00+00:00
[2025-04-11T22:46:29.509+0000] {processor.py:208} INFO - Processing /home/airflow/.local/lib/python3.12/site-packages/airflow/example_dags/example_branch_datetime_operator.py took 0.146 seconds
[2025-04-11T22:47:00.137+0000] {processor.py:186} INFO - Started process (PID=93473) to work on /home/airflow/.local/lib/python3.12/site-packages/airflow/example_dags/example_branch_datetime_operator.py
[2025-04-11T22:47:00.138+0000] {processor.py:914} INFO - Processing file /home/airflow/.local/lib/python3.12/site-packages/airflow/example_dags/example_branch_datetime_operator.py for tasks to queue
[2025-04-11T22:47:00.141+0000] {logging_mixin.py:190} INFO - [2025-04-11T22:47:00.141+0000] {dagbag.py:588} INFO - Filling up the DagBag from /home/airflow/.local/lib/python3.12/site-packages/airflow/example_dags/example_branch_datetime_operator.py
[2025-04-11T22:47:00.159+0000] {processor.py:925} INFO - DAG(s) 'example_branch_datetime_operator_2', 'example_branch_datetime_operator', 'example_branch_datetime_operator_3' retrieved from /home/airflow/.local/lib/python3.12/site-packages/airflow/example_dags/example_branch_datetime_operator.py
[2025-04-11T22:47:00.203+0000] {logging_mixin.py:190} INFO - [2025-04-11T22:47:00.202+0000] {dag.py:3239} INFO - Sync 3 DAGs
[2025-04-11T22:47:00.236+0000] {logging_mixin.py:190} INFO - [2025-04-11T22:47:00.235+0000] {dag.py:4180} INFO - Setting next_dagrun for example_branch_datetime_operator to 2025-04-10 00:00:00+00:00, run_after=2025-04-11 00:00:00+00:00
[2025-04-11T22:47:00.244+0000] {logging_mixin.py:190} INFO - [2025-04-11T22:47:00.244+0000] {dag.py:4180} INFO - Setting next_dagrun for example_branch_datetime_operator_2 to 2025-04-10 00:00:00+00:00, run_after=2025-04-11 00:00:00+00:00
[2025-04-11T22:47:00.248+0000] {logging_mixin.py:190} INFO - [2025-04-11T22:47:00.247+0000] {dag.py:4180} INFO - Setting next_dagrun for example_branch_datetime_operator_3 to 2025-04-10 00:00:00+00:00, run_after=2025-04-11 00:00:00+00:00
[2025-04-11T22:47:00.278+0000] {processor.py:208} INFO - Processing /home/airflow/.local/lib/python3.12/site-packages/airflow/example_dags/example_branch_datetime_operator.py took 0.149 seconds
[2025-04-11T22:47:30.912+0000] {processor.py:186} INFO - Started process (PID=93538) to work on /home/airflow/.local/lib/python3.12/site-packages/airflow/example_dags/example_branch_datetime_operator.py
[2025-04-11T22:47:30.914+0000] {processor.py:914} INFO - Processing file /home/airflow/.local/lib/python3.12/site-packages/airflow/example_dags/example_branch_datetime_operator.py for tasks to queue
[2025-04-11T22:47:30.916+0000] {logging_mixin.py:190} INFO - [2025-04-11T22:47:30.915+0000] {dagbag.py:588} INFO - Filling up the DagBag from /home/airflow/.local/lib/python3.12/site-packages/airflow/example_dags/example_branch_datetime_operator.py
[2025-04-11T22:47:30.935+0000] {processor.py:925} INFO - DAG(s) 'example_branch_datetime_operator_3', 'example_branch_datetime_operator_2', 'example_branch_datetime_operator' retrieved from /home/airflow/.local/lib/python3.12/site-packages/airflow/example_dags/example_branch_datetime_operator.py
[2025-04-11T22:47:30.977+0000] {logging_mixin.py:190} INFO - [2025-04-11T22:47:30.977+0000] {dag.py:3239} INFO - Sync 3 DAGs
[2025-04-11T22:47:31.018+0000] {logging_mixin.py:190} INFO - [2025-04-11T22:47:31.018+0000] {dag.py:4180} INFO - Setting next_dagrun for example_branch_datetime_operator to 2025-04-10 00:00:00+00:00, run_after=2025-04-11 00:00:00+00:00
[2025-04-11T22:47:31.026+0000] {logging_mixin.py:190} INFO - [2025-04-11T22:47:31.025+0000] {dag.py:4180} INFO - Setting next_dagrun for example_branch_datetime_operator_2 to 2025-04-10 00:00:00+00:00, run_after=2025-04-11 00:00:00+00:00
[2025-04-11T22:47:31.029+0000] {logging_mixin.py:190} INFO - [2025-04-11T22:47:31.029+0000] {dag.py:4180} INFO - Setting next_dagrun for example_branch_datetime_operator_3 to 2025-04-10 00:00:00+00:00, run_after=2025-04-11 00:00:00+00:00
[2025-04-11T22:47:31.055+0000] {processor.py:208} INFO - Processing /home/airflow/.local/lib/python3.12/site-packages/airflow/example_dags/example_branch_datetime_operator.py took 0.151 seconds
[2025-04-11T22:48:02.568+0000] {processor.py:186} INFO - Started process (PID=93604) to work on /home/airflow/.local/lib/python3.12/site-packages/airflow/example_dags/example_branch_datetime_operator.py
[2025-04-11T22:48:02.570+0000] {processor.py:914} INFO - Processing file /home/airflow/.local/lib/python3.12/site-packages/airflow/example_dags/example_branch_datetime_operator.py for tasks to queue
[2025-04-11T22:48:02.572+0000] {logging_mixin.py:190} INFO - [2025-04-11T22:48:02.571+0000] {dagbag.py:588} INFO - Filling up the DagBag from /home/airflow/.local/lib/python3.12/site-packages/airflow/example_dags/example_branch_datetime_operator.py
[2025-04-11T22:48:02.589+0000] {processor.py:925} INFO - DAG(s) 'example_branch_datetime_operator_2', 'example_branch_datetime_operator', 'example_branch_datetime_operator_3' retrieved from /home/airflow/.local/lib/python3.12/site-packages/airflow/example_dags/example_branch_datetime_operator.py
[2025-04-11T22:48:02.635+0000] {logging_mixin.py:190} INFO - [2025-04-11T22:48:02.635+0000] {dag.py:3239} INFO - Sync 3 DAGs
[2025-04-11T22:48:02.670+0000] {logging_mixin.py:190} INFO - [2025-04-11T22:48:02.670+0000] {dag.py:4180} INFO - Setting next_dagrun for example_branch_datetime_operator to 2025-04-10 00:00:00+00:00, run_after=2025-04-11 00:00:00+00:00
[2025-04-11T22:48:02.678+0000] {logging_mixin.py:190} INFO - [2025-04-11T22:48:02.678+0000] {dag.py:4180} INFO - Setting next_dagrun for example_branch_datetime_operator_2 to 2025-04-10 00:00:00+00:00, run_after=2025-04-11 00:00:00+00:00
[2025-04-11T22:48:02.683+0000] {logging_mixin.py:190} INFO - [2025-04-11T22:48:02.683+0000] {dag.py:4180} INFO - Setting next_dagrun for example_branch_datetime_operator_3 to 2025-04-10 00:00:00+00:00, run_after=2025-04-11 00:00:00+00:00
[2025-04-11T22:48:02.712+0000] {processor.py:208} INFO - Processing /home/airflow/.local/lib/python3.12/site-packages/airflow/example_dags/example_branch_datetime_operator.py took 0.152 seconds
[2025-04-11T22:48:33.426+0000] {processor.py:186} INFO - Started process (PID=93667) to work on /home/airflow/.local/lib/python3.12/site-packages/airflow/example_dags/example_branch_datetime_operator.py
[2025-04-11T22:48:33.427+0000] {processor.py:914} INFO - Processing file /home/airflow/.local/lib/python3.12/site-packages/airflow/example_dags/example_branch_datetime_operator.py for tasks to queue
[2025-04-11T22:48:33.430+0000] {logging_mixin.py:190} INFO - [2025-04-11T22:48:33.429+0000] {dagbag.py:588} INFO - Filling up the DagBag from /home/airflow/.local/lib/python3.12/site-packages/airflow/example_dags/example_branch_datetime_operator.py
[2025-04-11T22:48:33.447+0000] {processor.py:925} INFO - DAG(s) 'example_branch_datetime_operator_2', 'example_branch_datetime_operator', 'example_branch_datetime_operator_3' retrieved from /home/airflow/.local/lib/python3.12/site-packages/airflow/example_dags/example_branch_datetime_operator.py
[2025-04-11T22:48:33.501+0000] {logging_mixin.py:190} INFO - [2025-04-11T22:48:33.501+0000] {dag.py:3239} INFO - Sync 3 DAGs
[2025-04-11T22:48:33.543+0000] {logging_mixin.py:190} INFO - [2025-04-11T22:48:33.542+0000] {dag.py:4180} INFO - Setting next_dagrun for example_branch_datetime_operator to 2025-04-10 00:00:00+00:00, run_after=2025-04-11 00:00:00+00:00
[2025-04-11T22:48:33.551+0000] {logging_mixin.py:190} INFO - [2025-04-11T22:48:33.550+0000] {dag.py:4180} INFO - Setting next_dagrun for example_branch_datetime_operator_2 to 2025-04-10 00:00:00+00:00, run_after=2025-04-11 00:00:00+00:00
[2025-04-11T22:48:33.556+0000] {logging_mixin.py:190} INFO - [2025-04-11T22:48:33.555+0000] {dag.py:4180} INFO - Setting next_dagrun for example_branch_datetime_operator_3 to 2025-04-10 00:00:00+00:00, run_after=2025-04-11 00:00:00+00:00
[2025-04-11T22:48:33.594+0000] {processor.py:208} INFO - Processing /home/airflow/.local/lib/python3.12/site-packages/airflow/example_dags/example_branch_datetime_operator.py took 0.176 seconds
[2025-04-11T22:49:03.774+0000] {processor.py:186} INFO - Started process (PID=93729) to work on /home/airflow/.local/lib/python3.12/site-packages/airflow/example_dags/example_branch_datetime_operator.py
[2025-04-11T22:49:03.776+0000] {processor.py:914} INFO - Processing file /home/airflow/.local/lib/python3.12/site-packages/airflow/example_dags/example_branch_datetime_operator.py for tasks to queue
[2025-04-11T22:49:03.778+0000] {logging_mixin.py:190} INFO - [2025-04-11T22:49:03.778+0000] {dagbag.py:588} INFO - Filling up the DagBag from /home/airflow/.local/lib/python3.12/site-packages/airflow/example_dags/example_branch_datetime_operator.py
[2025-04-11T22:49:03.800+0000] {processor.py:925} INFO - DAG(s) 'example_branch_datetime_operator', 'example_branch_datetime_operator_2', 'example_branch_datetime_operator_3' retrieved from /home/airflow/.local/lib/python3.12/site-packages/airflow/example_dags/example_branch_datetime_operator.py
[2025-04-11T22:49:03.848+0000] {logging_mixin.py:190} INFO - [2025-04-11T22:49:03.847+0000] {dag.py:3239} INFO - Sync 3 DAGs
[2025-04-11T22:49:03.884+0000] {logging_mixin.py:190} INFO - [2025-04-11T22:49:03.884+0000] {dag.py:4180} INFO - Setting next_dagrun for example_branch_datetime_operator to 2025-04-10 00:00:00+00:00, run_after=2025-04-11 00:00:00+00:00
[2025-04-11T22:49:03.893+0000] {logging_mixin.py:190} INFO - [2025-04-11T22:49:03.892+0000] {dag.py:4180} INFO - Setting next_dagrun for example_branch_datetime_operator_2 to 2025-04-10 00:00:00+00:00, run_after=2025-04-11 00:00:00+00:00
[2025-04-11T22:49:03.897+0000] {logging_mixin.py:190} INFO - [2025-04-11T22:49:03.897+0000] {dag.py:4180} INFO - Setting next_dagrun for example_branch_datetime_operator_3 to 2025-04-10 00:00:00+00:00, run_after=2025-04-11 00:00:00+00:00
[2025-04-11T22:49:03.929+0000] {processor.py:208} INFO - Processing /home/airflow/.local/lib/python3.12/site-packages/airflow/example_dags/example_branch_datetime_operator.py took 0.163 seconds
[2025-04-11T22:49:34.702+0000] {processor.py:186} INFO - Started process (PID=93794) to work on /home/airflow/.local/lib/python3.12/site-packages/airflow/example_dags/example_branch_datetime_operator.py
[2025-04-11T22:49:34.703+0000] {processor.py:914} INFO - Processing file /home/airflow/.local/lib/python3.12/site-packages/airflow/example_dags/example_branch_datetime_operator.py for tasks to queue
[2025-04-11T22:49:34.705+0000] {logging_mixin.py:190} INFO - [2025-04-11T22:49:34.705+0000] {dagbag.py:588} INFO - Filling up the DagBag from /home/airflow/.local/lib/python3.12/site-packages/airflow/example_dags/example_branch_datetime_operator.py
[2025-04-11T22:49:34.720+0000] {processor.py:925} INFO - DAG(s) 'example_branch_datetime_operator', 'example_branch_datetime_operator_3', 'example_branch_datetime_operator_2' retrieved from /home/airflow/.local/lib/python3.12/site-packages/airflow/example_dags/example_branch_datetime_operator.py
[2025-04-11T22:49:34.758+0000] {logging_mixin.py:190} INFO - [2025-04-11T22:49:34.757+0000] {dag.py:3239} INFO - Sync 3 DAGs
[2025-04-11T22:49:34.792+0000] {logging_mixin.py:190} INFO - [2025-04-11T22:49:34.791+0000] {dag.py:4180} INFO - Setting next_dagrun for example_branch_datetime_operator to 2025-04-10 00:00:00+00:00, run_after=2025-04-11 00:00:00+00:00
[2025-04-11T22:49:34.800+0000] {logging_mixin.py:190} INFO - [2025-04-11T22:49:34.799+0000] {dag.py:4180} INFO - Setting next_dagrun for example_branch_datetime_operator_2 to 2025-04-10 00:00:00+00:00, run_after=2025-04-11 00:00:00+00:00
[2025-04-11T22:49:34.805+0000] {logging_mixin.py:190} INFO - [2025-04-11T22:49:34.805+0000] {dag.py:4180} INFO - Setting next_dagrun for example_branch_datetime_operator_3 to 2025-04-10 00:00:00+00:00, run_after=2025-04-11 00:00:00+00:00
[2025-04-11T22:49:34.830+0000] {processor.py:208} INFO - Processing /home/airflow/.local/lib/python3.12/site-packages/airflow/example_dags/example_branch_datetime_operator.py took 0.135 seconds
[2025-04-11T22:50:05.592+0000] {processor.py:186} INFO - Started process (PID=93859) to work on /home/airflow/.local/lib/python3.12/site-packages/airflow/example_dags/example_branch_datetime_operator.py
[2025-04-11T22:50:05.593+0000] {processor.py:914} INFO - Processing file /home/airflow/.local/lib/python3.12/site-packages/airflow/example_dags/example_branch_datetime_operator.py for tasks to queue
[2025-04-11T22:50:05.595+0000] {logging_mixin.py:190} INFO - [2025-04-11T22:50:05.595+0000] {dagbag.py:588} INFO - Filling up the DagBag from /home/airflow/.local/lib/python3.12/site-packages/airflow/example_dags/example_branch_datetime_operator.py
[2025-04-11T22:50:05.611+0000] {processor.py:925} INFO - DAG(s) 'example_branch_datetime_operator_2', 'example_branch_datetime_operator_3', 'example_branch_datetime_operator' retrieved from /home/airflow/.local/lib/python3.12/site-packages/airflow/example_dags/example_branch_datetime_operator.py
[2025-04-11T22:50:05.649+0000] {logging_mixin.py:190} INFO - [2025-04-11T22:50:05.648+0000] {dag.py:3239} INFO - Sync 3 DAGs
[2025-04-11T22:50:05.684+0000] {logging_mixin.py:190} INFO - [2025-04-11T22:50:05.683+0000] {dag.py:4180} INFO - Setting next_dagrun for example_branch_datetime_operator to 2025-04-10 00:00:00+00:00, run_after=2025-04-11 00:00:00+00:00
[2025-04-11T22:50:05.702+0000] {logging_mixin.py:190} INFO - [2025-04-11T22:50:05.702+0000] {dag.py:4180} INFO - Setting next_dagrun for example_branch_datetime_operator_2 to 2025-04-10 00:00:00+00:00, run_after=2025-04-11 00:00:00+00:00
[2025-04-11T22:50:05.712+0000] {logging_mixin.py:190} INFO - [2025-04-11T22:50:05.712+0000] {dag.py:4180} INFO - Setting next_dagrun for example_branch_datetime_operator_3 to 2025-04-10 00:00:00+00:00, run_after=2025-04-11 00:00:00+00:00
[2025-04-11T22:50:05.745+0000] {processor.py:208} INFO - Processing /home/airflow/.local/lib/python3.12/site-packages/airflow/example_dags/example_branch_datetime_operator.py took 0.160 seconds
[2025-04-11T22:50:37.066+0000] {processor.py:186} INFO - Started process (PID=93920) to work on /home/airflow/.local/lib/python3.12/site-packages/airflow/example_dags/example_branch_datetime_operator.py
[2025-04-11T22:50:37.068+0000] {processor.py:914} INFO - Processing file /home/airflow/.local/lib/python3.12/site-packages/airflow/example_dags/example_branch_datetime_operator.py for tasks to queue
[2025-04-11T22:50:37.070+0000] {logging_mixin.py:190} INFO - [2025-04-11T22:50:37.070+0000] {dagbag.py:588} INFO - Filling up the DagBag from /home/airflow/.local/lib/python3.12/site-packages/airflow/example_dags/example_branch_datetime_operator.py
[2025-04-11T22:50:37.089+0000] {processor.py:925} INFO - DAG(s) 'example_branch_datetime_operator_3', 'example_branch_datetime_operator', 'example_branch_datetime_operator_2' retrieved from /home/airflow/.local/lib/python3.12/site-packages/airflow/example_dags/example_branch_datetime_operator.py
[2025-04-11T22:50:37.138+0000] {logging_mixin.py:190} INFO - [2025-04-11T22:50:37.138+0000] {dag.py:3239} INFO - Sync 3 DAGs
[2025-04-11T22:50:37.174+0000] {logging_mixin.py:190} INFO - [2025-04-11T22:50:37.174+0000] {dag.py:4180} INFO - Setting next_dagrun for example_branch_datetime_operator to 2025-04-10 00:00:00+00:00, run_after=2025-04-11 00:00:00+00:00
[2025-04-11T22:50:37.182+0000] {logging_mixin.py:190} INFO - [2025-04-11T22:50:37.182+0000] {dag.py:4180} INFO - Setting next_dagrun for example_branch_datetime_operator_2 to 2025-04-10 00:00:00+00:00, run_after=2025-04-11 00:00:00+00:00
[2025-04-11T22:50:37.187+0000] {logging_mixin.py:190} INFO - [2025-04-11T22:50:37.186+0000] {dag.py:4180} INFO - Setting next_dagrun for example_branch_datetime_operator_3 to 2025-04-10 00:00:00+00:00, run_after=2025-04-11 00:00:00+00:00
[2025-04-11T22:50:37.217+0000] {processor.py:208} INFO - Processing /home/airflow/.local/lib/python3.12/site-packages/airflow/example_dags/example_branch_datetime_operator.py took 0.160 seconds
[2025-04-11T22:51:08.105+0000] {processor.py:186} INFO - Started process (PID=93982) to work on /home/airflow/.local/lib/python3.12/site-packages/airflow/example_dags/example_branch_datetime_operator.py
[2025-04-11T22:51:08.107+0000] {processor.py:914} INFO - Processing file /home/airflow/.local/lib/python3.12/site-packages/airflow/example_dags/example_branch_datetime_operator.py for tasks to queue
[2025-04-11T22:51:08.109+0000] {logging_mixin.py:190} INFO - [2025-04-11T22:51:08.108+0000] {dagbag.py:588} INFO - Filling up the DagBag from /home/airflow/.local/lib/python3.12/site-packages/airflow/example_dags/example_branch_datetime_operator.py
[2025-04-11T22:51:08.130+0000] {processor.py:925} INFO - DAG(s) 'example_branch_datetime_operator_2', 'example_branch_datetime_operator', 'example_branch_datetime_operator_3' retrieved from /home/airflow/.local/lib/python3.12/site-packages/airflow/example_dags/example_branch_datetime_operator.py
[2025-04-11T22:51:08.169+0000] {logging_mixin.py:190} INFO - [2025-04-11T22:51:08.168+0000] {dag.py:3239} INFO - Sync 3 DAGs
[2025-04-11T22:51:08.204+0000] {logging_mixin.py:190} INFO - [2025-04-11T22:51:08.204+0000] {dag.py:4180} INFO - Setting next_dagrun for example_branch_datetime_operator to 2025-04-10 00:00:00+00:00, run_after=2025-04-11 00:00:00+00:00
[2025-04-11T22:51:08.213+0000] {logging_mixin.py:190} INFO - [2025-04-11T22:51:08.212+0000] {dag.py:4180} INFO - Setting next_dagrun for example_branch_datetime_operator_2 to 2025-04-10 00:00:00+00:00, run_after=2025-04-11 00:00:00+00:00
[2025-04-11T22:51:08.217+0000] {logging_mixin.py:190} INFO - [2025-04-11T22:51:08.216+0000] {dag.py:4180} INFO - Setting next_dagrun for example_branch_datetime_operator_3 to 2025-04-10 00:00:00+00:00, run_after=2025-04-11 00:00:00+00:00
[2025-04-11T22:51:08.244+0000] {processor.py:208} INFO - Processing /home/airflow/.local/lib/python3.12/site-packages/airflow/example_dags/example_branch_datetime_operator.py took 0.147 seconds
[2025-04-11T22:51:38.706+0000] {processor.py:186} INFO - Started process (PID=94044) to work on /home/airflow/.local/lib/python3.12/site-packages/airflow/example_dags/example_branch_datetime_operator.py
[2025-04-11T22:51:38.708+0000] {processor.py:914} INFO - Processing file /home/airflow/.local/lib/python3.12/site-packages/airflow/example_dags/example_branch_datetime_operator.py for tasks to queue
[2025-04-11T22:51:38.710+0000] {logging_mixin.py:190} INFO - [2025-04-11T22:51:38.710+0000] {dagbag.py:588} INFO - Filling up the DagBag from /home/airflow/.local/lib/python3.12/site-packages/airflow/example_dags/example_branch_datetime_operator.py
[2025-04-11T22:51:38.734+0000] {processor.py:925} INFO - DAG(s) 'example_branch_datetime_operator_3', 'example_branch_datetime_operator_2', 'example_branch_datetime_operator' retrieved from /home/airflow/.local/lib/python3.12/site-packages/airflow/example_dags/example_branch_datetime_operator.py
[2025-04-11T22:51:38.780+0000] {logging_mixin.py:190} INFO - [2025-04-11T22:51:38.780+0000] {dag.py:3239} INFO - Sync 3 DAGs
[2025-04-11T22:51:38.831+0000] {logging_mixin.py:190} INFO - [2025-04-11T22:51:38.830+0000] {dag.py:4180} INFO - Setting next_dagrun for example_branch_datetime_operator to 2025-04-10 00:00:00+00:00, run_after=2025-04-11 00:00:00+00:00
[2025-04-11T22:51:38.842+0000] {logging_mixin.py:190} INFO - [2025-04-11T22:51:38.841+0000] {dag.py:4180} INFO - Setting next_dagrun for example_branch_datetime_operator_2 to 2025-04-10 00:00:00+00:00, run_after=2025-04-11 00:00:00+00:00
[2025-04-11T22:51:38.848+0000] {logging_mixin.py:190} INFO - [2025-04-11T22:51:38.847+0000] {dag.py:4180} INFO - Setting next_dagrun for example_branch_datetime_operator_3 to 2025-04-10 00:00:00+00:00, run_after=2025-04-11 00:00:00+00:00
[2025-04-11T22:51:38.886+0000] {processor.py:208} INFO - Processing /home/airflow/.local/lib/python3.12/site-packages/airflow/example_dags/example_branch_datetime_operator.py took 0.190 seconds
[2025-04-11T22:52:09.074+0000] {processor.py:186} INFO - Started process (PID=94109) to work on /home/airflow/.local/lib/python3.12/site-packages/airflow/example_dags/example_branch_datetime_operator.py
[2025-04-11T22:52:09.075+0000] {processor.py:914} INFO - Processing file /home/airflow/.local/lib/python3.12/site-packages/airflow/example_dags/example_branch_datetime_operator.py for tasks to queue
[2025-04-11T22:52:09.078+0000] {logging_mixin.py:190} INFO - [2025-04-11T22:52:09.077+0000] {dagbag.py:588} INFO - Filling up the DagBag from /home/airflow/.local/lib/python3.12/site-packages/airflow/example_dags/example_branch_datetime_operator.py
[2025-04-11T22:52:09.098+0000] {processor.py:925} INFO - DAG(s) 'example_branch_datetime_operator_3', 'example_branch_datetime_operator_2', 'example_branch_datetime_operator' retrieved from /home/airflow/.local/lib/python3.12/site-packages/airflow/example_dags/example_branch_datetime_operator.py
[2025-04-11T22:52:09.139+0000] {logging_mixin.py:190} INFO - [2025-04-11T22:52:09.138+0000] {dag.py:3239} INFO - Sync 3 DAGs
[2025-04-11T22:52:09.176+0000] {logging_mixin.py:190} INFO - [2025-04-11T22:52:09.176+0000] {dag.py:4180} INFO - Setting next_dagrun for example_branch_datetime_operator to 2025-04-10 00:00:00+00:00, run_after=2025-04-11 00:00:00+00:00
[2025-04-11T22:52:09.185+0000] {logging_mixin.py:190} INFO - [2025-04-11T22:52:09.185+0000] {dag.py:4180} INFO - Setting next_dagrun for example_branch_datetime_operator_2 to 2025-04-10 00:00:00+00:00, run_after=2025-04-11 00:00:00+00:00
[2025-04-11T22:52:09.190+0000] {logging_mixin.py:190} INFO - [2025-04-11T22:52:09.190+0000] {dag.py:4180} INFO - Setting next_dagrun for example_branch_datetime_operator_3 to 2025-04-10 00:00:00+00:00, run_after=2025-04-11 00:00:00+00:00
[2025-04-11T22:52:09.222+0000] {processor.py:208} INFO - Processing /home/airflow/.local/lib/python3.12/site-packages/airflow/example_dags/example_branch_datetime_operator.py took 0.158 seconds
[2025-04-11T22:52:39.384+0000] {processor.py:186} INFO - Started process (PID=94174) to work on /home/airflow/.local/lib/python3.12/site-packages/airflow/example_dags/example_branch_datetime_operator.py
[2025-04-11T22:52:39.386+0000] {processor.py:914} INFO - Processing file /home/airflow/.local/lib/python3.12/site-packages/airflow/example_dags/example_branch_datetime_operator.py for tasks to queue
[2025-04-11T22:52:39.388+0000] {logging_mixin.py:190} INFO - [2025-04-11T22:52:39.387+0000] {dagbag.py:588} INFO - Filling up the DagBag from /home/airflow/.local/lib/python3.12/site-packages/airflow/example_dags/example_branch_datetime_operator.py
[2025-04-11T22:52:39.405+0000] {processor.py:925} INFO - DAG(s) 'example_branch_datetime_operator_2', 'example_branch_datetime_operator_3', 'example_branch_datetime_operator' retrieved from /home/airflow/.local/lib/python3.12/site-packages/airflow/example_dags/example_branch_datetime_operator.py
[2025-04-11T22:52:39.447+0000] {logging_mixin.py:190} INFO - [2025-04-11T22:52:39.446+0000] {dag.py:3239} INFO - Sync 3 DAGs
[2025-04-11T22:52:39.490+0000] {logging_mixin.py:190} INFO - [2025-04-11T22:52:39.489+0000] {dag.py:4180} INFO - Setting next_dagrun for example_branch_datetime_operator to 2025-04-10 00:00:00+00:00, run_after=2025-04-11 00:00:00+00:00
[2025-04-11T22:52:39.500+0000] {logging_mixin.py:190} INFO - [2025-04-11T22:52:39.499+0000] {dag.py:4180} INFO - Setting next_dagrun for example_branch_datetime_operator_2 to 2025-04-10 00:00:00+00:00, run_after=2025-04-11 00:00:00+00:00
[2025-04-11T22:52:39.505+0000] {logging_mixin.py:190} INFO - [2025-04-11T22:52:39.504+0000] {dag.py:4180} INFO - Setting next_dagrun for example_branch_datetime_operator_3 to 2025-04-10 00:00:00+00:00, run_after=2025-04-11 00:00:00+00:00
[2025-04-11T22:52:39.538+0000] {processor.py:208} INFO - Processing /home/airflow/.local/lib/python3.12/site-packages/airflow/example_dags/example_branch_datetime_operator.py took 0.161 seconds
[2025-04-11T22:53:09.883+0000] {processor.py:186} INFO - Started process (PID=94239) to work on /home/airflow/.local/lib/python3.12/site-packages/airflow/example_dags/example_branch_datetime_operator.py
[2025-04-11T22:53:09.884+0000] {processor.py:914} INFO - Processing file /home/airflow/.local/lib/python3.12/site-packages/airflow/example_dags/example_branch_datetime_operator.py for tasks to queue
[2025-04-11T22:53:09.886+0000] {logging_mixin.py:190} INFO - [2025-04-11T22:53:09.886+0000] {dagbag.py:588} INFO - Filling up the DagBag from /home/airflow/.local/lib/python3.12/site-packages/airflow/example_dags/example_branch_datetime_operator.py
[2025-04-11T22:53:09.908+0000] {processor.py:925} INFO - DAG(s) 'example_branch_datetime_operator_2', 'example_branch_datetime_operator', 'example_branch_datetime_operator_3' retrieved from /home/airflow/.local/lib/python3.12/site-packages/airflow/example_dags/example_branch_datetime_operator.py
[2025-04-11T22:53:09.952+0000] {logging_mixin.py:190} INFO - [2025-04-11T22:53:09.952+0000] {dag.py:3239} INFO - Sync 3 DAGs
[2025-04-11T22:53:09.995+0000] {logging_mixin.py:190} INFO - [2025-04-11T22:53:09.994+0000] {dag.py:4180} INFO - Setting next_dagrun for example_branch_datetime_operator to 2025-04-10 00:00:00+00:00, run_after=2025-04-11 00:00:00+00:00
[2025-04-11T22:53:10.002+0000] {logging_mixin.py:190} INFO - [2025-04-11T22:53:10.002+0000] {dag.py:4180} INFO - Setting next_dagrun for example_branch_datetime_operator_2 to 2025-04-10 00:00:00+00:00, run_after=2025-04-11 00:00:00+00:00
[2025-04-11T22:53:10.007+0000] {logging_mixin.py:190} INFO - [2025-04-11T22:53:10.007+0000] {dag.py:4180} INFO - Setting next_dagrun for example_branch_datetime_operator_3 to 2025-04-10 00:00:00+00:00, run_after=2025-04-11 00:00:00+00:00
[2025-04-11T22:53:10.038+0000] {processor.py:208} INFO - Processing /home/airflow/.local/lib/python3.12/site-packages/airflow/example_dags/example_branch_datetime_operator.py took 0.161 seconds
[2025-04-11T22:53:40.229+0000] {processor.py:186} INFO - Started process (PID=94304) to work on /home/airflow/.local/lib/python3.12/site-packages/airflow/example_dags/example_branch_datetime_operator.py
[2025-04-11T22:53:40.232+0000] {processor.py:914} INFO - Processing file /home/airflow/.local/lib/python3.12/site-packages/airflow/example_dags/example_branch_datetime_operator.py for tasks to queue
[2025-04-11T22:53:40.245+0000] {logging_mixin.py:190} INFO - [2025-04-11T22:53:40.244+0000] {dagbag.py:588} INFO - Filling up the DagBag from /home/airflow/.local/lib/python3.12/site-packages/airflow/example_dags/example_branch_datetime_operator.py
[2025-04-11T22:53:40.275+0000] {processor.py:925} INFO - DAG(s) 'example_branch_datetime_operator', 'example_branch_datetime_operator_2', 'example_branch_datetime_operator_3' retrieved from /home/airflow/.local/lib/python3.12/site-packages/airflow/example_dags/example_branch_datetime_operator.py
[2025-04-11T22:53:40.312+0000] {logging_mixin.py:190} INFO - [2025-04-11T22:53:40.312+0000] {dag.py:3239} INFO - Sync 3 DAGs
[2025-04-11T22:53:40.350+0000] {logging_mixin.py:190} INFO - [2025-04-11T22:53:40.350+0000] {dag.py:4180} INFO - Setting next_dagrun for example_branch_datetime_operator to 2025-04-10 00:00:00+00:00, run_after=2025-04-11 00:00:00+00:00
[2025-04-11T22:53:40.358+0000] {logging_mixin.py:190} INFO - [2025-04-11T22:53:40.358+0000] {dag.py:4180} INFO - Setting next_dagrun for example_branch_datetime_operator_2 to 2025-04-10 00:00:00+00:00, run_after=2025-04-11 00:00:00+00:00
[2025-04-11T22:53:40.362+0000] {logging_mixin.py:190} INFO - [2025-04-11T22:53:40.362+0000] {dag.py:4180} INFO - Setting next_dagrun for example_branch_datetime_operator_3 to 2025-04-10 00:00:00+00:00, run_after=2025-04-11 00:00:00+00:00
[2025-04-11T22:53:40.391+0000] {processor.py:208} INFO - Processing /home/airflow/.local/lib/python3.12/site-packages/airflow/example_dags/example_branch_datetime_operator.py took 0.185 seconds
[2025-04-11T22:54:11.015+0000] {processor.py:186} INFO - Started process (PID=94369) to work on /home/airflow/.local/lib/python3.12/site-packages/airflow/example_dags/example_branch_datetime_operator.py
[2025-04-11T22:54:11.017+0000] {processor.py:914} INFO - Processing file /home/airflow/.local/lib/python3.12/site-packages/airflow/example_dags/example_branch_datetime_operator.py for tasks to queue
[2025-04-11T22:54:11.019+0000] {logging_mixin.py:190} INFO - [2025-04-11T22:54:11.018+0000] {dagbag.py:588} INFO - Filling up the DagBag from /home/airflow/.local/lib/python3.12/site-packages/airflow/example_dags/example_branch_datetime_operator.py
[2025-04-11T22:54:11.037+0000] {processor.py:925} INFO - DAG(s) 'example_branch_datetime_operator_3', 'example_branch_datetime_operator_2', 'example_branch_datetime_operator' retrieved from /home/airflow/.local/lib/python3.12/site-packages/airflow/example_dags/example_branch_datetime_operator.py
[2025-04-11T22:54:11.082+0000] {logging_mixin.py:190} INFO - [2025-04-11T22:54:11.082+0000] {dag.py:3239} INFO - Sync 3 DAGs
[2025-04-11T22:54:11.130+0000] {logging_mixin.py:190} INFO - [2025-04-11T22:54:11.130+0000] {dag.py:4180} INFO - Setting next_dagrun for example_branch_datetime_operator to 2025-04-10 00:00:00+00:00, run_after=2025-04-11 00:00:00+00:00
[2025-04-11T22:54:11.140+0000] {logging_mixin.py:190} INFO - [2025-04-11T22:54:11.139+0000] {dag.py:4180} INFO - Setting next_dagrun for example_branch_datetime_operator_2 to 2025-04-10 00:00:00+00:00, run_after=2025-04-11 00:00:00+00:00
[2025-04-11T22:54:11.146+0000] {logging_mixin.py:190} INFO - [2025-04-11T22:54:11.146+0000] {dag.py:4180} INFO - Setting next_dagrun for example_branch_datetime_operator_3 to 2025-04-10 00:00:00+00:00, run_after=2025-04-11 00:00:00+00:00
[2025-04-11T22:54:11.185+0000] {processor.py:208} INFO - Processing /home/airflow/.local/lib/python3.12/site-packages/airflow/example_dags/example_branch_datetime_operator.py took 0.177 seconds
[2025-04-11T22:54:41.727+0000] {processor.py:186} INFO - Started process (PID=94433) to work on /home/airflow/.local/lib/python3.12/site-packages/airflow/example_dags/example_branch_datetime_operator.py
[2025-04-11T22:54:41.729+0000] {processor.py:914} INFO - Processing file /home/airflow/.local/lib/python3.12/site-packages/airflow/example_dags/example_branch_datetime_operator.py for tasks to queue
[2025-04-11T22:54:41.732+0000] {logging_mixin.py:190} INFO - [2025-04-11T22:54:41.731+0000] {dagbag.py:588} INFO - Filling up the DagBag from /home/airflow/.local/lib/python3.12/site-packages/airflow/example_dags/example_branch_datetime_operator.py
[2025-04-11T22:54:41.751+0000] {processor.py:925} INFO - DAG(s) 'example_branch_datetime_operator', 'example_branch_datetime_operator_2', 'example_branch_datetime_operator_3' retrieved from /home/airflow/.local/lib/python3.12/site-packages/airflow/example_dags/example_branch_datetime_operator.py
[2025-04-11T22:54:41.794+0000] {logging_mixin.py:190} INFO - [2025-04-11T22:54:41.793+0000] {dag.py:3239} INFO - Sync 3 DAGs
[2025-04-11T22:54:41.833+0000] {logging_mixin.py:190} INFO - [2025-04-11T22:54:41.832+0000] {dag.py:4180} INFO - Setting next_dagrun for example_branch_datetime_operator to 2025-04-10 00:00:00+00:00, run_after=2025-04-11 00:00:00+00:00
[2025-04-11T22:54:41.840+0000] {logging_mixin.py:190} INFO - [2025-04-11T22:54:41.840+0000] {dag.py:4180} INFO - Setting next_dagrun for example_branch_datetime_operator_2 to 2025-04-10 00:00:00+00:00, run_after=2025-04-11 00:00:00+00:00
[2025-04-11T22:54:41.845+0000] {logging_mixin.py:190} INFO - [2025-04-11T22:54:41.844+0000] {dag.py:4180} INFO - Setting next_dagrun for example_branch_datetime_operator_3 to 2025-04-10 00:00:00+00:00, run_after=2025-04-11 00:00:00+00:00
[2025-04-11T22:54:41.875+0000] {processor.py:208} INFO - Processing /home/airflow/.local/lib/python3.12/site-packages/airflow/example_dags/example_branch_datetime_operator.py took 0.155 seconds
[2025-04-11T22:55:12.055+0000] {processor.py:186} INFO - Started process (PID=94498) to work on /home/airflow/.local/lib/python3.12/site-packages/airflow/example_dags/example_branch_datetime_operator.py
[2025-04-11T22:55:12.059+0000] {processor.py:914} INFO - Processing file /home/airflow/.local/lib/python3.12/site-packages/airflow/example_dags/example_branch_datetime_operator.py for tasks to queue
[2025-04-11T22:55:12.063+0000] {logging_mixin.py:190} INFO - [2025-04-11T22:55:12.063+0000] {dagbag.py:588} INFO - Filling up the DagBag from /home/airflow/.local/lib/python3.12/site-packages/airflow/example_dags/example_branch_datetime_operator.py
[2025-04-11T22:55:12.084+0000] {processor.py:925} INFO - DAG(s) 'example_branch_datetime_operator', 'example_branch_datetime_operator_3', 'example_branch_datetime_operator_2' retrieved from /home/airflow/.local/lib/python3.12/site-packages/airflow/example_dags/example_branch_datetime_operator.py
[2025-04-11T22:55:12.125+0000] {logging_mixin.py:190} INFO - [2025-04-11T22:55:12.125+0000] {dag.py:3239} INFO - Sync 3 DAGs
[2025-04-11T22:55:12.160+0000] {logging_mixin.py:190} INFO - [2025-04-11T22:55:12.159+0000] {dag.py:4180} INFO - Setting next_dagrun for example_branch_datetime_operator to 2025-04-10 00:00:00+00:00, run_after=2025-04-11 00:00:00+00:00
[2025-04-11T22:55:12.168+0000] {logging_mixin.py:190} INFO - [2025-04-11T22:55:12.167+0000] {dag.py:4180} INFO - Setting next_dagrun for example_branch_datetime_operator_2 to 2025-04-10 00:00:00+00:00, run_after=2025-04-11 00:00:00+00:00
[2025-04-11T22:55:12.172+0000] {logging_mixin.py:190} INFO - [2025-04-11T22:55:12.171+0000] {dag.py:4180} INFO - Setting next_dagrun for example_branch_datetime_operator_3 to 2025-04-10 00:00:00+00:00, run_after=2025-04-11 00:00:00+00:00
[2025-04-11T22:55:12.199+0000] {processor.py:208} INFO - Processing /home/airflow/.local/lib/python3.12/site-packages/airflow/example_dags/example_branch_datetime_operator.py took 0.155 seconds
[2025-04-11T22:55:42.263+0000] {processor.py:186} INFO - Started process (PID=94562) to work on /home/airflow/.local/lib/python3.12/site-packages/airflow/example_dags/example_branch_datetime_operator.py
[2025-04-11T22:55:42.265+0000] {processor.py:914} INFO - Processing file /home/airflow/.local/lib/python3.12/site-packages/airflow/example_dags/example_branch_datetime_operator.py for tasks to queue
[2025-04-11T22:55:42.267+0000] {logging_mixin.py:190} INFO - [2025-04-11T22:55:42.266+0000] {dagbag.py:588} INFO - Filling up the DagBag from /home/airflow/.local/lib/python3.12/site-packages/airflow/example_dags/example_branch_datetime_operator.py
[2025-04-11T22:55:42.283+0000] {processor.py:925} INFO - DAG(s) 'example_branch_datetime_operator_3', 'example_branch_datetime_operator_2', 'example_branch_datetime_operator' retrieved from /home/airflow/.local/lib/python3.12/site-packages/airflow/example_dags/example_branch_datetime_operator.py
[2025-04-11T22:55:42.325+0000] {logging_mixin.py:190} INFO - [2025-04-11T22:55:42.324+0000] {dag.py:3239} INFO - Sync 3 DAGs
[2025-04-11T22:55:42.363+0000] {logging_mixin.py:190} INFO - [2025-04-11T22:55:42.362+0000] {dag.py:4180} INFO - Setting next_dagrun for example_branch_datetime_operator to 2025-04-10 00:00:00+00:00, run_after=2025-04-11 00:00:00+00:00
[2025-04-11T22:55:42.372+0000] {logging_mixin.py:190} INFO - [2025-04-11T22:55:42.371+0000] {dag.py:4180} INFO - Setting next_dagrun for example_branch_datetime_operator_2 to 2025-04-10 00:00:00+00:00, run_after=2025-04-11 00:00:00+00:00
[2025-04-11T22:55:42.377+0000] {logging_mixin.py:190} INFO - [2025-04-11T22:55:42.376+0000] {dag.py:4180} INFO - Setting next_dagrun for example_branch_datetime_operator_3 to 2025-04-10 00:00:00+00:00, run_after=2025-04-11 00:00:00+00:00
[2025-04-11T22:55:42.418+0000] {processor.py:208} INFO - Processing /home/airflow/.local/lib/python3.12/site-packages/airflow/example_dags/example_branch_datetime_operator.py took 0.163 seconds
[2025-04-11T22:56:12.524+0000] {processor.py:186} INFO - Started process (PID=94627) to work on /home/airflow/.local/lib/python3.12/site-packages/airflow/example_dags/example_branch_datetime_operator.py
[2025-04-11T22:56:12.525+0000] {processor.py:914} INFO - Processing file /home/airflow/.local/lib/python3.12/site-packages/airflow/example_dags/example_branch_datetime_operator.py for tasks to queue
[2025-04-11T22:56:12.527+0000] {logging_mixin.py:190} INFO - [2025-04-11T22:56:12.527+0000] {dagbag.py:588} INFO - Filling up the DagBag from /home/airflow/.local/lib/python3.12/site-packages/airflow/example_dags/example_branch_datetime_operator.py
[2025-04-11T22:56:12.544+0000] {processor.py:925} INFO - DAG(s) 'example_branch_datetime_operator', 'example_branch_datetime_operator_2', 'example_branch_datetime_operator_3' retrieved from /home/airflow/.local/lib/python3.12/site-packages/airflow/example_dags/example_branch_datetime_operator.py
[2025-04-11T22:56:12.589+0000] {logging_mixin.py:190} INFO - [2025-04-11T22:56:12.589+0000] {dag.py:3239} INFO - Sync 3 DAGs
[2025-04-11T22:56:12.625+0000] {logging_mixin.py:190} INFO - [2025-04-11T22:56:12.625+0000] {dag.py:4180} INFO - Setting next_dagrun for example_branch_datetime_operator to 2025-04-10 00:00:00+00:00, run_after=2025-04-11 00:00:00+00:00
[2025-04-11T22:56:12.632+0000] {logging_mixin.py:190} INFO - [2025-04-11T22:56:12.632+0000] {dag.py:4180} INFO - Setting next_dagrun for example_branch_datetime_operator_2 to 2025-04-10 00:00:00+00:00, run_after=2025-04-11 00:00:00+00:00
[2025-04-11T22:56:12.637+0000] {logging_mixin.py:190} INFO - [2025-04-11T22:56:12.636+0000] {dag.py:4180} INFO - Setting next_dagrun for example_branch_datetime_operator_3 to 2025-04-10 00:00:00+00:00, run_after=2025-04-11 00:00:00+00:00
[2025-04-11T22:56:12.667+0000] {processor.py:208} INFO - Processing /home/airflow/.local/lib/python3.12/site-packages/airflow/example_dags/example_branch_datetime_operator.py took 0.151 seconds
[2025-04-11T22:56:42.905+0000] {processor.py:186} INFO - Started process (PID=94692) to work on /home/airflow/.local/lib/python3.12/site-packages/airflow/example_dags/example_branch_datetime_operator.py
[2025-04-11T22:56:42.907+0000] {processor.py:914} INFO - Processing file /home/airflow/.local/lib/python3.12/site-packages/airflow/example_dags/example_branch_datetime_operator.py for tasks to queue
[2025-04-11T22:56:42.909+0000] {logging_mixin.py:190} INFO - [2025-04-11T22:56:42.909+0000] {dagbag.py:588} INFO - Filling up the DagBag from /home/airflow/.local/lib/python3.12/site-packages/airflow/example_dags/example_branch_datetime_operator.py
[2025-04-11T22:56:42.930+0000] {processor.py:925} INFO - DAG(s) 'example_branch_datetime_operator_2', 'example_branch_datetime_operator_3', 'example_branch_datetime_operator' retrieved from /home/airflow/.local/lib/python3.12/site-packages/airflow/example_dags/example_branch_datetime_operator.py
[2025-04-11T22:56:42.975+0000] {logging_mixin.py:190} INFO - [2025-04-11T22:56:42.974+0000] {dag.py:3239} INFO - Sync 3 DAGs
[2025-04-11T22:56:43.019+0000] {logging_mixin.py:190} INFO - [2025-04-11T22:56:43.018+0000] {dag.py:4180} INFO - Setting next_dagrun for example_branch_datetime_operator to 2025-04-10 00:00:00+00:00, run_after=2025-04-11 00:00:00+00:00
[2025-04-11T22:56:43.027+0000] {logging_mixin.py:190} INFO - [2025-04-11T22:56:43.026+0000] {dag.py:4180} INFO - Setting next_dagrun for example_branch_datetime_operator_2 to 2025-04-10 00:00:00+00:00, run_after=2025-04-11 00:00:00+00:00
[2025-04-11T22:56:43.031+0000] {logging_mixin.py:190} INFO - [2025-04-11T22:56:43.031+0000] {dag.py:4180} INFO - Setting next_dagrun for example_branch_datetime_operator_3 to 2025-04-10 00:00:00+00:00, run_after=2025-04-11 00:00:00+00:00
[2025-04-11T22:56:43.061+0000] {processor.py:208} INFO - Processing /home/airflow/.local/lib/python3.12/site-packages/airflow/example_dags/example_branch_datetime_operator.py took 0.166 seconds
[2025-04-11T22:57:13.183+0000] {processor.py:186} INFO - Started process (PID=94757) to work on /home/airflow/.local/lib/python3.12/site-packages/airflow/example_dags/example_branch_datetime_operator.py
[2025-04-11T22:57:13.185+0000] {processor.py:914} INFO - Processing file /home/airflow/.local/lib/python3.12/site-packages/airflow/example_dags/example_branch_datetime_operator.py for tasks to queue
[2025-04-11T22:57:13.188+0000] {logging_mixin.py:190} INFO - [2025-04-11T22:57:13.187+0000] {dagbag.py:588} INFO - Filling up the DagBag from /home/airflow/.local/lib/python3.12/site-packages/airflow/example_dags/example_branch_datetime_operator.py
[2025-04-11T22:57:13.207+0000] {processor.py:925} INFO - DAG(s) 'example_branch_datetime_operator_3', 'example_branch_datetime_operator_2', 'example_branch_datetime_operator' retrieved from /home/airflow/.local/lib/python3.12/site-packages/airflow/example_dags/example_branch_datetime_operator.py
[2025-04-11T22:57:13.250+0000] {logging_mixin.py:190} INFO - [2025-04-11T22:57:13.250+0000] {dag.py:3239} INFO - Sync 3 DAGs
[2025-04-11T22:57:13.287+0000] {logging_mixin.py:190} INFO - [2025-04-11T22:57:13.287+0000] {dag.py:4180} INFO - Setting next_dagrun for example_branch_datetime_operator to 2025-04-10 00:00:00+00:00, run_after=2025-04-11 00:00:00+00:00
[2025-04-11T22:57:13.297+0000] {logging_mixin.py:190} INFO - [2025-04-11T22:57:13.297+0000] {dag.py:4180} INFO - Setting next_dagrun for example_branch_datetime_operator_2 to 2025-04-10 00:00:00+00:00, run_after=2025-04-11 00:00:00+00:00
[2025-04-11T22:57:13.301+0000] {logging_mixin.py:190} INFO - [2025-04-11T22:57:13.301+0000] {dag.py:4180} INFO - Setting next_dagrun for example_branch_datetime_operator_3 to 2025-04-10 00:00:00+00:00, run_after=2025-04-11 00:00:00+00:00
[2025-04-11T22:57:13.333+0000] {processor.py:208} INFO - Processing /home/airflow/.local/lib/python3.12/site-packages/airflow/example_dags/example_branch_datetime_operator.py took 0.160 seconds
[2025-04-11T22:57:43.884+0000] {processor.py:186} INFO - Started process (PID=94822) to work on /home/airflow/.local/lib/python3.12/site-packages/airflow/example_dags/example_branch_datetime_operator.py
[2025-04-11T22:57:43.885+0000] {processor.py:914} INFO - Processing file /home/airflow/.local/lib/python3.12/site-packages/airflow/example_dags/example_branch_datetime_operator.py for tasks to queue
[2025-04-11T22:57:43.888+0000] {logging_mixin.py:190} INFO - [2025-04-11T22:57:43.887+0000] {dagbag.py:588} INFO - Filling up the DagBag from /home/airflow/.local/lib/python3.12/site-packages/airflow/example_dags/example_branch_datetime_operator.py
[2025-04-11T22:57:43.908+0000] {processor.py:925} INFO - DAG(s) 'example_branch_datetime_operator_2', 'example_branch_datetime_operator_3', 'example_branch_datetime_operator' retrieved from /home/airflow/.local/lib/python3.12/site-packages/airflow/example_dags/example_branch_datetime_operator.py
[2025-04-11T22:57:43.957+0000] {logging_mixin.py:190} INFO - [2025-04-11T22:57:43.957+0000] {dag.py:3239} INFO - Sync 3 DAGs
[2025-04-11T22:57:44.000+0000] {logging_mixin.py:190} INFO - [2025-04-11T22:57:44.000+0000] {dag.py:4180} INFO - Setting next_dagrun for example_branch_datetime_operator to 2025-04-10 00:00:00+00:00, run_after=2025-04-11 00:00:00+00:00
[2025-04-11T22:57:44.009+0000] {logging_mixin.py:190} INFO - [2025-04-11T22:57:44.009+0000] {dag.py:4180} INFO - Setting next_dagrun for example_branch_datetime_operator_2 to 2025-04-10 00:00:00+00:00, run_after=2025-04-11 00:00:00+00:00
[2025-04-11T22:57:44.015+0000] {logging_mixin.py:190} INFO - [2025-04-11T22:57:44.014+0000] {dag.py:4180} INFO - Setting next_dagrun for example_branch_datetime_operator_3 to 2025-04-10 00:00:00+00:00, run_after=2025-04-11 00:00:00+00:00
[2025-04-11T22:57:44.046+0000] {processor.py:208} INFO - Processing /home/airflow/.local/lib/python3.12/site-packages/airflow/example_dags/example_branch_datetime_operator.py took 0.171 seconds
[2025-04-11T22:58:14.710+0000] {processor.py:186} INFO - Started process (PID=94887) to work on /home/airflow/.local/lib/python3.12/site-packages/airflow/example_dags/example_branch_datetime_operator.py
[2025-04-11T22:58:14.711+0000] {processor.py:914} INFO - Processing file /home/airflow/.local/lib/python3.12/site-packages/airflow/example_dags/example_branch_datetime_operator.py for tasks to queue
[2025-04-11T22:58:14.713+0000] {logging_mixin.py:190} INFO - [2025-04-11T22:58:14.713+0000] {dagbag.py:588} INFO - Filling up the DagBag from /home/airflow/.local/lib/python3.12/site-packages/airflow/example_dags/example_branch_datetime_operator.py
[2025-04-11T22:58:14.732+0000] {processor.py:925} INFO - DAG(s) 'example_branch_datetime_operator_2', 'example_branch_datetime_operator_3', 'example_branch_datetime_operator' retrieved from /home/airflow/.local/lib/python3.12/site-packages/airflow/example_dags/example_branch_datetime_operator.py
[2025-04-11T22:58:14.781+0000] {logging_mixin.py:190} INFO - [2025-04-11T22:58:14.781+0000] {dag.py:3239} INFO - Sync 3 DAGs
[2025-04-11T22:58:14.821+0000] {logging_mixin.py:190} INFO - [2025-04-11T22:58:14.821+0000] {dag.py:4180} INFO - Setting next_dagrun for example_branch_datetime_operator to 2025-04-10 00:00:00+00:00, run_after=2025-04-11 00:00:00+00:00
[2025-04-11T22:58:14.829+0000] {logging_mixin.py:190} INFO - [2025-04-11T22:58:14.829+0000] {dag.py:4180} INFO - Setting next_dagrun for example_branch_datetime_operator_2 to 2025-04-10 00:00:00+00:00, run_after=2025-04-11 00:00:00+00:00
[2025-04-11T22:58:14.834+0000] {logging_mixin.py:190} INFO - [2025-04-11T22:58:14.833+0000] {dag.py:4180} INFO - Setting next_dagrun for example_branch_datetime_operator_3 to 2025-04-10 00:00:00+00:00, run_after=2025-04-11 00:00:00+00:00
[2025-04-11T22:58:14.867+0000] {processor.py:208} INFO - Processing /home/airflow/.local/lib/python3.12/site-packages/airflow/example_dags/example_branch_datetime_operator.py took 0.165 seconds
[2025-04-11T22:58:45.071+0000] {processor.py:186} INFO - Started process (PID=94952) to work on /home/airflow/.local/lib/python3.12/site-packages/airflow/example_dags/example_branch_datetime_operator.py
[2025-04-11T22:58:45.073+0000] {processor.py:914} INFO - Processing file /home/airflow/.local/lib/python3.12/site-packages/airflow/example_dags/example_branch_datetime_operator.py for tasks to queue
[2025-04-11T22:58:45.075+0000] {logging_mixin.py:190} INFO - [2025-04-11T22:58:45.075+0000] {dagbag.py:588} INFO - Filling up the DagBag from /home/airflow/.local/lib/python3.12/site-packages/airflow/example_dags/example_branch_datetime_operator.py
[2025-04-11T22:58:45.093+0000] {processor.py:925} INFO - DAG(s) 'example_branch_datetime_operator_2', 'example_branch_datetime_operator', 'example_branch_datetime_operator_3' retrieved from /home/airflow/.local/lib/python3.12/site-packages/airflow/example_dags/example_branch_datetime_operator.py
[2025-04-11T22:58:45.137+0000] {logging_mixin.py:190} INFO - [2025-04-11T22:58:45.136+0000] {dag.py:3239} INFO - Sync 3 DAGs
[2025-04-11T22:58:45.183+0000] {logging_mixin.py:190} INFO - [2025-04-11T22:58:45.183+0000] {dag.py:4180} INFO - Setting next_dagrun for example_branch_datetime_operator to 2025-04-10 00:00:00+00:00, run_after=2025-04-11 00:00:00+00:00
[2025-04-11T22:58:45.192+0000] {logging_mixin.py:190} INFO - [2025-04-11T22:58:45.191+0000] {dag.py:4180} INFO - Setting next_dagrun for example_branch_datetime_operator_2 to 2025-04-10 00:00:00+00:00, run_after=2025-04-11 00:00:00+00:00
[2025-04-11T22:58:45.196+0000] {logging_mixin.py:190} INFO - [2025-04-11T22:58:45.196+0000] {dag.py:4180} INFO - Setting next_dagrun for example_branch_datetime_operator_3 to 2025-04-10 00:00:00+00:00, run_after=2025-04-11 00:00:00+00:00
[2025-04-11T22:58:45.229+0000] {processor.py:208} INFO - Processing /home/airflow/.local/lib/python3.12/site-packages/airflow/example_dags/example_branch_datetime_operator.py took 0.167 seconds
[2025-04-11T22:59:16.048+0000] {processor.py:186} INFO - Started process (PID=95017) to work on /home/airflow/.local/lib/python3.12/site-packages/airflow/example_dags/example_branch_datetime_operator.py
[2025-04-11T22:59:16.049+0000] {processor.py:914} INFO - Processing file /home/airflow/.local/lib/python3.12/site-packages/airflow/example_dags/example_branch_datetime_operator.py for tasks to queue
[2025-04-11T22:59:16.052+0000] {logging_mixin.py:190} INFO - [2025-04-11T22:59:16.051+0000] {dagbag.py:588} INFO - Filling up the DagBag from /home/airflow/.local/lib/python3.12/site-packages/airflow/example_dags/example_branch_datetime_operator.py
[2025-04-11T22:59:16.075+0000] {processor.py:925} INFO - DAG(s) 'example_branch_datetime_operator_3', 'example_branch_datetime_operator', 'example_branch_datetime_operator_2' retrieved from /home/airflow/.local/lib/python3.12/site-packages/airflow/example_dags/example_branch_datetime_operator.py
[2025-04-11T22:59:16.118+0000] {logging_mixin.py:190} INFO - [2025-04-11T22:59:16.117+0000] {dag.py:3239} INFO - Sync 3 DAGs
[2025-04-11T22:59:16.160+0000] {logging_mixin.py:190} INFO - [2025-04-11T22:59:16.160+0000] {dag.py:4180} INFO - Setting next_dagrun for example_branch_datetime_operator to 2025-04-10 00:00:00+00:00, run_after=2025-04-11 00:00:00+00:00
[2025-04-11T22:59:16.169+0000] {logging_mixin.py:190} INFO - [2025-04-11T22:59:16.169+0000] {dag.py:4180} INFO - Setting next_dagrun for example_branch_datetime_operator_2 to 2025-04-10 00:00:00+00:00, run_after=2025-04-11 00:00:00+00:00
[2025-04-11T22:59:16.175+0000] {logging_mixin.py:190} INFO - [2025-04-11T22:59:16.174+0000] {dag.py:4180} INFO - Setting next_dagrun for example_branch_datetime_operator_3 to 2025-04-10 00:00:00+00:00, run_after=2025-04-11 00:00:00+00:00
[2025-04-11T22:59:16.207+0000] {processor.py:208} INFO - Processing /home/airflow/.local/lib/python3.12/site-packages/airflow/example_dags/example_branch_datetime_operator.py took 0.172 seconds
[2025-04-11T22:59:47.093+0000] {processor.py:186} INFO - Started process (PID=95083) to work on /home/airflow/.local/lib/python3.12/site-packages/airflow/example_dags/example_branch_datetime_operator.py
[2025-04-11T22:59:47.095+0000] {processor.py:914} INFO - Processing file /home/airflow/.local/lib/python3.12/site-packages/airflow/example_dags/example_branch_datetime_operator.py for tasks to queue
[2025-04-11T22:59:47.098+0000] {logging_mixin.py:190} INFO - [2025-04-11T22:59:47.097+0000] {dagbag.py:588} INFO - Filling up the DagBag from /home/airflow/.local/lib/python3.12/site-packages/airflow/example_dags/example_branch_datetime_operator.py
[2025-04-11T22:59:47.124+0000] {processor.py:925} INFO - DAG(s) 'example_branch_datetime_operator', 'example_branch_datetime_operator_2', 'example_branch_datetime_operator_3' retrieved from /home/airflow/.local/lib/python3.12/site-packages/airflow/example_dags/example_branch_datetime_operator.py
[2025-04-11T22:59:47.178+0000] {logging_mixin.py:190} INFO - [2025-04-11T22:59:47.178+0000] {dag.py:3239} INFO - Sync 3 DAGs
[2025-04-11T22:59:47.219+0000] {logging_mixin.py:190} INFO - [2025-04-11T22:59:47.218+0000] {dag.py:4180} INFO - Setting next_dagrun for example_branch_datetime_operator to 2025-04-10 00:00:00+00:00, run_after=2025-04-11 00:00:00+00:00
[2025-04-11T22:59:47.228+0000] {logging_mixin.py:190} INFO - [2025-04-11T22:59:47.228+0000] {dag.py:4180} INFO - Setting next_dagrun for example_branch_datetime_operator_2 to 2025-04-10 00:00:00+00:00, run_after=2025-04-11 00:00:00+00:00
[2025-04-11T22:59:47.234+0000] {logging_mixin.py:190} INFO - [2025-04-11T22:59:47.233+0000] {dag.py:4180} INFO - Setting next_dagrun for example_branch_datetime_operator_3 to 2025-04-10 00:00:00+00:00, run_after=2025-04-11 00:00:00+00:00
[2025-04-11T22:59:47.267+0000] {processor.py:208} INFO - Processing /home/airflow/.local/lib/python3.12/site-packages/airflow/example_dags/example_branch_datetime_operator.py took 0.187 seconds
[2025-04-11T23:00:17.912+0000] {processor.py:186} INFO - Started process (PID=95148) to work on /home/airflow/.local/lib/python3.12/site-packages/airflow/example_dags/example_branch_datetime_operator.py
[2025-04-11T23:00:17.914+0000] {processor.py:914} INFO - Processing file /home/airflow/.local/lib/python3.12/site-packages/airflow/example_dags/example_branch_datetime_operator.py for tasks to queue
[2025-04-11T23:00:17.916+0000] {logging_mixin.py:190} INFO - [2025-04-11T23:00:17.916+0000] {dagbag.py:588} INFO - Filling up the DagBag from /home/airflow/.local/lib/python3.12/site-packages/airflow/example_dags/example_branch_datetime_operator.py
[2025-04-11T23:00:17.940+0000] {processor.py:925} INFO - DAG(s) 'example_branch_datetime_operator_3', 'example_branch_datetime_operator_2', 'example_branch_datetime_operator' retrieved from /home/airflow/.local/lib/python3.12/site-packages/airflow/example_dags/example_branch_datetime_operator.py
[2025-04-11T23:00:17.998+0000] {logging_mixin.py:190} INFO - [2025-04-11T23:00:17.998+0000] {dag.py:3239} INFO - Sync 3 DAGs
[2025-04-11T23:00:18.045+0000] {logging_mixin.py:190} INFO - [2025-04-11T23:00:18.044+0000] {dag.py:4180} INFO - Setting next_dagrun for example_branch_datetime_operator to 2025-04-10 00:00:00+00:00, run_after=2025-04-11 00:00:00+00:00
[2025-04-11T23:00:18.053+0000] {logging_mixin.py:190} INFO - [2025-04-11T23:00:18.052+0000] {dag.py:4180} INFO - Setting next_dagrun for example_branch_datetime_operator_2 to 2025-04-10 00:00:00+00:00, run_after=2025-04-11 00:00:00+00:00
[2025-04-11T23:00:18.057+0000] {logging_mixin.py:190} INFO - [2025-04-11T23:00:18.057+0000] {dag.py:4180} INFO - Setting next_dagrun for example_branch_datetime_operator_3 to 2025-04-10 00:00:00+00:00, run_after=2025-04-11 00:00:00+00:00
[2025-04-11T23:00:18.088+0000] {processor.py:208} INFO - Processing /home/airflow/.local/lib/python3.12/site-packages/airflow/example_dags/example_branch_datetime_operator.py took 0.186 seconds
[2025-04-11T23:00:48.636+0000] {processor.py:186} INFO - Started process (PID=95213) to work on /home/airflow/.local/lib/python3.12/site-packages/airflow/example_dags/example_branch_datetime_operator.py
[2025-04-11T23:00:48.638+0000] {processor.py:914} INFO - Processing file /home/airflow/.local/lib/python3.12/site-packages/airflow/example_dags/example_branch_datetime_operator.py for tasks to queue
[2025-04-11T23:00:48.640+0000] {logging_mixin.py:190} INFO - [2025-04-11T23:00:48.640+0000] {dagbag.py:588} INFO - Filling up the DagBag from /home/airflow/.local/lib/python3.12/site-packages/airflow/example_dags/example_branch_datetime_operator.py
[2025-04-11T23:00:48.658+0000] {processor.py:925} INFO - DAG(s) 'example_branch_datetime_operator', 'example_branch_datetime_operator_2', 'example_branch_datetime_operator_3' retrieved from /home/airflow/.local/lib/python3.12/site-packages/airflow/example_dags/example_branch_datetime_operator.py
[2025-04-11T23:00:48.696+0000] {logging_mixin.py:190} INFO - [2025-04-11T23:00:48.696+0000] {dag.py:3239} INFO - Sync 3 DAGs
[2025-04-11T23:00:48.732+0000] {logging_mixin.py:190} INFO - [2025-04-11T23:00:48.732+0000] {dag.py:4180} INFO - Setting next_dagrun for example_branch_datetime_operator to 2025-04-10 00:00:00+00:00, run_after=2025-04-11 00:00:00+00:00
[2025-04-11T23:00:48.741+0000] {logging_mixin.py:190} INFO - [2025-04-11T23:00:48.741+0000] {dag.py:4180} INFO - Setting next_dagrun for example_branch_datetime_operator_2 to 2025-04-10 00:00:00+00:00, run_after=2025-04-11 00:00:00+00:00
[2025-04-11T23:00:48.745+0000] {logging_mixin.py:190} INFO - [2025-04-11T23:00:48.745+0000] {dag.py:4180} INFO - Setting next_dagrun for example_branch_datetime_operator_3 to 2025-04-10 00:00:00+00:00, run_after=2025-04-11 00:00:00+00:00
[2025-04-11T23:00:48.791+0000] {processor.py:208} INFO - Processing /home/airflow/.local/lib/python3.12/site-packages/airflow/example_dags/example_branch_datetime_operator.py took 0.163 seconds
[2025-04-11T23:01:18.987+0000] {processor.py:186} INFO - Started process (PID=95278) to work on /home/airflow/.local/lib/python3.12/site-packages/airflow/example_dags/example_branch_datetime_operator.py
[2025-04-11T23:01:18.989+0000] {processor.py:914} INFO - Processing file /home/airflow/.local/lib/python3.12/site-packages/airflow/example_dags/example_branch_datetime_operator.py for tasks to queue
[2025-04-11T23:01:18.991+0000] {logging_mixin.py:190} INFO - [2025-04-11T23:01:18.990+0000] {dagbag.py:588} INFO - Filling up the DagBag from /home/airflow/.local/lib/python3.12/site-packages/airflow/example_dags/example_branch_datetime_operator.py
[2025-04-11T23:01:19.008+0000] {processor.py:925} INFO - DAG(s) 'example_branch_datetime_operator', 'example_branch_datetime_operator_2', 'example_branch_datetime_operator_3' retrieved from /home/airflow/.local/lib/python3.12/site-packages/airflow/example_dags/example_branch_datetime_operator.py
[2025-04-11T23:01:19.057+0000] {logging_mixin.py:190} INFO - [2025-04-11T23:01:19.057+0000] {dag.py:3239} INFO - Sync 3 DAGs
[2025-04-11T23:01:19.101+0000] {logging_mixin.py:190} INFO - [2025-04-11T23:01:19.101+0000] {dag.py:4180} INFO - Setting next_dagrun for example_branch_datetime_operator to 2025-04-10 00:00:00+00:00, run_after=2025-04-11 00:00:00+00:00
[2025-04-11T23:01:19.110+0000] {logging_mixin.py:190} INFO - [2025-04-11T23:01:19.109+0000] {dag.py:4180} INFO - Setting next_dagrun for example_branch_datetime_operator_2 to 2025-04-10 00:00:00+00:00, run_after=2025-04-11 00:00:00+00:00
[2025-04-11T23:01:19.114+0000] {logging_mixin.py:190} INFO - [2025-04-11T23:01:19.114+0000] {dag.py:4180} INFO - Setting next_dagrun for example_branch_datetime_operator_3 to 2025-04-10 00:00:00+00:00, run_after=2025-04-11 00:00:00+00:00
[2025-04-11T23:01:19.140+0000] {processor.py:208} INFO - Processing /home/airflow/.local/lib/python3.12/site-packages/airflow/example_dags/example_branch_datetime_operator.py took 0.162 seconds
[2025-04-11T23:01:49.815+0000] {processor.py:186} INFO - Started process (PID=95343) to work on /home/airflow/.local/lib/python3.12/site-packages/airflow/example_dags/example_branch_datetime_operator.py
[2025-04-11T23:01:49.816+0000] {processor.py:914} INFO - Processing file /home/airflow/.local/lib/python3.12/site-packages/airflow/example_dags/example_branch_datetime_operator.py for tasks to queue
[2025-04-11T23:01:49.819+0000] {logging_mixin.py:190} INFO - [2025-04-11T23:01:49.818+0000] {dagbag.py:588} INFO - Filling up the DagBag from /home/airflow/.local/lib/python3.12/site-packages/airflow/example_dags/example_branch_datetime_operator.py
[2025-04-11T23:01:49.841+0000] {processor.py:925} INFO - DAG(s) 'example_branch_datetime_operator_2', 'example_branch_datetime_operator_3', 'example_branch_datetime_operator' retrieved from /home/airflow/.local/lib/python3.12/site-packages/airflow/example_dags/example_branch_datetime_operator.py
[2025-04-11T23:01:49.886+0000] {logging_mixin.py:190} INFO - [2025-04-11T23:01:49.885+0000] {dag.py:3239} INFO - Sync 3 DAGs
[2025-04-11T23:01:49.924+0000] {logging_mixin.py:190} INFO - [2025-04-11T23:01:49.923+0000] {dag.py:4180} INFO - Setting next_dagrun for example_branch_datetime_operator to 2025-04-10 00:00:00+00:00, run_after=2025-04-11 00:00:00+00:00
[2025-04-11T23:01:49.931+0000] {logging_mixin.py:190} INFO - [2025-04-11T23:01:49.931+0000] {dag.py:4180} INFO - Setting next_dagrun for example_branch_datetime_operator_2 to 2025-04-10 00:00:00+00:00, run_after=2025-04-11 00:00:00+00:00
[2025-04-11T23:01:49.935+0000] {logging_mixin.py:190} INFO - [2025-04-11T23:01:49.935+0000] {dag.py:4180} INFO - Setting next_dagrun for example_branch_datetime_operator_3 to 2025-04-10 00:00:00+00:00, run_after=2025-04-11 00:00:00+00:00
[2025-04-11T23:01:49.966+0000] {processor.py:208} INFO - Processing /home/airflow/.local/lib/python3.12/site-packages/airflow/example_dags/example_branch_datetime_operator.py took 0.159 seconds
[2025-04-11T23:02:20.247+0000] {processor.py:186} INFO - Started process (PID=95408) to work on /home/airflow/.local/lib/python3.12/site-packages/airflow/example_dags/example_branch_datetime_operator.py
[2025-04-11T23:02:20.249+0000] {processor.py:914} INFO - Processing file /home/airflow/.local/lib/python3.12/site-packages/airflow/example_dags/example_branch_datetime_operator.py for tasks to queue
[2025-04-11T23:02:20.251+0000] {logging_mixin.py:190} INFO - [2025-04-11T23:02:20.250+0000] {dagbag.py:588} INFO - Filling up the DagBag from /home/airflow/.local/lib/python3.12/site-packages/airflow/example_dags/example_branch_datetime_operator.py
[2025-04-11T23:02:20.267+0000] {processor.py:925} INFO - DAG(s) 'example_branch_datetime_operator_2', 'example_branch_datetime_operator', 'example_branch_datetime_operator_3' retrieved from /home/airflow/.local/lib/python3.12/site-packages/airflow/example_dags/example_branch_datetime_operator.py
[2025-04-11T23:02:20.308+0000] {logging_mixin.py:190} INFO - [2025-04-11T23:02:20.308+0000] {dag.py:3239} INFO - Sync 3 DAGs
[2025-04-11T23:02:20.354+0000] {logging_mixin.py:190} INFO - [2025-04-11T23:02:20.353+0000] {dag.py:4180} INFO - Setting next_dagrun for example_branch_datetime_operator to 2025-04-10 00:00:00+00:00, run_after=2025-04-11 00:00:00+00:00
[2025-04-11T23:02:20.365+0000] {logging_mixin.py:190} INFO - [2025-04-11T23:02:20.365+0000] {dag.py:4180} INFO - Setting next_dagrun for example_branch_datetime_operator_2 to 2025-04-10 00:00:00+00:00, run_after=2025-04-11 00:00:00+00:00
[2025-04-11T23:02:20.370+0000] {logging_mixin.py:190} INFO - [2025-04-11T23:02:20.370+0000] {dag.py:4180} INFO - Setting next_dagrun for example_branch_datetime_operator_3 to 2025-04-10 00:00:00+00:00, run_after=2025-04-11 00:00:00+00:00
[2025-04-11T23:02:20.405+0000] {processor.py:208} INFO - Processing /home/airflow/.local/lib/python3.12/site-packages/airflow/example_dags/example_branch_datetime_operator.py took 0.165 seconds
[2025-04-11T23:02:50.650+0000] {processor.py:186} INFO - Started process (PID=95473) to work on /home/airflow/.local/lib/python3.12/site-packages/airflow/example_dags/example_branch_datetime_operator.py
[2025-04-11T23:02:50.652+0000] {processor.py:914} INFO - Processing file /home/airflow/.local/lib/python3.12/site-packages/airflow/example_dags/example_branch_datetime_operator.py for tasks to queue
[2025-04-11T23:02:50.655+0000] {logging_mixin.py:190} INFO - [2025-04-11T23:02:50.655+0000] {dagbag.py:588} INFO - Filling up the DagBag from /home/airflow/.local/lib/python3.12/site-packages/airflow/example_dags/example_branch_datetime_operator.py
[2025-04-11T23:02:50.674+0000] {processor.py:925} INFO - DAG(s) 'example_branch_datetime_operator_3', 'example_branch_datetime_operator_2', 'example_branch_datetime_operator' retrieved from /home/airflow/.local/lib/python3.12/site-packages/airflow/example_dags/example_branch_datetime_operator.py
[2025-04-11T23:02:50.733+0000] {logging_mixin.py:190} INFO - [2025-04-11T23:02:50.733+0000] {dag.py:3239} INFO - Sync 3 DAGs
[2025-04-11T23:02:50.773+0000] {logging_mixin.py:190} INFO - [2025-04-11T23:02:50.772+0000] {dag.py:4180} INFO - Setting next_dagrun for example_branch_datetime_operator to 2025-04-10 00:00:00+00:00, run_after=2025-04-11 00:00:00+00:00
[2025-04-11T23:02:50.780+0000] {logging_mixin.py:190} INFO - [2025-04-11T23:02:50.780+0000] {dag.py:4180} INFO - Setting next_dagrun for example_branch_datetime_operator_2 to 2025-04-10 00:00:00+00:00, run_after=2025-04-11 00:00:00+00:00
[2025-04-11T23:02:50.785+0000] {logging_mixin.py:190} INFO - [2025-04-11T23:02:50.784+0000] {dag.py:4180} INFO - Setting next_dagrun for example_branch_datetime_operator_3 to 2025-04-10 00:00:00+00:00, run_after=2025-04-11 00:00:00+00:00
[2025-04-11T23:02:50.824+0000] {processor.py:208} INFO - Processing /home/airflow/.local/lib/python3.12/site-packages/airflow/example_dags/example_branch_datetime_operator.py took 0.182 seconds
[2025-04-11T23:03:21.079+0000] {processor.py:186} INFO - Started process (PID=95538) to work on /home/airflow/.local/lib/python3.12/site-packages/airflow/example_dags/example_branch_datetime_operator.py
[2025-04-11T23:03:21.081+0000] {processor.py:914} INFO - Processing file /home/airflow/.local/lib/python3.12/site-packages/airflow/example_dags/example_branch_datetime_operator.py for tasks to queue
[2025-04-11T23:03:21.083+0000] {logging_mixin.py:190} INFO - [2025-04-11T23:03:21.083+0000] {dagbag.py:588} INFO - Filling up the DagBag from /home/airflow/.local/lib/python3.12/site-packages/airflow/example_dags/example_branch_datetime_operator.py
[2025-04-11T23:03:21.100+0000] {processor.py:925} INFO - DAG(s) 'example_branch_datetime_operator', 'example_branch_datetime_operator_3', 'example_branch_datetime_operator_2' retrieved from /home/airflow/.local/lib/python3.12/site-packages/airflow/example_dags/example_branch_datetime_operator.py
[2025-04-11T23:03:21.145+0000] {logging_mixin.py:190} INFO - [2025-04-11T23:03:21.144+0000] {dag.py:3239} INFO - Sync 3 DAGs
[2025-04-11T23:03:21.185+0000] {logging_mixin.py:190} INFO - [2025-04-11T23:03:21.185+0000] {dag.py:4180} INFO - Setting next_dagrun for example_branch_datetime_operator to 2025-04-10 00:00:00+00:00, run_after=2025-04-11 00:00:00+00:00
[2025-04-11T23:03:21.194+0000] {logging_mixin.py:190} INFO - [2025-04-11T23:03:21.194+0000] {dag.py:4180} INFO - Setting next_dagrun for example_branch_datetime_operator_2 to 2025-04-10 00:00:00+00:00, run_after=2025-04-11 00:00:00+00:00
[2025-04-11T23:03:21.199+0000] {logging_mixin.py:190} INFO - [2025-04-11T23:03:21.199+0000] {dag.py:4180} INFO - Setting next_dagrun for example_branch_datetime_operator_3 to 2025-04-10 00:00:00+00:00, run_after=2025-04-11 00:00:00+00:00
[2025-04-11T23:03:21.233+0000] {processor.py:208} INFO - Processing /home/airflow/.local/lib/python3.12/site-packages/airflow/example_dags/example_branch_datetime_operator.py took 0.160 seconds
[2025-04-11T23:03:51.353+0000] {processor.py:186} INFO - Started process (PID=95603) to work on /home/airflow/.local/lib/python3.12/site-packages/airflow/example_dags/example_branch_datetime_operator.py
[2025-04-11T23:03:51.354+0000] {processor.py:914} INFO - Processing file /home/airflow/.local/lib/python3.12/site-packages/airflow/example_dags/example_branch_datetime_operator.py for tasks to queue
[2025-04-11T23:03:51.356+0000] {logging_mixin.py:190} INFO - [2025-04-11T23:03:51.356+0000] {dagbag.py:588} INFO - Filling up the DagBag from /home/airflow/.local/lib/python3.12/site-packages/airflow/example_dags/example_branch_datetime_operator.py
[2025-04-11T23:03:51.374+0000] {processor.py:925} INFO - DAG(s) 'example_branch_datetime_operator', 'example_branch_datetime_operator_3', 'example_branch_datetime_operator_2' retrieved from /home/airflow/.local/lib/python3.12/site-packages/airflow/example_dags/example_branch_datetime_operator.py
[2025-04-11T23:03:51.422+0000] {logging_mixin.py:190} INFO - [2025-04-11T23:03:51.421+0000] {dag.py:3239} INFO - Sync 3 DAGs
[2025-04-11T23:03:51.468+0000] {logging_mixin.py:190} INFO - [2025-04-11T23:03:51.467+0000] {dag.py:4180} INFO - Setting next_dagrun for example_branch_datetime_operator to 2025-04-10 00:00:00+00:00, run_after=2025-04-11 00:00:00+00:00
[2025-04-11T23:03:51.478+0000] {logging_mixin.py:190} INFO - [2025-04-11T23:03:51.478+0000] {dag.py:4180} INFO - Setting next_dagrun for example_branch_datetime_operator_2 to 2025-04-10 00:00:00+00:00, run_after=2025-04-11 00:00:00+00:00
[2025-04-11T23:03:51.484+0000] {logging_mixin.py:190} INFO - [2025-04-11T23:03:51.483+0000] {dag.py:4180} INFO - Setting next_dagrun for example_branch_datetime_operator_3 to 2025-04-10 00:00:00+00:00, run_after=2025-04-11 00:00:00+00:00
[2025-04-11T23:03:51.519+0000] {processor.py:208} INFO - Processing /home/airflow/.local/lib/python3.12/site-packages/airflow/example_dags/example_branch_datetime_operator.py took 0.175 seconds
[2025-04-11T23:04:22.094+0000] {processor.py:186} INFO - Started process (PID=95668) to work on /home/airflow/.local/lib/python3.12/site-packages/airflow/example_dags/example_branch_datetime_operator.py
[2025-04-11T23:04:22.096+0000] {processor.py:914} INFO - Processing file /home/airflow/.local/lib/python3.12/site-packages/airflow/example_dags/example_branch_datetime_operator.py for tasks to queue
[2025-04-11T23:04:22.098+0000] {logging_mixin.py:190} INFO - [2025-04-11T23:04:22.097+0000] {dagbag.py:588} INFO - Filling up the DagBag from /home/airflow/.local/lib/python3.12/site-packages/airflow/example_dags/example_branch_datetime_operator.py
[2025-04-11T23:04:22.119+0000] {processor.py:925} INFO - DAG(s) 'example_branch_datetime_operator_2', 'example_branch_datetime_operator', 'example_branch_datetime_operator_3' retrieved from /home/airflow/.local/lib/python3.12/site-packages/airflow/example_dags/example_branch_datetime_operator.py
[2025-04-11T23:04:22.166+0000] {logging_mixin.py:190} INFO - [2025-04-11T23:04:22.165+0000] {dag.py:3239} INFO - Sync 3 DAGs
[2025-04-11T23:04:22.208+0000] {logging_mixin.py:190} INFO - [2025-04-11T23:04:22.207+0000] {dag.py:4180} INFO - Setting next_dagrun for example_branch_datetime_operator to 2025-04-10 00:00:00+00:00, run_after=2025-04-11 00:00:00+00:00
[2025-04-11T23:04:22.216+0000] {logging_mixin.py:190} INFO - [2025-04-11T23:04:22.215+0000] {dag.py:4180} INFO - Setting next_dagrun for example_branch_datetime_operator_2 to 2025-04-10 00:00:00+00:00, run_after=2025-04-11 00:00:00+00:00
[2025-04-11T23:04:22.220+0000] {logging_mixin.py:190} INFO - [2025-04-11T23:04:22.220+0000] {dag.py:4180} INFO - Setting next_dagrun for example_branch_datetime_operator_3 to 2025-04-10 00:00:00+00:00, run_after=2025-04-11 00:00:00+00:00
[2025-04-11T23:04:22.252+0000] {processor.py:208} INFO - Processing /home/airflow/.local/lib/python3.12/site-packages/airflow/example_dags/example_branch_datetime_operator.py took 0.167 seconds
