[2025-02-23T09:32:29.537+0000] {processor.py:186} INFO - Started process (PID=106) to work on /home/airflow/.local/lib/python3.12/site-packages/airflow/example_dags/example_local_kubernetes_executor.py
[2025-02-23T09:32:29.540+0000] {processor.py:914} INFO - Processing file /home/airflow/.local/lib/python3.12/site-packages/airflow/example_dags/example_local_kubernetes_executor.py for tasks to queue
[2025-02-23T09:32:29.545+0000] {logging_mixin.py:190} INFO - [2025-02-23T09:32:29.544+0000] {dagbag.py:588} INFO - Filling up the DagBag from /home/airflow/.local/lib/python3.12/site-packages/airflow/example_dags/example_local_kubernetes_executor.py
[2025-02-23T09:32:29.574+0000] {processor.py:925} INFO - DAG(s) 'example_local_kubernetes_executor' retrieved from /home/airflow/.local/lib/python3.12/site-packages/airflow/example_dags/example_local_kubernetes_executor.py
[2025-02-23T09:32:29.864+0000] {logging_mixin.py:190} INFO - [2025-02-23T09:32:29.861+0000] {override.py:1912} INFO - Created Permission View: can delete on DAG:example_local_kubernetes_executor
[2025-02-23T09:32:29.887+0000] {logging_mixin.py:190} INFO - [2025-02-23T09:32:29.886+0000] {override.py:1912} INFO - Created Permission View: can read on DAG:example_local_kubernetes_executor
[2025-02-23T09:32:29.905+0000] {logging_mixin.py:190} INFO - [2025-02-23T09:32:29.904+0000] {override.py:1912} INFO - Created Permission View: can edit on DAG:example_local_kubernetes_executor
[2025-02-23T09:32:29.924+0000] {logging_mixin.py:190} INFO - [2025-02-23T09:32:29.923+0000] {override.py:1912} INFO - Created Permission View: can delete on DAG Run:example_local_kubernetes_executor
[2025-02-23T09:32:29.946+0000] {logging_mixin.py:190} INFO - [2025-02-23T09:32:29.945+0000] {override.py:1912} INFO - Created Permission View: can read on DAG Run:example_local_kubernetes_executor
[2025-02-23T09:32:29.963+0000] {logging_mixin.py:190} INFO - [2025-02-23T09:32:29.962+0000] {override.py:1912} INFO - Created Permission View: menu access on DAG Run:example_local_kubernetes_executor
[2025-02-23T09:32:29.978+0000] {logging_mixin.py:190} INFO - [2025-02-23T09:32:29.977+0000] {override.py:1912} INFO - Created Permission View: can create on DAG Run:example_local_kubernetes_executor
[2025-02-23T09:32:29.980+0000] {logging_mixin.py:190} INFO - [2025-02-23T09:32:29.979+0000] {dag.py:3239} INFO - Sync 1 DAGs
[2025-02-23T09:32:30.015+0000] {logging_mixin.py:190} INFO - [2025-02-23T09:32:30.015+0000] {dag.py:3262} INFO - Creating ORM DAG for example_local_kubernetes_executor
[2025-02-23T09:32:30.018+0000] {logging_mixin.py:190} INFO - [2025-02-23T09:32:30.017+0000] {dag.py:4180} INFO - Setting next_dagrun for example_local_kubernetes_executor to None, run_after=None
[2025-02-23T09:32:30.053+0000] {processor.py:208} INFO - Processing /home/airflow/.local/lib/python3.12/site-packages/airflow/example_dags/example_local_kubernetes_executor.py took 0.531 seconds
[2025-02-23T09:33:00.742+0000] {processor.py:186} INFO - Started process (PID=170) to work on /home/airflow/.local/lib/python3.12/site-packages/airflow/example_dags/example_local_kubernetes_executor.py
[2025-02-23T09:33:00.744+0000] {processor.py:914} INFO - Processing file /home/airflow/.local/lib/python3.12/site-packages/airflow/example_dags/example_local_kubernetes_executor.py for tasks to queue
[2025-02-23T09:33:00.747+0000] {logging_mixin.py:190} INFO - [2025-02-23T09:33:00.747+0000] {dagbag.py:588} INFO - Filling up the DagBag from /home/airflow/.local/lib/python3.12/site-packages/airflow/example_dags/example_local_kubernetes_executor.py
[2025-02-23T09:33:00.761+0000] {processor.py:925} INFO - DAG(s) 'example_local_kubernetes_executor' retrieved from /home/airflow/.local/lib/python3.12/site-packages/airflow/example_dags/example_local_kubernetes_executor.py
[2025-02-23T09:33:00.793+0000] {logging_mixin.py:190} INFO - [2025-02-23T09:33:00.793+0000] {dag.py:3239} INFO - Sync 1 DAGs
[2025-02-23T09:33:00.815+0000] {logging_mixin.py:190} INFO - [2025-02-23T09:33:00.815+0000] {dag.py:4180} INFO - Setting next_dagrun for example_local_kubernetes_executor to None, run_after=None
[2025-02-23T09:33:00.852+0000] {processor.py:208} INFO - Processing /home/airflow/.local/lib/python3.12/site-packages/airflow/example_dags/example_local_kubernetes_executor.py took 0.121 seconds
[2025-02-23T09:33:31.224+0000] {processor.py:186} INFO - Started process (PID=233) to work on /home/airflow/.local/lib/python3.12/site-packages/airflow/example_dags/example_local_kubernetes_executor.py
[2025-02-23T09:33:31.226+0000] {processor.py:914} INFO - Processing file /home/airflow/.local/lib/python3.12/site-packages/airflow/example_dags/example_local_kubernetes_executor.py for tasks to queue
[2025-02-23T09:33:31.229+0000] {logging_mixin.py:190} INFO - [2025-02-23T09:33:31.228+0000] {dagbag.py:588} INFO - Filling up the DagBag from /home/airflow/.local/lib/python3.12/site-packages/airflow/example_dags/example_local_kubernetes_executor.py
[2025-02-23T09:33:31.241+0000] {processor.py:925} INFO - DAG(s) 'example_local_kubernetes_executor' retrieved from /home/airflow/.local/lib/python3.12/site-packages/airflow/example_dags/example_local_kubernetes_executor.py
[2025-02-23T09:33:31.270+0000] {logging_mixin.py:190} INFO - [2025-02-23T09:33:31.270+0000] {dag.py:3239} INFO - Sync 1 DAGs
[2025-02-23T09:33:31.289+0000] {logging_mixin.py:190} INFO - [2025-02-23T09:33:31.289+0000] {dag.py:4180} INFO - Setting next_dagrun for example_local_kubernetes_executor to None, run_after=None
[2025-02-23T09:33:31.319+0000] {processor.py:208} INFO - Processing /home/airflow/.local/lib/python3.12/site-packages/airflow/example_dags/example_local_kubernetes_executor.py took 0.102 seconds
[2025-02-23T09:34:01.635+0000] {processor.py:186} INFO - Started process (PID=297) to work on /home/airflow/.local/lib/python3.12/site-packages/airflow/example_dags/example_local_kubernetes_executor.py
[2025-02-23T09:34:01.637+0000] {processor.py:914} INFO - Processing file /home/airflow/.local/lib/python3.12/site-packages/airflow/example_dags/example_local_kubernetes_executor.py for tasks to queue
[2025-02-23T09:34:01.641+0000] {logging_mixin.py:190} INFO - [2025-02-23T09:34:01.641+0000] {dagbag.py:588} INFO - Filling up the DagBag from /home/airflow/.local/lib/python3.12/site-packages/airflow/example_dags/example_local_kubernetes_executor.py
[2025-02-23T09:34:01.656+0000] {processor.py:925} INFO - DAG(s) 'example_local_kubernetes_executor' retrieved from /home/airflow/.local/lib/python3.12/site-packages/airflow/example_dags/example_local_kubernetes_executor.py
[2025-02-23T09:34:01.696+0000] {logging_mixin.py:190} INFO - [2025-02-23T09:34:01.695+0000] {dag.py:3239} INFO - Sync 1 DAGs
[2025-02-23T09:34:01.730+0000] {logging_mixin.py:190} INFO - [2025-02-23T09:34:01.730+0000] {dag.py:4180} INFO - Setting next_dagrun for example_local_kubernetes_executor to None, run_after=None
[2025-02-23T09:34:01.773+0000] {processor.py:208} INFO - Processing /home/airflow/.local/lib/python3.12/site-packages/airflow/example_dags/example_local_kubernetes_executor.py took 0.146 seconds
[2025-02-23T09:34:32.006+0000] {processor.py:186} INFO - Started process (PID=360) to work on /home/airflow/.local/lib/python3.12/site-packages/airflow/example_dags/example_local_kubernetes_executor.py
[2025-02-23T09:34:32.008+0000] {processor.py:914} INFO - Processing file /home/airflow/.local/lib/python3.12/site-packages/airflow/example_dags/example_local_kubernetes_executor.py for tasks to queue
[2025-02-23T09:34:32.012+0000] {logging_mixin.py:190} INFO - [2025-02-23T09:34:32.011+0000] {dagbag.py:588} INFO - Filling up the DagBag from /home/airflow/.local/lib/python3.12/site-packages/airflow/example_dags/example_local_kubernetes_executor.py
[2025-02-23T09:34:32.026+0000] {processor.py:925} INFO - DAG(s) 'example_local_kubernetes_executor' retrieved from /home/airflow/.local/lib/python3.12/site-packages/airflow/example_dags/example_local_kubernetes_executor.py
[2025-02-23T09:34:32.062+0000] {logging_mixin.py:190} INFO - [2025-02-23T09:34:32.061+0000] {dag.py:3239} INFO - Sync 1 DAGs
[2025-02-23T09:34:32.086+0000] {logging_mixin.py:190} INFO - [2025-02-23T09:34:32.086+0000] {dag.py:4180} INFO - Setting next_dagrun for example_local_kubernetes_executor to None, run_after=None
[2025-02-23T09:34:32.137+0000] {processor.py:208} INFO - Processing /home/airflow/.local/lib/python3.12/site-packages/airflow/example_dags/example_local_kubernetes_executor.py took 0.139 seconds
[2025-02-23T09:35:02.883+0000] {processor.py:186} INFO - Started process (PID=424) to work on /home/airflow/.local/lib/python3.12/site-packages/airflow/example_dags/example_local_kubernetes_executor.py
[2025-02-23T09:35:02.889+0000] {processor.py:914} INFO - Processing file /home/airflow/.local/lib/python3.12/site-packages/airflow/example_dags/example_local_kubernetes_executor.py for tasks to queue
[2025-02-23T09:35:02.905+0000] {logging_mixin.py:190} INFO - [2025-02-23T09:35:02.902+0000] {dagbag.py:588} INFO - Filling up the DagBag from /home/airflow/.local/lib/python3.12/site-packages/airflow/example_dags/example_local_kubernetes_executor.py
[2025-02-23T09:35:02.961+0000] {processor.py:925} INFO - DAG(s) 'example_local_kubernetes_executor' retrieved from /home/airflow/.local/lib/python3.12/site-packages/airflow/example_dags/example_local_kubernetes_executor.py
[2025-02-23T09:35:03.118+0000] {logging_mixin.py:190} INFO - [2025-02-23T09:35:03.117+0000] {dag.py:3239} INFO - Sync 1 DAGs
[2025-02-23T09:35:03.244+0000] {logging_mixin.py:190} INFO - [2025-02-23T09:35:03.243+0000] {dag.py:4180} INFO - Setting next_dagrun for example_local_kubernetes_executor to None, run_after=None
[2025-02-23T09:35:03.358+0000] {processor.py:208} INFO - Processing /home/airflow/.local/lib/python3.12/site-packages/airflow/example_dags/example_local_kubernetes_executor.py took 0.514 seconds
[2025-02-23T09:35:34.347+0000] {processor.py:186} INFO - Started process (PID=488) to work on /home/airflow/.local/lib/python3.12/site-packages/airflow/example_dags/example_local_kubernetes_executor.py
[2025-02-23T09:35:34.349+0000] {processor.py:914} INFO - Processing file /home/airflow/.local/lib/python3.12/site-packages/airflow/example_dags/example_local_kubernetes_executor.py for tasks to queue
[2025-02-23T09:35:34.354+0000] {logging_mixin.py:190} INFO - [2025-02-23T09:35:34.353+0000] {dagbag.py:588} INFO - Filling up the DagBag from /home/airflow/.local/lib/python3.12/site-packages/airflow/example_dags/example_local_kubernetes_executor.py
[2025-02-23T09:35:34.380+0000] {processor.py:925} INFO - DAG(s) 'example_local_kubernetes_executor' retrieved from /home/airflow/.local/lib/python3.12/site-packages/airflow/example_dags/example_local_kubernetes_executor.py
[2025-02-23T09:35:34.425+0000] {logging_mixin.py:190} INFO - [2025-02-23T09:35:34.424+0000] {dag.py:3239} INFO - Sync 1 DAGs
[2025-02-23T09:35:34.460+0000] {logging_mixin.py:190} INFO - [2025-02-23T09:35:34.459+0000] {dag.py:4180} INFO - Setting next_dagrun for example_local_kubernetes_executor to None, run_after=None
[2025-02-23T09:35:34.521+0000] {processor.py:208} INFO - Processing /home/airflow/.local/lib/python3.12/site-packages/airflow/example_dags/example_local_kubernetes_executor.py took 0.188 seconds
[2025-02-23T09:36:04.727+0000] {processor.py:186} INFO - Started process (PID=551) to work on /home/airflow/.local/lib/python3.12/site-packages/airflow/example_dags/example_local_kubernetes_executor.py
[2025-02-23T09:36:04.729+0000] {processor.py:914} INFO - Processing file /home/airflow/.local/lib/python3.12/site-packages/airflow/example_dags/example_local_kubernetes_executor.py for tasks to queue
[2025-02-23T09:36:04.733+0000] {logging_mixin.py:190} INFO - [2025-02-23T09:36:04.732+0000] {dagbag.py:588} INFO - Filling up the DagBag from /home/airflow/.local/lib/python3.12/site-packages/airflow/example_dags/example_local_kubernetes_executor.py
[2025-02-23T09:36:04.750+0000] {processor.py:925} INFO - DAG(s) 'example_local_kubernetes_executor' retrieved from /home/airflow/.local/lib/python3.12/site-packages/airflow/example_dags/example_local_kubernetes_executor.py
[2025-02-23T09:36:04.791+0000] {logging_mixin.py:190} INFO - [2025-02-23T09:36:04.790+0000] {dag.py:3239} INFO - Sync 1 DAGs
[2025-02-23T09:36:04.817+0000] {logging_mixin.py:190} INFO - [2025-02-23T09:36:04.816+0000] {dag.py:4180} INFO - Setting next_dagrun for example_local_kubernetes_executor to None, run_after=None
[2025-02-23T09:36:04.857+0000] {processor.py:208} INFO - Processing /home/airflow/.local/lib/python3.12/site-packages/airflow/example_dags/example_local_kubernetes_executor.py took 0.139 seconds
[2025-02-23T09:36:34.983+0000] {processor.py:186} INFO - Started process (PID=615) to work on /home/airflow/.local/lib/python3.12/site-packages/airflow/example_dags/example_local_kubernetes_executor.py
[2025-02-23T09:36:34.984+0000] {processor.py:914} INFO - Processing file /home/airflow/.local/lib/python3.12/site-packages/airflow/example_dags/example_local_kubernetes_executor.py for tasks to queue
[2025-02-23T09:36:34.988+0000] {logging_mixin.py:190} INFO - [2025-02-23T09:36:34.988+0000] {dagbag.py:588} INFO - Filling up the DagBag from /home/airflow/.local/lib/python3.12/site-packages/airflow/example_dags/example_local_kubernetes_executor.py
[2025-02-23T09:36:35.002+0000] {processor.py:925} INFO - DAG(s) 'example_local_kubernetes_executor' retrieved from /home/airflow/.local/lib/python3.12/site-packages/airflow/example_dags/example_local_kubernetes_executor.py
[2025-02-23T09:36:35.039+0000] {logging_mixin.py:190} INFO - [2025-02-23T09:36:35.038+0000] {dag.py:3239} INFO - Sync 1 DAGs
[2025-02-23T09:36:35.064+0000] {logging_mixin.py:190} INFO - [2025-02-23T09:36:35.064+0000] {dag.py:4180} INFO - Setting next_dagrun for example_local_kubernetes_executor to None, run_after=None
[2025-02-23T09:36:35.098+0000] {processor.py:208} INFO - Processing /home/airflow/.local/lib/python3.12/site-packages/airflow/example_dags/example_local_kubernetes_executor.py took 0.125 seconds
[2025-02-23T09:37:05.491+0000] {processor.py:186} INFO - Started process (PID=681) to work on /home/airflow/.local/lib/python3.12/site-packages/airflow/example_dags/example_local_kubernetes_executor.py
[2025-02-23T09:37:05.493+0000] {processor.py:914} INFO - Processing file /home/airflow/.local/lib/python3.12/site-packages/airflow/example_dags/example_local_kubernetes_executor.py for tasks to queue
[2025-02-23T09:37:05.497+0000] {logging_mixin.py:190} INFO - [2025-02-23T09:37:05.497+0000] {dagbag.py:588} INFO - Filling up the DagBag from /home/airflow/.local/lib/python3.12/site-packages/airflow/example_dags/example_local_kubernetes_executor.py
[2025-02-23T09:37:05.510+0000] {processor.py:925} INFO - DAG(s) 'example_local_kubernetes_executor' retrieved from /home/airflow/.local/lib/python3.12/site-packages/airflow/example_dags/example_local_kubernetes_executor.py
[2025-02-23T09:37:05.540+0000] {logging_mixin.py:190} INFO - [2025-02-23T09:37:05.539+0000] {dag.py:3239} INFO - Sync 1 DAGs
[2025-02-23T09:37:05.560+0000] {logging_mixin.py:190} INFO - [2025-02-23T09:37:05.560+0000] {dag.py:4180} INFO - Setting next_dagrun for example_local_kubernetes_executor to None, run_after=None
[2025-02-23T09:37:05.591+0000] {processor.py:208} INFO - Processing /home/airflow/.local/lib/python3.12/site-packages/airflow/example_dags/example_local_kubernetes_executor.py took 0.108 seconds
[2025-02-23T09:37:36.192+0000] {processor.py:186} INFO - Started process (PID=746) to work on /home/airflow/.local/lib/python3.12/site-packages/airflow/example_dags/example_local_kubernetes_executor.py
[2025-02-23T09:37:36.193+0000] {processor.py:914} INFO - Processing file /home/airflow/.local/lib/python3.12/site-packages/airflow/example_dags/example_local_kubernetes_executor.py for tasks to queue
[2025-02-23T09:37:36.197+0000] {logging_mixin.py:190} INFO - [2025-02-23T09:37:36.197+0000] {dagbag.py:588} INFO - Filling up the DagBag from /home/airflow/.local/lib/python3.12/site-packages/airflow/example_dags/example_local_kubernetes_executor.py
[2025-02-23T09:37:36.215+0000] {processor.py:925} INFO - DAG(s) 'example_local_kubernetes_executor' retrieved from /home/airflow/.local/lib/python3.12/site-packages/airflow/example_dags/example_local_kubernetes_executor.py
[2025-02-23T09:37:36.246+0000] {logging_mixin.py:190} INFO - [2025-02-23T09:37:36.246+0000] {dag.py:3239} INFO - Sync 1 DAGs
[2025-02-23T09:37:36.266+0000] {logging_mixin.py:190} INFO - [2025-02-23T09:37:36.266+0000] {dag.py:4180} INFO - Setting next_dagrun for example_local_kubernetes_executor to None, run_after=None
[2025-02-23T09:37:36.302+0000] {processor.py:208} INFO - Processing /home/airflow/.local/lib/python3.12/site-packages/airflow/example_dags/example_local_kubernetes_executor.py took 0.119 seconds
[2025-02-23T09:38:06.547+0000] {processor.py:186} INFO - Started process (PID=810) to work on /home/airflow/.local/lib/python3.12/site-packages/airflow/example_dags/example_local_kubernetes_executor.py
[2025-02-23T09:38:06.551+0000] {processor.py:914} INFO - Processing file /home/airflow/.local/lib/python3.12/site-packages/airflow/example_dags/example_local_kubernetes_executor.py for tasks to queue
[2025-02-23T09:38:06.557+0000] {logging_mixin.py:190} INFO - [2025-02-23T09:38:06.556+0000] {dagbag.py:588} INFO - Filling up the DagBag from /home/airflow/.local/lib/python3.12/site-packages/airflow/example_dags/example_local_kubernetes_executor.py
[2025-02-23T09:38:06.579+0000] {processor.py:925} INFO - DAG(s) 'example_local_kubernetes_executor' retrieved from /home/airflow/.local/lib/python3.12/site-packages/airflow/example_dags/example_local_kubernetes_executor.py
[2025-02-23T09:38:06.628+0000] {logging_mixin.py:190} INFO - [2025-02-23T09:38:06.628+0000] {dag.py:3239} INFO - Sync 1 DAGs
[2025-02-23T09:38:06.664+0000] {logging_mixin.py:190} INFO - [2025-02-23T09:38:06.663+0000] {dag.py:4180} INFO - Setting next_dagrun for example_local_kubernetes_executor to None, run_after=None
[2025-02-23T09:38:06.709+0000] {processor.py:208} INFO - Processing /home/airflow/.local/lib/python3.12/site-packages/airflow/example_dags/example_local_kubernetes_executor.py took 0.180 seconds
[2025-02-23T09:38:37.501+0000] {processor.py:186} INFO - Started process (PID=875) to work on /home/airflow/.local/lib/python3.12/site-packages/airflow/example_dags/example_local_kubernetes_executor.py
[2025-02-23T09:38:37.503+0000] {processor.py:914} INFO - Processing file /home/airflow/.local/lib/python3.12/site-packages/airflow/example_dags/example_local_kubernetes_executor.py for tasks to queue
[2025-02-23T09:38:37.506+0000] {logging_mixin.py:190} INFO - [2025-02-23T09:38:37.506+0000] {dagbag.py:588} INFO - Filling up the DagBag from /home/airflow/.local/lib/python3.12/site-packages/airflow/example_dags/example_local_kubernetes_executor.py
[2025-02-23T09:38:37.523+0000] {processor.py:925} INFO - DAG(s) 'example_local_kubernetes_executor' retrieved from /home/airflow/.local/lib/python3.12/site-packages/airflow/example_dags/example_local_kubernetes_executor.py
[2025-02-23T09:38:37.556+0000] {logging_mixin.py:190} INFO - [2025-02-23T09:38:37.556+0000] {dag.py:3239} INFO - Sync 1 DAGs
[2025-02-23T09:38:37.577+0000] {logging_mixin.py:190} INFO - [2025-02-23T09:38:37.577+0000] {dag.py:4180} INFO - Setting next_dagrun for example_local_kubernetes_executor to None, run_after=None
[2025-02-23T09:38:37.611+0000] {processor.py:208} INFO - Processing /home/airflow/.local/lib/python3.12/site-packages/airflow/example_dags/example_local_kubernetes_executor.py took 0.119 seconds
[2025-02-23T09:39:07.776+0000] {processor.py:186} INFO - Started process (PID=939) to work on /home/airflow/.local/lib/python3.12/site-packages/airflow/example_dags/example_local_kubernetes_executor.py
[2025-02-23T09:39:07.778+0000] {processor.py:914} INFO - Processing file /home/airflow/.local/lib/python3.12/site-packages/airflow/example_dags/example_local_kubernetes_executor.py for tasks to queue
[2025-02-23T09:39:07.782+0000] {logging_mixin.py:190} INFO - [2025-02-23T09:39:07.781+0000] {dagbag.py:588} INFO - Filling up the DagBag from /home/airflow/.local/lib/python3.12/site-packages/airflow/example_dags/example_local_kubernetes_executor.py
[2025-02-23T09:39:07.796+0000] {processor.py:925} INFO - DAG(s) 'example_local_kubernetes_executor' retrieved from /home/airflow/.local/lib/python3.12/site-packages/airflow/example_dags/example_local_kubernetes_executor.py
[2025-02-23T09:39:07.829+0000] {logging_mixin.py:190} INFO - [2025-02-23T09:39:07.828+0000] {dag.py:3239} INFO - Sync 1 DAGs
[2025-02-23T09:39:07.850+0000] {logging_mixin.py:190} INFO - [2025-02-23T09:39:07.850+0000] {dag.py:4180} INFO - Setting next_dagrun for example_local_kubernetes_executor to None, run_after=None
[2025-02-23T09:39:07.880+0000] {processor.py:208} INFO - Processing /home/airflow/.local/lib/python3.12/site-packages/airflow/example_dags/example_local_kubernetes_executor.py took 0.111 seconds
[2025-02-23T09:39:38.270+0000] {processor.py:186} INFO - Started process (PID=1003) to work on /home/airflow/.local/lib/python3.12/site-packages/airflow/example_dags/example_local_kubernetes_executor.py
[2025-02-23T09:39:38.272+0000] {processor.py:914} INFO - Processing file /home/airflow/.local/lib/python3.12/site-packages/airflow/example_dags/example_local_kubernetes_executor.py for tasks to queue
[2025-02-23T09:39:38.277+0000] {logging_mixin.py:190} INFO - [2025-02-23T09:39:38.276+0000] {dagbag.py:588} INFO - Filling up the DagBag from /home/airflow/.local/lib/python3.12/site-packages/airflow/example_dags/example_local_kubernetes_executor.py
[2025-02-23T09:39:38.299+0000] {processor.py:925} INFO - DAG(s) 'example_local_kubernetes_executor' retrieved from /home/airflow/.local/lib/python3.12/site-packages/airflow/example_dags/example_local_kubernetes_executor.py
[2025-02-23T09:39:38.348+0000] {logging_mixin.py:190} INFO - [2025-02-23T09:39:38.347+0000] {dag.py:3239} INFO - Sync 1 DAGs
[2025-02-23T09:39:38.378+0000] {logging_mixin.py:190} INFO - [2025-02-23T09:39:38.377+0000] {dag.py:4180} INFO - Setting next_dagrun for example_local_kubernetes_executor to None, run_after=None
[2025-02-23T09:39:38.413+0000] {processor.py:208} INFO - Processing /home/airflow/.local/lib/python3.12/site-packages/airflow/example_dags/example_local_kubernetes_executor.py took 0.155 seconds
[2025-02-23T09:40:08.855+0000] {processor.py:186} INFO - Started process (PID=1067) to work on /home/airflow/.local/lib/python3.12/site-packages/airflow/example_dags/example_local_kubernetes_executor.py
[2025-02-23T09:40:08.857+0000] {processor.py:914} INFO - Processing file /home/airflow/.local/lib/python3.12/site-packages/airflow/example_dags/example_local_kubernetes_executor.py for tasks to queue
[2025-02-23T09:40:08.861+0000] {logging_mixin.py:190} INFO - [2025-02-23T09:40:08.860+0000] {dagbag.py:588} INFO - Filling up the DagBag from /home/airflow/.local/lib/python3.12/site-packages/airflow/example_dags/example_local_kubernetes_executor.py
[2025-02-23T09:40:08.876+0000] {processor.py:925} INFO - DAG(s) 'example_local_kubernetes_executor' retrieved from /home/airflow/.local/lib/python3.12/site-packages/airflow/example_dags/example_local_kubernetes_executor.py
[2025-02-23T09:40:08.919+0000] {logging_mixin.py:190} INFO - [2025-02-23T09:40:08.918+0000] {dag.py:3239} INFO - Sync 1 DAGs
[2025-02-23T09:40:08.967+0000] {logging_mixin.py:190} INFO - [2025-02-23T09:40:08.967+0000] {dag.py:4180} INFO - Setting next_dagrun for example_local_kubernetes_executor to None, run_after=None
[2025-02-23T09:40:08.999+0000] {processor.py:208} INFO - Processing /home/airflow/.local/lib/python3.12/site-packages/airflow/example_dags/example_local_kubernetes_executor.py took 0.151 seconds
[2025-02-23T09:40:39.143+0000] {processor.py:186} INFO - Started process (PID=1131) to work on /home/airflow/.local/lib/python3.12/site-packages/airflow/example_dags/example_local_kubernetes_executor.py
[2025-02-23T09:40:39.144+0000] {processor.py:914} INFO - Processing file /home/airflow/.local/lib/python3.12/site-packages/airflow/example_dags/example_local_kubernetes_executor.py for tasks to queue
[2025-02-23T09:40:39.148+0000] {logging_mixin.py:190} INFO - [2025-02-23T09:40:39.148+0000] {dagbag.py:588} INFO - Filling up the DagBag from /home/airflow/.local/lib/python3.12/site-packages/airflow/example_dags/example_local_kubernetes_executor.py
[2025-02-23T09:40:39.164+0000] {processor.py:925} INFO - DAG(s) 'example_local_kubernetes_executor' retrieved from /home/airflow/.local/lib/python3.12/site-packages/airflow/example_dags/example_local_kubernetes_executor.py
[2025-02-23T09:40:39.223+0000] {logging_mixin.py:190} INFO - [2025-02-23T09:40:39.220+0000] {dag.py:3239} INFO - Sync 1 DAGs
[2025-02-23T09:40:39.291+0000] {logging_mixin.py:190} INFO - [2025-02-23T09:40:39.290+0000] {dag.py:4180} INFO - Setting next_dagrun for example_local_kubernetes_executor to None, run_after=None
[2025-02-23T09:40:39.345+0000] {processor.py:208} INFO - Processing /home/airflow/.local/lib/python3.12/site-packages/airflow/example_dags/example_local_kubernetes_executor.py took 0.214 seconds
[2025-02-23T09:41:09.458+0000] {processor.py:186} INFO - Started process (PID=1195) to work on /home/airflow/.local/lib/python3.12/site-packages/airflow/example_dags/example_local_kubernetes_executor.py
[2025-02-23T09:41:09.460+0000] {processor.py:914} INFO - Processing file /home/airflow/.local/lib/python3.12/site-packages/airflow/example_dags/example_local_kubernetes_executor.py for tasks to queue
[2025-02-23T09:41:09.464+0000] {logging_mixin.py:190} INFO - [2025-02-23T09:41:09.464+0000] {dagbag.py:588} INFO - Filling up the DagBag from /home/airflow/.local/lib/python3.12/site-packages/airflow/example_dags/example_local_kubernetes_executor.py
[2025-02-23T09:41:09.479+0000] {processor.py:925} INFO - DAG(s) 'example_local_kubernetes_executor' retrieved from /home/airflow/.local/lib/python3.12/site-packages/airflow/example_dags/example_local_kubernetes_executor.py
[2025-02-23T09:41:09.517+0000] {logging_mixin.py:190} INFO - [2025-02-23T09:41:09.517+0000] {dag.py:3239} INFO - Sync 1 DAGs
[2025-02-23T09:41:09.544+0000] {logging_mixin.py:190} INFO - [2025-02-23T09:41:09.544+0000] {dag.py:4180} INFO - Setting next_dagrun for example_local_kubernetes_executor to None, run_after=None
[2025-02-23T09:41:09.577+0000] {processor.py:208} INFO - Processing /home/airflow/.local/lib/python3.12/site-packages/airflow/example_dags/example_local_kubernetes_executor.py took 0.126 seconds
[2025-02-23T09:41:40.442+0000] {processor.py:186} INFO - Started process (PID=1259) to work on /home/airflow/.local/lib/python3.12/site-packages/airflow/example_dags/example_local_kubernetes_executor.py
[2025-02-23T09:41:40.444+0000] {processor.py:914} INFO - Processing file /home/airflow/.local/lib/python3.12/site-packages/airflow/example_dags/example_local_kubernetes_executor.py for tasks to queue
[2025-02-23T09:41:40.448+0000] {logging_mixin.py:190} INFO - [2025-02-23T09:41:40.447+0000] {dagbag.py:588} INFO - Filling up the DagBag from /home/airflow/.local/lib/python3.12/site-packages/airflow/example_dags/example_local_kubernetes_executor.py
[2025-02-23T09:41:40.462+0000] {processor.py:925} INFO - DAG(s) 'example_local_kubernetes_executor' retrieved from /home/airflow/.local/lib/python3.12/site-packages/airflow/example_dags/example_local_kubernetes_executor.py
[2025-02-23T09:41:40.497+0000] {logging_mixin.py:190} INFO - [2025-02-23T09:41:40.496+0000] {dag.py:3239} INFO - Sync 1 DAGs
[2025-02-23T09:41:40.518+0000] {logging_mixin.py:190} INFO - [2025-02-23T09:41:40.518+0000] {dag.py:4180} INFO - Setting next_dagrun for example_local_kubernetes_executor to None, run_after=None
[2025-02-23T09:41:40.549+0000] {processor.py:208} INFO - Processing /home/airflow/.local/lib/python3.12/site-packages/airflow/example_dags/example_local_kubernetes_executor.py took 0.114 seconds
[2025-02-23T09:42:10.783+0000] {processor.py:186} INFO - Started process (PID=1323) to work on /home/airflow/.local/lib/python3.12/site-packages/airflow/example_dags/example_local_kubernetes_executor.py
[2025-02-23T09:42:10.785+0000] {processor.py:914} INFO - Processing file /home/airflow/.local/lib/python3.12/site-packages/airflow/example_dags/example_local_kubernetes_executor.py for tasks to queue
[2025-02-23T09:42:10.791+0000] {logging_mixin.py:190} INFO - [2025-02-23T09:42:10.790+0000] {dagbag.py:588} INFO - Filling up the DagBag from /home/airflow/.local/lib/python3.12/site-packages/airflow/example_dags/example_local_kubernetes_executor.py
[2025-02-23T09:42:10.807+0000] {processor.py:925} INFO - DAG(s) 'example_local_kubernetes_executor' retrieved from /home/airflow/.local/lib/python3.12/site-packages/airflow/example_dags/example_local_kubernetes_executor.py
[2025-02-23T09:42:10.844+0000] {logging_mixin.py:190} INFO - [2025-02-23T09:42:10.843+0000] {dag.py:3239} INFO - Sync 1 DAGs
[2025-02-23T09:42:10.867+0000] {logging_mixin.py:190} INFO - [2025-02-23T09:42:10.867+0000] {dag.py:4180} INFO - Setting next_dagrun for example_local_kubernetes_executor to None, run_after=None
[2025-02-23T09:42:10.898+0000] {processor.py:208} INFO - Processing /home/airflow/.local/lib/python3.12/site-packages/airflow/example_dags/example_local_kubernetes_executor.py took 0.123 seconds
[2025-02-23T09:42:41.417+0000] {processor.py:186} INFO - Started process (PID=1387) to work on /home/airflow/.local/lib/python3.12/site-packages/airflow/example_dags/example_local_kubernetes_executor.py
[2025-02-23T09:42:41.419+0000] {processor.py:914} INFO - Processing file /home/airflow/.local/lib/python3.12/site-packages/airflow/example_dags/example_local_kubernetes_executor.py for tasks to queue
[2025-02-23T09:42:41.424+0000] {logging_mixin.py:190} INFO - [2025-02-23T09:42:41.423+0000] {dagbag.py:588} INFO - Filling up the DagBag from /home/airflow/.local/lib/python3.12/site-packages/airflow/example_dags/example_local_kubernetes_executor.py
[2025-02-23T09:42:41.444+0000] {processor.py:925} INFO - DAG(s) 'example_local_kubernetes_executor' retrieved from /home/airflow/.local/lib/python3.12/site-packages/airflow/example_dags/example_local_kubernetes_executor.py
[2025-02-23T09:42:41.476+0000] {logging_mixin.py:190} INFO - [2025-02-23T09:42:41.475+0000] {dag.py:3239} INFO - Sync 1 DAGs
[2025-02-23T09:42:41.495+0000] {logging_mixin.py:190} INFO - [2025-02-23T09:42:41.495+0000] {dag.py:4180} INFO - Setting next_dagrun for example_local_kubernetes_executor to None, run_after=None
[2025-02-23T09:42:41.528+0000] {processor.py:208} INFO - Processing /home/airflow/.local/lib/python3.12/site-packages/airflow/example_dags/example_local_kubernetes_executor.py took 0.120 seconds
[2025-02-23T09:43:11.770+0000] {processor.py:186} INFO - Started process (PID=1451) to work on /home/airflow/.local/lib/python3.12/site-packages/airflow/example_dags/example_local_kubernetes_executor.py
[2025-02-23T09:43:11.772+0000] {processor.py:914} INFO - Processing file /home/airflow/.local/lib/python3.12/site-packages/airflow/example_dags/example_local_kubernetes_executor.py for tasks to queue
[2025-02-23T09:43:11.776+0000] {logging_mixin.py:190} INFO - [2025-02-23T09:43:11.776+0000] {dagbag.py:588} INFO - Filling up the DagBag from /home/airflow/.local/lib/python3.12/site-packages/airflow/example_dags/example_local_kubernetes_executor.py
[2025-02-23T09:43:11.790+0000] {processor.py:925} INFO - DAG(s) 'example_local_kubernetes_executor' retrieved from /home/airflow/.local/lib/python3.12/site-packages/airflow/example_dags/example_local_kubernetes_executor.py
[2025-02-23T09:43:11.820+0000] {logging_mixin.py:190} INFO - [2025-02-23T09:43:11.819+0000] {dag.py:3239} INFO - Sync 1 DAGs
[2025-02-23T09:43:11.840+0000] {logging_mixin.py:190} INFO - [2025-02-23T09:43:11.839+0000] {dag.py:4180} INFO - Setting next_dagrun for example_local_kubernetes_executor to None, run_after=None
[2025-02-23T09:43:11.879+0000] {processor.py:208} INFO - Processing /home/airflow/.local/lib/python3.12/site-packages/airflow/example_dags/example_local_kubernetes_executor.py took 0.116 seconds
[2025-02-23T09:43:42.304+0000] {processor.py:186} INFO - Started process (PID=1514) to work on /home/airflow/.local/lib/python3.12/site-packages/airflow/example_dags/example_local_kubernetes_executor.py
[2025-02-23T09:43:42.306+0000] {processor.py:914} INFO - Processing file /home/airflow/.local/lib/python3.12/site-packages/airflow/example_dags/example_local_kubernetes_executor.py for tasks to queue
[2025-02-23T09:43:42.310+0000] {logging_mixin.py:190} INFO - [2025-02-23T09:43:42.310+0000] {dagbag.py:588} INFO - Filling up the DagBag from /home/airflow/.local/lib/python3.12/site-packages/airflow/example_dags/example_local_kubernetes_executor.py
[2025-02-23T09:43:42.324+0000] {processor.py:925} INFO - DAG(s) 'example_local_kubernetes_executor' retrieved from /home/airflow/.local/lib/python3.12/site-packages/airflow/example_dags/example_local_kubernetes_executor.py
[2025-02-23T09:43:42.367+0000] {logging_mixin.py:190} INFO - [2025-02-23T09:43:42.367+0000] {dag.py:3239} INFO - Sync 1 DAGs
[2025-02-23T09:43:42.394+0000] {logging_mixin.py:190} INFO - [2025-02-23T09:43:42.394+0000] {dag.py:4180} INFO - Setting next_dagrun for example_local_kubernetes_executor to None, run_after=None
[2025-02-23T09:43:42.434+0000] {processor.py:208} INFO - Processing /home/airflow/.local/lib/python3.12/site-packages/airflow/example_dags/example_local_kubernetes_executor.py took 0.137 seconds
[2025-02-23T09:44:12.913+0000] {processor.py:186} INFO - Started process (PID=1579) to work on /home/airflow/.local/lib/python3.12/site-packages/airflow/example_dags/example_local_kubernetes_executor.py
[2025-02-23T09:44:12.915+0000] {processor.py:914} INFO - Processing file /home/airflow/.local/lib/python3.12/site-packages/airflow/example_dags/example_local_kubernetes_executor.py for tasks to queue
[2025-02-23T09:44:12.920+0000] {logging_mixin.py:190} INFO - [2025-02-23T09:44:12.919+0000] {dagbag.py:588} INFO - Filling up the DagBag from /home/airflow/.local/lib/python3.12/site-packages/airflow/example_dags/example_local_kubernetes_executor.py
[2025-02-23T09:44:12.935+0000] {processor.py:925} INFO - DAG(s) 'example_local_kubernetes_executor' retrieved from /home/airflow/.local/lib/python3.12/site-packages/airflow/example_dags/example_local_kubernetes_executor.py
[2025-02-23T09:44:12.976+0000] {logging_mixin.py:190} INFO - [2025-02-23T09:44:12.976+0000] {dag.py:3239} INFO - Sync 1 DAGs
[2025-02-23T09:44:12.999+0000] {logging_mixin.py:190} INFO - [2025-02-23T09:44:12.999+0000] {dag.py:4180} INFO - Setting next_dagrun for example_local_kubernetes_executor to None, run_after=None
[2025-02-23T09:44:13.035+0000] {processor.py:208} INFO - Processing /home/airflow/.local/lib/python3.12/site-packages/airflow/example_dags/example_local_kubernetes_executor.py took 0.131 seconds
[2025-02-23T09:44:43.834+0000] {processor.py:186} INFO - Started process (PID=1642) to work on /home/airflow/.local/lib/python3.12/site-packages/airflow/example_dags/example_local_kubernetes_executor.py
[2025-02-23T09:44:43.835+0000] {processor.py:914} INFO - Processing file /home/airflow/.local/lib/python3.12/site-packages/airflow/example_dags/example_local_kubernetes_executor.py for tasks to queue
[2025-02-23T09:44:43.839+0000] {logging_mixin.py:190} INFO - [2025-02-23T09:44:43.838+0000] {dagbag.py:588} INFO - Filling up the DagBag from /home/airflow/.local/lib/python3.12/site-packages/airflow/example_dags/example_local_kubernetes_executor.py
[2025-02-23T09:44:43.854+0000] {processor.py:925} INFO - DAG(s) 'example_local_kubernetes_executor' retrieved from /home/airflow/.local/lib/python3.12/site-packages/airflow/example_dags/example_local_kubernetes_executor.py
[2025-02-23T09:44:43.884+0000] {logging_mixin.py:190} INFO - [2025-02-23T09:44:43.883+0000] {dag.py:3239} INFO - Sync 1 DAGs
[2025-02-23T09:44:43.904+0000] {logging_mixin.py:190} INFO - [2025-02-23T09:44:43.904+0000] {dag.py:4180} INFO - Setting next_dagrun for example_local_kubernetes_executor to None, run_after=None
[2025-02-23T09:44:43.934+0000] {processor.py:208} INFO - Processing /home/airflow/.local/lib/python3.12/site-packages/airflow/example_dags/example_local_kubernetes_executor.py took 0.108 seconds
[2025-02-23T09:45:15.261+0000] {processor.py:186} INFO - Started process (PID=1706) to work on /home/airflow/.local/lib/python3.12/site-packages/airflow/example_dags/example_local_kubernetes_executor.py
[2025-02-23T09:45:15.263+0000] {processor.py:914} INFO - Processing file /home/airflow/.local/lib/python3.12/site-packages/airflow/example_dags/example_local_kubernetes_executor.py for tasks to queue
[2025-02-23T09:45:15.268+0000] {logging_mixin.py:190} INFO - [2025-02-23T09:45:15.267+0000] {dagbag.py:588} INFO - Filling up the DagBag from /home/airflow/.local/lib/python3.12/site-packages/airflow/example_dags/example_local_kubernetes_executor.py
[2025-02-23T09:45:15.282+0000] {processor.py:925} INFO - DAG(s) 'example_local_kubernetes_executor' retrieved from /home/airflow/.local/lib/python3.12/site-packages/airflow/example_dags/example_local_kubernetes_executor.py
[2025-02-23T09:45:15.312+0000] {logging_mixin.py:190} INFO - [2025-02-23T09:45:15.312+0000] {dag.py:3239} INFO - Sync 1 DAGs
[2025-02-23T09:45:15.339+0000] {logging_mixin.py:190} INFO - [2025-02-23T09:45:15.339+0000] {dag.py:4180} INFO - Setting next_dagrun for example_local_kubernetes_executor to None, run_after=None
[2025-02-23T09:45:15.372+0000] {processor.py:208} INFO - Processing /home/airflow/.local/lib/python3.12/site-packages/airflow/example_dags/example_local_kubernetes_executor.py took 0.119 seconds
[2025-02-23T09:45:45.835+0000] {processor.py:186} INFO - Started process (PID=1770) to work on /home/airflow/.local/lib/python3.12/site-packages/airflow/example_dags/example_local_kubernetes_executor.py
[2025-02-23T09:45:45.837+0000] {processor.py:914} INFO - Processing file /home/airflow/.local/lib/python3.12/site-packages/airflow/example_dags/example_local_kubernetes_executor.py for tasks to queue
[2025-02-23T09:45:45.841+0000] {logging_mixin.py:190} INFO - [2025-02-23T09:45:45.840+0000] {dagbag.py:588} INFO - Filling up the DagBag from /home/airflow/.local/lib/python3.12/site-packages/airflow/example_dags/example_local_kubernetes_executor.py
[2025-02-23T09:45:45.855+0000] {processor.py:925} INFO - DAG(s) 'example_local_kubernetes_executor' retrieved from /home/airflow/.local/lib/python3.12/site-packages/airflow/example_dags/example_local_kubernetes_executor.py
[2025-02-23T09:45:45.889+0000] {logging_mixin.py:190} INFO - [2025-02-23T09:45:45.889+0000] {dag.py:3239} INFO - Sync 1 DAGs
[2025-02-23T09:45:45.909+0000] {logging_mixin.py:190} INFO - [2025-02-23T09:45:45.909+0000] {dag.py:4180} INFO - Setting next_dagrun for example_local_kubernetes_executor to None, run_after=None
[2025-02-23T09:45:45.942+0000] {processor.py:208} INFO - Processing /home/airflow/.local/lib/python3.12/site-packages/airflow/example_dags/example_local_kubernetes_executor.py took 0.114 seconds
[2025-02-23T09:46:16.637+0000] {processor.py:186} INFO - Started process (PID=1833) to work on /home/airflow/.local/lib/python3.12/site-packages/airflow/example_dags/example_local_kubernetes_executor.py
[2025-02-23T09:46:16.639+0000] {processor.py:914} INFO - Processing file /home/airflow/.local/lib/python3.12/site-packages/airflow/example_dags/example_local_kubernetes_executor.py for tasks to queue
[2025-02-23T09:46:16.642+0000] {logging_mixin.py:190} INFO - [2025-02-23T09:46:16.642+0000] {dagbag.py:588} INFO - Filling up the DagBag from /home/airflow/.local/lib/python3.12/site-packages/airflow/example_dags/example_local_kubernetes_executor.py
[2025-02-23T09:46:16.657+0000] {processor.py:925} INFO - DAG(s) 'example_local_kubernetes_executor' retrieved from /home/airflow/.local/lib/python3.12/site-packages/airflow/example_dags/example_local_kubernetes_executor.py
[2025-02-23T09:46:16.687+0000] {logging_mixin.py:190} INFO - [2025-02-23T09:46:16.687+0000] {dag.py:3239} INFO - Sync 1 DAGs
[2025-02-23T09:46:16.710+0000] {logging_mixin.py:190} INFO - [2025-02-23T09:46:16.710+0000] {dag.py:4180} INFO - Setting next_dagrun for example_local_kubernetes_executor to None, run_after=None
[2025-02-23T09:46:16.750+0000] {processor.py:208} INFO - Processing /home/airflow/.local/lib/python3.12/site-packages/airflow/example_dags/example_local_kubernetes_executor.py took 0.121 seconds
[2025-02-23T09:46:46.920+0000] {processor.py:186} INFO - Started process (PID=1897) to work on /home/airflow/.local/lib/python3.12/site-packages/airflow/example_dags/example_local_kubernetes_executor.py
[2025-02-23T09:46:46.922+0000] {processor.py:914} INFO - Processing file /home/airflow/.local/lib/python3.12/site-packages/airflow/example_dags/example_local_kubernetes_executor.py for tasks to queue
[2025-02-23T09:46:46.925+0000] {logging_mixin.py:190} INFO - [2025-02-23T09:46:46.925+0000] {dagbag.py:588} INFO - Filling up the DagBag from /home/airflow/.local/lib/python3.12/site-packages/airflow/example_dags/example_local_kubernetes_executor.py
[2025-02-23T09:46:46.938+0000] {processor.py:925} INFO - DAG(s) 'example_local_kubernetes_executor' retrieved from /home/airflow/.local/lib/python3.12/site-packages/airflow/example_dags/example_local_kubernetes_executor.py
[2025-02-23T09:46:46.970+0000] {logging_mixin.py:190} INFO - [2025-02-23T09:46:46.970+0000] {dag.py:3239} INFO - Sync 1 DAGs
[2025-02-23T09:46:46.993+0000] {logging_mixin.py:190} INFO - [2025-02-23T09:46:46.992+0000] {dag.py:4180} INFO - Setting next_dagrun for example_local_kubernetes_executor to None, run_after=None
[2025-02-23T09:46:47.026+0000] {processor.py:208} INFO - Processing /home/airflow/.local/lib/python3.12/site-packages/airflow/example_dags/example_local_kubernetes_executor.py took 0.115 seconds
[2025-02-23T09:47:17.775+0000] {processor.py:186} INFO - Started process (PID=1961) to work on /home/airflow/.local/lib/python3.12/site-packages/airflow/example_dags/example_local_kubernetes_executor.py
[2025-02-23T09:47:17.777+0000] {processor.py:914} INFO - Processing file /home/airflow/.local/lib/python3.12/site-packages/airflow/example_dags/example_local_kubernetes_executor.py for tasks to queue
[2025-02-23T09:47:17.781+0000] {logging_mixin.py:190} INFO - [2025-02-23T09:47:17.780+0000] {dagbag.py:588} INFO - Filling up the DagBag from /home/airflow/.local/lib/python3.12/site-packages/airflow/example_dags/example_local_kubernetes_executor.py
[2025-02-23T09:47:17.798+0000] {processor.py:925} INFO - DAG(s) 'example_local_kubernetes_executor' retrieved from /home/airflow/.local/lib/python3.12/site-packages/airflow/example_dags/example_local_kubernetes_executor.py
[2025-02-23T09:47:17.838+0000] {logging_mixin.py:190} INFO - [2025-02-23T09:47:17.837+0000] {dag.py:3239} INFO - Sync 1 DAGs
[2025-02-23T09:47:17.869+0000] {logging_mixin.py:190} INFO - [2025-02-23T09:47:17.868+0000] {dag.py:4180} INFO - Setting next_dagrun for example_local_kubernetes_executor to None, run_after=None
[2025-02-23T09:47:17.915+0000] {processor.py:208} INFO - Processing /home/airflow/.local/lib/python3.12/site-packages/airflow/example_dags/example_local_kubernetes_executor.py took 0.149 seconds
[2025-02-23T09:47:48.082+0000] {processor.py:186} INFO - Started process (PID=2024) to work on /home/airflow/.local/lib/python3.12/site-packages/airflow/example_dags/example_local_kubernetes_executor.py
[2025-02-23T09:47:48.084+0000] {processor.py:914} INFO - Processing file /home/airflow/.local/lib/python3.12/site-packages/airflow/example_dags/example_local_kubernetes_executor.py for tasks to queue
[2025-02-23T09:47:48.088+0000] {logging_mixin.py:190} INFO - [2025-02-23T09:47:48.087+0000] {dagbag.py:588} INFO - Filling up the DagBag from /home/airflow/.local/lib/python3.12/site-packages/airflow/example_dags/example_local_kubernetes_executor.py
[2025-02-23T09:47:48.104+0000] {processor.py:925} INFO - DAG(s) 'example_local_kubernetes_executor' retrieved from /home/airflow/.local/lib/python3.12/site-packages/airflow/example_dags/example_local_kubernetes_executor.py
[2025-02-23T09:47:48.140+0000] {logging_mixin.py:190} INFO - [2025-02-23T09:47:48.139+0000] {dag.py:3239} INFO - Sync 1 DAGs
[2025-02-23T09:47:48.159+0000] {logging_mixin.py:190} INFO - [2025-02-23T09:47:48.159+0000] {dag.py:4180} INFO - Setting next_dagrun for example_local_kubernetes_executor to None, run_after=None
[2025-02-23T09:47:48.192+0000] {processor.py:208} INFO - Processing /home/airflow/.local/lib/python3.12/site-packages/airflow/example_dags/example_local_kubernetes_executor.py took 0.120 seconds
[2025-02-23T09:48:19.241+0000] {processor.py:186} INFO - Started process (PID=2088) to work on /home/airflow/.local/lib/python3.12/site-packages/airflow/example_dags/example_local_kubernetes_executor.py
[2025-02-23T09:48:19.243+0000] {processor.py:914} INFO - Processing file /home/airflow/.local/lib/python3.12/site-packages/airflow/example_dags/example_local_kubernetes_executor.py for tasks to queue
[2025-02-23T09:48:19.247+0000] {logging_mixin.py:190} INFO - [2025-02-23T09:48:19.246+0000] {dagbag.py:588} INFO - Filling up the DagBag from /home/airflow/.local/lib/python3.12/site-packages/airflow/example_dags/example_local_kubernetes_executor.py
[2025-02-23T09:48:19.261+0000] {processor.py:925} INFO - DAG(s) 'example_local_kubernetes_executor' retrieved from /home/airflow/.local/lib/python3.12/site-packages/airflow/example_dags/example_local_kubernetes_executor.py
[2025-02-23T09:48:19.294+0000] {logging_mixin.py:190} INFO - [2025-02-23T09:48:19.294+0000] {dag.py:3239} INFO - Sync 1 DAGs
[2025-02-23T09:48:19.313+0000] {logging_mixin.py:190} INFO - [2025-02-23T09:48:19.313+0000] {dag.py:4180} INFO - Setting next_dagrun for example_local_kubernetes_executor to None, run_after=None
[2025-02-23T09:48:19.347+0000] {processor.py:208} INFO - Processing /home/airflow/.local/lib/python3.12/site-packages/airflow/example_dags/example_local_kubernetes_executor.py took 0.114 seconds
[2025-02-23T09:48:50.132+0000] {processor.py:186} INFO - Started process (PID=2151) to work on /home/airflow/.local/lib/python3.12/site-packages/airflow/example_dags/example_local_kubernetes_executor.py
[2025-02-23T09:48:50.134+0000] {processor.py:914} INFO - Processing file /home/airflow/.local/lib/python3.12/site-packages/airflow/example_dags/example_local_kubernetes_executor.py for tasks to queue
[2025-02-23T09:48:50.140+0000] {logging_mixin.py:190} INFO - [2025-02-23T09:48:50.139+0000] {dagbag.py:588} INFO - Filling up the DagBag from /home/airflow/.local/lib/python3.12/site-packages/airflow/example_dags/example_local_kubernetes_executor.py
[2025-02-23T09:48:50.162+0000] {processor.py:925} INFO - DAG(s) 'example_local_kubernetes_executor' retrieved from /home/airflow/.local/lib/python3.12/site-packages/airflow/example_dags/example_local_kubernetes_executor.py
[2025-02-23T09:48:50.199+0000] {logging_mixin.py:190} INFO - [2025-02-23T09:48:50.198+0000] {dag.py:3239} INFO - Sync 1 DAGs
[2025-02-23T09:48:50.224+0000] {logging_mixin.py:190} INFO - [2025-02-23T09:48:50.223+0000] {dag.py:4180} INFO - Setting next_dagrun for example_local_kubernetes_executor to None, run_after=None
[2025-02-23T09:48:50.271+0000] {processor.py:208} INFO - Processing /home/airflow/.local/lib/python3.12/site-packages/airflow/example_dags/example_local_kubernetes_executor.py took 0.149 seconds
[2025-02-23T09:49:21.472+0000] {processor.py:186} INFO - Started process (PID=2215) to work on /home/airflow/.local/lib/python3.12/site-packages/airflow/example_dags/example_local_kubernetes_executor.py
[2025-02-23T09:49:21.474+0000] {processor.py:914} INFO - Processing file /home/airflow/.local/lib/python3.12/site-packages/airflow/example_dags/example_local_kubernetes_executor.py for tasks to queue
[2025-02-23T09:49:21.479+0000] {logging_mixin.py:190} INFO - [2025-02-23T09:49:21.478+0000] {dagbag.py:588} INFO - Filling up the DagBag from /home/airflow/.local/lib/python3.12/site-packages/airflow/example_dags/example_local_kubernetes_executor.py
[2025-02-23T09:49:21.500+0000] {processor.py:925} INFO - DAG(s) 'example_local_kubernetes_executor' retrieved from /home/airflow/.local/lib/python3.12/site-packages/airflow/example_dags/example_local_kubernetes_executor.py
[2025-02-23T09:49:21.541+0000] {logging_mixin.py:190} INFO - [2025-02-23T09:49:21.540+0000] {dag.py:3239} INFO - Sync 1 DAGs
[2025-02-23T09:49:21.565+0000] {logging_mixin.py:190} INFO - [2025-02-23T09:49:21.564+0000] {dag.py:4180} INFO - Setting next_dagrun for example_local_kubernetes_executor to None, run_after=None
[2025-02-23T09:49:21.603+0000] {processor.py:208} INFO - Processing /home/airflow/.local/lib/python3.12/site-packages/airflow/example_dags/example_local_kubernetes_executor.py took 0.143 seconds
[2025-02-23T09:49:52.793+0000] {processor.py:186} INFO - Started process (PID=2277) to work on /home/airflow/.local/lib/python3.12/site-packages/airflow/example_dags/example_local_kubernetes_executor.py
[2025-02-23T09:49:52.795+0000] {processor.py:914} INFO - Processing file /home/airflow/.local/lib/python3.12/site-packages/airflow/example_dags/example_local_kubernetes_executor.py for tasks to queue
[2025-02-23T09:49:52.801+0000] {logging_mixin.py:190} INFO - [2025-02-23T09:49:52.800+0000] {dagbag.py:588} INFO - Filling up the DagBag from /home/airflow/.local/lib/python3.12/site-packages/airflow/example_dags/example_local_kubernetes_executor.py
[2025-02-23T09:49:52.827+0000] {processor.py:925} INFO - DAG(s) 'example_local_kubernetes_executor' retrieved from /home/airflow/.local/lib/python3.12/site-packages/airflow/example_dags/example_local_kubernetes_executor.py
[2025-02-23T09:49:52.870+0000] {logging_mixin.py:190} INFO - [2025-02-23T09:49:52.869+0000] {dag.py:3239} INFO - Sync 1 DAGs
[2025-02-23T09:49:52.902+0000] {logging_mixin.py:190} INFO - [2025-02-23T09:49:52.901+0000] {dag.py:4180} INFO - Setting next_dagrun for example_local_kubernetes_executor to None, run_after=None
[2025-02-23T09:49:52.946+0000] {processor.py:208} INFO - Processing /home/airflow/.local/lib/python3.12/site-packages/airflow/example_dags/example_local_kubernetes_executor.py took 0.163 seconds
[2025-02-23T09:50:24.875+0000] {processor.py:186} INFO - Started process (PID=2341) to work on /home/airflow/.local/lib/python3.12/site-packages/airflow/example_dags/example_local_kubernetes_executor.py
[2025-02-23T09:50:24.877+0000] {processor.py:914} INFO - Processing file /home/airflow/.local/lib/python3.12/site-packages/airflow/example_dags/example_local_kubernetes_executor.py for tasks to queue
[2025-02-23T09:50:24.880+0000] {logging_mixin.py:190} INFO - [2025-02-23T09:50:24.879+0000] {dagbag.py:588} INFO - Filling up the DagBag from /home/airflow/.local/lib/python3.12/site-packages/airflow/example_dags/example_local_kubernetes_executor.py
[2025-02-23T09:50:24.895+0000] {processor.py:925} INFO - DAG(s) 'example_local_kubernetes_executor' retrieved from /home/airflow/.local/lib/python3.12/site-packages/airflow/example_dags/example_local_kubernetes_executor.py
[2025-02-23T09:50:24.930+0000] {logging_mixin.py:190} INFO - [2025-02-23T09:50:24.929+0000] {dag.py:3239} INFO - Sync 1 DAGs
[2025-02-23T09:50:24.951+0000] {logging_mixin.py:190} INFO - [2025-02-23T09:50:24.950+0000] {dag.py:4180} INFO - Setting next_dagrun for example_local_kubernetes_executor to None, run_after=None
[2025-02-23T09:50:24.981+0000] {processor.py:208} INFO - Processing /home/airflow/.local/lib/python3.12/site-packages/airflow/example_dags/example_local_kubernetes_executor.py took 0.114 seconds
[2025-02-23T09:50:57.171+0000] {processor.py:186} INFO - Started process (PID=2407) to work on /home/airflow/.local/lib/python3.12/site-packages/airflow/example_dags/example_local_kubernetes_executor.py
[2025-02-23T09:50:57.174+0000] {processor.py:914} INFO - Processing file /home/airflow/.local/lib/python3.12/site-packages/airflow/example_dags/example_local_kubernetes_executor.py for tasks to queue
[2025-02-23T09:50:57.178+0000] {logging_mixin.py:190} INFO - [2025-02-23T09:50:57.177+0000] {dagbag.py:588} INFO - Filling up the DagBag from /home/airflow/.local/lib/python3.12/site-packages/airflow/example_dags/example_local_kubernetes_executor.py
[2025-02-23T09:50:57.215+0000] {processor.py:925} INFO - DAG(s) 'example_local_kubernetes_executor' retrieved from /home/airflow/.local/lib/python3.12/site-packages/airflow/example_dags/example_local_kubernetes_executor.py
[2025-02-23T09:50:57.254+0000] {logging_mixin.py:190} INFO - [2025-02-23T09:50:57.253+0000] {dag.py:3239} INFO - Sync 1 DAGs
[2025-02-23T09:50:57.279+0000] {logging_mixin.py:190} INFO - [2025-02-23T09:50:57.279+0000] {dag.py:4180} INFO - Setting next_dagrun for example_local_kubernetes_executor to None, run_after=None
[2025-02-23T09:50:57.322+0000] {processor.py:208} INFO - Processing /home/airflow/.local/lib/python3.12/site-packages/airflow/example_dags/example_local_kubernetes_executor.py took 0.158 seconds
[2025-02-23T09:51:29.706+0000] {processor.py:186} INFO - Started process (PID=2477) to work on /home/airflow/.local/lib/python3.12/site-packages/airflow/example_dags/example_local_kubernetes_executor.py
[2025-02-23T09:51:29.708+0000] {processor.py:914} INFO - Processing file /home/airflow/.local/lib/python3.12/site-packages/airflow/example_dags/example_local_kubernetes_executor.py for tasks to queue
[2025-02-23T09:51:29.713+0000] {logging_mixin.py:190} INFO - [2025-02-23T09:51:29.712+0000] {dagbag.py:588} INFO - Filling up the DagBag from /home/airflow/.local/lib/python3.12/site-packages/airflow/example_dags/example_local_kubernetes_executor.py
[2025-02-23T09:51:29.727+0000] {processor.py:925} INFO - DAG(s) 'example_local_kubernetes_executor' retrieved from /home/airflow/.local/lib/python3.12/site-packages/airflow/example_dags/example_local_kubernetes_executor.py
[2025-02-23T09:51:29.761+0000] {logging_mixin.py:190} INFO - [2025-02-23T09:51:29.761+0000] {dag.py:3239} INFO - Sync 1 DAGs
[2025-02-23T09:51:29.780+0000] {logging_mixin.py:190} INFO - [2025-02-23T09:51:29.780+0000] {dag.py:4180} INFO - Setting next_dagrun for example_local_kubernetes_executor to None, run_after=None
[2025-02-23T09:51:29.813+0000] {processor.py:208} INFO - Processing /home/airflow/.local/lib/python3.12/site-packages/airflow/example_dags/example_local_kubernetes_executor.py took 0.114 seconds
[2025-02-23T09:52:01.267+0000] {processor.py:186} INFO - Started process (PID=2540) to work on /home/airflow/.local/lib/python3.12/site-packages/airflow/example_dags/example_local_kubernetes_executor.py
[2025-02-23T09:52:01.269+0000] {processor.py:914} INFO - Processing file /home/airflow/.local/lib/python3.12/site-packages/airflow/example_dags/example_local_kubernetes_executor.py for tasks to queue
[2025-02-23T09:52:01.273+0000] {logging_mixin.py:190} INFO - [2025-02-23T09:52:01.272+0000] {dagbag.py:588} INFO - Filling up the DagBag from /home/airflow/.local/lib/python3.12/site-packages/airflow/example_dags/example_local_kubernetes_executor.py
[2025-02-23T09:52:01.290+0000] {processor.py:925} INFO - DAG(s) 'example_local_kubernetes_executor' retrieved from /home/airflow/.local/lib/python3.12/site-packages/airflow/example_dags/example_local_kubernetes_executor.py
[2025-02-23T09:52:01.318+0000] {logging_mixin.py:190} INFO - [2025-02-23T09:52:01.318+0000] {dag.py:3239} INFO - Sync 1 DAGs
[2025-02-23T09:52:01.340+0000] {logging_mixin.py:190} INFO - [2025-02-23T09:52:01.340+0000] {dag.py:4180} INFO - Setting next_dagrun for example_local_kubernetes_executor to None, run_after=None
[2025-02-23T09:52:01.371+0000] {processor.py:208} INFO - Processing /home/airflow/.local/lib/python3.12/site-packages/airflow/example_dags/example_local_kubernetes_executor.py took 0.113 seconds
[2025-02-23T09:52:33.050+0000] {processor.py:186} INFO - Started process (PID=2605) to work on /home/airflow/.local/lib/python3.12/site-packages/airflow/example_dags/example_local_kubernetes_executor.py
[2025-02-23T09:52:33.052+0000] {processor.py:914} INFO - Processing file /home/airflow/.local/lib/python3.12/site-packages/airflow/example_dags/example_local_kubernetes_executor.py for tasks to queue
[2025-02-23T09:52:33.055+0000] {logging_mixin.py:190} INFO - [2025-02-23T09:52:33.055+0000] {dagbag.py:588} INFO - Filling up the DagBag from /home/airflow/.local/lib/python3.12/site-packages/airflow/example_dags/example_local_kubernetes_executor.py
[2025-02-23T09:52:33.068+0000] {processor.py:925} INFO - DAG(s) 'example_local_kubernetes_executor' retrieved from /home/airflow/.local/lib/python3.12/site-packages/airflow/example_dags/example_local_kubernetes_executor.py
[2025-02-23T09:52:33.101+0000] {logging_mixin.py:190} INFO - [2025-02-23T09:52:33.101+0000] {dag.py:3239} INFO - Sync 1 DAGs
[2025-02-23T09:52:33.121+0000] {logging_mixin.py:190} INFO - [2025-02-23T09:52:33.121+0000] {dag.py:4180} INFO - Setting next_dagrun for example_local_kubernetes_executor to None, run_after=None
[2025-02-23T09:52:33.154+0000] {processor.py:208} INFO - Processing /home/airflow/.local/lib/python3.12/site-packages/airflow/example_dags/example_local_kubernetes_executor.py took 0.114 seconds
[2025-02-23T09:53:04.368+0000] {processor.py:186} INFO - Started process (PID=2669) to work on /home/airflow/.local/lib/python3.12/site-packages/airflow/example_dags/example_local_kubernetes_executor.py
[2025-02-23T09:53:04.370+0000] {processor.py:914} INFO - Processing file /home/airflow/.local/lib/python3.12/site-packages/airflow/example_dags/example_local_kubernetes_executor.py for tasks to queue
[2025-02-23T09:53:04.373+0000] {logging_mixin.py:190} INFO - [2025-02-23T09:53:04.372+0000] {dagbag.py:588} INFO - Filling up the DagBag from /home/airflow/.local/lib/python3.12/site-packages/airflow/example_dags/example_local_kubernetes_executor.py
[2025-02-23T09:53:04.388+0000] {processor.py:925} INFO - DAG(s) 'example_local_kubernetes_executor' retrieved from /home/airflow/.local/lib/python3.12/site-packages/airflow/example_dags/example_local_kubernetes_executor.py
[2025-02-23T09:53:04.418+0000] {logging_mixin.py:190} INFO - [2025-02-23T09:53:04.418+0000] {dag.py:3239} INFO - Sync 1 DAGs
[2025-02-23T09:53:04.441+0000] {logging_mixin.py:190} INFO - [2025-02-23T09:53:04.441+0000] {dag.py:4180} INFO - Setting next_dagrun for example_local_kubernetes_executor to None, run_after=None
[2025-02-23T09:53:04.475+0000] {processor.py:208} INFO - Processing /home/airflow/.local/lib/python3.12/site-packages/airflow/example_dags/example_local_kubernetes_executor.py took 0.115 seconds
[2025-02-23T10:14:54.516+0000] {processor.py:186} INFO - Started process (PID=101) to work on /home/airflow/.local/lib/python3.12/site-packages/airflow/example_dags/example_local_kubernetes_executor.py
[2025-02-23T10:14:54.519+0000] {processor.py:914} INFO - Processing file /home/airflow/.local/lib/python3.12/site-packages/airflow/example_dags/example_local_kubernetes_executor.py for tasks to queue
[2025-02-23T10:14:54.523+0000] {logging_mixin.py:190} INFO - [2025-02-23T10:14:54.523+0000] {dagbag.py:588} INFO - Filling up the DagBag from /home/airflow/.local/lib/python3.12/site-packages/airflow/example_dags/example_local_kubernetes_executor.py
[2025-02-23T10:14:54.541+0000] {processor.py:925} INFO - DAG(s) 'example_local_kubernetes_executor' retrieved from /home/airflow/.local/lib/python3.12/site-packages/airflow/example_dags/example_local_kubernetes_executor.py
[2025-02-23T10:14:54.805+0000] {logging_mixin.py:190} INFO - [2025-02-23T10:14:54.804+0000] {override.py:1912} INFO - Created Permission View: can read on DAG:example_local_kubernetes_executor
[2025-02-23T10:14:54.843+0000] {logging_mixin.py:190} INFO - [2025-02-23T10:14:54.842+0000] {override.py:1912} INFO - Created Permission View: can edit on DAG:example_local_kubernetes_executor
[2025-02-23T10:14:54.871+0000] {logging_mixin.py:190} INFO - [2025-02-23T10:14:54.870+0000] {override.py:1912} INFO - Created Permission View: can delete on DAG:example_local_kubernetes_executor
[2025-02-23T10:14:54.899+0000] {logging_mixin.py:190} INFO - [2025-02-23T10:14:54.898+0000] {override.py:1912} INFO - Created Permission View: can read on DAG Run:example_local_kubernetes_executor
[2025-02-23T10:14:54.920+0000] {logging_mixin.py:190} INFO - [2025-02-23T10:14:54.919+0000] {override.py:1912} INFO - Created Permission View: menu access on DAG Run:example_local_kubernetes_executor
[2025-02-23T10:14:54.940+0000] {logging_mixin.py:190} INFO - [2025-02-23T10:14:54.940+0000] {override.py:1912} INFO - Created Permission View: can create on DAG Run:example_local_kubernetes_executor
[2025-02-23T10:14:54.959+0000] {logging_mixin.py:190} INFO - [2025-02-23T10:14:54.958+0000] {override.py:1912} INFO - Created Permission View: can delete on DAG Run:example_local_kubernetes_executor
[2025-02-23T10:14:54.961+0000] {logging_mixin.py:190} INFO - [2025-02-23T10:14:54.961+0000] {dag.py:3239} INFO - Sync 1 DAGs
[2025-02-23T10:14:54.995+0000] {logging_mixin.py:190} INFO - [2025-02-23T10:14:54.995+0000] {dag.py:3262} INFO - Creating ORM DAG for example_local_kubernetes_executor
[2025-02-23T10:14:54.998+0000] {logging_mixin.py:190} INFO - [2025-02-23T10:14:54.998+0000] {dag.py:4180} INFO - Setting next_dagrun for example_local_kubernetes_executor to None, run_after=None
[2025-02-23T10:14:55.055+0000] {processor.py:208} INFO - Processing /home/airflow/.local/lib/python3.12/site-packages/airflow/example_dags/example_local_kubernetes_executor.py took 0.552 seconds
[2025-02-23T10:15:25.966+0000] {processor.py:186} INFO - Started process (PID=171) to work on /home/airflow/.local/lib/python3.12/site-packages/airflow/example_dags/example_local_kubernetes_executor.py
[2025-02-23T10:15:25.967+0000] {processor.py:914} INFO - Processing file /home/airflow/.local/lib/python3.12/site-packages/airflow/example_dags/example_local_kubernetes_executor.py for tasks to queue
[2025-02-23T10:15:25.971+0000] {logging_mixin.py:190} INFO - [2025-02-23T10:15:25.970+0000] {dagbag.py:588} INFO - Filling up the DagBag from /home/airflow/.local/lib/python3.12/site-packages/airflow/example_dags/example_local_kubernetes_executor.py
[2025-02-23T10:15:25.986+0000] {processor.py:925} INFO - DAG(s) 'example_local_kubernetes_executor' retrieved from /home/airflow/.local/lib/python3.12/site-packages/airflow/example_dags/example_local_kubernetes_executor.py
[2025-02-23T10:15:26.022+0000] {logging_mixin.py:190} INFO - [2025-02-23T10:15:26.022+0000] {dag.py:3239} INFO - Sync 1 DAGs
[2025-02-23T10:15:26.067+0000] {logging_mixin.py:190} INFO - [2025-02-23T10:15:26.067+0000] {dag.py:4180} INFO - Setting next_dagrun for example_local_kubernetes_executor to None, run_after=None
[2025-02-23T10:15:26.136+0000] {processor.py:208} INFO - Processing /home/airflow/.local/lib/python3.12/site-packages/airflow/example_dags/example_local_kubernetes_executor.py took 0.179 seconds
[2025-02-23T10:15:56.759+0000] {processor.py:186} INFO - Started process (PID=236) to work on /home/airflow/.local/lib/python3.12/site-packages/airflow/example_dags/example_local_kubernetes_executor.py
[2025-02-23T10:15:56.760+0000] {processor.py:914} INFO - Processing file /home/airflow/.local/lib/python3.12/site-packages/airflow/example_dags/example_local_kubernetes_executor.py for tasks to queue
[2025-02-23T10:15:56.764+0000] {logging_mixin.py:190} INFO - [2025-02-23T10:15:56.764+0000] {dagbag.py:588} INFO - Filling up the DagBag from /home/airflow/.local/lib/python3.12/site-packages/airflow/example_dags/example_local_kubernetes_executor.py
[2025-02-23T10:15:56.779+0000] {processor.py:925} INFO - DAG(s) 'example_local_kubernetes_executor' retrieved from /home/airflow/.local/lib/python3.12/site-packages/airflow/example_dags/example_local_kubernetes_executor.py
[2025-02-23T10:15:56.815+0000] {logging_mixin.py:190} INFO - [2025-02-23T10:15:56.814+0000] {dag.py:3239} INFO - Sync 1 DAGs
[2025-02-23T10:15:56.834+0000] {logging_mixin.py:190} INFO - [2025-02-23T10:15:56.834+0000] {dag.py:4180} INFO - Setting next_dagrun for example_local_kubernetes_executor to None, run_after=None
[2025-02-23T10:15:56.865+0000] {processor.py:208} INFO - Processing /home/airflow/.local/lib/python3.12/site-packages/airflow/example_dags/example_local_kubernetes_executor.py took 0.114 seconds
[2025-02-23T10:16:27.503+0000] {processor.py:186} INFO - Started process (PID=301) to work on /home/airflow/.local/lib/python3.12/site-packages/airflow/example_dags/example_local_kubernetes_executor.py
[2025-02-23T10:16:27.505+0000] {processor.py:914} INFO - Processing file /home/airflow/.local/lib/python3.12/site-packages/airflow/example_dags/example_local_kubernetes_executor.py for tasks to queue
[2025-02-23T10:16:27.510+0000] {logging_mixin.py:190} INFO - [2025-02-23T10:16:27.509+0000] {dagbag.py:588} INFO - Filling up the DagBag from /home/airflow/.local/lib/python3.12/site-packages/airflow/example_dags/example_local_kubernetes_executor.py
[2025-02-23T10:16:27.525+0000] {processor.py:925} INFO - DAG(s) 'example_local_kubernetes_executor' retrieved from /home/airflow/.local/lib/python3.12/site-packages/airflow/example_dags/example_local_kubernetes_executor.py
[2025-02-23T10:16:27.560+0000] {logging_mixin.py:190} INFO - [2025-02-23T10:16:27.560+0000] {dag.py:3239} INFO - Sync 1 DAGs
[2025-02-23T10:16:27.584+0000] {logging_mixin.py:190} INFO - [2025-02-23T10:16:27.584+0000] {dag.py:4180} INFO - Setting next_dagrun for example_local_kubernetes_executor to None, run_after=None
[2025-02-23T10:16:27.625+0000] {processor.py:208} INFO - Processing /home/airflow/.local/lib/python3.12/site-packages/airflow/example_dags/example_local_kubernetes_executor.py took 0.132 seconds
[2025-02-23T10:16:58.582+0000] {processor.py:186} INFO - Started process (PID=365) to work on /home/airflow/.local/lib/python3.12/site-packages/airflow/example_dags/example_local_kubernetes_executor.py
[2025-02-23T10:16:58.584+0000] {processor.py:914} INFO - Processing file /home/airflow/.local/lib/python3.12/site-packages/airflow/example_dags/example_local_kubernetes_executor.py for tasks to queue
[2025-02-23T10:16:58.589+0000] {logging_mixin.py:190} INFO - [2025-02-23T10:16:58.588+0000] {dagbag.py:588} INFO - Filling up the DagBag from /home/airflow/.local/lib/python3.12/site-packages/airflow/example_dags/example_local_kubernetes_executor.py
[2025-02-23T10:16:58.609+0000] {processor.py:925} INFO - DAG(s) 'example_local_kubernetes_executor' retrieved from /home/airflow/.local/lib/python3.12/site-packages/airflow/example_dags/example_local_kubernetes_executor.py
[2025-02-23T10:16:58.659+0000] {logging_mixin.py:190} INFO - [2025-02-23T10:16:58.658+0000] {dag.py:3239} INFO - Sync 1 DAGs
[2025-02-23T10:16:58.691+0000] {logging_mixin.py:190} INFO - [2025-02-23T10:16:58.691+0000] {dag.py:4180} INFO - Setting next_dagrun for example_local_kubernetes_executor to None, run_after=None
[2025-02-23T10:16:58.729+0000] {processor.py:208} INFO - Processing /home/airflow/.local/lib/python3.12/site-packages/airflow/example_dags/example_local_kubernetes_executor.py took 0.163 seconds
[2025-02-23T10:17:28.960+0000] {processor.py:186} INFO - Started process (PID=430) to work on /home/airflow/.local/lib/python3.12/site-packages/airflow/example_dags/example_local_kubernetes_executor.py
[2025-02-23T10:17:28.963+0000] {processor.py:914} INFO - Processing file /home/airflow/.local/lib/python3.12/site-packages/airflow/example_dags/example_local_kubernetes_executor.py for tasks to queue
[2025-02-23T10:17:28.971+0000] {logging_mixin.py:190} INFO - [2025-02-23T10:17:28.970+0000] {dagbag.py:588} INFO - Filling up the DagBag from /home/airflow/.local/lib/python3.12/site-packages/airflow/example_dags/example_local_kubernetes_executor.py
[2025-02-23T10:17:29.002+0000] {processor.py:925} INFO - DAG(s) 'example_local_kubernetes_executor' retrieved from /home/airflow/.local/lib/python3.12/site-packages/airflow/example_dags/example_local_kubernetes_executor.py
[2025-02-23T10:17:29.054+0000] {logging_mixin.py:190} INFO - [2025-02-23T10:17:29.053+0000] {dag.py:3239} INFO - Sync 1 DAGs
[2025-02-23T10:17:29.084+0000] {logging_mixin.py:190} INFO - [2025-02-23T10:17:29.084+0000] {dag.py:4180} INFO - Setting next_dagrun for example_local_kubernetes_executor to None, run_after=None
[2025-02-23T10:17:29.122+0000] {processor.py:208} INFO - Processing /home/airflow/.local/lib/python3.12/site-packages/airflow/example_dags/example_local_kubernetes_executor.py took 0.179 seconds
[2025-02-23T10:18:00.113+0000] {processor.py:186} INFO - Started process (PID=495) to work on /home/airflow/.local/lib/python3.12/site-packages/airflow/example_dags/example_local_kubernetes_executor.py
[2025-02-23T10:18:00.115+0000] {processor.py:914} INFO - Processing file /home/airflow/.local/lib/python3.12/site-packages/airflow/example_dags/example_local_kubernetes_executor.py for tasks to queue
[2025-02-23T10:18:00.119+0000] {logging_mixin.py:190} INFO - [2025-02-23T10:18:00.118+0000] {dagbag.py:588} INFO - Filling up the DagBag from /home/airflow/.local/lib/python3.12/site-packages/airflow/example_dags/example_local_kubernetes_executor.py
[2025-02-23T10:18:00.132+0000] {processor.py:925} INFO - DAG(s) 'example_local_kubernetes_executor' retrieved from /home/airflow/.local/lib/python3.12/site-packages/airflow/example_dags/example_local_kubernetes_executor.py
[2025-02-23T10:18:00.166+0000] {logging_mixin.py:190} INFO - [2025-02-23T10:18:00.165+0000] {dag.py:3239} INFO - Sync 1 DAGs
[2025-02-23T10:18:00.191+0000] {logging_mixin.py:190} INFO - [2025-02-23T10:18:00.191+0000] {dag.py:4180} INFO - Setting next_dagrun for example_local_kubernetes_executor to None, run_after=None
[2025-02-23T10:18:00.228+0000] {processor.py:208} INFO - Processing /home/airflow/.local/lib/python3.12/site-packages/airflow/example_dags/example_local_kubernetes_executor.py took 0.123 seconds
[2025-02-23T10:18:30.452+0000] {processor.py:186} INFO - Started process (PID=560) to work on /home/airflow/.local/lib/python3.12/site-packages/airflow/example_dags/example_local_kubernetes_executor.py
[2025-02-23T10:18:30.454+0000] {processor.py:914} INFO - Processing file /home/airflow/.local/lib/python3.12/site-packages/airflow/example_dags/example_local_kubernetes_executor.py for tasks to queue
[2025-02-23T10:18:30.457+0000] {logging_mixin.py:190} INFO - [2025-02-23T10:18:30.457+0000] {dagbag.py:588} INFO - Filling up the DagBag from /home/airflow/.local/lib/python3.12/site-packages/airflow/example_dags/example_local_kubernetes_executor.py
[2025-02-23T10:18:30.473+0000] {processor.py:925} INFO - DAG(s) 'example_local_kubernetes_executor' retrieved from /home/airflow/.local/lib/python3.12/site-packages/airflow/example_dags/example_local_kubernetes_executor.py
[2025-02-23T10:18:30.507+0000] {logging_mixin.py:190} INFO - [2025-02-23T10:18:30.507+0000] {dag.py:3239} INFO - Sync 1 DAGs
[2025-02-23T10:18:30.535+0000] {logging_mixin.py:190} INFO - [2025-02-23T10:18:30.534+0000] {dag.py:4180} INFO - Setting next_dagrun for example_local_kubernetes_executor to None, run_after=None
[2025-02-23T10:18:30.581+0000] {processor.py:208} INFO - Processing /home/airflow/.local/lib/python3.12/site-packages/airflow/example_dags/example_local_kubernetes_executor.py took 0.137 seconds
[2025-02-23T10:19:01.267+0000] {processor.py:186} INFO - Started process (PID=625) to work on /home/airflow/.local/lib/python3.12/site-packages/airflow/example_dags/example_local_kubernetes_executor.py
[2025-02-23T10:19:01.270+0000] {processor.py:914} INFO - Processing file /home/airflow/.local/lib/python3.12/site-packages/airflow/example_dags/example_local_kubernetes_executor.py for tasks to queue
[2025-02-23T10:19:01.275+0000] {logging_mixin.py:190} INFO - [2025-02-23T10:19:01.274+0000] {dagbag.py:588} INFO - Filling up the DagBag from /home/airflow/.local/lib/python3.12/site-packages/airflow/example_dags/example_local_kubernetes_executor.py
[2025-02-23T10:19:01.300+0000] {processor.py:925} INFO - DAG(s) 'example_local_kubernetes_executor' retrieved from /home/airflow/.local/lib/python3.12/site-packages/airflow/example_dags/example_local_kubernetes_executor.py
[2025-02-23T10:19:01.367+0000] {logging_mixin.py:190} INFO - [2025-02-23T10:19:01.366+0000] {dag.py:3239} INFO - Sync 1 DAGs
[2025-02-23T10:19:01.404+0000] {logging_mixin.py:190} INFO - [2025-02-23T10:19:01.404+0000] {dag.py:4180} INFO - Setting next_dagrun for example_local_kubernetes_executor to None, run_after=None
[2025-02-23T10:19:01.459+0000] {processor.py:208} INFO - Processing /home/airflow/.local/lib/python3.12/site-packages/airflow/example_dags/example_local_kubernetes_executor.py took 0.207 seconds
[2025-02-23T10:19:32.430+0000] {processor.py:186} INFO - Started process (PID=690) to work on /home/airflow/.local/lib/python3.12/site-packages/airflow/example_dags/example_local_kubernetes_executor.py
[2025-02-23T10:19:32.432+0000] {processor.py:914} INFO - Processing file /home/airflow/.local/lib/python3.12/site-packages/airflow/example_dags/example_local_kubernetes_executor.py for tasks to queue
[2025-02-23T10:19:32.436+0000] {logging_mixin.py:190} INFO - [2025-02-23T10:19:32.435+0000] {dagbag.py:588} INFO - Filling up the DagBag from /home/airflow/.local/lib/python3.12/site-packages/airflow/example_dags/example_local_kubernetes_executor.py
[2025-02-23T10:19:32.457+0000] {processor.py:925} INFO - DAG(s) 'example_local_kubernetes_executor' retrieved from /home/airflow/.local/lib/python3.12/site-packages/airflow/example_dags/example_local_kubernetes_executor.py
[2025-02-23T10:19:32.493+0000] {logging_mixin.py:190} INFO - [2025-02-23T10:19:32.493+0000] {dag.py:3239} INFO - Sync 1 DAGs
[2025-02-23T10:19:32.519+0000] {logging_mixin.py:190} INFO - [2025-02-23T10:19:32.518+0000] {dag.py:4180} INFO - Setting next_dagrun for example_local_kubernetes_executor to None, run_after=None
[2025-02-23T10:19:32.552+0000] {processor.py:208} INFO - Processing /home/airflow/.local/lib/python3.12/site-packages/airflow/example_dags/example_local_kubernetes_executor.py took 0.132 seconds
[2025-02-23T10:20:03.035+0000] {processor.py:186} INFO - Started process (PID=755) to work on /home/airflow/.local/lib/python3.12/site-packages/airflow/example_dags/example_local_kubernetes_executor.py
[2025-02-23T10:20:03.037+0000] {processor.py:914} INFO - Processing file /home/airflow/.local/lib/python3.12/site-packages/airflow/example_dags/example_local_kubernetes_executor.py for tasks to queue
[2025-02-23T10:20:03.042+0000] {logging_mixin.py:190} INFO - [2025-02-23T10:20:03.041+0000] {dagbag.py:588} INFO - Filling up the DagBag from /home/airflow/.local/lib/python3.12/site-packages/airflow/example_dags/example_local_kubernetes_executor.py
[2025-02-23T10:20:03.065+0000] {processor.py:925} INFO - DAG(s) 'example_local_kubernetes_executor' retrieved from /home/airflow/.local/lib/python3.12/site-packages/airflow/example_dags/example_local_kubernetes_executor.py
[2025-02-23T10:20:03.134+0000] {logging_mixin.py:190} INFO - [2025-02-23T10:20:03.133+0000] {dag.py:3239} INFO - Sync 1 DAGs
[2025-02-23T10:20:03.178+0000] {logging_mixin.py:190} INFO - [2025-02-23T10:20:03.178+0000] {dag.py:4180} INFO - Setting next_dagrun for example_local_kubernetes_executor to None, run_after=None
[2025-02-23T10:20:03.224+0000] {processor.py:208} INFO - Processing /home/airflow/.local/lib/python3.12/site-packages/airflow/example_dags/example_local_kubernetes_executor.py took 0.201 seconds
[2025-02-23T10:20:33.352+0000] {processor.py:186} INFO - Started process (PID=820) to work on /home/airflow/.local/lib/python3.12/site-packages/airflow/example_dags/example_local_kubernetes_executor.py
[2025-02-23T10:20:33.354+0000] {processor.py:914} INFO - Processing file /home/airflow/.local/lib/python3.12/site-packages/airflow/example_dags/example_local_kubernetes_executor.py for tasks to queue
[2025-02-23T10:20:33.359+0000] {logging_mixin.py:190} INFO - [2025-02-23T10:20:33.358+0000] {dagbag.py:588} INFO - Filling up the DagBag from /home/airflow/.local/lib/python3.12/site-packages/airflow/example_dags/example_local_kubernetes_executor.py
[2025-02-23T10:20:33.376+0000] {processor.py:925} INFO - DAG(s) 'example_local_kubernetes_executor' retrieved from /home/airflow/.local/lib/python3.12/site-packages/airflow/example_dags/example_local_kubernetes_executor.py
[2025-02-23T10:20:33.414+0000] {logging_mixin.py:190} INFO - [2025-02-23T10:20:33.413+0000] {dag.py:3239} INFO - Sync 1 DAGs
[2025-02-23T10:20:33.436+0000] {logging_mixin.py:190} INFO - [2025-02-23T10:20:33.435+0000] {dag.py:4180} INFO - Setting next_dagrun for example_local_kubernetes_executor to None, run_after=None
[2025-02-23T10:20:33.468+0000] {processor.py:208} INFO - Processing /home/airflow/.local/lib/python3.12/site-packages/airflow/example_dags/example_local_kubernetes_executor.py took 0.124 seconds
[2025-02-23T10:21:03.604+0000] {processor.py:186} INFO - Started process (PID=886) to work on /home/airflow/.local/lib/python3.12/site-packages/airflow/example_dags/example_local_kubernetes_executor.py
[2025-02-23T10:21:03.606+0000] {processor.py:914} INFO - Processing file /home/airflow/.local/lib/python3.12/site-packages/airflow/example_dags/example_local_kubernetes_executor.py for tasks to queue
[2025-02-23T10:21:03.610+0000] {logging_mixin.py:190} INFO - [2025-02-23T10:21:03.609+0000] {dagbag.py:588} INFO - Filling up the DagBag from /home/airflow/.local/lib/python3.12/site-packages/airflow/example_dags/example_local_kubernetes_executor.py
[2025-02-23T10:21:03.623+0000] {processor.py:925} INFO - DAG(s) 'example_local_kubernetes_executor' retrieved from /home/airflow/.local/lib/python3.12/site-packages/airflow/example_dags/example_local_kubernetes_executor.py
[2025-02-23T10:21:03.657+0000] {logging_mixin.py:190} INFO - [2025-02-23T10:21:03.657+0000] {dag.py:3239} INFO - Sync 1 DAGs
[2025-02-23T10:21:03.679+0000] {logging_mixin.py:190} INFO - [2025-02-23T10:21:03.679+0000] {dag.py:4180} INFO - Setting next_dagrun for example_local_kubernetes_executor to None, run_after=None
[2025-02-23T10:21:03.728+0000] {processor.py:208} INFO - Processing /home/airflow/.local/lib/python3.12/site-packages/airflow/example_dags/example_local_kubernetes_executor.py took 0.131 seconds
[2025-02-23T10:25:09.395+0000] {processor.py:186} INFO - Started process (PID=100) to work on /home/airflow/.local/lib/python3.12/site-packages/airflow/example_dags/example_local_kubernetes_executor.py
[2025-02-23T10:25:09.397+0000] {processor.py:914} INFO - Processing file /home/airflow/.local/lib/python3.12/site-packages/airflow/example_dags/example_local_kubernetes_executor.py for tasks to queue
[2025-02-23T10:25:09.401+0000] {logging_mixin.py:190} INFO - [2025-02-23T10:25:09.401+0000] {dagbag.py:588} INFO - Filling up the DagBag from /home/airflow/.local/lib/python3.12/site-packages/airflow/example_dags/example_local_kubernetes_executor.py
[2025-02-23T10:25:09.421+0000] {processor.py:925} INFO - DAG(s) 'example_local_kubernetes_executor' retrieved from /home/airflow/.local/lib/python3.12/site-packages/airflow/example_dags/example_local_kubernetes_executor.py
[2025-02-23T10:25:09.453+0000] {logging_mixin.py:190} INFO - [2025-02-23T10:25:09.453+0000] {dag.py:3239} INFO - Sync 1 DAGs
[2025-02-23T10:25:09.476+0000] {logging_mixin.py:190} INFO - [2025-02-23T10:25:09.476+0000] {dag.py:4180} INFO - Setting next_dagrun for example_local_kubernetes_executor to None, run_after=None
[2025-02-23T10:25:09.528+0000] {processor.py:208} INFO - Processing /home/airflow/.local/lib/python3.12/site-packages/airflow/example_dags/example_local_kubernetes_executor.py took 0.141 seconds
[2025-02-23T10:25:40.011+0000] {processor.py:186} INFO - Started process (PID=164) to work on /home/airflow/.local/lib/python3.12/site-packages/airflow/example_dags/example_local_kubernetes_executor.py
[2025-02-23T10:25:40.013+0000] {processor.py:914} INFO - Processing file /home/airflow/.local/lib/python3.12/site-packages/airflow/example_dags/example_local_kubernetes_executor.py for tasks to queue
[2025-02-23T10:25:40.018+0000] {logging_mixin.py:190} INFO - [2025-02-23T10:25:40.017+0000] {dagbag.py:588} INFO - Filling up the DagBag from /home/airflow/.local/lib/python3.12/site-packages/airflow/example_dags/example_local_kubernetes_executor.py
[2025-02-23T10:25:40.042+0000] {processor.py:925} INFO - DAG(s) 'example_local_kubernetes_executor' retrieved from /home/airflow/.local/lib/python3.12/site-packages/airflow/example_dags/example_local_kubernetes_executor.py
[2025-02-23T10:25:40.083+0000] {logging_mixin.py:190} INFO - [2025-02-23T10:25:40.083+0000] {dag.py:3239} INFO - Sync 1 DAGs
[2025-02-23T10:25:40.112+0000] {logging_mixin.py:190} INFO - [2025-02-23T10:25:40.111+0000] {dag.py:4180} INFO - Setting next_dagrun for example_local_kubernetes_executor to None, run_after=None
[2025-02-23T10:25:40.158+0000] {processor.py:208} INFO - Processing /home/airflow/.local/lib/python3.12/site-packages/airflow/example_dags/example_local_kubernetes_executor.py took 0.157 seconds
[2025-02-23T10:26:10.251+0000] {processor.py:186} INFO - Started process (PID=228) to work on /home/airflow/.local/lib/python3.12/site-packages/airflow/example_dags/example_local_kubernetes_executor.py
[2025-02-23T10:26:10.253+0000] {processor.py:914} INFO - Processing file /home/airflow/.local/lib/python3.12/site-packages/airflow/example_dags/example_local_kubernetes_executor.py for tasks to queue
[2025-02-23T10:26:10.256+0000] {logging_mixin.py:190} INFO - [2025-02-23T10:26:10.256+0000] {dagbag.py:588} INFO - Filling up the DagBag from /home/airflow/.local/lib/python3.12/site-packages/airflow/example_dags/example_local_kubernetes_executor.py
[2025-02-23T10:26:10.270+0000] {processor.py:925} INFO - DAG(s) 'example_local_kubernetes_executor' retrieved from /home/airflow/.local/lib/python3.12/site-packages/airflow/example_dags/example_local_kubernetes_executor.py
[2025-02-23T10:26:10.300+0000] {logging_mixin.py:190} INFO - [2025-02-23T10:26:10.299+0000] {dag.py:3239} INFO - Sync 1 DAGs
[2025-02-23T10:26:10.319+0000] {logging_mixin.py:190} INFO - [2025-02-23T10:26:10.318+0000] {dag.py:4180} INFO - Setting next_dagrun for example_local_kubernetes_executor to None, run_after=None
[2025-02-23T10:26:10.349+0000] {processor.py:208} INFO - Processing /home/airflow/.local/lib/python3.12/site-packages/airflow/example_dags/example_local_kubernetes_executor.py took 0.106 seconds
[2025-02-23T10:35:47.665+0000] {processor.py:186} INFO - Started process (PID=100) to work on /home/airflow/.local/lib/python3.12/site-packages/airflow/example_dags/example_local_kubernetes_executor.py
[2025-02-23T10:35:47.667+0000] {processor.py:914} INFO - Processing file /home/airflow/.local/lib/python3.12/site-packages/airflow/example_dags/example_local_kubernetes_executor.py for tasks to queue
[2025-02-23T10:35:47.671+0000] {logging_mixin.py:190} INFO - [2025-02-23T10:35:47.671+0000] {dagbag.py:588} INFO - Filling up the DagBag from /home/airflow/.local/lib/python3.12/site-packages/airflow/example_dags/example_local_kubernetes_executor.py
[2025-02-23T10:35:47.687+0000] {processor.py:925} INFO - DAG(s) 'example_local_kubernetes_executor' retrieved from /home/airflow/.local/lib/python3.12/site-packages/airflow/example_dags/example_local_kubernetes_executor.py
[2025-02-23T10:35:47.732+0000] {logging_mixin.py:190} INFO - [2025-02-23T10:35:47.731+0000] {dag.py:3239} INFO - Sync 1 DAGs
[2025-02-23T10:35:47.756+0000] {logging_mixin.py:190} INFO - [2025-02-23T10:35:47.755+0000] {dag.py:4180} INFO - Setting next_dagrun for example_local_kubernetes_executor to None, run_after=None
[2025-02-23T10:35:47.804+0000] {processor.py:208} INFO - Processing /home/airflow/.local/lib/python3.12/site-packages/airflow/example_dags/example_local_kubernetes_executor.py took 0.151 seconds
[2025-02-23T10:36:18.092+0000] {processor.py:186} INFO - Started process (PID=164) to work on /home/airflow/.local/lib/python3.12/site-packages/airflow/example_dags/example_local_kubernetes_executor.py
[2025-02-23T10:36:18.094+0000] {processor.py:914} INFO - Processing file /home/airflow/.local/lib/python3.12/site-packages/airflow/example_dags/example_local_kubernetes_executor.py for tasks to queue
[2025-02-23T10:36:18.098+0000] {logging_mixin.py:190} INFO - [2025-02-23T10:36:18.098+0000] {dagbag.py:588} INFO - Filling up the DagBag from /home/airflow/.local/lib/python3.12/site-packages/airflow/example_dags/example_local_kubernetes_executor.py
[2025-02-23T10:36:18.113+0000] {processor.py:925} INFO - DAG(s) 'example_local_kubernetes_executor' retrieved from /home/airflow/.local/lib/python3.12/site-packages/airflow/example_dags/example_local_kubernetes_executor.py
[2025-02-23T10:36:18.153+0000] {logging_mixin.py:190} INFO - [2025-02-23T10:36:18.153+0000] {dag.py:3239} INFO - Sync 1 DAGs
[2025-02-23T10:36:18.180+0000] {logging_mixin.py:190} INFO - [2025-02-23T10:36:18.180+0000] {dag.py:4180} INFO - Setting next_dagrun for example_local_kubernetes_executor to None, run_after=None
[2025-02-23T10:36:18.296+0000] {processor.py:208} INFO - Processing /home/airflow/.local/lib/python3.12/site-packages/airflow/example_dags/example_local_kubernetes_executor.py took 0.216 seconds
[2025-02-23T10:36:49.018+0000] {processor.py:186} INFO - Started process (PID=229) to work on /home/airflow/.local/lib/python3.12/site-packages/airflow/example_dags/example_local_kubernetes_executor.py
[2025-02-23T10:36:49.020+0000] {processor.py:914} INFO - Processing file /home/airflow/.local/lib/python3.12/site-packages/airflow/example_dags/example_local_kubernetes_executor.py for tasks to queue
[2025-02-23T10:36:49.024+0000] {logging_mixin.py:190} INFO - [2025-02-23T10:36:49.024+0000] {dagbag.py:588} INFO - Filling up the DagBag from /home/airflow/.local/lib/python3.12/site-packages/airflow/example_dags/example_local_kubernetes_executor.py
[2025-02-23T10:36:49.038+0000] {processor.py:925} INFO - DAG(s) 'example_local_kubernetes_executor' retrieved from /home/airflow/.local/lib/python3.12/site-packages/airflow/example_dags/example_local_kubernetes_executor.py
[2025-02-23T10:36:49.072+0000] {logging_mixin.py:190} INFO - [2025-02-23T10:36:49.072+0000] {dag.py:3239} INFO - Sync 1 DAGs
[2025-02-23T10:36:49.098+0000] {logging_mixin.py:190} INFO - [2025-02-23T10:36:49.097+0000] {dag.py:4180} INFO - Setting next_dagrun for example_local_kubernetes_executor to None, run_after=None
[2025-02-23T10:36:49.145+0000] {processor.py:208} INFO - Processing /home/airflow/.local/lib/python3.12/site-packages/airflow/example_dags/example_local_kubernetes_executor.py took 0.134 seconds
[2025-02-23T10:37:19.275+0000] {processor.py:186} INFO - Started process (PID=293) to work on /home/airflow/.local/lib/python3.12/site-packages/airflow/example_dags/example_local_kubernetes_executor.py
[2025-02-23T10:37:19.276+0000] {processor.py:914} INFO - Processing file /home/airflow/.local/lib/python3.12/site-packages/airflow/example_dags/example_local_kubernetes_executor.py for tasks to queue
[2025-02-23T10:37:19.281+0000] {logging_mixin.py:190} INFO - [2025-02-23T10:37:19.280+0000] {dagbag.py:588} INFO - Filling up the DagBag from /home/airflow/.local/lib/python3.12/site-packages/airflow/example_dags/example_local_kubernetes_executor.py
[2025-02-23T10:37:19.297+0000] {processor.py:925} INFO - DAG(s) 'example_local_kubernetes_executor' retrieved from /home/airflow/.local/lib/python3.12/site-packages/airflow/example_dags/example_local_kubernetes_executor.py
[2025-02-23T10:37:19.342+0000] {logging_mixin.py:190} INFO - [2025-02-23T10:37:19.342+0000] {dag.py:3239} INFO - Sync 1 DAGs
[2025-02-23T10:37:19.372+0000] {logging_mixin.py:190} INFO - [2025-02-23T10:37:19.372+0000] {dag.py:4180} INFO - Setting next_dagrun for example_local_kubernetes_executor to None, run_after=None
[2025-02-23T10:37:19.419+0000] {processor.py:208} INFO - Processing /home/airflow/.local/lib/python3.12/site-packages/airflow/example_dags/example_local_kubernetes_executor.py took 0.155 seconds
[2025-02-23T10:37:50.302+0000] {processor.py:186} INFO - Started process (PID=358) to work on /home/airflow/.local/lib/python3.12/site-packages/airflow/example_dags/example_local_kubernetes_executor.py
[2025-02-23T10:37:50.304+0000] {processor.py:914} INFO - Processing file /home/airflow/.local/lib/python3.12/site-packages/airflow/example_dags/example_local_kubernetes_executor.py for tasks to queue
[2025-02-23T10:37:50.309+0000] {logging_mixin.py:190} INFO - [2025-02-23T10:37:50.308+0000] {dagbag.py:588} INFO - Filling up the DagBag from /home/airflow/.local/lib/python3.12/site-packages/airflow/example_dags/example_local_kubernetes_executor.py
[2025-02-23T10:37:50.335+0000] {processor.py:925} INFO - DAG(s) 'example_local_kubernetes_executor' retrieved from /home/airflow/.local/lib/python3.12/site-packages/airflow/example_dags/example_local_kubernetes_executor.py
[2025-02-23T10:37:50.372+0000] {logging_mixin.py:190} INFO - [2025-02-23T10:37:50.371+0000] {dag.py:3239} INFO - Sync 1 DAGs
[2025-02-23T10:37:50.399+0000] {logging_mixin.py:190} INFO - [2025-02-23T10:37:50.398+0000] {dag.py:4180} INFO - Setting next_dagrun for example_local_kubernetes_executor to None, run_after=None
[2025-02-23T10:37:50.437+0000] {processor.py:208} INFO - Processing /home/airflow/.local/lib/python3.12/site-packages/airflow/example_dags/example_local_kubernetes_executor.py took 0.143 seconds
[2025-02-23T10:38:20.780+0000] {processor.py:186} INFO - Started process (PID=423) to work on /home/airflow/.local/lib/python3.12/site-packages/airflow/example_dags/example_local_kubernetes_executor.py
[2025-02-23T10:38:20.782+0000] {processor.py:914} INFO - Processing file /home/airflow/.local/lib/python3.12/site-packages/airflow/example_dags/example_local_kubernetes_executor.py for tasks to queue
[2025-02-23T10:38:20.788+0000] {logging_mixin.py:190} INFO - [2025-02-23T10:38:20.787+0000] {dagbag.py:588} INFO - Filling up the DagBag from /home/airflow/.local/lib/python3.12/site-packages/airflow/example_dags/example_local_kubernetes_executor.py
[2025-02-23T10:38:20.828+0000] {processor.py:925} INFO - DAG(s) 'example_local_kubernetes_executor' retrieved from /home/airflow/.local/lib/python3.12/site-packages/airflow/example_dags/example_local_kubernetes_executor.py
[2025-02-23T10:38:20.903+0000] {logging_mixin.py:190} INFO - [2025-02-23T10:38:20.902+0000] {dag.py:3239} INFO - Sync 1 DAGs
[2025-02-23T10:38:20.944+0000] {logging_mixin.py:190} INFO - [2025-02-23T10:38:20.944+0000] {dag.py:4180} INFO - Setting next_dagrun for example_local_kubernetes_executor to None, run_after=None
[2025-02-23T10:38:20.995+0000] {processor.py:208} INFO - Processing /home/airflow/.local/lib/python3.12/site-packages/airflow/example_dags/example_local_kubernetes_executor.py took 0.233 seconds
[2025-02-23T10:38:51.120+0000] {processor.py:186} INFO - Started process (PID=488) to work on /home/airflow/.local/lib/python3.12/site-packages/airflow/example_dags/example_local_kubernetes_executor.py
[2025-02-23T10:38:51.122+0000] {processor.py:914} INFO - Processing file /home/airflow/.local/lib/python3.12/site-packages/airflow/example_dags/example_local_kubernetes_executor.py for tasks to queue
[2025-02-23T10:38:51.125+0000] {logging_mixin.py:190} INFO - [2025-02-23T10:38:51.125+0000] {dagbag.py:588} INFO - Filling up the DagBag from /home/airflow/.local/lib/python3.12/site-packages/airflow/example_dags/example_local_kubernetes_executor.py
[2025-02-23T10:38:51.141+0000] {processor.py:925} INFO - DAG(s) 'example_local_kubernetes_executor' retrieved from /home/airflow/.local/lib/python3.12/site-packages/airflow/example_dags/example_local_kubernetes_executor.py
[2025-02-23T10:38:51.178+0000] {logging_mixin.py:190} INFO - [2025-02-23T10:38:51.177+0000] {dag.py:3239} INFO - Sync 1 DAGs
[2025-02-23T10:38:51.198+0000] {logging_mixin.py:190} INFO - [2025-02-23T10:38:51.198+0000] {dag.py:4180} INFO - Setting next_dagrun for example_local_kubernetes_executor to None, run_after=None
[2025-02-23T10:38:51.234+0000] {processor.py:208} INFO - Processing /home/airflow/.local/lib/python3.12/site-packages/airflow/example_dags/example_local_kubernetes_executor.py took 0.121 seconds
[2025-02-23T10:39:21.722+0000] {processor.py:186} INFO - Started process (PID=553) to work on /home/airflow/.local/lib/python3.12/site-packages/airflow/example_dags/example_local_kubernetes_executor.py
[2025-02-23T10:39:21.724+0000] {processor.py:914} INFO - Processing file /home/airflow/.local/lib/python3.12/site-packages/airflow/example_dags/example_local_kubernetes_executor.py for tasks to queue
[2025-02-23T10:39:21.728+0000] {logging_mixin.py:190} INFO - [2025-02-23T10:39:21.727+0000] {dagbag.py:588} INFO - Filling up the DagBag from /home/airflow/.local/lib/python3.12/site-packages/airflow/example_dags/example_local_kubernetes_executor.py
[2025-02-23T10:39:21.744+0000] {processor.py:925} INFO - DAG(s) 'example_local_kubernetes_executor' retrieved from /home/airflow/.local/lib/python3.12/site-packages/airflow/example_dags/example_local_kubernetes_executor.py
[2025-02-23T10:39:21.775+0000] {logging_mixin.py:190} INFO - [2025-02-23T10:39:21.774+0000] {dag.py:3239} INFO - Sync 1 DAGs
[2025-02-23T10:39:21.796+0000] {logging_mixin.py:190} INFO - [2025-02-23T10:39:21.796+0000] {dag.py:4180} INFO - Setting next_dagrun for example_local_kubernetes_executor to None, run_after=None
[2025-02-23T10:39:21.827+0000] {processor.py:208} INFO - Processing /home/airflow/.local/lib/python3.12/site-packages/airflow/example_dags/example_local_kubernetes_executor.py took 0.114 seconds
[2025-02-23T10:39:52.706+0000] {processor.py:186} INFO - Started process (PID=618) to work on /home/airflow/.local/lib/python3.12/site-packages/airflow/example_dags/example_local_kubernetes_executor.py
[2025-02-23T10:39:52.708+0000] {processor.py:914} INFO - Processing file /home/airflow/.local/lib/python3.12/site-packages/airflow/example_dags/example_local_kubernetes_executor.py for tasks to queue
[2025-02-23T10:39:52.711+0000] {logging_mixin.py:190} INFO - [2025-02-23T10:39:52.711+0000] {dagbag.py:588} INFO - Filling up the DagBag from /home/airflow/.local/lib/python3.12/site-packages/airflow/example_dags/example_local_kubernetes_executor.py
[2025-02-23T10:39:52.726+0000] {processor.py:925} INFO - DAG(s) 'example_local_kubernetes_executor' retrieved from /home/airflow/.local/lib/python3.12/site-packages/airflow/example_dags/example_local_kubernetes_executor.py
[2025-02-23T10:39:52.757+0000] {logging_mixin.py:190} INFO - [2025-02-23T10:39:52.757+0000] {dag.py:3239} INFO - Sync 1 DAGs
[2025-02-23T10:39:52.778+0000] {logging_mixin.py:190} INFO - [2025-02-23T10:39:52.778+0000] {dag.py:4180} INFO - Setting next_dagrun for example_local_kubernetes_executor to None, run_after=None
[2025-02-23T10:39:52.809+0000] {processor.py:208} INFO - Processing /home/airflow/.local/lib/python3.12/site-packages/airflow/example_dags/example_local_kubernetes_executor.py took 0.112 seconds
[2025-02-23T10:40:23.147+0000] {processor.py:186} INFO - Started process (PID=683) to work on /home/airflow/.local/lib/python3.12/site-packages/airflow/example_dags/example_local_kubernetes_executor.py
[2025-02-23T10:40:23.149+0000] {processor.py:914} INFO - Processing file /home/airflow/.local/lib/python3.12/site-packages/airflow/example_dags/example_local_kubernetes_executor.py for tasks to queue
[2025-02-23T10:40:23.154+0000] {logging_mixin.py:190} INFO - [2025-02-23T10:40:23.153+0000] {dagbag.py:588} INFO - Filling up the DagBag from /home/airflow/.local/lib/python3.12/site-packages/airflow/example_dags/example_local_kubernetes_executor.py
[2025-02-23T10:40:23.171+0000] {processor.py:925} INFO - DAG(s) 'example_local_kubernetes_executor' retrieved from /home/airflow/.local/lib/python3.12/site-packages/airflow/example_dags/example_local_kubernetes_executor.py
[2025-02-23T10:40:23.209+0000] {logging_mixin.py:190} INFO - [2025-02-23T10:40:23.209+0000] {dag.py:3239} INFO - Sync 1 DAGs
[2025-02-23T10:40:23.231+0000] {logging_mixin.py:190} INFO - [2025-02-23T10:40:23.231+0000] {dag.py:4180} INFO - Setting next_dagrun for example_local_kubernetes_executor to None, run_after=None
[2025-02-23T10:40:23.299+0000] {processor.py:208} INFO - Processing /home/airflow/.local/lib/python3.12/site-packages/airflow/example_dags/example_local_kubernetes_executor.py took 0.161 seconds
[2025-02-23T10:40:53.600+0000] {processor.py:186} INFO - Started process (PID=754) to work on /home/airflow/.local/lib/python3.12/site-packages/airflow/example_dags/example_local_kubernetes_executor.py
[2025-02-23T10:40:53.602+0000] {processor.py:914} INFO - Processing file /home/airflow/.local/lib/python3.12/site-packages/airflow/example_dags/example_local_kubernetes_executor.py for tasks to queue
[2025-02-23T10:40:53.606+0000] {logging_mixin.py:190} INFO - [2025-02-23T10:40:53.605+0000] {dagbag.py:588} INFO - Filling up the DagBag from /home/airflow/.local/lib/python3.12/site-packages/airflow/example_dags/example_local_kubernetes_executor.py
[2025-02-23T10:40:53.619+0000] {processor.py:925} INFO - DAG(s) 'example_local_kubernetes_executor' retrieved from /home/airflow/.local/lib/python3.12/site-packages/airflow/example_dags/example_local_kubernetes_executor.py
[2025-02-23T10:40:53.654+0000] {logging_mixin.py:190} INFO - [2025-02-23T10:40:53.653+0000] {dag.py:3239} INFO - Sync 1 DAGs
[2025-02-23T10:40:53.675+0000] {logging_mixin.py:190} INFO - [2025-02-23T10:40:53.674+0000] {dag.py:4180} INFO - Setting next_dagrun for example_local_kubernetes_executor to None, run_after=None
[2025-02-23T10:40:53.705+0000] {processor.py:208} INFO - Processing /home/airflow/.local/lib/python3.12/site-packages/airflow/example_dags/example_local_kubernetes_executor.py took 0.113 seconds
[2025-02-23T10:41:24.468+0000] {processor.py:186} INFO - Started process (PID=819) to work on /home/airflow/.local/lib/python3.12/site-packages/airflow/example_dags/example_local_kubernetes_executor.py
[2025-02-23T10:41:24.470+0000] {processor.py:914} INFO - Processing file /home/airflow/.local/lib/python3.12/site-packages/airflow/example_dags/example_local_kubernetes_executor.py for tasks to queue
[2025-02-23T10:41:24.475+0000] {logging_mixin.py:190} INFO - [2025-02-23T10:41:24.474+0000] {dagbag.py:588} INFO - Filling up the DagBag from /home/airflow/.local/lib/python3.12/site-packages/airflow/example_dags/example_local_kubernetes_executor.py
[2025-02-23T10:41:24.491+0000] {processor.py:925} INFO - DAG(s) 'example_local_kubernetes_executor' retrieved from /home/airflow/.local/lib/python3.12/site-packages/airflow/example_dags/example_local_kubernetes_executor.py
[2025-02-23T10:41:24.524+0000] {logging_mixin.py:190} INFO - [2025-02-23T10:41:24.524+0000] {dag.py:3239} INFO - Sync 1 DAGs
[2025-02-23T10:41:24.549+0000] {logging_mixin.py:190} INFO - [2025-02-23T10:41:24.548+0000] {dag.py:4180} INFO - Setting next_dagrun for example_local_kubernetes_executor to None, run_after=None
[2025-02-23T10:41:24.582+0000] {processor.py:208} INFO - Processing /home/airflow/.local/lib/python3.12/site-packages/airflow/example_dags/example_local_kubernetes_executor.py took 0.122 seconds
[2025-02-23T10:41:54.975+0000] {processor.py:186} INFO - Started process (PID=885) to work on /home/airflow/.local/lib/python3.12/site-packages/airflow/example_dags/example_local_kubernetes_executor.py
[2025-02-23T10:41:54.977+0000] {processor.py:914} INFO - Processing file /home/airflow/.local/lib/python3.12/site-packages/airflow/example_dags/example_local_kubernetes_executor.py for tasks to queue
[2025-02-23T10:41:54.981+0000] {logging_mixin.py:190} INFO - [2025-02-23T10:41:54.980+0000] {dagbag.py:588} INFO - Filling up the DagBag from /home/airflow/.local/lib/python3.12/site-packages/airflow/example_dags/example_local_kubernetes_executor.py
[2025-02-23T10:41:54.998+0000] {processor.py:925} INFO - DAG(s) 'example_local_kubernetes_executor' retrieved from /home/airflow/.local/lib/python3.12/site-packages/airflow/example_dags/example_local_kubernetes_executor.py
[2025-02-23T10:41:55.036+0000] {logging_mixin.py:190} INFO - [2025-02-23T10:41:55.036+0000] {dag.py:3239} INFO - Sync 1 DAGs
[2025-02-23T10:41:55.063+0000] {logging_mixin.py:190} INFO - [2025-02-23T10:41:55.062+0000] {dag.py:4180} INFO - Setting next_dagrun for example_local_kubernetes_executor to None, run_after=None
[2025-02-23T10:41:55.091+0000] {processor.py:208} INFO - Processing /home/airflow/.local/lib/python3.12/site-packages/airflow/example_dags/example_local_kubernetes_executor.py took 0.126 seconds
[2025-02-23T11:12:16.669+0000] {processor.py:186} INFO - Started process (PID=922) to work on /home/airflow/.local/lib/python3.12/site-packages/airflow/example_dags/example_local_kubernetes_executor.py
[2025-02-23T11:12:16.671+0000] {processor.py:914} INFO - Processing file /home/airflow/.local/lib/python3.12/site-packages/airflow/example_dags/example_local_kubernetes_executor.py for tasks to queue
[2025-02-23T11:12:16.676+0000] {logging_mixin.py:190} INFO - [2025-02-23T11:12:16.675+0000] {dagbag.py:588} INFO - Filling up the DagBag from /home/airflow/.local/lib/python3.12/site-packages/airflow/example_dags/example_local_kubernetes_executor.py
[2025-02-23T11:12:16.688+0000] {processor.py:925} INFO - DAG(s) 'example_local_kubernetes_executor' retrieved from /home/airflow/.local/lib/python3.12/site-packages/airflow/example_dags/example_local_kubernetes_executor.py
[2025-02-23T11:12:16.731+0000] {logging_mixin.py:190} INFO - [2025-02-23T11:12:16.730+0000] {dag.py:3239} INFO - Sync 1 DAGs
[2025-02-23T11:12:16.785+0000] {logging_mixin.py:190} INFO - [2025-02-23T11:12:16.784+0000] {dag.py:4180} INFO - Setting next_dagrun for example_local_kubernetes_executor to None, run_after=None
[2025-02-23T11:12:16.831+0000] {processor.py:208} INFO - Processing /home/airflow/.local/lib/python3.12/site-packages/airflow/example_dags/example_local_kubernetes_executor.py took 0.170 seconds
[2025-02-23T11:12:47.071+0000] {processor.py:186} INFO - Started process (PID=986) to work on /home/airflow/.local/lib/python3.12/site-packages/airflow/example_dags/example_local_kubernetes_executor.py
[2025-02-23T11:12:47.074+0000] {processor.py:914} INFO - Processing file /home/airflow/.local/lib/python3.12/site-packages/airflow/example_dags/example_local_kubernetes_executor.py for tasks to queue
[2025-02-23T11:12:47.078+0000] {logging_mixin.py:190} INFO - [2025-02-23T11:12:47.077+0000] {dagbag.py:588} INFO - Filling up the DagBag from /home/airflow/.local/lib/python3.12/site-packages/airflow/example_dags/example_local_kubernetes_executor.py
[2025-02-23T11:12:47.096+0000] {processor.py:925} INFO - DAG(s) 'example_local_kubernetes_executor' retrieved from /home/airflow/.local/lib/python3.12/site-packages/airflow/example_dags/example_local_kubernetes_executor.py
[2025-02-23T11:12:47.154+0000] {logging_mixin.py:190} INFO - [2025-02-23T11:12:47.153+0000] {dag.py:3239} INFO - Sync 1 DAGs
[2025-02-23T11:12:47.182+0000] {logging_mixin.py:190} INFO - [2025-02-23T11:12:47.182+0000] {dag.py:4180} INFO - Setting next_dagrun for example_local_kubernetes_executor to None, run_after=None
[2025-02-23T11:12:47.225+0000] {processor.py:208} INFO - Processing /home/airflow/.local/lib/python3.12/site-packages/airflow/example_dags/example_local_kubernetes_executor.py took 0.163 seconds
[2025-02-23T11:13:17.692+0000] {processor.py:186} INFO - Started process (PID=1051) to work on /home/airflow/.local/lib/python3.12/site-packages/airflow/example_dags/example_local_kubernetes_executor.py
[2025-02-23T11:13:17.694+0000] {processor.py:914} INFO - Processing file /home/airflow/.local/lib/python3.12/site-packages/airflow/example_dags/example_local_kubernetes_executor.py for tasks to queue
[2025-02-23T11:13:17.698+0000] {logging_mixin.py:190} INFO - [2025-02-23T11:13:17.697+0000] {dagbag.py:588} INFO - Filling up the DagBag from /home/airflow/.local/lib/python3.12/site-packages/airflow/example_dags/example_local_kubernetes_executor.py
[2025-02-23T11:13:17.715+0000] {processor.py:925} INFO - DAG(s) 'example_local_kubernetes_executor' retrieved from /home/airflow/.local/lib/python3.12/site-packages/airflow/example_dags/example_local_kubernetes_executor.py
[2025-02-23T11:13:17.748+0000] {logging_mixin.py:190} INFO - [2025-02-23T11:13:17.747+0000] {dag.py:3239} INFO - Sync 1 DAGs
[2025-02-23T11:13:17.771+0000] {logging_mixin.py:190} INFO - [2025-02-23T11:13:17.771+0000] {dag.py:4180} INFO - Setting next_dagrun for example_local_kubernetes_executor to None, run_after=None
[2025-02-23T11:13:17.804+0000] {processor.py:208} INFO - Processing /home/airflow/.local/lib/python3.12/site-packages/airflow/example_dags/example_local_kubernetes_executor.py took 0.119 seconds
[2025-02-23T11:13:48.273+0000] {processor.py:186} INFO - Started process (PID=1117) to work on /home/airflow/.local/lib/python3.12/site-packages/airflow/example_dags/example_local_kubernetes_executor.py
[2025-02-23T11:13:48.275+0000] {processor.py:914} INFO - Processing file /home/airflow/.local/lib/python3.12/site-packages/airflow/example_dags/example_local_kubernetes_executor.py for tasks to queue
[2025-02-23T11:13:48.279+0000] {logging_mixin.py:190} INFO - [2025-02-23T11:13:48.278+0000] {dagbag.py:588} INFO - Filling up the DagBag from /home/airflow/.local/lib/python3.12/site-packages/airflow/example_dags/example_local_kubernetes_executor.py
[2025-02-23T11:13:48.293+0000] {processor.py:925} INFO - DAG(s) 'example_local_kubernetes_executor' retrieved from /home/airflow/.local/lib/python3.12/site-packages/airflow/example_dags/example_local_kubernetes_executor.py
[2025-02-23T11:13:48.327+0000] {logging_mixin.py:190} INFO - [2025-02-23T11:13:48.326+0000] {dag.py:3239} INFO - Sync 1 DAGs
[2025-02-23T11:13:48.349+0000] {logging_mixin.py:190} INFO - [2025-02-23T11:13:48.348+0000] {dag.py:4180} INFO - Setting next_dagrun for example_local_kubernetes_executor to None, run_after=None
[2025-02-23T11:13:48.377+0000] {processor.py:208} INFO - Processing /home/airflow/.local/lib/python3.12/site-packages/airflow/example_dags/example_local_kubernetes_executor.py took 0.113 seconds
[2025-02-23T11:14:19.109+0000] {processor.py:186} INFO - Started process (PID=1182) to work on /home/airflow/.local/lib/python3.12/site-packages/airflow/example_dags/example_local_kubernetes_executor.py
[2025-02-23T11:14:19.111+0000] {processor.py:914} INFO - Processing file /home/airflow/.local/lib/python3.12/site-packages/airflow/example_dags/example_local_kubernetes_executor.py for tasks to queue
[2025-02-23T11:14:19.115+0000] {logging_mixin.py:190} INFO - [2025-02-23T11:14:19.114+0000] {dagbag.py:588} INFO - Filling up the DagBag from /home/airflow/.local/lib/python3.12/site-packages/airflow/example_dags/example_local_kubernetes_executor.py
[2025-02-23T11:14:19.133+0000] {processor.py:925} INFO - DAG(s) 'example_local_kubernetes_executor' retrieved from /home/airflow/.local/lib/python3.12/site-packages/airflow/example_dags/example_local_kubernetes_executor.py
[2025-02-23T11:14:19.168+0000] {logging_mixin.py:190} INFO - [2025-02-23T11:14:19.168+0000] {dag.py:3239} INFO - Sync 1 DAGs
[2025-02-23T11:14:19.192+0000] {logging_mixin.py:190} INFO - [2025-02-23T11:14:19.191+0000] {dag.py:4180} INFO - Setting next_dagrun for example_local_kubernetes_executor to None, run_after=None
[2025-02-23T11:14:19.227+0000] {processor.py:208} INFO - Processing /home/airflow/.local/lib/python3.12/site-packages/airflow/example_dags/example_local_kubernetes_executor.py took 0.126 seconds
[2025-02-23T11:14:49.739+0000] {processor.py:186} INFO - Started process (PID=1248) to work on /home/airflow/.local/lib/python3.12/site-packages/airflow/example_dags/example_local_kubernetes_executor.py
[2025-02-23T11:14:49.741+0000] {processor.py:914} INFO - Processing file /home/airflow/.local/lib/python3.12/site-packages/airflow/example_dags/example_local_kubernetes_executor.py for tasks to queue
[2025-02-23T11:14:49.745+0000] {logging_mixin.py:190} INFO - [2025-02-23T11:14:49.745+0000] {dagbag.py:588} INFO - Filling up the DagBag from /home/airflow/.local/lib/python3.12/site-packages/airflow/example_dags/example_local_kubernetes_executor.py
[2025-02-23T11:14:49.758+0000] {processor.py:925} INFO - DAG(s) 'example_local_kubernetes_executor' retrieved from /home/airflow/.local/lib/python3.12/site-packages/airflow/example_dags/example_local_kubernetes_executor.py
[2025-02-23T11:14:49.789+0000] {logging_mixin.py:190} INFO - [2025-02-23T11:14:49.788+0000] {dag.py:3239} INFO - Sync 1 DAGs
[2025-02-23T11:14:49.810+0000] {logging_mixin.py:190} INFO - [2025-02-23T11:14:49.810+0000] {dag.py:4180} INFO - Setting next_dagrun for example_local_kubernetes_executor to None, run_after=None
[2025-02-23T11:14:49.842+0000] {processor.py:208} INFO - Processing /home/airflow/.local/lib/python3.12/site-packages/airflow/example_dags/example_local_kubernetes_executor.py took 0.113 seconds
[2025-02-23T11:15:20.191+0000] {processor.py:186} INFO - Started process (PID=1312) to work on /home/airflow/.local/lib/python3.12/site-packages/airflow/example_dags/example_local_kubernetes_executor.py
[2025-02-23T11:15:20.192+0000] {processor.py:914} INFO - Processing file /home/airflow/.local/lib/python3.12/site-packages/airflow/example_dags/example_local_kubernetes_executor.py for tasks to queue
[2025-02-23T11:15:20.196+0000] {logging_mixin.py:190} INFO - [2025-02-23T11:15:20.196+0000] {dagbag.py:588} INFO - Filling up the DagBag from /home/airflow/.local/lib/python3.12/site-packages/airflow/example_dags/example_local_kubernetes_executor.py
[2025-02-23T11:15:20.210+0000] {processor.py:925} INFO - DAG(s) 'example_local_kubernetes_executor' retrieved from /home/airflow/.local/lib/python3.12/site-packages/airflow/example_dags/example_local_kubernetes_executor.py
[2025-02-23T11:15:20.242+0000] {logging_mixin.py:190} INFO - [2025-02-23T11:15:20.242+0000] {dag.py:3239} INFO - Sync 1 DAGs
[2025-02-23T11:15:20.262+0000] {logging_mixin.py:190} INFO - [2025-02-23T11:15:20.262+0000] {dag.py:4180} INFO - Setting next_dagrun for example_local_kubernetes_executor to None, run_after=None
[2025-02-23T11:15:20.295+0000] {processor.py:208} INFO - Processing /home/airflow/.local/lib/python3.12/site-packages/airflow/example_dags/example_local_kubernetes_executor.py took 0.112 seconds
[2025-02-23T12:42:29.195+0000] {processor.py:186} INFO - Started process (PID=1380) to work on /home/airflow/.local/lib/python3.12/site-packages/airflow/example_dags/example_local_kubernetes_executor.py
[2025-02-23T12:42:29.198+0000] {processor.py:914} INFO - Processing file /home/airflow/.local/lib/python3.12/site-packages/airflow/example_dags/example_local_kubernetes_executor.py for tasks to queue
[2025-02-23T12:42:29.210+0000] {logging_mixin.py:190} INFO - [2025-02-23T12:42:29.206+0000] {dagbag.py:588} INFO - Filling up the DagBag from /home/airflow/.local/lib/python3.12/site-packages/airflow/example_dags/example_local_kubernetes_executor.py
[2025-02-23T12:42:29.239+0000] {processor.py:925} INFO - DAG(s) 'example_local_kubernetes_executor' retrieved from /home/airflow/.local/lib/python3.12/site-packages/airflow/example_dags/example_local_kubernetes_executor.py
[2025-02-23T12:42:29.297+0000] {logging_mixin.py:190} INFO - [2025-02-23T12:42:29.296+0000] {dag.py:3239} INFO - Sync 1 DAGs
[2025-02-23T12:42:29.338+0000] {logging_mixin.py:190} INFO - [2025-02-23T12:42:29.338+0000] {dag.py:4180} INFO - Setting next_dagrun for example_local_kubernetes_executor to None, run_after=None
[2025-02-23T12:42:29.391+0000] {processor.py:208} INFO - Processing /home/airflow/.local/lib/python3.12/site-packages/airflow/example_dags/example_local_kubernetes_executor.py took 0.211 seconds
[2025-02-23T12:42:59.767+0000] {processor.py:186} INFO - Started process (PID=1444) to work on /home/airflow/.local/lib/python3.12/site-packages/airflow/example_dags/example_local_kubernetes_executor.py
[2025-02-23T12:42:59.768+0000] {processor.py:914} INFO - Processing file /home/airflow/.local/lib/python3.12/site-packages/airflow/example_dags/example_local_kubernetes_executor.py for tasks to queue
[2025-02-23T12:42:59.772+0000] {logging_mixin.py:190} INFO - [2025-02-23T12:42:59.772+0000] {dagbag.py:588} INFO - Filling up the DagBag from /home/airflow/.local/lib/python3.12/site-packages/airflow/example_dags/example_local_kubernetes_executor.py
[2025-02-23T12:42:59.784+0000] {processor.py:925} INFO - DAG(s) 'example_local_kubernetes_executor' retrieved from /home/airflow/.local/lib/python3.12/site-packages/airflow/example_dags/example_local_kubernetes_executor.py
[2025-02-23T12:42:59.813+0000] {logging_mixin.py:190} INFO - [2025-02-23T12:42:59.813+0000] {dag.py:3239} INFO - Sync 1 DAGs
[2025-02-23T12:42:59.840+0000] {logging_mixin.py:190} INFO - [2025-02-23T12:42:59.840+0000] {dag.py:4180} INFO - Setting next_dagrun for example_local_kubernetes_executor to None, run_after=None
[2025-02-23T12:42:59.873+0000] {processor.py:208} INFO - Processing /home/airflow/.local/lib/python3.12/site-packages/airflow/example_dags/example_local_kubernetes_executor.py took 0.113 seconds
[2025-02-23T12:43:31.252+0000] {processor.py:186} INFO - Started process (PID=1509) to work on /home/airflow/.local/lib/python3.12/site-packages/airflow/example_dags/example_local_kubernetes_executor.py
[2025-02-23T12:43:31.254+0000] {processor.py:914} INFO - Processing file /home/airflow/.local/lib/python3.12/site-packages/airflow/example_dags/example_local_kubernetes_executor.py for tasks to queue
[2025-02-23T12:43:31.258+0000] {logging_mixin.py:190} INFO - [2025-02-23T12:43:31.257+0000] {dagbag.py:588} INFO - Filling up the DagBag from /home/airflow/.local/lib/python3.12/site-packages/airflow/example_dags/example_local_kubernetes_executor.py
[2025-02-23T12:43:31.274+0000] {processor.py:925} INFO - DAG(s) 'example_local_kubernetes_executor' retrieved from /home/airflow/.local/lib/python3.12/site-packages/airflow/example_dags/example_local_kubernetes_executor.py
[2025-02-23T12:43:31.307+0000] {logging_mixin.py:190} INFO - [2025-02-23T12:43:31.306+0000] {dag.py:3239} INFO - Sync 1 DAGs
[2025-02-23T12:43:31.328+0000] {logging_mixin.py:190} INFO - [2025-02-23T12:43:31.327+0000] {dag.py:4180} INFO - Setting next_dagrun for example_local_kubernetes_executor to None, run_after=None
[2025-02-23T12:43:31.370+0000] {processor.py:208} INFO - Processing /home/airflow/.local/lib/python3.12/site-packages/airflow/example_dags/example_local_kubernetes_executor.py took 0.127 seconds
[2025-02-23T12:44:02.182+0000] {processor.py:186} INFO - Started process (PID=1574) to work on /home/airflow/.local/lib/python3.12/site-packages/airflow/example_dags/example_local_kubernetes_executor.py
[2025-02-23T12:44:02.183+0000] {processor.py:914} INFO - Processing file /home/airflow/.local/lib/python3.12/site-packages/airflow/example_dags/example_local_kubernetes_executor.py for tasks to queue
[2025-02-23T12:44:02.188+0000] {logging_mixin.py:190} INFO - [2025-02-23T12:44:02.187+0000] {dagbag.py:588} INFO - Filling up the DagBag from /home/airflow/.local/lib/python3.12/site-packages/airflow/example_dags/example_local_kubernetes_executor.py
[2025-02-23T12:44:02.203+0000] {processor.py:925} INFO - DAG(s) 'example_local_kubernetes_executor' retrieved from /home/airflow/.local/lib/python3.12/site-packages/airflow/example_dags/example_local_kubernetes_executor.py
[2025-02-23T12:44:02.244+0000] {logging_mixin.py:190} INFO - [2025-02-23T12:44:02.243+0000] {dag.py:3239} INFO - Sync 1 DAGs
[2025-02-23T12:44:02.269+0000] {logging_mixin.py:190} INFO - [2025-02-23T12:44:02.269+0000] {dag.py:4180} INFO - Setting next_dagrun for example_local_kubernetes_executor to None, run_after=None
[2025-02-23T12:44:02.305+0000] {processor.py:208} INFO - Processing /home/airflow/.local/lib/python3.12/site-packages/airflow/example_dags/example_local_kubernetes_executor.py took 0.133 seconds
[2025-02-23T12:44:32.503+0000] {processor.py:186} INFO - Started process (PID=1638) to work on /home/airflow/.local/lib/python3.12/site-packages/airflow/example_dags/example_local_kubernetes_executor.py
[2025-02-23T12:44:32.505+0000] {processor.py:914} INFO - Processing file /home/airflow/.local/lib/python3.12/site-packages/airflow/example_dags/example_local_kubernetes_executor.py for tasks to queue
[2025-02-23T12:44:32.511+0000] {logging_mixin.py:190} INFO - [2025-02-23T12:44:32.510+0000] {dagbag.py:588} INFO - Filling up the DagBag from /home/airflow/.local/lib/python3.12/site-packages/airflow/example_dags/example_local_kubernetes_executor.py
[2025-02-23T12:44:32.528+0000] {processor.py:925} INFO - DAG(s) 'example_local_kubernetes_executor' retrieved from /home/airflow/.local/lib/python3.12/site-packages/airflow/example_dags/example_local_kubernetes_executor.py
[2025-02-23T12:44:32.564+0000] {logging_mixin.py:190} INFO - [2025-02-23T12:44:32.563+0000] {dag.py:3239} INFO - Sync 1 DAGs
[2025-02-23T12:44:32.591+0000] {logging_mixin.py:190} INFO - [2025-02-23T12:44:32.591+0000] {dag.py:4180} INFO - Setting next_dagrun for example_local_kubernetes_executor to None, run_after=None
[2025-02-23T12:44:32.669+0000] {processor.py:208} INFO - Processing /home/airflow/.local/lib/python3.12/site-packages/airflow/example_dags/example_local_kubernetes_executor.py took 0.177 seconds
[2025-02-23T12:45:02.827+0000] {processor.py:186} INFO - Started process (PID=1702) to work on /home/airflow/.local/lib/python3.12/site-packages/airflow/example_dags/example_local_kubernetes_executor.py
[2025-02-23T12:45:02.828+0000] {processor.py:914} INFO - Processing file /home/airflow/.local/lib/python3.12/site-packages/airflow/example_dags/example_local_kubernetes_executor.py for tasks to queue
[2025-02-23T12:45:02.832+0000] {logging_mixin.py:190} INFO - [2025-02-23T12:45:02.831+0000] {dagbag.py:588} INFO - Filling up the DagBag from /home/airflow/.local/lib/python3.12/site-packages/airflow/example_dags/example_local_kubernetes_executor.py
[2025-02-23T12:45:02.847+0000] {processor.py:925} INFO - DAG(s) 'example_local_kubernetes_executor' retrieved from /home/airflow/.local/lib/python3.12/site-packages/airflow/example_dags/example_local_kubernetes_executor.py
[2025-02-23T12:45:02.876+0000] {logging_mixin.py:190} INFO - [2025-02-23T12:45:02.876+0000] {dag.py:3239} INFO - Sync 1 DAGs
[2025-02-23T12:45:02.899+0000] {logging_mixin.py:190} INFO - [2025-02-23T12:45:02.898+0000] {dag.py:4180} INFO - Setting next_dagrun for example_local_kubernetes_executor to None, run_after=None
[2025-02-23T12:45:02.932+0000] {processor.py:208} INFO - Processing /home/airflow/.local/lib/python3.12/site-packages/airflow/example_dags/example_local_kubernetes_executor.py took 0.113 seconds
[2025-02-23T12:45:33.279+0000] {processor.py:186} INFO - Started process (PID=1766) to work on /home/airflow/.local/lib/python3.12/site-packages/airflow/example_dags/example_local_kubernetes_executor.py
[2025-02-23T12:45:33.281+0000] {processor.py:914} INFO - Processing file /home/airflow/.local/lib/python3.12/site-packages/airflow/example_dags/example_local_kubernetes_executor.py for tasks to queue
[2025-02-23T12:45:33.284+0000] {logging_mixin.py:190} INFO - [2025-02-23T12:45:33.284+0000] {dagbag.py:588} INFO - Filling up the DagBag from /home/airflow/.local/lib/python3.12/site-packages/airflow/example_dags/example_local_kubernetes_executor.py
[2025-02-23T12:45:33.302+0000] {processor.py:925} INFO - DAG(s) 'example_local_kubernetes_executor' retrieved from /home/airflow/.local/lib/python3.12/site-packages/airflow/example_dags/example_local_kubernetes_executor.py
[2025-02-23T12:45:33.337+0000] {logging_mixin.py:190} INFO - [2025-02-23T12:45:33.337+0000] {dag.py:3239} INFO - Sync 1 DAGs
[2025-02-23T12:45:33.359+0000] {logging_mixin.py:190} INFO - [2025-02-23T12:45:33.358+0000] {dag.py:4180} INFO - Setting next_dagrun for example_local_kubernetes_executor to None, run_after=None
[2025-02-23T12:45:33.393+0000] {processor.py:208} INFO - Processing /home/airflow/.local/lib/python3.12/site-packages/airflow/example_dags/example_local_kubernetes_executor.py took 0.122 seconds
[2025-02-23T12:46:03.759+0000] {processor.py:186} INFO - Started process (PID=1831) to work on /home/airflow/.local/lib/python3.12/site-packages/airflow/example_dags/example_local_kubernetes_executor.py
[2025-02-23T12:46:03.761+0000] {processor.py:914} INFO - Processing file /home/airflow/.local/lib/python3.12/site-packages/airflow/example_dags/example_local_kubernetes_executor.py for tasks to queue
[2025-02-23T12:46:03.766+0000] {logging_mixin.py:190} INFO - [2025-02-23T12:46:03.765+0000] {dagbag.py:588} INFO - Filling up the DagBag from /home/airflow/.local/lib/python3.12/site-packages/airflow/example_dags/example_local_kubernetes_executor.py
[2025-02-23T12:46:03.782+0000] {processor.py:925} INFO - DAG(s) 'example_local_kubernetes_executor' retrieved from /home/airflow/.local/lib/python3.12/site-packages/airflow/example_dags/example_local_kubernetes_executor.py
[2025-02-23T12:46:03.813+0000] {logging_mixin.py:190} INFO - [2025-02-23T12:46:03.813+0000] {dag.py:3239} INFO - Sync 1 DAGs
[2025-02-23T12:46:03.833+0000] {logging_mixin.py:190} INFO - [2025-02-23T12:46:03.832+0000] {dag.py:4180} INFO - Setting next_dagrun for example_local_kubernetes_executor to None, run_after=None
[2025-02-23T12:46:03.864+0000] {processor.py:208} INFO - Processing /home/airflow/.local/lib/python3.12/site-packages/airflow/example_dags/example_local_kubernetes_executor.py took 0.112 seconds
[2025-02-23T12:46:34.201+0000] {processor.py:186} INFO - Started process (PID=1896) to work on /home/airflow/.local/lib/python3.12/site-packages/airflow/example_dags/example_local_kubernetes_executor.py
[2025-02-23T12:46:34.203+0000] {processor.py:914} INFO - Processing file /home/airflow/.local/lib/python3.12/site-packages/airflow/example_dags/example_local_kubernetes_executor.py for tasks to queue
[2025-02-23T12:46:34.207+0000] {logging_mixin.py:190} INFO - [2025-02-23T12:46:34.206+0000] {dagbag.py:588} INFO - Filling up the DagBag from /home/airflow/.local/lib/python3.12/site-packages/airflow/example_dags/example_local_kubernetes_executor.py
[2025-02-23T12:46:34.224+0000] {processor.py:925} INFO - DAG(s) 'example_local_kubernetes_executor' retrieved from /home/airflow/.local/lib/python3.12/site-packages/airflow/example_dags/example_local_kubernetes_executor.py
[2025-02-23T12:46:34.255+0000] {logging_mixin.py:190} INFO - [2025-02-23T12:46:34.254+0000] {dag.py:3239} INFO - Sync 1 DAGs
[2025-02-23T12:46:34.277+0000] {logging_mixin.py:190} INFO - [2025-02-23T12:46:34.277+0000] {dag.py:4180} INFO - Setting next_dagrun for example_local_kubernetes_executor to None, run_after=None
[2025-02-23T12:46:34.311+0000] {processor.py:208} INFO - Processing /home/airflow/.local/lib/python3.12/site-packages/airflow/example_dags/example_local_kubernetes_executor.py took 0.119 seconds
[2025-02-23T12:47:04.652+0000] {processor.py:186} INFO - Started process (PID=1961) to work on /home/airflow/.local/lib/python3.12/site-packages/airflow/example_dags/example_local_kubernetes_executor.py
[2025-02-23T12:47:04.654+0000] {processor.py:914} INFO - Processing file /home/airflow/.local/lib/python3.12/site-packages/airflow/example_dags/example_local_kubernetes_executor.py for tasks to queue
[2025-02-23T12:47:04.657+0000] {logging_mixin.py:190} INFO - [2025-02-23T12:47:04.657+0000] {dagbag.py:588} INFO - Filling up the DagBag from /home/airflow/.local/lib/python3.12/site-packages/airflow/example_dags/example_local_kubernetes_executor.py
[2025-02-23T12:47:04.675+0000] {processor.py:925} INFO - DAG(s) 'example_local_kubernetes_executor' retrieved from /home/airflow/.local/lib/python3.12/site-packages/airflow/example_dags/example_local_kubernetes_executor.py
[2025-02-23T12:47:04.704+0000] {logging_mixin.py:190} INFO - [2025-02-23T12:47:04.703+0000] {dag.py:3239} INFO - Sync 1 DAGs
[2025-02-23T12:47:04.724+0000] {logging_mixin.py:190} INFO - [2025-02-23T12:47:04.723+0000] {dag.py:4180} INFO - Setting next_dagrun for example_local_kubernetes_executor to None, run_after=None
[2025-02-23T12:47:04.754+0000] {processor.py:208} INFO - Processing /home/airflow/.local/lib/python3.12/site-packages/airflow/example_dags/example_local_kubernetes_executor.py took 0.110 seconds
[2025-02-23T12:47:34.952+0000] {processor.py:186} INFO - Started process (PID=2026) to work on /home/airflow/.local/lib/python3.12/site-packages/airflow/example_dags/example_local_kubernetes_executor.py
[2025-02-23T12:47:34.954+0000] {processor.py:914} INFO - Processing file /home/airflow/.local/lib/python3.12/site-packages/airflow/example_dags/example_local_kubernetes_executor.py for tasks to queue
[2025-02-23T12:47:34.958+0000] {logging_mixin.py:190} INFO - [2025-02-23T12:47:34.957+0000] {dagbag.py:588} INFO - Filling up the DagBag from /home/airflow/.local/lib/python3.12/site-packages/airflow/example_dags/example_local_kubernetes_executor.py
[2025-02-23T12:47:34.972+0000] {processor.py:925} INFO - DAG(s) 'example_local_kubernetes_executor' retrieved from /home/airflow/.local/lib/python3.12/site-packages/airflow/example_dags/example_local_kubernetes_executor.py
[2025-02-23T12:47:35.002+0000] {logging_mixin.py:190} INFO - [2025-02-23T12:47:35.001+0000] {dag.py:3239} INFO - Sync 1 DAGs
[2025-02-23T12:47:35.022+0000] {logging_mixin.py:190} INFO - [2025-02-23T12:47:35.022+0000] {dag.py:4180} INFO - Setting next_dagrun for example_local_kubernetes_executor to None, run_after=None
[2025-02-23T12:47:35.054+0000] {processor.py:208} INFO - Processing /home/airflow/.local/lib/python3.12/site-packages/airflow/example_dags/example_local_kubernetes_executor.py took 0.110 seconds
[2025-02-23T12:48:05.676+0000] {processor.py:186} INFO - Started process (PID=2091) to work on /home/airflow/.local/lib/python3.12/site-packages/airflow/example_dags/example_local_kubernetes_executor.py
[2025-02-23T12:48:05.678+0000] {processor.py:914} INFO - Processing file /home/airflow/.local/lib/python3.12/site-packages/airflow/example_dags/example_local_kubernetes_executor.py for tasks to queue
[2025-02-23T12:48:05.682+0000] {logging_mixin.py:190} INFO - [2025-02-23T12:48:05.681+0000] {dagbag.py:588} INFO - Filling up the DagBag from /home/airflow/.local/lib/python3.12/site-packages/airflow/example_dags/example_local_kubernetes_executor.py
[2025-02-23T12:48:05.699+0000] {processor.py:925} INFO - DAG(s) 'example_local_kubernetes_executor' retrieved from /home/airflow/.local/lib/python3.12/site-packages/airflow/example_dags/example_local_kubernetes_executor.py
[2025-02-23T12:48:05.729+0000] {logging_mixin.py:190} INFO - [2025-02-23T12:48:05.729+0000] {dag.py:3239} INFO - Sync 1 DAGs
[2025-02-23T12:48:05.748+0000] {logging_mixin.py:190} INFO - [2025-02-23T12:48:05.748+0000] {dag.py:4180} INFO - Setting next_dagrun for example_local_kubernetes_executor to None, run_after=None
[2025-02-23T12:48:05.781+0000] {processor.py:208} INFO - Processing /home/airflow/.local/lib/python3.12/site-packages/airflow/example_dags/example_local_kubernetes_executor.py took 0.115 seconds
[2025-02-23T12:48:36.038+0000] {processor.py:186} INFO - Started process (PID=2156) to work on /home/airflow/.local/lib/python3.12/site-packages/airflow/example_dags/example_local_kubernetes_executor.py
[2025-02-23T12:48:36.040+0000] {processor.py:914} INFO - Processing file /home/airflow/.local/lib/python3.12/site-packages/airflow/example_dags/example_local_kubernetes_executor.py for tasks to queue
[2025-02-23T12:48:36.044+0000] {logging_mixin.py:190} INFO - [2025-02-23T12:48:36.043+0000] {dagbag.py:588} INFO - Filling up the DagBag from /home/airflow/.local/lib/python3.12/site-packages/airflow/example_dags/example_local_kubernetes_executor.py
[2025-02-23T12:48:36.057+0000] {processor.py:925} INFO - DAG(s) 'example_local_kubernetes_executor' retrieved from /home/airflow/.local/lib/python3.12/site-packages/airflow/example_dags/example_local_kubernetes_executor.py
[2025-02-23T12:48:36.091+0000] {logging_mixin.py:190} INFO - [2025-02-23T12:48:36.090+0000] {dag.py:3239} INFO - Sync 1 DAGs
[2025-02-23T12:48:36.111+0000] {logging_mixin.py:190} INFO - [2025-02-23T12:48:36.111+0000] {dag.py:4180} INFO - Setting next_dagrun for example_local_kubernetes_executor to None, run_after=None
[2025-02-23T12:48:36.146+0000] {processor.py:208} INFO - Processing /home/airflow/.local/lib/python3.12/site-packages/airflow/example_dags/example_local_kubernetes_executor.py took 0.115 seconds
[2025-02-23T14:07:37.001+0000] {processor.py:186} INFO - Started process (PID=2230) to work on /home/airflow/.local/lib/python3.12/site-packages/airflow/example_dags/example_local_kubernetes_executor.py
[2025-02-23T14:07:37.003+0000] {processor.py:914} INFO - Processing file /home/airflow/.local/lib/python3.12/site-packages/airflow/example_dags/example_local_kubernetes_executor.py for tasks to queue
[2025-02-23T14:07:37.007+0000] {logging_mixin.py:190} INFO - [2025-02-23T14:07:37.007+0000] {dagbag.py:588} INFO - Filling up the DagBag from /home/airflow/.local/lib/python3.12/site-packages/airflow/example_dags/example_local_kubernetes_executor.py
[2025-02-23T14:07:37.026+0000] {processor.py:925} INFO - DAG(s) 'example_local_kubernetes_executor' retrieved from /home/airflow/.local/lib/python3.12/site-packages/airflow/example_dags/example_local_kubernetes_executor.py
[2025-02-23T14:07:37.089+0000] {logging_mixin.py:190} INFO - [2025-02-23T14:07:37.089+0000] {dag.py:3239} INFO - Sync 1 DAGs
[2025-02-23T14:07:37.132+0000] {logging_mixin.py:190} INFO - [2025-02-23T14:07:37.131+0000] {dag.py:4180} INFO - Setting next_dagrun for example_local_kubernetes_executor to None, run_after=None
[2025-02-23T14:07:37.182+0000] {processor.py:208} INFO - Processing /home/airflow/.local/lib/python3.12/site-packages/airflow/example_dags/example_local_kubernetes_executor.py took 0.194 seconds
[2025-02-23T14:08:07.629+0000] {processor.py:186} INFO - Started process (PID=2294) to work on /home/airflow/.local/lib/python3.12/site-packages/airflow/example_dags/example_local_kubernetes_executor.py
[2025-02-23T14:08:07.631+0000] {processor.py:914} INFO - Processing file /home/airflow/.local/lib/python3.12/site-packages/airflow/example_dags/example_local_kubernetes_executor.py for tasks to queue
[2025-02-23T14:08:07.634+0000] {logging_mixin.py:190} INFO - [2025-02-23T14:08:07.634+0000] {dagbag.py:588} INFO - Filling up the DagBag from /home/airflow/.local/lib/python3.12/site-packages/airflow/example_dags/example_local_kubernetes_executor.py
[2025-02-23T14:08:07.650+0000] {processor.py:925} INFO - DAG(s) 'example_local_kubernetes_executor' retrieved from /home/airflow/.local/lib/python3.12/site-packages/airflow/example_dags/example_local_kubernetes_executor.py
[2025-02-23T14:08:07.685+0000] {logging_mixin.py:190} INFO - [2025-02-23T14:08:07.685+0000] {dag.py:3239} INFO - Sync 1 DAGs
[2025-02-23T14:08:07.707+0000] {logging_mixin.py:190} INFO - [2025-02-23T14:08:07.707+0000] {dag.py:4180} INFO - Setting next_dagrun for example_local_kubernetes_executor to None, run_after=None
[2025-02-23T14:08:07.743+0000] {processor.py:208} INFO - Processing /home/airflow/.local/lib/python3.12/site-packages/airflow/example_dags/example_local_kubernetes_executor.py took 0.121 seconds
[2025-02-23T14:08:38.080+0000] {processor.py:186} INFO - Started process (PID=2358) to work on /home/airflow/.local/lib/python3.12/site-packages/airflow/example_dags/example_local_kubernetes_executor.py
[2025-02-23T14:08:38.082+0000] {processor.py:914} INFO - Processing file /home/airflow/.local/lib/python3.12/site-packages/airflow/example_dags/example_local_kubernetes_executor.py for tasks to queue
[2025-02-23T14:08:38.087+0000] {logging_mixin.py:190} INFO - [2025-02-23T14:08:38.086+0000] {dagbag.py:588} INFO - Filling up the DagBag from /home/airflow/.local/lib/python3.12/site-packages/airflow/example_dags/example_local_kubernetes_executor.py
[2025-02-23T14:08:38.104+0000] {processor.py:925} INFO - DAG(s) 'example_local_kubernetes_executor' retrieved from /home/airflow/.local/lib/python3.12/site-packages/airflow/example_dags/example_local_kubernetes_executor.py
[2025-02-23T14:08:38.139+0000] {logging_mixin.py:190} INFO - [2025-02-23T14:08:38.139+0000] {dag.py:3239} INFO - Sync 1 DAGs
[2025-02-23T14:08:38.168+0000] {logging_mixin.py:190} INFO - [2025-02-23T14:08:38.167+0000] {dag.py:4180} INFO - Setting next_dagrun for example_local_kubernetes_executor to None, run_after=None
[2025-02-23T14:08:38.204+0000] {processor.py:208} INFO - Processing /home/airflow/.local/lib/python3.12/site-packages/airflow/example_dags/example_local_kubernetes_executor.py took 0.134 seconds
[2025-02-23T14:09:08.769+0000] {processor.py:186} INFO - Started process (PID=2424) to work on /home/airflow/.local/lib/python3.12/site-packages/airflow/example_dags/example_local_kubernetes_executor.py
[2025-02-23T14:09:08.771+0000] {processor.py:914} INFO - Processing file /home/airflow/.local/lib/python3.12/site-packages/airflow/example_dags/example_local_kubernetes_executor.py for tasks to queue
[2025-02-23T14:09:08.775+0000] {logging_mixin.py:190} INFO - [2025-02-23T14:09:08.774+0000] {dagbag.py:588} INFO - Filling up the DagBag from /home/airflow/.local/lib/python3.12/site-packages/airflow/example_dags/example_local_kubernetes_executor.py
[2025-02-23T14:09:08.795+0000] {processor.py:925} INFO - DAG(s) 'example_local_kubernetes_executor' retrieved from /home/airflow/.local/lib/python3.12/site-packages/airflow/example_dags/example_local_kubernetes_executor.py
[2025-02-23T14:09:08.832+0000] {logging_mixin.py:190} INFO - [2025-02-23T14:09:08.832+0000] {dag.py:3239} INFO - Sync 1 DAGs
[2025-02-23T14:09:08.856+0000] {logging_mixin.py:190} INFO - [2025-02-23T14:09:08.856+0000] {dag.py:4180} INFO - Setting next_dagrun for example_local_kubernetes_executor to None, run_after=None
[2025-02-23T14:09:08.902+0000] {processor.py:208} INFO - Processing /home/airflow/.local/lib/python3.12/site-packages/airflow/example_dags/example_local_kubernetes_executor.py took 0.145 seconds
[2025-02-23T14:09:39.486+0000] {processor.py:186} INFO - Started process (PID=2489) to work on /home/airflow/.local/lib/python3.12/site-packages/airflow/example_dags/example_local_kubernetes_executor.py
[2025-02-23T14:09:39.488+0000] {processor.py:914} INFO - Processing file /home/airflow/.local/lib/python3.12/site-packages/airflow/example_dags/example_local_kubernetes_executor.py for tasks to queue
[2025-02-23T14:09:39.491+0000] {logging_mixin.py:190} INFO - [2025-02-23T14:09:39.491+0000] {dagbag.py:588} INFO - Filling up the DagBag from /home/airflow/.local/lib/python3.12/site-packages/airflow/example_dags/example_local_kubernetes_executor.py
[2025-02-23T14:09:39.506+0000] {processor.py:925} INFO - DAG(s) 'example_local_kubernetes_executor' retrieved from /home/airflow/.local/lib/python3.12/site-packages/airflow/example_dags/example_local_kubernetes_executor.py
[2025-02-23T14:09:39.541+0000] {logging_mixin.py:190} INFO - [2025-02-23T14:09:39.540+0000] {dag.py:3239} INFO - Sync 1 DAGs
[2025-02-23T14:09:39.565+0000] {logging_mixin.py:190} INFO - [2025-02-23T14:09:39.565+0000] {dag.py:4180} INFO - Setting next_dagrun for example_local_kubernetes_executor to None, run_after=None
[2025-02-23T14:09:39.599+0000] {processor.py:208} INFO - Processing /home/airflow/.local/lib/python3.12/site-packages/airflow/example_dags/example_local_kubernetes_executor.py took 0.120 seconds
[2025-02-23T14:23:21.018+0000] {processor.py:186} INFO - Started process (PID=102) to work on /home/airflow/.local/lib/python3.12/site-packages/airflow/example_dags/example_local_kubernetes_executor.py
[2025-02-23T14:23:21.020+0000] {processor.py:914} INFO - Processing file /home/airflow/.local/lib/python3.12/site-packages/airflow/example_dags/example_local_kubernetes_executor.py for tasks to queue
[2025-02-23T14:23:21.024+0000] {logging_mixin.py:190} INFO - [2025-02-23T14:23:21.023+0000] {dagbag.py:588} INFO - Filling up the DagBag from /home/airflow/.local/lib/python3.12/site-packages/airflow/example_dags/example_local_kubernetes_executor.py
[2025-02-23T14:23:21.044+0000] {processor.py:925} INFO - DAG(s) 'example_local_kubernetes_executor' retrieved from /home/airflow/.local/lib/python3.12/site-packages/airflow/example_dags/example_local_kubernetes_executor.py
[2025-02-23T14:23:21.239+0000] {logging_mixin.py:190} INFO - [2025-02-23T14:23:21.238+0000] {override.py:1912} INFO - Created Permission View: can delete on DAG:example_local_kubernetes_executor
[2025-02-23T14:23:21.260+0000] {logging_mixin.py:190} INFO - [2025-02-23T14:23:21.259+0000] {override.py:1912} INFO - Created Permission View: can read on DAG:example_local_kubernetes_executor
[2025-02-23T14:23:21.275+0000] {logging_mixin.py:190} INFO - [2025-02-23T14:23:21.274+0000] {override.py:1912} INFO - Created Permission View: can edit on DAG:example_local_kubernetes_executor
[2025-02-23T14:23:21.290+0000] {logging_mixin.py:190} INFO - [2025-02-23T14:23:21.290+0000] {override.py:1912} INFO - Created Permission View: can create on DAG Run:example_local_kubernetes_executor
[2025-02-23T14:23:21.306+0000] {logging_mixin.py:190} INFO - [2025-02-23T14:23:21.305+0000] {override.py:1912} INFO - Created Permission View: can read on DAG Run:example_local_kubernetes_executor
[2025-02-23T14:23:21.323+0000] {logging_mixin.py:190} INFO - [2025-02-23T14:23:21.322+0000] {override.py:1912} INFO - Created Permission View: can delete on DAG Run:example_local_kubernetes_executor
[2025-02-23T14:23:21.338+0000] {logging_mixin.py:190} INFO - [2025-02-23T14:23:21.337+0000] {override.py:1912} INFO - Created Permission View: menu access on DAG Run:example_local_kubernetes_executor
[2025-02-23T14:23:21.339+0000] {logging_mixin.py:190} INFO - [2025-02-23T14:23:21.338+0000] {dag.py:3239} INFO - Sync 1 DAGs
[2025-02-23T14:23:21.363+0000] {logging_mixin.py:190} INFO - [2025-02-23T14:23:21.362+0000] {dag.py:3262} INFO - Creating ORM DAG for example_local_kubernetes_executor
[2025-02-23T14:23:21.365+0000] {logging_mixin.py:190} INFO - [2025-02-23T14:23:21.364+0000] {dag.py:4180} INFO - Setting next_dagrun for example_local_kubernetes_executor to None, run_after=None
[2025-02-23T14:23:21.405+0000] {processor.py:208} INFO - Processing /home/airflow/.local/lib/python3.12/site-packages/airflow/example_dags/example_local_kubernetes_executor.py took 0.396 seconds
[2025-02-23T14:23:51.851+0000] {processor.py:186} INFO - Started process (PID=166) to work on /home/airflow/.local/lib/python3.12/site-packages/airflow/example_dags/example_local_kubernetes_executor.py
[2025-02-23T14:23:51.853+0000] {processor.py:914} INFO - Processing file /home/airflow/.local/lib/python3.12/site-packages/airflow/example_dags/example_local_kubernetes_executor.py for tasks to queue
[2025-02-23T14:23:51.856+0000] {logging_mixin.py:190} INFO - [2025-02-23T14:23:51.856+0000] {dagbag.py:588} INFO - Filling up the DagBag from /home/airflow/.local/lib/python3.12/site-packages/airflow/example_dags/example_local_kubernetes_executor.py
[2025-02-23T14:23:51.869+0000] {processor.py:925} INFO - DAG(s) 'example_local_kubernetes_executor' retrieved from /home/airflow/.local/lib/python3.12/site-packages/airflow/example_dags/example_local_kubernetes_executor.py
[2025-02-23T14:23:51.897+0000] {logging_mixin.py:190} INFO - [2025-02-23T14:23:51.897+0000] {dag.py:3239} INFO - Sync 1 DAGs
[2025-02-23T14:23:51.922+0000] {logging_mixin.py:190} INFO - [2025-02-23T14:23:51.921+0000] {dag.py:4180} INFO - Setting next_dagrun for example_local_kubernetes_executor to None, run_after=None
[2025-02-23T14:23:51.959+0000] {processor.py:208} INFO - Processing /home/airflow/.local/lib/python3.12/site-packages/airflow/example_dags/example_local_kubernetes_executor.py took 0.115 seconds
[2025-02-23T14:24:22.684+0000] {processor.py:186} INFO - Started process (PID=232) to work on /home/airflow/.local/lib/python3.12/site-packages/airflow/example_dags/example_local_kubernetes_executor.py
[2025-02-23T14:24:22.686+0000] {processor.py:914} INFO - Processing file /home/airflow/.local/lib/python3.12/site-packages/airflow/example_dags/example_local_kubernetes_executor.py for tasks to queue
[2025-02-23T14:24:22.690+0000] {logging_mixin.py:190} INFO - [2025-02-23T14:24:22.690+0000] {dagbag.py:588} INFO - Filling up the DagBag from /home/airflow/.local/lib/python3.12/site-packages/airflow/example_dags/example_local_kubernetes_executor.py
[2025-02-23T14:24:22.703+0000] {processor.py:925} INFO - DAG(s) 'example_local_kubernetes_executor' retrieved from /home/airflow/.local/lib/python3.12/site-packages/airflow/example_dags/example_local_kubernetes_executor.py
[2025-02-23T14:24:22.738+0000] {logging_mixin.py:190} INFO - [2025-02-23T14:24:22.737+0000] {dag.py:3239} INFO - Sync 1 DAGs
[2025-02-23T14:24:22.760+0000] {logging_mixin.py:190} INFO - [2025-02-23T14:24:22.759+0000] {dag.py:4180} INFO - Setting next_dagrun for example_local_kubernetes_executor to None, run_after=None
[2025-02-23T14:24:22.793+0000] {processor.py:208} INFO - Processing /home/airflow/.local/lib/python3.12/site-packages/airflow/example_dags/example_local_kubernetes_executor.py took 0.116 seconds
[2025-02-23T14:24:53.534+0000] {processor.py:186} INFO - Started process (PID=297) to work on /home/airflow/.local/lib/python3.12/site-packages/airflow/example_dags/example_local_kubernetes_executor.py
[2025-02-23T14:24:53.537+0000] {processor.py:914} INFO - Processing file /home/airflow/.local/lib/python3.12/site-packages/airflow/example_dags/example_local_kubernetes_executor.py for tasks to queue
[2025-02-23T14:24:53.541+0000] {logging_mixin.py:190} INFO - [2025-02-23T14:24:53.541+0000] {dagbag.py:588} INFO - Filling up the DagBag from /home/airflow/.local/lib/python3.12/site-packages/airflow/example_dags/example_local_kubernetes_executor.py
[2025-02-23T14:24:53.560+0000] {processor.py:925} INFO - DAG(s) 'example_local_kubernetes_executor' retrieved from /home/airflow/.local/lib/python3.12/site-packages/airflow/example_dags/example_local_kubernetes_executor.py
[2025-02-23T14:24:53.597+0000] {logging_mixin.py:190} INFO - [2025-02-23T14:24:53.596+0000] {dag.py:3239} INFO - Sync 1 DAGs
[2025-02-23T14:24:53.622+0000] {logging_mixin.py:190} INFO - [2025-02-23T14:24:53.621+0000] {dag.py:4180} INFO - Setting next_dagrun for example_local_kubernetes_executor to None, run_after=None
[2025-02-23T14:24:53.698+0000] {processor.py:208} INFO - Processing /home/airflow/.local/lib/python3.12/site-packages/airflow/example_dags/example_local_kubernetes_executor.py took 0.173 seconds
[2025-02-23T14:56:18.393+0000] {processor.py:186} INFO - Started process (PID=103) to work on /home/airflow/.local/lib/python3.12/site-packages/airflow/example_dags/example_local_kubernetes_executor.py
[2025-02-23T14:56:18.396+0000] {processor.py:914} INFO - Processing file /home/airflow/.local/lib/python3.12/site-packages/airflow/example_dags/example_local_kubernetes_executor.py for tasks to queue
[2025-02-23T14:56:18.400+0000] {logging_mixin.py:190} INFO - [2025-02-23T14:56:18.399+0000] {dagbag.py:588} INFO - Filling up the DagBag from /home/airflow/.local/lib/python3.12/site-packages/airflow/example_dags/example_local_kubernetes_executor.py
[2025-02-23T14:56:18.420+0000] {processor.py:925} INFO - DAG(s) 'example_local_kubernetes_executor' retrieved from /home/airflow/.local/lib/python3.12/site-packages/airflow/example_dags/example_local_kubernetes_executor.py
[2025-02-23T14:56:18.598+0000] {logging_mixin.py:190} INFO - [2025-02-23T14:56:18.596+0000] {override.py:1912} INFO - Created Permission View: can edit on DAG:example_local_kubernetes_executor
[2025-02-23T14:56:18.621+0000] {logging_mixin.py:190} INFO - [2025-02-23T14:56:18.621+0000] {override.py:1912} INFO - Created Permission View: can read on DAG:example_local_kubernetes_executor
[2025-02-23T14:56:18.634+0000] {logging_mixin.py:190} INFO - [2025-02-23T14:56:18.633+0000] {override.py:1912} INFO - Created Permission View: can delete on DAG:example_local_kubernetes_executor
[2025-02-23T14:56:18.651+0000] {logging_mixin.py:190} INFO - [2025-02-23T14:56:18.650+0000] {override.py:1912} INFO - Created Permission View: menu access on DAG Run:example_local_kubernetes_executor
[2025-02-23T14:56:18.664+0000] {logging_mixin.py:190} INFO - [2025-02-23T14:56:18.664+0000] {override.py:1912} INFO - Created Permission View: can create on DAG Run:example_local_kubernetes_executor
[2025-02-23T14:56:18.679+0000] {logging_mixin.py:190} INFO - [2025-02-23T14:56:18.678+0000] {override.py:1912} INFO - Created Permission View: can read on DAG Run:example_local_kubernetes_executor
[2025-02-23T14:56:18.694+0000] {logging_mixin.py:190} INFO - [2025-02-23T14:56:18.693+0000] {override.py:1912} INFO - Created Permission View: can delete on DAG Run:example_local_kubernetes_executor
[2025-02-23T14:56:18.695+0000] {logging_mixin.py:190} INFO - [2025-02-23T14:56:18.695+0000] {dag.py:3239} INFO - Sync 1 DAGs
[2025-02-23T14:56:18.715+0000] {logging_mixin.py:190} INFO - [2025-02-23T14:56:18.715+0000] {dag.py:3262} INFO - Creating ORM DAG for example_local_kubernetes_executor
[2025-02-23T14:56:18.717+0000] {logging_mixin.py:190} INFO - [2025-02-23T14:56:18.717+0000] {dag.py:4180} INFO - Setting next_dagrun for example_local_kubernetes_executor to None, run_after=None
[2025-02-23T14:56:18.752+0000] {processor.py:208} INFO - Processing /home/airflow/.local/lib/python3.12/site-packages/airflow/example_dags/example_local_kubernetes_executor.py took 0.368 seconds
[2025-02-23T14:56:48.818+0000] {processor.py:186} INFO - Started process (PID=167) to work on /home/airflow/.local/lib/python3.12/site-packages/airflow/example_dags/example_local_kubernetes_executor.py
[2025-02-23T14:56:48.820+0000] {processor.py:914} INFO - Processing file /home/airflow/.local/lib/python3.12/site-packages/airflow/example_dags/example_local_kubernetes_executor.py for tasks to queue
[2025-02-23T14:56:48.824+0000] {logging_mixin.py:190} INFO - [2025-02-23T14:56:48.824+0000] {dagbag.py:588} INFO - Filling up the DagBag from /home/airflow/.local/lib/python3.12/site-packages/airflow/example_dags/example_local_kubernetes_executor.py
[2025-02-23T14:56:48.836+0000] {processor.py:925} INFO - DAG(s) 'example_local_kubernetes_executor' retrieved from /home/airflow/.local/lib/python3.12/site-packages/airflow/example_dags/example_local_kubernetes_executor.py
[2025-02-23T14:56:48.864+0000] {logging_mixin.py:190} INFO - [2025-02-23T14:56:48.863+0000] {dag.py:3239} INFO - Sync 1 DAGs
[2025-02-23T14:56:48.883+0000] {logging_mixin.py:190} INFO - [2025-02-23T14:56:48.882+0000] {dag.py:4180} INFO - Setting next_dagrun for example_local_kubernetes_executor to None, run_after=None
[2025-02-23T14:56:48.912+0000] {processor.py:208} INFO - Processing /home/airflow/.local/lib/python3.12/site-packages/airflow/example_dags/example_local_kubernetes_executor.py took 0.100 seconds
[2025-02-23T14:57:19.271+0000] {processor.py:186} INFO - Started process (PID=232) to work on /home/airflow/.local/lib/python3.12/site-packages/airflow/example_dags/example_local_kubernetes_executor.py
[2025-02-23T14:57:19.273+0000] {processor.py:914} INFO - Processing file /home/airflow/.local/lib/python3.12/site-packages/airflow/example_dags/example_local_kubernetes_executor.py for tasks to queue
[2025-02-23T14:57:19.278+0000] {logging_mixin.py:190} INFO - [2025-02-23T14:57:19.277+0000] {dagbag.py:588} INFO - Filling up the DagBag from /home/airflow/.local/lib/python3.12/site-packages/airflow/example_dags/example_local_kubernetes_executor.py
[2025-02-23T14:57:19.292+0000] {processor.py:925} INFO - DAG(s) 'example_local_kubernetes_executor' retrieved from /home/airflow/.local/lib/python3.12/site-packages/airflow/example_dags/example_local_kubernetes_executor.py
[2025-02-23T14:57:19.327+0000] {logging_mixin.py:190} INFO - [2025-02-23T14:57:19.327+0000] {dag.py:3239} INFO - Sync 1 DAGs
[2025-02-23T14:57:19.353+0000] {logging_mixin.py:190} INFO - [2025-02-23T14:57:19.353+0000] {dag.py:4180} INFO - Setting next_dagrun for example_local_kubernetes_executor to None, run_after=None
[2025-02-23T14:57:19.395+0000] {processor.py:208} INFO - Processing /home/airflow/.local/lib/python3.12/site-packages/airflow/example_dags/example_local_kubernetes_executor.py took 0.134 seconds
[2025-02-23T14:57:49.548+0000] {processor.py:186} INFO - Started process (PID=295) to work on /home/airflow/.local/lib/python3.12/site-packages/airflow/example_dags/example_local_kubernetes_executor.py
[2025-02-23T14:57:49.550+0000] {processor.py:914} INFO - Processing file /home/airflow/.local/lib/python3.12/site-packages/airflow/example_dags/example_local_kubernetes_executor.py for tasks to queue
[2025-02-23T14:57:49.553+0000] {logging_mixin.py:190} INFO - [2025-02-23T14:57:49.553+0000] {dagbag.py:588} INFO - Filling up the DagBag from /home/airflow/.local/lib/python3.12/site-packages/airflow/example_dags/example_local_kubernetes_executor.py
[2025-02-23T14:57:49.568+0000] {processor.py:925} INFO - DAG(s) 'example_local_kubernetes_executor' retrieved from /home/airflow/.local/lib/python3.12/site-packages/airflow/example_dags/example_local_kubernetes_executor.py
[2025-02-23T14:57:49.607+0000] {logging_mixin.py:190} INFO - [2025-02-23T14:57:49.606+0000] {dag.py:3239} INFO - Sync 1 DAGs
[2025-02-23T14:57:49.646+0000] {logging_mixin.py:190} INFO - [2025-02-23T14:57:49.642+0000] {dag.py:4180} INFO - Setting next_dagrun for example_local_kubernetes_executor to None, run_after=None
[2025-02-23T14:57:49.685+0000] {processor.py:208} INFO - Processing /home/airflow/.local/lib/python3.12/site-packages/airflow/example_dags/example_local_kubernetes_executor.py took 0.145 seconds
[2025-02-23T14:58:20.217+0000] {processor.py:186} INFO - Started process (PID=360) to work on /home/airflow/.local/lib/python3.12/site-packages/airflow/example_dags/example_local_kubernetes_executor.py
[2025-02-23T14:58:20.219+0000] {processor.py:914} INFO - Processing file /home/airflow/.local/lib/python3.12/site-packages/airflow/example_dags/example_local_kubernetes_executor.py for tasks to queue
[2025-02-23T14:58:20.224+0000] {logging_mixin.py:190} INFO - [2025-02-23T14:58:20.222+0000] {dagbag.py:588} INFO - Filling up the DagBag from /home/airflow/.local/lib/python3.12/site-packages/airflow/example_dags/example_local_kubernetes_executor.py
[2025-02-23T14:58:20.247+0000] {processor.py:925} INFO - DAG(s) 'example_local_kubernetes_executor' retrieved from /home/airflow/.local/lib/python3.12/site-packages/airflow/example_dags/example_local_kubernetes_executor.py
[2025-02-23T14:58:20.283+0000] {logging_mixin.py:190} INFO - [2025-02-23T14:58:20.283+0000] {dag.py:3239} INFO - Sync 1 DAGs
[2025-02-23T14:58:20.310+0000] {logging_mixin.py:190} INFO - [2025-02-23T14:58:20.310+0000] {dag.py:4180} INFO - Setting next_dagrun for example_local_kubernetes_executor to None, run_after=None
[2025-02-23T14:58:20.353+0000] {processor.py:208} INFO - Processing /home/airflow/.local/lib/python3.12/site-packages/airflow/example_dags/example_local_kubernetes_executor.py took 0.151 seconds
[2025-02-23T14:58:51.221+0000] {processor.py:186} INFO - Started process (PID=426) to work on /home/airflow/.local/lib/python3.12/site-packages/airflow/example_dags/example_local_kubernetes_executor.py
[2025-02-23T14:58:51.223+0000] {processor.py:914} INFO - Processing file /home/airflow/.local/lib/python3.12/site-packages/airflow/example_dags/example_local_kubernetes_executor.py for tasks to queue
[2025-02-23T14:58:51.229+0000] {logging_mixin.py:190} INFO - [2025-02-23T14:58:51.229+0000] {dagbag.py:588} INFO - Filling up the DagBag from /home/airflow/.local/lib/python3.12/site-packages/airflow/example_dags/example_local_kubernetes_executor.py
[2025-02-23T14:58:51.250+0000] {processor.py:925} INFO - DAG(s) 'example_local_kubernetes_executor' retrieved from /home/airflow/.local/lib/python3.12/site-packages/airflow/example_dags/example_local_kubernetes_executor.py
[2025-02-23T14:58:51.302+0000] {logging_mixin.py:190} INFO - [2025-02-23T14:58:51.301+0000] {dag.py:3239} INFO - Sync 1 DAGs
[2025-02-23T14:58:51.340+0000] {logging_mixin.py:190} INFO - [2025-02-23T14:58:51.340+0000] {dag.py:4180} INFO - Setting next_dagrun for example_local_kubernetes_executor to None, run_after=None
[2025-02-23T14:58:51.393+0000] {processor.py:208} INFO - Processing /home/airflow/.local/lib/python3.12/site-packages/airflow/example_dags/example_local_kubernetes_executor.py took 0.183 seconds
[2025-02-23T14:59:22.027+0000] {processor.py:186} INFO - Started process (PID=490) to work on /home/airflow/.local/lib/python3.12/site-packages/airflow/example_dags/example_local_kubernetes_executor.py
[2025-02-23T14:59:22.029+0000] {processor.py:914} INFO - Processing file /home/airflow/.local/lib/python3.12/site-packages/airflow/example_dags/example_local_kubernetes_executor.py for tasks to queue
[2025-02-23T14:59:22.032+0000] {logging_mixin.py:190} INFO - [2025-02-23T14:59:22.032+0000] {dagbag.py:588} INFO - Filling up the DagBag from /home/airflow/.local/lib/python3.12/site-packages/airflow/example_dags/example_local_kubernetes_executor.py
[2025-02-23T14:59:22.050+0000] {processor.py:925} INFO - DAG(s) 'example_local_kubernetes_executor' retrieved from /home/airflow/.local/lib/python3.12/site-packages/airflow/example_dags/example_local_kubernetes_executor.py
[2025-02-23T14:59:22.097+0000] {logging_mixin.py:190} INFO - [2025-02-23T14:59:22.096+0000] {dag.py:3239} INFO - Sync 1 DAGs
[2025-02-23T14:59:22.125+0000] {logging_mixin.py:190} INFO - [2025-02-23T14:59:22.124+0000] {dag.py:4180} INFO - Setting next_dagrun for example_local_kubernetes_executor to None, run_after=None
[2025-02-23T14:59:22.240+0000] {processor.py:208} INFO - Processing /home/airflow/.local/lib/python3.12/site-packages/airflow/example_dags/example_local_kubernetes_executor.py took 0.222 seconds
[2025-02-23T14:59:52.359+0000] {processor.py:186} INFO - Started process (PID=554) to work on /home/airflow/.local/lib/python3.12/site-packages/airflow/example_dags/example_local_kubernetes_executor.py
[2025-02-23T14:59:52.361+0000] {processor.py:914} INFO - Processing file /home/airflow/.local/lib/python3.12/site-packages/airflow/example_dags/example_local_kubernetes_executor.py for tasks to queue
[2025-02-23T14:59:52.365+0000] {logging_mixin.py:190} INFO - [2025-02-23T14:59:52.364+0000] {dagbag.py:588} INFO - Filling up the DagBag from /home/airflow/.local/lib/python3.12/site-packages/airflow/example_dags/example_local_kubernetes_executor.py
[2025-02-23T14:59:52.379+0000] {processor.py:925} INFO - DAG(s) 'example_local_kubernetes_executor' retrieved from /home/airflow/.local/lib/python3.12/site-packages/airflow/example_dags/example_local_kubernetes_executor.py
[2025-02-23T14:59:52.409+0000] {logging_mixin.py:190} INFO - [2025-02-23T14:59:52.408+0000] {dag.py:3239} INFO - Sync 1 DAGs
[2025-02-23T14:59:52.431+0000] {logging_mixin.py:190} INFO - [2025-02-23T14:59:52.431+0000] {dag.py:4180} INFO - Setting next_dagrun for example_local_kubernetes_executor to None, run_after=None
[2025-02-23T14:59:52.462+0000] {processor.py:208} INFO - Processing /home/airflow/.local/lib/python3.12/site-packages/airflow/example_dags/example_local_kubernetes_executor.py took 0.111 seconds
[2025-02-23T15:07:53.935+0000] {processor.py:186} INFO - Started process (PID=100) to work on /home/airflow/.local/lib/python3.12/site-packages/airflow/example_dags/example_local_kubernetes_executor.py
[2025-02-23T15:07:53.937+0000] {processor.py:914} INFO - Processing file /home/airflow/.local/lib/python3.12/site-packages/airflow/example_dags/example_local_kubernetes_executor.py for tasks to queue
[2025-02-23T15:07:53.941+0000] {logging_mixin.py:190} INFO - [2025-02-23T15:07:53.941+0000] {dagbag.py:588} INFO - Filling up the DagBag from /home/airflow/.local/lib/python3.12/site-packages/airflow/example_dags/example_local_kubernetes_executor.py
[2025-02-23T15:07:53.957+0000] {processor.py:925} INFO - DAG(s) 'example_local_kubernetes_executor' retrieved from /home/airflow/.local/lib/python3.12/site-packages/airflow/example_dags/example_local_kubernetes_executor.py
[2025-02-23T15:07:54.117+0000] {logging_mixin.py:190} INFO - [2025-02-23T15:07:54.116+0000] {override.py:1912} INFO - Created Permission View: can read on DAG:example_local_kubernetes_executor
[2025-02-23T15:07:54.136+0000] {logging_mixin.py:190} INFO - [2025-02-23T15:07:54.135+0000] {override.py:1912} INFO - Created Permission View: can delete on DAG:example_local_kubernetes_executor
[2025-02-23T15:07:54.151+0000] {logging_mixin.py:190} INFO - [2025-02-23T15:07:54.150+0000] {override.py:1912} INFO - Created Permission View: can edit on DAG:example_local_kubernetes_executor
[2025-02-23T15:07:54.167+0000] {logging_mixin.py:190} INFO - [2025-02-23T15:07:54.167+0000] {override.py:1912} INFO - Created Permission View: can read on DAG Run:example_local_kubernetes_executor
[2025-02-23T15:07:54.180+0000] {logging_mixin.py:190} INFO - [2025-02-23T15:07:54.180+0000] {override.py:1912} INFO - Created Permission View: menu access on DAG Run:example_local_kubernetes_executor
[2025-02-23T15:07:54.193+0000] {logging_mixin.py:190} INFO - [2025-02-23T15:07:54.192+0000] {override.py:1912} INFO - Created Permission View: can delete on DAG Run:example_local_kubernetes_executor
[2025-02-23T15:07:54.208+0000] {logging_mixin.py:190} INFO - [2025-02-23T15:07:54.207+0000] {override.py:1912} INFO - Created Permission View: can create on DAG Run:example_local_kubernetes_executor
[2025-02-23T15:07:54.209+0000] {logging_mixin.py:190} INFO - [2025-02-23T15:07:54.209+0000] {dag.py:3239} INFO - Sync 1 DAGs
[2025-02-23T15:07:54.235+0000] {logging_mixin.py:190} INFO - [2025-02-23T15:07:54.234+0000] {dag.py:3262} INFO - Creating ORM DAG for example_local_kubernetes_executor
[2025-02-23T15:07:54.237+0000] {logging_mixin.py:190} INFO - [2025-02-23T15:07:54.236+0000] {dag.py:4180} INFO - Setting next_dagrun for example_local_kubernetes_executor to None, run_after=None
[2025-02-23T15:07:54.270+0000] {processor.py:208} INFO - Processing /home/airflow/.local/lib/python3.12/site-packages/airflow/example_dags/example_local_kubernetes_executor.py took 0.342 seconds
[2025-02-23T15:08:24.736+0000] {processor.py:186} INFO - Started process (PID=163) to work on /home/airflow/.local/lib/python3.12/site-packages/airflow/example_dags/example_local_kubernetes_executor.py
[2025-02-23T15:08:24.739+0000] {processor.py:914} INFO - Processing file /home/airflow/.local/lib/python3.12/site-packages/airflow/example_dags/example_local_kubernetes_executor.py for tasks to queue
[2025-02-23T15:08:24.742+0000] {logging_mixin.py:190} INFO - [2025-02-23T15:08:24.742+0000] {dagbag.py:588} INFO - Filling up the DagBag from /home/airflow/.local/lib/python3.12/site-packages/airflow/example_dags/example_local_kubernetes_executor.py
[2025-02-23T15:08:24.783+0000] {processor.py:925} INFO - DAG(s) 'example_local_kubernetes_executor' retrieved from /home/airflow/.local/lib/python3.12/site-packages/airflow/example_dags/example_local_kubernetes_executor.py
[2025-02-23T15:08:24.881+0000] {logging_mixin.py:190} INFO - [2025-02-23T15:08:24.880+0000] {dag.py:3239} INFO - Sync 1 DAGs
[2025-02-23T15:08:24.919+0000] {logging_mixin.py:190} INFO - [2025-02-23T15:08:24.919+0000] {dag.py:4180} INFO - Setting next_dagrun for example_local_kubernetes_executor to None, run_after=None
[2025-02-23T15:08:24.977+0000] {processor.py:208} INFO - Processing /home/airflow/.local/lib/python3.12/site-packages/airflow/example_dags/example_local_kubernetes_executor.py took 0.258 seconds
[2025-02-23T15:08:55.325+0000] {processor.py:186} INFO - Started process (PID=228) to work on /home/airflow/.local/lib/python3.12/site-packages/airflow/example_dags/example_local_kubernetes_executor.py
[2025-02-23T15:08:55.326+0000] {processor.py:914} INFO - Processing file /home/airflow/.local/lib/python3.12/site-packages/airflow/example_dags/example_local_kubernetes_executor.py for tasks to queue
[2025-02-23T15:08:55.329+0000] {logging_mixin.py:190} INFO - [2025-02-23T15:08:55.329+0000] {dagbag.py:588} INFO - Filling up the DagBag from /home/airflow/.local/lib/python3.12/site-packages/airflow/example_dags/example_local_kubernetes_executor.py
[2025-02-23T15:08:55.342+0000] {processor.py:925} INFO - DAG(s) 'example_local_kubernetes_executor' retrieved from /home/airflow/.local/lib/python3.12/site-packages/airflow/example_dags/example_local_kubernetes_executor.py
[2025-02-23T15:08:55.373+0000] {logging_mixin.py:190} INFO - [2025-02-23T15:08:55.372+0000] {dag.py:3239} INFO - Sync 1 DAGs
[2025-02-23T15:08:55.394+0000] {logging_mixin.py:190} INFO - [2025-02-23T15:08:55.393+0000] {dag.py:4180} INFO - Setting next_dagrun for example_local_kubernetes_executor to None, run_after=None
[2025-02-23T15:08:55.425+0000] {processor.py:208} INFO - Processing /home/airflow/.local/lib/python3.12/site-packages/airflow/example_dags/example_local_kubernetes_executor.py took 0.107 seconds
[2025-02-23T15:09:27.144+0000] {processor.py:186} INFO - Started process (PID=293) to work on /home/airflow/.local/lib/python3.12/site-packages/airflow/example_dags/example_local_kubernetes_executor.py
[2025-02-23T15:09:27.146+0000] {processor.py:914} INFO - Processing file /home/airflow/.local/lib/python3.12/site-packages/airflow/example_dags/example_local_kubernetes_executor.py for tasks to queue
[2025-02-23T15:09:27.151+0000] {logging_mixin.py:190} INFO - [2025-02-23T15:09:27.150+0000] {dagbag.py:588} INFO - Filling up the DagBag from /home/airflow/.local/lib/python3.12/site-packages/airflow/example_dags/example_local_kubernetes_executor.py
[2025-02-23T15:09:27.165+0000] {processor.py:925} INFO - DAG(s) 'example_local_kubernetes_executor' retrieved from /home/airflow/.local/lib/python3.12/site-packages/airflow/example_dags/example_local_kubernetes_executor.py
[2025-02-23T15:09:27.196+0000] {logging_mixin.py:190} INFO - [2025-02-23T15:09:27.195+0000] {dag.py:3239} INFO - Sync 1 DAGs
[2025-02-23T15:09:27.215+0000] {logging_mixin.py:190} INFO - [2025-02-23T15:09:27.215+0000] {dag.py:4180} INFO - Setting next_dagrun for example_local_kubernetes_executor to None, run_after=None
[2025-02-23T15:09:27.244+0000] {processor.py:208} INFO - Processing /home/airflow/.local/lib/python3.12/site-packages/airflow/example_dags/example_local_kubernetes_executor.py took 0.112 seconds
[2025-02-23T15:09:57.497+0000] {processor.py:186} INFO - Started process (PID=357) to work on /home/airflow/.local/lib/python3.12/site-packages/airflow/example_dags/example_local_kubernetes_executor.py
[2025-02-23T15:09:57.500+0000] {processor.py:914} INFO - Processing file /home/airflow/.local/lib/python3.12/site-packages/airflow/example_dags/example_local_kubernetes_executor.py for tasks to queue
[2025-02-23T15:09:57.506+0000] {logging_mixin.py:190} INFO - [2025-02-23T15:09:57.505+0000] {dagbag.py:588} INFO - Filling up the DagBag from /home/airflow/.local/lib/python3.12/site-packages/airflow/example_dags/example_local_kubernetes_executor.py
[2025-02-23T15:09:57.539+0000] {processor.py:925} INFO - DAG(s) 'example_local_kubernetes_executor' retrieved from /home/airflow/.local/lib/python3.12/site-packages/airflow/example_dags/example_local_kubernetes_executor.py
[2025-02-23T15:09:57.587+0000] {logging_mixin.py:190} INFO - [2025-02-23T15:09:57.586+0000] {dag.py:3239} INFO - Sync 1 DAGs
[2025-02-23T15:09:57.656+0000] {logging_mixin.py:190} INFO - [2025-02-23T15:09:57.656+0000] {dag.py:4180} INFO - Setting next_dagrun for example_local_kubernetes_executor to None, run_after=None
[2025-02-23T15:09:57.736+0000] {processor.py:208} INFO - Processing /home/airflow/.local/lib/python3.12/site-packages/airflow/example_dags/example_local_kubernetes_executor.py took 0.251 seconds
[2025-02-23T15:10:28.093+0000] {processor.py:186} INFO - Started process (PID=421) to work on /home/airflow/.local/lib/python3.12/site-packages/airflow/example_dags/example_local_kubernetes_executor.py
[2025-02-23T15:10:28.096+0000] {processor.py:914} INFO - Processing file /home/airflow/.local/lib/python3.12/site-packages/airflow/example_dags/example_local_kubernetes_executor.py for tasks to queue
[2025-02-23T15:10:28.109+0000] {logging_mixin.py:190} INFO - [2025-02-23T15:10:28.108+0000] {dagbag.py:588} INFO - Filling up the DagBag from /home/airflow/.local/lib/python3.12/site-packages/airflow/example_dags/example_local_kubernetes_executor.py
[2025-02-23T15:10:28.143+0000] {processor.py:925} INFO - DAG(s) 'example_local_kubernetes_executor' retrieved from /home/airflow/.local/lib/python3.12/site-packages/airflow/example_dags/example_local_kubernetes_executor.py
[2025-02-23T15:10:28.195+0000] {logging_mixin.py:190} INFO - [2025-02-23T15:10:28.195+0000] {dag.py:3239} INFO - Sync 1 DAGs
[2025-02-23T15:10:28.226+0000] {logging_mixin.py:190} INFO - [2025-02-23T15:10:28.226+0000] {dag.py:4180} INFO - Setting next_dagrun for example_local_kubernetes_executor to None, run_after=None
[2025-02-23T15:10:28.269+0000] {processor.py:208} INFO - Processing /home/airflow/.local/lib/python3.12/site-packages/airflow/example_dags/example_local_kubernetes_executor.py took 0.197 seconds
[2025-02-23T15:10:59.010+0000] {processor.py:186} INFO - Started process (PID=487) to work on /home/airflow/.local/lib/python3.12/site-packages/airflow/example_dags/example_local_kubernetes_executor.py
[2025-02-23T15:10:59.012+0000] {processor.py:914} INFO - Processing file /home/airflow/.local/lib/python3.12/site-packages/airflow/example_dags/example_local_kubernetes_executor.py for tasks to queue
[2025-02-23T15:10:59.016+0000] {logging_mixin.py:190} INFO - [2025-02-23T15:10:59.015+0000] {dagbag.py:588} INFO - Filling up the DagBag from /home/airflow/.local/lib/python3.12/site-packages/airflow/example_dags/example_local_kubernetes_executor.py
[2025-02-23T15:10:59.033+0000] {processor.py:925} INFO - DAG(s) 'example_local_kubernetes_executor' retrieved from /home/airflow/.local/lib/python3.12/site-packages/airflow/example_dags/example_local_kubernetes_executor.py
[2025-02-23T15:10:59.080+0000] {logging_mixin.py:190} INFO - [2025-02-23T15:10:59.079+0000] {dag.py:3239} INFO - Sync 1 DAGs
[2025-02-23T15:10:59.105+0000] {logging_mixin.py:190} INFO - [2025-02-23T15:10:59.105+0000] {dag.py:4180} INFO - Setting next_dagrun for example_local_kubernetes_executor to None, run_after=None
[2025-02-23T15:10:59.140+0000] {processor.py:208} INFO - Processing /home/airflow/.local/lib/python3.12/site-packages/airflow/example_dags/example_local_kubernetes_executor.py took 0.141 seconds
[2025-02-23T15:11:29.588+0000] {processor.py:186} INFO - Started process (PID=556) to work on /home/airflow/.local/lib/python3.12/site-packages/airflow/example_dags/example_local_kubernetes_executor.py
[2025-02-23T15:11:29.590+0000] {processor.py:914} INFO - Processing file /home/airflow/.local/lib/python3.12/site-packages/airflow/example_dags/example_local_kubernetes_executor.py for tasks to queue
[2025-02-23T15:11:29.596+0000] {logging_mixin.py:190} INFO - [2025-02-23T15:11:29.595+0000] {dagbag.py:588} INFO - Filling up the DagBag from /home/airflow/.local/lib/python3.12/site-packages/airflow/example_dags/example_local_kubernetes_executor.py
[2025-02-23T15:11:29.611+0000] {processor.py:925} INFO - DAG(s) 'example_local_kubernetes_executor' retrieved from /home/airflow/.local/lib/python3.12/site-packages/airflow/example_dags/example_local_kubernetes_executor.py
[2025-02-23T15:11:29.645+0000] {logging_mixin.py:190} INFO - [2025-02-23T15:11:29.644+0000] {dag.py:3239} INFO - Sync 1 DAGs
[2025-02-23T15:11:29.666+0000] {logging_mixin.py:190} INFO - [2025-02-23T15:11:29.666+0000] {dag.py:4180} INFO - Setting next_dagrun for example_local_kubernetes_executor to None, run_after=None
[2025-02-23T15:11:29.720+0000] {processor.py:208} INFO - Processing /home/airflow/.local/lib/python3.12/site-packages/airflow/example_dags/example_local_kubernetes_executor.py took 0.139 seconds
[2025-02-23T15:12:00.486+0000] {processor.py:186} INFO - Started process (PID=621) to work on /home/airflow/.local/lib/python3.12/site-packages/airflow/example_dags/example_local_kubernetes_executor.py
[2025-02-23T15:12:00.489+0000] {processor.py:914} INFO - Processing file /home/airflow/.local/lib/python3.12/site-packages/airflow/example_dags/example_local_kubernetes_executor.py for tasks to queue
[2025-02-23T15:12:00.493+0000] {logging_mixin.py:190} INFO - [2025-02-23T15:12:00.492+0000] {dagbag.py:588} INFO - Filling up the DagBag from /home/airflow/.local/lib/python3.12/site-packages/airflow/example_dags/example_local_kubernetes_executor.py
[2025-02-23T15:12:00.507+0000] {processor.py:925} INFO - DAG(s) 'example_local_kubernetes_executor' retrieved from /home/airflow/.local/lib/python3.12/site-packages/airflow/example_dags/example_local_kubernetes_executor.py
[2025-02-23T15:12:00.539+0000] {logging_mixin.py:190} INFO - [2025-02-23T15:12:00.539+0000] {dag.py:3239} INFO - Sync 1 DAGs
[2025-02-23T15:12:00.560+0000] {logging_mixin.py:190} INFO - [2025-02-23T15:12:00.560+0000] {dag.py:4180} INFO - Setting next_dagrun for example_local_kubernetes_executor to None, run_after=None
[2025-02-23T15:12:00.599+0000] {processor.py:208} INFO - Processing /home/airflow/.local/lib/python3.12/site-packages/airflow/example_dags/example_local_kubernetes_executor.py took 0.121 seconds
[2025-02-23T15:12:31.011+0000] {processor.py:186} INFO - Started process (PID=686) to work on /home/airflow/.local/lib/python3.12/site-packages/airflow/example_dags/example_local_kubernetes_executor.py
[2025-02-23T15:12:31.013+0000] {processor.py:914} INFO - Processing file /home/airflow/.local/lib/python3.12/site-packages/airflow/example_dags/example_local_kubernetes_executor.py for tasks to queue
[2025-02-23T15:12:31.017+0000] {logging_mixin.py:190} INFO - [2025-02-23T15:12:31.016+0000] {dagbag.py:588} INFO - Filling up the DagBag from /home/airflow/.local/lib/python3.12/site-packages/airflow/example_dags/example_local_kubernetes_executor.py
[2025-02-23T15:12:31.038+0000] {processor.py:925} INFO - DAG(s) 'example_local_kubernetes_executor' retrieved from /home/airflow/.local/lib/python3.12/site-packages/airflow/example_dags/example_local_kubernetes_executor.py
[2025-02-23T15:12:31.083+0000] {logging_mixin.py:190} INFO - [2025-02-23T15:12:31.082+0000] {dag.py:3239} INFO - Sync 1 DAGs
[2025-02-23T15:12:31.113+0000] {logging_mixin.py:190} INFO - [2025-02-23T15:12:31.112+0000] {dag.py:4180} INFO - Setting next_dagrun for example_local_kubernetes_executor to None, run_after=None
[2025-02-23T15:12:31.178+0000] {processor.py:208} INFO - Processing /home/airflow/.local/lib/python3.12/site-packages/airflow/example_dags/example_local_kubernetes_executor.py took 0.178 seconds
[2025-02-23T15:13:01.388+0000] {processor.py:186} INFO - Started process (PID=759) to work on /home/airflow/.local/lib/python3.12/site-packages/airflow/example_dags/example_local_kubernetes_executor.py
[2025-02-23T15:13:01.396+0000] {processor.py:914} INFO - Processing file /home/airflow/.local/lib/python3.12/site-packages/airflow/example_dags/example_local_kubernetes_executor.py for tasks to queue
[2025-02-23T15:13:01.414+0000] {logging_mixin.py:190} INFO - [2025-02-23T15:13:01.413+0000] {dagbag.py:588} INFO - Filling up the DagBag from /home/airflow/.local/lib/python3.12/site-packages/airflow/example_dags/example_local_kubernetes_executor.py
[2025-02-23T15:13:01.456+0000] {processor.py:925} INFO - DAG(s) 'example_local_kubernetes_executor' retrieved from /home/airflow/.local/lib/python3.12/site-packages/airflow/example_dags/example_local_kubernetes_executor.py
[2025-02-23T15:13:01.516+0000] {logging_mixin.py:190} INFO - [2025-02-23T15:13:01.516+0000] {dag.py:3239} INFO - Sync 1 DAGs
[2025-02-23T15:13:01.542+0000] {logging_mixin.py:190} INFO - [2025-02-23T15:13:01.541+0000] {dag.py:4180} INFO - Setting next_dagrun for example_local_kubernetes_executor to None, run_after=None
[2025-02-23T15:13:01.582+0000] {processor.py:208} INFO - Processing /home/airflow/.local/lib/python3.12/site-packages/airflow/example_dags/example_local_kubernetes_executor.py took 0.207 seconds
[2025-02-23T15:13:31.869+0000] {processor.py:186} INFO - Started process (PID=827) to work on /home/airflow/.local/lib/python3.12/site-packages/airflow/example_dags/example_local_kubernetes_executor.py
[2025-02-23T15:13:31.871+0000] {processor.py:914} INFO - Processing file /home/airflow/.local/lib/python3.12/site-packages/airflow/example_dags/example_local_kubernetes_executor.py for tasks to queue
[2025-02-23T15:13:31.876+0000] {logging_mixin.py:190} INFO - [2025-02-23T15:13:31.874+0000] {dagbag.py:588} INFO - Filling up the DagBag from /home/airflow/.local/lib/python3.12/site-packages/airflow/example_dags/example_local_kubernetes_executor.py
[2025-02-23T15:13:31.891+0000] {processor.py:925} INFO - DAG(s) 'example_local_kubernetes_executor' retrieved from /home/airflow/.local/lib/python3.12/site-packages/airflow/example_dags/example_local_kubernetes_executor.py
[2025-02-23T15:13:31.924+0000] {logging_mixin.py:190} INFO - [2025-02-23T15:13:31.923+0000] {dag.py:3239} INFO - Sync 1 DAGs
[2025-02-23T15:13:31.975+0000] {logging_mixin.py:190} INFO - [2025-02-23T15:13:31.974+0000] {dag.py:4180} INFO - Setting next_dagrun for example_local_kubernetes_executor to None, run_after=None
[2025-02-23T15:13:32.012+0000] {processor.py:208} INFO - Processing /home/airflow/.local/lib/python3.12/site-packages/airflow/example_dags/example_local_kubernetes_executor.py took 0.151 seconds
[2025-02-23T15:14:02.697+0000] {processor.py:186} INFO - Started process (PID=892) to work on /home/airflow/.local/lib/python3.12/site-packages/airflow/example_dags/example_local_kubernetes_executor.py
[2025-02-23T15:14:02.699+0000] {processor.py:914} INFO - Processing file /home/airflow/.local/lib/python3.12/site-packages/airflow/example_dags/example_local_kubernetes_executor.py for tasks to queue
[2025-02-23T15:14:02.702+0000] {logging_mixin.py:190} INFO - [2025-02-23T15:14:02.702+0000] {dagbag.py:588} INFO - Filling up the DagBag from /home/airflow/.local/lib/python3.12/site-packages/airflow/example_dags/example_local_kubernetes_executor.py
[2025-02-23T15:14:02.717+0000] {processor.py:925} INFO - DAG(s) 'example_local_kubernetes_executor' retrieved from /home/airflow/.local/lib/python3.12/site-packages/airflow/example_dags/example_local_kubernetes_executor.py
[2025-02-23T15:14:02.752+0000] {logging_mixin.py:190} INFO - [2025-02-23T15:14:02.752+0000] {dag.py:3239} INFO - Sync 1 DAGs
[2025-02-23T15:14:02.779+0000] {logging_mixin.py:190} INFO - [2025-02-23T15:14:02.779+0000] {dag.py:4180} INFO - Setting next_dagrun for example_local_kubernetes_executor to None, run_after=None
[2025-02-23T15:14:02.837+0000] {processor.py:208} INFO - Processing /home/airflow/.local/lib/python3.12/site-packages/airflow/example_dags/example_local_kubernetes_executor.py took 0.149 seconds
[2025-02-23T15:14:32.914+0000] {processor.py:186} INFO - Started process (PID=957) to work on /home/airflow/.local/lib/python3.12/site-packages/airflow/example_dags/example_local_kubernetes_executor.py
[2025-02-23T15:14:32.915+0000] {processor.py:914} INFO - Processing file /home/airflow/.local/lib/python3.12/site-packages/airflow/example_dags/example_local_kubernetes_executor.py for tasks to queue
[2025-02-23T15:14:32.919+0000] {logging_mixin.py:190} INFO - [2025-02-23T15:14:32.919+0000] {dagbag.py:588} INFO - Filling up the DagBag from /home/airflow/.local/lib/python3.12/site-packages/airflow/example_dags/example_local_kubernetes_executor.py
[2025-02-23T15:14:32.934+0000] {processor.py:925} INFO - DAG(s) 'example_local_kubernetes_executor' retrieved from /home/airflow/.local/lib/python3.12/site-packages/airflow/example_dags/example_local_kubernetes_executor.py
[2025-02-23T15:14:32.967+0000] {logging_mixin.py:190} INFO - [2025-02-23T15:14:32.966+0000] {dag.py:3239} INFO - Sync 1 DAGs
[2025-02-23T15:14:32.991+0000] {logging_mixin.py:190} INFO - [2025-02-23T15:14:32.991+0000] {dag.py:4180} INFO - Setting next_dagrun for example_local_kubernetes_executor to None, run_after=None
[2025-02-23T15:14:33.029+0000] {processor.py:208} INFO - Processing /home/airflow/.local/lib/python3.12/site-packages/airflow/example_dags/example_local_kubernetes_executor.py took 0.124 seconds
[2025-02-23T15:15:03.458+0000] {processor.py:186} INFO - Started process (PID=1022) to work on /home/airflow/.local/lib/python3.12/site-packages/airflow/example_dags/example_local_kubernetes_executor.py
[2025-02-23T15:15:03.460+0000] {processor.py:914} INFO - Processing file /home/airflow/.local/lib/python3.12/site-packages/airflow/example_dags/example_local_kubernetes_executor.py for tasks to queue
[2025-02-23T15:15:03.465+0000] {logging_mixin.py:190} INFO - [2025-02-23T15:15:03.464+0000] {dagbag.py:588} INFO - Filling up the DagBag from /home/airflow/.local/lib/python3.12/site-packages/airflow/example_dags/example_local_kubernetes_executor.py
[2025-02-23T15:15:03.481+0000] {processor.py:925} INFO - DAG(s) 'example_local_kubernetes_executor' retrieved from /home/airflow/.local/lib/python3.12/site-packages/airflow/example_dags/example_local_kubernetes_executor.py
[2025-02-23T15:15:03.517+0000] {logging_mixin.py:190} INFO - [2025-02-23T15:15:03.516+0000] {dag.py:3239} INFO - Sync 1 DAGs
[2025-02-23T15:15:03.537+0000] {logging_mixin.py:190} INFO - [2025-02-23T15:15:03.537+0000] {dag.py:4180} INFO - Setting next_dagrun for example_local_kubernetes_executor to None, run_after=None
[2025-02-23T15:15:03.575+0000] {processor.py:208} INFO - Processing /home/airflow/.local/lib/python3.12/site-packages/airflow/example_dags/example_local_kubernetes_executor.py took 0.127 seconds
[2025-02-23T15:15:33.830+0000] {processor.py:186} INFO - Started process (PID=1087) to work on /home/airflow/.local/lib/python3.12/site-packages/airflow/example_dags/example_local_kubernetes_executor.py
[2025-02-23T15:15:33.832+0000] {processor.py:914} INFO - Processing file /home/airflow/.local/lib/python3.12/site-packages/airflow/example_dags/example_local_kubernetes_executor.py for tasks to queue
[2025-02-23T15:15:33.836+0000] {logging_mixin.py:190} INFO - [2025-02-23T15:15:33.836+0000] {dagbag.py:588} INFO - Filling up the DagBag from /home/airflow/.local/lib/python3.12/site-packages/airflow/example_dags/example_local_kubernetes_executor.py
[2025-02-23T15:15:33.851+0000] {processor.py:925} INFO - DAG(s) 'example_local_kubernetes_executor' retrieved from /home/airflow/.local/lib/python3.12/site-packages/airflow/example_dags/example_local_kubernetes_executor.py
[2025-02-23T15:15:33.885+0000] {logging_mixin.py:190} INFO - [2025-02-23T15:15:33.884+0000] {dag.py:3239} INFO - Sync 1 DAGs
[2025-02-23T15:15:33.911+0000] {logging_mixin.py:190} INFO - [2025-02-23T15:15:33.910+0000] {dag.py:4180} INFO - Setting next_dagrun for example_local_kubernetes_executor to None, run_after=None
[2025-02-23T15:15:33.943+0000] {processor.py:208} INFO - Processing /home/airflow/.local/lib/python3.12/site-packages/airflow/example_dags/example_local_kubernetes_executor.py took 0.124 seconds
[2025-02-23T15:16:05.008+0000] {processor.py:186} INFO - Started process (PID=1149) to work on /home/airflow/.local/lib/python3.12/site-packages/airflow/example_dags/example_local_kubernetes_executor.py
[2025-02-23T15:16:05.010+0000] {processor.py:914} INFO - Processing file /home/airflow/.local/lib/python3.12/site-packages/airflow/example_dags/example_local_kubernetes_executor.py for tasks to queue
[2025-02-23T15:16:05.013+0000] {logging_mixin.py:190} INFO - [2025-02-23T15:16:05.013+0000] {dagbag.py:588} INFO - Filling up the DagBag from /home/airflow/.local/lib/python3.12/site-packages/airflow/example_dags/example_local_kubernetes_executor.py
[2025-02-23T15:16:05.032+0000] {processor.py:925} INFO - DAG(s) 'example_local_kubernetes_executor' retrieved from /home/airflow/.local/lib/python3.12/site-packages/airflow/example_dags/example_local_kubernetes_executor.py
[2025-02-23T15:16:05.072+0000] {logging_mixin.py:190} INFO - [2025-02-23T15:16:05.072+0000] {dag.py:3239} INFO - Sync 1 DAGs
[2025-02-23T15:16:05.098+0000] {logging_mixin.py:190} INFO - [2025-02-23T15:16:05.097+0000] {dag.py:4180} INFO - Setting next_dagrun for example_local_kubernetes_executor to None, run_after=None
[2025-02-23T15:16:05.133+0000] {processor.py:208} INFO - Processing /home/airflow/.local/lib/python3.12/site-packages/airflow/example_dags/example_local_kubernetes_executor.py took 0.135 seconds
[2025-02-23T15:16:36.531+0000] {processor.py:186} INFO - Started process (PID=1214) to work on /home/airflow/.local/lib/python3.12/site-packages/airflow/example_dags/example_local_kubernetes_executor.py
[2025-02-23T15:16:36.535+0000] {processor.py:914} INFO - Processing file /home/airflow/.local/lib/python3.12/site-packages/airflow/example_dags/example_local_kubernetes_executor.py for tasks to queue
[2025-02-23T15:16:36.541+0000] {logging_mixin.py:190} INFO - [2025-02-23T15:16:36.540+0000] {dagbag.py:588} INFO - Filling up the DagBag from /home/airflow/.local/lib/python3.12/site-packages/airflow/example_dags/example_local_kubernetes_executor.py
[2025-02-23T15:16:36.581+0000] {processor.py:925} INFO - DAG(s) 'example_local_kubernetes_executor' retrieved from /home/airflow/.local/lib/python3.12/site-packages/airflow/example_dags/example_local_kubernetes_executor.py
[2025-02-23T15:16:36.629+0000] {logging_mixin.py:190} INFO - [2025-02-23T15:16:36.628+0000] {dag.py:3239} INFO - Sync 1 DAGs
[2025-02-23T15:16:36.663+0000] {logging_mixin.py:190} INFO - [2025-02-23T15:16:36.663+0000] {dag.py:4180} INFO - Setting next_dagrun for example_local_kubernetes_executor to None, run_after=None
[2025-02-23T15:16:36.706+0000] {processor.py:208} INFO - Processing /home/airflow/.local/lib/python3.12/site-packages/airflow/example_dags/example_local_kubernetes_executor.py took 0.187 seconds
[2025-02-23T15:17:07.073+0000] {processor.py:186} INFO - Started process (PID=1278) to work on /home/airflow/.local/lib/python3.12/site-packages/airflow/example_dags/example_local_kubernetes_executor.py
[2025-02-23T15:17:07.075+0000] {processor.py:914} INFO - Processing file /home/airflow/.local/lib/python3.12/site-packages/airflow/example_dags/example_local_kubernetes_executor.py for tasks to queue
[2025-02-23T15:17:07.080+0000] {logging_mixin.py:190} INFO - [2025-02-23T15:17:07.079+0000] {dagbag.py:588} INFO - Filling up the DagBag from /home/airflow/.local/lib/python3.12/site-packages/airflow/example_dags/example_local_kubernetes_executor.py
[2025-02-23T15:17:07.099+0000] {processor.py:925} INFO - DAG(s) 'example_local_kubernetes_executor' retrieved from /home/airflow/.local/lib/python3.12/site-packages/airflow/example_dags/example_local_kubernetes_executor.py
[2025-02-23T15:17:07.140+0000] {logging_mixin.py:190} INFO - [2025-02-23T15:17:07.140+0000] {dag.py:3239} INFO - Sync 1 DAGs
[2025-02-23T15:17:07.178+0000] {logging_mixin.py:190} INFO - [2025-02-23T15:17:07.178+0000] {dag.py:4180} INFO - Setting next_dagrun for example_local_kubernetes_executor to None, run_after=None
[2025-02-23T15:17:07.242+0000] {processor.py:208} INFO - Processing /home/airflow/.local/lib/python3.12/site-packages/airflow/example_dags/example_local_kubernetes_executor.py took 0.178 seconds
[2025-02-23T15:17:37.638+0000] {processor.py:186} INFO - Started process (PID=1343) to work on /home/airflow/.local/lib/python3.12/site-packages/airflow/example_dags/example_local_kubernetes_executor.py
[2025-02-23T15:17:37.640+0000] {processor.py:914} INFO - Processing file /home/airflow/.local/lib/python3.12/site-packages/airflow/example_dags/example_local_kubernetes_executor.py for tasks to queue
[2025-02-23T15:17:37.643+0000] {logging_mixin.py:190} INFO - [2025-02-23T15:17:37.643+0000] {dagbag.py:588} INFO - Filling up the DagBag from /home/airflow/.local/lib/python3.12/site-packages/airflow/example_dags/example_local_kubernetes_executor.py
[2025-02-23T15:17:37.665+0000] {processor.py:925} INFO - DAG(s) 'example_local_kubernetes_executor' retrieved from /home/airflow/.local/lib/python3.12/site-packages/airflow/example_dags/example_local_kubernetes_executor.py
[2025-02-23T15:17:37.726+0000] {logging_mixin.py:190} INFO - [2025-02-23T15:17:37.726+0000] {dag.py:3239} INFO - Sync 1 DAGs
[2025-02-23T15:17:37.767+0000] {logging_mixin.py:190} INFO - [2025-02-23T15:17:37.767+0000] {dag.py:4180} INFO - Setting next_dagrun for example_local_kubernetes_executor to None, run_after=None
[2025-02-23T15:17:37.821+0000] {processor.py:208} INFO - Processing /home/airflow/.local/lib/python3.12/site-packages/airflow/example_dags/example_local_kubernetes_executor.py took 0.191 seconds
[2025-02-23T15:18:07.934+0000] {processor.py:186} INFO - Started process (PID=1407) to work on /home/airflow/.local/lib/python3.12/site-packages/airflow/example_dags/example_local_kubernetes_executor.py
[2025-02-23T15:18:07.936+0000] {processor.py:914} INFO - Processing file /home/airflow/.local/lib/python3.12/site-packages/airflow/example_dags/example_local_kubernetes_executor.py for tasks to queue
[2025-02-23T15:18:07.940+0000] {logging_mixin.py:190} INFO - [2025-02-23T15:18:07.940+0000] {dagbag.py:588} INFO - Filling up the DagBag from /home/airflow/.local/lib/python3.12/site-packages/airflow/example_dags/example_local_kubernetes_executor.py
[2025-02-23T15:18:07.952+0000] {processor.py:925} INFO - DAG(s) 'example_local_kubernetes_executor' retrieved from /home/airflow/.local/lib/python3.12/site-packages/airflow/example_dags/example_local_kubernetes_executor.py
[2025-02-23T15:18:07.981+0000] {logging_mixin.py:190} INFO - [2025-02-23T15:18:07.980+0000] {dag.py:3239} INFO - Sync 1 DAGs
[2025-02-23T15:18:07.999+0000] {logging_mixin.py:190} INFO - [2025-02-23T15:18:07.998+0000] {dag.py:4180} INFO - Setting next_dagrun for example_local_kubernetes_executor to None, run_after=None
[2025-02-23T15:18:08.033+0000] {processor.py:208} INFO - Processing /home/airflow/.local/lib/python3.12/site-packages/airflow/example_dags/example_local_kubernetes_executor.py took 0.105 seconds
[2025-02-23T15:18:39.207+0000] {processor.py:186} INFO - Started process (PID=1469) to work on /home/airflow/.local/lib/python3.12/site-packages/airflow/example_dags/example_local_kubernetes_executor.py
[2025-02-23T15:18:39.212+0000] {processor.py:914} INFO - Processing file /home/airflow/.local/lib/python3.12/site-packages/airflow/example_dags/example_local_kubernetes_executor.py for tasks to queue
[2025-02-23T15:18:39.217+0000] {logging_mixin.py:190} INFO - [2025-02-23T15:18:39.216+0000] {dagbag.py:588} INFO - Filling up the DagBag from /home/airflow/.local/lib/python3.12/site-packages/airflow/example_dags/example_local_kubernetes_executor.py
[2025-02-23T15:18:39.238+0000] {processor.py:925} INFO - DAG(s) 'example_local_kubernetes_executor' retrieved from /home/airflow/.local/lib/python3.12/site-packages/airflow/example_dags/example_local_kubernetes_executor.py
[2025-02-23T15:18:39.280+0000] {logging_mixin.py:190} INFO - [2025-02-23T15:18:39.280+0000] {dag.py:3239} INFO - Sync 1 DAGs
[2025-02-23T15:18:39.307+0000] {logging_mixin.py:190} INFO - [2025-02-23T15:18:39.306+0000] {dag.py:4180} INFO - Setting next_dagrun for example_local_kubernetes_executor to None, run_after=None
[2025-02-23T15:18:39.346+0000] {processor.py:208} INFO - Processing /home/airflow/.local/lib/python3.12/site-packages/airflow/example_dags/example_local_kubernetes_executor.py took 0.152 seconds
[2025-02-23T15:19:09.792+0000] {processor.py:186} INFO - Started process (PID=1535) to work on /home/airflow/.local/lib/python3.12/site-packages/airflow/example_dags/example_local_kubernetes_executor.py
[2025-02-23T15:19:09.793+0000] {processor.py:914} INFO - Processing file /home/airflow/.local/lib/python3.12/site-packages/airflow/example_dags/example_local_kubernetes_executor.py for tasks to queue
[2025-02-23T15:19:09.797+0000] {logging_mixin.py:190} INFO - [2025-02-23T15:19:09.797+0000] {dagbag.py:588} INFO - Filling up the DagBag from /home/airflow/.local/lib/python3.12/site-packages/airflow/example_dags/example_local_kubernetes_executor.py
[2025-02-23T15:19:09.811+0000] {processor.py:925} INFO - DAG(s) 'example_local_kubernetes_executor' retrieved from /home/airflow/.local/lib/python3.12/site-packages/airflow/example_dags/example_local_kubernetes_executor.py
[2025-02-23T15:19:09.841+0000] {logging_mixin.py:190} INFO - [2025-02-23T15:19:09.840+0000] {dag.py:3239} INFO - Sync 1 DAGs
[2025-02-23T15:19:09.862+0000] {logging_mixin.py:190} INFO - [2025-02-23T15:19:09.861+0000] {dag.py:4180} INFO - Setting next_dagrun for example_local_kubernetes_executor to None, run_after=None
[2025-02-23T15:19:09.897+0000] {processor.py:208} INFO - Processing /home/airflow/.local/lib/python3.12/site-packages/airflow/example_dags/example_local_kubernetes_executor.py took 0.113 seconds
[2025-02-23T15:19:40.881+0000] {processor.py:186} INFO - Started process (PID=1600) to work on /home/airflow/.local/lib/python3.12/site-packages/airflow/example_dags/example_local_kubernetes_executor.py
[2025-02-23T15:19:40.883+0000] {processor.py:914} INFO - Processing file /home/airflow/.local/lib/python3.12/site-packages/airflow/example_dags/example_local_kubernetes_executor.py for tasks to queue
[2025-02-23T15:19:40.886+0000] {logging_mixin.py:190} INFO - [2025-02-23T15:19:40.886+0000] {dagbag.py:588} INFO - Filling up the DagBag from /home/airflow/.local/lib/python3.12/site-packages/airflow/example_dags/example_local_kubernetes_executor.py
[2025-02-23T15:19:40.900+0000] {processor.py:925} INFO - DAG(s) 'example_local_kubernetes_executor' retrieved from /home/airflow/.local/lib/python3.12/site-packages/airflow/example_dags/example_local_kubernetes_executor.py
[2025-02-23T15:19:40.932+0000] {logging_mixin.py:190} INFO - [2025-02-23T15:19:40.932+0000] {dag.py:3239} INFO - Sync 1 DAGs
[2025-02-23T15:19:40.952+0000] {logging_mixin.py:190} INFO - [2025-02-23T15:19:40.951+0000] {dag.py:4180} INFO - Setting next_dagrun for example_local_kubernetes_executor to None, run_after=None
[2025-02-23T15:19:40.986+0000] {processor.py:208} INFO - Processing /home/airflow/.local/lib/python3.12/site-packages/airflow/example_dags/example_local_kubernetes_executor.py took 0.115 seconds
[2025-02-23T15:20:12.385+0000] {processor.py:186} INFO - Started process (PID=1663) to work on /home/airflow/.local/lib/python3.12/site-packages/airflow/example_dags/example_local_kubernetes_executor.py
[2025-02-23T15:20:12.387+0000] {processor.py:914} INFO - Processing file /home/airflow/.local/lib/python3.12/site-packages/airflow/example_dags/example_local_kubernetes_executor.py for tasks to queue
[2025-02-23T15:20:12.392+0000] {logging_mixin.py:190} INFO - [2025-02-23T15:20:12.391+0000] {dagbag.py:588} INFO - Filling up the DagBag from /home/airflow/.local/lib/python3.12/site-packages/airflow/example_dags/example_local_kubernetes_executor.py
[2025-02-23T15:20:12.417+0000] {processor.py:925} INFO - DAG(s) 'example_local_kubernetes_executor' retrieved from /home/airflow/.local/lib/python3.12/site-packages/airflow/example_dags/example_local_kubernetes_executor.py
[2025-02-23T15:20:12.457+0000] {logging_mixin.py:190} INFO - [2025-02-23T15:20:12.457+0000] {dag.py:3239} INFO - Sync 1 DAGs
[2025-02-23T15:20:12.485+0000] {logging_mixin.py:190} INFO - [2025-02-23T15:20:12.485+0000] {dag.py:4180} INFO - Setting next_dagrun for example_local_kubernetes_executor to None, run_after=None
[2025-02-23T15:20:12.524+0000] {processor.py:208} INFO - Processing /home/airflow/.local/lib/python3.12/site-packages/airflow/example_dags/example_local_kubernetes_executor.py took 0.150 seconds
[2025-02-23T15:20:42.772+0000] {processor.py:186} INFO - Started process (PID=1727) to work on /home/airflow/.local/lib/python3.12/site-packages/airflow/example_dags/example_local_kubernetes_executor.py
[2025-02-23T15:20:42.774+0000] {processor.py:914} INFO - Processing file /home/airflow/.local/lib/python3.12/site-packages/airflow/example_dags/example_local_kubernetes_executor.py for tasks to queue
[2025-02-23T15:20:42.778+0000] {logging_mixin.py:190} INFO - [2025-02-23T15:20:42.778+0000] {dagbag.py:588} INFO - Filling up the DagBag from /home/airflow/.local/lib/python3.12/site-packages/airflow/example_dags/example_local_kubernetes_executor.py
[2025-02-23T15:20:42.791+0000] {processor.py:925} INFO - DAG(s) 'example_local_kubernetes_executor' retrieved from /home/airflow/.local/lib/python3.12/site-packages/airflow/example_dags/example_local_kubernetes_executor.py
[2025-02-23T15:20:42.828+0000] {logging_mixin.py:190} INFO - [2025-02-23T15:20:42.827+0000] {dag.py:3239} INFO - Sync 1 DAGs
[2025-02-23T15:20:42.856+0000] {logging_mixin.py:190} INFO - [2025-02-23T15:20:42.855+0000] {dag.py:4180} INFO - Setting next_dagrun for example_local_kubernetes_executor to None, run_after=None
[2025-02-23T15:20:42.894+0000] {processor.py:208} INFO - Processing /home/airflow/.local/lib/python3.12/site-packages/airflow/example_dags/example_local_kubernetes_executor.py took 0.131 seconds
[2025-02-23T15:21:13.918+0000] {processor.py:186} INFO - Started process (PID=1792) to work on /home/airflow/.local/lib/python3.12/site-packages/airflow/example_dags/example_local_kubernetes_executor.py
[2025-02-23T15:21:13.920+0000] {processor.py:914} INFO - Processing file /home/airflow/.local/lib/python3.12/site-packages/airflow/example_dags/example_local_kubernetes_executor.py for tasks to queue
[2025-02-23T15:21:13.924+0000] {logging_mixin.py:190} INFO - [2025-02-23T15:21:13.923+0000] {dagbag.py:588} INFO - Filling up the DagBag from /home/airflow/.local/lib/python3.12/site-packages/airflow/example_dags/example_local_kubernetes_executor.py
[2025-02-23T15:21:13.943+0000] {processor.py:925} INFO - DAG(s) 'example_local_kubernetes_executor' retrieved from /home/airflow/.local/lib/python3.12/site-packages/airflow/example_dags/example_local_kubernetes_executor.py
[2025-02-23T15:21:13.988+0000] {logging_mixin.py:190} INFO - [2025-02-23T15:21:13.988+0000] {dag.py:3239} INFO - Sync 1 DAGs
[2025-02-23T15:21:14.015+0000] {logging_mixin.py:190} INFO - [2025-02-23T15:21:14.015+0000] {dag.py:4180} INFO - Setting next_dagrun for example_local_kubernetes_executor to None, run_after=None
[2025-02-23T15:21:14.054+0000] {processor.py:208} INFO - Processing /home/airflow/.local/lib/python3.12/site-packages/airflow/example_dags/example_local_kubernetes_executor.py took 0.147 seconds
[2025-02-23T15:21:44.151+0000] {processor.py:186} INFO - Started process (PID=1856) to work on /home/airflow/.local/lib/python3.12/site-packages/airflow/example_dags/example_local_kubernetes_executor.py
[2025-02-23T15:21:44.153+0000] {processor.py:914} INFO - Processing file /home/airflow/.local/lib/python3.12/site-packages/airflow/example_dags/example_local_kubernetes_executor.py for tasks to queue
[2025-02-23T15:21:44.156+0000] {logging_mixin.py:190} INFO - [2025-02-23T15:21:44.156+0000] {dagbag.py:588} INFO - Filling up the DagBag from /home/airflow/.local/lib/python3.12/site-packages/airflow/example_dags/example_local_kubernetes_executor.py
[2025-02-23T15:21:44.173+0000] {processor.py:925} INFO - DAG(s) 'example_local_kubernetes_executor' retrieved from /home/airflow/.local/lib/python3.12/site-packages/airflow/example_dags/example_local_kubernetes_executor.py
[2025-02-23T15:21:44.210+0000] {logging_mixin.py:190} INFO - [2025-02-23T15:21:44.209+0000] {dag.py:3239} INFO - Sync 1 DAGs
[2025-02-23T15:21:44.233+0000] {logging_mixin.py:190} INFO - [2025-02-23T15:21:44.233+0000] {dag.py:4180} INFO - Setting next_dagrun for example_local_kubernetes_executor to None, run_after=None
[2025-02-23T15:21:44.268+0000] {processor.py:208} INFO - Processing /home/airflow/.local/lib/python3.12/site-packages/airflow/example_dags/example_local_kubernetes_executor.py took 0.127 seconds
[2025-02-23T15:22:14.598+0000] {processor.py:186} INFO - Started process (PID=1921) to work on /home/airflow/.local/lib/python3.12/site-packages/airflow/example_dags/example_local_kubernetes_executor.py
[2025-02-23T15:22:14.600+0000] {processor.py:914} INFO - Processing file /home/airflow/.local/lib/python3.12/site-packages/airflow/example_dags/example_local_kubernetes_executor.py for tasks to queue
[2025-02-23T15:22:14.604+0000] {logging_mixin.py:190} INFO - [2025-02-23T15:22:14.603+0000] {dagbag.py:588} INFO - Filling up the DagBag from /home/airflow/.local/lib/python3.12/site-packages/airflow/example_dags/example_local_kubernetes_executor.py
[2025-02-23T15:22:14.618+0000] {processor.py:925} INFO - DAG(s) 'example_local_kubernetes_executor' retrieved from /home/airflow/.local/lib/python3.12/site-packages/airflow/example_dags/example_local_kubernetes_executor.py
[2025-02-23T15:22:14.654+0000] {logging_mixin.py:190} INFO - [2025-02-23T15:22:14.654+0000] {dag.py:3239} INFO - Sync 1 DAGs
[2025-02-23T15:22:14.678+0000] {logging_mixin.py:190} INFO - [2025-02-23T15:22:14.678+0000] {dag.py:4180} INFO - Setting next_dagrun for example_local_kubernetes_executor to None, run_after=None
[2025-02-23T15:22:14.711+0000] {processor.py:208} INFO - Processing /home/airflow/.local/lib/python3.12/site-packages/airflow/example_dags/example_local_kubernetes_executor.py took 0.123 seconds
[2025-02-23T15:22:45.124+0000] {processor.py:186} INFO - Started process (PID=1986) to work on /home/airflow/.local/lib/python3.12/site-packages/airflow/example_dags/example_local_kubernetes_executor.py
[2025-02-23T15:22:45.126+0000] {processor.py:914} INFO - Processing file /home/airflow/.local/lib/python3.12/site-packages/airflow/example_dags/example_local_kubernetes_executor.py for tasks to queue
[2025-02-23T15:22:45.131+0000] {logging_mixin.py:190} INFO - [2025-02-23T15:22:45.130+0000] {dagbag.py:588} INFO - Filling up the DagBag from /home/airflow/.local/lib/python3.12/site-packages/airflow/example_dags/example_local_kubernetes_executor.py
[2025-02-23T15:22:45.146+0000] {processor.py:925} INFO - DAG(s) 'example_local_kubernetes_executor' retrieved from /home/airflow/.local/lib/python3.12/site-packages/airflow/example_dags/example_local_kubernetes_executor.py
[2025-02-23T15:22:45.179+0000] {logging_mixin.py:190} INFO - [2025-02-23T15:22:45.179+0000] {dag.py:3239} INFO - Sync 1 DAGs
[2025-02-23T15:22:45.201+0000] {logging_mixin.py:190} INFO - [2025-02-23T15:22:45.201+0000] {dag.py:4180} INFO - Setting next_dagrun for example_local_kubernetes_executor to None, run_after=None
[2025-02-23T15:22:45.239+0000] {processor.py:208} INFO - Processing /home/airflow/.local/lib/python3.12/site-packages/airflow/example_dags/example_local_kubernetes_executor.py took 0.123 seconds
[2025-02-23T15:23:15.358+0000] {processor.py:186} INFO - Started process (PID=2050) to work on /home/airflow/.local/lib/python3.12/site-packages/airflow/example_dags/example_local_kubernetes_executor.py
[2025-02-23T15:23:15.360+0000] {processor.py:914} INFO - Processing file /home/airflow/.local/lib/python3.12/site-packages/airflow/example_dags/example_local_kubernetes_executor.py for tasks to queue
[2025-02-23T15:23:15.365+0000] {logging_mixin.py:190} INFO - [2025-02-23T15:23:15.364+0000] {dagbag.py:588} INFO - Filling up the DagBag from /home/airflow/.local/lib/python3.12/site-packages/airflow/example_dags/example_local_kubernetes_executor.py
[2025-02-23T15:23:15.384+0000] {processor.py:925} INFO - DAG(s) 'example_local_kubernetes_executor' retrieved from /home/airflow/.local/lib/python3.12/site-packages/airflow/example_dags/example_local_kubernetes_executor.py
[2025-02-23T15:23:15.424+0000] {logging_mixin.py:190} INFO - [2025-02-23T15:23:15.423+0000] {dag.py:3239} INFO - Sync 1 DAGs
[2025-02-23T15:23:15.448+0000] {logging_mixin.py:190} INFO - [2025-02-23T15:23:15.448+0000] {dag.py:4180} INFO - Setting next_dagrun for example_local_kubernetes_executor to None, run_after=None
[2025-02-23T15:23:15.491+0000] {processor.py:208} INFO - Processing /home/airflow/.local/lib/python3.12/site-packages/airflow/example_dags/example_local_kubernetes_executor.py took 0.143 seconds
[2025-02-23T15:23:45.767+0000] {processor.py:186} INFO - Started process (PID=2115) to work on /home/airflow/.local/lib/python3.12/site-packages/airflow/example_dags/example_local_kubernetes_executor.py
[2025-02-23T15:23:45.770+0000] {processor.py:914} INFO - Processing file /home/airflow/.local/lib/python3.12/site-packages/airflow/example_dags/example_local_kubernetes_executor.py for tasks to queue
[2025-02-23T15:23:45.774+0000] {logging_mixin.py:190} INFO - [2025-02-23T15:23:45.774+0000] {dagbag.py:588} INFO - Filling up the DagBag from /home/airflow/.local/lib/python3.12/site-packages/airflow/example_dags/example_local_kubernetes_executor.py
[2025-02-23T15:23:45.793+0000] {processor.py:925} INFO - DAG(s) 'example_local_kubernetes_executor' retrieved from /home/airflow/.local/lib/python3.12/site-packages/airflow/example_dags/example_local_kubernetes_executor.py
[2025-02-23T15:23:45.827+0000] {logging_mixin.py:190} INFO - [2025-02-23T15:23:45.827+0000] {dag.py:3239} INFO - Sync 1 DAGs
[2025-02-23T15:23:45.848+0000] {logging_mixin.py:190} INFO - [2025-02-23T15:23:45.848+0000] {dag.py:4180} INFO - Setting next_dagrun for example_local_kubernetes_executor to None, run_after=None
[2025-02-23T15:23:45.882+0000] {processor.py:208} INFO - Processing /home/airflow/.local/lib/python3.12/site-packages/airflow/example_dags/example_local_kubernetes_executor.py took 0.123 seconds
[2025-02-23T15:24:16.206+0000] {processor.py:186} INFO - Started process (PID=2180) to work on /home/airflow/.local/lib/python3.12/site-packages/airflow/example_dags/example_local_kubernetes_executor.py
[2025-02-23T15:24:16.208+0000] {processor.py:914} INFO - Processing file /home/airflow/.local/lib/python3.12/site-packages/airflow/example_dags/example_local_kubernetes_executor.py for tasks to queue
[2025-02-23T15:24:16.212+0000] {logging_mixin.py:190} INFO - [2025-02-23T15:24:16.211+0000] {dagbag.py:588} INFO - Filling up the DagBag from /home/airflow/.local/lib/python3.12/site-packages/airflow/example_dags/example_local_kubernetes_executor.py
[2025-02-23T15:24:16.229+0000] {processor.py:925} INFO - DAG(s) 'example_local_kubernetes_executor' retrieved from /home/airflow/.local/lib/python3.12/site-packages/airflow/example_dags/example_local_kubernetes_executor.py
[2025-02-23T15:24:16.272+0000] {logging_mixin.py:190} INFO - [2025-02-23T15:24:16.271+0000] {dag.py:3239} INFO - Sync 1 DAGs
[2025-02-23T15:24:16.294+0000] {logging_mixin.py:190} INFO - [2025-02-23T15:24:16.294+0000] {dag.py:4180} INFO - Setting next_dagrun for example_local_kubernetes_executor to None, run_after=None
[2025-02-23T15:24:16.332+0000] {processor.py:208} INFO - Processing /home/airflow/.local/lib/python3.12/site-packages/airflow/example_dags/example_local_kubernetes_executor.py took 0.136 seconds
[2025-02-23T15:24:47.004+0000] {processor.py:186} INFO - Started process (PID=2245) to work on /home/airflow/.local/lib/python3.12/site-packages/airflow/example_dags/example_local_kubernetes_executor.py
[2025-02-23T15:24:47.006+0000] {processor.py:914} INFO - Processing file /home/airflow/.local/lib/python3.12/site-packages/airflow/example_dags/example_local_kubernetes_executor.py for tasks to queue
[2025-02-23T15:24:47.010+0000] {logging_mixin.py:190} INFO - [2025-02-23T15:24:47.009+0000] {dagbag.py:588} INFO - Filling up the DagBag from /home/airflow/.local/lib/python3.12/site-packages/airflow/example_dags/example_local_kubernetes_executor.py
[2025-02-23T15:24:47.025+0000] {processor.py:925} INFO - DAG(s) 'example_local_kubernetes_executor' retrieved from /home/airflow/.local/lib/python3.12/site-packages/airflow/example_dags/example_local_kubernetes_executor.py
[2025-02-23T15:24:47.057+0000] {logging_mixin.py:190} INFO - [2025-02-23T15:24:47.057+0000] {dag.py:3239} INFO - Sync 1 DAGs
[2025-02-23T15:24:47.079+0000] {logging_mixin.py:190} INFO - [2025-02-23T15:24:47.079+0000] {dag.py:4180} INFO - Setting next_dagrun for example_local_kubernetes_executor to None, run_after=None
[2025-02-23T15:24:47.113+0000] {processor.py:208} INFO - Processing /home/airflow/.local/lib/python3.12/site-packages/airflow/example_dags/example_local_kubernetes_executor.py took 0.116 seconds
[2025-02-23T15:25:17.277+0000] {processor.py:186} INFO - Started process (PID=2310) to work on /home/airflow/.local/lib/python3.12/site-packages/airflow/example_dags/example_local_kubernetes_executor.py
[2025-02-23T15:25:17.279+0000] {processor.py:914} INFO - Processing file /home/airflow/.local/lib/python3.12/site-packages/airflow/example_dags/example_local_kubernetes_executor.py for tasks to queue
[2025-02-23T15:25:17.283+0000] {logging_mixin.py:190} INFO - [2025-02-23T15:25:17.282+0000] {dagbag.py:588} INFO - Filling up the DagBag from /home/airflow/.local/lib/python3.12/site-packages/airflow/example_dags/example_local_kubernetes_executor.py
[2025-02-23T15:25:17.302+0000] {processor.py:925} INFO - DAG(s) 'example_local_kubernetes_executor' retrieved from /home/airflow/.local/lib/python3.12/site-packages/airflow/example_dags/example_local_kubernetes_executor.py
[2025-02-23T15:25:17.336+0000] {logging_mixin.py:190} INFO - [2025-02-23T15:25:17.336+0000] {dag.py:3239} INFO - Sync 1 DAGs
[2025-02-23T15:25:17.363+0000] {logging_mixin.py:190} INFO - [2025-02-23T15:25:17.363+0000] {dag.py:4180} INFO - Setting next_dagrun for example_local_kubernetes_executor to None, run_after=None
[2025-02-23T15:25:17.401+0000] {processor.py:208} INFO - Processing /home/airflow/.local/lib/python3.12/site-packages/airflow/example_dags/example_local_kubernetes_executor.py took 0.133 seconds
[2025-02-23T15:25:47.783+0000] {processor.py:186} INFO - Started process (PID=2375) to work on /home/airflow/.local/lib/python3.12/site-packages/airflow/example_dags/example_local_kubernetes_executor.py
[2025-02-23T15:25:47.785+0000] {processor.py:914} INFO - Processing file /home/airflow/.local/lib/python3.12/site-packages/airflow/example_dags/example_local_kubernetes_executor.py for tasks to queue
[2025-02-23T15:25:47.789+0000] {logging_mixin.py:190} INFO - [2025-02-23T15:25:47.788+0000] {dagbag.py:588} INFO - Filling up the DagBag from /home/airflow/.local/lib/python3.12/site-packages/airflow/example_dags/example_local_kubernetes_executor.py
[2025-02-23T15:25:47.806+0000] {processor.py:925} INFO - DAG(s) 'example_local_kubernetes_executor' retrieved from /home/airflow/.local/lib/python3.12/site-packages/airflow/example_dags/example_local_kubernetes_executor.py
[2025-02-23T15:25:47.854+0000] {logging_mixin.py:190} INFO - [2025-02-23T15:25:47.853+0000] {dag.py:3239} INFO - Sync 1 DAGs
[2025-02-23T15:25:47.880+0000] {logging_mixin.py:190} INFO - [2025-02-23T15:25:47.880+0000] {dag.py:4180} INFO - Setting next_dagrun for example_local_kubernetes_executor to None, run_after=None
[2025-02-23T15:25:47.924+0000] {processor.py:208} INFO - Processing /home/airflow/.local/lib/python3.12/site-packages/airflow/example_dags/example_local_kubernetes_executor.py took 0.147 seconds
[2025-02-23T15:26:18.260+0000] {processor.py:186} INFO - Started process (PID=2440) to work on /home/airflow/.local/lib/python3.12/site-packages/airflow/example_dags/example_local_kubernetes_executor.py
[2025-02-23T15:26:18.262+0000] {processor.py:914} INFO - Processing file /home/airflow/.local/lib/python3.12/site-packages/airflow/example_dags/example_local_kubernetes_executor.py for tasks to queue
[2025-02-23T15:26:18.265+0000] {logging_mixin.py:190} INFO - [2025-02-23T15:26:18.265+0000] {dagbag.py:588} INFO - Filling up the DagBag from /home/airflow/.local/lib/python3.12/site-packages/airflow/example_dags/example_local_kubernetes_executor.py
[2025-02-23T15:26:18.282+0000] {processor.py:925} INFO - DAG(s) 'example_local_kubernetes_executor' retrieved from /home/airflow/.local/lib/python3.12/site-packages/airflow/example_dags/example_local_kubernetes_executor.py
[2025-02-23T15:26:18.314+0000] {logging_mixin.py:190} INFO - [2025-02-23T15:26:18.314+0000] {dag.py:3239} INFO - Sync 1 DAGs
[2025-02-23T15:26:18.336+0000] {logging_mixin.py:190} INFO - [2025-02-23T15:26:18.335+0000] {dag.py:4180} INFO - Setting next_dagrun for example_local_kubernetes_executor to None, run_after=None
[2025-02-23T15:26:18.369+0000] {processor.py:208} INFO - Processing /home/airflow/.local/lib/python3.12/site-packages/airflow/example_dags/example_local_kubernetes_executor.py took 0.117 seconds
[2025-02-23T15:26:48.954+0000] {processor.py:186} INFO - Started process (PID=2505) to work on /home/airflow/.local/lib/python3.12/site-packages/airflow/example_dags/example_local_kubernetes_executor.py
[2025-02-23T15:26:48.957+0000] {processor.py:914} INFO - Processing file /home/airflow/.local/lib/python3.12/site-packages/airflow/example_dags/example_local_kubernetes_executor.py for tasks to queue
[2025-02-23T15:26:48.961+0000] {logging_mixin.py:190} INFO - [2025-02-23T15:26:48.960+0000] {dagbag.py:588} INFO - Filling up the DagBag from /home/airflow/.local/lib/python3.12/site-packages/airflow/example_dags/example_local_kubernetes_executor.py
[2025-02-23T15:26:48.977+0000] {processor.py:925} INFO - DAG(s) 'example_local_kubernetes_executor' retrieved from /home/airflow/.local/lib/python3.12/site-packages/airflow/example_dags/example_local_kubernetes_executor.py
[2025-02-23T15:26:49.012+0000] {logging_mixin.py:190} INFO - [2025-02-23T15:26:49.011+0000] {dag.py:3239} INFO - Sync 1 DAGs
[2025-02-23T15:26:49.038+0000] {logging_mixin.py:190} INFO - [2025-02-23T15:26:49.037+0000] {dag.py:4180} INFO - Setting next_dagrun for example_local_kubernetes_executor to None, run_after=None
[2025-02-23T15:26:49.071+0000] {processor.py:208} INFO - Processing /home/airflow/.local/lib/python3.12/site-packages/airflow/example_dags/example_local_kubernetes_executor.py took 0.124 seconds
[2025-02-23T15:27:19.385+0000] {processor.py:186} INFO - Started process (PID=2570) to work on /home/airflow/.local/lib/python3.12/site-packages/airflow/example_dags/example_local_kubernetes_executor.py
[2025-02-23T15:27:19.388+0000] {processor.py:914} INFO - Processing file /home/airflow/.local/lib/python3.12/site-packages/airflow/example_dags/example_local_kubernetes_executor.py for tasks to queue
[2025-02-23T15:27:19.398+0000] {logging_mixin.py:190} INFO - [2025-02-23T15:27:19.397+0000] {dagbag.py:588} INFO - Filling up the DagBag from /home/airflow/.local/lib/python3.12/site-packages/airflow/example_dags/example_local_kubernetes_executor.py
[2025-02-23T15:27:19.436+0000] {processor.py:925} INFO - DAG(s) 'example_local_kubernetes_executor' retrieved from /home/airflow/.local/lib/python3.12/site-packages/airflow/example_dags/example_local_kubernetes_executor.py
[2025-02-23T15:27:19.484+0000] {logging_mixin.py:190} INFO - [2025-02-23T15:27:19.483+0000] {dag.py:3239} INFO - Sync 1 DAGs
[2025-02-23T15:27:19.509+0000] {logging_mixin.py:190} INFO - [2025-02-23T15:27:19.508+0000] {dag.py:4180} INFO - Setting next_dagrun for example_local_kubernetes_executor to None, run_after=None
[2025-02-23T15:27:19.548+0000] {processor.py:208} INFO - Processing /home/airflow/.local/lib/python3.12/site-packages/airflow/example_dags/example_local_kubernetes_executor.py took 0.181 seconds
[2025-02-23T15:27:50.275+0000] {processor.py:186} INFO - Started process (PID=2636) to work on /home/airflow/.local/lib/python3.12/site-packages/airflow/example_dags/example_local_kubernetes_executor.py
[2025-02-23T15:27:50.277+0000] {processor.py:914} INFO - Processing file /home/airflow/.local/lib/python3.12/site-packages/airflow/example_dags/example_local_kubernetes_executor.py for tasks to queue
[2025-02-23T15:27:50.280+0000] {logging_mixin.py:190} INFO - [2025-02-23T15:27:50.280+0000] {dagbag.py:588} INFO - Filling up the DagBag from /home/airflow/.local/lib/python3.12/site-packages/airflow/example_dags/example_local_kubernetes_executor.py
[2025-02-23T15:27:50.295+0000] {processor.py:925} INFO - DAG(s) 'example_local_kubernetes_executor' retrieved from /home/airflow/.local/lib/python3.12/site-packages/airflow/example_dags/example_local_kubernetes_executor.py
[2025-02-23T15:27:50.330+0000] {logging_mixin.py:190} INFO - [2025-02-23T15:27:50.330+0000] {dag.py:3239} INFO - Sync 1 DAGs
[2025-02-23T15:27:50.351+0000] {logging_mixin.py:190} INFO - [2025-02-23T15:27:50.351+0000] {dag.py:4180} INFO - Setting next_dagrun for example_local_kubernetes_executor to None, run_after=None
[2025-02-23T15:27:50.393+0000] {processor.py:208} INFO - Processing /home/airflow/.local/lib/python3.12/site-packages/airflow/example_dags/example_local_kubernetes_executor.py took 0.126 seconds
[2025-02-23T15:28:20.833+0000] {processor.py:186} INFO - Started process (PID=2702) to work on /home/airflow/.local/lib/python3.12/site-packages/airflow/example_dags/example_local_kubernetes_executor.py
[2025-02-23T15:28:20.835+0000] {processor.py:914} INFO - Processing file /home/airflow/.local/lib/python3.12/site-packages/airflow/example_dags/example_local_kubernetes_executor.py for tasks to queue
[2025-02-23T15:28:20.839+0000] {logging_mixin.py:190} INFO - [2025-02-23T15:28:20.838+0000] {dagbag.py:588} INFO - Filling up the DagBag from /home/airflow/.local/lib/python3.12/site-packages/airflow/example_dags/example_local_kubernetes_executor.py
[2025-02-23T15:28:20.855+0000] {processor.py:925} INFO - DAG(s) 'example_local_kubernetes_executor' retrieved from /home/airflow/.local/lib/python3.12/site-packages/airflow/example_dags/example_local_kubernetes_executor.py
[2025-02-23T15:28:20.889+0000] {logging_mixin.py:190} INFO - [2025-02-23T15:28:20.888+0000] {dag.py:3239} INFO - Sync 1 DAGs
[2025-02-23T15:28:20.912+0000] {logging_mixin.py:190} INFO - [2025-02-23T15:28:20.911+0000] {dag.py:4180} INFO - Setting next_dagrun for example_local_kubernetes_executor to None, run_after=None
[2025-02-23T15:28:20.943+0000] {processor.py:208} INFO - Processing /home/airflow/.local/lib/python3.12/site-packages/airflow/example_dags/example_local_kubernetes_executor.py took 0.121 seconds
[2025-02-23T15:28:52.788+0000] {processor.py:186} INFO - Started process (PID=2767) to work on /home/airflow/.local/lib/python3.12/site-packages/airflow/example_dags/example_local_kubernetes_executor.py
[2025-02-23T15:28:52.791+0000] {processor.py:914} INFO - Processing file /home/airflow/.local/lib/python3.12/site-packages/airflow/example_dags/example_local_kubernetes_executor.py for tasks to queue
[2025-02-23T15:28:52.795+0000] {logging_mixin.py:190} INFO - [2025-02-23T15:28:52.795+0000] {dagbag.py:588} INFO - Filling up the DagBag from /home/airflow/.local/lib/python3.12/site-packages/airflow/example_dags/example_local_kubernetes_executor.py
[2025-02-23T15:28:52.819+0000] {processor.py:925} INFO - DAG(s) 'example_local_kubernetes_executor' retrieved from /home/airflow/.local/lib/python3.12/site-packages/airflow/example_dags/example_local_kubernetes_executor.py
[2025-02-23T15:28:52.871+0000] {logging_mixin.py:190} INFO - [2025-02-23T15:28:52.870+0000] {dag.py:3239} INFO - Sync 1 DAGs
[2025-02-23T15:28:52.892+0000] {logging_mixin.py:190} INFO - [2025-02-23T15:28:52.891+0000] {dag.py:4180} INFO - Setting next_dagrun for example_local_kubernetes_executor to None, run_after=None
[2025-02-23T15:28:52.927+0000] {processor.py:208} INFO - Processing /home/airflow/.local/lib/python3.12/site-packages/airflow/example_dags/example_local_kubernetes_executor.py took 0.148 seconds
