[2025-03-16T02:42:12.106+0000] {processor.py:186} INFO - Started process (PID=71) to work on /home/airflow/.local/lib/python3.12/site-packages/airflow/example_dags/example_complex.py
[2025-03-16T02:42:12.108+0000] {processor.py:914} INFO - Processing file /home/airflow/.local/lib/python3.12/site-packages/airflow/example_dags/example_complex.py for tasks to queue
[2025-03-16T02:42:12.116+0000] {logging_mixin.py:190} INFO - [2025-03-16T02:42:12.112+0000] {dagbag.py:588} INFO - Filling up the DagBag from /home/airflow/.local/lib/python3.12/site-packages/airflow/example_dags/example_complex.py
[2025-03-16T02:42:12.157+0000] {processor.py:925} INFO - DAG(s) 'example_complex' retrieved from /home/airflow/.local/lib/python3.12/site-packages/airflow/example_dags/example_complex.py
[2025-03-16T02:42:12.252+0000] {logging_mixin.py:190} INFO - [2025-03-16T02:42:12.251+0000] {dag.py:3239} INFO - Sync 1 DAGs
[2025-03-16T02:42:12.301+0000] {logging_mixin.py:190} INFO - [2025-03-16T02:42:12.301+0000] {dag.py:4180} INFO - Setting next_dagrun for example_complex to None, run_after=None
[2025-03-16T02:42:12.377+0000] {processor.py:208} INFO - Processing /home/airflow/.local/lib/python3.12/site-packages/airflow/example_dags/example_complex.py took 0.282 seconds
[2025-03-16T02:42:43.222+0000] {processor.py:186} INFO - Started process (PID=136) to work on /home/airflow/.local/lib/python3.12/site-packages/airflow/example_dags/example_complex.py
[2025-03-16T02:42:43.223+0000] {processor.py:914} INFO - Processing file /home/airflow/.local/lib/python3.12/site-packages/airflow/example_dags/example_complex.py for tasks to queue
[2025-03-16T02:42:43.227+0000] {logging_mixin.py:190} INFO - [2025-03-16T02:42:43.226+0000] {dagbag.py:588} INFO - Filling up the DagBag from /home/airflow/.local/lib/python3.12/site-packages/airflow/example_dags/example_complex.py
[2025-03-16T02:42:43.247+0000] {processor.py:925} INFO - DAG(s) 'example_complex' retrieved from /home/airflow/.local/lib/python3.12/site-packages/airflow/example_dags/example_complex.py
[2025-03-16T02:42:43.298+0000] {logging_mixin.py:190} INFO - [2025-03-16T02:42:43.298+0000] {dag.py:3239} INFO - Sync 1 DAGs
[2025-03-16T02:42:43.324+0000] {logging_mixin.py:190} INFO - [2025-03-16T02:42:43.324+0000] {dag.py:4180} INFO - Setting next_dagrun for example_complex to None, run_after=None
[2025-03-16T02:42:43.357+0000] {processor.py:208} INFO - Processing /home/airflow/.local/lib/python3.12/site-packages/airflow/example_dags/example_complex.py took 0.143 seconds
[2025-03-16T02:43:13.495+0000] {processor.py:186} INFO - Started process (PID=200) to work on /home/airflow/.local/lib/python3.12/site-packages/airflow/example_dags/example_complex.py
[2025-03-16T02:43:13.497+0000] {processor.py:914} INFO - Processing file /home/airflow/.local/lib/python3.12/site-packages/airflow/example_dags/example_complex.py for tasks to queue
[2025-03-16T02:43:13.504+0000] {logging_mixin.py:190} INFO - [2025-03-16T02:43:13.502+0000] {dagbag.py:588} INFO - Filling up the DagBag from /home/airflow/.local/lib/python3.12/site-packages/airflow/example_dags/example_complex.py
[2025-03-16T02:43:13.532+0000] {processor.py:925} INFO - DAG(s) 'example_complex' retrieved from /home/airflow/.local/lib/python3.12/site-packages/airflow/example_dags/example_complex.py
[2025-03-16T02:43:13.582+0000] {logging_mixin.py:190} INFO - [2025-03-16T02:43:13.581+0000] {dag.py:3239} INFO - Sync 1 DAGs
[2025-03-16T02:43:13.602+0000] {logging_mixin.py:190} INFO - [2025-03-16T02:43:13.602+0000] {dag.py:4180} INFO - Setting next_dagrun for example_complex to None, run_after=None
[2025-03-16T02:43:13.637+0000] {processor.py:208} INFO - Processing /home/airflow/.local/lib/python3.12/site-packages/airflow/example_dags/example_complex.py took 0.162 seconds
[2025-03-16T02:43:44.011+0000] {processor.py:186} INFO - Started process (PID=265) to work on /home/airflow/.local/lib/python3.12/site-packages/airflow/example_dags/example_complex.py
[2025-03-16T02:43:44.013+0000] {processor.py:914} INFO - Processing file /home/airflow/.local/lib/python3.12/site-packages/airflow/example_dags/example_complex.py for tasks to queue
[2025-03-16T02:43:44.017+0000] {logging_mixin.py:190} INFO - [2025-03-16T02:43:44.017+0000] {dagbag.py:588} INFO - Filling up the DagBag from /home/airflow/.local/lib/python3.12/site-packages/airflow/example_dags/example_complex.py
[2025-03-16T02:43:44.044+0000] {processor.py:925} INFO - DAG(s) 'example_complex' retrieved from /home/airflow/.local/lib/python3.12/site-packages/airflow/example_dags/example_complex.py
[2025-03-16T02:43:44.142+0000] {logging_mixin.py:190} INFO - [2025-03-16T02:43:44.141+0000] {dag.py:3239} INFO - Sync 1 DAGs
[2025-03-16T02:43:44.163+0000] {logging_mixin.py:190} INFO - [2025-03-16T02:43:44.163+0000] {dag.py:4180} INFO - Setting next_dagrun for example_complex to None, run_after=None
[2025-03-16T02:43:44.196+0000] {processor.py:208} INFO - Processing /home/airflow/.local/lib/python3.12/site-packages/airflow/example_dags/example_complex.py took 0.194 seconds
[2025-03-16T02:44:15.389+0000] {processor.py:186} INFO - Started process (PID=332) to work on /home/airflow/.local/lib/python3.12/site-packages/airflow/example_dags/example_complex.py
[2025-03-16T02:44:15.392+0000] {processor.py:914} INFO - Processing file /home/airflow/.local/lib/python3.12/site-packages/airflow/example_dags/example_complex.py for tasks to queue
[2025-03-16T02:44:15.398+0000] {logging_mixin.py:190} INFO - [2025-03-16T02:44:15.397+0000] {dagbag.py:588} INFO - Filling up the DagBag from /home/airflow/.local/lib/python3.12/site-packages/airflow/example_dags/example_complex.py
[2025-03-16T02:44:15.423+0000] {processor.py:925} INFO - DAG(s) 'example_complex' retrieved from /home/airflow/.local/lib/python3.12/site-packages/airflow/example_dags/example_complex.py
[2025-03-16T02:44:15.555+0000] {logging_mixin.py:190} INFO - [2025-03-16T02:44:15.554+0000] {dag.py:3239} INFO - Sync 1 DAGs
[2025-03-16T02:44:15.611+0000] {logging_mixin.py:190} INFO - [2025-03-16T02:44:15.611+0000] {dag.py:4180} INFO - Setting next_dagrun for example_complex to None, run_after=None
[2025-03-16T02:44:15.667+0000] {processor.py:208} INFO - Processing /home/airflow/.local/lib/python3.12/site-packages/airflow/example_dags/example_complex.py took 0.287 seconds
[2025-03-16T02:44:46.483+0000] {processor.py:186} INFO - Started process (PID=396) to work on /home/airflow/.local/lib/python3.12/site-packages/airflow/example_dags/example_complex.py
[2025-03-16T02:44:46.485+0000] {processor.py:914} INFO - Processing file /home/airflow/.local/lib/python3.12/site-packages/airflow/example_dags/example_complex.py for tasks to queue
[2025-03-16T02:44:46.488+0000] {logging_mixin.py:190} INFO - [2025-03-16T02:44:46.488+0000] {dagbag.py:588} INFO - Filling up the DagBag from /home/airflow/.local/lib/python3.12/site-packages/airflow/example_dags/example_complex.py
[2025-03-16T02:44:46.512+0000] {processor.py:925} INFO - DAG(s) 'example_complex' retrieved from /home/airflow/.local/lib/python3.12/site-packages/airflow/example_dags/example_complex.py
[2025-03-16T02:44:46.563+0000] {logging_mixin.py:190} INFO - [2025-03-16T02:44:46.562+0000] {dag.py:3239} INFO - Sync 1 DAGs
[2025-03-16T02:44:46.584+0000] {logging_mixin.py:190} INFO - [2025-03-16T02:44:46.584+0000] {dag.py:4180} INFO - Setting next_dagrun for example_complex to None, run_after=None
[2025-03-16T02:44:46.637+0000] {processor.py:208} INFO - Processing /home/airflow/.local/lib/python3.12/site-packages/airflow/example_dags/example_complex.py took 0.163 seconds
[2025-03-16T02:45:16.846+0000] {processor.py:186} INFO - Started process (PID=460) to work on /home/airflow/.local/lib/python3.12/site-packages/airflow/example_dags/example_complex.py
[2025-03-16T02:45:16.848+0000] {processor.py:914} INFO - Processing file /home/airflow/.local/lib/python3.12/site-packages/airflow/example_dags/example_complex.py for tasks to queue
[2025-03-16T02:45:16.851+0000] {logging_mixin.py:190} INFO - [2025-03-16T02:45:16.851+0000] {dagbag.py:588} INFO - Filling up the DagBag from /home/airflow/.local/lib/python3.12/site-packages/airflow/example_dags/example_complex.py
[2025-03-16T02:45:16.867+0000] {processor.py:925} INFO - DAG(s) 'example_complex' retrieved from /home/airflow/.local/lib/python3.12/site-packages/airflow/example_dags/example_complex.py
[2025-03-16T02:45:16.914+0000] {logging_mixin.py:190} INFO - [2025-03-16T02:45:16.913+0000] {dag.py:3239} INFO - Sync 1 DAGs
[2025-03-16T02:45:16.933+0000] {logging_mixin.py:190} INFO - [2025-03-16T02:45:16.933+0000] {dag.py:4180} INFO - Setting next_dagrun for example_complex to None, run_after=None
[2025-03-16T02:45:16.970+0000] {processor.py:208} INFO - Processing /home/airflow/.local/lib/python3.12/site-packages/airflow/example_dags/example_complex.py took 0.134 seconds
[2025-03-16T02:45:47.284+0000] {processor.py:186} INFO - Started process (PID=525) to work on /home/airflow/.local/lib/python3.12/site-packages/airflow/example_dags/example_complex.py
[2025-03-16T02:45:47.286+0000] {processor.py:914} INFO - Processing file /home/airflow/.local/lib/python3.12/site-packages/airflow/example_dags/example_complex.py for tasks to queue
[2025-03-16T02:45:47.290+0000] {logging_mixin.py:190} INFO - [2025-03-16T02:45:47.289+0000] {dagbag.py:588} INFO - Filling up the DagBag from /home/airflow/.local/lib/python3.12/site-packages/airflow/example_dags/example_complex.py
[2025-03-16T02:45:47.314+0000] {processor.py:925} INFO - DAG(s) 'example_complex' retrieved from /home/airflow/.local/lib/python3.12/site-packages/airflow/example_dags/example_complex.py
[2025-03-16T02:45:47.379+0000] {logging_mixin.py:190} INFO - [2025-03-16T02:45:47.379+0000] {dag.py:3239} INFO - Sync 1 DAGs
[2025-03-16T02:45:47.417+0000] {logging_mixin.py:190} INFO - [2025-03-16T02:45:47.416+0000] {dag.py:4180} INFO - Setting next_dagrun for example_complex to None, run_after=None
[2025-03-16T02:45:47.457+0000] {processor.py:208} INFO - Processing /home/airflow/.local/lib/python3.12/site-packages/airflow/example_dags/example_complex.py took 0.182 seconds
[2025-03-16T02:46:18.365+0000] {processor.py:186} INFO - Started process (PID=591) to work on /home/airflow/.local/lib/python3.12/site-packages/airflow/example_dags/example_complex.py
[2025-03-16T02:46:18.367+0000] {processor.py:914} INFO - Processing file /home/airflow/.local/lib/python3.12/site-packages/airflow/example_dags/example_complex.py for tasks to queue
[2025-03-16T02:46:18.373+0000] {logging_mixin.py:190} INFO - [2025-03-16T02:46:18.372+0000] {dagbag.py:588} INFO - Filling up the DagBag from /home/airflow/.local/lib/python3.12/site-packages/airflow/example_dags/example_complex.py
[2025-03-16T02:46:18.392+0000] {processor.py:925} INFO - DAG(s) 'example_complex' retrieved from /home/airflow/.local/lib/python3.12/site-packages/airflow/example_dags/example_complex.py
[2025-03-16T02:46:18.439+0000] {logging_mixin.py:190} INFO - [2025-03-16T02:46:18.438+0000] {dag.py:3239} INFO - Sync 1 DAGs
[2025-03-16T02:46:18.461+0000] {logging_mixin.py:190} INFO - [2025-03-16T02:46:18.461+0000] {dag.py:4180} INFO - Setting next_dagrun for example_complex to None, run_after=None
[2025-03-16T02:46:18.500+0000] {processor.py:208} INFO - Processing /home/airflow/.local/lib/python3.12/site-packages/airflow/example_dags/example_complex.py took 0.145 seconds
[2025-03-16T02:46:48.597+0000] {processor.py:186} INFO - Started process (PID=655) to work on /home/airflow/.local/lib/python3.12/site-packages/airflow/example_dags/example_complex.py
[2025-03-16T02:46:48.599+0000] {processor.py:914} INFO - Processing file /home/airflow/.local/lib/python3.12/site-packages/airflow/example_dags/example_complex.py for tasks to queue
[2025-03-16T02:46:48.603+0000] {logging_mixin.py:190} INFO - [2025-03-16T02:46:48.602+0000] {dagbag.py:588} INFO - Filling up the DagBag from /home/airflow/.local/lib/python3.12/site-packages/airflow/example_dags/example_complex.py
[2025-03-16T02:46:48.619+0000] {processor.py:925} INFO - DAG(s) 'example_complex' retrieved from /home/airflow/.local/lib/python3.12/site-packages/airflow/example_dags/example_complex.py
[2025-03-16T02:46:48.661+0000] {logging_mixin.py:190} INFO - [2025-03-16T02:46:48.661+0000] {dag.py:3239} INFO - Sync 1 DAGs
[2025-03-16T02:46:48.682+0000] {logging_mixin.py:190} INFO - [2025-03-16T02:46:48.681+0000] {dag.py:4180} INFO - Setting next_dagrun for example_complex to None, run_after=None
[2025-03-16T02:46:48.730+0000] {processor.py:208} INFO - Processing /home/airflow/.local/lib/python3.12/site-packages/airflow/example_dags/example_complex.py took 0.142 seconds
[2025-03-16T02:47:19.012+0000] {processor.py:186} INFO - Started process (PID=720) to work on /home/airflow/.local/lib/python3.12/site-packages/airflow/example_dags/example_complex.py
[2025-03-16T02:47:19.013+0000] {processor.py:914} INFO - Processing file /home/airflow/.local/lib/python3.12/site-packages/airflow/example_dags/example_complex.py for tasks to queue
[2025-03-16T02:47:19.017+0000] {logging_mixin.py:190} INFO - [2025-03-16T02:47:19.016+0000] {dagbag.py:588} INFO - Filling up the DagBag from /home/airflow/.local/lib/python3.12/site-packages/airflow/example_dags/example_complex.py
[2025-03-16T02:47:19.032+0000] {processor.py:925} INFO - DAG(s) 'example_complex' retrieved from /home/airflow/.local/lib/python3.12/site-packages/airflow/example_dags/example_complex.py
[2025-03-16T02:47:19.082+0000] {logging_mixin.py:190} INFO - [2025-03-16T02:47:19.082+0000] {dag.py:3239} INFO - Sync 1 DAGs
[2025-03-16T02:47:19.103+0000] {logging_mixin.py:190} INFO - [2025-03-16T02:47:19.102+0000] {dag.py:4180} INFO - Setting next_dagrun for example_complex to None, run_after=None
[2025-03-16T02:47:19.133+0000] {processor.py:208} INFO - Processing /home/airflow/.local/lib/python3.12/site-packages/airflow/example_dags/example_complex.py took 0.129 seconds
[2025-03-16T02:47:49.309+0000] {processor.py:186} INFO - Started process (PID=785) to work on /home/airflow/.local/lib/python3.12/site-packages/airflow/example_dags/example_complex.py
[2025-03-16T02:47:49.311+0000] {processor.py:914} INFO - Processing file /home/airflow/.local/lib/python3.12/site-packages/airflow/example_dags/example_complex.py for tasks to queue
[2025-03-16T02:47:49.315+0000] {logging_mixin.py:190} INFO - [2025-03-16T02:47:49.315+0000] {dagbag.py:588} INFO - Filling up the DagBag from /home/airflow/.local/lib/python3.12/site-packages/airflow/example_dags/example_complex.py
[2025-03-16T02:47:49.332+0000] {processor.py:925} INFO - DAG(s) 'example_complex' retrieved from /home/airflow/.local/lib/python3.12/site-packages/airflow/example_dags/example_complex.py
[2025-03-16T02:47:49.386+0000] {logging_mixin.py:190} INFO - [2025-03-16T02:47:49.386+0000] {dag.py:3239} INFO - Sync 1 DAGs
[2025-03-16T02:47:49.416+0000] {logging_mixin.py:190} INFO - [2025-03-16T02:47:49.416+0000] {dag.py:4180} INFO - Setting next_dagrun for example_complex to None, run_after=None
[2025-03-16T02:47:49.466+0000] {processor.py:208} INFO - Processing /home/airflow/.local/lib/python3.12/site-packages/airflow/example_dags/example_complex.py took 0.167 seconds
[2025-03-16T02:48:19.656+0000] {processor.py:186} INFO - Started process (PID=850) to work on /home/airflow/.local/lib/python3.12/site-packages/airflow/example_dags/example_complex.py
[2025-03-16T02:48:19.658+0000] {processor.py:914} INFO - Processing file /home/airflow/.local/lib/python3.12/site-packages/airflow/example_dags/example_complex.py for tasks to queue
[2025-03-16T02:48:19.662+0000] {logging_mixin.py:190} INFO - [2025-03-16T02:48:19.661+0000] {dagbag.py:588} INFO - Filling up the DagBag from /home/airflow/.local/lib/python3.12/site-packages/airflow/example_dags/example_complex.py
[2025-03-16T02:48:19.707+0000] {processor.py:925} INFO - DAG(s) 'example_complex' retrieved from /home/airflow/.local/lib/python3.12/site-packages/airflow/example_dags/example_complex.py
[2025-03-16T02:48:19.765+0000] {logging_mixin.py:190} INFO - [2025-03-16T02:48:19.765+0000] {dag.py:3239} INFO - Sync 1 DAGs
[2025-03-16T02:48:19.787+0000] {logging_mixin.py:190} INFO - [2025-03-16T02:48:19.786+0000] {dag.py:4180} INFO - Setting next_dagrun for example_complex to None, run_after=None
[2025-03-16T02:48:19.827+0000] {processor.py:208} INFO - Processing /home/airflow/.local/lib/python3.12/site-packages/airflow/example_dags/example_complex.py took 0.181 seconds
[2025-03-16T02:48:50.440+0000] {processor.py:186} INFO - Started process (PID=914) to work on /home/airflow/.local/lib/python3.12/site-packages/airflow/example_dags/example_complex.py
[2025-03-16T02:48:50.442+0000] {processor.py:914} INFO - Processing file /home/airflow/.local/lib/python3.12/site-packages/airflow/example_dags/example_complex.py for tasks to queue
[2025-03-16T02:48:50.445+0000] {logging_mixin.py:190} INFO - [2025-03-16T02:48:50.445+0000] {dagbag.py:588} INFO - Filling up the DagBag from /home/airflow/.local/lib/python3.12/site-packages/airflow/example_dags/example_complex.py
[2025-03-16T02:48:50.462+0000] {processor.py:925} INFO - DAG(s) 'example_complex' retrieved from /home/airflow/.local/lib/python3.12/site-packages/airflow/example_dags/example_complex.py
[2025-03-16T02:48:50.513+0000] {logging_mixin.py:190} INFO - [2025-03-16T02:48:50.513+0000] {dag.py:3239} INFO - Sync 1 DAGs
[2025-03-16T02:48:50.538+0000] {logging_mixin.py:190} INFO - [2025-03-16T02:48:50.538+0000] {dag.py:4180} INFO - Setting next_dagrun for example_complex to None, run_after=None
[2025-03-16T02:48:50.576+0000] {processor.py:208} INFO - Processing /home/airflow/.local/lib/python3.12/site-packages/airflow/example_dags/example_complex.py took 0.144 seconds
[2025-03-16T02:49:20.698+0000] {processor.py:186} INFO - Started process (PID=979) to work on /home/airflow/.local/lib/python3.12/site-packages/airflow/example_dags/example_complex.py
[2025-03-16T02:49:20.699+0000] {processor.py:914} INFO - Processing file /home/airflow/.local/lib/python3.12/site-packages/airflow/example_dags/example_complex.py for tasks to queue
[2025-03-16T02:49:20.703+0000] {logging_mixin.py:190} INFO - [2025-03-16T02:49:20.703+0000] {dagbag.py:588} INFO - Filling up the DagBag from /home/airflow/.local/lib/python3.12/site-packages/airflow/example_dags/example_complex.py
[2025-03-16T02:49:20.721+0000] {processor.py:925} INFO - DAG(s) 'example_complex' retrieved from /home/airflow/.local/lib/python3.12/site-packages/airflow/example_dags/example_complex.py
[2025-03-16T02:49:20.774+0000] {logging_mixin.py:190} INFO - [2025-03-16T02:49:20.774+0000] {dag.py:3239} INFO - Sync 1 DAGs
[2025-03-16T02:49:20.797+0000] {logging_mixin.py:190} INFO - [2025-03-16T02:49:20.796+0000] {dag.py:4180} INFO - Setting next_dagrun for example_complex to None, run_after=None
[2025-03-16T02:49:20.832+0000] {processor.py:208} INFO - Processing /home/airflow/.local/lib/python3.12/site-packages/airflow/example_dags/example_complex.py took 0.143 seconds
[2025-03-16T02:49:51.160+0000] {processor.py:186} INFO - Started process (PID=1041) to work on /home/airflow/.local/lib/python3.12/site-packages/airflow/example_dags/example_complex.py
[2025-03-16T02:49:51.161+0000] {processor.py:914} INFO - Processing file /home/airflow/.local/lib/python3.12/site-packages/airflow/example_dags/example_complex.py for tasks to queue
[2025-03-16T02:49:51.165+0000] {logging_mixin.py:190} INFO - [2025-03-16T02:49:51.164+0000] {dagbag.py:588} INFO - Filling up the DagBag from /home/airflow/.local/lib/python3.12/site-packages/airflow/example_dags/example_complex.py
[2025-03-16T02:49:51.188+0000] {processor.py:925} INFO - DAG(s) 'example_complex' retrieved from /home/airflow/.local/lib/python3.12/site-packages/airflow/example_dags/example_complex.py
[2025-03-16T02:49:51.240+0000] {logging_mixin.py:190} INFO - [2025-03-16T02:49:51.239+0000] {dag.py:3239} INFO - Sync 1 DAGs
[2025-03-16T02:49:51.262+0000] {logging_mixin.py:190} INFO - [2025-03-16T02:49:51.261+0000] {dag.py:4180} INFO - Setting next_dagrun for example_complex to None, run_after=None
[2025-03-16T02:49:51.294+0000] {processor.py:208} INFO - Processing /home/airflow/.local/lib/python3.12/site-packages/airflow/example_dags/example_complex.py took 0.147 seconds
[2025-03-16T02:50:22.038+0000] {processor.py:186} INFO - Started process (PID=1112) to work on /home/airflow/.local/lib/python3.12/site-packages/airflow/example_dags/example_complex.py
[2025-03-16T02:50:22.040+0000] {processor.py:914} INFO - Processing file /home/airflow/.local/lib/python3.12/site-packages/airflow/example_dags/example_complex.py for tasks to queue
[2025-03-16T02:50:22.043+0000] {logging_mixin.py:190} INFO - [2025-03-16T02:50:22.043+0000] {dagbag.py:588} INFO - Filling up the DagBag from /home/airflow/.local/lib/python3.12/site-packages/airflow/example_dags/example_complex.py
[2025-03-16T02:50:22.060+0000] {processor.py:925} INFO - DAG(s) 'example_complex' retrieved from /home/airflow/.local/lib/python3.12/site-packages/airflow/example_dags/example_complex.py
[2025-03-16T02:50:22.121+0000] {logging_mixin.py:190} INFO - [2025-03-16T02:50:22.120+0000] {dag.py:3239} INFO - Sync 1 DAGs
[2025-03-16T02:50:22.153+0000] {logging_mixin.py:190} INFO - [2025-03-16T02:50:22.153+0000] {dag.py:4180} INFO - Setting next_dagrun for example_complex to None, run_after=None
[2025-03-16T02:50:22.188+0000] {processor.py:208} INFO - Processing /home/airflow/.local/lib/python3.12/site-packages/airflow/example_dags/example_complex.py took 0.158 seconds
[2025-03-16T02:50:52.432+0000] {processor.py:186} INFO - Started process (PID=1177) to work on /home/airflow/.local/lib/python3.12/site-packages/airflow/example_dags/example_complex.py
[2025-03-16T02:50:52.434+0000] {processor.py:914} INFO - Processing file /home/airflow/.local/lib/python3.12/site-packages/airflow/example_dags/example_complex.py for tasks to queue
[2025-03-16T02:50:52.437+0000] {logging_mixin.py:190} INFO - [2025-03-16T02:50:52.437+0000] {dagbag.py:588} INFO - Filling up the DagBag from /home/airflow/.local/lib/python3.12/site-packages/airflow/example_dags/example_complex.py
[2025-03-16T02:50:52.454+0000] {processor.py:925} INFO - DAG(s) 'example_complex' retrieved from /home/airflow/.local/lib/python3.12/site-packages/airflow/example_dags/example_complex.py
[2025-03-16T02:50:52.501+0000] {logging_mixin.py:190} INFO - [2025-03-16T02:50:52.501+0000] {dag.py:3239} INFO - Sync 1 DAGs
[2025-03-16T02:50:52.523+0000] {logging_mixin.py:190} INFO - [2025-03-16T02:50:52.522+0000] {dag.py:4180} INFO - Setting next_dagrun for example_complex to None, run_after=None
[2025-03-16T02:50:52.553+0000] {processor.py:208} INFO - Processing /home/airflow/.local/lib/python3.12/site-packages/airflow/example_dags/example_complex.py took 0.128 seconds
[2025-03-16T02:51:22.680+0000] {processor.py:186} INFO - Started process (PID=1242) to work on /home/airflow/.local/lib/python3.12/site-packages/airflow/example_dags/example_complex.py
[2025-03-16T02:51:22.682+0000] {processor.py:914} INFO - Processing file /home/airflow/.local/lib/python3.12/site-packages/airflow/example_dags/example_complex.py for tasks to queue
[2025-03-16T02:51:22.687+0000] {logging_mixin.py:190} INFO - [2025-03-16T02:51:22.686+0000] {dagbag.py:588} INFO - Filling up the DagBag from /home/airflow/.local/lib/python3.12/site-packages/airflow/example_dags/example_complex.py
[2025-03-16T02:51:22.708+0000] {processor.py:925} INFO - DAG(s) 'example_complex' retrieved from /home/airflow/.local/lib/python3.12/site-packages/airflow/example_dags/example_complex.py
[2025-03-16T02:51:22.768+0000] {logging_mixin.py:190} INFO - [2025-03-16T02:51:22.768+0000] {dag.py:3239} INFO - Sync 1 DAGs
[2025-03-16T02:51:22.791+0000] {logging_mixin.py:190} INFO - [2025-03-16T02:51:22.791+0000] {dag.py:4180} INFO - Setting next_dagrun for example_complex to None, run_after=None
[2025-03-16T02:51:22.821+0000] {processor.py:208} INFO - Processing /home/airflow/.local/lib/python3.12/site-packages/airflow/example_dags/example_complex.py took 0.150 seconds
[2025-03-16T02:51:53.173+0000] {processor.py:186} INFO - Started process (PID=1295) to work on /home/airflow/.local/lib/python3.12/site-packages/airflow/example_dags/example_complex.py
[2025-03-16T02:51:53.175+0000] {processor.py:914} INFO - Processing file /home/airflow/.local/lib/python3.12/site-packages/airflow/example_dags/example_complex.py for tasks to queue
[2025-03-16T02:51:53.179+0000] {logging_mixin.py:190} INFO - [2025-03-16T02:51:53.178+0000] {dagbag.py:588} INFO - Filling up the DagBag from /home/airflow/.local/lib/python3.12/site-packages/airflow/example_dags/example_complex.py
[2025-03-16T02:51:53.201+0000] {processor.py:925} INFO - DAG(s) 'example_complex' retrieved from /home/airflow/.local/lib/python3.12/site-packages/airflow/example_dags/example_complex.py
[2025-03-16T02:51:53.259+0000] {logging_mixin.py:190} INFO - [2025-03-16T02:51:53.259+0000] {dag.py:3239} INFO - Sync 1 DAGs
[2025-03-16T02:51:53.288+0000] {logging_mixin.py:190} INFO - [2025-03-16T02:51:53.287+0000] {dag.py:4180} INFO - Setting next_dagrun for example_complex to None, run_after=None
[2025-03-16T02:51:53.320+0000] {processor.py:208} INFO - Processing /home/airflow/.local/lib/python3.12/site-packages/airflow/example_dags/example_complex.py took 0.158 seconds
[2025-03-16T02:52:24.434+0000] {processor.py:186} INFO - Started process (PID=1359) to work on /home/airflow/.local/lib/python3.12/site-packages/airflow/example_dags/example_complex.py
[2025-03-16T02:52:24.436+0000] {processor.py:914} INFO - Processing file /home/airflow/.local/lib/python3.12/site-packages/airflow/example_dags/example_complex.py for tasks to queue
[2025-03-16T02:52:24.440+0000] {logging_mixin.py:190} INFO - [2025-03-16T02:52:24.439+0000] {dagbag.py:588} INFO - Filling up the DagBag from /home/airflow/.local/lib/python3.12/site-packages/airflow/example_dags/example_complex.py
[2025-03-16T02:52:24.456+0000] {processor.py:925} INFO - DAG(s) 'example_complex' retrieved from /home/airflow/.local/lib/python3.12/site-packages/airflow/example_dags/example_complex.py
[2025-03-16T02:52:24.509+0000] {logging_mixin.py:190} INFO - [2025-03-16T02:52:24.509+0000] {dag.py:3239} INFO - Sync 1 DAGs
[2025-03-16T02:52:24.533+0000] {logging_mixin.py:190} INFO - [2025-03-16T02:52:24.533+0000] {dag.py:4180} INFO - Setting next_dagrun for example_complex to None, run_after=None
[2025-03-16T02:52:24.575+0000] {processor.py:208} INFO - Processing /home/airflow/.local/lib/python3.12/site-packages/airflow/example_dags/example_complex.py took 0.148 seconds
[2025-03-16T02:52:55.933+0000] {processor.py:186} INFO - Started process (PID=1424) to work on /home/airflow/.local/lib/python3.12/site-packages/airflow/example_dags/example_complex.py
[2025-03-16T02:52:55.935+0000] {processor.py:914} INFO - Processing file /home/airflow/.local/lib/python3.12/site-packages/airflow/example_dags/example_complex.py for tasks to queue
[2025-03-16T02:52:55.939+0000] {logging_mixin.py:190} INFO - [2025-03-16T02:52:55.938+0000] {dagbag.py:588} INFO - Filling up the DagBag from /home/airflow/.local/lib/python3.12/site-packages/airflow/example_dags/example_complex.py
[2025-03-16T02:52:55.958+0000] {processor.py:925} INFO - DAG(s) 'example_complex' retrieved from /home/airflow/.local/lib/python3.12/site-packages/airflow/example_dags/example_complex.py
[2025-03-16T02:52:56.006+0000] {logging_mixin.py:190} INFO - [2025-03-16T02:52:56.006+0000] {dag.py:3239} INFO - Sync 1 DAGs
[2025-03-16T02:52:56.027+0000] {logging_mixin.py:190} INFO - [2025-03-16T02:52:56.026+0000] {dag.py:4180} INFO - Setting next_dagrun for example_complex to None, run_after=None
[2025-03-16T02:52:56.059+0000] {processor.py:208} INFO - Processing /home/airflow/.local/lib/python3.12/site-packages/airflow/example_dags/example_complex.py took 0.133 seconds
[2025-03-16T02:53:26.296+0000] {processor.py:186} INFO - Started process (PID=1486) to work on /home/airflow/.local/lib/python3.12/site-packages/airflow/example_dags/example_complex.py
[2025-03-16T02:53:26.297+0000] {processor.py:914} INFO - Processing file /home/airflow/.local/lib/python3.12/site-packages/airflow/example_dags/example_complex.py for tasks to queue
[2025-03-16T02:53:26.301+0000] {logging_mixin.py:190} INFO - [2025-03-16T02:53:26.300+0000] {dagbag.py:588} INFO - Filling up the DagBag from /home/airflow/.local/lib/python3.12/site-packages/airflow/example_dags/example_complex.py
[2025-03-16T02:53:26.324+0000] {processor.py:925} INFO - DAG(s) 'example_complex' retrieved from /home/airflow/.local/lib/python3.12/site-packages/airflow/example_dags/example_complex.py
[2025-03-16T02:53:26.377+0000] {logging_mixin.py:190} INFO - [2025-03-16T02:53:26.376+0000] {dag.py:3239} INFO - Sync 1 DAGs
[2025-03-16T02:53:26.401+0000] {logging_mixin.py:190} INFO - [2025-03-16T02:53:26.400+0000] {dag.py:4180} INFO - Setting next_dagrun for example_complex to None, run_after=None
[2025-03-16T02:53:26.432+0000] {processor.py:208} INFO - Processing /home/airflow/.local/lib/python3.12/site-packages/airflow/example_dags/example_complex.py took 0.144 seconds
[2025-03-16T02:53:56.901+0000] {processor.py:186} INFO - Started process (PID=1551) to work on /home/airflow/.local/lib/python3.12/site-packages/airflow/example_dags/example_complex.py
[2025-03-16T02:53:56.904+0000] {processor.py:914} INFO - Processing file /home/airflow/.local/lib/python3.12/site-packages/airflow/example_dags/example_complex.py for tasks to queue
[2025-03-16T02:53:56.909+0000] {logging_mixin.py:190} INFO - [2025-03-16T02:53:56.908+0000] {dagbag.py:588} INFO - Filling up the DagBag from /home/airflow/.local/lib/python3.12/site-packages/airflow/example_dags/example_complex.py
[2025-03-16T02:53:56.929+0000] {processor.py:925} INFO - DAG(s) 'example_complex' retrieved from /home/airflow/.local/lib/python3.12/site-packages/airflow/example_dags/example_complex.py
[2025-03-16T02:53:57.004+0000] {logging_mixin.py:190} INFO - [2025-03-16T02:53:57.003+0000] {dag.py:3239} INFO - Sync 1 DAGs
[2025-03-16T02:53:57.033+0000] {logging_mixin.py:190} INFO - [2025-03-16T02:53:57.032+0000] {dag.py:4180} INFO - Setting next_dagrun for example_complex to None, run_after=None
[2025-03-16T02:53:57.074+0000] {processor.py:208} INFO - Processing /home/airflow/.local/lib/python3.12/site-packages/airflow/example_dags/example_complex.py took 0.183 seconds
[2025-03-16T02:54:27.384+0000] {processor.py:186} INFO - Started process (PID=1616) to work on /home/airflow/.local/lib/python3.12/site-packages/airflow/example_dags/example_complex.py
[2025-03-16T02:54:27.386+0000] {processor.py:914} INFO - Processing file /home/airflow/.local/lib/python3.12/site-packages/airflow/example_dags/example_complex.py for tasks to queue
[2025-03-16T02:54:27.390+0000] {logging_mixin.py:190} INFO - [2025-03-16T02:54:27.389+0000] {dagbag.py:588} INFO - Filling up the DagBag from /home/airflow/.local/lib/python3.12/site-packages/airflow/example_dags/example_complex.py
[2025-03-16T02:54:27.406+0000] {processor.py:925} INFO - DAG(s) 'example_complex' retrieved from /home/airflow/.local/lib/python3.12/site-packages/airflow/example_dags/example_complex.py
[2025-03-16T02:54:27.470+0000] {logging_mixin.py:190} INFO - [2025-03-16T02:54:27.470+0000] {dag.py:3239} INFO - Sync 1 DAGs
[2025-03-16T02:54:27.505+0000] {logging_mixin.py:190} INFO - [2025-03-16T02:54:27.505+0000] {dag.py:4180} INFO - Setting next_dagrun for example_complex to None, run_after=None
[2025-03-16T02:54:27.542+0000] {processor.py:208} INFO - Processing /home/airflow/.local/lib/python3.12/site-packages/airflow/example_dags/example_complex.py took 0.165 seconds
[2025-03-16T02:54:57.799+0000] {processor.py:186} INFO - Started process (PID=1682) to work on /home/airflow/.local/lib/python3.12/site-packages/airflow/example_dags/example_complex.py
[2025-03-16T02:54:57.800+0000] {processor.py:914} INFO - Processing file /home/airflow/.local/lib/python3.12/site-packages/airflow/example_dags/example_complex.py for tasks to queue
[2025-03-16T02:54:57.804+0000] {logging_mixin.py:190} INFO - [2025-03-16T02:54:57.804+0000] {dagbag.py:588} INFO - Filling up the DagBag from /home/airflow/.local/lib/python3.12/site-packages/airflow/example_dags/example_complex.py
[2025-03-16T02:54:57.821+0000] {processor.py:925} INFO - DAG(s) 'example_complex' retrieved from /home/airflow/.local/lib/python3.12/site-packages/airflow/example_dags/example_complex.py
[2025-03-16T02:54:57.930+0000] {logging_mixin.py:190} INFO - [2025-03-16T02:54:57.930+0000] {dag.py:3239} INFO - Sync 1 DAGs
[2025-03-16T02:54:57.960+0000] {logging_mixin.py:190} INFO - [2025-03-16T02:54:57.959+0000] {dag.py:4180} INFO - Setting next_dagrun for example_complex to None, run_after=None
[2025-03-16T02:54:57.998+0000] {processor.py:208} INFO - Processing /home/airflow/.local/lib/python3.12/site-packages/airflow/example_dags/example_complex.py took 0.206 seconds
[2025-03-16T02:55:28.316+0000] {processor.py:186} INFO - Started process (PID=1747) to work on /home/airflow/.local/lib/python3.12/site-packages/airflow/example_dags/example_complex.py
[2025-03-16T02:55:28.318+0000] {processor.py:914} INFO - Processing file /home/airflow/.local/lib/python3.12/site-packages/airflow/example_dags/example_complex.py for tasks to queue
[2025-03-16T02:55:28.323+0000] {logging_mixin.py:190} INFO - [2025-03-16T02:55:28.322+0000] {dagbag.py:588} INFO - Filling up the DagBag from /home/airflow/.local/lib/python3.12/site-packages/airflow/example_dags/example_complex.py
[2025-03-16T02:55:28.345+0000] {processor.py:925} INFO - DAG(s) 'example_complex' retrieved from /home/airflow/.local/lib/python3.12/site-packages/airflow/example_dags/example_complex.py
[2025-03-16T02:55:28.393+0000] {logging_mixin.py:190} INFO - [2025-03-16T02:55:28.392+0000] {dag.py:3239} INFO - Sync 1 DAGs
[2025-03-16T02:55:28.418+0000] {logging_mixin.py:190} INFO - [2025-03-16T02:55:28.418+0000] {dag.py:4180} INFO - Setting next_dagrun for example_complex to None, run_after=None
[2025-03-16T02:55:28.457+0000] {processor.py:208} INFO - Processing /home/airflow/.local/lib/python3.12/site-packages/airflow/example_dags/example_complex.py took 0.149 seconds
[2025-03-16T02:55:58.832+0000] {processor.py:186} INFO - Started process (PID=1811) to work on /home/airflow/.local/lib/python3.12/site-packages/airflow/example_dags/example_complex.py
[2025-03-16T02:55:58.835+0000] {processor.py:914} INFO - Processing file /home/airflow/.local/lib/python3.12/site-packages/airflow/example_dags/example_complex.py for tasks to queue
[2025-03-16T02:55:58.840+0000] {logging_mixin.py:190} INFO - [2025-03-16T02:55:58.840+0000] {dagbag.py:588} INFO - Filling up the DagBag from /home/airflow/.local/lib/python3.12/site-packages/airflow/example_dags/example_complex.py
[2025-03-16T02:55:58.863+0000] {processor.py:925} INFO - DAG(s) 'example_complex' retrieved from /home/airflow/.local/lib/python3.12/site-packages/airflow/example_dags/example_complex.py
[2025-03-16T02:55:58.912+0000] {logging_mixin.py:190} INFO - [2025-03-16T02:55:58.912+0000] {dag.py:3239} INFO - Sync 1 DAGs
[2025-03-16T02:55:58.936+0000] {logging_mixin.py:190} INFO - [2025-03-16T02:55:58.936+0000] {dag.py:4180} INFO - Setting next_dagrun for example_complex to None, run_after=None
[2025-03-16T02:55:58.967+0000] {processor.py:208} INFO - Processing /home/airflow/.local/lib/python3.12/site-packages/airflow/example_dags/example_complex.py took 0.144 seconds
[2025-03-16T02:56:29.298+0000] {processor.py:186} INFO - Started process (PID=1876) to work on /home/airflow/.local/lib/python3.12/site-packages/airflow/example_dags/example_complex.py
[2025-03-16T02:56:29.299+0000] {processor.py:914} INFO - Processing file /home/airflow/.local/lib/python3.12/site-packages/airflow/example_dags/example_complex.py for tasks to queue
[2025-03-16T02:56:29.302+0000] {logging_mixin.py:190} INFO - [2025-03-16T02:56:29.302+0000] {dagbag.py:588} INFO - Filling up the DagBag from /home/airflow/.local/lib/python3.12/site-packages/airflow/example_dags/example_complex.py
[2025-03-16T02:56:29.319+0000] {processor.py:925} INFO - DAG(s) 'example_complex' retrieved from /home/airflow/.local/lib/python3.12/site-packages/airflow/example_dags/example_complex.py
[2025-03-16T02:56:29.360+0000] {logging_mixin.py:190} INFO - [2025-03-16T02:56:29.360+0000] {dag.py:3239} INFO - Sync 1 DAGs
[2025-03-16T02:56:29.379+0000] {logging_mixin.py:190} INFO - [2025-03-16T02:56:29.378+0000] {dag.py:4180} INFO - Setting next_dagrun for example_complex to None, run_after=None
[2025-03-16T02:56:29.408+0000] {processor.py:208} INFO - Processing /home/airflow/.local/lib/python3.12/site-packages/airflow/example_dags/example_complex.py took 0.119 seconds
[2025-03-16T02:56:59.816+0000] {processor.py:186} INFO - Started process (PID=1941) to work on /home/airflow/.local/lib/python3.12/site-packages/airflow/example_dags/example_complex.py
[2025-03-16T02:56:59.817+0000] {processor.py:914} INFO - Processing file /home/airflow/.local/lib/python3.12/site-packages/airflow/example_dags/example_complex.py for tasks to queue
[2025-03-16T02:56:59.820+0000] {logging_mixin.py:190} INFO - [2025-03-16T02:56:59.820+0000] {dagbag.py:588} INFO - Filling up the DagBag from /home/airflow/.local/lib/python3.12/site-packages/airflow/example_dags/example_complex.py
[2025-03-16T02:56:59.837+0000] {processor.py:925} INFO - DAG(s) 'example_complex' retrieved from /home/airflow/.local/lib/python3.12/site-packages/airflow/example_dags/example_complex.py
[2025-03-16T02:56:59.886+0000] {logging_mixin.py:190} INFO - [2025-03-16T02:56:59.886+0000] {dag.py:3239} INFO - Sync 1 DAGs
[2025-03-16T02:56:59.907+0000] {logging_mixin.py:190} INFO - [2025-03-16T02:56:59.906+0000] {dag.py:4180} INFO - Setting next_dagrun for example_complex to None, run_after=None
[2025-03-16T02:56:59.936+0000] {processor.py:208} INFO - Processing /home/airflow/.local/lib/python3.12/site-packages/airflow/example_dags/example_complex.py took 0.129 seconds
[2025-03-16T02:57:30.235+0000] {processor.py:186} INFO - Started process (PID=2006) to work on /home/airflow/.local/lib/python3.12/site-packages/airflow/example_dags/example_complex.py
[2025-03-16T02:57:30.237+0000] {processor.py:914} INFO - Processing file /home/airflow/.local/lib/python3.12/site-packages/airflow/example_dags/example_complex.py for tasks to queue
[2025-03-16T02:57:30.240+0000] {logging_mixin.py:190} INFO - [2025-03-16T02:57:30.240+0000] {dagbag.py:588} INFO - Filling up the DagBag from /home/airflow/.local/lib/python3.12/site-packages/airflow/example_dags/example_complex.py
[2025-03-16T02:57:30.256+0000] {processor.py:925} INFO - DAG(s) 'example_complex' retrieved from /home/airflow/.local/lib/python3.12/site-packages/airflow/example_dags/example_complex.py
[2025-03-16T02:57:30.300+0000] {logging_mixin.py:190} INFO - [2025-03-16T02:57:30.300+0000] {dag.py:3239} INFO - Sync 1 DAGs
[2025-03-16T02:57:30.325+0000] {logging_mixin.py:190} INFO - [2025-03-16T02:57:30.324+0000] {dag.py:4180} INFO - Setting next_dagrun for example_complex to None, run_after=None
[2025-03-16T02:57:30.367+0000] {processor.py:208} INFO - Processing /home/airflow/.local/lib/python3.12/site-packages/airflow/example_dags/example_complex.py took 0.138 seconds
[2025-03-16T02:58:01.192+0000] {processor.py:186} INFO - Started process (PID=2070) to work on /home/airflow/.local/lib/python3.12/site-packages/airflow/example_dags/example_complex.py
[2025-03-16T02:58:01.194+0000] {processor.py:914} INFO - Processing file /home/airflow/.local/lib/python3.12/site-packages/airflow/example_dags/example_complex.py for tasks to queue
[2025-03-16T02:58:01.197+0000] {logging_mixin.py:190} INFO - [2025-03-16T02:58:01.196+0000] {dagbag.py:588} INFO - Filling up the DagBag from /home/airflow/.local/lib/python3.12/site-packages/airflow/example_dags/example_complex.py
[2025-03-16T02:58:01.213+0000] {processor.py:925} INFO - DAG(s) 'example_complex' retrieved from /home/airflow/.local/lib/python3.12/site-packages/airflow/example_dags/example_complex.py
[2025-03-16T02:58:01.257+0000] {logging_mixin.py:190} INFO - [2025-03-16T02:58:01.257+0000] {dag.py:3239} INFO - Sync 1 DAGs
[2025-03-16T02:58:01.277+0000] {logging_mixin.py:190} INFO - [2025-03-16T02:58:01.277+0000] {dag.py:4180} INFO - Setting next_dagrun for example_complex to None, run_after=None
[2025-03-16T02:58:01.308+0000] {processor.py:208} INFO - Processing /home/airflow/.local/lib/python3.12/site-packages/airflow/example_dags/example_complex.py took 0.123 seconds
[2025-03-16T02:58:31.468+0000] {processor.py:186} INFO - Started process (PID=2135) to work on /home/airflow/.local/lib/python3.12/site-packages/airflow/example_dags/example_complex.py
[2025-03-16T02:58:31.470+0000] {processor.py:914} INFO - Processing file /home/airflow/.local/lib/python3.12/site-packages/airflow/example_dags/example_complex.py for tasks to queue
[2025-03-16T02:58:31.474+0000] {logging_mixin.py:190} INFO - [2025-03-16T02:58:31.473+0000] {dagbag.py:588} INFO - Filling up the DagBag from /home/airflow/.local/lib/python3.12/site-packages/airflow/example_dags/example_complex.py
[2025-03-16T02:58:31.490+0000] {processor.py:925} INFO - DAG(s) 'example_complex' retrieved from /home/airflow/.local/lib/python3.12/site-packages/airflow/example_dags/example_complex.py
[2025-03-16T02:58:31.537+0000] {logging_mixin.py:190} INFO - [2025-03-16T02:58:31.537+0000] {dag.py:3239} INFO - Sync 1 DAGs
[2025-03-16T02:58:31.556+0000] {logging_mixin.py:190} INFO - [2025-03-16T02:58:31.555+0000] {dag.py:4180} INFO - Setting next_dagrun for example_complex to None, run_after=None
[2025-03-16T02:58:31.586+0000] {processor.py:208} INFO - Processing /home/airflow/.local/lib/python3.12/site-packages/airflow/example_dags/example_complex.py took 0.135 seconds
[2025-03-16T02:59:01.737+0000] {processor.py:186} INFO - Started process (PID=2200) to work on /home/airflow/.local/lib/python3.12/site-packages/airflow/example_dags/example_complex.py
[2025-03-16T02:59:01.739+0000] {processor.py:914} INFO - Processing file /home/airflow/.local/lib/python3.12/site-packages/airflow/example_dags/example_complex.py for tasks to queue
[2025-03-16T02:59:01.742+0000] {logging_mixin.py:190} INFO - [2025-03-16T02:59:01.742+0000] {dagbag.py:588} INFO - Filling up the DagBag from /home/airflow/.local/lib/python3.12/site-packages/airflow/example_dags/example_complex.py
[2025-03-16T02:59:01.759+0000] {processor.py:925} INFO - DAG(s) 'example_complex' retrieved from /home/airflow/.local/lib/python3.12/site-packages/airflow/example_dags/example_complex.py
[2025-03-16T02:59:01.807+0000] {logging_mixin.py:190} INFO - [2025-03-16T02:59:01.806+0000] {dag.py:3239} INFO - Sync 1 DAGs
[2025-03-16T02:59:01.826+0000] {logging_mixin.py:190} INFO - [2025-03-16T02:59:01.825+0000] {dag.py:4180} INFO - Setting next_dagrun for example_complex to None, run_after=None
[2025-03-16T02:59:01.859+0000] {processor.py:208} INFO - Processing /home/airflow/.local/lib/python3.12/site-packages/airflow/example_dags/example_complex.py took 0.129 seconds
[2025-03-16T02:59:32.568+0000] {processor.py:186} INFO - Started process (PID=2265) to work on /home/airflow/.local/lib/python3.12/site-packages/airflow/example_dags/example_complex.py
[2025-03-16T02:59:32.570+0000] {processor.py:914} INFO - Processing file /home/airflow/.local/lib/python3.12/site-packages/airflow/example_dags/example_complex.py for tasks to queue
[2025-03-16T02:59:32.574+0000] {logging_mixin.py:190} INFO - [2025-03-16T02:59:32.573+0000] {dagbag.py:588} INFO - Filling up the DagBag from /home/airflow/.local/lib/python3.12/site-packages/airflow/example_dags/example_complex.py
[2025-03-16T02:59:32.593+0000] {processor.py:925} INFO - DAG(s) 'example_complex' retrieved from /home/airflow/.local/lib/python3.12/site-packages/airflow/example_dags/example_complex.py
[2025-03-16T02:59:32.646+0000] {logging_mixin.py:190} INFO - [2025-03-16T02:59:32.646+0000] {dag.py:3239} INFO - Sync 1 DAGs
[2025-03-16T02:59:32.668+0000] {logging_mixin.py:190} INFO - [2025-03-16T02:59:32.668+0000] {dag.py:4180} INFO - Setting next_dagrun for example_complex to None, run_after=None
[2025-03-16T02:59:32.703+0000] {processor.py:208} INFO - Processing /home/airflow/.local/lib/python3.12/site-packages/airflow/example_dags/example_complex.py took 0.144 seconds
[2025-03-16T03:00:02.959+0000] {processor.py:186} INFO - Started process (PID=2330) to work on /home/airflow/.local/lib/python3.12/site-packages/airflow/example_dags/example_complex.py
[2025-03-16T03:00:02.961+0000] {processor.py:914} INFO - Processing file /home/airflow/.local/lib/python3.12/site-packages/airflow/example_dags/example_complex.py for tasks to queue
[2025-03-16T03:00:02.965+0000] {logging_mixin.py:190} INFO - [2025-03-16T03:00:02.964+0000] {dagbag.py:588} INFO - Filling up the DagBag from /home/airflow/.local/lib/python3.12/site-packages/airflow/example_dags/example_complex.py
[2025-03-16T03:00:02.987+0000] {processor.py:925} INFO - DAG(s) 'example_complex' retrieved from /home/airflow/.local/lib/python3.12/site-packages/airflow/example_dags/example_complex.py
[2025-03-16T03:00:03.048+0000] {logging_mixin.py:190} INFO - [2025-03-16T03:00:03.048+0000] {dag.py:3239} INFO - Sync 1 DAGs
[2025-03-16T03:00:03.071+0000] {logging_mixin.py:190} INFO - [2025-03-16T03:00:03.070+0000] {dag.py:4180} INFO - Setting next_dagrun for example_complex to None, run_after=None
[2025-03-16T03:00:03.110+0000] {processor.py:208} INFO - Processing /home/airflow/.local/lib/python3.12/site-packages/airflow/example_dags/example_complex.py took 0.163 seconds
[2025-03-16T03:00:33.961+0000] {processor.py:186} INFO - Started process (PID=2395) to work on /home/airflow/.local/lib/python3.12/site-packages/airflow/example_dags/example_complex.py
[2025-03-16T03:00:33.962+0000] {processor.py:914} INFO - Processing file /home/airflow/.local/lib/python3.12/site-packages/airflow/example_dags/example_complex.py for tasks to queue
[2025-03-16T03:00:33.966+0000] {logging_mixin.py:190} INFO - [2025-03-16T03:00:33.965+0000] {dagbag.py:588} INFO - Filling up the DagBag from /home/airflow/.local/lib/python3.12/site-packages/airflow/example_dags/example_complex.py
[2025-03-16T03:00:33.984+0000] {processor.py:925} INFO - DAG(s) 'example_complex' retrieved from /home/airflow/.local/lib/python3.12/site-packages/airflow/example_dags/example_complex.py
[2025-03-16T03:00:34.039+0000] {logging_mixin.py:190} INFO - [2025-03-16T03:00:34.039+0000] {dag.py:3239} INFO - Sync 1 DAGs
[2025-03-16T03:00:34.067+0000] {logging_mixin.py:190} INFO - [2025-03-16T03:00:34.066+0000] {dag.py:4180} INFO - Setting next_dagrun for example_complex to None, run_after=None
[2025-03-16T03:00:34.102+0000] {processor.py:208} INFO - Processing /home/airflow/.local/lib/python3.12/site-packages/airflow/example_dags/example_complex.py took 0.152 seconds
[2025-03-16T03:01:04.705+0000] {processor.py:186} INFO - Started process (PID=2460) to work on /home/airflow/.local/lib/python3.12/site-packages/airflow/example_dags/example_complex.py
[2025-03-16T03:01:04.707+0000] {processor.py:914} INFO - Processing file /home/airflow/.local/lib/python3.12/site-packages/airflow/example_dags/example_complex.py for tasks to queue
[2025-03-16T03:01:04.709+0000] {logging_mixin.py:190} INFO - [2025-03-16T03:01:04.709+0000] {dagbag.py:588} INFO - Filling up the DagBag from /home/airflow/.local/lib/python3.12/site-packages/airflow/example_dags/example_complex.py
[2025-03-16T03:01:04.732+0000] {processor.py:925} INFO - DAG(s) 'example_complex' retrieved from /home/airflow/.local/lib/python3.12/site-packages/airflow/example_dags/example_complex.py
[2025-03-16T03:01:04.775+0000] {logging_mixin.py:190} INFO - [2025-03-16T03:01:04.775+0000] {dag.py:3239} INFO - Sync 1 DAGs
[2025-03-16T03:01:04.794+0000] {logging_mixin.py:190} INFO - [2025-03-16T03:01:04.794+0000] {dag.py:4180} INFO - Setting next_dagrun for example_complex to None, run_after=None
[2025-03-16T03:01:04.826+0000] {processor.py:208} INFO - Processing /home/airflow/.local/lib/python3.12/site-packages/airflow/example_dags/example_complex.py took 0.128 seconds
[2025-03-16T03:01:35.648+0000] {processor.py:186} INFO - Started process (PID=2525) to work on /home/airflow/.local/lib/python3.12/site-packages/airflow/example_dags/example_complex.py
[2025-03-16T03:01:35.649+0000] {processor.py:914} INFO - Processing file /home/airflow/.local/lib/python3.12/site-packages/airflow/example_dags/example_complex.py for tasks to queue
[2025-03-16T03:01:35.653+0000] {logging_mixin.py:190} INFO - [2025-03-16T03:01:35.652+0000] {dagbag.py:588} INFO - Filling up the DagBag from /home/airflow/.local/lib/python3.12/site-packages/airflow/example_dags/example_complex.py
[2025-03-16T03:01:35.680+0000] {processor.py:925} INFO - DAG(s) 'example_complex' retrieved from /home/airflow/.local/lib/python3.12/site-packages/airflow/example_dags/example_complex.py
[2025-03-16T03:01:35.738+0000] {logging_mixin.py:190} INFO - [2025-03-16T03:01:35.737+0000] {dag.py:3239} INFO - Sync 1 DAGs
[2025-03-16T03:01:35.785+0000] {logging_mixin.py:190} INFO - [2025-03-16T03:01:35.785+0000] {dag.py:4180} INFO - Setting next_dagrun for example_complex to None, run_after=None
[2025-03-16T03:01:35.826+0000] {processor.py:208} INFO - Processing /home/airflow/.local/lib/python3.12/site-packages/airflow/example_dags/example_complex.py took 0.189 seconds
[2025-03-16T03:02:06.576+0000] {processor.py:186} INFO - Started process (PID=2590) to work on /home/airflow/.local/lib/python3.12/site-packages/airflow/example_dags/example_complex.py
[2025-03-16T03:02:06.579+0000] {processor.py:914} INFO - Processing file /home/airflow/.local/lib/python3.12/site-packages/airflow/example_dags/example_complex.py for tasks to queue
[2025-03-16T03:02:06.584+0000] {logging_mixin.py:190} INFO - [2025-03-16T03:02:06.583+0000] {dagbag.py:588} INFO - Filling up the DagBag from /home/airflow/.local/lib/python3.12/site-packages/airflow/example_dags/example_complex.py
[2025-03-16T03:02:06.606+0000] {processor.py:925} INFO - DAG(s) 'example_complex' retrieved from /home/airflow/.local/lib/python3.12/site-packages/airflow/example_dags/example_complex.py
[2025-03-16T03:02:06.657+0000] {logging_mixin.py:190} INFO - [2025-03-16T03:02:06.657+0000] {dag.py:3239} INFO - Sync 1 DAGs
[2025-03-16T03:02:06.684+0000] {logging_mixin.py:190} INFO - [2025-03-16T03:02:06.683+0000] {dag.py:4180} INFO - Setting next_dagrun for example_complex to None, run_after=None
[2025-03-16T03:02:06.717+0000] {processor.py:208} INFO - Processing /home/airflow/.local/lib/python3.12/site-packages/airflow/example_dags/example_complex.py took 0.151 seconds
[2025-03-16T03:02:37.463+0000] {processor.py:186} INFO - Started process (PID=2655) to work on /home/airflow/.local/lib/python3.12/site-packages/airflow/example_dags/example_complex.py
[2025-03-16T03:02:37.466+0000] {processor.py:914} INFO - Processing file /home/airflow/.local/lib/python3.12/site-packages/airflow/example_dags/example_complex.py for tasks to queue
[2025-03-16T03:02:37.471+0000] {logging_mixin.py:190} INFO - [2025-03-16T03:02:37.470+0000] {dagbag.py:588} INFO - Filling up the DagBag from /home/airflow/.local/lib/python3.12/site-packages/airflow/example_dags/example_complex.py
[2025-03-16T03:02:37.511+0000] {processor.py:925} INFO - DAG(s) 'example_complex' retrieved from /home/airflow/.local/lib/python3.12/site-packages/airflow/example_dags/example_complex.py
[2025-03-16T03:02:37.561+0000] {logging_mixin.py:190} INFO - [2025-03-16T03:02:37.560+0000] {dag.py:3239} INFO - Sync 1 DAGs
[2025-03-16T03:02:37.582+0000] {logging_mixin.py:190} INFO - [2025-03-16T03:02:37.582+0000] {dag.py:4180} INFO - Setting next_dagrun for example_complex to None, run_after=None
[2025-03-16T03:02:37.616+0000] {processor.py:208} INFO - Processing /home/airflow/.local/lib/python3.12/site-packages/airflow/example_dags/example_complex.py took 0.166 seconds
[2025-03-16T03:03:07.697+0000] {processor.py:186} INFO - Started process (PID=2721) to work on /home/airflow/.local/lib/python3.12/site-packages/airflow/example_dags/example_complex.py
[2025-03-16T03:03:07.707+0000] {processor.py:914} INFO - Processing file /home/airflow/.local/lib/python3.12/site-packages/airflow/example_dags/example_complex.py for tasks to queue
[2025-03-16T03:03:07.712+0000] {logging_mixin.py:190} INFO - [2025-03-16T03:03:07.711+0000] {dagbag.py:588} INFO - Filling up the DagBag from /home/airflow/.local/lib/python3.12/site-packages/airflow/example_dags/example_complex.py
[2025-03-16T03:03:07.737+0000] {processor.py:925} INFO - DAG(s) 'example_complex' retrieved from /home/airflow/.local/lib/python3.12/site-packages/airflow/example_dags/example_complex.py
[2025-03-16T03:03:07.802+0000] {logging_mixin.py:190} INFO - [2025-03-16T03:03:07.801+0000] {dag.py:3239} INFO - Sync 1 DAGs
[2025-03-16T03:03:07.827+0000] {logging_mixin.py:190} INFO - [2025-03-16T03:03:07.827+0000] {dag.py:4180} INFO - Setting next_dagrun for example_complex to None, run_after=None
[2025-03-16T03:03:07.858+0000] {processor.py:208} INFO - Processing /home/airflow/.local/lib/python3.12/site-packages/airflow/example_dags/example_complex.py took 0.171 seconds
[2025-03-16T03:03:38.613+0000] {processor.py:186} INFO - Started process (PID=2786) to work on /home/airflow/.local/lib/python3.12/site-packages/airflow/example_dags/example_complex.py
[2025-03-16T03:03:38.614+0000] {processor.py:914} INFO - Processing file /home/airflow/.local/lib/python3.12/site-packages/airflow/example_dags/example_complex.py for tasks to queue
[2025-03-16T03:03:38.618+0000] {logging_mixin.py:190} INFO - [2025-03-16T03:03:38.617+0000] {dagbag.py:588} INFO - Filling up the DagBag from /home/airflow/.local/lib/python3.12/site-packages/airflow/example_dags/example_complex.py
[2025-03-16T03:03:38.636+0000] {processor.py:925} INFO - DAG(s) 'example_complex' retrieved from /home/airflow/.local/lib/python3.12/site-packages/airflow/example_dags/example_complex.py
[2025-03-16T03:03:38.683+0000] {logging_mixin.py:190} INFO - [2025-03-16T03:03:38.683+0000] {dag.py:3239} INFO - Sync 1 DAGs
[2025-03-16T03:03:38.704+0000] {logging_mixin.py:190} INFO - [2025-03-16T03:03:38.703+0000] {dag.py:4180} INFO - Setting next_dagrun for example_complex to None, run_after=None
[2025-03-16T03:03:38.738+0000] {processor.py:208} INFO - Processing /home/airflow/.local/lib/python3.12/site-packages/airflow/example_dags/example_complex.py took 0.135 seconds
[2025-03-16T03:04:09.128+0000] {processor.py:186} INFO - Started process (PID=2851) to work on /home/airflow/.local/lib/python3.12/site-packages/airflow/example_dags/example_complex.py
[2025-03-16T03:04:09.130+0000] {processor.py:914} INFO - Processing file /home/airflow/.local/lib/python3.12/site-packages/airflow/example_dags/example_complex.py for tasks to queue
[2025-03-16T03:04:09.134+0000] {logging_mixin.py:190} INFO - [2025-03-16T03:04:09.134+0000] {dagbag.py:588} INFO - Filling up the DagBag from /home/airflow/.local/lib/python3.12/site-packages/airflow/example_dags/example_complex.py
[2025-03-16T03:04:09.154+0000] {processor.py:925} INFO - DAG(s) 'example_complex' retrieved from /home/airflow/.local/lib/python3.12/site-packages/airflow/example_dags/example_complex.py
[2025-03-16T03:04:09.198+0000] {logging_mixin.py:190} INFO - [2025-03-16T03:04:09.198+0000] {dag.py:3239} INFO - Sync 1 DAGs
[2025-03-16T03:04:09.221+0000] {logging_mixin.py:190} INFO - [2025-03-16T03:04:09.220+0000] {dag.py:4180} INFO - Setting next_dagrun for example_complex to None, run_after=None
[2025-03-16T03:04:09.258+0000] {processor.py:208} INFO - Processing /home/airflow/.local/lib/python3.12/site-packages/airflow/example_dags/example_complex.py took 0.139 seconds
[2025-03-16T03:04:39.378+0000] {processor.py:186} INFO - Started process (PID=2916) to work on /home/airflow/.local/lib/python3.12/site-packages/airflow/example_dags/example_complex.py
[2025-03-16T03:04:39.379+0000] {processor.py:914} INFO - Processing file /home/airflow/.local/lib/python3.12/site-packages/airflow/example_dags/example_complex.py for tasks to queue
[2025-03-16T03:04:39.383+0000] {logging_mixin.py:190} INFO - [2025-03-16T03:04:39.382+0000] {dagbag.py:588} INFO - Filling up the DagBag from /home/airflow/.local/lib/python3.12/site-packages/airflow/example_dags/example_complex.py
[2025-03-16T03:04:39.403+0000] {processor.py:925} INFO - DAG(s) 'example_complex' retrieved from /home/airflow/.local/lib/python3.12/site-packages/airflow/example_dags/example_complex.py
[2025-03-16T03:04:39.451+0000] {logging_mixin.py:190} INFO - [2025-03-16T03:04:39.451+0000] {dag.py:3239} INFO - Sync 1 DAGs
[2025-03-16T03:04:39.474+0000] {logging_mixin.py:190} INFO - [2025-03-16T03:04:39.473+0000] {dag.py:4180} INFO - Setting next_dagrun for example_complex to None, run_after=None
[2025-03-16T03:04:39.510+0000] {processor.py:208} INFO - Processing /home/airflow/.local/lib/python3.12/site-packages/airflow/example_dags/example_complex.py took 0.143 seconds
[2025-03-16T03:05:10.767+0000] {processor.py:186} INFO - Started process (PID=2981) to work on /home/airflow/.local/lib/python3.12/site-packages/airflow/example_dags/example_complex.py
[2025-03-16T03:05:10.769+0000] {processor.py:914} INFO - Processing file /home/airflow/.local/lib/python3.12/site-packages/airflow/example_dags/example_complex.py for tasks to queue
[2025-03-16T03:05:10.773+0000] {logging_mixin.py:190} INFO - [2025-03-16T03:05:10.773+0000] {dagbag.py:588} INFO - Filling up the DagBag from /home/airflow/.local/lib/python3.12/site-packages/airflow/example_dags/example_complex.py
[2025-03-16T03:05:10.801+0000] {processor.py:925} INFO - DAG(s) 'example_complex' retrieved from /home/airflow/.local/lib/python3.12/site-packages/airflow/example_dags/example_complex.py
[2025-03-16T03:05:10.855+0000] {logging_mixin.py:190} INFO - [2025-03-16T03:05:10.855+0000] {dag.py:3239} INFO - Sync 1 DAGs
[2025-03-16T03:05:10.878+0000] {logging_mixin.py:190} INFO - [2025-03-16T03:05:10.877+0000] {dag.py:4180} INFO - Setting next_dagrun for example_complex to None, run_after=None
[2025-03-16T03:05:10.928+0000] {processor.py:208} INFO - Processing /home/airflow/.local/lib/python3.12/site-packages/airflow/example_dags/example_complex.py took 0.171 seconds
[2025-03-16T03:05:41.721+0000] {processor.py:186} INFO - Started process (PID=3046) to work on /home/airflow/.local/lib/python3.12/site-packages/airflow/example_dags/example_complex.py
[2025-03-16T03:05:41.722+0000] {processor.py:914} INFO - Processing file /home/airflow/.local/lib/python3.12/site-packages/airflow/example_dags/example_complex.py for tasks to queue
[2025-03-16T03:05:41.726+0000] {logging_mixin.py:190} INFO - [2025-03-16T03:05:41.726+0000] {dagbag.py:588} INFO - Filling up the DagBag from /home/airflow/.local/lib/python3.12/site-packages/airflow/example_dags/example_complex.py
[2025-03-16T03:05:41.745+0000] {processor.py:925} INFO - DAG(s) 'example_complex' retrieved from /home/airflow/.local/lib/python3.12/site-packages/airflow/example_dags/example_complex.py
[2025-03-16T03:05:41.797+0000] {logging_mixin.py:190} INFO - [2025-03-16T03:05:41.796+0000] {dag.py:3239} INFO - Sync 1 DAGs
[2025-03-16T03:05:41.822+0000] {logging_mixin.py:190} INFO - [2025-03-16T03:05:41.821+0000] {dag.py:4180} INFO - Setting next_dagrun for example_complex to None, run_after=None
[2025-03-16T03:05:41.855+0000] {processor.py:208} INFO - Processing /home/airflow/.local/lib/python3.12/site-packages/airflow/example_dags/example_complex.py took 0.142 seconds
[2025-03-16T03:06:12.091+0000] {processor.py:186} INFO - Started process (PID=3109) to work on /home/airflow/.local/lib/python3.12/site-packages/airflow/example_dags/example_complex.py
[2025-03-16T03:06:12.093+0000] {processor.py:914} INFO - Processing file /home/airflow/.local/lib/python3.12/site-packages/airflow/example_dags/example_complex.py for tasks to queue
[2025-03-16T03:06:12.096+0000] {logging_mixin.py:190} INFO - [2025-03-16T03:06:12.095+0000] {dagbag.py:588} INFO - Filling up the DagBag from /home/airflow/.local/lib/python3.12/site-packages/airflow/example_dags/example_complex.py
[2025-03-16T03:06:12.116+0000] {processor.py:925} INFO - DAG(s) 'example_complex' retrieved from /home/airflow/.local/lib/python3.12/site-packages/airflow/example_dags/example_complex.py
[2025-03-16T03:06:12.189+0000] {logging_mixin.py:190} INFO - [2025-03-16T03:06:12.189+0000] {dag.py:3239} INFO - Sync 1 DAGs
[2025-03-16T03:06:12.218+0000] {logging_mixin.py:190} INFO - [2025-03-16T03:06:12.218+0000] {dag.py:4180} INFO - Setting next_dagrun for example_complex to None, run_after=None
[2025-03-16T03:06:12.255+0000] {processor.py:208} INFO - Processing /home/airflow/.local/lib/python3.12/site-packages/airflow/example_dags/example_complex.py took 0.174 seconds
[2025-03-16T03:06:42.817+0000] {processor.py:186} INFO - Started process (PID=3174) to work on /home/airflow/.local/lib/python3.12/site-packages/airflow/example_dags/example_complex.py
[2025-03-16T03:06:42.819+0000] {processor.py:914} INFO - Processing file /home/airflow/.local/lib/python3.12/site-packages/airflow/example_dags/example_complex.py for tasks to queue
[2025-03-16T03:06:42.823+0000] {logging_mixin.py:190} INFO - [2025-03-16T03:06:42.823+0000] {dagbag.py:588} INFO - Filling up the DagBag from /home/airflow/.local/lib/python3.12/site-packages/airflow/example_dags/example_complex.py
[2025-03-16T03:06:42.845+0000] {processor.py:925} INFO - DAG(s) 'example_complex' retrieved from /home/airflow/.local/lib/python3.12/site-packages/airflow/example_dags/example_complex.py
[2025-03-16T03:06:42.895+0000] {logging_mixin.py:190} INFO - [2025-03-16T03:06:42.894+0000] {dag.py:3239} INFO - Sync 1 DAGs
[2025-03-16T03:06:42.925+0000] {logging_mixin.py:190} INFO - [2025-03-16T03:06:42.925+0000] {dag.py:4180} INFO - Setting next_dagrun for example_complex to None, run_after=None
[2025-03-16T03:06:42.965+0000] {processor.py:208} INFO - Processing /home/airflow/.local/lib/python3.12/site-packages/airflow/example_dags/example_complex.py took 0.157 seconds
[2025-03-16T03:07:13.424+0000] {processor.py:186} INFO - Started process (PID=3239) to work on /home/airflow/.local/lib/python3.12/site-packages/airflow/example_dags/example_complex.py
[2025-03-16T03:07:13.425+0000] {processor.py:914} INFO - Processing file /home/airflow/.local/lib/python3.12/site-packages/airflow/example_dags/example_complex.py for tasks to queue
[2025-03-16T03:07:13.429+0000] {logging_mixin.py:190} INFO - [2025-03-16T03:07:13.428+0000] {dagbag.py:588} INFO - Filling up the DagBag from /home/airflow/.local/lib/python3.12/site-packages/airflow/example_dags/example_complex.py
[2025-03-16T03:07:13.453+0000] {processor.py:925} INFO - DAG(s) 'example_complex' retrieved from /home/airflow/.local/lib/python3.12/site-packages/airflow/example_dags/example_complex.py
[2025-03-16T03:07:13.510+0000] {logging_mixin.py:190} INFO - [2025-03-16T03:07:13.509+0000] {dag.py:3239} INFO - Sync 1 DAGs
[2025-03-16T03:07:13.530+0000] {logging_mixin.py:190} INFO - [2025-03-16T03:07:13.530+0000] {dag.py:4180} INFO - Setting next_dagrun for example_complex to None, run_after=None
[2025-03-16T03:07:13.562+0000] {processor.py:208} INFO - Processing /home/airflow/.local/lib/python3.12/site-packages/airflow/example_dags/example_complex.py took 0.146 seconds
[2025-03-16T03:07:44.071+0000] {processor.py:186} INFO - Started process (PID=3304) to work on /home/airflow/.local/lib/python3.12/site-packages/airflow/example_dags/example_complex.py
[2025-03-16T03:07:44.073+0000] {processor.py:914} INFO - Processing file /home/airflow/.local/lib/python3.12/site-packages/airflow/example_dags/example_complex.py for tasks to queue
[2025-03-16T03:07:44.078+0000] {logging_mixin.py:190} INFO - [2025-03-16T03:07:44.077+0000] {dagbag.py:588} INFO - Filling up the DagBag from /home/airflow/.local/lib/python3.12/site-packages/airflow/example_dags/example_complex.py
[2025-03-16T03:07:44.099+0000] {processor.py:925} INFO - DAG(s) 'example_complex' retrieved from /home/airflow/.local/lib/python3.12/site-packages/airflow/example_dags/example_complex.py
[2025-03-16T03:07:44.150+0000] {logging_mixin.py:190} INFO - [2025-03-16T03:07:44.150+0000] {dag.py:3239} INFO - Sync 1 DAGs
[2025-03-16T03:07:44.179+0000] {logging_mixin.py:190} INFO - [2025-03-16T03:07:44.179+0000] {dag.py:4180} INFO - Setting next_dagrun for example_complex to None, run_after=None
[2025-03-16T03:07:44.217+0000] {processor.py:208} INFO - Processing /home/airflow/.local/lib/python3.12/site-packages/airflow/example_dags/example_complex.py took 0.156 seconds
[2025-03-16T03:08:14.998+0000] {processor.py:186} INFO - Started process (PID=3369) to work on /home/airflow/.local/lib/python3.12/site-packages/airflow/example_dags/example_complex.py
[2025-03-16T03:08:15.002+0000] {processor.py:914} INFO - Processing file /home/airflow/.local/lib/python3.12/site-packages/airflow/example_dags/example_complex.py for tasks to queue
[2025-03-16T03:08:15.008+0000] {logging_mixin.py:190} INFO - [2025-03-16T03:08:15.007+0000] {dagbag.py:588} INFO - Filling up the DagBag from /home/airflow/.local/lib/python3.12/site-packages/airflow/example_dags/example_complex.py
[2025-03-16T03:08:15.071+0000] {processor.py:925} INFO - DAG(s) 'example_complex' retrieved from /home/airflow/.local/lib/python3.12/site-packages/airflow/example_dags/example_complex.py
[2025-03-16T03:08:15.287+0000] {logging_mixin.py:190} INFO - [2025-03-16T03:08:15.286+0000] {dag.py:3239} INFO - Sync 1 DAGs
[2025-03-16T03:08:15.382+0000] {logging_mixin.py:190} INFO - [2025-03-16T03:08:15.381+0000] {dag.py:4180} INFO - Setting next_dagrun for example_complex to None, run_after=None
[2025-03-16T03:08:15.449+0000] {processor.py:208} INFO - Processing /home/airflow/.local/lib/python3.12/site-packages/airflow/example_dags/example_complex.py took 0.472 seconds
[2025-03-16T03:08:45.874+0000] {processor.py:186} INFO - Started process (PID=3434) to work on /home/airflow/.local/lib/python3.12/site-packages/airflow/example_dags/example_complex.py
[2025-03-16T03:08:45.875+0000] {processor.py:914} INFO - Processing file /home/airflow/.local/lib/python3.12/site-packages/airflow/example_dags/example_complex.py for tasks to queue
[2025-03-16T03:08:45.879+0000] {logging_mixin.py:190} INFO - [2025-03-16T03:08:45.878+0000] {dagbag.py:588} INFO - Filling up the DagBag from /home/airflow/.local/lib/python3.12/site-packages/airflow/example_dags/example_complex.py
[2025-03-16T03:08:45.898+0000] {processor.py:925} INFO - DAG(s) 'example_complex' retrieved from /home/airflow/.local/lib/python3.12/site-packages/airflow/example_dags/example_complex.py
[2025-03-16T03:08:45.952+0000] {logging_mixin.py:190} INFO - [2025-03-16T03:08:45.952+0000] {dag.py:3239} INFO - Sync 1 DAGs
[2025-03-16T03:08:45.984+0000] {logging_mixin.py:190} INFO - [2025-03-16T03:08:45.984+0000] {dag.py:4180} INFO - Setting next_dagrun for example_complex to None, run_after=None
[2025-03-16T03:08:46.032+0000] {processor.py:208} INFO - Processing /home/airflow/.local/lib/python3.12/site-packages/airflow/example_dags/example_complex.py took 0.167 seconds
[2025-03-16T03:09:16.488+0000] {processor.py:186} INFO - Started process (PID=3492) to work on /home/airflow/.local/lib/python3.12/site-packages/airflow/example_dags/example_complex.py
[2025-03-16T03:09:16.490+0000] {processor.py:914} INFO - Processing file /home/airflow/.local/lib/python3.12/site-packages/airflow/example_dags/example_complex.py for tasks to queue
[2025-03-16T03:09:16.496+0000] {logging_mixin.py:190} INFO - [2025-03-16T03:09:16.495+0000] {dagbag.py:588} INFO - Filling up the DagBag from /home/airflow/.local/lib/python3.12/site-packages/airflow/example_dags/example_complex.py
[2025-03-16T03:09:16.524+0000] {processor.py:925} INFO - DAG(s) 'example_complex' retrieved from /home/airflow/.local/lib/python3.12/site-packages/airflow/example_dags/example_complex.py
[2025-03-16T03:09:16.592+0000] {logging_mixin.py:190} INFO - [2025-03-16T03:09:16.591+0000] {dag.py:3239} INFO - Sync 1 DAGs
[2025-03-16T03:09:16.622+0000] {logging_mixin.py:190} INFO - [2025-03-16T03:09:16.621+0000] {dag.py:4180} INFO - Setting next_dagrun for example_complex to None, run_after=None
[2025-03-16T03:09:16.657+0000] {processor.py:208} INFO - Processing /home/airflow/.local/lib/python3.12/site-packages/airflow/example_dags/example_complex.py took 0.183 seconds
[2025-03-16T03:09:47.223+0000] {processor.py:186} INFO - Started process (PID=3554) to work on /home/airflow/.local/lib/python3.12/site-packages/airflow/example_dags/example_complex.py
[2025-03-16T03:09:47.226+0000] {processor.py:914} INFO - Processing file /home/airflow/.local/lib/python3.12/site-packages/airflow/example_dags/example_complex.py for tasks to queue
[2025-03-16T03:09:47.231+0000] {logging_mixin.py:190} INFO - [2025-03-16T03:09:47.230+0000] {dagbag.py:588} INFO - Filling up the DagBag from /home/airflow/.local/lib/python3.12/site-packages/airflow/example_dags/example_complex.py
[2025-03-16T03:09:47.257+0000] {processor.py:925} INFO - DAG(s) 'example_complex' retrieved from /home/airflow/.local/lib/python3.12/site-packages/airflow/example_dags/example_complex.py
[2025-03-16T03:09:47.318+0000] {logging_mixin.py:190} INFO - [2025-03-16T03:09:47.317+0000] {dag.py:3239} INFO - Sync 1 DAGs
[2025-03-16T03:09:47.346+0000] {logging_mixin.py:190} INFO - [2025-03-16T03:09:47.345+0000] {dag.py:4180} INFO - Setting next_dagrun for example_complex to None, run_after=None
[2025-03-16T03:09:47.380+0000] {processor.py:208} INFO - Processing /home/airflow/.local/lib/python3.12/site-packages/airflow/example_dags/example_complex.py took 0.169 seconds
[2025-03-16T03:10:17.741+0000] {processor.py:186} INFO - Started process (PID=3617) to work on /home/airflow/.local/lib/python3.12/site-packages/airflow/example_dags/example_complex.py
[2025-03-16T03:10:17.743+0000] {processor.py:914} INFO - Processing file /home/airflow/.local/lib/python3.12/site-packages/airflow/example_dags/example_complex.py for tasks to queue
[2025-03-16T03:10:17.748+0000] {logging_mixin.py:190} INFO - [2025-03-16T03:10:17.747+0000] {dagbag.py:588} INFO - Filling up the DagBag from /home/airflow/.local/lib/python3.12/site-packages/airflow/example_dags/example_complex.py
[2025-03-16T03:10:17.780+0000] {processor.py:925} INFO - DAG(s) 'example_complex' retrieved from /home/airflow/.local/lib/python3.12/site-packages/airflow/example_dags/example_complex.py
[2025-03-16T03:10:17.853+0000] {logging_mixin.py:190} INFO - [2025-03-16T03:10:17.853+0000] {dag.py:3239} INFO - Sync 1 DAGs
[2025-03-16T03:10:17.878+0000] {logging_mixin.py:190} INFO - [2025-03-16T03:10:17.878+0000] {dag.py:4180} INFO - Setting next_dagrun for example_complex to None, run_after=None
[2025-03-16T03:10:17.917+0000] {processor.py:208} INFO - Processing /home/airflow/.local/lib/python3.12/site-packages/airflow/example_dags/example_complex.py took 0.185 seconds
[2025-03-16T03:10:48.078+0000] {processor.py:186} INFO - Started process (PID=3683) to work on /home/airflow/.local/lib/python3.12/site-packages/airflow/example_dags/example_complex.py
[2025-03-16T03:10:48.080+0000] {processor.py:914} INFO - Processing file /home/airflow/.local/lib/python3.12/site-packages/airflow/example_dags/example_complex.py for tasks to queue
[2025-03-16T03:10:48.084+0000] {logging_mixin.py:190} INFO - [2025-03-16T03:10:48.084+0000] {dagbag.py:588} INFO - Filling up the DagBag from /home/airflow/.local/lib/python3.12/site-packages/airflow/example_dags/example_complex.py
[2025-03-16T03:10:48.102+0000] {processor.py:925} INFO - DAG(s) 'example_complex' retrieved from /home/airflow/.local/lib/python3.12/site-packages/airflow/example_dags/example_complex.py
[2025-03-16T03:10:48.148+0000] {logging_mixin.py:190} INFO - [2025-03-16T03:10:48.147+0000] {dag.py:3239} INFO - Sync 1 DAGs
[2025-03-16T03:10:48.169+0000] {logging_mixin.py:190} INFO - [2025-03-16T03:10:48.168+0000] {dag.py:4180} INFO - Setting next_dagrun for example_complex to None, run_after=None
[2025-03-16T03:10:48.204+0000] {processor.py:208} INFO - Processing /home/airflow/.local/lib/python3.12/site-packages/airflow/example_dags/example_complex.py took 0.133 seconds
[2025-03-16T03:11:18.544+0000] {processor.py:186} INFO - Started process (PID=3747) to work on /home/airflow/.local/lib/python3.12/site-packages/airflow/example_dags/example_complex.py
[2025-03-16T03:11:18.545+0000] {processor.py:914} INFO - Processing file /home/airflow/.local/lib/python3.12/site-packages/airflow/example_dags/example_complex.py for tasks to queue
[2025-03-16T03:11:18.549+0000] {logging_mixin.py:190} INFO - [2025-03-16T03:11:18.548+0000] {dagbag.py:588} INFO - Filling up the DagBag from /home/airflow/.local/lib/python3.12/site-packages/airflow/example_dags/example_complex.py
[2025-03-16T03:11:18.564+0000] {processor.py:925} INFO - DAG(s) 'example_complex' retrieved from /home/airflow/.local/lib/python3.12/site-packages/airflow/example_dags/example_complex.py
[2025-03-16T03:11:18.603+0000] {logging_mixin.py:190} INFO - [2025-03-16T03:11:18.603+0000] {dag.py:3239} INFO - Sync 1 DAGs
[2025-03-16T03:11:18.895+0000] {logging_mixin.py:190} INFO - [2025-03-16T03:11:18.895+0000] {dag.py:4180} INFO - Setting next_dagrun for example_complex to None, run_after=None
[2025-03-16T03:11:18.929+0000] {processor.py:208} INFO - Processing /home/airflow/.local/lib/python3.12/site-packages/airflow/example_dags/example_complex.py took 0.392 seconds
[2025-03-16T03:11:49.175+0000] {processor.py:186} INFO - Started process (PID=3812) to work on /home/airflow/.local/lib/python3.12/site-packages/airflow/example_dags/example_complex.py
[2025-03-16T03:11:49.178+0000] {processor.py:914} INFO - Processing file /home/airflow/.local/lib/python3.12/site-packages/airflow/example_dags/example_complex.py for tasks to queue
[2025-03-16T03:11:49.192+0000] {logging_mixin.py:190} INFO - [2025-03-16T03:11:49.191+0000] {dagbag.py:588} INFO - Filling up the DagBag from /home/airflow/.local/lib/python3.12/site-packages/airflow/example_dags/example_complex.py
[2025-03-16T03:11:49.230+0000] {processor.py:925} INFO - DAG(s) 'example_complex' retrieved from /home/airflow/.local/lib/python3.12/site-packages/airflow/example_dags/example_complex.py
[2025-03-16T03:11:49.315+0000] {logging_mixin.py:190} INFO - [2025-03-16T03:11:49.315+0000] {dag.py:3239} INFO - Sync 1 DAGs
[2025-03-16T03:11:49.345+0000] {logging_mixin.py:190} INFO - [2025-03-16T03:11:49.345+0000] {dag.py:4180} INFO - Setting next_dagrun for example_complex to None, run_after=None
[2025-03-16T03:11:49.389+0000] {processor.py:208} INFO - Processing /home/airflow/.local/lib/python3.12/site-packages/airflow/example_dags/example_complex.py took 0.233 seconds
[2025-03-16T03:12:19.488+0000] {processor.py:186} INFO - Started process (PID=3876) to work on /home/airflow/.local/lib/python3.12/site-packages/airflow/example_dags/example_complex.py
[2025-03-16T03:12:19.490+0000] {processor.py:914} INFO - Processing file /home/airflow/.local/lib/python3.12/site-packages/airflow/example_dags/example_complex.py for tasks to queue
[2025-03-16T03:12:19.494+0000] {logging_mixin.py:190} INFO - [2025-03-16T03:12:19.494+0000] {dagbag.py:588} INFO - Filling up the DagBag from /home/airflow/.local/lib/python3.12/site-packages/airflow/example_dags/example_complex.py
[2025-03-16T03:12:19.515+0000] {processor.py:925} INFO - DAG(s) 'example_complex' retrieved from /home/airflow/.local/lib/python3.12/site-packages/airflow/example_dags/example_complex.py
[2025-03-16T03:12:19.564+0000] {logging_mixin.py:190} INFO - [2025-03-16T03:12:19.563+0000] {dag.py:3239} INFO - Sync 1 DAGs
[2025-03-16T03:12:19.586+0000] {logging_mixin.py:190} INFO - [2025-03-16T03:12:19.586+0000] {dag.py:4180} INFO - Setting next_dagrun for example_complex to None, run_after=None
[2025-03-16T03:12:19.631+0000] {processor.py:208} INFO - Processing /home/airflow/.local/lib/python3.12/site-packages/airflow/example_dags/example_complex.py took 0.153 seconds
[2025-03-16T03:12:50.521+0000] {processor.py:186} INFO - Started process (PID=3941) to work on /home/airflow/.local/lib/python3.12/site-packages/airflow/example_dags/example_complex.py
[2025-03-16T03:12:50.523+0000] {processor.py:914} INFO - Processing file /home/airflow/.local/lib/python3.12/site-packages/airflow/example_dags/example_complex.py for tasks to queue
[2025-03-16T03:12:50.527+0000] {logging_mixin.py:190} INFO - [2025-03-16T03:12:50.527+0000] {dagbag.py:588} INFO - Filling up the DagBag from /home/airflow/.local/lib/python3.12/site-packages/airflow/example_dags/example_complex.py
[2025-03-16T03:12:50.551+0000] {processor.py:925} INFO - DAG(s) 'example_complex' retrieved from /home/airflow/.local/lib/python3.12/site-packages/airflow/example_dags/example_complex.py
[2025-03-16T03:12:50.609+0000] {logging_mixin.py:190} INFO - [2025-03-16T03:12:50.608+0000] {dag.py:3239} INFO - Sync 1 DAGs
[2025-03-16T03:12:50.641+0000] {logging_mixin.py:190} INFO - [2025-03-16T03:12:50.641+0000] {dag.py:4180} INFO - Setting next_dagrun for example_complex to None, run_after=None
[2025-03-16T03:12:50.677+0000] {processor.py:208} INFO - Processing /home/airflow/.local/lib/python3.12/site-packages/airflow/example_dags/example_complex.py took 0.167 seconds
[2025-03-16T03:13:21.168+0000] {processor.py:186} INFO - Started process (PID=4005) to work on /home/airflow/.local/lib/python3.12/site-packages/airflow/example_dags/example_complex.py
[2025-03-16T03:13:21.171+0000] {processor.py:914} INFO - Processing file /home/airflow/.local/lib/python3.12/site-packages/airflow/example_dags/example_complex.py for tasks to queue
[2025-03-16T03:13:21.176+0000] {logging_mixin.py:190} INFO - [2025-03-16T03:13:21.175+0000] {dagbag.py:588} INFO - Filling up the DagBag from /home/airflow/.local/lib/python3.12/site-packages/airflow/example_dags/example_complex.py
[2025-03-16T03:13:21.195+0000] {processor.py:925} INFO - DAG(s) 'example_complex' retrieved from /home/airflow/.local/lib/python3.12/site-packages/airflow/example_dags/example_complex.py
[2025-03-16T03:13:21.245+0000] {logging_mixin.py:190} INFO - [2025-03-16T03:13:21.245+0000] {dag.py:3239} INFO - Sync 1 DAGs
[2025-03-16T03:13:21.268+0000] {logging_mixin.py:190} INFO - [2025-03-16T03:13:21.268+0000] {dag.py:4180} INFO - Setting next_dagrun for example_complex to None, run_after=None
[2025-03-16T03:13:21.313+0000] {processor.py:208} INFO - Processing /home/airflow/.local/lib/python3.12/site-packages/airflow/example_dags/example_complex.py took 0.157 seconds
[2025-03-16T03:13:52.129+0000] {processor.py:186} INFO - Started process (PID=4070) to work on /home/airflow/.local/lib/python3.12/site-packages/airflow/example_dags/example_complex.py
[2025-03-16T03:13:52.130+0000] {processor.py:914} INFO - Processing file /home/airflow/.local/lib/python3.12/site-packages/airflow/example_dags/example_complex.py for tasks to queue
[2025-03-16T03:13:52.134+0000] {logging_mixin.py:190} INFO - [2025-03-16T03:13:52.134+0000] {dagbag.py:588} INFO - Filling up the DagBag from /home/airflow/.local/lib/python3.12/site-packages/airflow/example_dags/example_complex.py
[2025-03-16T03:13:52.154+0000] {processor.py:925} INFO - DAG(s) 'example_complex' retrieved from /home/airflow/.local/lib/python3.12/site-packages/airflow/example_dags/example_complex.py
[2025-03-16T03:13:52.214+0000] {logging_mixin.py:190} INFO - [2025-03-16T03:13:52.213+0000] {dag.py:3239} INFO - Sync 1 DAGs
[2025-03-16T03:13:52.245+0000] {logging_mixin.py:190} INFO - [2025-03-16T03:13:52.244+0000] {dag.py:4180} INFO - Setting next_dagrun for example_complex to None, run_after=None
[2025-03-16T03:13:52.286+0000] {processor.py:208} INFO - Processing /home/airflow/.local/lib/python3.12/site-packages/airflow/example_dags/example_complex.py took 0.165 seconds
[2025-03-16T03:14:23.147+0000] {processor.py:186} INFO - Started process (PID=4135) to work on /home/airflow/.local/lib/python3.12/site-packages/airflow/example_dags/example_complex.py
[2025-03-16T03:14:23.156+0000] {processor.py:914} INFO - Processing file /home/airflow/.local/lib/python3.12/site-packages/airflow/example_dags/example_complex.py for tasks to queue
[2025-03-16T03:14:23.163+0000] {logging_mixin.py:190} INFO - [2025-03-16T03:14:23.162+0000] {dagbag.py:588} INFO - Filling up the DagBag from /home/airflow/.local/lib/python3.12/site-packages/airflow/example_dags/example_complex.py
[2025-03-16T03:14:23.203+0000] {processor.py:925} INFO - DAG(s) 'example_complex' retrieved from /home/airflow/.local/lib/python3.12/site-packages/airflow/example_dags/example_complex.py
[2025-03-16T03:14:23.290+0000] {logging_mixin.py:190} INFO - [2025-03-16T03:14:23.289+0000] {dag.py:3239} INFO - Sync 1 DAGs
[2025-03-16T03:14:23.324+0000] {logging_mixin.py:190} INFO - [2025-03-16T03:14:23.324+0000] {dag.py:4180} INFO - Setting next_dagrun for example_complex to None, run_after=None
[2025-03-16T03:14:23.375+0000] {processor.py:208} INFO - Processing /home/airflow/.local/lib/python3.12/site-packages/airflow/example_dags/example_complex.py took 0.265 seconds
[2025-03-16T03:14:53.513+0000] {processor.py:186} INFO - Started process (PID=4200) to work on /home/airflow/.local/lib/python3.12/site-packages/airflow/example_dags/example_complex.py
[2025-03-16T03:14:53.515+0000] {processor.py:914} INFO - Processing file /home/airflow/.local/lib/python3.12/site-packages/airflow/example_dags/example_complex.py for tasks to queue
[2025-03-16T03:14:53.521+0000] {logging_mixin.py:190} INFO - [2025-03-16T03:14:53.520+0000] {dagbag.py:588} INFO - Filling up the DagBag from /home/airflow/.local/lib/python3.12/site-packages/airflow/example_dags/example_complex.py
[2025-03-16T03:14:53.542+0000] {processor.py:925} INFO - DAG(s) 'example_complex' retrieved from /home/airflow/.local/lib/python3.12/site-packages/airflow/example_dags/example_complex.py
[2025-03-16T03:14:53.588+0000] {logging_mixin.py:190} INFO - [2025-03-16T03:14:53.588+0000] {dag.py:3239} INFO - Sync 1 DAGs
[2025-03-16T03:14:53.617+0000] {logging_mixin.py:190} INFO - [2025-03-16T03:14:53.616+0000] {dag.py:4180} INFO - Setting next_dagrun for example_complex to None, run_after=None
[2025-03-16T03:14:53.650+0000] {processor.py:208} INFO - Processing /home/airflow/.local/lib/python3.12/site-packages/airflow/example_dags/example_complex.py took 0.145 seconds
[2025-03-16T03:15:24.586+0000] {processor.py:186} INFO - Started process (PID=4265) to work on /home/airflow/.local/lib/python3.12/site-packages/airflow/example_dags/example_complex.py
[2025-03-16T03:15:24.589+0000] {processor.py:914} INFO - Processing file /home/airflow/.local/lib/python3.12/site-packages/airflow/example_dags/example_complex.py for tasks to queue
[2025-03-16T03:15:24.593+0000] {logging_mixin.py:190} INFO - [2025-03-16T03:15:24.592+0000] {dagbag.py:588} INFO - Filling up the DagBag from /home/airflow/.local/lib/python3.12/site-packages/airflow/example_dags/example_complex.py
[2025-03-16T03:15:24.618+0000] {processor.py:925} INFO - DAG(s) 'example_complex' retrieved from /home/airflow/.local/lib/python3.12/site-packages/airflow/example_dags/example_complex.py
[2025-03-16T03:15:24.672+0000] {logging_mixin.py:190} INFO - [2025-03-16T03:15:24.672+0000] {dag.py:3239} INFO - Sync 1 DAGs
[2025-03-16T03:15:24.697+0000] {logging_mixin.py:190} INFO - [2025-03-16T03:15:24.697+0000] {dag.py:4180} INFO - Setting next_dagrun for example_complex to None, run_after=None
[2025-03-16T03:15:24.732+0000] {processor.py:208} INFO - Processing /home/airflow/.local/lib/python3.12/site-packages/airflow/example_dags/example_complex.py took 0.155 seconds
[2025-03-16T03:15:54.923+0000] {processor.py:186} INFO - Started process (PID=4331) to work on /home/airflow/.local/lib/python3.12/site-packages/airflow/example_dags/example_complex.py
[2025-03-16T03:15:54.926+0000] {processor.py:914} INFO - Processing file /home/airflow/.local/lib/python3.12/site-packages/airflow/example_dags/example_complex.py for tasks to queue
[2025-03-16T03:15:54.931+0000] {logging_mixin.py:190} INFO - [2025-03-16T03:15:54.930+0000] {dagbag.py:588} INFO - Filling up the DagBag from /home/airflow/.local/lib/python3.12/site-packages/airflow/example_dags/example_complex.py
[2025-03-16T03:15:54.956+0000] {processor.py:925} INFO - DAG(s) 'example_complex' retrieved from /home/airflow/.local/lib/python3.12/site-packages/airflow/example_dags/example_complex.py
[2025-03-16T03:15:55.023+0000] {logging_mixin.py:190} INFO - [2025-03-16T03:15:55.023+0000] {dag.py:3239} INFO - Sync 1 DAGs
[2025-03-16T03:15:55.048+0000] {logging_mixin.py:190} INFO - [2025-03-16T03:15:55.048+0000] {dag.py:4180} INFO - Setting next_dagrun for example_complex to None, run_after=None
[2025-03-16T03:15:55.082+0000] {processor.py:208} INFO - Processing /home/airflow/.local/lib/python3.12/site-packages/airflow/example_dags/example_complex.py took 0.169 seconds
[2025-03-16T03:16:25.556+0000] {processor.py:186} INFO - Started process (PID=4396) to work on /home/airflow/.local/lib/python3.12/site-packages/airflow/example_dags/example_complex.py
[2025-03-16T03:16:25.564+0000] {processor.py:914} INFO - Processing file /home/airflow/.local/lib/python3.12/site-packages/airflow/example_dags/example_complex.py for tasks to queue
[2025-03-16T03:16:25.571+0000] {logging_mixin.py:190} INFO - [2025-03-16T03:16:25.570+0000] {dagbag.py:588} INFO - Filling up the DagBag from /home/airflow/.local/lib/python3.12/site-packages/airflow/example_dags/example_complex.py
[2025-03-16T03:16:25.611+0000] {processor.py:925} INFO - DAG(s) 'example_complex' retrieved from /home/airflow/.local/lib/python3.12/site-packages/airflow/example_dags/example_complex.py
[2025-03-16T03:16:25.685+0000] {logging_mixin.py:190} INFO - [2025-03-16T03:16:25.684+0000] {dag.py:3239} INFO - Sync 1 DAGs
[2025-03-16T03:16:25.726+0000] {logging_mixin.py:190} INFO - [2025-03-16T03:16:25.726+0000] {dag.py:4180} INFO - Setting next_dagrun for example_complex to None, run_after=None
[2025-03-16T03:16:25.771+0000] {processor.py:208} INFO - Processing /home/airflow/.local/lib/python3.12/site-packages/airflow/example_dags/example_complex.py took 0.224 seconds
[2025-03-16T03:16:56.752+0000] {processor.py:186} INFO - Started process (PID=4467) to work on /home/airflow/.local/lib/python3.12/site-packages/airflow/example_dags/example_complex.py
[2025-03-16T03:16:56.754+0000] {processor.py:914} INFO - Processing file /home/airflow/.local/lib/python3.12/site-packages/airflow/example_dags/example_complex.py for tasks to queue
[2025-03-16T03:16:56.758+0000] {logging_mixin.py:190} INFO - [2025-03-16T03:16:56.758+0000] {dagbag.py:588} INFO - Filling up the DagBag from /home/airflow/.local/lib/python3.12/site-packages/airflow/example_dags/example_complex.py
[2025-03-16T03:16:56.781+0000] {processor.py:925} INFO - DAG(s) 'example_complex' retrieved from /home/airflow/.local/lib/python3.12/site-packages/airflow/example_dags/example_complex.py
[2025-03-16T03:16:56.829+0000] {logging_mixin.py:190} INFO - [2025-03-16T03:16:56.829+0000] {dag.py:3239} INFO - Sync 1 DAGs
[2025-03-16T03:16:56.859+0000] {logging_mixin.py:190} INFO - [2025-03-16T03:16:56.858+0000] {dag.py:4180} INFO - Setting next_dagrun for example_complex to None, run_after=None
[2025-03-16T03:16:56.901+0000] {processor.py:208} INFO - Processing /home/airflow/.local/lib/python3.12/site-packages/airflow/example_dags/example_complex.py took 0.159 seconds
[2025-03-16T03:17:27.241+0000] {processor.py:186} INFO - Started process (PID=4532) to work on /home/airflow/.local/lib/python3.12/site-packages/airflow/example_dags/example_complex.py
[2025-03-16T03:17:27.242+0000] {processor.py:914} INFO - Processing file /home/airflow/.local/lib/python3.12/site-packages/airflow/example_dags/example_complex.py for tasks to queue
[2025-03-16T03:17:27.247+0000] {logging_mixin.py:190} INFO - [2025-03-16T03:17:27.246+0000] {dagbag.py:588} INFO - Filling up the DagBag from /home/airflow/.local/lib/python3.12/site-packages/airflow/example_dags/example_complex.py
[2025-03-16T03:17:27.270+0000] {processor.py:925} INFO - DAG(s) 'example_complex' retrieved from /home/airflow/.local/lib/python3.12/site-packages/airflow/example_dags/example_complex.py
[2025-03-16T03:17:27.358+0000] {logging_mixin.py:190} INFO - [2025-03-16T03:17:27.357+0000] {dag.py:3239} INFO - Sync 1 DAGs
[2025-03-16T03:17:27.399+0000] {logging_mixin.py:190} INFO - [2025-03-16T03:17:27.399+0000] {dag.py:4180} INFO - Setting next_dagrun for example_complex to None, run_after=None
[2025-03-16T03:17:27.448+0000] {processor.py:208} INFO - Processing /home/airflow/.local/lib/python3.12/site-packages/airflow/example_dags/example_complex.py took 0.217 seconds
[2025-03-16T03:17:57.654+0000] {processor.py:186} INFO - Started process (PID=4597) to work on /home/airflow/.local/lib/python3.12/site-packages/airflow/example_dags/example_complex.py
[2025-03-16T03:17:57.655+0000] {processor.py:914} INFO - Processing file /home/airflow/.local/lib/python3.12/site-packages/airflow/example_dags/example_complex.py for tasks to queue
[2025-03-16T03:17:57.660+0000] {logging_mixin.py:190} INFO - [2025-03-16T03:17:57.659+0000] {dagbag.py:588} INFO - Filling up the DagBag from /home/airflow/.local/lib/python3.12/site-packages/airflow/example_dags/example_complex.py
[2025-03-16T03:17:57.681+0000] {processor.py:925} INFO - DAG(s) 'example_complex' retrieved from /home/airflow/.local/lib/python3.12/site-packages/airflow/example_dags/example_complex.py
[2025-03-16T03:17:57.734+0000] {logging_mixin.py:190} INFO - [2025-03-16T03:17:57.733+0000] {dag.py:3239} INFO - Sync 1 DAGs
[2025-03-16T03:17:57.757+0000] {logging_mixin.py:190} INFO - [2025-03-16T03:17:57.757+0000] {dag.py:4180} INFO - Setting next_dagrun for example_complex to None, run_after=None
[2025-03-16T03:17:57.788+0000] {processor.py:208} INFO - Processing /home/airflow/.local/lib/python3.12/site-packages/airflow/example_dags/example_complex.py took 0.144 seconds
[2025-03-16T03:18:28.167+0000] {processor.py:186} INFO - Started process (PID=4662) to work on /home/airflow/.local/lib/python3.12/site-packages/airflow/example_dags/example_complex.py
[2025-03-16T03:18:28.171+0000] {processor.py:914} INFO - Processing file /home/airflow/.local/lib/python3.12/site-packages/airflow/example_dags/example_complex.py for tasks to queue
[2025-03-16T03:18:28.177+0000] {logging_mixin.py:190} INFO - [2025-03-16T03:18:28.176+0000] {dagbag.py:588} INFO - Filling up the DagBag from /home/airflow/.local/lib/python3.12/site-packages/airflow/example_dags/example_complex.py
[2025-03-16T03:18:28.214+0000] {processor.py:925} INFO - DAG(s) 'example_complex' retrieved from /home/airflow/.local/lib/python3.12/site-packages/airflow/example_dags/example_complex.py
[2025-03-16T03:18:28.363+0000] {logging_mixin.py:190} INFO - [2025-03-16T03:18:28.362+0000] {dag.py:3239} INFO - Sync 1 DAGs
[2025-03-16T03:18:28.396+0000] {logging_mixin.py:190} INFO - [2025-03-16T03:18:28.396+0000] {dag.py:4180} INFO - Setting next_dagrun for example_complex to None, run_after=None
[2025-03-16T03:18:28.436+0000] {processor.py:208} INFO - Processing /home/airflow/.local/lib/python3.12/site-packages/airflow/example_dags/example_complex.py took 0.286 seconds
[2025-03-16T03:18:58.849+0000] {processor.py:186} INFO - Started process (PID=4728) to work on /home/airflow/.local/lib/python3.12/site-packages/airflow/example_dags/example_complex.py
[2025-03-16T03:18:58.851+0000] {processor.py:914} INFO - Processing file /home/airflow/.local/lib/python3.12/site-packages/airflow/example_dags/example_complex.py for tasks to queue
[2025-03-16T03:18:58.856+0000] {logging_mixin.py:190} INFO - [2025-03-16T03:18:58.855+0000] {dagbag.py:588} INFO - Filling up the DagBag from /home/airflow/.local/lib/python3.12/site-packages/airflow/example_dags/example_complex.py
[2025-03-16T03:18:58.882+0000] {processor.py:925} INFO - DAG(s) 'example_complex' retrieved from /home/airflow/.local/lib/python3.12/site-packages/airflow/example_dags/example_complex.py
[2025-03-16T03:18:58.936+0000] {logging_mixin.py:190} INFO - [2025-03-16T03:18:58.936+0000] {dag.py:3239} INFO - Sync 1 DAGs
[2025-03-16T03:18:58.960+0000] {logging_mixin.py:190} INFO - [2025-03-16T03:18:58.960+0000] {dag.py:4180} INFO - Setting next_dagrun for example_complex to None, run_after=None
[2025-03-16T03:18:58.995+0000] {processor.py:208} INFO - Processing /home/airflow/.local/lib/python3.12/site-packages/airflow/example_dags/example_complex.py took 0.155 seconds
[2025-03-16T03:19:29.214+0000] {processor.py:186} INFO - Started process (PID=4793) to work on /home/airflow/.local/lib/python3.12/site-packages/airflow/example_dags/example_complex.py
[2025-03-16T03:19:29.216+0000] {processor.py:914} INFO - Processing file /home/airflow/.local/lib/python3.12/site-packages/airflow/example_dags/example_complex.py for tasks to queue
[2025-03-16T03:19:29.223+0000] {logging_mixin.py:190} INFO - [2025-03-16T03:19:29.222+0000] {dagbag.py:588} INFO - Filling up the DagBag from /home/airflow/.local/lib/python3.12/site-packages/airflow/example_dags/example_complex.py
[2025-03-16T03:19:29.257+0000] {processor.py:925} INFO - DAG(s) 'example_complex' retrieved from /home/airflow/.local/lib/python3.12/site-packages/airflow/example_dags/example_complex.py
[2025-03-16T03:19:29.321+0000] {logging_mixin.py:190} INFO - [2025-03-16T03:19:29.321+0000] {dag.py:3239} INFO - Sync 1 DAGs
[2025-03-16T03:19:29.352+0000] {logging_mixin.py:190} INFO - [2025-03-16T03:19:29.351+0000] {dag.py:4180} INFO - Setting next_dagrun for example_complex to None, run_after=None
[2025-03-16T03:19:29.389+0000] {processor.py:208} INFO - Processing /home/airflow/.local/lib/python3.12/site-packages/airflow/example_dags/example_complex.py took 0.188 seconds
[2025-03-16T03:19:59.476+0000] {processor.py:186} INFO - Started process (PID=4858) to work on /home/airflow/.local/lib/python3.12/site-packages/airflow/example_dags/example_complex.py
[2025-03-16T03:19:59.478+0000] {processor.py:914} INFO - Processing file /home/airflow/.local/lib/python3.12/site-packages/airflow/example_dags/example_complex.py for tasks to queue
[2025-03-16T03:19:59.482+0000] {logging_mixin.py:190} INFO - [2025-03-16T03:19:59.481+0000] {dagbag.py:588} INFO - Filling up the DagBag from /home/airflow/.local/lib/python3.12/site-packages/airflow/example_dags/example_complex.py
[2025-03-16T03:19:59.508+0000] {processor.py:925} INFO - DAG(s) 'example_complex' retrieved from /home/airflow/.local/lib/python3.12/site-packages/airflow/example_dags/example_complex.py
[2025-03-16T03:19:59.554+0000] {logging_mixin.py:190} INFO - [2025-03-16T03:19:59.554+0000] {dag.py:3239} INFO - Sync 1 DAGs
[2025-03-16T03:19:59.575+0000] {logging_mixin.py:190} INFO - [2025-03-16T03:19:59.575+0000] {dag.py:4180} INFO - Setting next_dagrun for example_complex to None, run_after=None
[2025-03-16T03:19:59.609+0000] {processor.py:208} INFO - Processing /home/airflow/.local/lib/python3.12/site-packages/airflow/example_dags/example_complex.py took 0.142 seconds
[2025-03-16T03:20:30.395+0000] {processor.py:186} INFO - Started process (PID=4923) to work on /home/airflow/.local/lib/python3.12/site-packages/airflow/example_dags/example_complex.py
[2025-03-16T03:20:30.396+0000] {processor.py:914} INFO - Processing file /home/airflow/.local/lib/python3.12/site-packages/airflow/example_dags/example_complex.py for tasks to queue
[2025-03-16T03:20:30.400+0000] {logging_mixin.py:190} INFO - [2025-03-16T03:20:30.399+0000] {dagbag.py:588} INFO - Filling up the DagBag from /home/airflow/.local/lib/python3.12/site-packages/airflow/example_dags/example_complex.py
[2025-03-16T03:20:30.419+0000] {processor.py:925} INFO - DAG(s) 'example_complex' retrieved from /home/airflow/.local/lib/python3.12/site-packages/airflow/example_dags/example_complex.py
[2025-03-16T03:20:30.463+0000] {logging_mixin.py:190} INFO - [2025-03-16T03:20:30.462+0000] {dag.py:3239} INFO - Sync 1 DAGs
[2025-03-16T03:20:30.482+0000] {logging_mixin.py:190} INFO - [2025-03-16T03:20:30.481+0000] {dag.py:4180} INFO - Setting next_dagrun for example_complex to None, run_after=None
[2025-03-16T03:20:30.513+0000] {processor.py:208} INFO - Processing /home/airflow/.local/lib/python3.12/site-packages/airflow/example_dags/example_complex.py took 0.126 seconds
[2025-03-16T03:21:00.827+0000] {processor.py:186} INFO - Started process (PID=4988) to work on /home/airflow/.local/lib/python3.12/site-packages/airflow/example_dags/example_complex.py
[2025-03-16T03:21:00.828+0000] {processor.py:914} INFO - Processing file /home/airflow/.local/lib/python3.12/site-packages/airflow/example_dags/example_complex.py for tasks to queue
[2025-03-16T03:21:00.832+0000] {logging_mixin.py:190} INFO - [2025-03-16T03:21:00.832+0000] {dagbag.py:588} INFO - Filling up the DagBag from /home/airflow/.local/lib/python3.12/site-packages/airflow/example_dags/example_complex.py
[2025-03-16T03:21:00.852+0000] {processor.py:925} INFO - DAG(s) 'example_complex' retrieved from /home/airflow/.local/lib/python3.12/site-packages/airflow/example_dags/example_complex.py
[2025-03-16T03:21:00.917+0000] {logging_mixin.py:190} INFO - [2025-03-16T03:21:00.917+0000] {dag.py:3239} INFO - Sync 1 DAGs
[2025-03-16T03:21:00.938+0000] {logging_mixin.py:190} INFO - [2025-03-16T03:21:00.938+0000] {dag.py:4180} INFO - Setting next_dagrun for example_complex to None, run_after=None
[2025-03-16T03:21:00.971+0000] {processor.py:208} INFO - Processing /home/airflow/.local/lib/python3.12/site-packages/airflow/example_dags/example_complex.py took 0.152 seconds
[2025-03-16T03:21:31.214+0000] {processor.py:186} INFO - Started process (PID=5053) to work on /home/airflow/.local/lib/python3.12/site-packages/airflow/example_dags/example_complex.py
[2025-03-16T03:21:31.216+0000] {processor.py:914} INFO - Processing file /home/airflow/.local/lib/python3.12/site-packages/airflow/example_dags/example_complex.py for tasks to queue
[2025-03-16T03:21:31.219+0000] {logging_mixin.py:190} INFO - [2025-03-16T03:21:31.219+0000] {dagbag.py:588} INFO - Filling up the DagBag from /home/airflow/.local/lib/python3.12/site-packages/airflow/example_dags/example_complex.py
[2025-03-16T03:21:31.237+0000] {processor.py:925} INFO - DAG(s) 'example_complex' retrieved from /home/airflow/.local/lib/python3.12/site-packages/airflow/example_dags/example_complex.py
[2025-03-16T03:21:31.284+0000] {logging_mixin.py:190} INFO - [2025-03-16T03:21:31.284+0000] {dag.py:3239} INFO - Sync 1 DAGs
[2025-03-16T03:21:31.308+0000] {logging_mixin.py:190} INFO - [2025-03-16T03:21:31.307+0000] {dag.py:4180} INFO - Setting next_dagrun for example_complex to None, run_after=None
[2025-03-16T03:21:31.343+0000] {processor.py:208} INFO - Processing /home/airflow/.local/lib/python3.12/site-packages/airflow/example_dags/example_complex.py took 0.137 seconds
[2025-03-16T03:22:01.460+0000] {processor.py:186} INFO - Started process (PID=5117) to work on /home/airflow/.local/lib/python3.12/site-packages/airflow/example_dags/example_complex.py
[2025-03-16T03:22:01.462+0000] {processor.py:914} INFO - Processing file /home/airflow/.local/lib/python3.12/site-packages/airflow/example_dags/example_complex.py for tasks to queue
[2025-03-16T03:22:01.466+0000] {logging_mixin.py:190} INFO - [2025-03-16T03:22:01.465+0000] {dagbag.py:588} INFO - Filling up the DagBag from /home/airflow/.local/lib/python3.12/site-packages/airflow/example_dags/example_complex.py
[2025-03-16T03:22:01.484+0000] {processor.py:925} INFO - DAG(s) 'example_complex' retrieved from /home/airflow/.local/lib/python3.12/site-packages/airflow/example_dags/example_complex.py
[2025-03-16T03:22:01.541+0000] {logging_mixin.py:190} INFO - [2025-03-16T03:22:01.541+0000] {dag.py:3239} INFO - Sync 1 DAGs
[2025-03-16T03:22:01.565+0000] {logging_mixin.py:190} INFO - [2025-03-16T03:22:01.564+0000] {dag.py:4180} INFO - Setting next_dagrun for example_complex to None, run_after=None
[2025-03-16T03:22:01.602+0000] {processor.py:208} INFO - Processing /home/airflow/.local/lib/python3.12/site-packages/airflow/example_dags/example_complex.py took 0.150 seconds
[2025-03-16T03:22:32.213+0000] {processor.py:186} INFO - Started process (PID=5182) to work on /home/airflow/.local/lib/python3.12/site-packages/airflow/example_dags/example_complex.py
[2025-03-16T03:22:32.215+0000] {processor.py:914} INFO - Processing file /home/airflow/.local/lib/python3.12/site-packages/airflow/example_dags/example_complex.py for tasks to queue
[2025-03-16T03:22:32.220+0000] {logging_mixin.py:190} INFO - [2025-03-16T03:22:32.219+0000] {dagbag.py:588} INFO - Filling up the DagBag from /home/airflow/.local/lib/python3.12/site-packages/airflow/example_dags/example_complex.py
[2025-03-16T03:22:32.244+0000] {processor.py:925} INFO - DAG(s) 'example_complex' retrieved from /home/airflow/.local/lib/python3.12/site-packages/airflow/example_dags/example_complex.py
[2025-03-16T03:22:32.306+0000] {logging_mixin.py:190} INFO - [2025-03-16T03:22:32.305+0000] {dag.py:3239} INFO - Sync 1 DAGs
[2025-03-16T03:22:32.334+0000] {logging_mixin.py:190} INFO - [2025-03-16T03:22:32.333+0000] {dag.py:4180} INFO - Setting next_dagrun for example_complex to None, run_after=None
[2025-03-16T03:22:32.382+0000] {processor.py:208} INFO - Processing /home/airflow/.local/lib/python3.12/site-packages/airflow/example_dags/example_complex.py took 0.183 seconds
[2025-03-16T03:23:02.793+0000] {processor.py:186} INFO - Started process (PID=5247) to work on /home/airflow/.local/lib/python3.12/site-packages/airflow/example_dags/example_complex.py
[2025-03-16T03:23:02.795+0000] {processor.py:914} INFO - Processing file /home/airflow/.local/lib/python3.12/site-packages/airflow/example_dags/example_complex.py for tasks to queue
[2025-03-16T03:23:02.802+0000] {logging_mixin.py:190} INFO - [2025-03-16T03:23:02.801+0000] {dagbag.py:588} INFO - Filling up the DagBag from /home/airflow/.local/lib/python3.12/site-packages/airflow/example_dags/example_complex.py
[2025-03-16T03:23:02.825+0000] {processor.py:925} INFO - DAG(s) 'example_complex' retrieved from /home/airflow/.local/lib/python3.12/site-packages/airflow/example_dags/example_complex.py
[2025-03-16T03:23:02.880+0000] {logging_mixin.py:190} INFO - [2025-03-16T03:23:02.880+0000] {dag.py:3239} INFO - Sync 1 DAGs
[2025-03-16T03:23:02.902+0000] {logging_mixin.py:190} INFO - [2025-03-16T03:23:02.902+0000] {dag.py:4180} INFO - Setting next_dagrun for example_complex to None, run_after=None
[2025-03-16T03:23:02.935+0000] {processor.py:208} INFO - Processing /home/airflow/.local/lib/python3.12/site-packages/airflow/example_dags/example_complex.py took 0.154 seconds
[2025-03-16T03:23:33.901+0000] {processor.py:186} INFO - Started process (PID=5312) to work on /home/airflow/.local/lib/python3.12/site-packages/airflow/example_dags/example_complex.py
[2025-03-16T03:23:33.902+0000] {processor.py:914} INFO - Processing file /home/airflow/.local/lib/python3.12/site-packages/airflow/example_dags/example_complex.py for tasks to queue
[2025-03-16T03:23:33.906+0000] {logging_mixin.py:190} INFO - [2025-03-16T03:23:33.905+0000] {dagbag.py:588} INFO - Filling up the DagBag from /home/airflow/.local/lib/python3.12/site-packages/airflow/example_dags/example_complex.py
[2025-03-16T03:23:33.926+0000] {processor.py:925} INFO - DAG(s) 'example_complex' retrieved from /home/airflow/.local/lib/python3.12/site-packages/airflow/example_dags/example_complex.py
[2025-03-16T03:23:33.981+0000] {logging_mixin.py:190} INFO - [2025-03-16T03:23:33.981+0000] {dag.py:3239} INFO - Sync 1 DAGs
[2025-03-16T03:23:34.003+0000] {logging_mixin.py:190} INFO - [2025-03-16T03:23:34.002+0000] {dag.py:4180} INFO - Setting next_dagrun for example_complex to None, run_after=None
[2025-03-16T03:23:34.035+0000] {processor.py:208} INFO - Processing /home/airflow/.local/lib/python3.12/site-packages/airflow/example_dags/example_complex.py took 0.143 seconds
[2025-03-16T03:24:04.484+0000] {processor.py:186} INFO - Started process (PID=5376) to work on /home/airflow/.local/lib/python3.12/site-packages/airflow/example_dags/example_complex.py
[2025-03-16T03:24:04.486+0000] {processor.py:914} INFO - Processing file /home/airflow/.local/lib/python3.12/site-packages/airflow/example_dags/example_complex.py for tasks to queue
[2025-03-16T03:24:04.489+0000] {logging_mixin.py:190} INFO - [2025-03-16T03:24:04.489+0000] {dagbag.py:588} INFO - Filling up the DagBag from /home/airflow/.local/lib/python3.12/site-packages/airflow/example_dags/example_complex.py
[2025-03-16T03:24:04.509+0000] {processor.py:925} INFO - DAG(s) 'example_complex' retrieved from /home/airflow/.local/lib/python3.12/site-packages/airflow/example_dags/example_complex.py
[2025-03-16T03:24:04.555+0000] {logging_mixin.py:190} INFO - [2025-03-16T03:24:04.554+0000] {dag.py:3239} INFO - Sync 1 DAGs
[2025-03-16T03:24:04.578+0000] {logging_mixin.py:190} INFO - [2025-03-16T03:24:04.578+0000] {dag.py:4180} INFO - Setting next_dagrun for example_complex to None, run_after=None
[2025-03-16T03:24:04.610+0000] {processor.py:208} INFO - Processing /home/airflow/.local/lib/python3.12/site-packages/airflow/example_dags/example_complex.py took 0.134 seconds
[2025-03-16T03:24:34.706+0000] {processor.py:186} INFO - Started process (PID=5441) to work on /home/airflow/.local/lib/python3.12/site-packages/airflow/example_dags/example_complex.py
[2025-03-16T03:24:34.708+0000] {processor.py:914} INFO - Processing file /home/airflow/.local/lib/python3.12/site-packages/airflow/example_dags/example_complex.py for tasks to queue
[2025-03-16T03:24:34.712+0000] {logging_mixin.py:190} INFO - [2025-03-16T03:24:34.712+0000] {dagbag.py:588} INFO - Filling up the DagBag from /home/airflow/.local/lib/python3.12/site-packages/airflow/example_dags/example_complex.py
[2025-03-16T03:24:34.735+0000] {processor.py:925} INFO - DAG(s) 'example_complex' retrieved from /home/airflow/.local/lib/python3.12/site-packages/airflow/example_dags/example_complex.py
[2025-03-16T03:24:34.790+0000] {logging_mixin.py:190} INFO - [2025-03-16T03:24:34.789+0000] {dag.py:3239} INFO - Sync 1 DAGs
[2025-03-16T03:24:34.816+0000] {logging_mixin.py:190} INFO - [2025-03-16T03:24:34.815+0000] {dag.py:4180} INFO - Setting next_dagrun for example_complex to None, run_after=None
[2025-03-16T03:24:34.852+0000] {processor.py:208} INFO - Processing /home/airflow/.local/lib/python3.12/site-packages/airflow/example_dags/example_complex.py took 0.154 seconds
[2025-03-16T03:25:05.222+0000] {processor.py:186} INFO - Started process (PID=5506) to work on /home/airflow/.local/lib/python3.12/site-packages/airflow/example_dags/example_complex.py
[2025-03-16T03:25:05.224+0000] {processor.py:914} INFO - Processing file /home/airflow/.local/lib/python3.12/site-packages/airflow/example_dags/example_complex.py for tasks to queue
[2025-03-16T03:25:05.228+0000] {logging_mixin.py:190} INFO - [2025-03-16T03:25:05.228+0000] {dagbag.py:588} INFO - Filling up the DagBag from /home/airflow/.local/lib/python3.12/site-packages/airflow/example_dags/example_complex.py
[2025-03-16T03:25:05.250+0000] {processor.py:925} INFO - DAG(s) 'example_complex' retrieved from /home/airflow/.local/lib/python3.12/site-packages/airflow/example_dags/example_complex.py
[2025-03-16T03:25:05.305+0000] {logging_mixin.py:190} INFO - [2025-03-16T03:25:05.305+0000] {dag.py:3239} INFO - Sync 1 DAGs
[2025-03-16T03:25:05.329+0000] {logging_mixin.py:190} INFO - [2025-03-16T03:25:05.329+0000] {dag.py:4180} INFO - Setting next_dagrun for example_complex to None, run_after=None
[2025-03-16T03:25:05.366+0000] {processor.py:208} INFO - Processing /home/airflow/.local/lib/python3.12/site-packages/airflow/example_dags/example_complex.py took 0.154 seconds
[2025-03-16T03:25:35.994+0000] {processor.py:186} INFO - Started process (PID=5571) to work on /home/airflow/.local/lib/python3.12/site-packages/airflow/example_dags/example_complex.py
[2025-03-16T03:25:35.995+0000] {processor.py:914} INFO - Processing file /home/airflow/.local/lib/python3.12/site-packages/airflow/example_dags/example_complex.py for tasks to queue
[2025-03-16T03:25:35.998+0000] {logging_mixin.py:190} INFO - [2025-03-16T03:25:35.998+0000] {dagbag.py:588} INFO - Filling up the DagBag from /home/airflow/.local/lib/python3.12/site-packages/airflow/example_dags/example_complex.py
[2025-03-16T03:25:36.014+0000] {processor.py:925} INFO - DAG(s) 'example_complex' retrieved from /home/airflow/.local/lib/python3.12/site-packages/airflow/example_dags/example_complex.py
[2025-03-16T03:25:36.064+0000] {logging_mixin.py:190} INFO - [2025-03-16T03:25:36.064+0000] {dag.py:3239} INFO - Sync 1 DAGs
[2025-03-16T03:25:36.084+0000] {logging_mixin.py:190} INFO - [2025-03-16T03:25:36.084+0000] {dag.py:4180} INFO - Setting next_dagrun for example_complex to None, run_after=None
[2025-03-16T03:25:36.116+0000] {processor.py:208} INFO - Processing /home/airflow/.local/lib/python3.12/site-packages/airflow/example_dags/example_complex.py took 0.129 seconds
[2025-03-16T03:26:06.545+0000] {processor.py:186} INFO - Started process (PID=5636) to work on /home/airflow/.local/lib/python3.12/site-packages/airflow/example_dags/example_complex.py
[2025-03-16T03:26:06.546+0000] {processor.py:914} INFO - Processing file /home/airflow/.local/lib/python3.12/site-packages/airflow/example_dags/example_complex.py for tasks to queue
[2025-03-16T03:26:06.551+0000] {logging_mixin.py:190} INFO - [2025-03-16T03:26:06.550+0000] {dagbag.py:588} INFO - Filling up the DagBag from /home/airflow/.local/lib/python3.12/site-packages/airflow/example_dags/example_complex.py
[2025-03-16T03:26:06.572+0000] {processor.py:925} INFO - DAG(s) 'example_complex' retrieved from /home/airflow/.local/lib/python3.12/site-packages/airflow/example_dags/example_complex.py
[2025-03-16T03:26:06.635+0000] {logging_mixin.py:190} INFO - [2025-03-16T03:26:06.634+0000] {dag.py:3239} INFO - Sync 1 DAGs
[2025-03-16T03:26:06.660+0000] {logging_mixin.py:190} INFO - [2025-03-16T03:26:06.659+0000] {dag.py:4180} INFO - Setting next_dagrun for example_complex to None, run_after=None
[2025-03-16T03:26:06.693+0000] {processor.py:208} INFO - Processing /home/airflow/.local/lib/python3.12/site-packages/airflow/example_dags/example_complex.py took 0.159 seconds
[2025-03-16T03:26:36.926+0000] {processor.py:186} INFO - Started process (PID=5702) to work on /home/airflow/.local/lib/python3.12/site-packages/airflow/example_dags/example_complex.py
[2025-03-16T03:26:36.928+0000] {processor.py:914} INFO - Processing file /home/airflow/.local/lib/python3.12/site-packages/airflow/example_dags/example_complex.py for tasks to queue
[2025-03-16T03:26:36.932+0000] {logging_mixin.py:190} INFO - [2025-03-16T03:26:36.931+0000] {dagbag.py:588} INFO - Filling up the DagBag from /home/airflow/.local/lib/python3.12/site-packages/airflow/example_dags/example_complex.py
[2025-03-16T03:26:36.950+0000] {processor.py:925} INFO - DAG(s) 'example_complex' retrieved from /home/airflow/.local/lib/python3.12/site-packages/airflow/example_dags/example_complex.py
[2025-03-16T03:26:37.011+0000] {logging_mixin.py:190} INFO - [2025-03-16T03:26:37.011+0000] {dag.py:3239} INFO - Sync 1 DAGs
[2025-03-16T03:26:37.034+0000] {logging_mixin.py:190} INFO - [2025-03-16T03:26:37.033+0000] {dag.py:4180} INFO - Setting next_dagrun for example_complex to None, run_after=None
[2025-03-16T03:26:37.068+0000] {processor.py:208} INFO - Processing /home/airflow/.local/lib/python3.12/site-packages/airflow/example_dags/example_complex.py took 0.149 seconds
[2025-03-16T03:27:07.204+0000] {processor.py:186} INFO - Started process (PID=5766) to work on /home/airflow/.local/lib/python3.12/site-packages/airflow/example_dags/example_complex.py
[2025-03-16T03:27:07.207+0000] {processor.py:914} INFO - Processing file /home/airflow/.local/lib/python3.12/site-packages/airflow/example_dags/example_complex.py for tasks to queue
[2025-03-16T03:27:07.211+0000] {logging_mixin.py:190} INFO - [2025-03-16T03:27:07.210+0000] {dagbag.py:588} INFO - Filling up the DagBag from /home/airflow/.local/lib/python3.12/site-packages/airflow/example_dags/example_complex.py
[2025-03-16T03:27:07.241+0000] {processor.py:925} INFO - DAG(s) 'example_complex' retrieved from /home/airflow/.local/lib/python3.12/site-packages/airflow/example_dags/example_complex.py
[2025-03-16T03:27:07.315+0000] {logging_mixin.py:190} INFO - [2025-03-16T03:27:07.314+0000] {dag.py:3239} INFO - Sync 1 DAGs
[2025-03-16T03:27:07.355+0000] {logging_mixin.py:190} INFO - [2025-03-16T03:27:07.355+0000] {dag.py:4180} INFO - Setting next_dagrun for example_complex to None, run_after=None
[2025-03-16T03:27:07.395+0000] {processor.py:208} INFO - Processing /home/airflow/.local/lib/python3.12/site-packages/airflow/example_dags/example_complex.py took 0.200 seconds
[2025-03-16T03:27:37.504+0000] {processor.py:186} INFO - Started process (PID=5831) to work on /home/airflow/.local/lib/python3.12/site-packages/airflow/example_dags/example_complex.py
[2025-03-16T03:27:37.506+0000] {processor.py:914} INFO - Processing file /home/airflow/.local/lib/python3.12/site-packages/airflow/example_dags/example_complex.py for tasks to queue
[2025-03-16T03:27:37.509+0000] {logging_mixin.py:190} INFO - [2025-03-16T03:27:37.508+0000] {dagbag.py:588} INFO - Filling up the DagBag from /home/airflow/.local/lib/python3.12/site-packages/airflow/example_dags/example_complex.py
[2025-03-16T03:27:37.529+0000] {processor.py:925} INFO - DAG(s) 'example_complex' retrieved from /home/airflow/.local/lib/python3.12/site-packages/airflow/example_dags/example_complex.py
[2025-03-16T03:27:37.578+0000] {logging_mixin.py:190} INFO - [2025-03-16T03:27:37.577+0000] {dag.py:3239} INFO - Sync 1 DAGs
[2025-03-16T03:27:37.602+0000] {logging_mixin.py:190} INFO - [2025-03-16T03:27:37.602+0000] {dag.py:4180} INFO - Setting next_dagrun for example_complex to None, run_after=None
[2025-03-16T03:27:37.644+0000] {processor.py:208} INFO - Processing /home/airflow/.local/lib/python3.12/site-packages/airflow/example_dags/example_complex.py took 0.147 seconds
[2025-03-16T03:28:08.130+0000] {processor.py:186} INFO - Started process (PID=5893) to work on /home/airflow/.local/lib/python3.12/site-packages/airflow/example_dags/example_complex.py
[2025-03-16T03:28:08.132+0000] {processor.py:914} INFO - Processing file /home/airflow/.local/lib/python3.12/site-packages/airflow/example_dags/example_complex.py for tasks to queue
[2025-03-16T03:28:08.137+0000] {logging_mixin.py:190} INFO - [2025-03-16T03:28:08.135+0000] {dagbag.py:588} INFO - Filling up the DagBag from /home/airflow/.local/lib/python3.12/site-packages/airflow/example_dags/example_complex.py
[2025-03-16T03:28:08.156+0000] {processor.py:925} INFO - DAG(s) 'example_complex' retrieved from /home/airflow/.local/lib/python3.12/site-packages/airflow/example_dags/example_complex.py
[2025-03-16T03:28:08.211+0000] {logging_mixin.py:190} INFO - [2025-03-16T03:28:08.210+0000] {dag.py:3239} INFO - Sync 1 DAGs
[2025-03-16T03:28:08.243+0000] {logging_mixin.py:190} INFO - [2025-03-16T03:28:08.242+0000] {dag.py:4180} INFO - Setting next_dagrun for example_complex to None, run_after=None
[2025-03-16T03:28:08.290+0000] {processor.py:208} INFO - Processing /home/airflow/.local/lib/python3.12/site-packages/airflow/example_dags/example_complex.py took 0.170 seconds
[2025-03-16T03:28:38.701+0000] {processor.py:186} INFO - Started process (PID=5958) to work on /home/airflow/.local/lib/python3.12/site-packages/airflow/example_dags/example_complex.py
[2025-03-16T03:28:38.703+0000] {processor.py:914} INFO - Processing file /home/airflow/.local/lib/python3.12/site-packages/airflow/example_dags/example_complex.py for tasks to queue
[2025-03-16T03:28:38.707+0000] {logging_mixin.py:190} INFO - [2025-03-16T03:28:38.706+0000] {dagbag.py:588} INFO - Filling up the DagBag from /home/airflow/.local/lib/python3.12/site-packages/airflow/example_dags/example_complex.py
[2025-03-16T03:28:38.722+0000] {processor.py:925} INFO - DAG(s) 'example_complex' retrieved from /home/airflow/.local/lib/python3.12/site-packages/airflow/example_dags/example_complex.py
[2025-03-16T03:28:38.768+0000] {logging_mixin.py:190} INFO - [2025-03-16T03:28:38.767+0000] {dag.py:3239} INFO - Sync 1 DAGs
[2025-03-16T03:28:38.792+0000] {logging_mixin.py:190} INFO - [2025-03-16T03:28:38.791+0000] {dag.py:4180} INFO - Setting next_dagrun for example_complex to None, run_after=None
[2025-03-16T03:28:38.826+0000] {processor.py:208} INFO - Processing /home/airflow/.local/lib/python3.12/site-packages/airflow/example_dags/example_complex.py took 0.132 seconds
[2025-03-16T03:29:09.327+0000] {processor.py:186} INFO - Started process (PID=6022) to work on /home/airflow/.local/lib/python3.12/site-packages/airflow/example_dags/example_complex.py
[2025-03-16T03:29:09.329+0000] {processor.py:914} INFO - Processing file /home/airflow/.local/lib/python3.12/site-packages/airflow/example_dags/example_complex.py for tasks to queue
[2025-03-16T03:29:09.334+0000] {logging_mixin.py:190} INFO - [2025-03-16T03:29:09.333+0000] {dagbag.py:588} INFO - Filling up the DagBag from /home/airflow/.local/lib/python3.12/site-packages/airflow/example_dags/example_complex.py
[2025-03-16T03:29:09.361+0000] {processor.py:925} INFO - DAG(s) 'example_complex' retrieved from /home/airflow/.local/lib/python3.12/site-packages/airflow/example_dags/example_complex.py
[2025-03-16T03:29:09.440+0000] {logging_mixin.py:190} INFO - [2025-03-16T03:29:09.439+0000] {dag.py:3239} INFO - Sync 1 DAGs
[2025-03-16T03:29:09.489+0000] {logging_mixin.py:190} INFO - [2025-03-16T03:29:09.488+0000] {dag.py:4180} INFO - Setting next_dagrun for example_complex to None, run_after=None
[2025-03-16T03:29:09.530+0000] {processor.py:208} INFO - Processing /home/airflow/.local/lib/python3.12/site-packages/airflow/example_dags/example_complex.py took 0.213 seconds
[2025-03-16T03:29:39.736+0000] {processor.py:186} INFO - Started process (PID=6087) to work on /home/airflow/.local/lib/python3.12/site-packages/airflow/example_dags/example_complex.py
[2025-03-16T03:29:39.737+0000] {processor.py:914} INFO - Processing file /home/airflow/.local/lib/python3.12/site-packages/airflow/example_dags/example_complex.py for tasks to queue
[2025-03-16T03:29:39.741+0000] {logging_mixin.py:190} INFO - [2025-03-16T03:29:39.741+0000] {dagbag.py:588} INFO - Filling up the DagBag from /home/airflow/.local/lib/python3.12/site-packages/airflow/example_dags/example_complex.py
[2025-03-16T03:29:39.758+0000] {processor.py:925} INFO - DAG(s) 'example_complex' retrieved from /home/airflow/.local/lib/python3.12/site-packages/airflow/example_dags/example_complex.py
[2025-03-16T03:29:39.804+0000] {logging_mixin.py:190} INFO - [2025-03-16T03:29:39.803+0000] {dag.py:3239} INFO - Sync 1 DAGs
[2025-03-16T03:29:39.826+0000] {logging_mixin.py:190} INFO - [2025-03-16T03:29:39.825+0000] {dag.py:4180} INFO - Setting next_dagrun for example_complex to None, run_after=None
[2025-03-16T03:29:39.860+0000] {processor.py:208} INFO - Processing /home/airflow/.local/lib/python3.12/site-packages/airflow/example_dags/example_complex.py took 0.132 seconds
[2025-03-16T03:30:10.472+0000] {processor.py:186} INFO - Started process (PID=6152) to work on /home/airflow/.local/lib/python3.12/site-packages/airflow/example_dags/example_complex.py
[2025-03-16T03:30:10.475+0000] {processor.py:914} INFO - Processing file /home/airflow/.local/lib/python3.12/site-packages/airflow/example_dags/example_complex.py for tasks to queue
[2025-03-16T03:30:10.480+0000] {logging_mixin.py:190} INFO - [2025-03-16T03:30:10.479+0000] {dagbag.py:588} INFO - Filling up the DagBag from /home/airflow/.local/lib/python3.12/site-packages/airflow/example_dags/example_complex.py
[2025-03-16T03:30:10.511+0000] {processor.py:925} INFO - DAG(s) 'example_complex' retrieved from /home/airflow/.local/lib/python3.12/site-packages/airflow/example_dags/example_complex.py
[2025-03-16T03:30:10.602+0000] {logging_mixin.py:190} INFO - [2025-03-16T03:30:10.601+0000] {dag.py:3239} INFO - Sync 1 DAGs
[2025-03-16T03:30:10.645+0000] {logging_mixin.py:190} INFO - [2025-03-16T03:30:10.644+0000] {dag.py:4180} INFO - Setting next_dagrun for example_complex to None, run_after=None
[2025-03-16T03:30:10.687+0000] {processor.py:208} INFO - Processing /home/airflow/.local/lib/python3.12/site-packages/airflow/example_dags/example_complex.py took 0.231 seconds
[2025-03-16T03:30:40.949+0000] {processor.py:186} INFO - Started process (PID=6216) to work on /home/airflow/.local/lib/python3.12/site-packages/airflow/example_dags/example_complex.py
[2025-03-16T03:30:40.950+0000] {processor.py:914} INFO - Processing file /home/airflow/.local/lib/python3.12/site-packages/airflow/example_dags/example_complex.py for tasks to queue
[2025-03-16T03:30:40.955+0000] {logging_mixin.py:190} INFO - [2025-03-16T03:30:40.954+0000] {dagbag.py:588} INFO - Filling up the DagBag from /home/airflow/.local/lib/python3.12/site-packages/airflow/example_dags/example_complex.py
[2025-03-16T03:30:40.971+0000] {processor.py:925} INFO - DAG(s) 'example_complex' retrieved from /home/airflow/.local/lib/python3.12/site-packages/airflow/example_dags/example_complex.py
[2025-03-16T03:30:41.017+0000] {logging_mixin.py:190} INFO - [2025-03-16T03:30:41.017+0000] {dag.py:3239} INFO - Sync 1 DAGs
[2025-03-16T03:30:41.038+0000] {logging_mixin.py:190} INFO - [2025-03-16T03:30:41.037+0000] {dag.py:4180} INFO - Setting next_dagrun for example_complex to None, run_after=None
[2025-03-16T03:30:41.068+0000] {processor.py:208} INFO - Processing /home/airflow/.local/lib/python3.12/site-packages/airflow/example_dags/example_complex.py took 0.127 seconds
[2025-03-16T03:31:11.207+0000] {processor.py:186} INFO - Started process (PID=6281) to work on /home/airflow/.local/lib/python3.12/site-packages/airflow/example_dags/example_complex.py
[2025-03-16T03:31:11.209+0000] {processor.py:914} INFO - Processing file /home/airflow/.local/lib/python3.12/site-packages/airflow/example_dags/example_complex.py for tasks to queue
[2025-03-16T03:31:11.212+0000] {logging_mixin.py:190} INFO - [2025-03-16T03:31:11.212+0000] {dagbag.py:588} INFO - Filling up the DagBag from /home/airflow/.local/lib/python3.12/site-packages/airflow/example_dags/example_complex.py
[2025-03-16T03:31:11.229+0000] {processor.py:925} INFO - DAG(s) 'example_complex' retrieved from /home/airflow/.local/lib/python3.12/site-packages/airflow/example_dags/example_complex.py
[2025-03-16T03:31:11.278+0000] {logging_mixin.py:190} INFO - [2025-03-16T03:31:11.277+0000] {dag.py:3239} INFO - Sync 1 DAGs
[2025-03-16T03:31:11.298+0000] {logging_mixin.py:190} INFO - [2025-03-16T03:31:11.298+0000] {dag.py:4180} INFO - Setting next_dagrun for example_complex to None, run_after=None
[2025-03-16T03:31:11.330+0000] {processor.py:208} INFO - Processing /home/airflow/.local/lib/python3.12/site-packages/airflow/example_dags/example_complex.py took 0.132 seconds
[2025-03-16T03:31:41.457+0000] {processor.py:186} INFO - Started process (PID=6346) to work on /home/airflow/.local/lib/python3.12/site-packages/airflow/example_dags/example_complex.py
[2025-03-16T03:31:41.459+0000] {processor.py:914} INFO - Processing file /home/airflow/.local/lib/python3.12/site-packages/airflow/example_dags/example_complex.py for tasks to queue
[2025-03-16T03:31:41.463+0000] {logging_mixin.py:190} INFO - [2025-03-16T03:31:41.462+0000] {dagbag.py:588} INFO - Filling up the DagBag from /home/airflow/.local/lib/python3.12/site-packages/airflow/example_dags/example_complex.py
[2025-03-16T03:31:41.483+0000] {processor.py:925} INFO - DAG(s) 'example_complex' retrieved from /home/airflow/.local/lib/python3.12/site-packages/airflow/example_dags/example_complex.py
[2025-03-16T03:31:41.528+0000] {logging_mixin.py:190} INFO - [2025-03-16T03:31:41.527+0000] {dag.py:3239} INFO - Sync 1 DAGs
[2025-03-16T03:31:41.554+0000] {logging_mixin.py:190} INFO - [2025-03-16T03:31:41.553+0000] {dag.py:4180} INFO - Setting next_dagrun for example_complex to None, run_after=None
[2025-03-16T03:31:41.587+0000] {processor.py:208} INFO - Processing /home/airflow/.local/lib/python3.12/site-packages/airflow/example_dags/example_complex.py took 0.140 seconds
[2025-03-16T03:32:12.224+0000] {processor.py:186} INFO - Started process (PID=6411) to work on /home/airflow/.local/lib/python3.12/site-packages/airflow/example_dags/example_complex.py
[2025-03-16T03:32:12.226+0000] {processor.py:914} INFO - Processing file /home/airflow/.local/lib/python3.12/site-packages/airflow/example_dags/example_complex.py for tasks to queue
[2025-03-16T03:32:12.229+0000] {logging_mixin.py:190} INFO - [2025-03-16T03:32:12.229+0000] {dagbag.py:588} INFO - Filling up the DagBag from /home/airflow/.local/lib/python3.12/site-packages/airflow/example_dags/example_complex.py
[2025-03-16T03:32:12.250+0000] {processor.py:925} INFO - DAG(s) 'example_complex' retrieved from /home/airflow/.local/lib/python3.12/site-packages/airflow/example_dags/example_complex.py
[2025-03-16T03:32:12.306+0000] {logging_mixin.py:190} INFO - [2025-03-16T03:32:12.306+0000] {dag.py:3239} INFO - Sync 1 DAGs
[2025-03-16T03:32:12.329+0000] {logging_mixin.py:190} INFO - [2025-03-16T03:32:12.329+0000] {dag.py:4180} INFO - Setting next_dagrun for example_complex to None, run_after=None
[2025-03-16T03:32:12.365+0000] {processor.py:208} INFO - Processing /home/airflow/.local/lib/python3.12/site-packages/airflow/example_dags/example_complex.py took 0.152 seconds
[2025-03-16T03:32:42.795+0000] {processor.py:186} INFO - Started process (PID=6476) to work on /home/airflow/.local/lib/python3.12/site-packages/airflow/example_dags/example_complex.py
[2025-03-16T03:32:42.797+0000] {processor.py:914} INFO - Processing file /home/airflow/.local/lib/python3.12/site-packages/airflow/example_dags/example_complex.py for tasks to queue
[2025-03-16T03:32:42.801+0000] {logging_mixin.py:190} INFO - [2025-03-16T03:32:42.800+0000] {dagbag.py:588} INFO - Filling up the DagBag from /home/airflow/.local/lib/python3.12/site-packages/airflow/example_dags/example_complex.py
[2025-03-16T03:32:42.821+0000] {processor.py:925} INFO - DAG(s) 'example_complex' retrieved from /home/airflow/.local/lib/python3.12/site-packages/airflow/example_dags/example_complex.py
[2025-03-16T03:32:42.890+0000] {logging_mixin.py:190} INFO - [2025-03-16T03:32:42.889+0000] {dag.py:3239} INFO - Sync 1 DAGs
[2025-03-16T03:32:42.910+0000] {logging_mixin.py:190} INFO - [2025-03-16T03:32:42.910+0000] {dag.py:4180} INFO - Setting next_dagrun for example_complex to None, run_after=None
[2025-03-16T03:32:42.941+0000] {processor.py:208} INFO - Processing /home/airflow/.local/lib/python3.12/site-packages/airflow/example_dags/example_complex.py took 0.156 seconds
[2025-03-16T03:33:13.695+0000] {processor.py:186} INFO - Started process (PID=6541) to work on /home/airflow/.local/lib/python3.12/site-packages/airflow/example_dags/example_complex.py
[2025-03-16T03:33:13.696+0000] {processor.py:914} INFO - Processing file /home/airflow/.local/lib/python3.12/site-packages/airflow/example_dags/example_complex.py for tasks to queue
[2025-03-16T03:33:13.700+0000] {logging_mixin.py:190} INFO - [2025-03-16T03:33:13.699+0000] {dagbag.py:588} INFO - Filling up the DagBag from /home/airflow/.local/lib/python3.12/site-packages/airflow/example_dags/example_complex.py
[2025-03-16T03:33:13.718+0000] {processor.py:925} INFO - DAG(s) 'example_complex' retrieved from /home/airflow/.local/lib/python3.12/site-packages/airflow/example_dags/example_complex.py
[2025-03-16T03:33:13.766+0000] {logging_mixin.py:190} INFO - [2025-03-16T03:33:13.765+0000] {dag.py:3239} INFO - Sync 1 DAGs
[2025-03-16T03:33:13.789+0000] {logging_mixin.py:190} INFO - [2025-03-16T03:33:13.788+0000] {dag.py:4180} INFO - Setting next_dagrun for example_complex to None, run_after=None
[2025-03-16T03:33:13.823+0000] {processor.py:208} INFO - Processing /home/airflow/.local/lib/python3.12/site-packages/airflow/example_dags/example_complex.py took 0.136 seconds
[2025-03-16T03:33:44.359+0000] {processor.py:186} INFO - Started process (PID=6606) to work on /home/airflow/.local/lib/python3.12/site-packages/airflow/example_dags/example_complex.py
[2025-03-16T03:33:44.361+0000] {processor.py:914} INFO - Processing file /home/airflow/.local/lib/python3.12/site-packages/airflow/example_dags/example_complex.py for tasks to queue
[2025-03-16T03:33:44.365+0000] {logging_mixin.py:190} INFO - [2025-03-16T03:33:44.365+0000] {dagbag.py:588} INFO - Filling up the DagBag from /home/airflow/.local/lib/python3.12/site-packages/airflow/example_dags/example_complex.py
[2025-03-16T03:33:44.389+0000] {processor.py:925} INFO - DAG(s) 'example_complex' retrieved from /home/airflow/.local/lib/python3.12/site-packages/airflow/example_dags/example_complex.py
[2025-03-16T03:33:44.466+0000] {logging_mixin.py:190} INFO - [2025-03-16T03:33:44.466+0000] {dag.py:3239} INFO - Sync 1 DAGs
[2025-03-16T03:33:44.497+0000] {logging_mixin.py:190} INFO - [2025-03-16T03:33:44.497+0000] {dag.py:4180} INFO - Setting next_dagrun for example_complex to None, run_after=None
[2025-03-16T03:33:44.536+0000] {processor.py:208} INFO - Processing /home/airflow/.local/lib/python3.12/site-packages/airflow/example_dags/example_complex.py took 0.188 seconds
[2025-03-16T03:34:15.057+0000] {processor.py:186} INFO - Started process (PID=6671) to work on /home/airflow/.local/lib/python3.12/site-packages/airflow/example_dags/example_complex.py
[2025-03-16T03:34:15.059+0000] {processor.py:914} INFO - Processing file /home/airflow/.local/lib/python3.12/site-packages/airflow/example_dags/example_complex.py for tasks to queue
[2025-03-16T03:34:15.064+0000] {logging_mixin.py:190} INFO - [2025-03-16T03:34:15.063+0000] {dagbag.py:588} INFO - Filling up the DagBag from /home/airflow/.local/lib/python3.12/site-packages/airflow/example_dags/example_complex.py
[2025-03-16T03:34:15.086+0000] {processor.py:925} INFO - DAG(s) 'example_complex' retrieved from /home/airflow/.local/lib/python3.12/site-packages/airflow/example_dags/example_complex.py
[2025-03-16T03:34:15.133+0000] {logging_mixin.py:190} INFO - [2025-03-16T03:34:15.133+0000] {dag.py:3239} INFO - Sync 1 DAGs
[2025-03-16T03:34:15.158+0000] {logging_mixin.py:190} INFO - [2025-03-16T03:34:15.158+0000] {dag.py:4180} INFO - Setting next_dagrun for example_complex to None, run_after=None
[2025-03-16T03:34:15.191+0000] {processor.py:208} INFO - Processing /home/airflow/.local/lib/python3.12/site-packages/airflow/example_dags/example_complex.py took 0.144 seconds
[2025-03-16T03:34:46.192+0000] {processor.py:186} INFO - Started process (PID=6737) to work on /home/airflow/.local/lib/python3.12/site-packages/airflow/example_dags/example_complex.py
[2025-03-16T03:34:46.194+0000] {processor.py:914} INFO - Processing file /home/airflow/.local/lib/python3.12/site-packages/airflow/example_dags/example_complex.py for tasks to queue
[2025-03-16T03:34:46.205+0000] {logging_mixin.py:190} INFO - [2025-03-16T03:34:46.204+0000] {dagbag.py:588} INFO - Filling up the DagBag from /home/airflow/.local/lib/python3.12/site-packages/airflow/example_dags/example_complex.py
[2025-03-16T03:34:46.243+0000] {processor.py:925} INFO - DAG(s) 'example_complex' retrieved from /home/airflow/.local/lib/python3.12/site-packages/airflow/example_dags/example_complex.py
[2025-03-16T03:34:46.297+0000] {logging_mixin.py:190} INFO - [2025-03-16T03:34:46.297+0000] {dag.py:3239} INFO - Sync 1 DAGs
[2025-03-16T03:34:46.324+0000] {logging_mixin.py:190} INFO - [2025-03-16T03:34:46.324+0000] {dag.py:4180} INFO - Setting next_dagrun for example_complex to None, run_after=None
[2025-03-16T03:34:46.358+0000] {processor.py:208} INFO - Processing /home/airflow/.local/lib/python3.12/site-packages/airflow/example_dags/example_complex.py took 0.175 seconds
[2025-03-16T03:35:16.737+0000] {processor.py:186} INFO - Started process (PID=6803) to work on /home/airflow/.local/lib/python3.12/site-packages/airflow/example_dags/example_complex.py
[2025-03-16T03:35:16.738+0000] {processor.py:914} INFO - Processing file /home/airflow/.local/lib/python3.12/site-packages/airflow/example_dags/example_complex.py for tasks to queue
[2025-03-16T03:35:16.742+0000] {logging_mixin.py:190} INFO - [2025-03-16T03:35:16.741+0000] {dagbag.py:588} INFO - Filling up the DagBag from /home/airflow/.local/lib/python3.12/site-packages/airflow/example_dags/example_complex.py
[2025-03-16T03:35:16.761+0000] {processor.py:925} INFO - DAG(s) 'example_complex' retrieved from /home/airflow/.local/lib/python3.12/site-packages/airflow/example_dags/example_complex.py
[2025-03-16T03:35:16.817+0000] {logging_mixin.py:190} INFO - [2025-03-16T03:35:16.816+0000] {dag.py:3239} INFO - Sync 1 DAGs
[2025-03-16T03:35:16.837+0000] {logging_mixin.py:190} INFO - [2025-03-16T03:35:16.837+0000] {dag.py:4180} INFO - Setting next_dagrun for example_complex to None, run_after=None
[2025-03-16T03:35:16.872+0000] {processor.py:208} INFO - Processing /home/airflow/.local/lib/python3.12/site-packages/airflow/example_dags/example_complex.py took 0.143 seconds
[2025-03-16T03:35:47.089+0000] {processor.py:186} INFO - Started process (PID=6869) to work on /home/airflow/.local/lib/python3.12/site-packages/airflow/example_dags/example_complex.py
[2025-03-16T03:35:47.091+0000] {processor.py:914} INFO - Processing file /home/airflow/.local/lib/python3.12/site-packages/airflow/example_dags/example_complex.py for tasks to queue
[2025-03-16T03:35:47.095+0000] {logging_mixin.py:190} INFO - [2025-03-16T03:35:47.095+0000] {dagbag.py:588} INFO - Filling up the DagBag from /home/airflow/.local/lib/python3.12/site-packages/airflow/example_dags/example_complex.py
[2025-03-16T03:35:47.114+0000] {processor.py:925} INFO - DAG(s) 'example_complex' retrieved from /home/airflow/.local/lib/python3.12/site-packages/airflow/example_dags/example_complex.py
[2025-03-16T03:35:47.177+0000] {logging_mixin.py:190} INFO - [2025-03-16T03:35:47.175+0000] {dag.py:3239} INFO - Sync 1 DAGs
[2025-03-16T03:35:47.215+0000] {logging_mixin.py:190} INFO - [2025-03-16T03:35:47.214+0000] {dag.py:4180} INFO - Setting next_dagrun for example_complex to None, run_after=None
[2025-03-16T03:35:47.248+0000] {processor.py:208} INFO - Processing /home/airflow/.local/lib/python3.12/site-packages/airflow/example_dags/example_complex.py took 0.167 seconds
[2025-03-16T03:36:17.538+0000] {processor.py:186} INFO - Started process (PID=6933) to work on /home/airflow/.local/lib/python3.12/site-packages/airflow/example_dags/example_complex.py
[2025-03-16T03:36:17.539+0000] {processor.py:914} INFO - Processing file /home/airflow/.local/lib/python3.12/site-packages/airflow/example_dags/example_complex.py for tasks to queue
[2025-03-16T03:36:17.543+0000] {logging_mixin.py:190} INFO - [2025-03-16T03:36:17.543+0000] {dagbag.py:588} INFO - Filling up the DagBag from /home/airflow/.local/lib/python3.12/site-packages/airflow/example_dags/example_complex.py
[2025-03-16T03:36:17.560+0000] {processor.py:925} INFO - DAG(s) 'example_complex' retrieved from /home/airflow/.local/lib/python3.12/site-packages/airflow/example_dags/example_complex.py
[2025-03-16T03:36:17.620+0000] {logging_mixin.py:190} INFO - [2025-03-16T03:36:17.620+0000] {dag.py:3239} INFO - Sync 1 DAGs
[2025-03-16T03:36:17.647+0000] {logging_mixin.py:190} INFO - [2025-03-16T03:36:17.647+0000] {dag.py:4180} INFO - Setting next_dagrun for example_complex to None, run_after=None
[2025-03-16T03:36:17.688+0000] {processor.py:208} INFO - Processing /home/airflow/.local/lib/python3.12/site-packages/airflow/example_dags/example_complex.py took 0.156 seconds
[2025-03-16T03:36:48.214+0000] {processor.py:186} INFO - Started process (PID=6998) to work on /home/airflow/.local/lib/python3.12/site-packages/airflow/example_dags/example_complex.py
[2025-03-16T03:36:48.215+0000] {processor.py:914} INFO - Processing file /home/airflow/.local/lib/python3.12/site-packages/airflow/example_dags/example_complex.py for tasks to queue
[2025-03-16T03:36:48.218+0000] {logging_mixin.py:190} INFO - [2025-03-16T03:36:48.218+0000] {dagbag.py:588} INFO - Filling up the DagBag from /home/airflow/.local/lib/python3.12/site-packages/airflow/example_dags/example_complex.py
[2025-03-16T03:36:48.234+0000] {processor.py:925} INFO - DAG(s) 'example_complex' retrieved from /home/airflow/.local/lib/python3.12/site-packages/airflow/example_dags/example_complex.py
[2025-03-16T03:36:48.294+0000] {logging_mixin.py:190} INFO - [2025-03-16T03:36:48.294+0000] {dag.py:3239} INFO - Sync 1 DAGs
[2025-03-16T03:36:48.316+0000] {logging_mixin.py:190} INFO - [2025-03-16T03:36:48.316+0000] {dag.py:4180} INFO - Setting next_dagrun for example_complex to None, run_after=None
[2025-03-16T03:36:48.351+0000] {processor.py:208} INFO - Processing /home/airflow/.local/lib/python3.12/site-packages/airflow/example_dags/example_complex.py took 0.144 seconds
[2025-03-16T03:37:19.044+0000] {processor.py:186} INFO - Started process (PID=7063) to work on /home/airflow/.local/lib/python3.12/site-packages/airflow/example_dags/example_complex.py
[2025-03-16T03:37:19.046+0000] {processor.py:914} INFO - Processing file /home/airflow/.local/lib/python3.12/site-packages/airflow/example_dags/example_complex.py for tasks to queue
[2025-03-16T03:37:19.051+0000] {logging_mixin.py:190} INFO - [2025-03-16T03:37:19.050+0000] {dagbag.py:588} INFO - Filling up the DagBag from /home/airflow/.local/lib/python3.12/site-packages/airflow/example_dags/example_complex.py
[2025-03-16T03:37:19.076+0000] {processor.py:925} INFO - DAG(s) 'example_complex' retrieved from /home/airflow/.local/lib/python3.12/site-packages/airflow/example_dags/example_complex.py
[2025-03-16T03:37:19.146+0000] {logging_mixin.py:190} INFO - [2025-03-16T03:37:19.146+0000] {dag.py:3239} INFO - Sync 1 DAGs
[2025-03-16T03:37:19.169+0000] {logging_mixin.py:190} INFO - [2025-03-16T03:37:19.169+0000] {dag.py:4180} INFO - Setting next_dagrun for example_complex to None, run_after=None
[2025-03-16T03:37:19.205+0000] {processor.py:208} INFO - Processing /home/airflow/.local/lib/python3.12/site-packages/airflow/example_dags/example_complex.py took 0.170 seconds
[2025-03-16T03:37:50.002+0000] {processor.py:186} INFO - Started process (PID=7129) to work on /home/airflow/.local/lib/python3.12/site-packages/airflow/example_dags/example_complex.py
[2025-03-16T03:37:50.004+0000] {processor.py:914} INFO - Processing file /home/airflow/.local/lib/python3.12/site-packages/airflow/example_dags/example_complex.py for tasks to queue
[2025-03-16T03:37:50.008+0000] {logging_mixin.py:190} INFO - [2025-03-16T03:37:50.007+0000] {dagbag.py:588} INFO - Filling up the DagBag from /home/airflow/.local/lib/python3.12/site-packages/airflow/example_dags/example_complex.py
[2025-03-16T03:37:50.028+0000] {processor.py:925} INFO - DAG(s) 'example_complex' retrieved from /home/airflow/.local/lib/python3.12/site-packages/airflow/example_dags/example_complex.py
[2025-03-16T03:37:50.088+0000] {logging_mixin.py:190} INFO - [2025-03-16T03:37:50.087+0000] {dag.py:3239} INFO - Sync 1 DAGs
[2025-03-16T03:37:50.115+0000] {logging_mixin.py:190} INFO - [2025-03-16T03:37:50.114+0000] {dag.py:4180} INFO - Setting next_dagrun for example_complex to None, run_after=None
[2025-03-16T03:37:50.156+0000] {processor.py:208} INFO - Processing /home/airflow/.local/lib/python3.12/site-packages/airflow/example_dags/example_complex.py took 0.163 seconds
[2025-03-16T03:38:20.736+0000] {processor.py:186} INFO - Started process (PID=7194) to work on /home/airflow/.local/lib/python3.12/site-packages/airflow/example_dags/example_complex.py
[2025-03-16T03:38:20.738+0000] {processor.py:914} INFO - Processing file /home/airflow/.local/lib/python3.12/site-packages/airflow/example_dags/example_complex.py for tasks to queue
[2025-03-16T03:38:20.743+0000] {logging_mixin.py:190} INFO - [2025-03-16T03:38:20.742+0000] {dagbag.py:588} INFO - Filling up the DagBag from /home/airflow/.local/lib/python3.12/site-packages/airflow/example_dags/example_complex.py
[2025-03-16T03:38:20.764+0000] {processor.py:925} INFO - DAG(s) 'example_complex' retrieved from /home/airflow/.local/lib/python3.12/site-packages/airflow/example_dags/example_complex.py
[2025-03-16T03:38:20.818+0000] {logging_mixin.py:190} INFO - [2025-03-16T03:38:20.818+0000] {dag.py:3239} INFO - Sync 1 DAGs
[2025-03-16T03:38:20.844+0000] {logging_mixin.py:190} INFO - [2025-03-16T03:38:20.843+0000] {dag.py:4180} INFO - Setting next_dagrun for example_complex to None, run_after=None
[2025-03-16T03:38:20.879+0000] {processor.py:208} INFO - Processing /home/airflow/.local/lib/python3.12/site-packages/airflow/example_dags/example_complex.py took 0.154 seconds
[2025-03-16T03:38:51.042+0000] {processor.py:186} INFO - Started process (PID=7259) to work on /home/airflow/.local/lib/python3.12/site-packages/airflow/example_dags/example_complex.py
[2025-03-16T03:38:51.044+0000] {processor.py:914} INFO - Processing file /home/airflow/.local/lib/python3.12/site-packages/airflow/example_dags/example_complex.py for tasks to queue
[2025-03-16T03:38:51.049+0000] {logging_mixin.py:190} INFO - [2025-03-16T03:38:51.048+0000] {dagbag.py:588} INFO - Filling up the DagBag from /home/airflow/.local/lib/python3.12/site-packages/airflow/example_dags/example_complex.py
[2025-03-16T03:38:51.072+0000] {processor.py:925} INFO - DAG(s) 'example_complex' retrieved from /home/airflow/.local/lib/python3.12/site-packages/airflow/example_dags/example_complex.py
[2025-03-16T03:38:51.130+0000] {logging_mixin.py:190} INFO - [2025-03-16T03:38:51.129+0000] {dag.py:3239} INFO - Sync 1 DAGs
[2025-03-16T03:38:51.150+0000] {logging_mixin.py:190} INFO - [2025-03-16T03:38:51.150+0000] {dag.py:4180} INFO - Setting next_dagrun for example_complex to None, run_after=None
[2025-03-16T03:38:51.181+0000] {processor.py:208} INFO - Processing /home/airflow/.local/lib/python3.12/site-packages/airflow/example_dags/example_complex.py took 0.149 seconds
[2025-03-16T03:39:21.345+0000] {processor.py:186} INFO - Started process (PID=7323) to work on /home/airflow/.local/lib/python3.12/site-packages/airflow/example_dags/example_complex.py
[2025-03-16T03:39:21.347+0000] {processor.py:914} INFO - Processing file /home/airflow/.local/lib/python3.12/site-packages/airflow/example_dags/example_complex.py for tasks to queue
[2025-03-16T03:39:21.351+0000] {logging_mixin.py:190} INFO - [2025-03-16T03:39:21.350+0000] {dagbag.py:588} INFO - Filling up the DagBag from /home/airflow/.local/lib/python3.12/site-packages/airflow/example_dags/example_complex.py
[2025-03-16T03:39:21.370+0000] {processor.py:925} INFO - DAG(s) 'example_complex' retrieved from /home/airflow/.local/lib/python3.12/site-packages/airflow/example_dags/example_complex.py
[2025-03-16T03:39:21.419+0000] {logging_mixin.py:190} INFO - [2025-03-16T03:39:21.419+0000] {dag.py:3239} INFO - Sync 1 DAGs
[2025-03-16T03:39:21.445+0000] {logging_mixin.py:190} INFO - [2025-03-16T03:39:21.444+0000] {dag.py:4180} INFO - Setting next_dagrun for example_complex to None, run_after=None
[2025-03-16T03:39:21.484+0000] {processor.py:208} INFO - Processing /home/airflow/.local/lib/python3.12/site-packages/airflow/example_dags/example_complex.py took 0.147 seconds
[2025-03-16T03:39:51.704+0000] {processor.py:186} INFO - Started process (PID=7388) to work on /home/airflow/.local/lib/python3.12/site-packages/airflow/example_dags/example_complex.py
[2025-03-16T03:39:51.705+0000] {processor.py:914} INFO - Processing file /home/airflow/.local/lib/python3.12/site-packages/airflow/example_dags/example_complex.py for tasks to queue
[2025-03-16T03:39:51.708+0000] {logging_mixin.py:190} INFO - [2025-03-16T03:39:51.708+0000] {dagbag.py:588} INFO - Filling up the DagBag from /home/airflow/.local/lib/python3.12/site-packages/airflow/example_dags/example_complex.py
[2025-03-16T03:39:51.728+0000] {processor.py:925} INFO - DAG(s) 'example_complex' retrieved from /home/airflow/.local/lib/python3.12/site-packages/airflow/example_dags/example_complex.py
[2025-03-16T03:39:51.782+0000] {logging_mixin.py:190} INFO - [2025-03-16T03:39:51.781+0000] {dag.py:3239} INFO - Sync 1 DAGs
[2025-03-16T03:39:51.805+0000] {logging_mixin.py:190} INFO - [2025-03-16T03:39:51.805+0000] {dag.py:4180} INFO - Setting next_dagrun for example_complex to None, run_after=None
[2025-03-16T03:39:51.836+0000] {processor.py:208} INFO - Processing /home/airflow/.local/lib/python3.12/site-packages/airflow/example_dags/example_complex.py took 0.140 seconds
[2025-03-16T03:40:21.946+0000] {processor.py:186} INFO - Started process (PID=7453) to work on /home/airflow/.local/lib/python3.12/site-packages/airflow/example_dags/example_complex.py
[2025-03-16T03:40:21.947+0000] {processor.py:914} INFO - Processing file /home/airflow/.local/lib/python3.12/site-packages/airflow/example_dags/example_complex.py for tasks to queue
[2025-03-16T03:40:21.951+0000] {logging_mixin.py:190} INFO - [2025-03-16T03:40:21.951+0000] {dagbag.py:588} INFO - Filling up the DagBag from /home/airflow/.local/lib/python3.12/site-packages/airflow/example_dags/example_complex.py
[2025-03-16T03:40:21.968+0000] {processor.py:925} INFO - DAG(s) 'example_complex' retrieved from /home/airflow/.local/lib/python3.12/site-packages/airflow/example_dags/example_complex.py
[2025-03-16T03:40:22.018+0000] {logging_mixin.py:190} INFO - [2025-03-16T03:40:22.018+0000] {dag.py:3239} INFO - Sync 1 DAGs
[2025-03-16T03:40:22.048+0000] {logging_mixin.py:190} INFO - [2025-03-16T03:40:22.047+0000] {dag.py:4180} INFO - Setting next_dagrun for example_complex to None, run_after=None
[2025-03-16T03:40:22.085+0000] {processor.py:208} INFO - Processing /home/airflow/.local/lib/python3.12/site-packages/airflow/example_dags/example_complex.py took 0.149 seconds
[2025-03-16T03:40:52.469+0000] {processor.py:186} INFO - Started process (PID=7518) to work on /home/airflow/.local/lib/python3.12/site-packages/airflow/example_dags/example_complex.py
[2025-03-16T03:40:52.471+0000] {processor.py:914} INFO - Processing file /home/airflow/.local/lib/python3.12/site-packages/airflow/example_dags/example_complex.py for tasks to queue
[2025-03-16T03:40:52.475+0000] {logging_mixin.py:190} INFO - [2025-03-16T03:40:52.474+0000] {dagbag.py:588} INFO - Filling up the DagBag from /home/airflow/.local/lib/python3.12/site-packages/airflow/example_dags/example_complex.py
[2025-03-16T03:40:52.492+0000] {processor.py:925} INFO - DAG(s) 'example_complex' retrieved from /home/airflow/.local/lib/python3.12/site-packages/airflow/example_dags/example_complex.py
[2025-03-16T03:40:52.534+0000] {logging_mixin.py:190} INFO - [2025-03-16T03:40:52.533+0000] {dag.py:3239} INFO - Sync 1 DAGs
[2025-03-16T03:40:52.551+0000] {logging_mixin.py:190} INFO - [2025-03-16T03:40:52.551+0000] {dag.py:4180} INFO - Setting next_dagrun for example_complex to None, run_after=None
[2025-03-16T03:40:52.583+0000] {processor.py:208} INFO - Processing /home/airflow/.local/lib/python3.12/site-packages/airflow/example_dags/example_complex.py took 0.120 seconds
[2025-03-16T03:41:23.166+0000] {processor.py:186} INFO - Started process (PID=7582) to work on /home/airflow/.local/lib/python3.12/site-packages/airflow/example_dags/example_complex.py
[2025-03-16T03:41:23.168+0000] {processor.py:914} INFO - Processing file /home/airflow/.local/lib/python3.12/site-packages/airflow/example_dags/example_complex.py for tasks to queue
[2025-03-16T03:41:23.171+0000] {logging_mixin.py:190} INFO - [2025-03-16T03:41:23.171+0000] {dagbag.py:588} INFO - Filling up the DagBag from /home/airflow/.local/lib/python3.12/site-packages/airflow/example_dags/example_complex.py
[2025-03-16T03:41:23.193+0000] {processor.py:925} INFO - DAG(s) 'example_complex' retrieved from /home/airflow/.local/lib/python3.12/site-packages/airflow/example_dags/example_complex.py
[2025-03-16T03:41:23.241+0000] {logging_mixin.py:190} INFO - [2025-03-16T03:41:23.241+0000] {dag.py:3239} INFO - Sync 1 DAGs
[2025-03-16T03:41:23.263+0000] {logging_mixin.py:190} INFO - [2025-03-16T03:41:23.263+0000] {dag.py:4180} INFO - Setting next_dagrun for example_complex to None, run_after=None
[2025-03-16T03:41:23.295+0000] {processor.py:208} INFO - Processing /home/airflow/.local/lib/python3.12/site-packages/airflow/example_dags/example_complex.py took 0.136 seconds
[2025-03-16T03:41:53.640+0000] {processor.py:186} INFO - Started process (PID=7647) to work on /home/airflow/.local/lib/python3.12/site-packages/airflow/example_dags/example_complex.py
[2025-03-16T03:41:53.641+0000] {processor.py:914} INFO - Processing file /home/airflow/.local/lib/python3.12/site-packages/airflow/example_dags/example_complex.py for tasks to queue
[2025-03-16T03:41:53.645+0000] {logging_mixin.py:190} INFO - [2025-03-16T03:41:53.644+0000] {dagbag.py:588} INFO - Filling up the DagBag from /home/airflow/.local/lib/python3.12/site-packages/airflow/example_dags/example_complex.py
[2025-03-16T03:41:53.666+0000] {processor.py:925} INFO - DAG(s) 'example_complex' retrieved from /home/airflow/.local/lib/python3.12/site-packages/airflow/example_dags/example_complex.py
[2025-03-16T03:41:53.720+0000] {logging_mixin.py:190} INFO - [2025-03-16T03:41:53.720+0000] {dag.py:3239} INFO - Sync 1 DAGs
[2025-03-16T03:41:53.745+0000] {logging_mixin.py:190} INFO - [2025-03-16T03:41:53.745+0000] {dag.py:4180} INFO - Setting next_dagrun for example_complex to None, run_after=None
[2025-03-16T03:41:53.797+0000] {processor.py:208} INFO - Processing /home/airflow/.local/lib/python3.12/site-packages/airflow/example_dags/example_complex.py took 0.165 seconds
[2025-03-16T03:42:24.587+0000] {processor.py:186} INFO - Started process (PID=7712) to work on /home/airflow/.local/lib/python3.12/site-packages/airflow/example_dags/example_complex.py
[2025-03-16T03:42:24.589+0000] {processor.py:914} INFO - Processing file /home/airflow/.local/lib/python3.12/site-packages/airflow/example_dags/example_complex.py for tasks to queue
[2025-03-16T03:42:24.592+0000] {logging_mixin.py:190} INFO - [2025-03-16T03:42:24.592+0000] {dagbag.py:588} INFO - Filling up the DagBag from /home/airflow/.local/lib/python3.12/site-packages/airflow/example_dags/example_complex.py
[2025-03-16T03:42:24.615+0000] {processor.py:925} INFO - DAG(s) 'example_complex' retrieved from /home/airflow/.local/lib/python3.12/site-packages/airflow/example_dags/example_complex.py
[2025-03-16T03:42:24.659+0000] {logging_mixin.py:190} INFO - [2025-03-16T03:42:24.658+0000] {dag.py:3239} INFO - Sync 1 DAGs
[2025-03-16T03:42:24.682+0000] {logging_mixin.py:190} INFO - [2025-03-16T03:42:24.681+0000] {dag.py:4180} INFO - Setting next_dagrun for example_complex to None, run_after=None
[2025-03-16T03:42:24.715+0000] {processor.py:208} INFO - Processing /home/airflow/.local/lib/python3.12/site-packages/airflow/example_dags/example_complex.py took 0.137 seconds
[2025-03-16T03:42:54.820+0000] {processor.py:186} INFO - Started process (PID=7778) to work on /home/airflow/.local/lib/python3.12/site-packages/airflow/example_dags/example_complex.py
[2025-03-16T03:42:54.822+0000] {processor.py:914} INFO - Processing file /home/airflow/.local/lib/python3.12/site-packages/airflow/example_dags/example_complex.py for tasks to queue
[2025-03-16T03:42:54.826+0000] {logging_mixin.py:190} INFO - [2025-03-16T03:42:54.825+0000] {dagbag.py:588} INFO - Filling up the DagBag from /home/airflow/.local/lib/python3.12/site-packages/airflow/example_dags/example_complex.py
[2025-03-16T03:42:54.841+0000] {processor.py:925} INFO - DAG(s) 'example_complex' retrieved from /home/airflow/.local/lib/python3.12/site-packages/airflow/example_dags/example_complex.py
[2025-03-16T03:42:54.888+0000] {logging_mixin.py:190} INFO - [2025-03-16T03:42:54.888+0000] {dag.py:3239} INFO - Sync 1 DAGs
[2025-03-16T03:42:54.911+0000] {logging_mixin.py:190} INFO - [2025-03-16T03:42:54.910+0000] {dag.py:4180} INFO - Setting next_dagrun for example_complex to None, run_after=None
[2025-03-16T03:42:54.943+0000] {processor.py:208} INFO - Processing /home/airflow/.local/lib/python3.12/site-packages/airflow/example_dags/example_complex.py took 0.129 seconds
[2025-03-16T03:43:25.583+0000] {processor.py:186} INFO - Started process (PID=7839) to work on /home/airflow/.local/lib/python3.12/site-packages/airflow/example_dags/example_complex.py
[2025-03-16T03:43:25.584+0000] {processor.py:914} INFO - Processing file /home/airflow/.local/lib/python3.12/site-packages/airflow/example_dags/example_complex.py for tasks to queue
[2025-03-16T03:43:25.587+0000] {logging_mixin.py:190} INFO - [2025-03-16T03:43:25.587+0000] {dagbag.py:588} INFO - Filling up the DagBag from /home/airflow/.local/lib/python3.12/site-packages/airflow/example_dags/example_complex.py
[2025-03-16T03:43:25.603+0000] {processor.py:925} INFO - DAG(s) 'example_complex' retrieved from /home/airflow/.local/lib/python3.12/site-packages/airflow/example_dags/example_complex.py
[2025-03-16T03:43:25.651+0000] {logging_mixin.py:190} INFO - [2025-03-16T03:43:25.650+0000] {dag.py:3239} INFO - Sync 1 DAGs
[2025-03-16T03:43:25.673+0000] {logging_mixin.py:190} INFO - [2025-03-16T03:43:25.672+0000] {dag.py:4180} INFO - Setting next_dagrun for example_complex to None, run_after=None
[2025-03-16T03:43:25.702+0000] {processor.py:208} INFO - Processing /home/airflow/.local/lib/python3.12/site-packages/airflow/example_dags/example_complex.py took 0.126 seconds
[2025-03-16T03:43:55.912+0000] {processor.py:186} INFO - Started process (PID=7902) to work on /home/airflow/.local/lib/python3.12/site-packages/airflow/example_dags/example_complex.py
[2025-03-16T03:43:55.914+0000] {processor.py:914} INFO - Processing file /home/airflow/.local/lib/python3.12/site-packages/airflow/example_dags/example_complex.py for tasks to queue
[2025-03-16T03:43:55.918+0000] {logging_mixin.py:190} INFO - [2025-03-16T03:43:55.918+0000] {dagbag.py:588} INFO - Filling up the DagBag from /home/airflow/.local/lib/python3.12/site-packages/airflow/example_dags/example_complex.py
[2025-03-16T03:43:55.941+0000] {processor.py:925} INFO - DAG(s) 'example_complex' retrieved from /home/airflow/.local/lib/python3.12/site-packages/airflow/example_dags/example_complex.py
[2025-03-16T03:43:55.983+0000] {logging_mixin.py:190} INFO - [2025-03-16T03:43:55.982+0000] {dag.py:3239} INFO - Sync 1 DAGs
[2025-03-16T03:43:56.000+0000] {logging_mixin.py:190} INFO - [2025-03-16T03:43:56.000+0000] {dag.py:4180} INFO - Setting next_dagrun for example_complex to None, run_after=None
[2025-03-16T03:43:56.031+0000] {processor.py:208} INFO - Processing /home/airflow/.local/lib/python3.12/site-packages/airflow/example_dags/example_complex.py took 0.126 seconds
[2025-03-16T03:44:26.810+0000] {processor.py:186} INFO - Started process (PID=7967) to work on /home/airflow/.local/lib/python3.12/site-packages/airflow/example_dags/example_complex.py
[2025-03-16T03:44:26.812+0000] {processor.py:914} INFO - Processing file /home/airflow/.local/lib/python3.12/site-packages/airflow/example_dags/example_complex.py for tasks to queue
[2025-03-16T03:44:26.815+0000] {logging_mixin.py:190} INFO - [2025-03-16T03:44:26.815+0000] {dagbag.py:588} INFO - Filling up the DagBag from /home/airflow/.local/lib/python3.12/site-packages/airflow/example_dags/example_complex.py
[2025-03-16T03:44:26.830+0000] {processor.py:925} INFO - DAG(s) 'example_complex' retrieved from /home/airflow/.local/lib/python3.12/site-packages/airflow/example_dags/example_complex.py
[2025-03-16T03:44:26.877+0000] {logging_mixin.py:190} INFO - [2025-03-16T03:44:26.876+0000] {dag.py:3239} INFO - Sync 1 DAGs
[2025-03-16T03:44:26.895+0000] {logging_mixin.py:190} INFO - [2025-03-16T03:44:26.895+0000] {dag.py:4180} INFO - Setting next_dagrun for example_complex to None, run_after=None
[2025-03-16T03:44:26.926+0000] {processor.py:208} INFO - Processing /home/airflow/.local/lib/python3.12/site-packages/airflow/example_dags/example_complex.py took 0.125 seconds
[2025-03-16T03:44:57.495+0000] {processor.py:186} INFO - Started process (PID=8029) to work on /home/airflow/.local/lib/python3.12/site-packages/airflow/example_dags/example_complex.py
[2025-03-16T03:44:57.497+0000] {processor.py:914} INFO - Processing file /home/airflow/.local/lib/python3.12/site-packages/airflow/example_dags/example_complex.py for tasks to queue
[2025-03-16T03:44:57.502+0000] {logging_mixin.py:190} INFO - [2025-03-16T03:44:57.501+0000] {dagbag.py:588} INFO - Filling up the DagBag from /home/airflow/.local/lib/python3.12/site-packages/airflow/example_dags/example_complex.py
[2025-03-16T03:44:57.524+0000] {processor.py:925} INFO - DAG(s) 'example_complex' retrieved from /home/airflow/.local/lib/python3.12/site-packages/airflow/example_dags/example_complex.py
[2025-03-16T03:44:57.576+0000] {logging_mixin.py:190} INFO - [2025-03-16T03:44:57.575+0000] {dag.py:3239} INFO - Sync 1 DAGs
[2025-03-16T03:44:57.605+0000] {logging_mixin.py:190} INFO - [2025-03-16T03:44:57.605+0000] {dag.py:4180} INFO - Setting next_dagrun for example_complex to None, run_after=None
[2025-03-16T03:44:57.641+0000] {processor.py:208} INFO - Processing /home/airflow/.local/lib/python3.12/site-packages/airflow/example_dags/example_complex.py took 0.156 seconds
[2025-03-16T03:45:27.926+0000] {processor.py:186} INFO - Started process (PID=8094) to work on /home/airflow/.local/lib/python3.12/site-packages/airflow/example_dags/example_complex.py
[2025-03-16T03:45:27.928+0000] {processor.py:914} INFO - Processing file /home/airflow/.local/lib/python3.12/site-packages/airflow/example_dags/example_complex.py for tasks to queue
[2025-03-16T03:45:27.932+0000] {logging_mixin.py:190} INFO - [2025-03-16T03:45:27.931+0000] {dagbag.py:588} INFO - Filling up the DagBag from /home/airflow/.local/lib/python3.12/site-packages/airflow/example_dags/example_complex.py
[2025-03-16T03:45:27.948+0000] {processor.py:925} INFO - DAG(s) 'example_complex' retrieved from /home/airflow/.local/lib/python3.12/site-packages/airflow/example_dags/example_complex.py
[2025-03-16T03:45:28.001+0000] {logging_mixin.py:190} INFO - [2025-03-16T03:45:28.001+0000] {dag.py:3239} INFO - Sync 1 DAGs
[2025-03-16T03:45:28.025+0000] {logging_mixin.py:190} INFO - [2025-03-16T03:45:28.025+0000] {dag.py:4180} INFO - Setting next_dagrun for example_complex to None, run_after=None
[2025-03-16T03:45:28.070+0000] {processor.py:208} INFO - Processing /home/airflow/.local/lib/python3.12/site-packages/airflow/example_dags/example_complex.py took 0.152 seconds
[2025-03-16T03:45:58.436+0000] {processor.py:186} INFO - Started process (PID=8159) to work on /home/airflow/.local/lib/python3.12/site-packages/airflow/example_dags/example_complex.py
[2025-03-16T03:45:58.437+0000] {processor.py:914} INFO - Processing file /home/airflow/.local/lib/python3.12/site-packages/airflow/example_dags/example_complex.py for tasks to queue
[2025-03-16T03:45:58.441+0000] {logging_mixin.py:190} INFO - [2025-03-16T03:45:58.441+0000] {dagbag.py:588} INFO - Filling up the DagBag from /home/airflow/.local/lib/python3.12/site-packages/airflow/example_dags/example_complex.py
[2025-03-16T03:45:58.470+0000] {processor.py:925} INFO - DAG(s) 'example_complex' retrieved from /home/airflow/.local/lib/python3.12/site-packages/airflow/example_dags/example_complex.py
[2025-03-16T03:45:58.516+0000] {logging_mixin.py:190} INFO - [2025-03-16T03:45:58.515+0000] {dag.py:3239} INFO - Sync 1 DAGs
[2025-03-16T03:45:58.536+0000] {logging_mixin.py:190} INFO - [2025-03-16T03:45:58.536+0000] {dag.py:4180} INFO - Setting next_dagrun for example_complex to None, run_after=None
[2025-03-16T03:45:58.572+0000] {processor.py:208} INFO - Processing /home/airflow/.local/lib/python3.12/site-packages/airflow/example_dags/example_complex.py took 0.147 seconds
[2025-03-16T03:46:28.728+0000] {processor.py:186} INFO - Started process (PID=8224) to work on /home/airflow/.local/lib/python3.12/site-packages/airflow/example_dags/example_complex.py
[2025-03-16T03:46:28.730+0000] {processor.py:914} INFO - Processing file /home/airflow/.local/lib/python3.12/site-packages/airflow/example_dags/example_complex.py for tasks to queue
[2025-03-16T03:46:28.734+0000] {logging_mixin.py:190} INFO - [2025-03-16T03:46:28.734+0000] {dagbag.py:588} INFO - Filling up the DagBag from /home/airflow/.local/lib/python3.12/site-packages/airflow/example_dags/example_complex.py
[2025-03-16T03:46:28.756+0000] {processor.py:925} INFO - DAG(s) 'example_complex' retrieved from /home/airflow/.local/lib/python3.12/site-packages/airflow/example_dags/example_complex.py
[2025-03-16T03:46:28.816+0000] {logging_mixin.py:190} INFO - [2025-03-16T03:46:28.816+0000] {dag.py:3239} INFO - Sync 1 DAGs
[2025-03-16T03:46:28.842+0000] {logging_mixin.py:190} INFO - [2025-03-16T03:46:28.841+0000] {dag.py:4180} INFO - Setting next_dagrun for example_complex to None, run_after=None
[2025-03-16T03:46:28.875+0000] {processor.py:208} INFO - Processing /home/airflow/.local/lib/python3.12/site-packages/airflow/example_dags/example_complex.py took 0.156 seconds
[2025-03-16T03:46:59.182+0000] {processor.py:186} INFO - Started process (PID=8289) to work on /home/airflow/.local/lib/python3.12/site-packages/airflow/example_dags/example_complex.py
[2025-03-16T03:46:59.184+0000] {processor.py:914} INFO - Processing file /home/airflow/.local/lib/python3.12/site-packages/airflow/example_dags/example_complex.py for tasks to queue
[2025-03-16T03:46:59.189+0000] {logging_mixin.py:190} INFO - [2025-03-16T03:46:59.188+0000] {dagbag.py:588} INFO - Filling up the DagBag from /home/airflow/.local/lib/python3.12/site-packages/airflow/example_dags/example_complex.py
[2025-03-16T03:46:59.206+0000] {processor.py:925} INFO - DAG(s) 'example_complex' retrieved from /home/airflow/.local/lib/python3.12/site-packages/airflow/example_dags/example_complex.py
[2025-03-16T03:46:59.256+0000] {logging_mixin.py:190} INFO - [2025-03-16T03:46:59.256+0000] {dag.py:3239} INFO - Sync 1 DAGs
[2025-03-16T03:46:59.278+0000] {logging_mixin.py:190} INFO - [2025-03-16T03:46:59.278+0000] {dag.py:4180} INFO - Setting next_dagrun for example_complex to None, run_after=None
[2025-03-16T03:46:59.316+0000] {processor.py:208} INFO - Processing /home/airflow/.local/lib/python3.12/site-packages/airflow/example_dags/example_complex.py took 0.144 seconds
[2025-03-16T03:47:29.736+0000] {processor.py:186} INFO - Started process (PID=8354) to work on /home/airflow/.local/lib/python3.12/site-packages/airflow/example_dags/example_complex.py
[2025-03-16T03:47:29.738+0000] {processor.py:914} INFO - Processing file /home/airflow/.local/lib/python3.12/site-packages/airflow/example_dags/example_complex.py for tasks to queue
[2025-03-16T03:47:29.742+0000] {logging_mixin.py:190} INFO - [2025-03-16T03:47:29.741+0000] {dagbag.py:588} INFO - Filling up the DagBag from /home/airflow/.local/lib/python3.12/site-packages/airflow/example_dags/example_complex.py
[2025-03-16T03:47:29.759+0000] {processor.py:925} INFO - DAG(s) 'example_complex' retrieved from /home/airflow/.local/lib/python3.12/site-packages/airflow/example_dags/example_complex.py
[2025-03-16T03:47:29.807+0000] {logging_mixin.py:190} INFO - [2025-03-16T03:47:29.806+0000] {dag.py:3239} INFO - Sync 1 DAGs
[2025-03-16T03:47:29.828+0000] {logging_mixin.py:190} INFO - [2025-03-16T03:47:29.828+0000] {dag.py:4180} INFO - Setting next_dagrun for example_complex to None, run_after=None
[2025-03-16T03:47:29.867+0000] {processor.py:208} INFO - Processing /home/airflow/.local/lib/python3.12/site-packages/airflow/example_dags/example_complex.py took 0.142 seconds
[2025-03-16T03:48:00.455+0000] {processor.py:186} INFO - Started process (PID=8425) to work on /home/airflow/.local/lib/python3.12/site-packages/airflow/example_dags/example_complex.py
[2025-03-16T03:48:00.456+0000] {processor.py:914} INFO - Processing file /home/airflow/.local/lib/python3.12/site-packages/airflow/example_dags/example_complex.py for tasks to queue
[2025-03-16T03:48:00.460+0000] {logging_mixin.py:190} INFO - [2025-03-16T03:48:00.460+0000] {dagbag.py:588} INFO - Filling up the DagBag from /home/airflow/.local/lib/python3.12/site-packages/airflow/example_dags/example_complex.py
[2025-03-16T03:48:00.479+0000] {processor.py:925} INFO - DAG(s) 'example_complex' retrieved from /home/airflow/.local/lib/python3.12/site-packages/airflow/example_dags/example_complex.py
[2025-03-16T03:48:00.527+0000] {logging_mixin.py:190} INFO - [2025-03-16T03:48:00.527+0000] {dag.py:3239} INFO - Sync 1 DAGs
[2025-03-16T03:48:00.549+0000] {logging_mixin.py:190} INFO - [2025-03-16T03:48:00.549+0000] {dag.py:4180} INFO - Setting next_dagrun for example_complex to None, run_after=None
[2025-03-16T03:48:00.599+0000] {processor.py:208} INFO - Processing /home/airflow/.local/lib/python3.12/site-packages/airflow/example_dags/example_complex.py took 0.152 seconds
[2025-03-16T03:48:31.022+0000] {processor.py:186} INFO - Started process (PID=8490) to work on /home/airflow/.local/lib/python3.12/site-packages/airflow/example_dags/example_complex.py
[2025-03-16T03:48:31.023+0000] {processor.py:914} INFO - Processing file /home/airflow/.local/lib/python3.12/site-packages/airflow/example_dags/example_complex.py for tasks to queue
[2025-03-16T03:48:31.028+0000] {logging_mixin.py:190} INFO - [2025-03-16T03:48:31.027+0000] {dagbag.py:588} INFO - Filling up the DagBag from /home/airflow/.local/lib/python3.12/site-packages/airflow/example_dags/example_complex.py
[2025-03-16T03:48:31.049+0000] {processor.py:925} INFO - DAG(s) 'example_complex' retrieved from /home/airflow/.local/lib/python3.12/site-packages/airflow/example_dags/example_complex.py
[2025-03-16T03:48:31.098+0000] {logging_mixin.py:190} INFO - [2025-03-16T03:48:31.097+0000] {dag.py:3239} INFO - Sync 1 DAGs
[2025-03-16T03:48:31.123+0000] {logging_mixin.py:190} INFO - [2025-03-16T03:48:31.123+0000] {dag.py:4180} INFO - Setting next_dagrun for example_complex to None, run_after=None
[2025-03-16T03:48:31.161+0000] {processor.py:208} INFO - Processing /home/airflow/.local/lib/python3.12/site-packages/airflow/example_dags/example_complex.py took 0.148 seconds
[2025-03-16T03:49:01.523+0000] {processor.py:186} INFO - Started process (PID=8555) to work on /home/airflow/.local/lib/python3.12/site-packages/airflow/example_dags/example_complex.py
[2025-03-16T03:49:01.525+0000] {processor.py:914} INFO - Processing file /home/airflow/.local/lib/python3.12/site-packages/airflow/example_dags/example_complex.py for tasks to queue
[2025-03-16T03:49:01.529+0000] {logging_mixin.py:190} INFO - [2025-03-16T03:49:01.528+0000] {dagbag.py:588} INFO - Filling up the DagBag from /home/airflow/.local/lib/python3.12/site-packages/airflow/example_dags/example_complex.py
[2025-03-16T03:49:01.550+0000] {processor.py:925} INFO - DAG(s) 'example_complex' retrieved from /home/airflow/.local/lib/python3.12/site-packages/airflow/example_dags/example_complex.py
[2025-03-16T03:49:01.590+0000] {logging_mixin.py:190} INFO - [2025-03-16T03:49:01.590+0000] {dag.py:3239} INFO - Sync 1 DAGs
[2025-03-16T03:49:01.608+0000] {logging_mixin.py:190} INFO - [2025-03-16T03:49:01.608+0000] {dag.py:4180} INFO - Setting next_dagrun for example_complex to None, run_after=None
[2025-03-16T03:49:01.640+0000] {processor.py:208} INFO - Processing /home/airflow/.local/lib/python3.12/site-packages/airflow/example_dags/example_complex.py took 0.128 seconds
[2025-03-16T03:49:31.719+0000] {processor.py:186} INFO - Started process (PID=8620) to work on /home/airflow/.local/lib/python3.12/site-packages/airflow/example_dags/example_complex.py
[2025-03-16T03:49:31.720+0000] {processor.py:914} INFO - Processing file /home/airflow/.local/lib/python3.12/site-packages/airflow/example_dags/example_complex.py for tasks to queue
[2025-03-16T03:49:31.724+0000] {logging_mixin.py:190} INFO - [2025-03-16T03:49:31.723+0000] {dagbag.py:588} INFO - Filling up the DagBag from /home/airflow/.local/lib/python3.12/site-packages/airflow/example_dags/example_complex.py
[2025-03-16T03:49:31.739+0000] {processor.py:925} INFO - DAG(s) 'example_complex' retrieved from /home/airflow/.local/lib/python3.12/site-packages/airflow/example_dags/example_complex.py
[2025-03-16T03:49:31.782+0000] {logging_mixin.py:190} INFO - [2025-03-16T03:49:31.782+0000] {dag.py:3239} INFO - Sync 1 DAGs
[2025-03-16T03:49:31.800+0000] {logging_mixin.py:190} INFO - [2025-03-16T03:49:31.800+0000] {dag.py:4180} INFO - Setting next_dagrun for example_complex to None, run_after=None
[2025-03-16T03:49:31.834+0000] {processor.py:208} INFO - Processing /home/airflow/.local/lib/python3.12/site-packages/airflow/example_dags/example_complex.py took 0.122 seconds
[2025-03-16T03:50:02.628+0000] {processor.py:186} INFO - Started process (PID=8685) to work on /home/airflow/.local/lib/python3.12/site-packages/airflow/example_dags/example_complex.py
[2025-03-16T03:50:02.630+0000] {processor.py:914} INFO - Processing file /home/airflow/.local/lib/python3.12/site-packages/airflow/example_dags/example_complex.py for tasks to queue
[2025-03-16T03:50:02.634+0000] {logging_mixin.py:190} INFO - [2025-03-16T03:50:02.633+0000] {dagbag.py:588} INFO - Filling up the DagBag from /home/airflow/.local/lib/python3.12/site-packages/airflow/example_dags/example_complex.py
[2025-03-16T03:50:02.650+0000] {processor.py:925} INFO - DAG(s) 'example_complex' retrieved from /home/airflow/.local/lib/python3.12/site-packages/airflow/example_dags/example_complex.py
[2025-03-16T03:50:02.693+0000] {logging_mixin.py:190} INFO - [2025-03-16T03:50:02.692+0000] {dag.py:3239} INFO - Sync 1 DAGs
[2025-03-16T03:50:02.714+0000] {logging_mixin.py:190} INFO - [2025-03-16T03:50:02.714+0000] {dag.py:4180} INFO - Setting next_dagrun for example_complex to None, run_after=None
[2025-03-16T03:50:02.746+0000] {processor.py:208} INFO - Processing /home/airflow/.local/lib/python3.12/site-packages/airflow/example_dags/example_complex.py took 0.125 seconds
[2025-03-16T03:50:33.743+0000] {processor.py:186} INFO - Started process (PID=8750) to work on /home/airflow/.local/lib/python3.12/site-packages/airflow/example_dags/example_complex.py
[2025-03-16T03:50:33.745+0000] {processor.py:914} INFO - Processing file /home/airflow/.local/lib/python3.12/site-packages/airflow/example_dags/example_complex.py for tasks to queue
[2025-03-16T03:50:33.749+0000] {logging_mixin.py:190} INFO - [2025-03-16T03:50:33.748+0000] {dagbag.py:588} INFO - Filling up the DagBag from /home/airflow/.local/lib/python3.12/site-packages/airflow/example_dags/example_complex.py
[2025-03-16T03:50:33.770+0000] {processor.py:925} INFO - DAG(s) 'example_complex' retrieved from /home/airflow/.local/lib/python3.12/site-packages/airflow/example_dags/example_complex.py
[2025-03-16T03:50:33.815+0000] {logging_mixin.py:190} INFO - [2025-03-16T03:50:33.815+0000] {dag.py:3239} INFO - Sync 1 DAGs
[2025-03-16T03:50:33.836+0000] {logging_mixin.py:190} INFO - [2025-03-16T03:50:33.836+0000] {dag.py:4180} INFO - Setting next_dagrun for example_complex to None, run_after=None
[2025-03-16T03:50:33.867+0000] {processor.py:208} INFO - Processing /home/airflow/.local/lib/python3.12/site-packages/airflow/example_dags/example_complex.py took 0.134 seconds
[2025-03-16T03:51:04.618+0000] {processor.py:186} INFO - Started process (PID=8815) to work on /home/airflow/.local/lib/python3.12/site-packages/airflow/example_dags/example_complex.py
[2025-03-16T03:51:04.620+0000] {processor.py:914} INFO - Processing file /home/airflow/.local/lib/python3.12/site-packages/airflow/example_dags/example_complex.py for tasks to queue
[2025-03-16T03:51:04.625+0000] {logging_mixin.py:190} INFO - [2025-03-16T03:51:04.625+0000] {dagbag.py:588} INFO - Filling up the DagBag from /home/airflow/.local/lib/python3.12/site-packages/airflow/example_dags/example_complex.py
[2025-03-16T03:51:04.653+0000] {processor.py:925} INFO - DAG(s) 'example_complex' retrieved from /home/airflow/.local/lib/python3.12/site-packages/airflow/example_dags/example_complex.py
[2025-03-16T03:51:04.711+0000] {logging_mixin.py:190} INFO - [2025-03-16T03:51:04.710+0000] {dag.py:3239} INFO - Sync 1 DAGs
[2025-03-16T03:51:04.733+0000] {logging_mixin.py:190} INFO - [2025-03-16T03:51:04.733+0000] {dag.py:4180} INFO - Setting next_dagrun for example_complex to None, run_after=None
[2025-03-16T03:51:04.765+0000] {processor.py:208} INFO - Processing /home/airflow/.local/lib/python3.12/site-packages/airflow/example_dags/example_complex.py took 0.157 seconds
[2025-03-16T03:51:34.957+0000] {processor.py:186} INFO - Started process (PID=8880) to work on /home/airflow/.local/lib/python3.12/site-packages/airflow/example_dags/example_complex.py
[2025-03-16T03:51:34.959+0000] {processor.py:914} INFO - Processing file /home/airflow/.local/lib/python3.12/site-packages/airflow/example_dags/example_complex.py for tasks to queue
[2025-03-16T03:51:34.966+0000] {logging_mixin.py:190} INFO - [2025-03-16T03:51:34.965+0000] {dagbag.py:588} INFO - Filling up the DagBag from /home/airflow/.local/lib/python3.12/site-packages/airflow/example_dags/example_complex.py
[2025-03-16T03:51:34.984+0000] {processor.py:925} INFO - DAG(s) 'example_complex' retrieved from /home/airflow/.local/lib/python3.12/site-packages/airflow/example_dags/example_complex.py
[2025-03-16T03:51:35.039+0000] {logging_mixin.py:190} INFO - [2025-03-16T03:51:35.038+0000] {dag.py:3239} INFO - Sync 1 DAGs
[2025-03-16T03:51:35.061+0000] {logging_mixin.py:190} INFO - [2025-03-16T03:51:35.060+0000] {dag.py:4180} INFO - Setting next_dagrun for example_complex to None, run_after=None
[2025-03-16T03:51:35.098+0000] {processor.py:208} INFO - Processing /home/airflow/.local/lib/python3.12/site-packages/airflow/example_dags/example_complex.py took 0.151 seconds
[2025-03-16T03:52:06.031+0000] {processor.py:186} INFO - Started process (PID=8946) to work on /home/airflow/.local/lib/python3.12/site-packages/airflow/example_dags/example_complex.py
[2025-03-16T03:52:06.032+0000] {processor.py:914} INFO - Processing file /home/airflow/.local/lib/python3.12/site-packages/airflow/example_dags/example_complex.py for tasks to queue
[2025-03-16T03:52:06.037+0000] {logging_mixin.py:190} INFO - [2025-03-16T03:52:06.036+0000] {dagbag.py:588} INFO - Filling up the DagBag from /home/airflow/.local/lib/python3.12/site-packages/airflow/example_dags/example_complex.py
[2025-03-16T03:52:06.066+0000] {processor.py:925} INFO - DAG(s) 'example_complex' retrieved from /home/airflow/.local/lib/python3.12/site-packages/airflow/example_dags/example_complex.py
[2025-03-16T03:52:06.126+0000] {logging_mixin.py:190} INFO - [2025-03-16T03:52:06.126+0000] {dag.py:3239} INFO - Sync 1 DAGs
[2025-03-16T03:52:06.158+0000] {logging_mixin.py:190} INFO - [2025-03-16T03:52:06.157+0000] {dag.py:4180} INFO - Setting next_dagrun for example_complex to None, run_after=None
[2025-03-16T03:52:06.220+0000] {processor.py:208} INFO - Processing /home/airflow/.local/lib/python3.12/site-packages/airflow/example_dags/example_complex.py took 0.200 seconds
[2025-03-16T03:52:36.346+0000] {processor.py:186} INFO - Started process (PID=9011) to work on /home/airflow/.local/lib/python3.12/site-packages/airflow/example_dags/example_complex.py
[2025-03-16T03:52:36.348+0000] {processor.py:914} INFO - Processing file /home/airflow/.local/lib/python3.12/site-packages/airflow/example_dags/example_complex.py for tasks to queue
[2025-03-16T03:52:36.352+0000] {logging_mixin.py:190} INFO - [2025-03-16T03:52:36.351+0000] {dagbag.py:588} INFO - Filling up the DagBag from /home/airflow/.local/lib/python3.12/site-packages/airflow/example_dags/example_complex.py
[2025-03-16T03:52:36.370+0000] {processor.py:925} INFO - DAG(s) 'example_complex' retrieved from /home/airflow/.local/lib/python3.12/site-packages/airflow/example_dags/example_complex.py
[2025-03-16T03:52:36.409+0000] {logging_mixin.py:190} INFO - [2025-03-16T03:52:36.408+0000] {dag.py:3239} INFO - Sync 1 DAGs
[2025-03-16T03:52:36.430+0000] {logging_mixin.py:190} INFO - [2025-03-16T03:52:36.430+0000] {dag.py:4180} INFO - Setting next_dagrun for example_complex to None, run_after=None
[2025-03-16T03:52:36.459+0000] {processor.py:208} INFO - Processing /home/airflow/.local/lib/python3.12/site-packages/airflow/example_dags/example_complex.py took 0.122 seconds
[2025-03-16T03:53:07.343+0000] {processor.py:186} INFO - Started process (PID=9076) to work on /home/airflow/.local/lib/python3.12/site-packages/airflow/example_dags/example_complex.py
[2025-03-16T03:53:07.344+0000] {processor.py:914} INFO - Processing file /home/airflow/.local/lib/python3.12/site-packages/airflow/example_dags/example_complex.py for tasks to queue
[2025-03-16T03:53:07.348+0000] {logging_mixin.py:190} INFO - [2025-03-16T03:53:07.347+0000] {dagbag.py:588} INFO - Filling up the DagBag from /home/airflow/.local/lib/python3.12/site-packages/airflow/example_dags/example_complex.py
[2025-03-16T03:53:07.364+0000] {processor.py:925} INFO - DAG(s) 'example_complex' retrieved from /home/airflow/.local/lib/python3.12/site-packages/airflow/example_dags/example_complex.py
[2025-03-16T03:53:07.426+0000] {logging_mixin.py:190} INFO - [2025-03-16T03:53:07.426+0000] {dag.py:3239} INFO - Sync 1 DAGs
[2025-03-16T03:53:07.449+0000] {logging_mixin.py:190} INFO - [2025-03-16T03:53:07.448+0000] {dag.py:4180} INFO - Setting next_dagrun for example_complex to None, run_after=None
[2025-03-16T03:53:07.487+0000] {processor.py:208} INFO - Processing /home/airflow/.local/lib/python3.12/site-packages/airflow/example_dags/example_complex.py took 0.152 seconds
[2025-03-16T03:53:37.762+0000] {processor.py:186} INFO - Started process (PID=9140) to work on /home/airflow/.local/lib/python3.12/site-packages/airflow/example_dags/example_complex.py
[2025-03-16T03:53:37.763+0000] {processor.py:914} INFO - Processing file /home/airflow/.local/lib/python3.12/site-packages/airflow/example_dags/example_complex.py for tasks to queue
[2025-03-16T03:53:37.767+0000] {logging_mixin.py:190} INFO - [2025-03-16T03:53:37.766+0000] {dagbag.py:588} INFO - Filling up the DagBag from /home/airflow/.local/lib/python3.12/site-packages/airflow/example_dags/example_complex.py
[2025-03-16T03:53:37.782+0000] {processor.py:925} INFO - DAG(s) 'example_complex' retrieved from /home/airflow/.local/lib/python3.12/site-packages/airflow/example_dags/example_complex.py
[2025-03-16T03:53:37.827+0000] {logging_mixin.py:190} INFO - [2025-03-16T03:53:37.826+0000] {dag.py:3239} INFO - Sync 1 DAGs
[2025-03-16T03:53:37.850+0000] {logging_mixin.py:190} INFO - [2025-03-16T03:53:37.849+0000] {dag.py:4180} INFO - Setting next_dagrun for example_complex to None, run_after=None
[2025-03-16T03:53:37.882+0000] {processor.py:208} INFO - Processing /home/airflow/.local/lib/python3.12/site-packages/airflow/example_dags/example_complex.py took 0.128 seconds
[2025-03-16T03:54:08.368+0000] {processor.py:186} INFO - Started process (PID=9205) to work on /home/airflow/.local/lib/python3.12/site-packages/airflow/example_dags/example_complex.py
[2025-03-16T03:54:08.370+0000] {processor.py:914} INFO - Processing file /home/airflow/.local/lib/python3.12/site-packages/airflow/example_dags/example_complex.py for tasks to queue
[2025-03-16T03:54:08.374+0000] {logging_mixin.py:190} INFO - [2025-03-16T03:54:08.373+0000] {dagbag.py:588} INFO - Filling up the DagBag from /home/airflow/.local/lib/python3.12/site-packages/airflow/example_dags/example_complex.py
[2025-03-16T03:54:08.397+0000] {processor.py:925} INFO - DAG(s) 'example_complex' retrieved from /home/airflow/.local/lib/python3.12/site-packages/airflow/example_dags/example_complex.py
[2025-03-16T03:54:08.442+0000] {logging_mixin.py:190} INFO - [2025-03-16T03:54:08.441+0000] {dag.py:3239} INFO - Sync 1 DAGs
[2025-03-16T03:54:08.463+0000] {logging_mixin.py:190} INFO - [2025-03-16T03:54:08.463+0000] {dag.py:4180} INFO - Setting next_dagrun for example_complex to None, run_after=None
[2025-03-16T03:54:08.496+0000] {processor.py:208} INFO - Processing /home/airflow/.local/lib/python3.12/site-packages/airflow/example_dags/example_complex.py took 0.139 seconds
[2025-03-16T03:54:38.953+0000] {processor.py:186} INFO - Started process (PID=9270) to work on /home/airflow/.local/lib/python3.12/site-packages/airflow/example_dags/example_complex.py
[2025-03-16T03:54:38.955+0000] {processor.py:914} INFO - Processing file /home/airflow/.local/lib/python3.12/site-packages/airflow/example_dags/example_complex.py for tasks to queue
[2025-03-16T03:54:38.959+0000] {logging_mixin.py:190} INFO - [2025-03-16T03:54:38.959+0000] {dagbag.py:588} INFO - Filling up the DagBag from /home/airflow/.local/lib/python3.12/site-packages/airflow/example_dags/example_complex.py
[2025-03-16T03:54:38.975+0000] {processor.py:925} INFO - DAG(s) 'example_complex' retrieved from /home/airflow/.local/lib/python3.12/site-packages/airflow/example_dags/example_complex.py
[2025-03-16T03:54:39.017+0000] {logging_mixin.py:190} INFO - [2025-03-16T03:54:39.017+0000] {dag.py:3239} INFO - Sync 1 DAGs
[2025-03-16T03:54:39.038+0000] {logging_mixin.py:190} INFO - [2025-03-16T03:54:39.038+0000] {dag.py:4180} INFO - Setting next_dagrun for example_complex to None, run_after=None
[2025-03-16T03:54:39.072+0000] {processor.py:208} INFO - Processing /home/airflow/.local/lib/python3.12/site-packages/airflow/example_dags/example_complex.py took 0.126 seconds
[2025-03-16T03:55:09.485+0000] {processor.py:186} INFO - Started process (PID=9335) to work on /home/airflow/.local/lib/python3.12/site-packages/airflow/example_dags/example_complex.py
[2025-03-16T03:55:09.487+0000] {processor.py:914} INFO - Processing file /home/airflow/.local/lib/python3.12/site-packages/airflow/example_dags/example_complex.py for tasks to queue
[2025-03-16T03:55:09.491+0000] {logging_mixin.py:190} INFO - [2025-03-16T03:55:09.491+0000] {dagbag.py:588} INFO - Filling up the DagBag from /home/airflow/.local/lib/python3.12/site-packages/airflow/example_dags/example_complex.py
[2025-03-16T03:55:09.511+0000] {processor.py:925} INFO - DAG(s) 'example_complex' retrieved from /home/airflow/.local/lib/python3.12/site-packages/airflow/example_dags/example_complex.py
[2025-03-16T03:55:09.562+0000] {logging_mixin.py:190} INFO - [2025-03-16T03:55:09.562+0000] {dag.py:3239} INFO - Sync 1 DAGs
[2025-03-16T03:55:09.589+0000] {logging_mixin.py:190} INFO - [2025-03-16T03:55:09.589+0000] {dag.py:4180} INFO - Setting next_dagrun for example_complex to None, run_after=None
[2025-03-16T03:55:09.630+0000] {processor.py:208} INFO - Processing /home/airflow/.local/lib/python3.12/site-packages/airflow/example_dags/example_complex.py took 0.155 seconds
[2025-03-16T03:55:39.898+0000] {processor.py:186} INFO - Started process (PID=9400) to work on /home/airflow/.local/lib/python3.12/site-packages/airflow/example_dags/example_complex.py
[2025-03-16T03:55:39.900+0000] {processor.py:914} INFO - Processing file /home/airflow/.local/lib/python3.12/site-packages/airflow/example_dags/example_complex.py for tasks to queue
[2025-03-16T03:55:39.905+0000] {logging_mixin.py:190} INFO - [2025-03-16T03:55:39.904+0000] {dagbag.py:588} INFO - Filling up the DagBag from /home/airflow/.local/lib/python3.12/site-packages/airflow/example_dags/example_complex.py
[2025-03-16T03:55:39.927+0000] {processor.py:925} INFO - DAG(s) 'example_complex' retrieved from /home/airflow/.local/lib/python3.12/site-packages/airflow/example_dags/example_complex.py
[2025-03-16T03:55:39.997+0000] {logging_mixin.py:190} INFO - [2025-03-16T03:55:39.997+0000] {dag.py:3239} INFO - Sync 1 DAGs
[2025-03-16T03:55:40.027+0000] {logging_mixin.py:190} INFO - [2025-03-16T03:55:40.026+0000] {dag.py:4180} INFO - Setting next_dagrun for example_complex to None, run_after=None
[2025-03-16T03:55:40.065+0000] {processor.py:208} INFO - Processing /home/airflow/.local/lib/python3.12/site-packages/airflow/example_dags/example_complex.py took 0.176 seconds
[2025-03-16T03:56:10.718+0000] {processor.py:186} INFO - Started process (PID=9465) to work on /home/airflow/.local/lib/python3.12/site-packages/airflow/example_dags/example_complex.py
[2025-03-16T03:56:10.720+0000] {processor.py:914} INFO - Processing file /home/airflow/.local/lib/python3.12/site-packages/airflow/example_dags/example_complex.py for tasks to queue
[2025-03-16T03:56:10.724+0000] {logging_mixin.py:190} INFO - [2025-03-16T03:56:10.723+0000] {dagbag.py:588} INFO - Filling up the DagBag from /home/airflow/.local/lib/python3.12/site-packages/airflow/example_dags/example_complex.py
[2025-03-16T03:56:10.744+0000] {processor.py:925} INFO - DAG(s) 'example_complex' retrieved from /home/airflow/.local/lib/python3.12/site-packages/airflow/example_dags/example_complex.py
[2025-03-16T03:56:10.800+0000] {logging_mixin.py:190} INFO - [2025-03-16T03:56:10.800+0000] {dag.py:3239} INFO - Sync 1 DAGs
[2025-03-16T03:56:10.828+0000] {logging_mixin.py:190} INFO - [2025-03-16T03:56:10.828+0000] {dag.py:4180} INFO - Setting next_dagrun for example_complex to None, run_after=None
[2025-03-16T03:56:10.870+0000] {processor.py:208} INFO - Processing /home/airflow/.local/lib/python3.12/site-packages/airflow/example_dags/example_complex.py took 0.161 seconds
[2025-03-16T03:56:41.799+0000] {processor.py:186} INFO - Started process (PID=9530) to work on /home/airflow/.local/lib/python3.12/site-packages/airflow/example_dags/example_complex.py
[2025-03-16T03:56:41.801+0000] {processor.py:914} INFO - Processing file /home/airflow/.local/lib/python3.12/site-packages/airflow/example_dags/example_complex.py for tasks to queue
[2025-03-16T03:56:41.805+0000] {logging_mixin.py:190} INFO - [2025-03-16T03:56:41.805+0000] {dagbag.py:588} INFO - Filling up the DagBag from /home/airflow/.local/lib/python3.12/site-packages/airflow/example_dags/example_complex.py
[2025-03-16T03:56:41.826+0000] {processor.py:925} INFO - DAG(s) 'example_complex' retrieved from /home/airflow/.local/lib/python3.12/site-packages/airflow/example_dags/example_complex.py
[2025-03-16T03:56:41.880+0000] {logging_mixin.py:190} INFO - [2025-03-16T03:56:41.880+0000] {dag.py:3239} INFO - Sync 1 DAGs
[2025-03-16T03:56:41.901+0000] {logging_mixin.py:190} INFO - [2025-03-16T03:56:41.900+0000] {dag.py:4180} INFO - Setting next_dagrun for example_complex to None, run_after=None
[2025-03-16T03:56:41.937+0000] {processor.py:208} INFO - Processing /home/airflow/.local/lib/python3.12/site-packages/airflow/example_dags/example_complex.py took 0.149 seconds
[2025-03-16T03:57:12.250+0000] {processor.py:186} INFO - Started process (PID=9596) to work on /home/airflow/.local/lib/python3.12/site-packages/airflow/example_dags/example_complex.py
[2025-03-16T03:57:12.252+0000] {processor.py:914} INFO - Processing file /home/airflow/.local/lib/python3.12/site-packages/airflow/example_dags/example_complex.py for tasks to queue
[2025-03-16T03:57:12.255+0000] {logging_mixin.py:190} INFO - [2025-03-16T03:57:12.255+0000] {dagbag.py:588} INFO - Filling up the DagBag from /home/airflow/.local/lib/python3.12/site-packages/airflow/example_dags/example_complex.py
[2025-03-16T03:57:12.272+0000] {processor.py:925} INFO - DAG(s) 'example_complex' retrieved from /home/airflow/.local/lib/python3.12/site-packages/airflow/example_dags/example_complex.py
[2025-03-16T03:57:12.313+0000] {logging_mixin.py:190} INFO - [2025-03-16T03:57:12.313+0000] {dag.py:3239} INFO - Sync 1 DAGs
[2025-03-16T03:57:12.334+0000] {logging_mixin.py:190} INFO - [2025-03-16T03:57:12.334+0000] {dag.py:4180} INFO - Setting next_dagrun for example_complex to None, run_after=None
[2025-03-16T03:57:12.365+0000] {processor.py:208} INFO - Processing /home/airflow/.local/lib/python3.12/site-packages/airflow/example_dags/example_complex.py took 0.123 seconds
[2025-03-16T03:57:42.903+0000] {processor.py:186} INFO - Started process (PID=9660) to work on /home/airflow/.local/lib/python3.12/site-packages/airflow/example_dags/example_complex.py
[2025-03-16T03:57:42.905+0000] {processor.py:914} INFO - Processing file /home/airflow/.local/lib/python3.12/site-packages/airflow/example_dags/example_complex.py for tasks to queue
[2025-03-16T03:57:42.909+0000] {logging_mixin.py:190} INFO - [2025-03-16T03:57:42.909+0000] {dagbag.py:588} INFO - Filling up the DagBag from /home/airflow/.local/lib/python3.12/site-packages/airflow/example_dags/example_complex.py
[2025-03-16T03:57:42.939+0000] {processor.py:925} INFO - DAG(s) 'example_complex' retrieved from /home/airflow/.local/lib/python3.12/site-packages/airflow/example_dags/example_complex.py
[2025-03-16T03:57:43.010+0000] {logging_mixin.py:190} INFO - [2025-03-16T03:57:43.009+0000] {dag.py:3239} INFO - Sync 1 DAGs
[2025-03-16T03:57:43.036+0000] {logging_mixin.py:190} INFO - [2025-03-16T03:57:43.036+0000] {dag.py:4180} INFO - Setting next_dagrun for example_complex to None, run_after=None
[2025-03-16T03:57:43.081+0000] {processor.py:208} INFO - Processing /home/airflow/.local/lib/python3.12/site-packages/airflow/example_dags/example_complex.py took 0.188 seconds
[2025-03-16T03:58:14.010+0000] {processor.py:186} INFO - Started process (PID=9723) to work on /home/airflow/.local/lib/python3.12/site-packages/airflow/example_dags/example_complex.py
[2025-03-16T03:58:14.011+0000] {processor.py:914} INFO - Processing file /home/airflow/.local/lib/python3.12/site-packages/airflow/example_dags/example_complex.py for tasks to queue
[2025-03-16T03:58:14.015+0000] {logging_mixin.py:190} INFO - [2025-03-16T03:58:14.014+0000] {dagbag.py:588} INFO - Filling up the DagBag from /home/airflow/.local/lib/python3.12/site-packages/airflow/example_dags/example_complex.py
[2025-03-16T03:58:14.037+0000] {processor.py:925} INFO - DAG(s) 'example_complex' retrieved from /home/airflow/.local/lib/python3.12/site-packages/airflow/example_dags/example_complex.py
[2025-03-16T03:58:14.085+0000] {logging_mixin.py:190} INFO - [2025-03-16T03:58:14.084+0000] {dag.py:3239} INFO - Sync 1 DAGs
[2025-03-16T03:58:14.108+0000] {logging_mixin.py:190} INFO - [2025-03-16T03:58:14.108+0000] {dag.py:4180} INFO - Setting next_dagrun for example_complex to None, run_after=None
[2025-03-16T03:58:14.148+0000] {processor.py:208} INFO - Processing /home/airflow/.local/lib/python3.12/site-packages/airflow/example_dags/example_complex.py took 0.146 seconds
[2025-03-16T03:58:44.791+0000] {processor.py:186} INFO - Started process (PID=9789) to work on /home/airflow/.local/lib/python3.12/site-packages/airflow/example_dags/example_complex.py
[2025-03-16T03:58:44.793+0000] {processor.py:914} INFO - Processing file /home/airflow/.local/lib/python3.12/site-packages/airflow/example_dags/example_complex.py for tasks to queue
[2025-03-16T03:58:44.797+0000] {logging_mixin.py:190} INFO - [2025-03-16T03:58:44.796+0000] {dagbag.py:588} INFO - Filling up the DagBag from /home/airflow/.local/lib/python3.12/site-packages/airflow/example_dags/example_complex.py
[2025-03-16T03:58:44.821+0000] {processor.py:925} INFO - DAG(s) 'example_complex' retrieved from /home/airflow/.local/lib/python3.12/site-packages/airflow/example_dags/example_complex.py
[2025-03-16T03:58:44.874+0000] {logging_mixin.py:190} INFO - [2025-03-16T03:58:44.874+0000] {dag.py:3239} INFO - Sync 1 DAGs
[2025-03-16T03:58:44.897+0000] {logging_mixin.py:190} INFO - [2025-03-16T03:58:44.896+0000] {dag.py:4180} INFO - Setting next_dagrun for example_complex to None, run_after=None
[2025-03-16T03:58:44.930+0000] {processor.py:208} INFO - Processing /home/airflow/.local/lib/python3.12/site-packages/airflow/example_dags/example_complex.py took 0.149 seconds
[2025-03-16T03:59:15.440+0000] {processor.py:186} INFO - Started process (PID=9854) to work on /home/airflow/.local/lib/python3.12/site-packages/airflow/example_dags/example_complex.py
[2025-03-16T03:59:15.442+0000] {processor.py:914} INFO - Processing file /home/airflow/.local/lib/python3.12/site-packages/airflow/example_dags/example_complex.py for tasks to queue
[2025-03-16T03:59:15.447+0000] {logging_mixin.py:190} INFO - [2025-03-16T03:59:15.446+0000] {dagbag.py:588} INFO - Filling up the DagBag from /home/airflow/.local/lib/python3.12/site-packages/airflow/example_dags/example_complex.py
[2025-03-16T03:59:15.464+0000] {processor.py:925} INFO - DAG(s) 'example_complex' retrieved from /home/airflow/.local/lib/python3.12/site-packages/airflow/example_dags/example_complex.py
[2025-03-16T03:59:15.510+0000] {logging_mixin.py:190} INFO - [2025-03-16T03:59:15.510+0000] {dag.py:3239} INFO - Sync 1 DAGs
[2025-03-16T03:59:15.533+0000] {logging_mixin.py:190} INFO - [2025-03-16T03:59:15.532+0000] {dag.py:4180} INFO - Setting next_dagrun for example_complex to None, run_after=None
[2025-03-16T03:59:15.570+0000] {processor.py:208} INFO - Processing /home/airflow/.local/lib/python3.12/site-packages/airflow/example_dags/example_complex.py took 0.139 seconds
[2025-03-16T03:59:45.975+0000] {processor.py:186} INFO - Started process (PID=9917) to work on /home/airflow/.local/lib/python3.12/site-packages/airflow/example_dags/example_complex.py
[2025-03-16T03:59:45.976+0000] {processor.py:914} INFO - Processing file /home/airflow/.local/lib/python3.12/site-packages/airflow/example_dags/example_complex.py for tasks to queue
[2025-03-16T03:59:45.980+0000] {logging_mixin.py:190} INFO - [2025-03-16T03:59:45.980+0000] {dagbag.py:588} INFO - Filling up the DagBag from /home/airflow/.local/lib/python3.12/site-packages/airflow/example_dags/example_complex.py
[2025-03-16T03:59:46.002+0000] {processor.py:925} INFO - DAG(s) 'example_complex' retrieved from /home/airflow/.local/lib/python3.12/site-packages/airflow/example_dags/example_complex.py
[2025-03-16T03:59:46.282+0000] {logging_mixin.py:190} INFO - [2025-03-16T03:59:46.282+0000] {dag.py:3239} INFO - Sync 1 DAGs
[2025-03-16T03:59:46.302+0000] {logging_mixin.py:190} INFO - [2025-03-16T03:59:46.301+0000] {dag.py:4180} INFO - Setting next_dagrun for example_complex to None, run_after=None
[2025-03-16T03:59:46.337+0000] {processor.py:208} INFO - Processing /home/airflow/.local/lib/python3.12/site-packages/airflow/example_dags/example_complex.py took 0.368 seconds
[2025-03-16T04:00:16.510+0000] {processor.py:186} INFO - Started process (PID=9981) to work on /home/airflow/.local/lib/python3.12/site-packages/airflow/example_dags/example_complex.py
[2025-03-16T04:00:16.511+0000] {processor.py:914} INFO - Processing file /home/airflow/.local/lib/python3.12/site-packages/airflow/example_dags/example_complex.py for tasks to queue
[2025-03-16T04:00:16.515+0000] {logging_mixin.py:190} INFO - [2025-03-16T04:00:16.515+0000] {dagbag.py:588} INFO - Filling up the DagBag from /home/airflow/.local/lib/python3.12/site-packages/airflow/example_dags/example_complex.py
[2025-03-16T04:00:16.531+0000] {processor.py:925} INFO - DAG(s) 'example_complex' retrieved from /home/airflow/.local/lib/python3.12/site-packages/airflow/example_dags/example_complex.py
[2025-03-16T04:00:16.581+0000] {logging_mixin.py:190} INFO - [2025-03-16T04:00:16.581+0000] {dag.py:3239} INFO - Sync 1 DAGs
[2025-03-16T04:00:16.904+0000] {logging_mixin.py:190} INFO - [2025-03-16T04:00:16.904+0000] {dag.py:4180} INFO - Setting next_dagrun for example_complex to None, run_after=None
[2025-03-16T04:00:16.934+0000] {processor.py:208} INFO - Processing /home/airflow/.local/lib/python3.12/site-packages/airflow/example_dags/example_complex.py took 0.432 seconds
[2025-03-16T04:00:47.336+0000] {processor.py:186} INFO - Started process (PID=10044) to work on /home/airflow/.local/lib/python3.12/site-packages/airflow/example_dags/example_complex.py
[2025-03-16T04:00:47.338+0000] {processor.py:914} INFO - Processing file /home/airflow/.local/lib/python3.12/site-packages/airflow/example_dags/example_complex.py for tasks to queue
[2025-03-16T04:00:47.341+0000] {logging_mixin.py:190} INFO - [2025-03-16T04:00:47.341+0000] {dagbag.py:588} INFO - Filling up the DagBag from /home/airflow/.local/lib/python3.12/site-packages/airflow/example_dags/example_complex.py
[2025-03-16T04:00:47.358+0000] {processor.py:925} INFO - DAG(s) 'example_complex' retrieved from /home/airflow/.local/lib/python3.12/site-packages/airflow/example_dags/example_complex.py
[2025-03-16T04:00:47.413+0000] {logging_mixin.py:190} INFO - [2025-03-16T04:00:47.412+0000] {dag.py:3239} INFO - Sync 1 DAGs
[2025-03-16T04:00:47.441+0000] {logging_mixin.py:190} INFO - [2025-03-16T04:00:47.440+0000] {dag.py:4180} INFO - Setting next_dagrun for example_complex to None, run_after=None
[2025-03-16T04:00:47.487+0000] {processor.py:208} INFO - Processing /home/airflow/.local/lib/python3.12/site-packages/airflow/example_dags/example_complex.py took 0.159 seconds
[2025-03-16T04:01:18.373+0000] {processor.py:186} INFO - Started process (PID=10109) to work on /home/airflow/.local/lib/python3.12/site-packages/airflow/example_dags/example_complex.py
[2025-03-16T04:01:18.375+0000] {processor.py:914} INFO - Processing file /home/airflow/.local/lib/python3.12/site-packages/airflow/example_dags/example_complex.py for tasks to queue
[2025-03-16T04:01:18.379+0000] {logging_mixin.py:190} INFO - [2025-03-16T04:01:18.379+0000] {dagbag.py:588} INFO - Filling up the DagBag from /home/airflow/.local/lib/python3.12/site-packages/airflow/example_dags/example_complex.py
[2025-03-16T04:01:18.396+0000] {processor.py:925} INFO - DAG(s) 'example_complex' retrieved from /home/airflow/.local/lib/python3.12/site-packages/airflow/example_dags/example_complex.py
[2025-03-16T04:01:18.457+0000] {logging_mixin.py:190} INFO - [2025-03-16T04:01:18.457+0000] {dag.py:3239} INFO - Sync 1 DAGs
[2025-03-16T04:01:18.478+0000] {logging_mixin.py:190} INFO - [2025-03-16T04:01:18.478+0000] {dag.py:4180} INFO - Setting next_dagrun for example_complex to None, run_after=None
[2025-03-16T04:01:18.513+0000] {processor.py:208} INFO - Processing /home/airflow/.local/lib/python3.12/site-packages/airflow/example_dags/example_complex.py took 0.149 seconds
[2025-03-16T04:01:48.613+0000] {processor.py:186} INFO - Started process (PID=10174) to work on /home/airflow/.local/lib/python3.12/site-packages/airflow/example_dags/example_complex.py
[2025-03-16T04:01:48.615+0000] {processor.py:914} INFO - Processing file /home/airflow/.local/lib/python3.12/site-packages/airflow/example_dags/example_complex.py for tasks to queue
[2025-03-16T04:01:48.618+0000] {logging_mixin.py:190} INFO - [2025-03-16T04:01:48.618+0000] {dagbag.py:588} INFO - Filling up the DagBag from /home/airflow/.local/lib/python3.12/site-packages/airflow/example_dags/example_complex.py
[2025-03-16T04:01:48.635+0000] {processor.py:925} INFO - DAG(s) 'example_complex' retrieved from /home/airflow/.local/lib/python3.12/site-packages/airflow/example_dags/example_complex.py
[2025-03-16T04:01:48.680+0000] {logging_mixin.py:190} INFO - [2025-03-16T04:01:48.679+0000] {dag.py:3239} INFO - Sync 1 DAGs
[2025-03-16T04:01:48.701+0000] {logging_mixin.py:190} INFO - [2025-03-16T04:01:48.700+0000] {dag.py:4180} INFO - Setting next_dagrun for example_complex to None, run_after=None
[2025-03-16T04:01:48.730+0000] {processor.py:208} INFO - Processing /home/airflow/.local/lib/python3.12/site-packages/airflow/example_dags/example_complex.py took 0.125 seconds
[2025-03-16T04:02:18.967+0000] {processor.py:186} INFO - Started process (PID=10238) to work on /home/airflow/.local/lib/python3.12/site-packages/airflow/example_dags/example_complex.py
[2025-03-16T04:02:18.969+0000] {processor.py:914} INFO - Processing file /home/airflow/.local/lib/python3.12/site-packages/airflow/example_dags/example_complex.py for tasks to queue
[2025-03-16T04:02:18.973+0000] {logging_mixin.py:190} INFO - [2025-03-16T04:02:18.973+0000] {dagbag.py:588} INFO - Filling up the DagBag from /home/airflow/.local/lib/python3.12/site-packages/airflow/example_dags/example_complex.py
[2025-03-16T04:02:18.995+0000] {processor.py:925} INFO - DAG(s) 'example_complex' retrieved from /home/airflow/.local/lib/python3.12/site-packages/airflow/example_dags/example_complex.py
[2025-03-16T04:02:19.050+0000] {logging_mixin.py:190} INFO - [2025-03-16T04:02:19.049+0000] {dag.py:3239} INFO - Sync 1 DAGs
[2025-03-16T04:02:19.072+0000] {logging_mixin.py:190} INFO - [2025-03-16T04:02:19.072+0000] {dag.py:4180} INFO - Setting next_dagrun for example_complex to None, run_after=None
[2025-03-16T04:02:19.104+0000] {processor.py:208} INFO - Processing /home/airflow/.local/lib/python3.12/site-packages/airflow/example_dags/example_complex.py took 0.147 seconds
[2025-03-16T04:02:49.403+0000] {processor.py:186} INFO - Started process (PID=10303) to work on /home/airflow/.local/lib/python3.12/site-packages/airflow/example_dags/example_complex.py
[2025-03-16T04:02:49.406+0000] {processor.py:914} INFO - Processing file /home/airflow/.local/lib/python3.12/site-packages/airflow/example_dags/example_complex.py for tasks to queue
[2025-03-16T04:02:49.410+0000] {logging_mixin.py:190} INFO - [2025-03-16T04:02:49.409+0000] {dagbag.py:588} INFO - Filling up the DagBag from /home/airflow/.local/lib/python3.12/site-packages/airflow/example_dags/example_complex.py
[2025-03-16T04:02:49.430+0000] {processor.py:925} INFO - DAG(s) 'example_complex' retrieved from /home/airflow/.local/lib/python3.12/site-packages/airflow/example_dags/example_complex.py
[2025-03-16T04:02:49.482+0000] {logging_mixin.py:190} INFO - [2025-03-16T04:02:49.482+0000] {dag.py:3239} INFO - Sync 1 DAGs
[2025-03-16T04:02:49.507+0000] {logging_mixin.py:190} INFO - [2025-03-16T04:02:49.507+0000] {dag.py:4180} INFO - Setting next_dagrun for example_complex to None, run_after=None
[2025-03-16T04:02:49.545+0000] {processor.py:208} INFO - Processing /home/airflow/.local/lib/python3.12/site-packages/airflow/example_dags/example_complex.py took 0.154 seconds
[2025-03-16T04:03:19.735+0000] {processor.py:186} INFO - Started process (PID=10368) to work on /home/airflow/.local/lib/python3.12/site-packages/airflow/example_dags/example_complex.py
[2025-03-16T04:03:19.736+0000] {processor.py:914} INFO - Processing file /home/airflow/.local/lib/python3.12/site-packages/airflow/example_dags/example_complex.py for tasks to queue
[2025-03-16T04:03:19.741+0000] {logging_mixin.py:190} INFO - [2025-03-16T04:03:19.740+0000] {dagbag.py:588} INFO - Filling up the DagBag from /home/airflow/.local/lib/python3.12/site-packages/airflow/example_dags/example_complex.py
[2025-03-16T04:03:19.758+0000] {processor.py:925} INFO - DAG(s) 'example_complex' retrieved from /home/airflow/.local/lib/python3.12/site-packages/airflow/example_dags/example_complex.py
[2025-03-16T04:03:19.820+0000] {logging_mixin.py:190} INFO - [2025-03-16T04:03:19.820+0000] {dag.py:3239} INFO - Sync 1 DAGs
[2025-03-16T04:03:19.841+0000] {logging_mixin.py:190} INFO - [2025-03-16T04:03:19.840+0000] {dag.py:4180} INFO - Setting next_dagrun for example_complex to None, run_after=None
[2025-03-16T04:03:19.875+0000] {processor.py:208} INFO - Processing /home/airflow/.local/lib/python3.12/site-packages/airflow/example_dags/example_complex.py took 0.149 seconds
[2025-03-16T04:03:50.018+0000] {processor.py:186} INFO - Started process (PID=10433) to work on /home/airflow/.local/lib/python3.12/site-packages/airflow/example_dags/example_complex.py
[2025-03-16T04:03:50.019+0000] {processor.py:914} INFO - Processing file /home/airflow/.local/lib/python3.12/site-packages/airflow/example_dags/example_complex.py for tasks to queue
[2025-03-16T04:03:50.024+0000] {logging_mixin.py:190} INFO - [2025-03-16T04:03:50.023+0000] {dagbag.py:588} INFO - Filling up the DagBag from /home/airflow/.local/lib/python3.12/site-packages/airflow/example_dags/example_complex.py
[2025-03-16T04:03:50.043+0000] {processor.py:925} INFO - DAG(s) 'example_complex' retrieved from /home/airflow/.local/lib/python3.12/site-packages/airflow/example_dags/example_complex.py
[2025-03-16T04:03:50.108+0000] {logging_mixin.py:190} INFO - [2025-03-16T04:03:50.108+0000] {dag.py:3239} INFO - Sync 1 DAGs
[2025-03-16T04:03:50.139+0000] {logging_mixin.py:190} INFO - [2025-03-16T04:03:50.139+0000] {dag.py:4180} INFO - Setting next_dagrun for example_complex to None, run_after=None
[2025-03-16T04:03:50.176+0000] {processor.py:208} INFO - Processing /home/airflow/.local/lib/python3.12/site-packages/airflow/example_dags/example_complex.py took 0.168 seconds
[2025-03-16T04:04:20.431+0000] {processor.py:186} INFO - Started process (PID=10497) to work on /home/airflow/.local/lib/python3.12/site-packages/airflow/example_dags/example_complex.py
[2025-03-16T04:04:20.432+0000] {processor.py:914} INFO - Processing file /home/airflow/.local/lib/python3.12/site-packages/airflow/example_dags/example_complex.py for tasks to queue
[2025-03-16T04:04:20.436+0000] {logging_mixin.py:190} INFO - [2025-03-16T04:04:20.436+0000] {dagbag.py:588} INFO - Filling up the DagBag from /home/airflow/.local/lib/python3.12/site-packages/airflow/example_dags/example_complex.py
[2025-03-16T04:04:20.453+0000] {processor.py:925} INFO - DAG(s) 'example_complex' retrieved from /home/airflow/.local/lib/python3.12/site-packages/airflow/example_dags/example_complex.py
[2025-03-16T04:04:20.498+0000] {logging_mixin.py:190} INFO - [2025-03-16T04:04:20.498+0000] {dag.py:3239} INFO - Sync 1 DAGs
[2025-03-16T04:04:20.527+0000] {logging_mixin.py:190} INFO - [2025-03-16T04:04:20.526+0000] {dag.py:4180} INFO - Setting next_dagrun for example_complex to None, run_after=None
[2025-03-16T04:04:20.560+0000] {processor.py:208} INFO - Processing /home/airflow/.local/lib/python3.12/site-packages/airflow/example_dags/example_complex.py took 0.136 seconds
[2025-03-16T04:04:50.826+0000] {processor.py:186} INFO - Started process (PID=10562) to work on /home/airflow/.local/lib/python3.12/site-packages/airflow/example_dags/example_complex.py
[2025-03-16T04:04:50.828+0000] {processor.py:914} INFO - Processing file /home/airflow/.local/lib/python3.12/site-packages/airflow/example_dags/example_complex.py for tasks to queue
[2025-03-16T04:04:50.831+0000] {logging_mixin.py:190} INFO - [2025-03-16T04:04:50.831+0000] {dagbag.py:588} INFO - Filling up the DagBag from /home/airflow/.local/lib/python3.12/site-packages/airflow/example_dags/example_complex.py
[2025-03-16T04:04:50.850+0000] {processor.py:925} INFO - DAG(s) 'example_complex' retrieved from /home/airflow/.local/lib/python3.12/site-packages/airflow/example_dags/example_complex.py
[2025-03-16T04:04:50.900+0000] {logging_mixin.py:190} INFO - [2025-03-16T04:04:50.900+0000] {dag.py:3239} INFO - Sync 1 DAGs
[2025-03-16T04:04:50.922+0000] {logging_mixin.py:190} INFO - [2025-03-16T04:04:50.921+0000] {dag.py:4180} INFO - Setting next_dagrun for example_complex to None, run_after=None
[2025-03-16T04:04:50.955+0000] {processor.py:208} INFO - Processing /home/airflow/.local/lib/python3.12/site-packages/airflow/example_dags/example_complex.py took 0.137 seconds
[2025-03-16T04:05:21.686+0000] {processor.py:186} INFO - Started process (PID=10627) to work on /home/airflow/.local/lib/python3.12/site-packages/airflow/example_dags/example_complex.py
[2025-03-16T04:05:21.687+0000] {processor.py:914} INFO - Processing file /home/airflow/.local/lib/python3.12/site-packages/airflow/example_dags/example_complex.py for tasks to queue
[2025-03-16T04:05:21.691+0000] {logging_mixin.py:190} INFO - [2025-03-16T04:05:21.690+0000] {dagbag.py:588} INFO - Filling up the DagBag from /home/airflow/.local/lib/python3.12/site-packages/airflow/example_dags/example_complex.py
[2025-03-16T04:05:21.709+0000] {processor.py:925} INFO - DAG(s) 'example_complex' retrieved from /home/airflow/.local/lib/python3.12/site-packages/airflow/example_dags/example_complex.py
[2025-03-16T04:05:21.793+0000] {logging_mixin.py:190} INFO - [2025-03-16T04:05:21.793+0000] {dag.py:3239} INFO - Sync 1 DAGs
[2025-03-16T04:05:21.813+0000] {logging_mixin.py:190} INFO - [2025-03-16T04:05:21.813+0000] {dag.py:4180} INFO - Setting next_dagrun for example_complex to None, run_after=None
[2025-03-16T04:05:21.846+0000] {processor.py:208} INFO - Processing /home/airflow/.local/lib/python3.12/site-packages/airflow/example_dags/example_complex.py took 0.168 seconds
[2025-03-16T04:05:52.250+0000] {processor.py:186} INFO - Started process (PID=10693) to work on /home/airflow/.local/lib/python3.12/site-packages/airflow/example_dags/example_complex.py
[2025-03-16T04:05:52.252+0000] {processor.py:914} INFO - Processing file /home/airflow/.local/lib/python3.12/site-packages/airflow/example_dags/example_complex.py for tasks to queue
[2025-03-16T04:05:52.256+0000] {logging_mixin.py:190} INFO - [2025-03-16T04:05:52.255+0000] {dagbag.py:588} INFO - Filling up the DagBag from /home/airflow/.local/lib/python3.12/site-packages/airflow/example_dags/example_complex.py
[2025-03-16T04:05:52.271+0000] {processor.py:925} INFO - DAG(s) 'example_complex' retrieved from /home/airflow/.local/lib/python3.12/site-packages/airflow/example_dags/example_complex.py
[2025-03-16T04:05:52.317+0000] {logging_mixin.py:190} INFO - [2025-03-16T04:05:52.317+0000] {dag.py:3239} INFO - Sync 1 DAGs
[2025-03-16T04:05:52.338+0000] {logging_mixin.py:190} INFO - [2025-03-16T04:05:52.338+0000] {dag.py:4180} INFO - Setting next_dagrun for example_complex to None, run_after=None
[2025-03-16T04:05:52.368+0000] {processor.py:208} INFO - Processing /home/airflow/.local/lib/python3.12/site-packages/airflow/example_dags/example_complex.py took 0.128 seconds
[2025-03-16T04:06:22.776+0000] {processor.py:186} INFO - Started process (PID=10758) to work on /home/airflow/.local/lib/python3.12/site-packages/airflow/example_dags/example_complex.py
[2025-03-16T04:06:22.778+0000] {processor.py:914} INFO - Processing file /home/airflow/.local/lib/python3.12/site-packages/airflow/example_dags/example_complex.py for tasks to queue
[2025-03-16T04:06:22.782+0000] {logging_mixin.py:190} INFO - [2025-03-16T04:06:22.781+0000] {dagbag.py:588} INFO - Filling up the DagBag from /home/airflow/.local/lib/python3.12/site-packages/airflow/example_dags/example_complex.py
[2025-03-16T04:06:22.798+0000] {processor.py:925} INFO - DAG(s) 'example_complex' retrieved from /home/airflow/.local/lib/python3.12/site-packages/airflow/example_dags/example_complex.py
[2025-03-16T04:06:22.849+0000] {logging_mixin.py:190} INFO - [2025-03-16T04:06:22.848+0000] {dag.py:3239} INFO - Sync 1 DAGs
[2025-03-16T04:06:22.868+0000] {logging_mixin.py:190} INFO - [2025-03-16T04:06:22.868+0000] {dag.py:4180} INFO - Setting next_dagrun for example_complex to None, run_after=None
[2025-03-16T04:06:22.900+0000] {processor.py:208} INFO - Processing /home/airflow/.local/lib/python3.12/site-packages/airflow/example_dags/example_complex.py took 0.135 seconds
[2025-03-16T04:06:53.199+0000] {processor.py:186} INFO - Started process (PID=10823) to work on /home/airflow/.local/lib/python3.12/site-packages/airflow/example_dags/example_complex.py
[2025-03-16T04:06:53.200+0000] {processor.py:914} INFO - Processing file /home/airflow/.local/lib/python3.12/site-packages/airflow/example_dags/example_complex.py for tasks to queue
[2025-03-16T04:06:53.204+0000] {logging_mixin.py:190} INFO - [2025-03-16T04:06:53.203+0000] {dagbag.py:588} INFO - Filling up the DagBag from /home/airflow/.local/lib/python3.12/site-packages/airflow/example_dags/example_complex.py
[2025-03-16T04:06:53.220+0000] {processor.py:925} INFO - DAG(s) 'example_complex' retrieved from /home/airflow/.local/lib/python3.12/site-packages/airflow/example_dags/example_complex.py
[2025-03-16T04:06:53.268+0000] {logging_mixin.py:190} INFO - [2025-03-16T04:06:53.267+0000] {dag.py:3239} INFO - Sync 1 DAGs
[2025-03-16T04:06:53.289+0000] {logging_mixin.py:190} INFO - [2025-03-16T04:06:53.288+0000] {dag.py:4180} INFO - Setting next_dagrun for example_complex to None, run_after=None
[2025-03-16T04:06:53.322+0000] {processor.py:208} INFO - Processing /home/airflow/.local/lib/python3.12/site-packages/airflow/example_dags/example_complex.py took 0.131 seconds
[2025-03-16T04:07:23.719+0000] {processor.py:186} INFO - Started process (PID=10888) to work on /home/airflow/.local/lib/python3.12/site-packages/airflow/example_dags/example_complex.py
[2025-03-16T04:07:23.721+0000] {processor.py:914} INFO - Processing file /home/airflow/.local/lib/python3.12/site-packages/airflow/example_dags/example_complex.py for tasks to queue
[2025-03-16T04:07:23.724+0000] {logging_mixin.py:190} INFO - [2025-03-16T04:07:23.723+0000] {dagbag.py:588} INFO - Filling up the DagBag from /home/airflow/.local/lib/python3.12/site-packages/airflow/example_dags/example_complex.py
[2025-03-16T04:07:23.743+0000] {processor.py:925} INFO - DAG(s) 'example_complex' retrieved from /home/airflow/.local/lib/python3.12/site-packages/airflow/example_dags/example_complex.py
[2025-03-16T04:07:23.786+0000] {logging_mixin.py:190} INFO - [2025-03-16T04:07:23.785+0000] {dag.py:3239} INFO - Sync 1 DAGs
[2025-03-16T04:07:23.806+0000] {logging_mixin.py:190} INFO - [2025-03-16T04:07:23.806+0000] {dag.py:4180} INFO - Setting next_dagrun for example_complex to None, run_after=None
[2025-03-16T04:07:23.842+0000] {processor.py:208} INFO - Processing /home/airflow/.local/lib/python3.12/site-packages/airflow/example_dags/example_complex.py took 0.132 seconds
[2025-03-16T04:07:54.156+0000] {processor.py:186} INFO - Started process (PID=10953) to work on /home/airflow/.local/lib/python3.12/site-packages/airflow/example_dags/example_complex.py
[2025-03-16T04:07:54.157+0000] {processor.py:914} INFO - Processing file /home/airflow/.local/lib/python3.12/site-packages/airflow/example_dags/example_complex.py for tasks to queue
[2025-03-16T04:07:54.161+0000] {logging_mixin.py:190} INFO - [2025-03-16T04:07:54.160+0000] {dagbag.py:588} INFO - Filling up the DagBag from /home/airflow/.local/lib/python3.12/site-packages/airflow/example_dags/example_complex.py
[2025-03-16T04:07:54.186+0000] {processor.py:925} INFO - DAG(s) 'example_complex' retrieved from /home/airflow/.local/lib/python3.12/site-packages/airflow/example_dags/example_complex.py
[2025-03-16T04:07:54.240+0000] {logging_mixin.py:190} INFO - [2025-03-16T04:07:54.240+0000] {dag.py:3239} INFO - Sync 1 DAGs
[2025-03-16T04:07:54.264+0000] {logging_mixin.py:190} INFO - [2025-03-16T04:07:54.264+0000] {dag.py:4180} INFO - Setting next_dagrun for example_complex to None, run_after=None
[2025-03-16T04:07:54.306+0000] {processor.py:208} INFO - Processing /home/airflow/.local/lib/python3.12/site-packages/airflow/example_dags/example_complex.py took 0.161 seconds
[2025-03-16T04:08:24.558+0000] {processor.py:186} INFO - Started process (PID=11019) to work on /home/airflow/.local/lib/python3.12/site-packages/airflow/example_dags/example_complex.py
[2025-03-16T04:08:24.559+0000] {processor.py:914} INFO - Processing file /home/airflow/.local/lib/python3.12/site-packages/airflow/example_dags/example_complex.py for tasks to queue
[2025-03-16T04:08:24.563+0000] {logging_mixin.py:190} INFO - [2025-03-16T04:08:24.562+0000] {dagbag.py:588} INFO - Filling up the DagBag from /home/airflow/.local/lib/python3.12/site-packages/airflow/example_dags/example_complex.py
[2025-03-16T04:08:24.579+0000] {processor.py:925} INFO - DAG(s) 'example_complex' retrieved from /home/airflow/.local/lib/python3.12/site-packages/airflow/example_dags/example_complex.py
[2025-03-16T04:08:24.624+0000] {logging_mixin.py:190} INFO - [2025-03-16T04:08:24.624+0000] {dag.py:3239} INFO - Sync 1 DAGs
[2025-03-16T04:08:24.644+0000] {logging_mixin.py:190} INFO - [2025-03-16T04:08:24.643+0000] {dag.py:4180} INFO - Setting next_dagrun for example_complex to None, run_after=None
[2025-03-16T04:08:24.674+0000] {processor.py:208} INFO - Processing /home/airflow/.local/lib/python3.12/site-packages/airflow/example_dags/example_complex.py took 0.125 seconds
[2025-03-16T04:08:54.746+0000] {processor.py:186} INFO - Started process (PID=11084) to work on /home/airflow/.local/lib/python3.12/site-packages/airflow/example_dags/example_complex.py
[2025-03-16T04:08:54.747+0000] {processor.py:914} INFO - Processing file /home/airflow/.local/lib/python3.12/site-packages/airflow/example_dags/example_complex.py for tasks to queue
[2025-03-16T04:08:54.751+0000] {logging_mixin.py:190} INFO - [2025-03-16T04:08:54.751+0000] {dagbag.py:588} INFO - Filling up the DagBag from /home/airflow/.local/lib/python3.12/site-packages/airflow/example_dags/example_complex.py
[2025-03-16T04:08:54.774+0000] {processor.py:925} INFO - DAG(s) 'example_complex' retrieved from /home/airflow/.local/lib/python3.12/site-packages/airflow/example_dags/example_complex.py
[2025-03-16T04:08:54.823+0000] {logging_mixin.py:190} INFO - [2025-03-16T04:08:54.823+0000] {dag.py:3239} INFO - Sync 1 DAGs
[2025-03-16T04:08:54.847+0000] {logging_mixin.py:190} INFO - [2025-03-16T04:08:54.847+0000] {dag.py:4180} INFO - Setting next_dagrun for example_complex to None, run_after=None
[2025-03-16T04:08:54.882+0000] {processor.py:208} INFO - Processing /home/airflow/.local/lib/python3.12/site-packages/airflow/example_dags/example_complex.py took 0.145 seconds
[2025-03-16T04:09:25.647+0000] {processor.py:186} INFO - Started process (PID=11149) to work on /home/airflow/.local/lib/python3.12/site-packages/airflow/example_dags/example_complex.py
[2025-03-16T04:09:25.649+0000] {processor.py:914} INFO - Processing file /home/airflow/.local/lib/python3.12/site-packages/airflow/example_dags/example_complex.py for tasks to queue
[2025-03-16T04:09:25.653+0000] {logging_mixin.py:190} INFO - [2025-03-16T04:09:25.652+0000] {dagbag.py:588} INFO - Filling up the DagBag from /home/airflow/.local/lib/python3.12/site-packages/airflow/example_dags/example_complex.py
[2025-03-16T04:09:25.672+0000] {processor.py:925} INFO - DAG(s) 'example_complex' retrieved from /home/airflow/.local/lib/python3.12/site-packages/airflow/example_dags/example_complex.py
[2025-03-16T04:09:25.718+0000] {logging_mixin.py:190} INFO - [2025-03-16T04:09:25.718+0000] {dag.py:3239} INFO - Sync 1 DAGs
[2025-03-16T04:09:25.741+0000] {logging_mixin.py:190} INFO - [2025-03-16T04:09:25.741+0000] {dag.py:4180} INFO - Setting next_dagrun for example_complex to None, run_after=None
[2025-03-16T04:09:25.774+0000] {processor.py:208} INFO - Processing /home/airflow/.local/lib/python3.12/site-packages/airflow/example_dags/example_complex.py took 0.136 seconds
[2025-03-16T04:09:56.437+0000] {processor.py:186} INFO - Started process (PID=11214) to work on /home/airflow/.local/lib/python3.12/site-packages/airflow/example_dags/example_complex.py
[2025-03-16T04:09:56.439+0000] {processor.py:914} INFO - Processing file /home/airflow/.local/lib/python3.12/site-packages/airflow/example_dags/example_complex.py for tasks to queue
[2025-03-16T04:09:56.442+0000] {logging_mixin.py:190} INFO - [2025-03-16T04:09:56.442+0000] {dagbag.py:588} INFO - Filling up the DagBag from /home/airflow/.local/lib/python3.12/site-packages/airflow/example_dags/example_complex.py
[2025-03-16T04:09:56.459+0000] {processor.py:925} INFO - DAG(s) 'example_complex' retrieved from /home/airflow/.local/lib/python3.12/site-packages/airflow/example_dags/example_complex.py
[2025-03-16T04:09:56.512+0000] {logging_mixin.py:190} INFO - [2025-03-16T04:09:56.511+0000] {dag.py:3239} INFO - Sync 1 DAGs
[2025-03-16T04:09:56.544+0000] {logging_mixin.py:190} INFO - [2025-03-16T04:09:56.543+0000] {dag.py:4180} INFO - Setting next_dagrun for example_complex to None, run_after=None
[2025-03-16T04:09:56.581+0000] {processor.py:208} INFO - Processing /home/airflow/.local/lib/python3.12/site-packages/airflow/example_dags/example_complex.py took 0.155 seconds
[2025-03-16T04:10:26.725+0000] {processor.py:186} INFO - Started process (PID=11279) to work on /home/airflow/.local/lib/python3.12/site-packages/airflow/example_dags/example_complex.py
[2025-03-16T04:10:26.727+0000] {processor.py:914} INFO - Processing file /home/airflow/.local/lib/python3.12/site-packages/airflow/example_dags/example_complex.py for tasks to queue
[2025-03-16T04:10:26.731+0000] {logging_mixin.py:190} INFO - [2025-03-16T04:10:26.730+0000] {dagbag.py:588} INFO - Filling up the DagBag from /home/airflow/.local/lib/python3.12/site-packages/airflow/example_dags/example_complex.py
[2025-03-16T04:10:26.750+0000] {processor.py:925} INFO - DAG(s) 'example_complex' retrieved from /home/airflow/.local/lib/python3.12/site-packages/airflow/example_dags/example_complex.py
[2025-03-16T04:10:26.803+0000] {logging_mixin.py:190} INFO - [2025-03-16T04:10:26.802+0000] {dag.py:3239} INFO - Sync 1 DAGs
[2025-03-16T04:10:26.825+0000] {logging_mixin.py:190} INFO - [2025-03-16T04:10:26.825+0000] {dag.py:4180} INFO - Setting next_dagrun for example_complex to None, run_after=None
[2025-03-16T04:10:26.868+0000] {processor.py:208} INFO - Processing /home/airflow/.local/lib/python3.12/site-packages/airflow/example_dags/example_complex.py took 0.154 seconds
[2025-03-16T04:10:57.198+0000] {processor.py:186} INFO - Started process (PID=11344) to work on /home/airflow/.local/lib/python3.12/site-packages/airflow/example_dags/example_complex.py
[2025-03-16T04:10:57.199+0000] {processor.py:914} INFO - Processing file /home/airflow/.local/lib/python3.12/site-packages/airflow/example_dags/example_complex.py for tasks to queue
[2025-03-16T04:10:57.204+0000] {logging_mixin.py:190} INFO - [2025-03-16T04:10:57.203+0000] {dagbag.py:588} INFO - Filling up the DagBag from /home/airflow/.local/lib/python3.12/site-packages/airflow/example_dags/example_complex.py
[2025-03-16T04:10:57.228+0000] {processor.py:925} INFO - DAG(s) 'example_complex' retrieved from /home/airflow/.local/lib/python3.12/site-packages/airflow/example_dags/example_complex.py
[2025-03-16T04:10:57.282+0000] {logging_mixin.py:190} INFO - [2025-03-16T04:10:57.282+0000] {dag.py:3239} INFO - Sync 1 DAGs
[2025-03-16T04:10:57.303+0000] {logging_mixin.py:190} INFO - [2025-03-16T04:10:57.302+0000] {dag.py:4180} INFO - Setting next_dagrun for example_complex to None, run_after=None
[2025-03-16T04:10:57.334+0000] {processor.py:208} INFO - Processing /home/airflow/.local/lib/python3.12/site-packages/airflow/example_dags/example_complex.py took 0.146 seconds
[2025-03-16T04:11:28.098+0000] {processor.py:186} INFO - Started process (PID=11409) to work on /home/airflow/.local/lib/python3.12/site-packages/airflow/example_dags/example_complex.py
[2025-03-16T04:11:28.100+0000] {processor.py:914} INFO - Processing file /home/airflow/.local/lib/python3.12/site-packages/airflow/example_dags/example_complex.py for tasks to queue
[2025-03-16T04:11:28.104+0000] {logging_mixin.py:190} INFO - [2025-03-16T04:11:28.103+0000] {dagbag.py:588} INFO - Filling up the DagBag from /home/airflow/.local/lib/python3.12/site-packages/airflow/example_dags/example_complex.py
[2025-03-16T04:11:28.123+0000] {processor.py:925} INFO - DAG(s) 'example_complex' retrieved from /home/airflow/.local/lib/python3.12/site-packages/airflow/example_dags/example_complex.py
[2025-03-16T04:11:28.179+0000] {logging_mixin.py:190} INFO - [2025-03-16T04:11:28.178+0000] {dag.py:3239} INFO - Sync 1 DAGs
[2025-03-16T04:11:28.198+0000] {logging_mixin.py:190} INFO - [2025-03-16T04:11:28.198+0000] {dag.py:4180} INFO - Setting next_dagrun for example_complex to None, run_after=None
[2025-03-16T04:11:28.232+0000] {processor.py:208} INFO - Processing /home/airflow/.local/lib/python3.12/site-packages/airflow/example_dags/example_complex.py took 0.142 seconds
[2025-03-16T04:11:58.921+0000] {processor.py:186} INFO - Started process (PID=11474) to work on /home/airflow/.local/lib/python3.12/site-packages/airflow/example_dags/example_complex.py
[2025-03-16T04:11:58.923+0000] {processor.py:914} INFO - Processing file /home/airflow/.local/lib/python3.12/site-packages/airflow/example_dags/example_complex.py for tasks to queue
[2025-03-16T04:11:58.926+0000] {logging_mixin.py:190} INFO - [2025-03-16T04:11:58.925+0000] {dagbag.py:588} INFO - Filling up the DagBag from /home/airflow/.local/lib/python3.12/site-packages/airflow/example_dags/example_complex.py
[2025-03-16T04:11:58.941+0000] {processor.py:925} INFO - DAG(s) 'example_complex' retrieved from /home/airflow/.local/lib/python3.12/site-packages/airflow/example_dags/example_complex.py
[2025-03-16T04:11:58.999+0000] {logging_mixin.py:190} INFO - [2025-03-16T04:11:58.999+0000] {dag.py:3239} INFO - Sync 1 DAGs
[2025-03-16T04:11:59.021+0000] {logging_mixin.py:190} INFO - [2025-03-16T04:11:59.021+0000] {dag.py:4180} INFO - Setting next_dagrun for example_complex to None, run_after=None
[2025-03-16T04:11:59.064+0000] {processor.py:208} INFO - Processing /home/airflow/.local/lib/python3.12/site-packages/airflow/example_dags/example_complex.py took 0.150 seconds
[2025-03-16T04:12:29.281+0000] {processor.py:186} INFO - Started process (PID=11538) to work on /home/airflow/.local/lib/python3.12/site-packages/airflow/example_dags/example_complex.py
[2025-03-16T04:12:29.283+0000] {processor.py:914} INFO - Processing file /home/airflow/.local/lib/python3.12/site-packages/airflow/example_dags/example_complex.py for tasks to queue
[2025-03-16T04:12:29.287+0000] {logging_mixin.py:190} INFO - [2025-03-16T04:12:29.286+0000] {dagbag.py:588} INFO - Filling up the DagBag from /home/airflow/.local/lib/python3.12/site-packages/airflow/example_dags/example_complex.py
[2025-03-16T04:12:29.304+0000] {processor.py:925} INFO - DAG(s) 'example_complex' retrieved from /home/airflow/.local/lib/python3.12/site-packages/airflow/example_dags/example_complex.py
[2025-03-16T04:12:29.360+0000] {logging_mixin.py:190} INFO - [2025-03-16T04:12:29.359+0000] {dag.py:3239} INFO - Sync 1 DAGs
[2025-03-16T04:12:29.381+0000] {logging_mixin.py:190} INFO - [2025-03-16T04:12:29.380+0000] {dag.py:4180} INFO - Setting next_dagrun for example_complex to None, run_after=None
[2025-03-16T04:12:29.412+0000] {processor.py:208} INFO - Processing /home/airflow/.local/lib/python3.12/site-packages/airflow/example_dags/example_complex.py took 0.140 seconds
[2025-03-16T04:12:59.609+0000] {processor.py:186} INFO - Started process (PID=11603) to work on /home/airflow/.local/lib/python3.12/site-packages/airflow/example_dags/example_complex.py
[2025-03-16T04:12:59.611+0000] {processor.py:914} INFO - Processing file /home/airflow/.local/lib/python3.12/site-packages/airflow/example_dags/example_complex.py for tasks to queue
[2025-03-16T04:12:59.615+0000] {logging_mixin.py:190} INFO - [2025-03-16T04:12:59.615+0000] {dagbag.py:588} INFO - Filling up the DagBag from /home/airflow/.local/lib/python3.12/site-packages/airflow/example_dags/example_complex.py
[2025-03-16T04:12:59.634+0000] {processor.py:925} INFO - DAG(s) 'example_complex' retrieved from /home/airflow/.local/lib/python3.12/site-packages/airflow/example_dags/example_complex.py
[2025-03-16T04:12:59.682+0000] {logging_mixin.py:190} INFO - [2025-03-16T04:12:59.682+0000] {dag.py:3239} INFO - Sync 1 DAGs
[2025-03-16T04:12:59.703+0000] {logging_mixin.py:190} INFO - [2025-03-16T04:12:59.703+0000] {dag.py:4180} INFO - Setting next_dagrun for example_complex to None, run_after=None
[2025-03-16T04:12:59.735+0000] {processor.py:208} INFO - Processing /home/airflow/.local/lib/python3.12/site-packages/airflow/example_dags/example_complex.py took 0.137 seconds
[2025-03-16T04:13:29.863+0000] {processor.py:186} INFO - Started process (PID=11668) to work on /home/airflow/.local/lib/python3.12/site-packages/airflow/example_dags/example_complex.py
[2025-03-16T04:13:29.865+0000] {processor.py:914} INFO - Processing file /home/airflow/.local/lib/python3.12/site-packages/airflow/example_dags/example_complex.py for tasks to queue
[2025-03-16T04:13:29.869+0000] {logging_mixin.py:190} INFO - [2025-03-16T04:13:29.868+0000] {dagbag.py:588} INFO - Filling up the DagBag from /home/airflow/.local/lib/python3.12/site-packages/airflow/example_dags/example_complex.py
[2025-03-16T04:13:29.886+0000] {processor.py:925} INFO - DAG(s) 'example_complex' retrieved from /home/airflow/.local/lib/python3.12/site-packages/airflow/example_dags/example_complex.py
[2025-03-16T04:13:29.930+0000] {logging_mixin.py:190} INFO - [2025-03-16T04:13:29.930+0000] {dag.py:3239} INFO - Sync 1 DAGs
[2025-03-16T04:13:29.952+0000] {logging_mixin.py:190} INFO - [2025-03-16T04:13:29.951+0000] {dag.py:4180} INFO - Setting next_dagrun for example_complex to None, run_after=None
[2025-03-16T04:13:29.987+0000] {processor.py:208} INFO - Processing /home/airflow/.local/lib/python3.12/site-packages/airflow/example_dags/example_complex.py took 0.133 seconds
[2025-03-16T04:14:00.413+0000] {processor.py:186} INFO - Started process (PID=11734) to work on /home/airflow/.local/lib/python3.12/site-packages/airflow/example_dags/example_complex.py
[2025-03-16T04:14:00.415+0000] {processor.py:914} INFO - Processing file /home/airflow/.local/lib/python3.12/site-packages/airflow/example_dags/example_complex.py for tasks to queue
[2025-03-16T04:14:00.419+0000] {logging_mixin.py:190} INFO - [2025-03-16T04:14:00.418+0000] {dagbag.py:588} INFO - Filling up the DagBag from /home/airflow/.local/lib/python3.12/site-packages/airflow/example_dags/example_complex.py
[2025-03-16T04:14:00.433+0000] {processor.py:925} INFO - DAG(s) 'example_complex' retrieved from /home/airflow/.local/lib/python3.12/site-packages/airflow/example_dags/example_complex.py
[2025-03-16T04:14:00.481+0000] {logging_mixin.py:190} INFO - [2025-03-16T04:14:00.481+0000] {dag.py:3239} INFO - Sync 1 DAGs
[2025-03-16T04:14:00.500+0000] {logging_mixin.py:190} INFO - [2025-03-16T04:14:00.500+0000] {dag.py:4180} INFO - Setting next_dagrun for example_complex to None, run_after=None
[2025-03-16T04:14:00.533+0000] {processor.py:208} INFO - Processing /home/airflow/.local/lib/python3.12/site-packages/airflow/example_dags/example_complex.py took 0.132 seconds
[2025-03-16T04:14:31.051+0000] {processor.py:186} INFO - Started process (PID=11799) to work on /home/airflow/.local/lib/python3.12/site-packages/airflow/example_dags/example_complex.py
[2025-03-16T04:14:31.052+0000] {processor.py:914} INFO - Processing file /home/airflow/.local/lib/python3.12/site-packages/airflow/example_dags/example_complex.py for tasks to queue
[2025-03-16T04:14:31.057+0000] {logging_mixin.py:190} INFO - [2025-03-16T04:14:31.056+0000] {dagbag.py:588} INFO - Filling up the DagBag from /home/airflow/.local/lib/python3.12/site-packages/airflow/example_dags/example_complex.py
[2025-03-16T04:14:31.075+0000] {processor.py:925} INFO - DAG(s) 'example_complex' retrieved from /home/airflow/.local/lib/python3.12/site-packages/airflow/example_dags/example_complex.py
[2025-03-16T04:14:31.128+0000] {logging_mixin.py:190} INFO - [2025-03-16T04:14:31.127+0000] {dag.py:3239} INFO - Sync 1 DAGs
[2025-03-16T04:14:31.146+0000] {logging_mixin.py:190} INFO - [2025-03-16T04:14:31.146+0000] {dag.py:4180} INFO - Setting next_dagrun for example_complex to None, run_after=None
[2025-03-16T04:14:31.178+0000] {processor.py:208} INFO - Processing /home/airflow/.local/lib/python3.12/site-packages/airflow/example_dags/example_complex.py took 0.135 seconds
[2025-03-16T04:15:01.841+0000] {processor.py:186} INFO - Started process (PID=11863) to work on /home/airflow/.local/lib/python3.12/site-packages/airflow/example_dags/example_complex.py
[2025-03-16T04:15:01.843+0000] {processor.py:914} INFO - Processing file /home/airflow/.local/lib/python3.12/site-packages/airflow/example_dags/example_complex.py for tasks to queue
[2025-03-16T04:15:01.848+0000] {logging_mixin.py:190} INFO - [2025-03-16T04:15:01.847+0000] {dagbag.py:588} INFO - Filling up the DagBag from /home/airflow/.local/lib/python3.12/site-packages/airflow/example_dags/example_complex.py
[2025-03-16T04:15:01.873+0000] {processor.py:925} INFO - DAG(s) 'example_complex' retrieved from /home/airflow/.local/lib/python3.12/site-packages/airflow/example_dags/example_complex.py
[2025-03-16T04:15:01.940+0000] {logging_mixin.py:190} INFO - [2025-03-16T04:15:01.940+0000] {dag.py:3239} INFO - Sync 1 DAGs
[2025-03-16T04:15:01.969+0000] {logging_mixin.py:190} INFO - [2025-03-16T04:15:01.969+0000] {dag.py:4180} INFO - Setting next_dagrun for example_complex to None, run_after=None
[2025-03-16T04:15:02.003+0000] {processor.py:208} INFO - Processing /home/airflow/.local/lib/python3.12/site-packages/airflow/example_dags/example_complex.py took 0.174 seconds
[2025-03-16T04:15:32.449+0000] {processor.py:186} INFO - Started process (PID=11928) to work on /home/airflow/.local/lib/python3.12/site-packages/airflow/example_dags/example_complex.py
[2025-03-16T04:15:32.450+0000] {processor.py:914} INFO - Processing file /home/airflow/.local/lib/python3.12/site-packages/airflow/example_dags/example_complex.py for tasks to queue
[2025-03-16T04:15:32.454+0000] {logging_mixin.py:190} INFO - [2025-03-16T04:15:32.453+0000] {dagbag.py:588} INFO - Filling up the DagBag from /home/airflow/.local/lib/python3.12/site-packages/airflow/example_dags/example_complex.py
[2025-03-16T04:15:32.472+0000] {processor.py:925} INFO - DAG(s) 'example_complex' retrieved from /home/airflow/.local/lib/python3.12/site-packages/airflow/example_dags/example_complex.py
[2025-03-16T04:15:32.527+0000] {logging_mixin.py:190} INFO - [2025-03-16T04:15:32.527+0000] {dag.py:3239} INFO - Sync 1 DAGs
[2025-03-16T04:15:32.553+0000] {logging_mixin.py:190} INFO - [2025-03-16T04:15:32.552+0000] {dag.py:4180} INFO - Setting next_dagrun for example_complex to None, run_after=None
[2025-03-16T04:15:32.591+0000] {processor.py:208} INFO - Processing /home/airflow/.local/lib/python3.12/site-packages/airflow/example_dags/example_complex.py took 0.152 seconds
[2025-03-16T04:16:03.326+0000] {processor.py:186} INFO - Started process (PID=11993) to work on /home/airflow/.local/lib/python3.12/site-packages/airflow/example_dags/example_complex.py
[2025-03-16T04:16:03.328+0000] {processor.py:914} INFO - Processing file /home/airflow/.local/lib/python3.12/site-packages/airflow/example_dags/example_complex.py for tasks to queue
[2025-03-16T04:16:03.331+0000] {logging_mixin.py:190} INFO - [2025-03-16T04:16:03.331+0000] {dagbag.py:588} INFO - Filling up the DagBag from /home/airflow/.local/lib/python3.12/site-packages/airflow/example_dags/example_complex.py
[2025-03-16T04:16:03.346+0000] {processor.py:925} INFO - DAG(s) 'example_complex' retrieved from /home/airflow/.local/lib/python3.12/site-packages/airflow/example_dags/example_complex.py
[2025-03-16T04:16:03.398+0000] {logging_mixin.py:190} INFO - [2025-03-16T04:16:03.397+0000] {dag.py:3239} INFO - Sync 1 DAGs
[2025-03-16T04:16:03.430+0000] {logging_mixin.py:190} INFO - [2025-03-16T04:16:03.430+0000] {dag.py:4180} INFO - Setting next_dagrun for example_complex to None, run_after=None
[2025-03-16T04:16:03.471+0000] {processor.py:208} INFO - Processing /home/airflow/.local/lib/python3.12/site-packages/airflow/example_dags/example_complex.py took 0.152 seconds
[2025-03-16T04:16:33.640+0000] {processor.py:186} INFO - Started process (PID=12045) to work on /home/airflow/.local/lib/python3.12/site-packages/airflow/example_dags/example_complex.py
[2025-03-16T04:16:33.642+0000] {processor.py:914} INFO - Processing file /home/airflow/.local/lib/python3.12/site-packages/airflow/example_dags/example_complex.py for tasks to queue
[2025-03-16T04:16:33.646+0000] {logging_mixin.py:190} INFO - [2025-03-16T04:16:33.645+0000] {dagbag.py:588} INFO - Filling up the DagBag from /home/airflow/.local/lib/python3.12/site-packages/airflow/example_dags/example_complex.py
[2025-03-16T04:16:33.659+0000] {processor.py:925} INFO - DAG(s) 'example_complex' retrieved from /home/airflow/.local/lib/python3.12/site-packages/airflow/example_dags/example_complex.py
[2025-03-16T04:16:33.698+0000] {logging_mixin.py:190} INFO - [2025-03-16T04:16:33.698+0000] {dag.py:3239} INFO - Sync 1 DAGs
[2025-03-16T04:16:33.716+0000] {logging_mixin.py:190} INFO - [2025-03-16T04:16:33.715+0000] {dag.py:4180} INFO - Setting next_dagrun for example_complex to None, run_after=None
[2025-03-16T04:16:33.745+0000] {processor.py:208} INFO - Processing /home/airflow/.local/lib/python3.12/site-packages/airflow/example_dags/example_complex.py took 0.112 seconds
[2025-03-16T04:17:05.073+0000] {processor.py:186} INFO - Started process (PID=12116) to work on /home/airflow/.local/lib/python3.12/site-packages/airflow/example_dags/example_complex.py
[2025-03-16T04:17:05.074+0000] {processor.py:914} INFO - Processing file /home/airflow/.local/lib/python3.12/site-packages/airflow/example_dags/example_complex.py for tasks to queue
[2025-03-16T04:17:05.078+0000] {logging_mixin.py:190} INFO - [2025-03-16T04:17:05.077+0000] {dagbag.py:588} INFO - Filling up the DagBag from /home/airflow/.local/lib/python3.12/site-packages/airflow/example_dags/example_complex.py
[2025-03-16T04:17:05.117+0000] {processor.py:925} INFO - DAG(s) 'example_complex' retrieved from /home/airflow/.local/lib/python3.12/site-packages/airflow/example_dags/example_complex.py
[2025-03-16T04:17:05.196+0000] {logging_mixin.py:190} INFO - [2025-03-16T04:17:05.196+0000] {dag.py:3239} INFO - Sync 1 DAGs
[2025-03-16T04:17:05.220+0000] {logging_mixin.py:190} INFO - [2025-03-16T04:17:05.220+0000] {dag.py:4180} INFO - Setting next_dagrun for example_complex to None, run_after=None
[2025-03-16T04:17:05.258+0000] {processor.py:208} INFO - Processing /home/airflow/.local/lib/python3.12/site-packages/airflow/example_dags/example_complex.py took 0.192 seconds
[2025-03-16T04:17:35.999+0000] {processor.py:186} INFO - Started process (PID=12182) to work on /home/airflow/.local/lib/python3.12/site-packages/airflow/example_dags/example_complex.py
[2025-03-16T04:17:36.001+0000] {processor.py:914} INFO - Processing file /home/airflow/.local/lib/python3.12/site-packages/airflow/example_dags/example_complex.py for tasks to queue
[2025-03-16T04:17:36.004+0000] {logging_mixin.py:190} INFO - [2025-03-16T04:17:36.003+0000] {dagbag.py:588} INFO - Filling up the DagBag from /home/airflow/.local/lib/python3.12/site-packages/airflow/example_dags/example_complex.py
[2025-03-16T04:17:36.021+0000] {processor.py:925} INFO - DAG(s) 'example_complex' retrieved from /home/airflow/.local/lib/python3.12/site-packages/airflow/example_dags/example_complex.py
[2025-03-16T04:17:36.062+0000] {logging_mixin.py:190} INFO - [2025-03-16T04:17:36.061+0000] {dag.py:3239} INFO - Sync 1 DAGs
[2025-03-16T04:17:36.083+0000] {logging_mixin.py:190} INFO - [2025-03-16T04:17:36.083+0000] {dag.py:4180} INFO - Setting next_dagrun for example_complex to None, run_after=None
[2025-03-16T04:17:36.112+0000] {processor.py:208} INFO - Processing /home/airflow/.local/lib/python3.12/site-packages/airflow/example_dags/example_complex.py took 0.121 seconds
[2025-03-16T04:18:06.174+0000] {processor.py:186} INFO - Started process (PID=12242) to work on /home/airflow/.local/lib/python3.12/site-packages/airflow/example_dags/example_complex.py
[2025-03-16T04:18:06.175+0000] {processor.py:914} INFO - Processing file /home/airflow/.local/lib/python3.12/site-packages/airflow/example_dags/example_complex.py for tasks to queue
[2025-03-16T04:18:06.178+0000] {logging_mixin.py:190} INFO - [2025-03-16T04:18:06.178+0000] {dagbag.py:588} INFO - Filling up the DagBag from /home/airflow/.local/lib/python3.12/site-packages/airflow/example_dags/example_complex.py
[2025-03-16T04:18:06.197+0000] {processor.py:925} INFO - DAG(s) 'example_complex' retrieved from /home/airflow/.local/lib/python3.12/site-packages/airflow/example_dags/example_complex.py
[2025-03-16T04:18:06.249+0000] {logging_mixin.py:190} INFO - [2025-03-16T04:18:06.249+0000] {dag.py:3239} INFO - Sync 1 DAGs
[2025-03-16T04:18:06.270+0000] {logging_mixin.py:190} INFO - [2025-03-16T04:18:06.270+0000] {dag.py:4180} INFO - Setting next_dagrun for example_complex to None, run_after=None
[2025-03-16T04:18:06.300+0000] {processor.py:208} INFO - Processing /home/airflow/.local/lib/python3.12/site-packages/airflow/example_dags/example_complex.py took 0.134 seconds
[2025-03-16T04:18:36.625+0000] {processor.py:186} INFO - Started process (PID=12306) to work on /home/airflow/.local/lib/python3.12/site-packages/airflow/example_dags/example_complex.py
[2025-03-16T04:18:36.627+0000] {processor.py:914} INFO - Processing file /home/airflow/.local/lib/python3.12/site-packages/airflow/example_dags/example_complex.py for tasks to queue
[2025-03-16T04:18:36.632+0000] {logging_mixin.py:190} INFO - [2025-03-16T04:18:36.631+0000] {dagbag.py:588} INFO - Filling up the DagBag from /home/airflow/.local/lib/python3.12/site-packages/airflow/example_dags/example_complex.py
[2025-03-16T04:18:36.662+0000] {processor.py:925} INFO - DAG(s) 'example_complex' retrieved from /home/airflow/.local/lib/python3.12/site-packages/airflow/example_dags/example_complex.py
[2025-03-16T04:18:36.720+0000] {logging_mixin.py:190} INFO - [2025-03-16T04:18:36.719+0000] {dag.py:3239} INFO - Sync 1 DAGs
[2025-03-16T04:18:36.748+0000] {logging_mixin.py:190} INFO - [2025-03-16T04:18:36.748+0000] {dag.py:4180} INFO - Setting next_dagrun for example_complex to None, run_after=None
[2025-03-16T04:18:36.788+0000] {processor.py:208} INFO - Processing /home/airflow/.local/lib/python3.12/site-packages/airflow/example_dags/example_complex.py took 0.175 seconds
[2025-03-16T04:19:07.251+0000] {processor.py:186} INFO - Started process (PID=12368) to work on /home/airflow/.local/lib/python3.12/site-packages/airflow/example_dags/example_complex.py
[2025-03-16T04:19:07.253+0000] {processor.py:914} INFO - Processing file /home/airflow/.local/lib/python3.12/site-packages/airflow/example_dags/example_complex.py for tasks to queue
[2025-03-16T04:19:07.259+0000] {logging_mixin.py:190} INFO - [2025-03-16T04:19:07.258+0000] {dagbag.py:588} INFO - Filling up the DagBag from /home/airflow/.local/lib/python3.12/site-packages/airflow/example_dags/example_complex.py
[2025-03-16T04:19:07.280+0000] {processor.py:925} INFO - DAG(s) 'example_complex' retrieved from /home/airflow/.local/lib/python3.12/site-packages/airflow/example_dags/example_complex.py
[2025-03-16T04:19:07.329+0000] {logging_mixin.py:190} INFO - [2025-03-16T04:19:07.329+0000] {dag.py:3239} INFO - Sync 1 DAGs
[2025-03-16T04:19:07.354+0000] {logging_mixin.py:190} INFO - [2025-03-16T04:19:07.353+0000] {dag.py:4180} INFO - Setting next_dagrun for example_complex to None, run_after=None
[2025-03-16T04:19:07.387+0000] {processor.py:208} INFO - Processing /home/airflow/.local/lib/python3.12/site-packages/airflow/example_dags/example_complex.py took 0.145 seconds
[2025-03-16T04:19:37.597+0000] {processor.py:186} INFO - Started process (PID=12435) to work on /home/airflow/.local/lib/python3.12/site-packages/airflow/example_dags/example_complex.py
[2025-03-16T04:19:37.599+0000] {processor.py:914} INFO - Processing file /home/airflow/.local/lib/python3.12/site-packages/airflow/example_dags/example_complex.py for tasks to queue
[2025-03-16T04:19:37.602+0000] {logging_mixin.py:190} INFO - [2025-03-16T04:19:37.601+0000] {dagbag.py:588} INFO - Filling up the DagBag from /home/airflow/.local/lib/python3.12/site-packages/airflow/example_dags/example_complex.py
[2025-03-16T04:19:37.620+0000] {processor.py:925} INFO - DAG(s) 'example_complex' retrieved from /home/airflow/.local/lib/python3.12/site-packages/airflow/example_dags/example_complex.py
[2025-03-16T04:19:37.671+0000] {logging_mixin.py:190} INFO - [2025-03-16T04:19:37.671+0000] {dag.py:3239} INFO - Sync 1 DAGs
[2025-03-16T04:19:37.692+0000] {logging_mixin.py:190} INFO - [2025-03-16T04:19:37.692+0000] {dag.py:4180} INFO - Setting next_dagrun for example_complex to None, run_after=None
[2025-03-16T04:19:37.724+0000] {processor.py:208} INFO - Processing /home/airflow/.local/lib/python3.12/site-packages/airflow/example_dags/example_complex.py took 0.135 seconds
[2025-03-16T04:20:07.866+0000] {processor.py:186} INFO - Started process (PID=12501) to work on /home/airflow/.local/lib/python3.12/site-packages/airflow/example_dags/example_complex.py
[2025-03-16T04:20:07.868+0000] {processor.py:914} INFO - Processing file /home/airflow/.local/lib/python3.12/site-packages/airflow/example_dags/example_complex.py for tasks to queue
[2025-03-16T04:20:07.873+0000] {logging_mixin.py:190} INFO - [2025-03-16T04:20:07.872+0000] {dagbag.py:588} INFO - Filling up the DagBag from /home/airflow/.local/lib/python3.12/site-packages/airflow/example_dags/example_complex.py
[2025-03-16T04:20:07.893+0000] {processor.py:925} INFO - DAG(s) 'example_complex' retrieved from /home/airflow/.local/lib/python3.12/site-packages/airflow/example_dags/example_complex.py
[2025-03-16T04:20:07.948+0000] {logging_mixin.py:190} INFO - [2025-03-16T04:20:07.948+0000] {dag.py:3239} INFO - Sync 1 DAGs
[2025-03-16T04:20:07.978+0000] {logging_mixin.py:190} INFO - [2025-03-16T04:20:07.977+0000] {dag.py:4180} INFO - Setting next_dagrun for example_complex to None, run_after=None
[2025-03-16T04:20:08.008+0000] {processor.py:208} INFO - Processing /home/airflow/.local/lib/python3.12/site-packages/airflow/example_dags/example_complex.py took 0.154 seconds
[2025-03-16T04:20:38.081+0000] {processor.py:186} INFO - Started process (PID=12565) to work on /home/airflow/.local/lib/python3.12/site-packages/airflow/example_dags/example_complex.py
[2025-03-16T04:20:38.082+0000] {processor.py:914} INFO - Processing file /home/airflow/.local/lib/python3.12/site-packages/airflow/example_dags/example_complex.py for tasks to queue
[2025-03-16T04:20:38.087+0000] {logging_mixin.py:190} INFO - [2025-03-16T04:20:38.086+0000] {dagbag.py:588} INFO - Filling up the DagBag from /home/airflow/.local/lib/python3.12/site-packages/airflow/example_dags/example_complex.py
[2025-03-16T04:20:38.104+0000] {processor.py:925} INFO - DAG(s) 'example_complex' retrieved from /home/airflow/.local/lib/python3.12/site-packages/airflow/example_dags/example_complex.py
[2025-03-16T04:20:38.156+0000] {logging_mixin.py:190} INFO - [2025-03-16T04:20:38.155+0000] {dag.py:3239} INFO - Sync 1 DAGs
[2025-03-16T04:20:38.181+0000] {logging_mixin.py:190} INFO - [2025-03-16T04:20:38.180+0000] {dag.py:4180} INFO - Setting next_dagrun for example_complex to None, run_after=None
[2025-03-16T04:20:38.214+0000] {processor.py:208} INFO - Processing /home/airflow/.local/lib/python3.12/site-packages/airflow/example_dags/example_complex.py took 0.146 seconds
[2025-03-16T04:21:09.050+0000] {processor.py:186} INFO - Started process (PID=12630) to work on /home/airflow/.local/lib/python3.12/site-packages/airflow/example_dags/example_complex.py
[2025-03-16T04:21:09.052+0000] {processor.py:914} INFO - Processing file /home/airflow/.local/lib/python3.12/site-packages/airflow/example_dags/example_complex.py for tasks to queue
[2025-03-16T04:21:09.058+0000] {logging_mixin.py:190} INFO - [2025-03-16T04:21:09.057+0000] {dagbag.py:588} INFO - Filling up the DagBag from /home/airflow/.local/lib/python3.12/site-packages/airflow/example_dags/example_complex.py
[2025-03-16T04:21:09.079+0000] {processor.py:925} INFO - DAG(s) 'example_complex' retrieved from /home/airflow/.local/lib/python3.12/site-packages/airflow/example_dags/example_complex.py
[2025-03-16T04:21:09.127+0000] {logging_mixin.py:190} INFO - [2025-03-16T04:21:09.127+0000] {dag.py:3239} INFO - Sync 1 DAGs
[2025-03-16T04:21:09.151+0000] {logging_mixin.py:190} INFO - [2025-03-16T04:21:09.151+0000] {dag.py:4180} INFO - Setting next_dagrun for example_complex to None, run_after=None
[2025-03-16T04:21:09.190+0000] {processor.py:208} INFO - Processing /home/airflow/.local/lib/python3.12/site-packages/airflow/example_dags/example_complex.py took 0.150 seconds
[2025-03-16T04:21:39.355+0000] {processor.py:186} INFO - Started process (PID=12695) to work on /home/airflow/.local/lib/python3.12/site-packages/airflow/example_dags/example_complex.py
[2025-03-16T04:21:39.357+0000] {processor.py:914} INFO - Processing file /home/airflow/.local/lib/python3.12/site-packages/airflow/example_dags/example_complex.py for tasks to queue
[2025-03-16T04:21:39.362+0000] {logging_mixin.py:190} INFO - [2025-03-16T04:21:39.361+0000] {dagbag.py:588} INFO - Filling up the DagBag from /home/airflow/.local/lib/python3.12/site-packages/airflow/example_dags/example_complex.py
[2025-03-16T04:21:39.384+0000] {processor.py:925} INFO - DAG(s) 'example_complex' retrieved from /home/airflow/.local/lib/python3.12/site-packages/airflow/example_dags/example_complex.py
[2025-03-16T04:21:39.455+0000] {logging_mixin.py:190} INFO - [2025-03-16T04:21:39.454+0000] {dag.py:3239} INFO - Sync 1 DAGs
[2025-03-16T04:21:39.482+0000] {logging_mixin.py:190} INFO - [2025-03-16T04:21:39.481+0000] {dag.py:4180} INFO - Setting next_dagrun for example_complex to None, run_after=None
[2025-03-16T04:21:39.518+0000] {processor.py:208} INFO - Processing /home/airflow/.local/lib/python3.12/site-packages/airflow/example_dags/example_complex.py took 0.174 seconds
[2025-03-16T04:22:10.185+0000] {processor.py:186} INFO - Started process (PID=12760) to work on /home/airflow/.local/lib/python3.12/site-packages/airflow/example_dags/example_complex.py
[2025-03-16T04:22:10.188+0000] {processor.py:914} INFO - Processing file /home/airflow/.local/lib/python3.12/site-packages/airflow/example_dags/example_complex.py for tasks to queue
[2025-03-16T04:22:10.191+0000] {logging_mixin.py:190} INFO - [2025-03-16T04:22:10.191+0000] {dagbag.py:588} INFO - Filling up the DagBag from /home/airflow/.local/lib/python3.12/site-packages/airflow/example_dags/example_complex.py
[2025-03-16T04:22:10.211+0000] {processor.py:925} INFO - DAG(s) 'example_complex' retrieved from /home/airflow/.local/lib/python3.12/site-packages/airflow/example_dags/example_complex.py
[2025-03-16T04:22:10.259+0000] {logging_mixin.py:190} INFO - [2025-03-16T04:22:10.259+0000] {dag.py:3239} INFO - Sync 1 DAGs
[2025-03-16T04:22:10.281+0000] {logging_mixin.py:190} INFO - [2025-03-16T04:22:10.280+0000] {dag.py:4180} INFO - Setting next_dagrun for example_complex to None, run_after=None
[2025-03-16T04:22:10.316+0000] {processor.py:208} INFO - Processing /home/airflow/.local/lib/python3.12/site-packages/airflow/example_dags/example_complex.py took 0.144 seconds
[2025-03-16T04:22:40.409+0000] {processor.py:186} INFO - Started process (PID=12825) to work on /home/airflow/.local/lib/python3.12/site-packages/airflow/example_dags/example_complex.py
[2025-03-16T04:22:40.411+0000] {processor.py:914} INFO - Processing file /home/airflow/.local/lib/python3.12/site-packages/airflow/example_dags/example_complex.py for tasks to queue
[2025-03-16T04:22:40.415+0000] {logging_mixin.py:190} INFO - [2025-03-16T04:22:40.414+0000] {dagbag.py:588} INFO - Filling up the DagBag from /home/airflow/.local/lib/python3.12/site-packages/airflow/example_dags/example_complex.py
[2025-03-16T04:22:40.435+0000] {processor.py:925} INFO - DAG(s) 'example_complex' retrieved from /home/airflow/.local/lib/python3.12/site-packages/airflow/example_dags/example_complex.py
[2025-03-16T04:22:40.484+0000] {logging_mixin.py:190} INFO - [2025-03-16T04:22:40.483+0000] {dag.py:3239} INFO - Sync 1 DAGs
[2025-03-16T04:22:40.506+0000] {logging_mixin.py:190} INFO - [2025-03-16T04:22:40.505+0000] {dag.py:4180} INFO - Setting next_dagrun for example_complex to None, run_after=None
[2025-03-16T04:22:40.541+0000] {processor.py:208} INFO - Processing /home/airflow/.local/lib/python3.12/site-packages/airflow/example_dags/example_complex.py took 0.142 seconds
[2025-03-16T04:23:11.549+0000] {processor.py:186} INFO - Started process (PID=12890) to work on /home/airflow/.local/lib/python3.12/site-packages/airflow/example_dags/example_complex.py
[2025-03-16T04:23:11.551+0000] {processor.py:914} INFO - Processing file /home/airflow/.local/lib/python3.12/site-packages/airflow/example_dags/example_complex.py for tasks to queue
[2025-03-16T04:23:11.554+0000] {logging_mixin.py:190} INFO - [2025-03-16T04:23:11.554+0000] {dagbag.py:588} INFO - Filling up the DagBag from /home/airflow/.local/lib/python3.12/site-packages/airflow/example_dags/example_complex.py
[2025-03-16T04:23:11.572+0000] {processor.py:925} INFO - DAG(s) 'example_complex' retrieved from /home/airflow/.local/lib/python3.12/site-packages/airflow/example_dags/example_complex.py
[2025-03-16T04:23:11.619+0000] {logging_mixin.py:190} INFO - [2025-03-16T04:23:11.618+0000] {dag.py:3239} INFO - Sync 1 DAGs
[2025-03-16T04:23:11.643+0000] {logging_mixin.py:190} INFO - [2025-03-16T04:23:11.642+0000] {dag.py:4180} INFO - Setting next_dagrun for example_complex to None, run_after=None
[2025-03-16T04:23:11.676+0000] {processor.py:208} INFO - Processing /home/airflow/.local/lib/python3.12/site-packages/airflow/example_dags/example_complex.py took 0.139 seconds
[2025-03-16T04:23:42.384+0000] {processor.py:186} INFO - Started process (PID=12955) to work on /home/airflow/.local/lib/python3.12/site-packages/airflow/example_dags/example_complex.py
[2025-03-16T04:23:42.386+0000] {processor.py:914} INFO - Processing file /home/airflow/.local/lib/python3.12/site-packages/airflow/example_dags/example_complex.py for tasks to queue
[2025-03-16T04:23:42.390+0000] {logging_mixin.py:190} INFO - [2025-03-16T04:23:42.389+0000] {dagbag.py:588} INFO - Filling up the DagBag from /home/airflow/.local/lib/python3.12/site-packages/airflow/example_dags/example_complex.py
[2025-03-16T04:23:42.413+0000] {processor.py:925} INFO - DAG(s) 'example_complex' retrieved from /home/airflow/.local/lib/python3.12/site-packages/airflow/example_dags/example_complex.py
[2025-03-16T04:23:42.472+0000] {logging_mixin.py:190} INFO - [2025-03-16T04:23:42.471+0000] {dag.py:3239} INFO - Sync 1 DAGs
[2025-03-16T04:23:42.500+0000] {logging_mixin.py:190} INFO - [2025-03-16T04:23:42.500+0000] {dag.py:4180} INFO - Setting next_dagrun for example_complex to None, run_after=None
[2025-03-16T04:23:42.536+0000] {processor.py:208} INFO - Processing /home/airflow/.local/lib/python3.12/site-packages/airflow/example_dags/example_complex.py took 0.161 seconds
[2025-03-16T04:24:12.809+0000] {processor.py:186} INFO - Started process (PID=13020) to work on /home/airflow/.local/lib/python3.12/site-packages/airflow/example_dags/example_complex.py
[2025-03-16T04:24:12.811+0000] {processor.py:914} INFO - Processing file /home/airflow/.local/lib/python3.12/site-packages/airflow/example_dags/example_complex.py for tasks to queue
[2025-03-16T04:24:12.815+0000] {logging_mixin.py:190} INFO - [2025-03-16T04:24:12.814+0000] {dagbag.py:588} INFO - Filling up the DagBag from /home/airflow/.local/lib/python3.12/site-packages/airflow/example_dags/example_complex.py
[2025-03-16T04:24:12.836+0000] {processor.py:925} INFO - DAG(s) 'example_complex' retrieved from /home/airflow/.local/lib/python3.12/site-packages/airflow/example_dags/example_complex.py
[2025-03-16T04:24:12.884+0000] {logging_mixin.py:190} INFO - [2025-03-16T04:24:12.883+0000] {dag.py:3239} INFO - Sync 1 DAGs
[2025-03-16T04:24:12.905+0000] {logging_mixin.py:190} INFO - [2025-03-16T04:24:12.905+0000] {dag.py:4180} INFO - Setting next_dagrun for example_complex to None, run_after=None
[2025-03-16T04:24:12.939+0000] {processor.py:208} INFO - Processing /home/airflow/.local/lib/python3.12/site-packages/airflow/example_dags/example_complex.py took 0.140 seconds
[2025-03-16T04:24:43.308+0000] {processor.py:186} INFO - Started process (PID=13085) to work on /home/airflow/.local/lib/python3.12/site-packages/airflow/example_dags/example_complex.py
[2025-03-16T04:24:43.310+0000] {processor.py:914} INFO - Processing file /home/airflow/.local/lib/python3.12/site-packages/airflow/example_dags/example_complex.py for tasks to queue
[2025-03-16T04:24:43.313+0000] {logging_mixin.py:190} INFO - [2025-03-16T04:24:43.313+0000] {dagbag.py:588} INFO - Filling up the DagBag from /home/airflow/.local/lib/python3.12/site-packages/airflow/example_dags/example_complex.py
[2025-03-16T04:24:43.333+0000] {processor.py:925} INFO - DAG(s) 'example_complex' retrieved from /home/airflow/.local/lib/python3.12/site-packages/airflow/example_dags/example_complex.py
[2025-03-16T04:24:43.380+0000] {logging_mixin.py:190} INFO - [2025-03-16T04:24:43.379+0000] {dag.py:3239} INFO - Sync 1 DAGs
[2025-03-16T04:24:43.404+0000] {logging_mixin.py:190} INFO - [2025-03-16T04:24:43.403+0000] {dag.py:4180} INFO - Setting next_dagrun for example_complex to None, run_after=None
[2025-03-16T04:24:43.446+0000] {processor.py:208} INFO - Processing /home/airflow/.local/lib/python3.12/site-packages/airflow/example_dags/example_complex.py took 0.147 seconds
[2025-03-16T04:25:13.820+0000] {processor.py:186} INFO - Started process (PID=13150) to work on /home/airflow/.local/lib/python3.12/site-packages/airflow/example_dags/example_complex.py
[2025-03-16T04:25:13.822+0000] {processor.py:914} INFO - Processing file /home/airflow/.local/lib/python3.12/site-packages/airflow/example_dags/example_complex.py for tasks to queue
[2025-03-16T04:25:13.828+0000] {logging_mixin.py:190} INFO - [2025-03-16T04:25:13.827+0000] {dagbag.py:588} INFO - Filling up the DagBag from /home/airflow/.local/lib/python3.12/site-packages/airflow/example_dags/example_complex.py
[2025-03-16T04:25:13.848+0000] {processor.py:925} INFO - DAG(s) 'example_complex' retrieved from /home/airflow/.local/lib/python3.12/site-packages/airflow/example_dags/example_complex.py
[2025-03-16T04:25:13.909+0000] {logging_mixin.py:190} INFO - [2025-03-16T04:25:13.908+0000] {dag.py:3239} INFO - Sync 1 DAGs
[2025-03-16T04:25:13.931+0000] {logging_mixin.py:190} INFO - [2025-03-16T04:25:13.930+0000] {dag.py:4180} INFO - Setting next_dagrun for example_complex to None, run_after=None
[2025-03-16T04:25:13.964+0000] {processor.py:208} INFO - Processing /home/airflow/.local/lib/python3.12/site-packages/airflow/example_dags/example_complex.py took 0.156 seconds
[2025-03-16T04:25:44.128+0000] {processor.py:186} INFO - Started process (PID=13215) to work on /home/airflow/.local/lib/python3.12/site-packages/airflow/example_dags/example_complex.py
[2025-03-16T04:25:44.130+0000] {processor.py:914} INFO - Processing file /home/airflow/.local/lib/python3.12/site-packages/airflow/example_dags/example_complex.py for tasks to queue
[2025-03-16T04:25:44.134+0000] {logging_mixin.py:190} INFO - [2025-03-16T04:25:44.134+0000] {dagbag.py:588} INFO - Filling up the DagBag from /home/airflow/.local/lib/python3.12/site-packages/airflow/example_dags/example_complex.py
[2025-03-16T04:25:44.151+0000] {processor.py:925} INFO - DAG(s) 'example_complex' retrieved from /home/airflow/.local/lib/python3.12/site-packages/airflow/example_dags/example_complex.py
[2025-03-16T04:25:44.193+0000] {logging_mixin.py:190} INFO - [2025-03-16T04:25:44.192+0000] {dag.py:3239} INFO - Sync 1 DAGs
[2025-03-16T04:25:44.216+0000] {logging_mixin.py:190} INFO - [2025-03-16T04:25:44.215+0000] {dag.py:4180} INFO - Setting next_dagrun for example_complex to None, run_after=None
[2025-03-16T04:25:44.251+0000] {processor.py:208} INFO - Processing /home/airflow/.local/lib/python3.12/site-packages/airflow/example_dags/example_complex.py took 0.133 seconds
[2025-03-16T04:26:14.691+0000] {processor.py:186} INFO - Started process (PID=13280) to work on /home/airflow/.local/lib/python3.12/site-packages/airflow/example_dags/example_complex.py
[2025-03-16T04:26:14.693+0000] {processor.py:914} INFO - Processing file /home/airflow/.local/lib/python3.12/site-packages/airflow/example_dags/example_complex.py for tasks to queue
[2025-03-16T04:26:14.697+0000] {logging_mixin.py:190} INFO - [2025-03-16T04:26:14.696+0000] {dagbag.py:588} INFO - Filling up the DagBag from /home/airflow/.local/lib/python3.12/site-packages/airflow/example_dags/example_complex.py
[2025-03-16T04:26:14.715+0000] {processor.py:925} INFO - DAG(s) 'example_complex' retrieved from /home/airflow/.local/lib/python3.12/site-packages/airflow/example_dags/example_complex.py
[2025-03-16T04:26:14.767+0000] {logging_mixin.py:190} INFO - [2025-03-16T04:26:14.767+0000] {dag.py:3239} INFO - Sync 1 DAGs
[2025-03-16T04:26:14.790+0000] {logging_mixin.py:190} INFO - [2025-03-16T04:26:14.790+0000] {dag.py:4180} INFO - Setting next_dagrun for example_complex to None, run_after=None
[2025-03-16T04:26:14.832+0000] {processor.py:208} INFO - Processing /home/airflow/.local/lib/python3.12/site-packages/airflow/example_dags/example_complex.py took 0.149 seconds
[2025-03-16T04:26:45.509+0000] {processor.py:186} INFO - Started process (PID=13345) to work on /home/airflow/.local/lib/python3.12/site-packages/airflow/example_dags/example_complex.py
[2025-03-16T04:26:45.511+0000] {processor.py:914} INFO - Processing file /home/airflow/.local/lib/python3.12/site-packages/airflow/example_dags/example_complex.py for tasks to queue
[2025-03-16T04:26:45.514+0000] {logging_mixin.py:190} INFO - [2025-03-16T04:26:45.514+0000] {dagbag.py:588} INFO - Filling up the DagBag from /home/airflow/.local/lib/python3.12/site-packages/airflow/example_dags/example_complex.py
[2025-03-16T04:26:45.533+0000] {processor.py:925} INFO - DAG(s) 'example_complex' retrieved from /home/airflow/.local/lib/python3.12/site-packages/airflow/example_dags/example_complex.py
[2025-03-16T04:26:45.592+0000] {logging_mixin.py:190} INFO - [2025-03-16T04:26:45.592+0000] {dag.py:3239} INFO - Sync 1 DAGs
[2025-03-16T04:26:45.615+0000] {logging_mixin.py:190} INFO - [2025-03-16T04:26:45.614+0000] {dag.py:4180} INFO - Setting next_dagrun for example_complex to None, run_after=None
[2025-03-16T04:26:45.649+0000] {processor.py:208} INFO - Processing /home/airflow/.local/lib/python3.12/site-packages/airflow/example_dags/example_complex.py took 0.147 seconds
[2025-03-16T04:27:15.748+0000] {processor.py:186} INFO - Started process (PID=13411) to work on /home/airflow/.local/lib/python3.12/site-packages/airflow/example_dags/example_complex.py
[2025-03-16T04:27:15.750+0000] {processor.py:914} INFO - Processing file /home/airflow/.local/lib/python3.12/site-packages/airflow/example_dags/example_complex.py for tasks to queue
[2025-03-16T04:27:15.754+0000] {logging_mixin.py:190} INFO - [2025-03-16T04:27:15.754+0000] {dagbag.py:588} INFO - Filling up the DagBag from /home/airflow/.local/lib/python3.12/site-packages/airflow/example_dags/example_complex.py
[2025-03-16T04:27:15.772+0000] {processor.py:925} INFO - DAG(s) 'example_complex' retrieved from /home/airflow/.local/lib/python3.12/site-packages/airflow/example_dags/example_complex.py
[2025-03-16T04:27:15.820+0000] {logging_mixin.py:190} INFO - [2025-03-16T04:27:15.819+0000] {dag.py:3239} INFO - Sync 1 DAGs
[2025-03-16T04:27:15.841+0000] {logging_mixin.py:190} INFO - [2025-03-16T04:27:15.840+0000] {dag.py:4180} INFO - Setting next_dagrun for example_complex to None, run_after=None
[2025-03-16T04:27:15.875+0000] {processor.py:208} INFO - Processing /home/airflow/.local/lib/python3.12/site-packages/airflow/example_dags/example_complex.py took 0.136 seconds
[2025-03-16T04:27:46.119+0000] {processor.py:186} INFO - Started process (PID=13477) to work on /home/airflow/.local/lib/python3.12/site-packages/airflow/example_dags/example_complex.py
[2025-03-16T04:27:46.120+0000] {processor.py:914} INFO - Processing file /home/airflow/.local/lib/python3.12/site-packages/airflow/example_dags/example_complex.py for tasks to queue
[2025-03-16T04:27:46.125+0000] {logging_mixin.py:190} INFO - [2025-03-16T04:27:46.124+0000] {dagbag.py:588} INFO - Filling up the DagBag from /home/airflow/.local/lib/python3.12/site-packages/airflow/example_dags/example_complex.py
[2025-03-16T04:27:46.145+0000] {processor.py:925} INFO - DAG(s) 'example_complex' retrieved from /home/airflow/.local/lib/python3.12/site-packages/airflow/example_dags/example_complex.py
[2025-03-16T04:27:46.192+0000] {logging_mixin.py:190} INFO - [2025-03-16T04:27:46.192+0000] {dag.py:3239} INFO - Sync 1 DAGs
[2025-03-16T04:27:46.213+0000] {logging_mixin.py:190} INFO - [2025-03-16T04:27:46.213+0000] {dag.py:4180} INFO - Setting next_dagrun for example_complex to None, run_after=None
[2025-03-16T04:27:46.246+0000] {processor.py:208} INFO - Processing /home/airflow/.local/lib/python3.12/site-packages/airflow/example_dags/example_complex.py took 0.137 seconds
[2025-03-16T04:28:16.413+0000] {processor.py:186} INFO - Started process (PID=13542) to work on /home/airflow/.local/lib/python3.12/site-packages/airflow/example_dags/example_complex.py
[2025-03-16T04:28:16.415+0000] {processor.py:914} INFO - Processing file /home/airflow/.local/lib/python3.12/site-packages/airflow/example_dags/example_complex.py for tasks to queue
[2025-03-16T04:28:16.419+0000] {logging_mixin.py:190} INFO - [2025-03-16T04:28:16.418+0000] {dagbag.py:588} INFO - Filling up the DagBag from /home/airflow/.local/lib/python3.12/site-packages/airflow/example_dags/example_complex.py
[2025-03-16T04:28:16.437+0000] {processor.py:925} INFO - DAG(s) 'example_complex' retrieved from /home/airflow/.local/lib/python3.12/site-packages/airflow/example_dags/example_complex.py
[2025-03-16T04:28:16.491+0000] {logging_mixin.py:190} INFO - [2025-03-16T04:28:16.491+0000] {dag.py:3239} INFO - Sync 1 DAGs
[2025-03-16T04:28:16.512+0000] {logging_mixin.py:190} INFO - [2025-03-16T04:28:16.512+0000] {dag.py:4180} INFO - Setting next_dagrun for example_complex to None, run_after=None
[2025-03-16T04:28:16.543+0000] {processor.py:208} INFO - Processing /home/airflow/.local/lib/python3.12/site-packages/airflow/example_dags/example_complex.py took 0.139 seconds
[2025-03-16T04:28:46.664+0000] {processor.py:186} INFO - Started process (PID=13606) to work on /home/airflow/.local/lib/python3.12/site-packages/airflow/example_dags/example_complex.py
[2025-03-16T04:28:46.666+0000] {processor.py:914} INFO - Processing file /home/airflow/.local/lib/python3.12/site-packages/airflow/example_dags/example_complex.py for tasks to queue
[2025-03-16T04:28:46.669+0000] {logging_mixin.py:190} INFO - [2025-03-16T04:28:46.669+0000] {dagbag.py:588} INFO - Filling up the DagBag from /home/airflow/.local/lib/python3.12/site-packages/airflow/example_dags/example_complex.py
[2025-03-16T04:28:46.686+0000] {processor.py:925} INFO - DAG(s) 'example_complex' retrieved from /home/airflow/.local/lib/python3.12/site-packages/airflow/example_dags/example_complex.py
[2025-03-16T04:28:46.727+0000] {logging_mixin.py:190} INFO - [2025-03-16T04:28:46.726+0000] {dag.py:3239} INFO - Sync 1 DAGs
[2025-03-16T04:28:46.748+0000] {logging_mixin.py:190} INFO - [2025-03-16T04:28:46.748+0000] {dag.py:4180} INFO - Setting next_dagrun for example_complex to None, run_after=None
[2025-03-16T04:28:46.787+0000] {processor.py:208} INFO - Processing /home/airflow/.local/lib/python3.12/site-packages/airflow/example_dags/example_complex.py took 0.129 seconds
[2025-03-16T04:29:16.944+0000] {processor.py:186} INFO - Started process (PID=13671) to work on /home/airflow/.local/lib/python3.12/site-packages/airflow/example_dags/example_complex.py
[2025-03-16T04:29:16.946+0000] {processor.py:914} INFO - Processing file /home/airflow/.local/lib/python3.12/site-packages/airflow/example_dags/example_complex.py for tasks to queue
[2025-03-16T04:29:16.949+0000] {logging_mixin.py:190} INFO - [2025-03-16T04:29:16.949+0000] {dagbag.py:588} INFO - Filling up the DagBag from /home/airflow/.local/lib/python3.12/site-packages/airflow/example_dags/example_complex.py
[2025-03-16T04:29:16.970+0000] {processor.py:925} INFO - DAG(s) 'example_complex' retrieved from /home/airflow/.local/lib/python3.12/site-packages/airflow/example_dags/example_complex.py
[2025-03-16T04:29:17.023+0000] {logging_mixin.py:190} INFO - [2025-03-16T04:29:17.023+0000] {dag.py:3239} INFO - Sync 1 DAGs
[2025-03-16T04:29:17.055+0000] {logging_mixin.py:190} INFO - [2025-03-16T04:29:17.055+0000] {dag.py:4180} INFO - Setting next_dagrun for example_complex to None, run_after=None
[2025-03-16T04:29:17.086+0000] {processor.py:208} INFO - Processing /home/airflow/.local/lib/python3.12/site-packages/airflow/example_dags/example_complex.py took 0.151 seconds
[2025-03-16T04:29:47.200+0000] {processor.py:186} INFO - Started process (PID=13735) to work on /home/airflow/.local/lib/python3.12/site-packages/airflow/example_dags/example_complex.py
[2025-03-16T04:29:47.202+0000] {processor.py:914} INFO - Processing file /home/airflow/.local/lib/python3.12/site-packages/airflow/example_dags/example_complex.py for tasks to queue
[2025-03-16T04:29:47.206+0000] {logging_mixin.py:190} INFO - [2025-03-16T04:29:47.205+0000] {dagbag.py:588} INFO - Filling up the DagBag from /home/airflow/.local/lib/python3.12/site-packages/airflow/example_dags/example_complex.py
[2025-03-16T04:29:47.221+0000] {processor.py:925} INFO - DAG(s) 'example_complex' retrieved from /home/airflow/.local/lib/python3.12/site-packages/airflow/example_dags/example_complex.py
[2025-03-16T04:29:47.267+0000] {logging_mixin.py:190} INFO - [2025-03-16T04:29:47.266+0000] {dag.py:3239} INFO - Sync 1 DAGs
[2025-03-16T04:29:47.289+0000] {logging_mixin.py:190} INFO - [2025-03-16T04:29:47.289+0000] {dag.py:4180} INFO - Setting next_dagrun for example_complex to None, run_after=None
[2025-03-16T04:29:47.320+0000] {processor.py:208} INFO - Processing /home/airflow/.local/lib/python3.12/site-packages/airflow/example_dags/example_complex.py took 0.128 seconds
[2025-03-16T04:30:18.509+0000] {processor.py:186} INFO - Started process (PID=13800) to work on /home/airflow/.local/lib/python3.12/site-packages/airflow/example_dags/example_complex.py
[2025-03-16T04:30:18.510+0000] {processor.py:914} INFO - Processing file /home/airflow/.local/lib/python3.12/site-packages/airflow/example_dags/example_complex.py for tasks to queue
[2025-03-16T04:30:18.515+0000] {logging_mixin.py:190} INFO - [2025-03-16T04:30:18.515+0000] {dagbag.py:588} INFO - Filling up the DagBag from /home/airflow/.local/lib/python3.12/site-packages/airflow/example_dags/example_complex.py
[2025-03-16T04:30:18.535+0000] {processor.py:925} INFO - DAG(s) 'example_complex' retrieved from /home/airflow/.local/lib/python3.12/site-packages/airflow/example_dags/example_complex.py
[2025-03-16T04:30:18.582+0000] {logging_mixin.py:190} INFO - [2025-03-16T04:30:18.582+0000] {dag.py:3239} INFO - Sync 1 DAGs
[2025-03-16T04:30:18.605+0000] {logging_mixin.py:190} INFO - [2025-03-16T04:30:18.604+0000] {dag.py:4180} INFO - Setting next_dagrun for example_complex to None, run_after=None
[2025-03-16T04:30:18.637+0000] {processor.py:208} INFO - Processing /home/airflow/.local/lib/python3.12/site-packages/airflow/example_dags/example_complex.py took 0.137 seconds
[2025-03-16T04:30:49.079+0000] {processor.py:186} INFO - Started process (PID=13864) to work on /home/airflow/.local/lib/python3.12/site-packages/airflow/example_dags/example_complex.py
[2025-03-16T04:30:49.080+0000] {processor.py:914} INFO - Processing file /home/airflow/.local/lib/python3.12/site-packages/airflow/example_dags/example_complex.py for tasks to queue
[2025-03-16T04:30:49.084+0000] {logging_mixin.py:190} INFO - [2025-03-16T04:30:49.083+0000] {dagbag.py:588} INFO - Filling up the DagBag from /home/airflow/.local/lib/python3.12/site-packages/airflow/example_dags/example_complex.py
[2025-03-16T04:30:49.101+0000] {processor.py:925} INFO - DAG(s) 'example_complex' retrieved from /home/airflow/.local/lib/python3.12/site-packages/airflow/example_dags/example_complex.py
[2025-03-16T04:30:49.146+0000] {logging_mixin.py:190} INFO - [2025-03-16T04:30:49.146+0000] {dag.py:3239} INFO - Sync 1 DAGs
[2025-03-16T04:30:49.167+0000] {logging_mixin.py:190} INFO - [2025-03-16T04:30:49.167+0000] {dag.py:4180} INFO - Setting next_dagrun for example_complex to None, run_after=None
[2025-03-16T04:30:49.206+0000] {processor.py:208} INFO - Processing /home/airflow/.local/lib/python3.12/site-packages/airflow/example_dags/example_complex.py took 0.135 seconds
[2025-03-16T04:31:19.463+0000] {processor.py:186} INFO - Started process (PID=13929) to work on /home/airflow/.local/lib/python3.12/site-packages/airflow/example_dags/example_complex.py
[2025-03-16T04:31:19.464+0000] {processor.py:914} INFO - Processing file /home/airflow/.local/lib/python3.12/site-packages/airflow/example_dags/example_complex.py for tasks to queue
[2025-03-16T04:31:19.469+0000] {logging_mixin.py:190} INFO - [2025-03-16T04:31:19.468+0000] {dagbag.py:588} INFO - Filling up the DagBag from /home/airflow/.local/lib/python3.12/site-packages/airflow/example_dags/example_complex.py
[2025-03-16T04:31:19.490+0000] {processor.py:925} INFO - DAG(s) 'example_complex' retrieved from /home/airflow/.local/lib/python3.12/site-packages/airflow/example_dags/example_complex.py
[2025-03-16T04:31:19.535+0000] {logging_mixin.py:190} INFO - [2025-03-16T04:31:19.534+0000] {dag.py:3239} INFO - Sync 1 DAGs
[2025-03-16T04:31:19.556+0000] {logging_mixin.py:190} INFO - [2025-03-16T04:31:19.555+0000] {dag.py:4180} INFO - Setting next_dagrun for example_complex to None, run_after=None
[2025-03-16T04:31:19.588+0000] {processor.py:208} INFO - Processing /home/airflow/.local/lib/python3.12/site-packages/airflow/example_dags/example_complex.py took 0.134 seconds
[2025-03-16T04:31:50.476+0000] {processor.py:186} INFO - Started process (PID=13994) to work on /home/airflow/.local/lib/python3.12/site-packages/airflow/example_dags/example_complex.py
[2025-03-16T04:31:50.478+0000] {processor.py:914} INFO - Processing file /home/airflow/.local/lib/python3.12/site-packages/airflow/example_dags/example_complex.py for tasks to queue
[2025-03-16T04:31:50.483+0000] {logging_mixin.py:190} INFO - [2025-03-16T04:31:50.482+0000] {dagbag.py:588} INFO - Filling up the DagBag from /home/airflow/.local/lib/python3.12/site-packages/airflow/example_dags/example_complex.py
[2025-03-16T04:31:50.508+0000] {processor.py:925} INFO - DAG(s) 'example_complex' retrieved from /home/airflow/.local/lib/python3.12/site-packages/airflow/example_dags/example_complex.py
[2025-03-16T04:31:50.572+0000] {logging_mixin.py:190} INFO - [2025-03-16T04:31:50.572+0000] {dag.py:3239} INFO - Sync 1 DAGs
[2025-03-16T04:31:50.601+0000] {logging_mixin.py:190} INFO - [2025-03-16T04:31:50.601+0000] {dag.py:4180} INFO - Setting next_dagrun for example_complex to None, run_after=None
[2025-03-16T04:31:50.650+0000] {processor.py:208} INFO - Processing /home/airflow/.local/lib/python3.12/site-packages/airflow/example_dags/example_complex.py took 0.186 seconds
[2025-03-16T04:32:21.193+0000] {processor.py:186} INFO - Started process (PID=14059) to work on /home/airflow/.local/lib/python3.12/site-packages/airflow/example_dags/example_complex.py
[2025-03-16T04:32:21.194+0000] {processor.py:914} INFO - Processing file /home/airflow/.local/lib/python3.12/site-packages/airflow/example_dags/example_complex.py for tasks to queue
[2025-03-16T04:32:21.198+0000] {logging_mixin.py:190} INFO - [2025-03-16T04:32:21.197+0000] {dagbag.py:588} INFO - Filling up the DagBag from /home/airflow/.local/lib/python3.12/site-packages/airflow/example_dags/example_complex.py
[2025-03-16T04:32:21.213+0000] {processor.py:925} INFO - DAG(s) 'example_complex' retrieved from /home/airflow/.local/lib/python3.12/site-packages/airflow/example_dags/example_complex.py
[2025-03-16T04:32:21.262+0000] {logging_mixin.py:190} INFO - [2025-03-16T04:32:21.261+0000] {dag.py:3239} INFO - Sync 1 DAGs
[2025-03-16T04:32:21.284+0000] {logging_mixin.py:190} INFO - [2025-03-16T04:32:21.284+0000] {dag.py:4180} INFO - Setting next_dagrun for example_complex to None, run_after=None
[2025-03-16T04:32:21.317+0000] {processor.py:208} INFO - Processing /home/airflow/.local/lib/python3.12/site-packages/airflow/example_dags/example_complex.py took 0.132 seconds
[2025-03-16T04:32:51.659+0000] {processor.py:186} INFO - Started process (PID=14117) to work on /home/airflow/.local/lib/python3.12/site-packages/airflow/example_dags/example_complex.py
[2025-03-16T04:32:51.660+0000] {processor.py:914} INFO - Processing file /home/airflow/.local/lib/python3.12/site-packages/airflow/example_dags/example_complex.py for tasks to queue
[2025-03-16T04:32:51.663+0000] {logging_mixin.py:190} INFO - [2025-03-16T04:32:51.663+0000] {dagbag.py:588} INFO - Filling up the DagBag from /home/airflow/.local/lib/python3.12/site-packages/airflow/example_dags/example_complex.py
[2025-03-16T04:32:51.678+0000] {processor.py:925} INFO - DAG(s) 'example_complex' retrieved from /home/airflow/.local/lib/python3.12/site-packages/airflow/example_dags/example_complex.py
[2025-03-16T04:32:51.728+0000] {logging_mixin.py:190} INFO - [2025-03-16T04:32:51.728+0000] {dag.py:3239} INFO - Sync 1 DAGs
[2025-03-16T04:32:51.749+0000] {logging_mixin.py:190} INFO - [2025-03-16T04:32:51.749+0000] {dag.py:4180} INFO - Setting next_dagrun for example_complex to None, run_after=None
[2025-03-16T04:32:51.788+0000] {processor.py:208} INFO - Processing /home/airflow/.local/lib/python3.12/site-packages/airflow/example_dags/example_complex.py took 0.139 seconds
[2025-03-16T04:33:22.747+0000] {processor.py:186} INFO - Started process (PID=14175) to work on /home/airflow/.local/lib/python3.12/site-packages/airflow/example_dags/example_complex.py
[2025-03-16T04:33:22.749+0000] {processor.py:914} INFO - Processing file /home/airflow/.local/lib/python3.12/site-packages/airflow/example_dags/example_complex.py for tasks to queue
[2025-03-16T04:33:22.752+0000] {logging_mixin.py:190} INFO - [2025-03-16T04:33:22.752+0000] {dagbag.py:588} INFO - Filling up the DagBag from /home/airflow/.local/lib/python3.12/site-packages/airflow/example_dags/example_complex.py
[2025-03-16T04:33:22.772+0000] {processor.py:925} INFO - DAG(s) 'example_complex' retrieved from /home/airflow/.local/lib/python3.12/site-packages/airflow/example_dags/example_complex.py
[2025-03-16T04:33:22.821+0000] {logging_mixin.py:190} INFO - [2025-03-16T04:33:22.821+0000] {dag.py:3239} INFO - Sync 1 DAGs
[2025-03-16T04:33:22.844+0000] {logging_mixin.py:190} INFO - [2025-03-16T04:33:22.844+0000] {dag.py:4180} INFO - Setting next_dagrun for example_complex to None, run_after=None
[2025-03-16T04:33:22.877+0000] {processor.py:208} INFO - Processing /home/airflow/.local/lib/python3.12/site-packages/airflow/example_dags/example_complex.py took 0.137 seconds
[2025-03-16T04:33:53.695+0000] {processor.py:186} INFO - Started process (PID=14237) to work on /home/airflow/.local/lib/python3.12/site-packages/airflow/example_dags/example_complex.py
[2025-03-16T04:33:53.697+0000] {processor.py:914} INFO - Processing file /home/airflow/.local/lib/python3.12/site-packages/airflow/example_dags/example_complex.py for tasks to queue
[2025-03-16T04:33:53.701+0000] {logging_mixin.py:190} INFO - [2025-03-16T04:33:53.700+0000] {dagbag.py:588} INFO - Filling up the DagBag from /home/airflow/.local/lib/python3.12/site-packages/airflow/example_dags/example_complex.py
[2025-03-16T04:33:53.719+0000] {processor.py:925} INFO - DAG(s) 'example_complex' retrieved from /home/airflow/.local/lib/python3.12/site-packages/airflow/example_dags/example_complex.py
[2025-03-16T04:33:53.766+0000] {logging_mixin.py:190} INFO - [2025-03-16T04:33:53.766+0000] {dag.py:3239} INFO - Sync 1 DAGs
[2025-03-16T04:33:53.789+0000] {logging_mixin.py:190} INFO - [2025-03-16T04:33:53.788+0000] {dag.py:4180} INFO - Setting next_dagrun for example_complex to None, run_after=None
[2025-03-16T04:33:53.819+0000] {processor.py:208} INFO - Processing /home/airflow/.local/lib/python3.12/site-packages/airflow/example_dags/example_complex.py took 0.133 seconds
[2025-03-16T04:34:23.950+0000] {processor.py:186} INFO - Started process (PID=14300) to work on /home/airflow/.local/lib/python3.12/site-packages/airflow/example_dags/example_complex.py
[2025-03-16T04:34:23.951+0000] {processor.py:914} INFO - Processing file /home/airflow/.local/lib/python3.12/site-packages/airflow/example_dags/example_complex.py for tasks to queue
[2025-03-16T04:34:23.956+0000] {logging_mixin.py:190} INFO - [2025-03-16T04:34:23.955+0000] {dagbag.py:588} INFO - Filling up the DagBag from /home/airflow/.local/lib/python3.12/site-packages/airflow/example_dags/example_complex.py
[2025-03-16T04:34:23.974+0000] {processor.py:925} INFO - DAG(s) 'example_complex' retrieved from /home/airflow/.local/lib/python3.12/site-packages/airflow/example_dags/example_complex.py
[2025-03-16T04:34:24.032+0000] {logging_mixin.py:190} INFO - [2025-03-16T04:34:24.032+0000] {dag.py:3239} INFO - Sync 1 DAGs
[2025-03-16T04:34:24.056+0000] {logging_mixin.py:190} INFO - [2025-03-16T04:34:24.056+0000] {dag.py:4180} INFO - Setting next_dagrun for example_complex to None, run_after=None
[2025-03-16T04:34:24.088+0000] {processor.py:208} INFO - Processing /home/airflow/.local/lib/python3.12/site-packages/airflow/example_dags/example_complex.py took 0.148 seconds
[2025-03-16T04:34:54.712+0000] {processor.py:186} INFO - Started process (PID=14366) to work on /home/airflow/.local/lib/python3.12/site-packages/airflow/example_dags/example_complex.py
[2025-03-16T04:34:54.714+0000] {processor.py:914} INFO - Processing file /home/airflow/.local/lib/python3.12/site-packages/airflow/example_dags/example_complex.py for tasks to queue
[2025-03-16T04:34:54.718+0000] {logging_mixin.py:190} INFO - [2025-03-16T04:34:54.717+0000] {dagbag.py:588} INFO - Filling up the DagBag from /home/airflow/.local/lib/python3.12/site-packages/airflow/example_dags/example_complex.py
[2025-03-16T04:34:54.736+0000] {processor.py:925} INFO - DAG(s) 'example_complex' retrieved from /home/airflow/.local/lib/python3.12/site-packages/airflow/example_dags/example_complex.py
[2025-03-16T04:34:54.779+0000] {logging_mixin.py:190} INFO - [2025-03-16T04:34:54.779+0000] {dag.py:3239} INFO - Sync 1 DAGs
[2025-03-16T04:34:54.798+0000] {logging_mixin.py:190} INFO - [2025-03-16T04:34:54.798+0000] {dag.py:4180} INFO - Setting next_dagrun for example_complex to None, run_after=None
[2025-03-16T04:34:54.829+0000] {processor.py:208} INFO - Processing /home/airflow/.local/lib/python3.12/site-packages/airflow/example_dags/example_complex.py took 0.124 seconds
[2025-03-16T04:35:25.175+0000] {processor.py:186} INFO - Started process (PID=14431) to work on /home/airflow/.local/lib/python3.12/site-packages/airflow/example_dags/example_complex.py
[2025-03-16T04:35:25.177+0000] {processor.py:914} INFO - Processing file /home/airflow/.local/lib/python3.12/site-packages/airflow/example_dags/example_complex.py for tasks to queue
[2025-03-16T04:35:25.181+0000] {logging_mixin.py:190} INFO - [2025-03-16T04:35:25.180+0000] {dagbag.py:588} INFO - Filling up the DagBag from /home/airflow/.local/lib/python3.12/site-packages/airflow/example_dags/example_complex.py
[2025-03-16T04:35:25.197+0000] {processor.py:925} INFO - DAG(s) 'example_complex' retrieved from /home/airflow/.local/lib/python3.12/site-packages/airflow/example_dags/example_complex.py
[2025-03-16T04:35:25.244+0000] {logging_mixin.py:190} INFO - [2025-03-16T04:35:25.244+0000] {dag.py:3239} INFO - Sync 1 DAGs
[2025-03-16T04:35:25.263+0000] {logging_mixin.py:190} INFO - [2025-03-16T04:35:25.263+0000] {dag.py:4180} INFO - Setting next_dagrun for example_complex to None, run_after=None
[2025-03-16T04:35:25.293+0000] {processor.py:208} INFO - Processing /home/airflow/.local/lib/python3.12/site-packages/airflow/example_dags/example_complex.py took 0.126 seconds
[2025-03-16T04:35:55.425+0000] {processor.py:186} INFO - Started process (PID=14496) to work on /home/airflow/.local/lib/python3.12/site-packages/airflow/example_dags/example_complex.py
[2025-03-16T04:35:55.427+0000] {processor.py:914} INFO - Processing file /home/airflow/.local/lib/python3.12/site-packages/airflow/example_dags/example_complex.py for tasks to queue
[2025-03-16T04:35:55.431+0000] {logging_mixin.py:190} INFO - [2025-03-16T04:35:55.431+0000] {dagbag.py:588} INFO - Filling up the DagBag from /home/airflow/.local/lib/python3.12/site-packages/airflow/example_dags/example_complex.py
[2025-03-16T04:35:55.451+0000] {processor.py:925} INFO - DAG(s) 'example_complex' retrieved from /home/airflow/.local/lib/python3.12/site-packages/airflow/example_dags/example_complex.py
[2025-03-16T04:35:55.497+0000] {logging_mixin.py:190} INFO - [2025-03-16T04:35:55.497+0000] {dag.py:3239} INFO - Sync 1 DAGs
[2025-03-16T04:35:55.519+0000] {logging_mixin.py:190} INFO - [2025-03-16T04:35:55.519+0000] {dag.py:4180} INFO - Setting next_dagrun for example_complex to None, run_after=None
[2025-03-16T04:35:55.556+0000] {processor.py:208} INFO - Processing /home/airflow/.local/lib/python3.12/site-packages/airflow/example_dags/example_complex.py took 0.140 seconds
[2025-03-16T04:36:25.657+0000] {processor.py:186} INFO - Started process (PID=14561) to work on /home/airflow/.local/lib/python3.12/site-packages/airflow/example_dags/example_complex.py
[2025-03-16T04:36:25.659+0000] {processor.py:914} INFO - Processing file /home/airflow/.local/lib/python3.12/site-packages/airflow/example_dags/example_complex.py for tasks to queue
[2025-03-16T04:36:25.663+0000] {logging_mixin.py:190} INFO - [2025-03-16T04:36:25.663+0000] {dagbag.py:588} INFO - Filling up the DagBag from /home/airflow/.local/lib/python3.12/site-packages/airflow/example_dags/example_complex.py
[2025-03-16T04:36:25.683+0000] {processor.py:925} INFO - DAG(s) 'example_complex' retrieved from /home/airflow/.local/lib/python3.12/site-packages/airflow/example_dags/example_complex.py
[2025-03-16T04:36:25.735+0000] {logging_mixin.py:190} INFO - [2025-03-16T04:36:25.735+0000] {dag.py:3239} INFO - Sync 1 DAGs
[2025-03-16T04:36:25.758+0000] {logging_mixin.py:190} INFO - [2025-03-16T04:36:25.758+0000] {dag.py:4180} INFO - Setting next_dagrun for example_complex to None, run_after=None
[2025-03-16T04:36:25.790+0000] {processor.py:208} INFO - Processing /home/airflow/.local/lib/python3.12/site-packages/airflow/example_dags/example_complex.py took 0.144 seconds
[2025-03-16T04:36:55.980+0000] {processor.py:186} INFO - Started process (PID=14627) to work on /home/airflow/.local/lib/python3.12/site-packages/airflow/example_dags/example_complex.py
[2025-03-16T04:36:55.982+0000] {processor.py:914} INFO - Processing file /home/airflow/.local/lib/python3.12/site-packages/airflow/example_dags/example_complex.py for tasks to queue
[2025-03-16T04:36:55.987+0000] {logging_mixin.py:190} INFO - [2025-03-16T04:36:55.987+0000] {dagbag.py:588} INFO - Filling up the DagBag from /home/airflow/.local/lib/python3.12/site-packages/airflow/example_dags/example_complex.py
[2025-03-16T04:36:56.012+0000] {processor.py:925} INFO - DAG(s) 'example_complex' retrieved from /home/airflow/.local/lib/python3.12/site-packages/airflow/example_dags/example_complex.py
[2025-03-16T04:36:56.074+0000] {logging_mixin.py:190} INFO - [2025-03-16T04:36:56.073+0000] {dag.py:3239} INFO - Sync 1 DAGs
[2025-03-16T04:36:56.099+0000] {logging_mixin.py:190} INFO - [2025-03-16T04:36:56.098+0000] {dag.py:4180} INFO - Setting next_dagrun for example_complex to None, run_after=None
[2025-03-16T04:36:56.137+0000] {processor.py:208} INFO - Processing /home/airflow/.local/lib/python3.12/site-packages/airflow/example_dags/example_complex.py took 0.170 seconds
[2025-03-16T04:37:26.294+0000] {processor.py:186} INFO - Started process (PID=14692) to work on /home/airflow/.local/lib/python3.12/site-packages/airflow/example_dags/example_complex.py
[2025-03-16T04:37:26.296+0000] {processor.py:914} INFO - Processing file /home/airflow/.local/lib/python3.12/site-packages/airflow/example_dags/example_complex.py for tasks to queue
[2025-03-16T04:37:26.300+0000] {logging_mixin.py:190} INFO - [2025-03-16T04:37:26.300+0000] {dagbag.py:588} INFO - Filling up the DagBag from /home/airflow/.local/lib/python3.12/site-packages/airflow/example_dags/example_complex.py
[2025-03-16T04:37:26.326+0000] {processor.py:925} INFO - DAG(s) 'example_complex' retrieved from /home/airflow/.local/lib/python3.12/site-packages/airflow/example_dags/example_complex.py
[2025-03-16T04:37:26.386+0000] {logging_mixin.py:190} INFO - [2025-03-16T04:37:26.386+0000] {dag.py:3239} INFO - Sync 1 DAGs
[2025-03-16T04:37:26.409+0000] {logging_mixin.py:190} INFO - [2025-03-16T04:37:26.409+0000] {dag.py:4180} INFO - Setting next_dagrun for example_complex to None, run_after=None
[2025-03-16T04:37:26.444+0000] {processor.py:208} INFO - Processing /home/airflow/.local/lib/python3.12/site-packages/airflow/example_dags/example_complex.py took 0.161 seconds
[2025-03-16T04:37:56.607+0000] {processor.py:186} INFO - Started process (PID=14757) to work on /home/airflow/.local/lib/python3.12/site-packages/airflow/example_dags/example_complex.py
[2025-03-16T04:37:56.609+0000] {processor.py:914} INFO - Processing file /home/airflow/.local/lib/python3.12/site-packages/airflow/example_dags/example_complex.py for tasks to queue
[2025-03-16T04:37:56.612+0000] {logging_mixin.py:190} INFO - [2025-03-16T04:37:56.612+0000] {dagbag.py:588} INFO - Filling up the DagBag from /home/airflow/.local/lib/python3.12/site-packages/airflow/example_dags/example_complex.py
[2025-03-16T04:37:56.629+0000] {processor.py:925} INFO - DAG(s) 'example_complex' retrieved from /home/airflow/.local/lib/python3.12/site-packages/airflow/example_dags/example_complex.py
[2025-03-16T04:37:56.674+0000] {logging_mixin.py:190} INFO - [2025-03-16T04:37:56.673+0000] {dag.py:3239} INFO - Sync 1 DAGs
[2025-03-16T04:37:56.694+0000] {logging_mixin.py:190} INFO - [2025-03-16T04:37:56.694+0000] {dag.py:4180} INFO - Setting next_dagrun for example_complex to None, run_after=None
[2025-03-16T04:37:56.729+0000] {processor.py:208} INFO - Processing /home/airflow/.local/lib/python3.12/site-packages/airflow/example_dags/example_complex.py took 0.129 seconds
[2025-03-16T04:38:27.280+0000] {processor.py:186} INFO - Started process (PID=14822) to work on /home/airflow/.local/lib/python3.12/site-packages/airflow/example_dags/example_complex.py
[2025-03-16T04:38:27.282+0000] {processor.py:914} INFO - Processing file /home/airflow/.local/lib/python3.12/site-packages/airflow/example_dags/example_complex.py for tasks to queue
[2025-03-16T04:38:27.290+0000] {logging_mixin.py:190} INFO - [2025-03-16T04:38:27.288+0000] {dagbag.py:588} INFO - Filling up the DagBag from /home/airflow/.local/lib/python3.12/site-packages/airflow/example_dags/example_complex.py
[2025-03-16T04:38:27.336+0000] {processor.py:925} INFO - DAG(s) 'example_complex' retrieved from /home/airflow/.local/lib/python3.12/site-packages/airflow/example_dags/example_complex.py
[2025-03-16T04:38:27.457+0000] {logging_mixin.py:190} INFO - [2025-03-16T04:38:27.457+0000] {dag.py:3239} INFO - Sync 1 DAGs
[2025-03-16T04:38:27.481+0000] {logging_mixin.py:190} INFO - [2025-03-16T04:38:27.481+0000] {dag.py:4180} INFO - Setting next_dagrun for example_complex to None, run_after=None
[2025-03-16T04:38:27.520+0000] {processor.py:208} INFO - Processing /home/airflow/.local/lib/python3.12/site-packages/airflow/example_dags/example_complex.py took 0.254 seconds
[2025-03-16T04:38:58.571+0000] {processor.py:186} INFO - Started process (PID=14887) to work on /home/airflow/.local/lib/python3.12/site-packages/airflow/example_dags/example_complex.py
[2025-03-16T04:38:58.573+0000] {processor.py:914} INFO - Processing file /home/airflow/.local/lib/python3.12/site-packages/airflow/example_dags/example_complex.py for tasks to queue
[2025-03-16T04:38:58.578+0000] {logging_mixin.py:190} INFO - [2025-03-16T04:38:58.577+0000] {dagbag.py:588} INFO - Filling up the DagBag from /home/airflow/.local/lib/python3.12/site-packages/airflow/example_dags/example_complex.py
[2025-03-16T04:38:58.603+0000] {processor.py:925} INFO - DAG(s) 'example_complex' retrieved from /home/airflow/.local/lib/python3.12/site-packages/airflow/example_dags/example_complex.py
[2025-03-16T04:38:58.668+0000] {logging_mixin.py:190} INFO - [2025-03-16T04:38:58.668+0000] {dag.py:3239} INFO - Sync 1 DAGs
[2025-03-16T04:38:58.694+0000] {logging_mixin.py:190} INFO - [2025-03-16T04:38:58.694+0000] {dag.py:4180} INFO - Setting next_dagrun for example_complex to None, run_after=None
[2025-03-16T04:38:58.727+0000] {processor.py:208} INFO - Processing /home/airflow/.local/lib/python3.12/site-packages/airflow/example_dags/example_complex.py took 0.169 seconds
[2025-03-16T04:39:29.065+0000] {processor.py:186} INFO - Started process (PID=14952) to work on /home/airflow/.local/lib/python3.12/site-packages/airflow/example_dags/example_complex.py
[2025-03-16T04:39:29.067+0000] {processor.py:914} INFO - Processing file /home/airflow/.local/lib/python3.12/site-packages/airflow/example_dags/example_complex.py for tasks to queue
[2025-03-16T04:39:29.071+0000] {logging_mixin.py:190} INFO - [2025-03-16T04:39:29.071+0000] {dagbag.py:588} INFO - Filling up the DagBag from /home/airflow/.local/lib/python3.12/site-packages/airflow/example_dags/example_complex.py
[2025-03-16T04:39:29.088+0000] {processor.py:925} INFO - DAG(s) 'example_complex' retrieved from /home/airflow/.local/lib/python3.12/site-packages/airflow/example_dags/example_complex.py
[2025-03-16T04:39:29.134+0000] {logging_mixin.py:190} INFO - [2025-03-16T04:39:29.134+0000] {dag.py:3239} INFO - Sync 1 DAGs
[2025-03-16T04:39:29.154+0000] {logging_mixin.py:190} INFO - [2025-03-16T04:39:29.154+0000] {dag.py:4180} INFO - Setting next_dagrun for example_complex to None, run_after=None
[2025-03-16T04:39:29.186+0000] {processor.py:208} INFO - Processing /home/airflow/.local/lib/python3.12/site-packages/airflow/example_dags/example_complex.py took 0.131 seconds
[2025-03-16T04:39:59.401+0000] {processor.py:186} INFO - Started process (PID=15017) to work on /home/airflow/.local/lib/python3.12/site-packages/airflow/example_dags/example_complex.py
[2025-03-16T04:39:59.403+0000] {processor.py:914} INFO - Processing file /home/airflow/.local/lib/python3.12/site-packages/airflow/example_dags/example_complex.py for tasks to queue
[2025-03-16T04:39:59.407+0000] {logging_mixin.py:190} INFO - [2025-03-16T04:39:59.407+0000] {dagbag.py:588} INFO - Filling up the DagBag from /home/airflow/.local/lib/python3.12/site-packages/airflow/example_dags/example_complex.py
[2025-03-16T04:39:59.426+0000] {processor.py:925} INFO - DAG(s) 'example_complex' retrieved from /home/airflow/.local/lib/python3.12/site-packages/airflow/example_dags/example_complex.py
[2025-03-16T04:39:59.473+0000] {logging_mixin.py:190} INFO - [2025-03-16T04:39:59.472+0000] {dag.py:3239} INFO - Sync 1 DAGs
[2025-03-16T04:39:59.493+0000] {logging_mixin.py:190} INFO - [2025-03-16T04:39:59.493+0000] {dag.py:4180} INFO - Setting next_dagrun for example_complex to None, run_after=None
[2025-03-16T04:39:59.526+0000] {processor.py:208} INFO - Processing /home/airflow/.local/lib/python3.12/site-packages/airflow/example_dags/example_complex.py took 0.133 seconds
[2025-03-16T04:40:30.049+0000] {processor.py:186} INFO - Started process (PID=15082) to work on /home/airflow/.local/lib/python3.12/site-packages/airflow/example_dags/example_complex.py
[2025-03-16T04:40:30.051+0000] {processor.py:914} INFO - Processing file /home/airflow/.local/lib/python3.12/site-packages/airflow/example_dags/example_complex.py for tasks to queue
[2025-03-16T04:40:30.056+0000] {logging_mixin.py:190} INFO - [2025-03-16T04:40:30.055+0000] {dagbag.py:588} INFO - Filling up the DagBag from /home/airflow/.local/lib/python3.12/site-packages/airflow/example_dags/example_complex.py
[2025-03-16T04:40:30.075+0000] {processor.py:925} INFO - DAG(s) 'example_complex' retrieved from /home/airflow/.local/lib/python3.12/site-packages/airflow/example_dags/example_complex.py
[2025-03-16T04:40:30.129+0000] {logging_mixin.py:190} INFO - [2025-03-16T04:40:30.128+0000] {dag.py:3239} INFO - Sync 1 DAGs
[2025-03-16T04:40:30.151+0000] {logging_mixin.py:190} INFO - [2025-03-16T04:40:30.151+0000] {dag.py:4180} INFO - Setting next_dagrun for example_complex to None, run_after=None
[2025-03-16T04:40:30.202+0000] {processor.py:208} INFO - Processing /home/airflow/.local/lib/python3.12/site-packages/airflow/example_dags/example_complex.py took 0.164 seconds
[2025-03-16T04:41:00.374+0000] {processor.py:186} INFO - Started process (PID=15147) to work on /home/airflow/.local/lib/python3.12/site-packages/airflow/example_dags/example_complex.py
[2025-03-16T04:41:00.376+0000] {processor.py:914} INFO - Processing file /home/airflow/.local/lib/python3.12/site-packages/airflow/example_dags/example_complex.py for tasks to queue
[2025-03-16T04:41:00.380+0000] {logging_mixin.py:190} INFO - [2025-03-16T04:41:00.379+0000] {dagbag.py:588} INFO - Filling up the DagBag from /home/airflow/.local/lib/python3.12/site-packages/airflow/example_dags/example_complex.py
[2025-03-16T04:41:00.396+0000] {processor.py:925} INFO - DAG(s) 'example_complex' retrieved from /home/airflow/.local/lib/python3.12/site-packages/airflow/example_dags/example_complex.py
[2025-03-16T04:41:00.459+0000] {logging_mixin.py:190} INFO - [2025-03-16T04:41:00.458+0000] {dag.py:3239} INFO - Sync 1 DAGs
[2025-03-16T04:41:00.480+0000] {logging_mixin.py:190} INFO - [2025-03-16T04:41:00.480+0000] {dag.py:4180} INFO - Setting next_dagrun for example_complex to None, run_after=None
[2025-03-16T04:41:00.521+0000] {processor.py:208} INFO - Processing /home/airflow/.local/lib/python3.12/site-packages/airflow/example_dags/example_complex.py took 0.155 seconds
[2025-03-16T04:41:31.254+0000] {processor.py:186} INFO - Started process (PID=15212) to work on /home/airflow/.local/lib/python3.12/site-packages/airflow/example_dags/example_complex.py
[2025-03-16T04:41:31.256+0000] {processor.py:914} INFO - Processing file /home/airflow/.local/lib/python3.12/site-packages/airflow/example_dags/example_complex.py for tasks to queue
[2025-03-16T04:41:31.260+0000] {logging_mixin.py:190} INFO - [2025-03-16T04:41:31.259+0000] {dagbag.py:588} INFO - Filling up the DagBag from /home/airflow/.local/lib/python3.12/site-packages/airflow/example_dags/example_complex.py
[2025-03-16T04:41:31.275+0000] {processor.py:925} INFO - DAG(s) 'example_complex' retrieved from /home/airflow/.local/lib/python3.12/site-packages/airflow/example_dags/example_complex.py
[2025-03-16T04:41:31.334+0000] {logging_mixin.py:190} INFO - [2025-03-16T04:41:31.334+0000] {dag.py:3239} INFO - Sync 1 DAGs
[2025-03-16T04:41:31.355+0000] {logging_mixin.py:190} INFO - [2025-03-16T04:41:31.355+0000] {dag.py:4180} INFO - Setting next_dagrun for example_complex to None, run_after=None
[2025-03-16T04:41:31.385+0000] {processor.py:208} INFO - Processing /home/airflow/.local/lib/python3.12/site-packages/airflow/example_dags/example_complex.py took 0.139 seconds
[2025-03-16T04:42:01.952+0000] {processor.py:186} INFO - Started process (PID=15277) to work on /home/airflow/.local/lib/python3.12/site-packages/airflow/example_dags/example_complex.py
[2025-03-16T04:42:01.954+0000] {processor.py:914} INFO - Processing file /home/airflow/.local/lib/python3.12/site-packages/airflow/example_dags/example_complex.py for tasks to queue
[2025-03-16T04:42:01.958+0000] {logging_mixin.py:190} INFO - [2025-03-16T04:42:01.957+0000] {dagbag.py:588} INFO - Filling up the DagBag from /home/airflow/.local/lib/python3.12/site-packages/airflow/example_dags/example_complex.py
[2025-03-16T04:42:01.976+0000] {processor.py:925} INFO - DAG(s) 'example_complex' retrieved from /home/airflow/.local/lib/python3.12/site-packages/airflow/example_dags/example_complex.py
[2025-03-16T04:42:02.074+0000] {logging_mixin.py:190} INFO - [2025-03-16T04:42:02.073+0000] {dag.py:3239} INFO - Sync 1 DAGs
[2025-03-16T04:42:02.100+0000] {logging_mixin.py:190} INFO - [2025-03-16T04:42:02.099+0000] {dag.py:4180} INFO - Setting next_dagrun for example_complex to None, run_after=None
[2025-03-16T04:42:02.132+0000] {processor.py:208} INFO - Processing /home/airflow/.local/lib/python3.12/site-packages/airflow/example_dags/example_complex.py took 0.190 seconds
[2025-03-16T04:42:32.471+0000] {processor.py:186} INFO - Started process (PID=15342) to work on /home/airflow/.local/lib/python3.12/site-packages/airflow/example_dags/example_complex.py
[2025-03-16T04:42:32.473+0000] {processor.py:914} INFO - Processing file /home/airflow/.local/lib/python3.12/site-packages/airflow/example_dags/example_complex.py for tasks to queue
[2025-03-16T04:42:32.476+0000] {logging_mixin.py:190} INFO - [2025-03-16T04:42:32.476+0000] {dagbag.py:588} INFO - Filling up the DagBag from /home/airflow/.local/lib/python3.12/site-packages/airflow/example_dags/example_complex.py
[2025-03-16T04:42:32.494+0000] {processor.py:925} INFO - DAG(s) 'example_complex' retrieved from /home/airflow/.local/lib/python3.12/site-packages/airflow/example_dags/example_complex.py
[2025-03-16T04:42:32.545+0000] {logging_mixin.py:190} INFO - [2025-03-16T04:42:32.544+0000] {dag.py:3239} INFO - Sync 1 DAGs
[2025-03-16T04:42:32.569+0000] {logging_mixin.py:190} INFO - [2025-03-16T04:42:32.569+0000] {dag.py:4180} INFO - Setting next_dagrun for example_complex to None, run_after=None
[2025-03-16T04:42:32.602+0000] {processor.py:208} INFO - Processing /home/airflow/.local/lib/python3.12/site-packages/airflow/example_dags/example_complex.py took 0.141 seconds
[2025-03-16T04:43:03.202+0000] {processor.py:186} INFO - Started process (PID=15407) to work on /home/airflow/.local/lib/python3.12/site-packages/airflow/example_dags/example_complex.py
[2025-03-16T04:43:03.204+0000] {processor.py:914} INFO - Processing file /home/airflow/.local/lib/python3.12/site-packages/airflow/example_dags/example_complex.py for tasks to queue
[2025-03-16T04:43:03.208+0000] {logging_mixin.py:190} INFO - [2025-03-16T04:43:03.207+0000] {dagbag.py:588} INFO - Filling up the DagBag from /home/airflow/.local/lib/python3.12/site-packages/airflow/example_dags/example_complex.py
[2025-03-16T04:43:03.231+0000] {processor.py:925} INFO - DAG(s) 'example_complex' retrieved from /home/airflow/.local/lib/python3.12/site-packages/airflow/example_dags/example_complex.py
[2025-03-16T04:43:03.288+0000] {logging_mixin.py:190} INFO - [2025-03-16T04:43:03.288+0000] {dag.py:3239} INFO - Sync 1 DAGs
[2025-03-16T04:43:03.309+0000] {logging_mixin.py:190} INFO - [2025-03-16T04:43:03.309+0000] {dag.py:4180} INFO - Setting next_dagrun for example_complex to None, run_after=None
[2025-03-16T04:43:03.342+0000] {processor.py:208} INFO - Processing /home/airflow/.local/lib/python3.12/site-packages/airflow/example_dags/example_complex.py took 0.151 seconds
[2025-03-16T04:43:33.471+0000] {processor.py:186} INFO - Started process (PID=15472) to work on /home/airflow/.local/lib/python3.12/site-packages/airflow/example_dags/example_complex.py
[2025-03-16T04:43:33.472+0000] {processor.py:914} INFO - Processing file /home/airflow/.local/lib/python3.12/site-packages/airflow/example_dags/example_complex.py for tasks to queue
[2025-03-16T04:43:33.476+0000] {logging_mixin.py:190} INFO - [2025-03-16T04:43:33.476+0000] {dagbag.py:588} INFO - Filling up the DagBag from /home/airflow/.local/lib/python3.12/site-packages/airflow/example_dags/example_complex.py
[2025-03-16T04:43:33.494+0000] {processor.py:925} INFO - DAG(s) 'example_complex' retrieved from /home/airflow/.local/lib/python3.12/site-packages/airflow/example_dags/example_complex.py
[2025-03-16T04:43:33.540+0000] {logging_mixin.py:190} INFO - [2025-03-16T04:43:33.540+0000] {dag.py:3239} INFO - Sync 1 DAGs
[2025-03-16T04:43:33.561+0000] {logging_mixin.py:190} INFO - [2025-03-16T04:43:33.561+0000] {dag.py:4180} INFO - Setting next_dagrun for example_complex to None, run_after=None
[2025-03-16T04:43:33.590+0000] {processor.py:208} INFO - Processing /home/airflow/.local/lib/python3.12/site-packages/airflow/example_dags/example_complex.py took 0.128 seconds
[2025-03-16T04:44:03.814+0000] {processor.py:186} INFO - Started process (PID=15537) to work on /home/airflow/.local/lib/python3.12/site-packages/airflow/example_dags/example_complex.py
[2025-03-16T04:44:03.815+0000] {processor.py:914} INFO - Processing file /home/airflow/.local/lib/python3.12/site-packages/airflow/example_dags/example_complex.py for tasks to queue
[2025-03-16T04:44:03.819+0000] {logging_mixin.py:190} INFO - [2025-03-16T04:44:03.818+0000] {dagbag.py:588} INFO - Filling up the DagBag from /home/airflow/.local/lib/python3.12/site-packages/airflow/example_dags/example_complex.py
[2025-03-16T04:44:03.833+0000] {processor.py:925} INFO - DAG(s) 'example_complex' retrieved from /home/airflow/.local/lib/python3.12/site-packages/airflow/example_dags/example_complex.py
[2025-03-16T04:44:03.872+0000] {logging_mixin.py:190} INFO - [2025-03-16T04:44:03.872+0000] {dag.py:3239} INFO - Sync 1 DAGs
[2025-03-16T04:44:03.893+0000] {logging_mixin.py:190} INFO - [2025-03-16T04:44:03.892+0000] {dag.py:4180} INFO - Setting next_dagrun for example_complex to None, run_after=None
[2025-03-16T04:44:03.923+0000] {processor.py:208} INFO - Processing /home/airflow/.local/lib/python3.12/site-packages/airflow/example_dags/example_complex.py took 0.116 seconds
[2025-03-16T04:44:34.152+0000] {processor.py:186} INFO - Started process (PID=15601) to work on /home/airflow/.local/lib/python3.12/site-packages/airflow/example_dags/example_complex.py
[2025-03-16T04:44:34.153+0000] {processor.py:914} INFO - Processing file /home/airflow/.local/lib/python3.12/site-packages/airflow/example_dags/example_complex.py for tasks to queue
[2025-03-16T04:44:34.170+0000] {logging_mixin.py:190} INFO - [2025-03-16T04:44:34.169+0000] {dagbag.py:588} INFO - Filling up the DagBag from /home/airflow/.local/lib/python3.12/site-packages/airflow/example_dags/example_complex.py
[2025-03-16T04:44:34.200+0000] {processor.py:925} INFO - DAG(s) 'example_complex' retrieved from /home/airflow/.local/lib/python3.12/site-packages/airflow/example_dags/example_complex.py
[2025-03-16T04:44:34.263+0000] {logging_mixin.py:190} INFO - [2025-03-16T04:44:34.263+0000] {dag.py:3239} INFO - Sync 1 DAGs
[2025-03-16T04:44:34.291+0000] {logging_mixin.py:190} INFO - [2025-03-16T04:44:34.291+0000] {dag.py:4180} INFO - Setting next_dagrun for example_complex to None, run_after=None
[2025-03-16T04:44:34.326+0000] {processor.py:208} INFO - Processing /home/airflow/.local/lib/python3.12/site-packages/airflow/example_dags/example_complex.py took 0.183 seconds
[2025-03-16T04:45:04.409+0000] {processor.py:186} INFO - Started process (PID=15666) to work on /home/airflow/.local/lib/python3.12/site-packages/airflow/example_dags/example_complex.py
[2025-03-16T04:45:04.411+0000] {processor.py:914} INFO - Processing file /home/airflow/.local/lib/python3.12/site-packages/airflow/example_dags/example_complex.py for tasks to queue
[2025-03-16T04:45:04.414+0000] {logging_mixin.py:190} INFO - [2025-03-16T04:45:04.413+0000] {dagbag.py:588} INFO - Filling up the DagBag from /home/airflow/.local/lib/python3.12/site-packages/airflow/example_dags/example_complex.py
[2025-03-16T04:45:04.437+0000] {processor.py:925} INFO - DAG(s) 'example_complex' retrieved from /home/airflow/.local/lib/python3.12/site-packages/airflow/example_dags/example_complex.py
[2025-03-16T04:45:04.489+0000] {logging_mixin.py:190} INFO - [2025-03-16T04:45:04.489+0000] {dag.py:3239} INFO - Sync 1 DAGs
[2025-03-16T04:45:04.510+0000] {logging_mixin.py:190} INFO - [2025-03-16T04:45:04.510+0000] {dag.py:4180} INFO - Setting next_dagrun for example_complex to None, run_after=None
[2025-03-16T04:45:04.545+0000] {processor.py:208} INFO - Processing /home/airflow/.local/lib/python3.12/site-packages/airflow/example_dags/example_complex.py took 0.144 seconds
[2025-03-16T04:45:34.838+0000] {processor.py:186} INFO - Started process (PID=15730) to work on /home/airflow/.local/lib/python3.12/site-packages/airflow/example_dags/example_complex.py
[2025-03-16T04:45:34.840+0000] {processor.py:914} INFO - Processing file /home/airflow/.local/lib/python3.12/site-packages/airflow/example_dags/example_complex.py for tasks to queue
[2025-03-16T04:45:34.844+0000] {logging_mixin.py:190} INFO - [2025-03-16T04:45:34.843+0000] {dagbag.py:588} INFO - Filling up the DagBag from /home/airflow/.local/lib/python3.12/site-packages/airflow/example_dags/example_complex.py
[2025-03-16T04:45:34.872+0000] {processor.py:925} INFO - DAG(s) 'example_complex' retrieved from /home/airflow/.local/lib/python3.12/site-packages/airflow/example_dags/example_complex.py
[2025-03-16T04:45:34.922+0000] {logging_mixin.py:190} INFO - [2025-03-16T04:45:34.922+0000] {dag.py:3239} INFO - Sync 1 DAGs
[2025-03-16T04:45:34.943+0000] {logging_mixin.py:190} INFO - [2025-03-16T04:45:34.943+0000] {dag.py:4180} INFO - Setting next_dagrun for example_complex to None, run_after=None
[2025-03-16T04:45:34.973+0000] {processor.py:208} INFO - Processing /home/airflow/.local/lib/python3.12/site-packages/airflow/example_dags/example_complex.py took 0.143 seconds
[2025-03-16T04:46:05.619+0000] {processor.py:186} INFO - Started process (PID=15795) to work on /home/airflow/.local/lib/python3.12/site-packages/airflow/example_dags/example_complex.py
[2025-03-16T04:46:05.621+0000] {processor.py:914} INFO - Processing file /home/airflow/.local/lib/python3.12/site-packages/airflow/example_dags/example_complex.py for tasks to queue
[2025-03-16T04:46:05.625+0000] {logging_mixin.py:190} INFO - [2025-03-16T04:46:05.625+0000] {dagbag.py:588} INFO - Filling up the DagBag from /home/airflow/.local/lib/python3.12/site-packages/airflow/example_dags/example_complex.py
[2025-03-16T04:46:05.642+0000] {processor.py:925} INFO - DAG(s) 'example_complex' retrieved from /home/airflow/.local/lib/python3.12/site-packages/airflow/example_dags/example_complex.py
[2025-03-16T04:46:05.703+0000] {logging_mixin.py:190} INFO - [2025-03-16T04:46:05.703+0000] {dag.py:3239} INFO - Sync 1 DAGs
[2025-03-16T04:46:05.728+0000] {logging_mixin.py:190} INFO - [2025-03-16T04:46:05.727+0000] {dag.py:4180} INFO - Setting next_dagrun for example_complex to None, run_after=None
[2025-03-16T04:46:05.768+0000] {processor.py:208} INFO - Processing /home/airflow/.local/lib/python3.12/site-packages/airflow/example_dags/example_complex.py took 0.158 seconds
[2025-03-16T04:46:36.248+0000] {processor.py:186} INFO - Started process (PID=15860) to work on /home/airflow/.local/lib/python3.12/site-packages/airflow/example_dags/example_complex.py
[2025-03-16T04:46:36.250+0000] {processor.py:914} INFO - Processing file /home/airflow/.local/lib/python3.12/site-packages/airflow/example_dags/example_complex.py for tasks to queue
[2025-03-16T04:46:36.256+0000] {logging_mixin.py:190} INFO - [2025-03-16T04:46:36.255+0000] {dagbag.py:588} INFO - Filling up the DagBag from /home/airflow/.local/lib/python3.12/site-packages/airflow/example_dags/example_complex.py
[2025-03-16T04:46:36.280+0000] {processor.py:925} INFO - DAG(s) 'example_complex' retrieved from /home/airflow/.local/lib/python3.12/site-packages/airflow/example_dags/example_complex.py
[2025-03-16T04:46:36.337+0000] {logging_mixin.py:190} INFO - [2025-03-16T04:46:36.337+0000] {dag.py:3239} INFO - Sync 1 DAGs
[2025-03-16T04:46:36.360+0000] {logging_mixin.py:190} INFO - [2025-03-16T04:46:36.359+0000] {dag.py:4180} INFO - Setting next_dagrun for example_complex to None, run_after=None
[2025-03-16T04:46:36.392+0000] {processor.py:208} INFO - Processing /home/airflow/.local/lib/python3.12/site-packages/airflow/example_dags/example_complex.py took 0.157 seconds
[2025-03-16T04:47:06.665+0000] {processor.py:186} INFO - Started process (PID=15925) to work on /home/airflow/.local/lib/python3.12/site-packages/airflow/example_dags/example_complex.py
[2025-03-16T04:47:06.666+0000] {processor.py:914} INFO - Processing file /home/airflow/.local/lib/python3.12/site-packages/airflow/example_dags/example_complex.py for tasks to queue
[2025-03-16T04:47:06.670+0000] {logging_mixin.py:190} INFO - [2025-03-16T04:47:06.670+0000] {dagbag.py:588} INFO - Filling up the DagBag from /home/airflow/.local/lib/python3.12/site-packages/airflow/example_dags/example_complex.py
[2025-03-16T04:47:06.687+0000] {processor.py:925} INFO - DAG(s) 'example_complex' retrieved from /home/airflow/.local/lib/python3.12/site-packages/airflow/example_dags/example_complex.py
[2025-03-16T04:47:06.735+0000] {logging_mixin.py:190} INFO - [2025-03-16T04:47:06.735+0000] {dag.py:3239} INFO - Sync 1 DAGs
[2025-03-16T04:47:06.759+0000] {logging_mixin.py:190} INFO - [2025-03-16T04:47:06.758+0000] {dag.py:4180} INFO - Setting next_dagrun for example_complex to None, run_after=None
[2025-03-16T04:47:06.790+0000] {processor.py:208} INFO - Processing /home/airflow/.local/lib/python3.12/site-packages/airflow/example_dags/example_complex.py took 0.134 seconds
[2025-03-16T04:47:37.027+0000] {processor.py:186} INFO - Started process (PID=15990) to work on /home/airflow/.local/lib/python3.12/site-packages/airflow/example_dags/example_complex.py
[2025-03-16T04:47:37.029+0000] {processor.py:914} INFO - Processing file /home/airflow/.local/lib/python3.12/site-packages/airflow/example_dags/example_complex.py for tasks to queue
[2025-03-16T04:47:37.033+0000] {logging_mixin.py:190} INFO - [2025-03-16T04:47:37.032+0000] {dagbag.py:588} INFO - Filling up the DagBag from /home/airflow/.local/lib/python3.12/site-packages/airflow/example_dags/example_complex.py
[2025-03-16T04:47:37.049+0000] {processor.py:925} INFO - DAG(s) 'example_complex' retrieved from /home/airflow/.local/lib/python3.12/site-packages/airflow/example_dags/example_complex.py
[2025-03-16T04:47:37.095+0000] {logging_mixin.py:190} INFO - [2025-03-16T04:47:37.095+0000] {dag.py:3239} INFO - Sync 1 DAGs
[2025-03-16T04:47:37.118+0000] {logging_mixin.py:190} INFO - [2025-03-16T04:47:37.118+0000] {dag.py:4180} INFO - Setting next_dagrun for example_complex to None, run_after=None
[2025-03-16T04:47:37.153+0000] {processor.py:208} INFO - Processing /home/airflow/.local/lib/python3.12/site-packages/airflow/example_dags/example_complex.py took 0.134 seconds
[2025-03-16T04:48:07.442+0000] {processor.py:186} INFO - Started process (PID=16052) to work on /home/airflow/.local/lib/python3.12/site-packages/airflow/example_dags/example_complex.py
[2025-03-16T04:48:07.444+0000] {processor.py:914} INFO - Processing file /home/airflow/.local/lib/python3.12/site-packages/airflow/example_dags/example_complex.py for tasks to queue
[2025-03-16T04:48:07.448+0000] {logging_mixin.py:190} INFO - [2025-03-16T04:48:07.447+0000] {dagbag.py:588} INFO - Filling up the DagBag from /home/airflow/.local/lib/python3.12/site-packages/airflow/example_dags/example_complex.py
[2025-03-16T04:48:07.466+0000] {processor.py:925} INFO - DAG(s) 'example_complex' retrieved from /home/airflow/.local/lib/python3.12/site-packages/airflow/example_dags/example_complex.py
[2025-03-16T04:48:07.515+0000] {logging_mixin.py:190} INFO - [2025-03-16T04:48:07.515+0000] {dag.py:3239} INFO - Sync 1 DAGs
[2025-03-16T04:48:07.544+0000] {logging_mixin.py:190} INFO - [2025-03-16T04:48:07.543+0000] {dag.py:4180} INFO - Setting next_dagrun for example_complex to None, run_after=None
[2025-03-16T04:48:07.579+0000] {processor.py:208} INFO - Processing /home/airflow/.local/lib/python3.12/site-packages/airflow/example_dags/example_complex.py took 0.146 seconds
[2025-03-16T04:48:37.829+0000] {processor.py:186} INFO - Started process (PID=16117) to work on /home/airflow/.local/lib/python3.12/site-packages/airflow/example_dags/example_complex.py
[2025-03-16T04:48:37.831+0000] {processor.py:914} INFO - Processing file /home/airflow/.local/lib/python3.12/site-packages/airflow/example_dags/example_complex.py for tasks to queue
[2025-03-16T04:48:37.835+0000] {logging_mixin.py:190} INFO - [2025-03-16T04:48:37.834+0000] {dagbag.py:588} INFO - Filling up the DagBag from /home/airflow/.local/lib/python3.12/site-packages/airflow/example_dags/example_complex.py
[2025-03-16T04:48:37.852+0000] {processor.py:925} INFO - DAG(s) 'example_complex' retrieved from /home/airflow/.local/lib/python3.12/site-packages/airflow/example_dags/example_complex.py
[2025-03-16T04:48:37.898+0000] {logging_mixin.py:190} INFO - [2025-03-16T04:48:37.898+0000] {dag.py:3239} INFO - Sync 1 DAGs
[2025-03-16T04:48:37.918+0000] {logging_mixin.py:190} INFO - [2025-03-16T04:48:37.918+0000] {dag.py:4180} INFO - Setting next_dagrun for example_complex to None, run_after=None
[2025-03-16T04:48:37.948+0000] {processor.py:208} INFO - Processing /home/airflow/.local/lib/python3.12/site-packages/airflow/example_dags/example_complex.py took 0.126 seconds
[2025-03-16T04:49:08.994+0000] {processor.py:186} INFO - Started process (PID=16188) to work on /home/airflow/.local/lib/python3.12/site-packages/airflow/example_dags/example_complex.py
[2025-03-16T04:49:08.996+0000] {processor.py:914} INFO - Processing file /home/airflow/.local/lib/python3.12/site-packages/airflow/example_dags/example_complex.py for tasks to queue
[2025-03-16T04:49:09.000+0000] {logging_mixin.py:190} INFO - [2025-03-16T04:49:08.999+0000] {dagbag.py:588} INFO - Filling up the DagBag from /home/airflow/.local/lib/python3.12/site-packages/airflow/example_dags/example_complex.py
[2025-03-16T04:49:09.020+0000] {processor.py:925} INFO - DAG(s) 'example_complex' retrieved from /home/airflow/.local/lib/python3.12/site-packages/airflow/example_dags/example_complex.py
[2025-03-16T04:49:09.065+0000] {logging_mixin.py:190} INFO - [2025-03-16T04:49:09.064+0000] {dag.py:3239} INFO - Sync 1 DAGs
[2025-03-16T04:49:09.285+0000] {logging_mixin.py:190} INFO - [2025-03-16T04:49:09.284+0000] {dag.py:4180} INFO - Setting next_dagrun for example_complex to None, run_after=None
[2025-03-16T04:49:09.316+0000] {processor.py:208} INFO - Processing /home/airflow/.local/lib/python3.12/site-packages/airflow/example_dags/example_complex.py took 0.329 seconds
[2025-03-16T04:49:40.228+0000] {processor.py:186} INFO - Started process (PID=16253) to work on /home/airflow/.local/lib/python3.12/site-packages/airflow/example_dags/example_complex.py
[2025-03-16T04:49:40.231+0000] {processor.py:914} INFO - Processing file /home/airflow/.local/lib/python3.12/site-packages/airflow/example_dags/example_complex.py for tasks to queue
[2025-03-16T04:49:40.236+0000] {logging_mixin.py:190} INFO - [2025-03-16T04:49:40.235+0000] {dagbag.py:588} INFO - Filling up the DagBag from /home/airflow/.local/lib/python3.12/site-packages/airflow/example_dags/example_complex.py
[2025-03-16T04:49:40.259+0000] {processor.py:925} INFO - DAG(s) 'example_complex' retrieved from /home/airflow/.local/lib/python3.12/site-packages/airflow/example_dags/example_complex.py
[2025-03-16T04:49:40.311+0000] {logging_mixin.py:190} INFO - [2025-03-16T04:49:40.311+0000] {dag.py:3239} INFO - Sync 1 DAGs
[2025-03-16T04:49:40.332+0000] {logging_mixin.py:190} INFO - [2025-03-16T04:49:40.331+0000] {dag.py:4180} INFO - Setting next_dagrun for example_complex to None, run_after=None
[2025-03-16T04:49:40.362+0000] {processor.py:208} INFO - Processing /home/airflow/.local/lib/python3.12/site-packages/airflow/example_dags/example_complex.py took 0.147 seconds
[2025-03-16T04:50:10.847+0000] {processor.py:186} INFO - Started process (PID=16305) to work on /home/airflow/.local/lib/python3.12/site-packages/airflow/example_dags/example_complex.py
[2025-03-16T04:50:10.849+0000] {processor.py:914} INFO - Processing file /home/airflow/.local/lib/python3.12/site-packages/airflow/example_dags/example_complex.py for tasks to queue
[2025-03-16T04:50:10.854+0000] {logging_mixin.py:190} INFO - [2025-03-16T04:50:10.853+0000] {dagbag.py:588} INFO - Filling up the DagBag from /home/airflow/.local/lib/python3.12/site-packages/airflow/example_dags/example_complex.py
[2025-03-16T04:50:10.877+0000] {processor.py:925} INFO - DAG(s) 'example_complex' retrieved from /home/airflow/.local/lib/python3.12/site-packages/airflow/example_dags/example_complex.py
[2025-03-16T04:50:10.935+0000] {logging_mixin.py:190} INFO - [2025-03-16T04:50:10.935+0000] {dag.py:3239} INFO - Sync 1 DAGs
[2025-03-16T04:50:10.957+0000] {logging_mixin.py:190} INFO - [2025-03-16T04:50:10.957+0000] {dag.py:4180} INFO - Setting next_dagrun for example_complex to None, run_after=None
[2025-03-16T04:50:10.995+0000] {processor.py:208} INFO - Processing /home/airflow/.local/lib/python3.12/site-packages/airflow/example_dags/example_complex.py took 0.156 seconds
[2025-03-16T04:50:42.104+0000] {processor.py:186} INFO - Started process (PID=16369) to work on /home/airflow/.local/lib/python3.12/site-packages/airflow/example_dags/example_complex.py
[2025-03-16T04:50:42.106+0000] {processor.py:914} INFO - Processing file /home/airflow/.local/lib/python3.12/site-packages/airflow/example_dags/example_complex.py for tasks to queue
[2025-03-16T04:50:42.110+0000] {logging_mixin.py:190} INFO - [2025-03-16T04:50:42.109+0000] {dagbag.py:588} INFO - Filling up the DagBag from /home/airflow/.local/lib/python3.12/site-packages/airflow/example_dags/example_complex.py
[2025-03-16T04:50:42.137+0000] {processor.py:925} INFO - DAG(s) 'example_complex' retrieved from /home/airflow/.local/lib/python3.12/site-packages/airflow/example_dags/example_complex.py
[2025-03-16T04:50:42.600+0000] {logging_mixin.py:190} INFO - [2025-03-16T04:50:42.600+0000] {dag.py:3239} INFO - Sync 1 DAGs
[2025-03-16T04:50:42.621+0000] {logging_mixin.py:190} INFO - [2025-03-16T04:50:42.621+0000] {dag.py:4180} INFO - Setting next_dagrun for example_complex to None, run_after=None
[2025-03-16T04:50:42.653+0000] {processor.py:208} INFO - Processing /home/airflow/.local/lib/python3.12/site-packages/airflow/example_dags/example_complex.py took 0.560 seconds
[2025-03-16T04:51:12.978+0000] {processor.py:186} INFO - Started process (PID=16432) to work on /home/airflow/.local/lib/python3.12/site-packages/airflow/example_dags/example_complex.py
[2025-03-16T04:51:12.980+0000] {processor.py:914} INFO - Processing file /home/airflow/.local/lib/python3.12/site-packages/airflow/example_dags/example_complex.py for tasks to queue
[2025-03-16T04:51:12.984+0000] {logging_mixin.py:190} INFO - [2025-03-16T04:51:12.984+0000] {dagbag.py:588} INFO - Filling up the DagBag from /home/airflow/.local/lib/python3.12/site-packages/airflow/example_dags/example_complex.py
[2025-03-16T04:51:13.011+0000] {processor.py:925} INFO - DAG(s) 'example_complex' retrieved from /home/airflow/.local/lib/python3.12/site-packages/airflow/example_dags/example_complex.py
[2025-03-16T04:51:13.073+0000] {logging_mixin.py:190} INFO - [2025-03-16T04:51:13.072+0000] {dag.py:3239} INFO - Sync 1 DAGs
[2025-03-16T04:51:13.102+0000] {logging_mixin.py:190} INFO - [2025-03-16T04:51:13.102+0000] {dag.py:4180} INFO - Setting next_dagrun for example_complex to None, run_after=None
[2025-03-16T04:51:13.132+0000] {processor.py:208} INFO - Processing /home/airflow/.local/lib/python3.12/site-packages/airflow/example_dags/example_complex.py took 0.165 seconds
[2025-03-16T04:51:43.699+0000] {processor.py:186} INFO - Started process (PID=16497) to work on /home/airflow/.local/lib/python3.12/site-packages/airflow/example_dags/example_complex.py
[2025-03-16T04:51:43.701+0000] {processor.py:914} INFO - Processing file /home/airflow/.local/lib/python3.12/site-packages/airflow/example_dags/example_complex.py for tasks to queue
[2025-03-16T04:51:43.705+0000] {logging_mixin.py:190} INFO - [2025-03-16T04:51:43.704+0000] {dagbag.py:588} INFO - Filling up the DagBag from /home/airflow/.local/lib/python3.12/site-packages/airflow/example_dags/example_complex.py
[2025-03-16T04:51:43.726+0000] {processor.py:925} INFO - DAG(s) 'example_complex' retrieved from /home/airflow/.local/lib/python3.12/site-packages/airflow/example_dags/example_complex.py
[2025-03-16T04:51:43.781+0000] {logging_mixin.py:190} INFO - [2025-03-16T04:51:43.780+0000] {dag.py:3239} INFO - Sync 1 DAGs
[2025-03-16T04:51:43.809+0000] {logging_mixin.py:190} INFO - [2025-03-16T04:51:43.808+0000] {dag.py:4180} INFO - Setting next_dagrun for example_complex to None, run_after=None
[2025-03-16T04:51:43.842+0000] {processor.py:208} INFO - Processing /home/airflow/.local/lib/python3.12/site-packages/airflow/example_dags/example_complex.py took 0.153 seconds
[2025-03-16T04:52:14.029+0000] {processor.py:186} INFO - Started process (PID=16562) to work on /home/airflow/.local/lib/python3.12/site-packages/airflow/example_dags/example_complex.py
[2025-03-16T04:52:14.031+0000] {processor.py:914} INFO - Processing file /home/airflow/.local/lib/python3.12/site-packages/airflow/example_dags/example_complex.py for tasks to queue
[2025-03-16T04:52:14.035+0000] {logging_mixin.py:190} INFO - [2025-03-16T04:52:14.034+0000] {dagbag.py:588} INFO - Filling up the DagBag from /home/airflow/.local/lib/python3.12/site-packages/airflow/example_dags/example_complex.py
[2025-03-16T04:52:14.059+0000] {processor.py:925} INFO - DAG(s) 'example_complex' retrieved from /home/airflow/.local/lib/python3.12/site-packages/airflow/example_dags/example_complex.py
[2025-03-16T04:52:14.104+0000] {logging_mixin.py:190} INFO - [2025-03-16T04:52:14.104+0000] {dag.py:3239} INFO - Sync 1 DAGs
[2025-03-16T04:52:14.125+0000] {logging_mixin.py:190} INFO - [2025-03-16T04:52:14.125+0000] {dag.py:4180} INFO - Setting next_dagrun for example_complex to None, run_after=None
[2025-03-16T04:52:14.158+0000] {processor.py:208} INFO - Processing /home/airflow/.local/lib/python3.12/site-packages/airflow/example_dags/example_complex.py took 0.139 seconds
[2025-03-16T04:52:44.583+0000] {processor.py:186} INFO - Started process (PID=16627) to work on /home/airflow/.local/lib/python3.12/site-packages/airflow/example_dags/example_complex.py
[2025-03-16T04:52:44.584+0000] {processor.py:914} INFO - Processing file /home/airflow/.local/lib/python3.12/site-packages/airflow/example_dags/example_complex.py for tasks to queue
[2025-03-16T04:52:44.588+0000] {logging_mixin.py:190} INFO - [2025-03-16T04:52:44.587+0000] {dagbag.py:588} INFO - Filling up the DagBag from /home/airflow/.local/lib/python3.12/site-packages/airflow/example_dags/example_complex.py
[2025-03-16T04:52:44.604+0000] {processor.py:925} INFO - DAG(s) 'example_complex' retrieved from /home/airflow/.local/lib/python3.12/site-packages/airflow/example_dags/example_complex.py
[2025-03-16T04:52:44.651+0000] {logging_mixin.py:190} INFO - [2025-03-16T04:52:44.650+0000] {dag.py:3239} INFO - Sync 1 DAGs
[2025-03-16T04:52:44.675+0000] {logging_mixin.py:190} INFO - [2025-03-16T04:52:44.674+0000] {dag.py:4180} INFO - Setting next_dagrun for example_complex to None, run_after=None
[2025-03-16T04:52:44.705+0000] {processor.py:208} INFO - Processing /home/airflow/.local/lib/python3.12/site-packages/airflow/example_dags/example_complex.py took 0.131 seconds
[2025-03-16T04:53:15.047+0000] {processor.py:186} INFO - Started process (PID=16692) to work on /home/airflow/.local/lib/python3.12/site-packages/airflow/example_dags/example_complex.py
[2025-03-16T04:53:15.049+0000] {processor.py:914} INFO - Processing file /home/airflow/.local/lib/python3.12/site-packages/airflow/example_dags/example_complex.py for tasks to queue
[2025-03-16T04:53:15.052+0000] {logging_mixin.py:190} INFO - [2025-03-16T04:53:15.052+0000] {dagbag.py:588} INFO - Filling up the DagBag from /home/airflow/.local/lib/python3.12/site-packages/airflow/example_dags/example_complex.py
[2025-03-16T04:53:15.075+0000] {processor.py:925} INFO - DAG(s) 'example_complex' retrieved from /home/airflow/.local/lib/python3.12/site-packages/airflow/example_dags/example_complex.py
[2025-03-16T04:53:15.125+0000] {logging_mixin.py:190} INFO - [2025-03-16T04:53:15.124+0000] {dag.py:3239} INFO - Sync 1 DAGs
[2025-03-16T04:53:15.144+0000] {logging_mixin.py:190} INFO - [2025-03-16T04:53:15.144+0000] {dag.py:4180} INFO - Setting next_dagrun for example_complex to None, run_after=None
[2025-03-16T04:53:15.178+0000] {processor.py:208} INFO - Processing /home/airflow/.local/lib/python3.12/site-packages/airflow/example_dags/example_complex.py took 0.140 seconds
[2025-03-16T04:53:45.523+0000] {processor.py:186} INFO - Started process (PID=16757) to work on /home/airflow/.local/lib/python3.12/site-packages/airflow/example_dags/example_complex.py
[2025-03-16T04:53:45.525+0000] {processor.py:914} INFO - Processing file /home/airflow/.local/lib/python3.12/site-packages/airflow/example_dags/example_complex.py for tasks to queue
[2025-03-16T04:53:45.529+0000] {logging_mixin.py:190} INFO - [2025-03-16T04:53:45.528+0000] {dagbag.py:588} INFO - Filling up the DagBag from /home/airflow/.local/lib/python3.12/site-packages/airflow/example_dags/example_complex.py
[2025-03-16T04:53:45.548+0000] {processor.py:925} INFO - DAG(s) 'example_complex' retrieved from /home/airflow/.local/lib/python3.12/site-packages/airflow/example_dags/example_complex.py
[2025-03-16T04:53:45.605+0000] {logging_mixin.py:190} INFO - [2025-03-16T04:53:45.605+0000] {dag.py:3239} INFO - Sync 1 DAGs
[2025-03-16T04:53:45.632+0000] {logging_mixin.py:190} INFO - [2025-03-16T04:53:45.632+0000] {dag.py:4180} INFO - Setting next_dagrun for example_complex to None, run_after=None
[2025-03-16T04:53:45.663+0000] {processor.py:208} INFO - Processing /home/airflow/.local/lib/python3.12/site-packages/airflow/example_dags/example_complex.py took 0.148 seconds
[2025-03-16T04:54:16.190+0000] {processor.py:186} INFO - Started process (PID=16822) to work on /home/airflow/.local/lib/python3.12/site-packages/airflow/example_dags/example_complex.py
[2025-03-16T04:54:16.192+0000] {processor.py:914} INFO - Processing file /home/airflow/.local/lib/python3.12/site-packages/airflow/example_dags/example_complex.py for tasks to queue
[2025-03-16T04:54:16.196+0000] {logging_mixin.py:190} INFO - [2025-03-16T04:54:16.195+0000] {dagbag.py:588} INFO - Filling up the DagBag from /home/airflow/.local/lib/python3.12/site-packages/airflow/example_dags/example_complex.py
[2025-03-16T04:54:16.217+0000] {processor.py:925} INFO - DAG(s) 'example_complex' retrieved from /home/airflow/.local/lib/python3.12/site-packages/airflow/example_dags/example_complex.py
[2025-03-16T04:54:16.273+0000] {logging_mixin.py:190} INFO - [2025-03-16T04:54:16.273+0000] {dag.py:3239} INFO - Sync 1 DAGs
[2025-03-16T04:54:16.298+0000] {logging_mixin.py:190} INFO - [2025-03-16T04:54:16.298+0000] {dag.py:4180} INFO - Setting next_dagrun for example_complex to None, run_after=None
[2025-03-16T04:54:16.333+0000] {processor.py:208} INFO - Processing /home/airflow/.local/lib/python3.12/site-packages/airflow/example_dags/example_complex.py took 0.153 seconds
[2025-03-16T04:54:47.092+0000] {processor.py:186} INFO - Started process (PID=16888) to work on /home/airflow/.local/lib/python3.12/site-packages/airflow/example_dags/example_complex.py
[2025-03-16T04:54:47.094+0000] {processor.py:914} INFO - Processing file /home/airflow/.local/lib/python3.12/site-packages/airflow/example_dags/example_complex.py for tasks to queue
[2025-03-16T04:54:47.099+0000] {logging_mixin.py:190} INFO - [2025-03-16T04:54:47.098+0000] {dagbag.py:588} INFO - Filling up the DagBag from /home/airflow/.local/lib/python3.12/site-packages/airflow/example_dags/example_complex.py
[2025-03-16T04:54:47.117+0000] {processor.py:925} INFO - DAG(s) 'example_complex' retrieved from /home/airflow/.local/lib/python3.12/site-packages/airflow/example_dags/example_complex.py
[2025-03-16T04:54:47.175+0000] {logging_mixin.py:190} INFO - [2025-03-16T04:54:47.174+0000] {dag.py:3239} INFO - Sync 1 DAGs
[2025-03-16T04:54:47.195+0000] {logging_mixin.py:190} INFO - [2025-03-16T04:54:47.194+0000] {dag.py:4180} INFO - Setting next_dagrun for example_complex to None, run_after=None
[2025-03-16T04:54:47.227+0000] {processor.py:208} INFO - Processing /home/airflow/.local/lib/python3.12/site-packages/airflow/example_dags/example_complex.py took 0.146 seconds
[2025-03-16T04:55:17.610+0000] {processor.py:186} INFO - Started process (PID=16953) to work on /home/airflow/.local/lib/python3.12/site-packages/airflow/example_dags/example_complex.py
[2025-03-16T04:55:17.612+0000] {processor.py:914} INFO - Processing file /home/airflow/.local/lib/python3.12/site-packages/airflow/example_dags/example_complex.py for tasks to queue
[2025-03-16T04:55:17.615+0000] {logging_mixin.py:190} INFO - [2025-03-16T04:55:17.615+0000] {dagbag.py:588} INFO - Filling up the DagBag from /home/airflow/.local/lib/python3.12/site-packages/airflow/example_dags/example_complex.py
[2025-03-16T04:55:17.633+0000] {processor.py:925} INFO - DAG(s) 'example_complex' retrieved from /home/airflow/.local/lib/python3.12/site-packages/airflow/example_dags/example_complex.py
[2025-03-16T04:55:17.676+0000] {logging_mixin.py:190} INFO - [2025-03-16T04:55:17.676+0000] {dag.py:3239} INFO - Sync 1 DAGs
[2025-03-16T04:55:17.697+0000] {logging_mixin.py:190} INFO - [2025-03-16T04:55:17.696+0000] {dag.py:4180} INFO - Setting next_dagrun for example_complex to None, run_after=None
[2025-03-16T04:55:17.729+0000] {processor.py:208} INFO - Processing /home/airflow/.local/lib/python3.12/site-packages/airflow/example_dags/example_complex.py took 0.129 seconds
[2025-03-16T04:55:48.309+0000] {processor.py:186} INFO - Started process (PID=17018) to work on /home/airflow/.local/lib/python3.12/site-packages/airflow/example_dags/example_complex.py
[2025-03-16T04:55:48.311+0000] {processor.py:914} INFO - Processing file /home/airflow/.local/lib/python3.12/site-packages/airflow/example_dags/example_complex.py for tasks to queue
[2025-03-16T04:55:48.315+0000] {logging_mixin.py:190} INFO - [2025-03-16T04:55:48.314+0000] {dagbag.py:588} INFO - Filling up the DagBag from /home/airflow/.local/lib/python3.12/site-packages/airflow/example_dags/example_complex.py
[2025-03-16T04:55:48.334+0000] {processor.py:925} INFO - DAG(s) 'example_complex' retrieved from /home/airflow/.local/lib/python3.12/site-packages/airflow/example_dags/example_complex.py
[2025-03-16T04:55:48.391+0000] {logging_mixin.py:190} INFO - [2025-03-16T04:55:48.391+0000] {dag.py:3239} INFO - Sync 1 DAGs
[2025-03-16T04:55:48.413+0000] {logging_mixin.py:190} INFO - [2025-03-16T04:55:48.413+0000] {dag.py:4180} INFO - Setting next_dagrun for example_complex to None, run_after=None
[2025-03-16T04:55:48.444+0000] {processor.py:208} INFO - Processing /home/airflow/.local/lib/python3.12/site-packages/airflow/example_dags/example_complex.py took 0.143 seconds
[2025-03-16T04:56:18.520+0000] {processor.py:186} INFO - Started process (PID=17083) to work on /home/airflow/.local/lib/python3.12/site-packages/airflow/example_dags/example_complex.py
[2025-03-16T04:56:18.522+0000] {processor.py:914} INFO - Processing file /home/airflow/.local/lib/python3.12/site-packages/airflow/example_dags/example_complex.py for tasks to queue
[2025-03-16T04:56:18.526+0000] {logging_mixin.py:190} INFO - [2025-03-16T04:56:18.525+0000] {dagbag.py:588} INFO - Filling up the DagBag from /home/airflow/.local/lib/python3.12/site-packages/airflow/example_dags/example_complex.py
[2025-03-16T04:56:18.542+0000] {processor.py:925} INFO - DAG(s) 'example_complex' retrieved from /home/airflow/.local/lib/python3.12/site-packages/airflow/example_dags/example_complex.py
[2025-03-16T04:56:18.587+0000] {logging_mixin.py:190} INFO - [2025-03-16T04:56:18.587+0000] {dag.py:3239} INFO - Sync 1 DAGs
[2025-03-16T04:56:18.613+0000] {logging_mixin.py:190} INFO - [2025-03-16T04:56:18.612+0000] {dag.py:4180} INFO - Setting next_dagrun for example_complex to None, run_after=None
[2025-03-16T04:56:18.648+0000] {processor.py:208} INFO - Processing /home/airflow/.local/lib/python3.12/site-packages/airflow/example_dags/example_complex.py took 0.136 seconds
[2025-03-16T04:56:49.131+0000] {processor.py:186} INFO - Started process (PID=17148) to work on /home/airflow/.local/lib/python3.12/site-packages/airflow/example_dags/example_complex.py
[2025-03-16T04:56:49.133+0000] {processor.py:914} INFO - Processing file /home/airflow/.local/lib/python3.12/site-packages/airflow/example_dags/example_complex.py for tasks to queue
[2025-03-16T04:56:49.137+0000] {logging_mixin.py:190} INFO - [2025-03-16T04:56:49.136+0000] {dagbag.py:588} INFO - Filling up the DagBag from /home/airflow/.local/lib/python3.12/site-packages/airflow/example_dags/example_complex.py
[2025-03-16T04:56:49.153+0000] {processor.py:925} INFO - DAG(s) 'example_complex' retrieved from /home/airflow/.local/lib/python3.12/site-packages/airflow/example_dags/example_complex.py
[2025-03-16T04:56:49.197+0000] {logging_mixin.py:190} INFO - [2025-03-16T04:56:49.196+0000] {dag.py:3239} INFO - Sync 1 DAGs
[2025-03-16T04:56:49.217+0000] {logging_mixin.py:190} INFO - [2025-03-16T04:56:49.216+0000] {dag.py:4180} INFO - Setting next_dagrun for example_complex to None, run_after=None
[2025-03-16T04:56:49.249+0000] {processor.py:208} INFO - Processing /home/airflow/.local/lib/python3.12/site-packages/airflow/example_dags/example_complex.py took 0.126 seconds
[2025-03-16T04:57:19.552+0000] {processor.py:186} INFO - Started process (PID=17213) to work on /home/airflow/.local/lib/python3.12/site-packages/airflow/example_dags/example_complex.py
[2025-03-16T04:57:19.553+0000] {processor.py:914} INFO - Processing file /home/airflow/.local/lib/python3.12/site-packages/airflow/example_dags/example_complex.py for tasks to queue
[2025-03-16T04:57:19.558+0000] {logging_mixin.py:190} INFO - [2025-03-16T04:57:19.557+0000] {dagbag.py:588} INFO - Filling up the DagBag from /home/airflow/.local/lib/python3.12/site-packages/airflow/example_dags/example_complex.py
[2025-03-16T04:57:19.577+0000] {processor.py:925} INFO - DAG(s) 'example_complex' retrieved from /home/airflow/.local/lib/python3.12/site-packages/airflow/example_dags/example_complex.py
[2025-03-16T04:57:19.628+0000] {logging_mixin.py:190} INFO - [2025-03-16T04:57:19.628+0000] {dag.py:3239} INFO - Sync 1 DAGs
[2025-03-16T04:57:19.653+0000] {logging_mixin.py:190} INFO - [2025-03-16T04:57:19.653+0000] {dag.py:4180} INFO - Setting next_dagrun for example_complex to None, run_after=None
[2025-03-16T04:57:19.685+0000] {processor.py:208} INFO - Processing /home/airflow/.local/lib/python3.12/site-packages/airflow/example_dags/example_complex.py took 0.141 seconds
[2025-03-16T04:57:50.130+0000] {processor.py:186} INFO - Started process (PID=17278) to work on /home/airflow/.local/lib/python3.12/site-packages/airflow/example_dags/example_complex.py
[2025-03-16T04:57:50.132+0000] {processor.py:914} INFO - Processing file /home/airflow/.local/lib/python3.12/site-packages/airflow/example_dags/example_complex.py for tasks to queue
[2025-03-16T04:57:50.135+0000] {logging_mixin.py:190} INFO - [2025-03-16T04:57:50.135+0000] {dagbag.py:588} INFO - Filling up the DagBag from /home/airflow/.local/lib/python3.12/site-packages/airflow/example_dags/example_complex.py
[2025-03-16T04:57:50.154+0000] {processor.py:925} INFO - DAG(s) 'example_complex' retrieved from /home/airflow/.local/lib/python3.12/site-packages/airflow/example_dags/example_complex.py
[2025-03-16T04:57:50.209+0000] {logging_mixin.py:190} INFO - [2025-03-16T04:57:50.208+0000] {dag.py:3239} INFO - Sync 1 DAGs
[2025-03-16T04:57:50.229+0000] {logging_mixin.py:190} INFO - [2025-03-16T04:57:50.228+0000] {dag.py:4180} INFO - Setting next_dagrun for example_complex to None, run_after=None
[2025-03-16T04:57:50.259+0000] {processor.py:208} INFO - Processing /home/airflow/.local/lib/python3.12/site-packages/airflow/example_dags/example_complex.py took 0.137 seconds
[2025-03-16T04:58:20.660+0000] {processor.py:186} INFO - Started process (PID=17343) to work on /home/airflow/.local/lib/python3.12/site-packages/airflow/example_dags/example_complex.py
[2025-03-16T04:58:20.662+0000] {processor.py:914} INFO - Processing file /home/airflow/.local/lib/python3.12/site-packages/airflow/example_dags/example_complex.py for tasks to queue
[2025-03-16T04:58:20.666+0000] {logging_mixin.py:190} INFO - [2025-03-16T04:58:20.665+0000] {dagbag.py:588} INFO - Filling up the DagBag from /home/airflow/.local/lib/python3.12/site-packages/airflow/example_dags/example_complex.py
[2025-03-16T04:58:20.688+0000] {processor.py:925} INFO - DAG(s) 'example_complex' retrieved from /home/airflow/.local/lib/python3.12/site-packages/airflow/example_dags/example_complex.py
[2025-03-16T04:58:20.749+0000] {logging_mixin.py:190} INFO - [2025-03-16T04:58:20.748+0000] {dag.py:3239} INFO - Sync 1 DAGs
[2025-03-16T04:58:20.774+0000] {logging_mixin.py:190} INFO - [2025-03-16T04:58:20.773+0000] {dag.py:4180} INFO - Setting next_dagrun for example_complex to None, run_after=None
[2025-03-16T04:58:20.809+0000] {processor.py:208} INFO - Processing /home/airflow/.local/lib/python3.12/site-packages/airflow/example_dags/example_complex.py took 0.157 seconds
[2025-03-16T04:58:51.724+0000] {processor.py:186} INFO - Started process (PID=17408) to work on /home/airflow/.local/lib/python3.12/site-packages/airflow/example_dags/example_complex.py
[2025-03-16T04:58:51.726+0000] {processor.py:914} INFO - Processing file /home/airflow/.local/lib/python3.12/site-packages/airflow/example_dags/example_complex.py for tasks to queue
[2025-03-16T04:58:51.731+0000] {logging_mixin.py:190} INFO - [2025-03-16T04:58:51.730+0000] {dagbag.py:588} INFO - Filling up the DagBag from /home/airflow/.local/lib/python3.12/site-packages/airflow/example_dags/example_complex.py
[2025-03-16T04:58:51.751+0000] {processor.py:925} INFO - DAG(s) 'example_complex' retrieved from /home/airflow/.local/lib/python3.12/site-packages/airflow/example_dags/example_complex.py
[2025-03-16T04:58:51.804+0000] {logging_mixin.py:190} INFO - [2025-03-16T04:58:51.804+0000] {dag.py:3239} INFO - Sync 1 DAGs
[2025-03-16T04:58:51.830+0000] {logging_mixin.py:190} INFO - [2025-03-16T04:58:51.830+0000] {dag.py:4180} INFO - Setting next_dagrun for example_complex to None, run_after=None
[2025-03-16T04:58:51.862+0000] {processor.py:208} INFO - Processing /home/airflow/.local/lib/python3.12/site-packages/airflow/example_dags/example_complex.py took 0.149 seconds
[2025-03-16T04:59:22.034+0000] {processor.py:186} INFO - Started process (PID=17473) to work on /home/airflow/.local/lib/python3.12/site-packages/airflow/example_dags/example_complex.py
[2025-03-16T04:59:22.036+0000] {processor.py:914} INFO - Processing file /home/airflow/.local/lib/python3.12/site-packages/airflow/example_dags/example_complex.py for tasks to queue
[2025-03-16T04:59:22.040+0000] {logging_mixin.py:190} INFO - [2025-03-16T04:59:22.040+0000] {dagbag.py:588} INFO - Filling up the DagBag from /home/airflow/.local/lib/python3.12/site-packages/airflow/example_dags/example_complex.py
[2025-03-16T04:59:22.059+0000] {processor.py:925} INFO - DAG(s) 'example_complex' retrieved from /home/airflow/.local/lib/python3.12/site-packages/airflow/example_dags/example_complex.py
[2025-03-16T04:59:22.118+0000] {logging_mixin.py:190} INFO - [2025-03-16T04:59:22.117+0000] {dag.py:3239} INFO - Sync 1 DAGs
[2025-03-16T04:59:22.150+0000] {logging_mixin.py:190} INFO - [2025-03-16T04:59:22.149+0000] {dag.py:4180} INFO - Setting next_dagrun for example_complex to None, run_after=None
[2025-03-16T04:59:22.190+0000] {processor.py:208} INFO - Processing /home/airflow/.local/lib/python3.12/site-packages/airflow/example_dags/example_complex.py took 0.166 seconds
[2025-03-16T04:59:52.352+0000] {processor.py:186} INFO - Started process (PID=17538) to work on /home/airflow/.local/lib/python3.12/site-packages/airflow/example_dags/example_complex.py
[2025-03-16T04:59:52.353+0000] {processor.py:914} INFO - Processing file /home/airflow/.local/lib/python3.12/site-packages/airflow/example_dags/example_complex.py for tasks to queue
[2025-03-16T04:59:52.357+0000] {logging_mixin.py:190} INFO - [2025-03-16T04:59:52.356+0000] {dagbag.py:588} INFO - Filling up the DagBag from /home/airflow/.local/lib/python3.12/site-packages/airflow/example_dags/example_complex.py
[2025-03-16T04:59:52.374+0000] {processor.py:925} INFO - DAG(s) 'example_complex' retrieved from /home/airflow/.local/lib/python3.12/site-packages/airflow/example_dags/example_complex.py
[2025-03-16T04:59:52.427+0000] {logging_mixin.py:190} INFO - [2025-03-16T04:59:52.427+0000] {dag.py:3239} INFO - Sync 1 DAGs
[2025-03-16T04:59:52.452+0000] {logging_mixin.py:190} INFO - [2025-03-16T04:59:52.452+0000] {dag.py:4180} INFO - Setting next_dagrun for example_complex to None, run_after=None
[2025-03-16T04:59:52.487+0000] {processor.py:208} INFO - Processing /home/airflow/.local/lib/python3.12/site-packages/airflow/example_dags/example_complex.py took 0.146 seconds
[2025-03-16T05:00:23.313+0000] {processor.py:186} INFO - Started process (PID=17603) to work on /home/airflow/.local/lib/python3.12/site-packages/airflow/example_dags/example_complex.py
[2025-03-16T05:00:23.315+0000] {processor.py:914} INFO - Processing file /home/airflow/.local/lib/python3.12/site-packages/airflow/example_dags/example_complex.py for tasks to queue
[2025-03-16T05:00:23.321+0000] {logging_mixin.py:190} INFO - [2025-03-16T05:00:23.319+0000] {dagbag.py:588} INFO - Filling up the DagBag from /home/airflow/.local/lib/python3.12/site-packages/airflow/example_dags/example_complex.py
[2025-03-16T05:00:23.339+0000] {processor.py:925} INFO - DAG(s) 'example_complex' retrieved from /home/airflow/.local/lib/python3.12/site-packages/airflow/example_dags/example_complex.py
[2025-03-16T05:00:23.388+0000] {logging_mixin.py:190} INFO - [2025-03-16T05:00:23.387+0000] {dag.py:3239} INFO - Sync 1 DAGs
[2025-03-16T05:00:23.408+0000] {logging_mixin.py:190} INFO - [2025-03-16T05:00:23.408+0000] {dag.py:4180} INFO - Setting next_dagrun for example_complex to None, run_after=None
[2025-03-16T05:00:23.439+0000] {processor.py:208} INFO - Processing /home/airflow/.local/lib/python3.12/site-packages/airflow/example_dags/example_complex.py took 0.137 seconds
[2025-03-16T05:00:53.711+0000] {processor.py:186} INFO - Started process (PID=17668) to work on /home/airflow/.local/lib/python3.12/site-packages/airflow/example_dags/example_complex.py
[2025-03-16T05:00:53.712+0000] {processor.py:914} INFO - Processing file /home/airflow/.local/lib/python3.12/site-packages/airflow/example_dags/example_complex.py for tasks to queue
[2025-03-16T05:00:53.717+0000] {logging_mixin.py:190} INFO - [2025-03-16T05:00:53.716+0000] {dagbag.py:588} INFO - Filling up the DagBag from /home/airflow/.local/lib/python3.12/site-packages/airflow/example_dags/example_complex.py
[2025-03-16T05:00:53.734+0000] {processor.py:925} INFO - DAG(s) 'example_complex' retrieved from /home/airflow/.local/lib/python3.12/site-packages/airflow/example_dags/example_complex.py
[2025-03-16T05:00:53.813+0000] {logging_mixin.py:190} INFO - [2025-03-16T05:00:53.812+0000] {dag.py:3239} INFO - Sync 1 DAGs
[2025-03-16T05:00:53.855+0000] {logging_mixin.py:190} INFO - [2025-03-16T05:00:53.855+0000] {dag.py:4180} INFO - Setting next_dagrun for example_complex to None, run_after=None
[2025-03-16T05:00:53.903+0000] {processor.py:208} INFO - Processing /home/airflow/.local/lib/python3.12/site-packages/airflow/example_dags/example_complex.py took 0.202 seconds
[2025-03-16T05:01:24.195+0000] {processor.py:186} INFO - Started process (PID=17733) to work on /home/airflow/.local/lib/python3.12/site-packages/airflow/example_dags/example_complex.py
[2025-03-16T05:01:24.197+0000] {processor.py:914} INFO - Processing file /home/airflow/.local/lib/python3.12/site-packages/airflow/example_dags/example_complex.py for tasks to queue
[2025-03-16T05:01:24.201+0000] {logging_mixin.py:190} INFO - [2025-03-16T05:01:24.200+0000] {dagbag.py:588} INFO - Filling up the DagBag from /home/airflow/.local/lib/python3.12/site-packages/airflow/example_dags/example_complex.py
[2025-03-16T05:01:24.218+0000] {processor.py:925} INFO - DAG(s) 'example_complex' retrieved from /home/airflow/.local/lib/python3.12/site-packages/airflow/example_dags/example_complex.py
[2025-03-16T05:01:24.272+0000] {logging_mixin.py:190} INFO - [2025-03-16T05:01:24.272+0000] {dag.py:3239} INFO - Sync 1 DAGs
[2025-03-16T05:01:24.294+0000] {logging_mixin.py:190} INFO - [2025-03-16T05:01:24.294+0000] {dag.py:4180} INFO - Setting next_dagrun for example_complex to None, run_after=None
[2025-03-16T05:01:24.328+0000] {processor.py:208} INFO - Processing /home/airflow/.local/lib/python3.12/site-packages/airflow/example_dags/example_complex.py took 0.142 seconds
[2025-03-16T05:01:54.510+0000] {processor.py:186} INFO - Started process (PID=17798) to work on /home/airflow/.local/lib/python3.12/site-packages/airflow/example_dags/example_complex.py
[2025-03-16T05:01:54.512+0000] {processor.py:914} INFO - Processing file /home/airflow/.local/lib/python3.12/site-packages/airflow/example_dags/example_complex.py for tasks to queue
[2025-03-16T05:01:54.515+0000] {logging_mixin.py:190} INFO - [2025-03-16T05:01:54.515+0000] {dagbag.py:588} INFO - Filling up the DagBag from /home/airflow/.local/lib/python3.12/site-packages/airflow/example_dags/example_complex.py
[2025-03-16T05:01:54.538+0000] {processor.py:925} INFO - DAG(s) 'example_complex' retrieved from /home/airflow/.local/lib/python3.12/site-packages/airflow/example_dags/example_complex.py
[2025-03-16T05:01:54.592+0000] {logging_mixin.py:190} INFO - [2025-03-16T05:01:54.592+0000] {dag.py:3239} INFO - Sync 1 DAGs
[2025-03-16T05:01:54.613+0000] {logging_mixin.py:190} INFO - [2025-03-16T05:01:54.612+0000] {dag.py:4180} INFO - Setting next_dagrun for example_complex to None, run_after=None
[2025-03-16T05:01:54.643+0000] {processor.py:208} INFO - Processing /home/airflow/.local/lib/python3.12/site-packages/airflow/example_dags/example_complex.py took 0.141 seconds
[2025-03-16T05:02:24.894+0000] {processor.py:186} INFO - Started process (PID=17863) to work on /home/airflow/.local/lib/python3.12/site-packages/airflow/example_dags/example_complex.py
[2025-03-16T05:02:24.896+0000] {processor.py:914} INFO - Processing file /home/airflow/.local/lib/python3.12/site-packages/airflow/example_dags/example_complex.py for tasks to queue
[2025-03-16T05:02:24.900+0000] {logging_mixin.py:190} INFO - [2025-03-16T05:02:24.900+0000] {dagbag.py:588} INFO - Filling up the DagBag from /home/airflow/.local/lib/python3.12/site-packages/airflow/example_dags/example_complex.py
[2025-03-16T05:02:24.923+0000] {processor.py:925} INFO - DAG(s) 'example_complex' retrieved from /home/airflow/.local/lib/python3.12/site-packages/airflow/example_dags/example_complex.py
[2025-03-16T05:02:24.989+0000] {logging_mixin.py:190} INFO - [2025-03-16T05:02:24.988+0000] {dag.py:3239} INFO - Sync 1 DAGs
[2025-03-16T05:02:25.011+0000] {logging_mixin.py:190} INFO - [2025-03-16T05:02:25.011+0000] {dag.py:4180} INFO - Setting next_dagrun for example_complex to None, run_after=None
[2025-03-16T05:02:25.042+0000] {processor.py:208} INFO - Processing /home/airflow/.local/lib/python3.12/site-packages/airflow/example_dags/example_complex.py took 0.159 seconds
[2025-03-16T05:02:55.182+0000] {processor.py:186} INFO - Started process (PID=17928) to work on /home/airflow/.local/lib/python3.12/site-packages/airflow/example_dags/example_complex.py
[2025-03-16T05:02:55.184+0000] {processor.py:914} INFO - Processing file /home/airflow/.local/lib/python3.12/site-packages/airflow/example_dags/example_complex.py for tasks to queue
[2025-03-16T05:02:55.187+0000] {logging_mixin.py:190} INFO - [2025-03-16T05:02:55.187+0000] {dagbag.py:588} INFO - Filling up the DagBag from /home/airflow/.local/lib/python3.12/site-packages/airflow/example_dags/example_complex.py
[2025-03-16T05:02:55.205+0000] {processor.py:925} INFO - DAG(s) 'example_complex' retrieved from /home/airflow/.local/lib/python3.12/site-packages/airflow/example_dags/example_complex.py
[2025-03-16T05:02:55.257+0000] {logging_mixin.py:190} INFO - [2025-03-16T05:02:55.256+0000] {dag.py:3239} INFO - Sync 1 DAGs
[2025-03-16T05:02:55.280+0000] {logging_mixin.py:190} INFO - [2025-03-16T05:02:55.279+0000] {dag.py:4180} INFO - Setting next_dagrun for example_complex to None, run_after=None
[2025-03-16T05:02:55.309+0000] {processor.py:208} INFO - Processing /home/airflow/.local/lib/python3.12/site-packages/airflow/example_dags/example_complex.py took 0.134 seconds
[2025-03-16T05:03:25.713+0000] {processor.py:186} INFO - Started process (PID=17992) to work on /home/airflow/.local/lib/python3.12/site-packages/airflow/example_dags/example_complex.py
[2025-03-16T05:03:25.716+0000] {processor.py:914} INFO - Processing file /home/airflow/.local/lib/python3.12/site-packages/airflow/example_dags/example_complex.py for tasks to queue
[2025-03-16T05:03:25.721+0000] {logging_mixin.py:190} INFO - [2025-03-16T05:03:25.720+0000] {dagbag.py:588} INFO - Filling up the DagBag from /home/airflow/.local/lib/python3.12/site-packages/airflow/example_dags/example_complex.py
[2025-03-16T05:03:25.751+0000] {processor.py:925} INFO - DAG(s) 'example_complex' retrieved from /home/airflow/.local/lib/python3.12/site-packages/airflow/example_dags/example_complex.py
[2025-03-16T05:03:25.800+0000] {logging_mixin.py:190} INFO - [2025-03-16T05:03:25.800+0000] {dag.py:3239} INFO - Sync 1 DAGs
[2025-03-16T05:03:25.823+0000] {logging_mixin.py:190} INFO - [2025-03-16T05:03:25.822+0000] {dag.py:4180} INFO - Setting next_dagrun for example_complex to None, run_after=None
[2025-03-16T05:03:25.856+0000] {processor.py:208} INFO - Processing /home/airflow/.local/lib/python3.12/site-packages/airflow/example_dags/example_complex.py took 0.154 seconds
[2025-03-16T05:03:56.584+0000] {processor.py:186} INFO - Started process (PID=18057) to work on /home/airflow/.local/lib/python3.12/site-packages/airflow/example_dags/example_complex.py
[2025-03-16T05:03:56.586+0000] {processor.py:914} INFO - Processing file /home/airflow/.local/lib/python3.12/site-packages/airflow/example_dags/example_complex.py for tasks to queue
[2025-03-16T05:03:56.590+0000] {logging_mixin.py:190} INFO - [2025-03-16T05:03:56.589+0000] {dagbag.py:588} INFO - Filling up the DagBag from /home/airflow/.local/lib/python3.12/site-packages/airflow/example_dags/example_complex.py
[2025-03-16T05:03:56.613+0000] {processor.py:925} INFO - DAG(s) 'example_complex' retrieved from /home/airflow/.local/lib/python3.12/site-packages/airflow/example_dags/example_complex.py
[2025-03-16T05:03:56.673+0000] {logging_mixin.py:190} INFO - [2025-03-16T05:03:56.673+0000] {dag.py:3239} INFO - Sync 1 DAGs
[2025-03-16T05:03:56.696+0000] {logging_mixin.py:190} INFO - [2025-03-16T05:03:56.695+0000] {dag.py:4180} INFO - Setting next_dagrun for example_complex to None, run_after=None
[2025-03-16T05:03:56.729+0000] {processor.py:208} INFO - Processing /home/airflow/.local/lib/python3.12/site-packages/airflow/example_dags/example_complex.py took 0.151 seconds
[2025-03-16T05:04:27.701+0000] {processor.py:186} INFO - Started process (PID=18122) to work on /home/airflow/.local/lib/python3.12/site-packages/airflow/example_dags/example_complex.py
[2025-03-16T05:04:27.703+0000] {processor.py:914} INFO - Processing file /home/airflow/.local/lib/python3.12/site-packages/airflow/example_dags/example_complex.py for tasks to queue
[2025-03-16T05:04:27.707+0000] {logging_mixin.py:190} INFO - [2025-03-16T05:04:27.706+0000] {dagbag.py:588} INFO - Filling up the DagBag from /home/airflow/.local/lib/python3.12/site-packages/airflow/example_dags/example_complex.py
[2025-03-16T05:04:27.722+0000] {processor.py:925} INFO - DAG(s) 'example_complex' retrieved from /home/airflow/.local/lib/python3.12/site-packages/airflow/example_dags/example_complex.py
[2025-03-16T05:04:27.764+0000] {logging_mixin.py:190} INFO - [2025-03-16T05:04:27.763+0000] {dag.py:3239} INFO - Sync 1 DAGs
[2025-03-16T05:04:27.785+0000] {logging_mixin.py:190} INFO - [2025-03-16T05:04:27.784+0000] {dag.py:4180} INFO - Setting next_dagrun for example_complex to None, run_after=None
[2025-03-16T05:04:27.815+0000] {processor.py:208} INFO - Processing /home/airflow/.local/lib/python3.12/site-packages/airflow/example_dags/example_complex.py took 0.120 seconds
[2025-03-16T05:04:59.023+0000] {processor.py:186} INFO - Started process (PID=18187) to work on /home/airflow/.local/lib/python3.12/site-packages/airflow/example_dags/example_complex.py
[2025-03-16T05:04:59.025+0000] {processor.py:914} INFO - Processing file /home/airflow/.local/lib/python3.12/site-packages/airflow/example_dags/example_complex.py for tasks to queue
[2025-03-16T05:04:59.028+0000] {logging_mixin.py:190} INFO - [2025-03-16T05:04:59.027+0000] {dagbag.py:588} INFO - Filling up the DagBag from /home/airflow/.local/lib/python3.12/site-packages/airflow/example_dags/example_complex.py
[2025-03-16T05:04:59.044+0000] {processor.py:925} INFO - DAG(s) 'example_complex' retrieved from /home/airflow/.local/lib/python3.12/site-packages/airflow/example_dags/example_complex.py
[2025-03-16T05:04:59.086+0000] {logging_mixin.py:190} INFO - [2025-03-16T05:04:59.086+0000] {dag.py:3239} INFO - Sync 1 DAGs
[2025-03-16T05:04:59.103+0000] {logging_mixin.py:190} INFO - [2025-03-16T05:04:59.103+0000] {dag.py:4180} INFO - Setting next_dagrun for example_complex to None, run_after=None
[2025-03-16T05:04:59.138+0000] {processor.py:208} INFO - Processing /home/airflow/.local/lib/python3.12/site-packages/airflow/example_dags/example_complex.py took 0.122 seconds
[2025-03-16T05:05:29.306+0000] {processor.py:186} INFO - Started process (PID=18248) to work on /home/airflow/.local/lib/python3.12/site-packages/airflow/example_dags/example_complex.py
[2025-03-16T05:05:29.308+0000] {processor.py:914} INFO - Processing file /home/airflow/.local/lib/python3.12/site-packages/airflow/example_dags/example_complex.py for tasks to queue
[2025-03-16T05:05:29.312+0000] {logging_mixin.py:190} INFO - [2025-03-16T05:05:29.311+0000] {dagbag.py:588} INFO - Filling up the DagBag from /home/airflow/.local/lib/python3.12/site-packages/airflow/example_dags/example_complex.py
[2025-03-16T05:05:29.329+0000] {processor.py:925} INFO - DAG(s) 'example_complex' retrieved from /home/airflow/.local/lib/python3.12/site-packages/airflow/example_dags/example_complex.py
[2025-03-16T05:05:29.375+0000] {logging_mixin.py:190} INFO - [2025-03-16T05:05:29.375+0000] {dag.py:3239} INFO - Sync 1 DAGs
[2025-03-16T05:05:29.398+0000] {logging_mixin.py:190} INFO - [2025-03-16T05:05:29.398+0000] {dag.py:4180} INFO - Setting next_dagrun for example_complex to None, run_after=None
[2025-03-16T05:05:29.426+0000] {processor.py:208} INFO - Processing /home/airflow/.local/lib/python3.12/site-packages/airflow/example_dags/example_complex.py took 0.127 seconds
[2025-03-16T05:05:59.660+0000] {processor.py:186} INFO - Started process (PID=18305) to work on /home/airflow/.local/lib/python3.12/site-packages/airflow/example_dags/example_complex.py
[2025-03-16T05:05:59.662+0000] {processor.py:914} INFO - Processing file /home/airflow/.local/lib/python3.12/site-packages/airflow/example_dags/example_complex.py for tasks to queue
[2025-03-16T05:05:59.666+0000] {logging_mixin.py:190} INFO - [2025-03-16T05:05:59.666+0000] {dagbag.py:588} INFO - Filling up the DagBag from /home/airflow/.local/lib/python3.12/site-packages/airflow/example_dags/example_complex.py
[2025-03-16T05:05:59.685+0000] {processor.py:925} INFO - DAG(s) 'example_complex' retrieved from /home/airflow/.local/lib/python3.12/site-packages/airflow/example_dags/example_complex.py
[2025-03-16T05:05:59.749+0000] {logging_mixin.py:190} INFO - [2025-03-16T05:05:59.748+0000] {dag.py:3239} INFO - Sync 1 DAGs
[2025-03-16T05:05:59.769+0000] {logging_mixin.py:190} INFO - [2025-03-16T05:05:59.769+0000] {dag.py:4180} INFO - Setting next_dagrun for example_complex to None, run_after=None
[2025-03-16T05:05:59.804+0000] {processor.py:208} INFO - Processing /home/airflow/.local/lib/python3.12/site-packages/airflow/example_dags/example_complex.py took 0.155 seconds
[2025-03-16T05:06:31.234+0000] {processor.py:186} INFO - Started process (PID=18367) to work on /home/airflow/.local/lib/python3.12/site-packages/airflow/example_dags/example_complex.py
[2025-03-16T05:06:31.236+0000] {processor.py:914} INFO - Processing file /home/airflow/.local/lib/python3.12/site-packages/airflow/example_dags/example_complex.py for tasks to queue
[2025-03-16T05:06:31.239+0000] {logging_mixin.py:190} INFO - [2025-03-16T05:06:31.238+0000] {dagbag.py:588} INFO - Filling up the DagBag from /home/airflow/.local/lib/python3.12/site-packages/airflow/example_dags/example_complex.py
[2025-03-16T05:06:31.253+0000] {processor.py:925} INFO - DAG(s) 'example_complex' retrieved from /home/airflow/.local/lib/python3.12/site-packages/airflow/example_dags/example_complex.py
[2025-03-16T05:06:31.296+0000] {logging_mixin.py:190} INFO - [2025-03-16T05:06:31.296+0000] {dag.py:3239} INFO - Sync 1 DAGs
[2025-03-16T05:06:31.319+0000] {logging_mixin.py:190} INFO - [2025-03-16T05:06:31.318+0000] {dag.py:4180} INFO - Setting next_dagrun for example_complex to None, run_after=None
[2025-03-16T05:06:31.348+0000] {processor.py:208} INFO - Processing /home/airflow/.local/lib/python3.12/site-packages/airflow/example_dags/example_complex.py took 0.121 seconds
[2025-03-16T05:07:02.411+0000] {processor.py:186} INFO - Started process (PID=18427) to work on /home/airflow/.local/lib/python3.12/site-packages/airflow/example_dags/example_complex.py
[2025-03-16T05:07:02.412+0000] {processor.py:914} INFO - Processing file /home/airflow/.local/lib/python3.12/site-packages/airflow/example_dags/example_complex.py for tasks to queue
[2025-03-16T05:07:02.416+0000] {logging_mixin.py:190} INFO - [2025-03-16T05:07:02.415+0000] {dagbag.py:588} INFO - Filling up the DagBag from /home/airflow/.local/lib/python3.12/site-packages/airflow/example_dags/example_complex.py
[2025-03-16T05:07:02.431+0000] {processor.py:925} INFO - DAG(s) 'example_complex' retrieved from /home/airflow/.local/lib/python3.12/site-packages/airflow/example_dags/example_complex.py
[2025-03-16T05:07:02.473+0000] {logging_mixin.py:190} INFO - [2025-03-16T05:07:02.473+0000] {dag.py:3239} INFO - Sync 1 DAGs
[2025-03-16T05:07:02.496+0000] {logging_mixin.py:190} INFO - [2025-03-16T05:07:02.496+0000] {dag.py:4180} INFO - Setting next_dagrun for example_complex to None, run_after=None
[2025-03-16T05:07:02.527+0000] {processor.py:208} INFO - Processing /home/airflow/.local/lib/python3.12/site-packages/airflow/example_dags/example_complex.py took 0.129 seconds
[2025-03-16T05:07:33.409+0000] {processor.py:186} INFO - Started process (PID=18490) to work on /home/airflow/.local/lib/python3.12/site-packages/airflow/example_dags/example_complex.py
[2025-03-16T05:07:33.412+0000] {processor.py:914} INFO - Processing file /home/airflow/.local/lib/python3.12/site-packages/airflow/example_dags/example_complex.py for tasks to queue
[2025-03-16T05:07:33.416+0000] {logging_mixin.py:190} INFO - [2025-03-16T05:07:33.416+0000] {dagbag.py:588} INFO - Filling up the DagBag from /home/airflow/.local/lib/python3.12/site-packages/airflow/example_dags/example_complex.py
[2025-03-16T05:07:33.446+0000] {processor.py:925} INFO - DAG(s) 'example_complex' retrieved from /home/airflow/.local/lib/python3.12/site-packages/airflow/example_dags/example_complex.py
[2025-03-16T05:07:33.516+0000] {logging_mixin.py:190} INFO - [2025-03-16T05:07:33.515+0000] {dag.py:3239} INFO - Sync 1 DAGs
[2025-03-16T05:07:33.541+0000] {logging_mixin.py:190} INFO - [2025-03-16T05:07:33.540+0000] {dag.py:4180} INFO - Setting next_dagrun for example_complex to None, run_after=None
[2025-03-16T05:07:33.582+0000] {processor.py:208} INFO - Processing /home/airflow/.local/lib/python3.12/site-packages/airflow/example_dags/example_complex.py took 0.185 seconds
[2025-03-16T05:08:04.392+0000] {processor.py:186} INFO - Started process (PID=18554) to work on /home/airflow/.local/lib/python3.12/site-packages/airflow/example_dags/example_complex.py
[2025-03-16T05:08:04.393+0000] {processor.py:914} INFO - Processing file /home/airflow/.local/lib/python3.12/site-packages/airflow/example_dags/example_complex.py for tasks to queue
[2025-03-16T05:08:04.398+0000] {logging_mixin.py:190} INFO - [2025-03-16T05:08:04.397+0000] {dagbag.py:588} INFO - Filling up the DagBag from /home/airflow/.local/lib/python3.12/site-packages/airflow/example_dags/example_complex.py
[2025-03-16T05:08:04.420+0000] {processor.py:925} INFO - DAG(s) 'example_complex' retrieved from /home/airflow/.local/lib/python3.12/site-packages/airflow/example_dags/example_complex.py
[2025-03-16T05:08:04.476+0000] {logging_mixin.py:190} INFO - [2025-03-16T05:08:04.476+0000] {dag.py:3239} INFO - Sync 1 DAGs
[2025-03-16T05:08:04.505+0000] {logging_mixin.py:190} INFO - [2025-03-16T05:08:04.504+0000] {dag.py:4180} INFO - Setting next_dagrun for example_complex to None, run_after=None
[2025-03-16T05:08:04.542+0000] {processor.py:208} INFO - Processing /home/airflow/.local/lib/python3.12/site-packages/airflow/example_dags/example_complex.py took 0.159 seconds
[2025-03-16T05:08:35.183+0000] {processor.py:186} INFO - Started process (PID=18618) to work on /home/airflow/.local/lib/python3.12/site-packages/airflow/example_dags/example_complex.py
[2025-03-16T05:08:35.185+0000] {processor.py:914} INFO - Processing file /home/airflow/.local/lib/python3.12/site-packages/airflow/example_dags/example_complex.py for tasks to queue
[2025-03-16T05:08:35.189+0000] {logging_mixin.py:190} INFO - [2025-03-16T05:08:35.188+0000] {dagbag.py:588} INFO - Filling up the DagBag from /home/airflow/.local/lib/python3.12/site-packages/airflow/example_dags/example_complex.py
[2025-03-16T05:08:35.218+0000] {processor.py:925} INFO - DAG(s) 'example_complex' retrieved from /home/airflow/.local/lib/python3.12/site-packages/airflow/example_dags/example_complex.py
[2025-03-16T05:08:35.274+0000] {logging_mixin.py:190} INFO - [2025-03-16T05:08:35.274+0000] {dag.py:3239} INFO - Sync 1 DAGs
[2025-03-16T05:08:35.298+0000] {logging_mixin.py:190} INFO - [2025-03-16T05:08:35.298+0000] {dag.py:4180} INFO - Setting next_dagrun for example_complex to None, run_after=None
[2025-03-16T05:08:35.335+0000] {processor.py:208} INFO - Processing /home/airflow/.local/lib/python3.12/site-packages/airflow/example_dags/example_complex.py took 0.159 seconds
[2025-03-16T05:09:05.554+0000] {processor.py:186} INFO - Started process (PID=18683) to work on /home/airflow/.local/lib/python3.12/site-packages/airflow/example_dags/example_complex.py
[2025-03-16T05:09:05.555+0000] {processor.py:914} INFO - Processing file /home/airflow/.local/lib/python3.12/site-packages/airflow/example_dags/example_complex.py for tasks to queue
[2025-03-16T05:09:05.559+0000] {logging_mixin.py:190} INFO - [2025-03-16T05:09:05.559+0000] {dagbag.py:588} INFO - Filling up the DagBag from /home/airflow/.local/lib/python3.12/site-packages/airflow/example_dags/example_complex.py
[2025-03-16T05:09:05.577+0000] {processor.py:925} INFO - DAG(s) 'example_complex' retrieved from /home/airflow/.local/lib/python3.12/site-packages/airflow/example_dags/example_complex.py
[2025-03-16T05:09:05.629+0000] {logging_mixin.py:190} INFO - [2025-03-16T05:09:05.629+0000] {dag.py:3239} INFO - Sync 1 DAGs
[2025-03-16T05:09:05.653+0000] {logging_mixin.py:190} INFO - [2025-03-16T05:09:05.652+0000] {dag.py:4180} INFO - Setting next_dagrun for example_complex to None, run_after=None
[2025-03-16T05:09:05.691+0000] {processor.py:208} INFO - Processing /home/airflow/.local/lib/python3.12/site-packages/airflow/example_dags/example_complex.py took 0.146 seconds
[2025-03-16T05:09:35.903+0000] {processor.py:186} INFO - Started process (PID=18748) to work on /home/airflow/.local/lib/python3.12/site-packages/airflow/example_dags/example_complex.py
[2025-03-16T05:09:35.905+0000] {processor.py:914} INFO - Processing file /home/airflow/.local/lib/python3.12/site-packages/airflow/example_dags/example_complex.py for tasks to queue
[2025-03-16T05:09:35.909+0000] {logging_mixin.py:190} INFO - [2025-03-16T05:09:35.908+0000] {dagbag.py:588} INFO - Filling up the DagBag from /home/airflow/.local/lib/python3.12/site-packages/airflow/example_dags/example_complex.py
[2025-03-16T05:09:35.925+0000] {processor.py:925} INFO - DAG(s) 'example_complex' retrieved from /home/airflow/.local/lib/python3.12/site-packages/airflow/example_dags/example_complex.py
[2025-03-16T05:09:35.975+0000] {logging_mixin.py:190} INFO - [2025-03-16T05:09:35.974+0000] {dag.py:3239} INFO - Sync 1 DAGs
[2025-03-16T05:09:35.995+0000] {logging_mixin.py:190} INFO - [2025-03-16T05:09:35.995+0000] {dag.py:4180} INFO - Setting next_dagrun for example_complex to None, run_after=None
[2025-03-16T05:09:36.031+0000] {processor.py:208} INFO - Processing /home/airflow/.local/lib/python3.12/site-packages/airflow/example_dags/example_complex.py took 0.135 seconds
[2025-03-16T05:10:06.249+0000] {processor.py:186} INFO - Started process (PID=18813) to work on /home/airflow/.local/lib/python3.12/site-packages/airflow/example_dags/example_complex.py
[2025-03-16T05:10:06.251+0000] {processor.py:914} INFO - Processing file /home/airflow/.local/lib/python3.12/site-packages/airflow/example_dags/example_complex.py for tasks to queue
[2025-03-16T05:10:06.256+0000] {logging_mixin.py:190} INFO - [2025-03-16T05:10:06.255+0000] {dagbag.py:588} INFO - Filling up the DagBag from /home/airflow/.local/lib/python3.12/site-packages/airflow/example_dags/example_complex.py
[2025-03-16T05:10:06.274+0000] {processor.py:925} INFO - DAG(s) 'example_complex' retrieved from /home/airflow/.local/lib/python3.12/site-packages/airflow/example_dags/example_complex.py
[2025-03-16T05:10:06.320+0000] {logging_mixin.py:190} INFO - [2025-03-16T05:10:06.320+0000] {dag.py:3239} INFO - Sync 1 DAGs
[2025-03-16T05:10:06.343+0000] {logging_mixin.py:190} INFO - [2025-03-16T05:10:06.343+0000] {dag.py:4180} INFO - Setting next_dagrun for example_complex to None, run_after=None
[2025-03-16T05:10:06.372+0000] {processor.py:208} INFO - Processing /home/airflow/.local/lib/python3.12/site-packages/airflow/example_dags/example_complex.py took 0.132 seconds
[2025-03-16T05:10:36.843+0000] {processor.py:186} INFO - Started process (PID=18878) to work on /home/airflow/.local/lib/python3.12/site-packages/airflow/example_dags/example_complex.py
[2025-03-16T05:10:36.845+0000] {processor.py:914} INFO - Processing file /home/airflow/.local/lib/python3.12/site-packages/airflow/example_dags/example_complex.py for tasks to queue
[2025-03-16T05:10:36.850+0000] {logging_mixin.py:190} INFO - [2025-03-16T05:10:36.850+0000] {dagbag.py:588} INFO - Filling up the DagBag from /home/airflow/.local/lib/python3.12/site-packages/airflow/example_dags/example_complex.py
[2025-03-16T05:10:36.866+0000] {processor.py:925} INFO - DAG(s) 'example_complex' retrieved from /home/airflow/.local/lib/python3.12/site-packages/airflow/example_dags/example_complex.py
[2025-03-16T05:10:36.910+0000] {logging_mixin.py:190} INFO - [2025-03-16T05:10:36.910+0000] {dag.py:3239} INFO - Sync 1 DAGs
[2025-03-16T05:10:36.932+0000] {logging_mixin.py:190} INFO - [2025-03-16T05:10:36.931+0000] {dag.py:4180} INFO - Setting next_dagrun for example_complex to None, run_after=None
[2025-03-16T05:10:36.966+0000] {processor.py:208} INFO - Processing /home/airflow/.local/lib/python3.12/site-packages/airflow/example_dags/example_complex.py took 0.131 seconds
[2025-03-16T05:11:07.425+0000] {processor.py:186} INFO - Started process (PID=18943) to work on /home/airflow/.local/lib/python3.12/site-packages/airflow/example_dags/example_complex.py
[2025-03-16T05:11:07.427+0000] {processor.py:914} INFO - Processing file /home/airflow/.local/lib/python3.12/site-packages/airflow/example_dags/example_complex.py for tasks to queue
[2025-03-16T05:11:07.432+0000] {logging_mixin.py:190} INFO - [2025-03-16T05:11:07.431+0000] {dagbag.py:588} INFO - Filling up the DagBag from /home/airflow/.local/lib/python3.12/site-packages/airflow/example_dags/example_complex.py
[2025-03-16T05:11:07.457+0000] {processor.py:925} INFO - DAG(s) 'example_complex' retrieved from /home/airflow/.local/lib/python3.12/site-packages/airflow/example_dags/example_complex.py
[2025-03-16T05:11:07.523+0000] {logging_mixin.py:190} INFO - [2025-03-16T05:11:07.523+0000] {dag.py:3239} INFO - Sync 1 DAGs
[2025-03-16T05:11:07.550+0000] {logging_mixin.py:190} INFO - [2025-03-16T05:11:07.550+0000] {dag.py:4180} INFO - Setting next_dagrun for example_complex to None, run_after=None
[2025-03-16T05:11:07.590+0000] {processor.py:208} INFO - Processing /home/airflow/.local/lib/python3.12/site-packages/airflow/example_dags/example_complex.py took 0.175 seconds
[2025-03-16T05:11:37.957+0000] {processor.py:186} INFO - Started process (PID=19009) to work on /home/airflow/.local/lib/python3.12/site-packages/airflow/example_dags/example_complex.py
[2025-03-16T05:11:37.960+0000] {processor.py:914} INFO - Processing file /home/airflow/.local/lib/python3.12/site-packages/airflow/example_dags/example_complex.py for tasks to queue
[2025-03-16T05:11:37.966+0000] {logging_mixin.py:190} INFO - [2025-03-16T05:11:37.965+0000] {dagbag.py:588} INFO - Filling up the DagBag from /home/airflow/.local/lib/python3.12/site-packages/airflow/example_dags/example_complex.py
[2025-03-16T05:11:37.990+0000] {processor.py:925} INFO - DAG(s) 'example_complex' retrieved from /home/airflow/.local/lib/python3.12/site-packages/airflow/example_dags/example_complex.py
[2025-03-16T05:11:38.040+0000] {logging_mixin.py:190} INFO - [2025-03-16T05:11:38.040+0000] {dag.py:3239} INFO - Sync 1 DAGs
[2025-03-16T05:11:38.064+0000] {logging_mixin.py:190} INFO - [2025-03-16T05:11:38.064+0000] {dag.py:4180} INFO - Setting next_dagrun for example_complex to None, run_after=None
[2025-03-16T05:11:38.097+0000] {processor.py:208} INFO - Processing /home/airflow/.local/lib/python3.12/site-packages/airflow/example_dags/example_complex.py took 0.150 seconds
[2025-03-16T05:12:08.302+0000] {processor.py:186} INFO - Started process (PID=19074) to work on /home/airflow/.local/lib/python3.12/site-packages/airflow/example_dags/example_complex.py
[2025-03-16T05:12:08.304+0000] {processor.py:914} INFO - Processing file /home/airflow/.local/lib/python3.12/site-packages/airflow/example_dags/example_complex.py for tasks to queue
[2025-03-16T05:12:08.308+0000] {logging_mixin.py:190} INFO - [2025-03-16T05:12:08.308+0000] {dagbag.py:588} INFO - Filling up the DagBag from /home/airflow/.local/lib/python3.12/site-packages/airflow/example_dags/example_complex.py
[2025-03-16T05:12:08.328+0000] {processor.py:925} INFO - DAG(s) 'example_complex' retrieved from /home/airflow/.local/lib/python3.12/site-packages/airflow/example_dags/example_complex.py
[2025-03-16T05:12:08.375+0000] {logging_mixin.py:190} INFO - [2025-03-16T05:12:08.374+0000] {dag.py:3239} INFO - Sync 1 DAGs
[2025-03-16T05:12:08.395+0000] {logging_mixin.py:190} INFO - [2025-03-16T05:12:08.395+0000] {dag.py:4180} INFO - Setting next_dagrun for example_complex to None, run_after=None
[2025-03-16T05:12:08.434+0000] {processor.py:208} INFO - Processing /home/airflow/.local/lib/python3.12/site-packages/airflow/example_dags/example_complex.py took 0.143 seconds
[2025-03-16T05:12:38.595+0000] {processor.py:186} INFO - Started process (PID=19139) to work on /home/airflow/.local/lib/python3.12/site-packages/airflow/example_dags/example_complex.py
[2025-03-16T05:12:38.597+0000] {processor.py:914} INFO - Processing file /home/airflow/.local/lib/python3.12/site-packages/airflow/example_dags/example_complex.py for tasks to queue
[2025-03-16T05:12:38.600+0000] {logging_mixin.py:190} INFO - [2025-03-16T05:12:38.599+0000] {dagbag.py:588} INFO - Filling up the DagBag from /home/airflow/.local/lib/python3.12/site-packages/airflow/example_dags/example_complex.py
[2025-03-16T05:12:38.617+0000] {processor.py:925} INFO - DAG(s) 'example_complex' retrieved from /home/airflow/.local/lib/python3.12/site-packages/airflow/example_dags/example_complex.py
[2025-03-16T05:12:38.664+0000] {logging_mixin.py:190} INFO - [2025-03-16T05:12:38.664+0000] {dag.py:3239} INFO - Sync 1 DAGs
[2025-03-16T05:12:38.687+0000] {logging_mixin.py:190} INFO - [2025-03-16T05:12:38.687+0000] {dag.py:4180} INFO - Setting next_dagrun for example_complex to None, run_after=None
[2025-03-16T05:12:38.723+0000] {processor.py:208} INFO - Processing /home/airflow/.local/lib/python3.12/site-packages/airflow/example_dags/example_complex.py took 0.136 seconds
[2025-03-16T05:13:09.229+0000] {processor.py:186} INFO - Started process (PID=19204) to work on /home/airflow/.local/lib/python3.12/site-packages/airflow/example_dags/example_complex.py
[2025-03-16T05:13:09.231+0000] {processor.py:914} INFO - Processing file /home/airflow/.local/lib/python3.12/site-packages/airflow/example_dags/example_complex.py for tasks to queue
[2025-03-16T05:13:09.235+0000] {logging_mixin.py:190} INFO - [2025-03-16T05:13:09.234+0000] {dagbag.py:588} INFO - Filling up the DagBag from /home/airflow/.local/lib/python3.12/site-packages/airflow/example_dags/example_complex.py
[2025-03-16T05:13:09.250+0000] {processor.py:925} INFO - DAG(s) 'example_complex' retrieved from /home/airflow/.local/lib/python3.12/site-packages/airflow/example_dags/example_complex.py
[2025-03-16T05:13:09.290+0000] {logging_mixin.py:190} INFO - [2025-03-16T05:13:09.290+0000] {dag.py:3239} INFO - Sync 1 DAGs
[2025-03-16T05:13:09.311+0000] {logging_mixin.py:190} INFO - [2025-03-16T05:13:09.311+0000] {dag.py:4180} INFO - Setting next_dagrun for example_complex to None, run_after=None
[2025-03-16T05:13:09.341+0000] {processor.py:208} INFO - Processing /home/airflow/.local/lib/python3.12/site-packages/airflow/example_dags/example_complex.py took 0.118 seconds
[2025-03-16T05:13:39.560+0000] {processor.py:186} INFO - Started process (PID=19269) to work on /home/airflow/.local/lib/python3.12/site-packages/airflow/example_dags/example_complex.py
[2025-03-16T05:13:39.562+0000] {processor.py:914} INFO - Processing file /home/airflow/.local/lib/python3.12/site-packages/airflow/example_dags/example_complex.py for tasks to queue
[2025-03-16T05:13:39.566+0000] {logging_mixin.py:190} INFO - [2025-03-16T05:13:39.565+0000] {dagbag.py:588} INFO - Filling up the DagBag from /home/airflow/.local/lib/python3.12/site-packages/airflow/example_dags/example_complex.py
[2025-03-16T05:13:39.584+0000] {processor.py:925} INFO - DAG(s) 'example_complex' retrieved from /home/airflow/.local/lib/python3.12/site-packages/airflow/example_dags/example_complex.py
[2025-03-16T05:13:39.632+0000] {logging_mixin.py:190} INFO - [2025-03-16T05:13:39.631+0000] {dag.py:3239} INFO - Sync 1 DAGs
[2025-03-16T05:13:39.656+0000] {logging_mixin.py:190} INFO - [2025-03-16T05:13:39.655+0000] {dag.py:4180} INFO - Setting next_dagrun for example_complex to None, run_after=None
[2025-03-16T05:13:39.686+0000] {processor.py:208} INFO - Processing /home/airflow/.local/lib/python3.12/site-packages/airflow/example_dags/example_complex.py took 0.136 seconds
[2025-03-16T05:14:10.254+0000] {processor.py:186} INFO - Started process (PID=19334) to work on /home/airflow/.local/lib/python3.12/site-packages/airflow/example_dags/example_complex.py
[2025-03-16T05:14:10.255+0000] {processor.py:914} INFO - Processing file /home/airflow/.local/lib/python3.12/site-packages/airflow/example_dags/example_complex.py for tasks to queue
[2025-03-16T05:14:10.259+0000] {logging_mixin.py:190} INFO - [2025-03-16T05:14:10.258+0000] {dagbag.py:588} INFO - Filling up the DagBag from /home/airflow/.local/lib/python3.12/site-packages/airflow/example_dags/example_complex.py
[2025-03-16T05:14:10.276+0000] {processor.py:925} INFO - DAG(s) 'example_complex' retrieved from /home/airflow/.local/lib/python3.12/site-packages/airflow/example_dags/example_complex.py
[2025-03-16T05:14:10.322+0000] {logging_mixin.py:190} INFO - [2025-03-16T05:14:10.321+0000] {dag.py:3239} INFO - Sync 1 DAGs
[2025-03-16T05:14:10.341+0000] {logging_mixin.py:190} INFO - [2025-03-16T05:14:10.341+0000] {dag.py:4180} INFO - Setting next_dagrun for example_complex to None, run_after=None
[2025-03-16T05:14:10.376+0000] {processor.py:208} INFO - Processing /home/airflow/.local/lib/python3.12/site-packages/airflow/example_dags/example_complex.py took 0.130 seconds
[2025-03-16T05:14:40.824+0000] {processor.py:186} INFO - Started process (PID=19399) to work on /home/airflow/.local/lib/python3.12/site-packages/airflow/example_dags/example_complex.py
[2025-03-16T05:14:40.826+0000] {processor.py:914} INFO - Processing file /home/airflow/.local/lib/python3.12/site-packages/airflow/example_dags/example_complex.py for tasks to queue
[2025-03-16T05:14:40.830+0000] {logging_mixin.py:190} INFO - [2025-03-16T05:14:40.829+0000] {dagbag.py:588} INFO - Filling up the DagBag from /home/airflow/.local/lib/python3.12/site-packages/airflow/example_dags/example_complex.py
[2025-03-16T05:14:40.850+0000] {processor.py:925} INFO - DAG(s) 'example_complex' retrieved from /home/airflow/.local/lib/python3.12/site-packages/airflow/example_dags/example_complex.py
[2025-03-16T05:14:40.903+0000] {logging_mixin.py:190} INFO - [2025-03-16T05:14:40.902+0000] {dag.py:3239} INFO - Sync 1 DAGs
[2025-03-16T05:14:40.924+0000] {logging_mixin.py:190} INFO - [2025-03-16T05:14:40.924+0000] {dag.py:4180} INFO - Setting next_dagrun for example_complex to None, run_after=None
[2025-03-16T05:14:40.962+0000] {processor.py:208} INFO - Processing /home/airflow/.local/lib/python3.12/site-packages/airflow/example_dags/example_complex.py took 0.151 seconds
[2025-03-16T05:15:11.508+0000] {processor.py:186} INFO - Started process (PID=19464) to work on /home/airflow/.local/lib/python3.12/site-packages/airflow/example_dags/example_complex.py
[2025-03-16T05:15:11.510+0000] {processor.py:914} INFO - Processing file /home/airflow/.local/lib/python3.12/site-packages/airflow/example_dags/example_complex.py for tasks to queue
[2025-03-16T05:15:11.514+0000] {logging_mixin.py:190} INFO - [2025-03-16T05:15:11.513+0000] {dagbag.py:588} INFO - Filling up the DagBag from /home/airflow/.local/lib/python3.12/site-packages/airflow/example_dags/example_complex.py
[2025-03-16T05:15:11.530+0000] {processor.py:925} INFO - DAG(s) 'example_complex' retrieved from /home/airflow/.local/lib/python3.12/site-packages/airflow/example_dags/example_complex.py
[2025-03-16T05:15:11.575+0000] {logging_mixin.py:190} INFO - [2025-03-16T05:15:11.574+0000] {dag.py:3239} INFO - Sync 1 DAGs
[2025-03-16T05:15:11.594+0000] {logging_mixin.py:190} INFO - [2025-03-16T05:15:11.594+0000] {dag.py:4180} INFO - Setting next_dagrun for example_complex to None, run_after=None
[2025-03-16T05:15:11.660+0000] {processor.py:208} INFO - Processing /home/airflow/.local/lib/python3.12/site-packages/airflow/example_dags/example_complex.py took 0.160 seconds
[2025-03-16T05:15:41.815+0000] {processor.py:186} INFO - Started process (PID=19529) to work on /home/airflow/.local/lib/python3.12/site-packages/airflow/example_dags/example_complex.py
[2025-03-16T05:15:41.817+0000] {processor.py:914} INFO - Processing file /home/airflow/.local/lib/python3.12/site-packages/airflow/example_dags/example_complex.py for tasks to queue
[2025-03-16T05:15:41.821+0000] {logging_mixin.py:190} INFO - [2025-03-16T05:15:41.820+0000] {dagbag.py:588} INFO - Filling up the DagBag from /home/airflow/.local/lib/python3.12/site-packages/airflow/example_dags/example_complex.py
[2025-03-16T05:15:41.844+0000] {processor.py:925} INFO - DAG(s) 'example_complex' retrieved from /home/airflow/.local/lib/python3.12/site-packages/airflow/example_dags/example_complex.py
[2025-03-16T05:15:41.888+0000] {logging_mixin.py:190} INFO - [2025-03-16T05:15:41.887+0000] {dag.py:3239} INFO - Sync 1 DAGs
[2025-03-16T05:15:41.908+0000] {logging_mixin.py:190} INFO - [2025-03-16T05:15:41.908+0000] {dag.py:4180} INFO - Setting next_dagrun for example_complex to None, run_after=None
[2025-03-16T05:15:41.945+0000] {processor.py:208} INFO - Processing /home/airflow/.local/lib/python3.12/site-packages/airflow/example_dags/example_complex.py took 0.146 seconds
[2025-03-16T05:16:12.730+0000] {processor.py:186} INFO - Started process (PID=19600) to work on /home/airflow/.local/lib/python3.12/site-packages/airflow/example_dags/example_complex.py
[2025-03-16T05:16:12.732+0000] {processor.py:914} INFO - Processing file /home/airflow/.local/lib/python3.12/site-packages/airflow/example_dags/example_complex.py for tasks to queue
[2025-03-16T05:16:12.737+0000] {logging_mixin.py:190} INFO - [2025-03-16T05:16:12.736+0000] {dagbag.py:588} INFO - Filling up the DagBag from /home/airflow/.local/lib/python3.12/site-packages/airflow/example_dags/example_complex.py
[2025-03-16T05:16:12.756+0000] {processor.py:925} INFO - DAG(s) 'example_complex' retrieved from /home/airflow/.local/lib/python3.12/site-packages/airflow/example_dags/example_complex.py
[2025-03-16T05:16:12.803+0000] {logging_mixin.py:190} INFO - [2025-03-16T05:16:12.803+0000] {dag.py:3239} INFO - Sync 1 DAGs
[2025-03-16T05:16:12.825+0000] {logging_mixin.py:190} INFO - [2025-03-16T05:16:12.824+0000] {dag.py:4180} INFO - Setting next_dagrun for example_complex to None, run_after=None
[2025-03-16T05:16:12.855+0000] {processor.py:208} INFO - Processing /home/airflow/.local/lib/python3.12/site-packages/airflow/example_dags/example_complex.py took 0.136 seconds
[2025-03-16T05:16:43.493+0000] {processor.py:186} INFO - Started process (PID=19665) to work on /home/airflow/.local/lib/python3.12/site-packages/airflow/example_dags/example_complex.py
[2025-03-16T05:16:43.494+0000] {processor.py:914} INFO - Processing file /home/airflow/.local/lib/python3.12/site-packages/airflow/example_dags/example_complex.py for tasks to queue
[2025-03-16T05:16:43.498+0000] {logging_mixin.py:190} INFO - [2025-03-16T05:16:43.498+0000] {dagbag.py:588} INFO - Filling up the DagBag from /home/airflow/.local/lib/python3.12/site-packages/airflow/example_dags/example_complex.py
[2025-03-16T05:16:43.515+0000] {processor.py:925} INFO - DAG(s) 'example_complex' retrieved from /home/airflow/.local/lib/python3.12/site-packages/airflow/example_dags/example_complex.py
[2025-03-16T05:16:43.583+0000] {logging_mixin.py:190} INFO - [2025-03-16T05:16:43.582+0000] {dag.py:3239} INFO - Sync 1 DAGs
[2025-03-16T05:16:43.607+0000] {logging_mixin.py:190} INFO - [2025-03-16T05:16:43.607+0000] {dag.py:4180} INFO - Setting next_dagrun for example_complex to None, run_after=None
[2025-03-16T05:16:43.643+0000] {processor.py:208} INFO - Processing /home/airflow/.local/lib/python3.12/site-packages/airflow/example_dags/example_complex.py took 0.158 seconds
[2025-03-16T05:17:13.734+0000] {processor.py:186} INFO - Started process (PID=19730) to work on /home/airflow/.local/lib/python3.12/site-packages/airflow/example_dags/example_complex.py
[2025-03-16T05:17:13.736+0000] {processor.py:914} INFO - Processing file /home/airflow/.local/lib/python3.12/site-packages/airflow/example_dags/example_complex.py for tasks to queue
[2025-03-16T05:17:13.743+0000] {logging_mixin.py:190} INFO - [2025-03-16T05:17:13.742+0000] {dagbag.py:588} INFO - Filling up the DagBag from /home/airflow/.local/lib/python3.12/site-packages/airflow/example_dags/example_complex.py
[2025-03-16T05:17:13.763+0000] {processor.py:925} INFO - DAG(s) 'example_complex' retrieved from /home/airflow/.local/lib/python3.12/site-packages/airflow/example_dags/example_complex.py
[2025-03-16T05:17:13.814+0000] {logging_mixin.py:190} INFO - [2025-03-16T05:17:13.814+0000] {dag.py:3239} INFO - Sync 1 DAGs
[2025-03-16T05:17:13.837+0000] {logging_mixin.py:190} INFO - [2025-03-16T05:17:13.837+0000] {dag.py:4180} INFO - Setting next_dagrun for example_complex to None, run_after=None
[2025-03-16T05:17:13.876+0000] {processor.py:208} INFO - Processing /home/airflow/.local/lib/python3.12/site-packages/airflow/example_dags/example_complex.py took 0.155 seconds
[2025-03-16T05:17:44.406+0000] {processor.py:186} INFO - Started process (PID=19795) to work on /home/airflow/.local/lib/python3.12/site-packages/airflow/example_dags/example_complex.py
[2025-03-16T05:17:44.407+0000] {processor.py:914} INFO - Processing file /home/airflow/.local/lib/python3.12/site-packages/airflow/example_dags/example_complex.py for tasks to queue
[2025-03-16T05:17:44.411+0000] {logging_mixin.py:190} INFO - [2025-03-16T05:17:44.410+0000] {dagbag.py:588} INFO - Filling up the DagBag from /home/airflow/.local/lib/python3.12/site-packages/airflow/example_dags/example_complex.py
[2025-03-16T05:17:44.427+0000] {processor.py:925} INFO - DAG(s) 'example_complex' retrieved from /home/airflow/.local/lib/python3.12/site-packages/airflow/example_dags/example_complex.py
[2025-03-16T05:17:44.470+0000] {logging_mixin.py:190} INFO - [2025-03-16T05:17:44.469+0000] {dag.py:3239} INFO - Sync 1 DAGs
[2025-03-16T05:17:44.490+0000] {logging_mixin.py:190} INFO - [2025-03-16T05:17:44.489+0000] {dag.py:4180} INFO - Setting next_dagrun for example_complex to None, run_after=None
[2025-03-16T05:17:44.550+0000] {processor.py:208} INFO - Processing /home/airflow/.local/lib/python3.12/site-packages/airflow/example_dags/example_complex.py took 0.153 seconds
[2025-03-16T05:18:15.174+0000] {processor.py:186} INFO - Started process (PID=19860) to work on /home/airflow/.local/lib/python3.12/site-packages/airflow/example_dags/example_complex.py
[2025-03-16T05:18:15.175+0000] {processor.py:914} INFO - Processing file /home/airflow/.local/lib/python3.12/site-packages/airflow/example_dags/example_complex.py for tasks to queue
[2025-03-16T05:18:15.179+0000] {logging_mixin.py:190} INFO - [2025-03-16T05:18:15.178+0000] {dagbag.py:588} INFO - Filling up the DagBag from /home/airflow/.local/lib/python3.12/site-packages/airflow/example_dags/example_complex.py
[2025-03-16T05:18:15.195+0000] {processor.py:925} INFO - DAG(s) 'example_complex' retrieved from /home/airflow/.local/lib/python3.12/site-packages/airflow/example_dags/example_complex.py
[2025-03-16T05:18:15.241+0000] {logging_mixin.py:190} INFO - [2025-03-16T05:18:15.241+0000] {dag.py:3239} INFO - Sync 1 DAGs
[2025-03-16T05:18:15.260+0000] {logging_mixin.py:190} INFO - [2025-03-16T05:18:15.260+0000] {dag.py:4180} INFO - Setting next_dagrun for example_complex to None, run_after=None
[2025-03-16T05:18:15.296+0000] {processor.py:208} INFO - Processing /home/airflow/.local/lib/python3.12/site-packages/airflow/example_dags/example_complex.py took 0.129 seconds
[2025-03-16T05:18:45.909+0000] {processor.py:186} INFO - Started process (PID=19925) to work on /home/airflow/.local/lib/python3.12/site-packages/airflow/example_dags/example_complex.py
[2025-03-16T05:18:45.911+0000] {processor.py:914} INFO - Processing file /home/airflow/.local/lib/python3.12/site-packages/airflow/example_dags/example_complex.py for tasks to queue
[2025-03-16T05:18:45.915+0000] {logging_mixin.py:190} INFO - [2025-03-16T05:18:45.914+0000] {dagbag.py:588} INFO - Filling up the DagBag from /home/airflow/.local/lib/python3.12/site-packages/airflow/example_dags/example_complex.py
[2025-03-16T05:18:45.932+0000] {processor.py:925} INFO - DAG(s) 'example_complex' retrieved from /home/airflow/.local/lib/python3.12/site-packages/airflow/example_dags/example_complex.py
[2025-03-16T05:18:45.976+0000] {logging_mixin.py:190} INFO - [2025-03-16T05:18:45.976+0000] {dag.py:3239} INFO - Sync 1 DAGs
[2025-03-16T05:18:45.995+0000] {logging_mixin.py:190} INFO - [2025-03-16T05:18:45.995+0000] {dag.py:4180} INFO - Setting next_dagrun for example_complex to None, run_after=None
[2025-03-16T05:18:46.025+0000] {processor.py:208} INFO - Processing /home/airflow/.local/lib/python3.12/site-packages/airflow/example_dags/example_complex.py took 0.124 seconds
[2025-03-16T05:19:16.147+0000] {processor.py:186} INFO - Started process (PID=19990) to work on /home/airflow/.local/lib/python3.12/site-packages/airflow/example_dags/example_complex.py
[2025-03-16T05:19:16.148+0000] {processor.py:914} INFO - Processing file /home/airflow/.local/lib/python3.12/site-packages/airflow/example_dags/example_complex.py for tasks to queue
[2025-03-16T05:19:16.152+0000] {logging_mixin.py:190} INFO - [2025-03-16T05:19:16.151+0000] {dagbag.py:588} INFO - Filling up the DagBag from /home/airflow/.local/lib/python3.12/site-packages/airflow/example_dags/example_complex.py
[2025-03-16T05:19:16.166+0000] {processor.py:925} INFO - DAG(s) 'example_complex' retrieved from /home/airflow/.local/lib/python3.12/site-packages/airflow/example_dags/example_complex.py
[2025-03-16T05:19:16.209+0000] {logging_mixin.py:190} INFO - [2025-03-16T05:19:16.208+0000] {dag.py:3239} INFO - Sync 1 DAGs
[2025-03-16T05:19:16.242+0000] {logging_mixin.py:190} INFO - [2025-03-16T05:19:16.241+0000] {dag.py:4180} INFO - Setting next_dagrun for example_complex to None, run_after=None
[2025-03-16T05:19:16.284+0000] {processor.py:208} INFO - Processing /home/airflow/.local/lib/python3.12/site-packages/airflow/example_dags/example_complex.py took 0.145 seconds
[2025-03-16T05:19:46.510+0000] {processor.py:186} INFO - Started process (PID=20055) to work on /home/airflow/.local/lib/python3.12/site-packages/airflow/example_dags/example_complex.py
[2025-03-16T05:19:46.512+0000] {processor.py:914} INFO - Processing file /home/airflow/.local/lib/python3.12/site-packages/airflow/example_dags/example_complex.py for tasks to queue
[2025-03-16T05:19:46.519+0000] {logging_mixin.py:190} INFO - [2025-03-16T05:19:46.517+0000] {dagbag.py:588} INFO - Filling up the DagBag from /home/airflow/.local/lib/python3.12/site-packages/airflow/example_dags/example_complex.py
[2025-03-16T05:19:46.562+0000] {processor.py:925} INFO - DAG(s) 'example_complex' retrieved from /home/airflow/.local/lib/python3.12/site-packages/airflow/example_dags/example_complex.py
[2025-03-16T05:19:46.608+0000] {logging_mixin.py:190} INFO - [2025-03-16T05:19:46.607+0000] {dag.py:3239} INFO - Sync 1 DAGs
[2025-03-16T05:19:46.629+0000] {logging_mixin.py:190} INFO - [2025-03-16T05:19:46.628+0000] {dag.py:4180} INFO - Setting next_dagrun for example_complex to None, run_after=None
[2025-03-16T05:19:46.669+0000] {processor.py:208} INFO - Processing /home/airflow/.local/lib/python3.12/site-packages/airflow/example_dags/example_complex.py took 0.191 seconds
[2025-03-16T05:20:17.091+0000] {processor.py:186} INFO - Started process (PID=20120) to work on /home/airflow/.local/lib/python3.12/site-packages/airflow/example_dags/example_complex.py
[2025-03-16T05:20:17.093+0000] {processor.py:914} INFO - Processing file /home/airflow/.local/lib/python3.12/site-packages/airflow/example_dags/example_complex.py for tasks to queue
[2025-03-16T05:20:17.096+0000] {logging_mixin.py:190} INFO - [2025-03-16T05:20:17.095+0000] {dagbag.py:588} INFO - Filling up the DagBag from /home/airflow/.local/lib/python3.12/site-packages/airflow/example_dags/example_complex.py
[2025-03-16T05:20:17.110+0000] {processor.py:925} INFO - DAG(s) 'example_complex' retrieved from /home/airflow/.local/lib/python3.12/site-packages/airflow/example_dags/example_complex.py
[2025-03-16T05:20:17.153+0000] {logging_mixin.py:190} INFO - [2025-03-16T05:20:17.153+0000] {dag.py:3239} INFO - Sync 1 DAGs
[2025-03-16T05:20:17.178+0000] {logging_mixin.py:190} INFO - [2025-03-16T05:20:17.178+0000] {dag.py:4180} INFO - Setting next_dagrun for example_complex to None, run_after=None
[2025-03-16T05:20:17.209+0000] {processor.py:208} INFO - Processing /home/airflow/.local/lib/python3.12/site-packages/airflow/example_dags/example_complex.py took 0.125 seconds
[2025-03-16T05:20:47.293+0000] {processor.py:186} INFO - Started process (PID=20185) to work on /home/airflow/.local/lib/python3.12/site-packages/airflow/example_dags/example_complex.py
[2025-03-16T05:20:47.295+0000] {processor.py:914} INFO - Processing file /home/airflow/.local/lib/python3.12/site-packages/airflow/example_dags/example_complex.py for tasks to queue
[2025-03-16T05:20:47.301+0000] {logging_mixin.py:190} INFO - [2025-03-16T05:20:47.300+0000] {dagbag.py:588} INFO - Filling up the DagBag from /home/airflow/.local/lib/python3.12/site-packages/airflow/example_dags/example_complex.py
[2025-03-16T05:20:47.327+0000] {processor.py:925} INFO - DAG(s) 'example_complex' retrieved from /home/airflow/.local/lib/python3.12/site-packages/airflow/example_dags/example_complex.py
[2025-03-16T05:20:47.366+0000] {logging_mixin.py:190} INFO - [2025-03-16T05:20:47.366+0000] {dag.py:3239} INFO - Sync 1 DAGs
[2025-03-16T05:20:47.387+0000] {logging_mixin.py:190} INFO - [2025-03-16T05:20:47.386+0000] {dag.py:4180} INFO - Setting next_dagrun for example_complex to None, run_after=None
[2025-03-16T05:20:47.414+0000] {processor.py:208} INFO - Processing /home/airflow/.local/lib/python3.12/site-packages/airflow/example_dags/example_complex.py took 0.129 seconds
[2025-03-16T05:21:17.896+0000] {processor.py:186} INFO - Started process (PID=20245) to work on /home/airflow/.local/lib/python3.12/site-packages/airflow/example_dags/example_complex.py
[2025-03-16T05:21:17.898+0000] {processor.py:914} INFO - Processing file /home/airflow/.local/lib/python3.12/site-packages/airflow/example_dags/example_complex.py for tasks to queue
[2025-03-16T05:21:17.902+0000] {logging_mixin.py:190} INFO - [2025-03-16T05:21:17.901+0000] {dagbag.py:588} INFO - Filling up the DagBag from /home/airflow/.local/lib/python3.12/site-packages/airflow/example_dags/example_complex.py
[2025-03-16T05:21:17.918+0000] {processor.py:925} INFO - DAG(s) 'example_complex' retrieved from /home/airflow/.local/lib/python3.12/site-packages/airflow/example_dags/example_complex.py
[2025-03-16T05:21:17.958+0000] {logging_mixin.py:190} INFO - [2025-03-16T05:21:17.958+0000] {dag.py:3239} INFO - Sync 1 DAGs
[2025-03-16T05:21:17.975+0000] {logging_mixin.py:190} INFO - [2025-03-16T05:21:17.975+0000] {dag.py:4180} INFO - Setting next_dagrun for example_complex to None, run_after=None
[2025-03-16T05:21:18.003+0000] {processor.py:208} INFO - Processing /home/airflow/.local/lib/python3.12/site-packages/airflow/example_dags/example_complex.py took 0.115 seconds
[2025-03-16T05:21:48.488+0000] {processor.py:186} INFO - Started process (PID=20299) to work on /home/airflow/.local/lib/python3.12/site-packages/airflow/example_dags/example_complex.py
[2025-03-16T05:21:48.490+0000] {processor.py:914} INFO - Processing file /home/airflow/.local/lib/python3.12/site-packages/airflow/example_dags/example_complex.py for tasks to queue
[2025-03-16T05:21:48.494+0000] {logging_mixin.py:190} INFO - [2025-03-16T05:21:48.494+0000] {dagbag.py:588} INFO - Filling up the DagBag from /home/airflow/.local/lib/python3.12/site-packages/airflow/example_dags/example_complex.py
[2025-03-16T05:21:48.514+0000] {processor.py:925} INFO - DAG(s) 'example_complex' retrieved from /home/airflow/.local/lib/python3.12/site-packages/airflow/example_dags/example_complex.py
[2025-03-16T05:21:48.574+0000] {logging_mixin.py:190} INFO - [2025-03-16T05:21:48.574+0000] {dag.py:3239} INFO - Sync 1 DAGs
[2025-03-16T05:21:48.603+0000] {logging_mixin.py:190} INFO - [2025-03-16T05:21:48.602+0000] {dag.py:4180} INFO - Setting next_dagrun for example_complex to None, run_after=None
[2025-03-16T05:21:48.647+0000] {processor.py:208} INFO - Processing /home/airflow/.local/lib/python3.12/site-packages/airflow/example_dags/example_complex.py took 0.169 seconds
[2025-03-16T05:22:19.793+0000] {processor.py:186} INFO - Started process (PID=20362) to work on /home/airflow/.local/lib/python3.12/site-packages/airflow/example_dags/example_complex.py
[2025-03-16T05:22:19.795+0000] {processor.py:914} INFO - Processing file /home/airflow/.local/lib/python3.12/site-packages/airflow/example_dags/example_complex.py for tasks to queue
[2025-03-16T05:22:19.798+0000] {logging_mixin.py:190} INFO - [2025-03-16T05:22:19.798+0000] {dagbag.py:588} INFO - Filling up the DagBag from /home/airflow/.local/lib/python3.12/site-packages/airflow/example_dags/example_complex.py
[2025-03-16T05:22:19.813+0000] {processor.py:925} INFO - DAG(s) 'example_complex' retrieved from /home/airflow/.local/lib/python3.12/site-packages/airflow/example_dags/example_complex.py
[2025-03-16T05:22:19.855+0000] {logging_mixin.py:190} INFO - [2025-03-16T05:22:19.855+0000] {dag.py:3239} INFO - Sync 1 DAGs
[2025-03-16T05:22:19.881+0000] {logging_mixin.py:190} INFO - [2025-03-16T05:22:19.880+0000] {dag.py:4180} INFO - Setting next_dagrun for example_complex to None, run_after=None
[2025-03-16T05:22:19.912+0000] {processor.py:208} INFO - Processing /home/airflow/.local/lib/python3.12/site-packages/airflow/example_dags/example_complex.py took 0.125 seconds
[2025-03-16T05:22:50.112+0000] {processor.py:186} INFO - Started process (PID=20425) to work on /home/airflow/.local/lib/python3.12/site-packages/airflow/example_dags/example_complex.py
[2025-03-16T05:22:50.114+0000] {processor.py:914} INFO - Processing file /home/airflow/.local/lib/python3.12/site-packages/airflow/example_dags/example_complex.py for tasks to queue
[2025-03-16T05:22:50.118+0000] {logging_mixin.py:190} INFO - [2025-03-16T05:22:50.117+0000] {dagbag.py:588} INFO - Filling up the DagBag from /home/airflow/.local/lib/python3.12/site-packages/airflow/example_dags/example_complex.py
[2025-03-16T05:22:50.135+0000] {processor.py:925} INFO - DAG(s) 'example_complex' retrieved from /home/airflow/.local/lib/python3.12/site-packages/airflow/example_dags/example_complex.py
[2025-03-16T05:22:50.182+0000] {logging_mixin.py:190} INFO - [2025-03-16T05:22:50.182+0000] {dag.py:3239} INFO - Sync 1 DAGs
[2025-03-16T05:22:50.203+0000] {logging_mixin.py:190} INFO - [2025-03-16T05:22:50.203+0000] {dag.py:4180} INFO - Setting next_dagrun for example_complex to None, run_after=None
[2025-03-16T05:22:50.243+0000] {processor.py:208} INFO - Processing /home/airflow/.local/lib/python3.12/site-packages/airflow/example_dags/example_complex.py took 0.139 seconds
[2025-03-16T05:23:20.555+0000] {processor.py:186} INFO - Started process (PID=20489) to work on /home/airflow/.local/lib/python3.12/site-packages/airflow/example_dags/example_complex.py
[2025-03-16T05:23:20.557+0000] {processor.py:914} INFO - Processing file /home/airflow/.local/lib/python3.12/site-packages/airflow/example_dags/example_complex.py for tasks to queue
[2025-03-16T05:23:20.562+0000] {logging_mixin.py:190} INFO - [2025-03-16T05:23:20.561+0000] {dagbag.py:588} INFO - Filling up the DagBag from /home/airflow/.local/lib/python3.12/site-packages/airflow/example_dags/example_complex.py
[2025-03-16T05:23:20.581+0000] {processor.py:925} INFO - DAG(s) 'example_complex' retrieved from /home/airflow/.local/lib/python3.12/site-packages/airflow/example_dags/example_complex.py
[2025-03-16T05:23:20.623+0000] {logging_mixin.py:190} INFO - [2025-03-16T05:23:20.622+0000] {dag.py:3239} INFO - Sync 1 DAGs
[2025-03-16T05:23:20.644+0000] {logging_mixin.py:190} INFO - [2025-03-16T05:23:20.644+0000] {dag.py:4180} INFO - Setting next_dagrun for example_complex to None, run_after=None
[2025-03-16T05:23:20.678+0000] {processor.py:208} INFO - Processing /home/airflow/.local/lib/python3.12/site-packages/airflow/example_dags/example_complex.py took 0.132 seconds
[2025-03-16T05:23:50.804+0000] {processor.py:186} INFO - Started process (PID=20554) to work on /home/airflow/.local/lib/python3.12/site-packages/airflow/example_dags/example_complex.py
[2025-03-16T05:23:50.806+0000] {processor.py:914} INFO - Processing file /home/airflow/.local/lib/python3.12/site-packages/airflow/example_dags/example_complex.py for tasks to queue
[2025-03-16T05:23:50.811+0000] {logging_mixin.py:190} INFO - [2025-03-16T05:23:50.810+0000] {dagbag.py:588} INFO - Filling up the DagBag from /home/airflow/.local/lib/python3.12/site-packages/airflow/example_dags/example_complex.py
[2025-03-16T05:23:50.833+0000] {processor.py:925} INFO - DAG(s) 'example_complex' retrieved from /home/airflow/.local/lib/python3.12/site-packages/airflow/example_dags/example_complex.py
[2025-03-16T05:23:50.885+0000] {logging_mixin.py:190} INFO - [2025-03-16T05:23:50.885+0000] {dag.py:3239} INFO - Sync 1 DAGs
[2025-03-16T05:23:50.909+0000] {logging_mixin.py:190} INFO - [2025-03-16T05:23:50.909+0000] {dag.py:4180} INFO - Setting next_dagrun for example_complex to None, run_after=None
[2025-03-16T05:23:50.942+0000] {processor.py:208} INFO - Processing /home/airflow/.local/lib/python3.12/site-packages/airflow/example_dags/example_complex.py took 0.152 seconds
[2025-03-16T05:24:21.321+0000] {processor.py:186} INFO - Started process (PID=20619) to work on /home/airflow/.local/lib/python3.12/site-packages/airflow/example_dags/example_complex.py
[2025-03-16T05:24:21.323+0000] {processor.py:914} INFO - Processing file /home/airflow/.local/lib/python3.12/site-packages/airflow/example_dags/example_complex.py for tasks to queue
[2025-03-16T05:24:21.326+0000] {logging_mixin.py:190} INFO - [2025-03-16T05:24:21.326+0000] {dagbag.py:588} INFO - Filling up the DagBag from /home/airflow/.local/lib/python3.12/site-packages/airflow/example_dags/example_complex.py
[2025-03-16T05:24:21.343+0000] {processor.py:925} INFO - DAG(s) 'example_complex' retrieved from /home/airflow/.local/lib/python3.12/site-packages/airflow/example_dags/example_complex.py
[2025-03-16T05:24:21.389+0000] {logging_mixin.py:190} INFO - [2025-03-16T05:24:21.389+0000] {dag.py:3239} INFO - Sync 1 DAGs
[2025-03-16T05:24:21.409+0000] {logging_mixin.py:190} INFO - [2025-03-16T05:24:21.409+0000] {dag.py:4180} INFO - Setting next_dagrun for example_complex to None, run_after=None
[2025-03-16T05:24:21.438+0000] {processor.py:208} INFO - Processing /home/airflow/.local/lib/python3.12/site-packages/airflow/example_dags/example_complex.py took 0.125 seconds
[2025-03-16T05:24:51.607+0000] {processor.py:186} INFO - Started process (PID=20685) to work on /home/airflow/.local/lib/python3.12/site-packages/airflow/example_dags/example_complex.py
[2025-03-16T05:24:51.608+0000] {processor.py:914} INFO - Processing file /home/airflow/.local/lib/python3.12/site-packages/airflow/example_dags/example_complex.py for tasks to queue
[2025-03-16T05:24:51.612+0000] {logging_mixin.py:190} INFO - [2025-03-16T05:24:51.611+0000] {dagbag.py:588} INFO - Filling up the DagBag from /home/airflow/.local/lib/python3.12/site-packages/airflow/example_dags/example_complex.py
[2025-03-16T05:24:51.627+0000] {processor.py:925} INFO - DAG(s) 'example_complex' retrieved from /home/airflow/.local/lib/python3.12/site-packages/airflow/example_dags/example_complex.py
[2025-03-16T05:24:51.670+0000] {logging_mixin.py:190} INFO - [2025-03-16T05:24:51.670+0000] {dag.py:3239} INFO - Sync 1 DAGs
[2025-03-16T05:24:51.690+0000] {logging_mixin.py:190} INFO - [2025-03-16T05:24:51.690+0000] {dag.py:4180} INFO - Setting next_dagrun for example_complex to None, run_after=None
[2025-03-16T05:24:51.720+0000] {processor.py:208} INFO - Processing /home/airflow/.local/lib/python3.12/site-packages/airflow/example_dags/example_complex.py took 0.121 seconds
[2025-03-16T05:25:21.943+0000] {processor.py:186} INFO - Started process (PID=20750) to work on /home/airflow/.local/lib/python3.12/site-packages/airflow/example_dags/example_complex.py
[2025-03-16T05:25:21.945+0000] {processor.py:914} INFO - Processing file /home/airflow/.local/lib/python3.12/site-packages/airflow/example_dags/example_complex.py for tasks to queue
[2025-03-16T05:25:21.949+0000] {logging_mixin.py:190} INFO - [2025-03-16T05:25:21.948+0000] {dagbag.py:588} INFO - Filling up the DagBag from /home/airflow/.local/lib/python3.12/site-packages/airflow/example_dags/example_complex.py
[2025-03-16T05:25:21.973+0000] {processor.py:925} INFO - DAG(s) 'example_complex' retrieved from /home/airflow/.local/lib/python3.12/site-packages/airflow/example_dags/example_complex.py
[2025-03-16T05:25:22.033+0000] {logging_mixin.py:190} INFO - [2025-03-16T05:25:22.032+0000] {dag.py:3239} INFO - Sync 1 DAGs
[2025-03-16T05:25:22.053+0000] {logging_mixin.py:190} INFO - [2025-03-16T05:25:22.053+0000] {dag.py:4180} INFO - Setting next_dagrun for example_complex to None, run_after=None
[2025-03-16T05:25:22.087+0000] {processor.py:208} INFO - Processing /home/airflow/.local/lib/python3.12/site-packages/airflow/example_dags/example_complex.py took 0.154 seconds
[2025-03-16T05:25:52.349+0000] {processor.py:186} INFO - Started process (PID=20815) to work on /home/airflow/.local/lib/python3.12/site-packages/airflow/example_dags/example_complex.py
[2025-03-16T05:25:52.350+0000] {processor.py:914} INFO - Processing file /home/airflow/.local/lib/python3.12/site-packages/airflow/example_dags/example_complex.py for tasks to queue
[2025-03-16T05:25:52.353+0000] {logging_mixin.py:190} INFO - [2025-03-16T05:25:52.353+0000] {dagbag.py:588} INFO - Filling up the DagBag from /home/airflow/.local/lib/python3.12/site-packages/airflow/example_dags/example_complex.py
[2025-03-16T05:25:52.373+0000] {processor.py:925} INFO - DAG(s) 'example_complex' retrieved from /home/airflow/.local/lib/python3.12/site-packages/airflow/example_dags/example_complex.py
[2025-03-16T05:25:52.421+0000] {logging_mixin.py:190} INFO - [2025-03-16T05:25:52.420+0000] {dag.py:3239} INFO - Sync 1 DAGs
[2025-03-16T05:25:52.442+0000] {logging_mixin.py:190} INFO - [2025-03-16T05:25:52.442+0000] {dag.py:4180} INFO - Setting next_dagrun for example_complex to None, run_after=None
[2025-03-16T05:25:52.477+0000] {processor.py:208} INFO - Processing /home/airflow/.local/lib/python3.12/site-packages/airflow/example_dags/example_complex.py took 0.134 seconds
[2025-03-16T05:26:22.782+0000] {processor.py:186} INFO - Started process (PID=20880) to work on /home/airflow/.local/lib/python3.12/site-packages/airflow/example_dags/example_complex.py
[2025-03-16T05:26:22.784+0000] {processor.py:914} INFO - Processing file /home/airflow/.local/lib/python3.12/site-packages/airflow/example_dags/example_complex.py for tasks to queue
[2025-03-16T05:26:22.788+0000] {logging_mixin.py:190} INFO - [2025-03-16T05:26:22.787+0000] {dagbag.py:588} INFO - Filling up the DagBag from /home/airflow/.local/lib/python3.12/site-packages/airflow/example_dags/example_complex.py
[2025-03-16T05:26:22.806+0000] {processor.py:925} INFO - DAG(s) 'example_complex' retrieved from /home/airflow/.local/lib/python3.12/site-packages/airflow/example_dags/example_complex.py
[2025-03-16T05:26:22.855+0000] {logging_mixin.py:190} INFO - [2025-03-16T05:26:22.855+0000] {dag.py:3239} INFO - Sync 1 DAGs
[2025-03-16T05:26:22.883+0000] {logging_mixin.py:190} INFO - [2025-03-16T05:26:22.882+0000] {dag.py:4180} INFO - Setting next_dagrun for example_complex to None, run_after=None
[2025-03-16T05:26:22.925+0000] {processor.py:208} INFO - Processing /home/airflow/.local/lib/python3.12/site-packages/airflow/example_dags/example_complex.py took 0.151 seconds
[2025-03-16T05:26:53.218+0000] {processor.py:186} INFO - Started process (PID=20946) to work on /home/airflow/.local/lib/python3.12/site-packages/airflow/example_dags/example_complex.py
[2025-03-16T05:26:53.220+0000] {processor.py:914} INFO - Processing file /home/airflow/.local/lib/python3.12/site-packages/airflow/example_dags/example_complex.py for tasks to queue
[2025-03-16T05:26:53.224+0000] {logging_mixin.py:190} INFO - [2025-03-16T05:26:53.223+0000] {dagbag.py:588} INFO - Filling up the DagBag from /home/airflow/.local/lib/python3.12/site-packages/airflow/example_dags/example_complex.py
[2025-03-16T05:26:53.245+0000] {processor.py:925} INFO - DAG(s) 'example_complex' retrieved from /home/airflow/.local/lib/python3.12/site-packages/airflow/example_dags/example_complex.py
[2025-03-16T05:26:53.299+0000] {logging_mixin.py:190} INFO - [2025-03-16T05:26:53.298+0000] {dag.py:3239} INFO - Sync 1 DAGs
[2025-03-16T05:26:53.321+0000] {logging_mixin.py:190} INFO - [2025-03-16T05:26:53.321+0000] {dag.py:4180} INFO - Setting next_dagrun for example_complex to None, run_after=None
[2025-03-16T05:26:53.357+0000] {processor.py:208} INFO - Processing /home/airflow/.local/lib/python3.12/site-packages/airflow/example_dags/example_complex.py took 0.148 seconds
[2025-03-16T05:27:23.829+0000] {processor.py:186} INFO - Started process (PID=21011) to work on /home/airflow/.local/lib/python3.12/site-packages/airflow/example_dags/example_complex.py
[2025-03-16T05:27:23.830+0000] {processor.py:914} INFO - Processing file /home/airflow/.local/lib/python3.12/site-packages/airflow/example_dags/example_complex.py for tasks to queue
[2025-03-16T05:27:23.834+0000] {logging_mixin.py:190} INFO - [2025-03-16T05:27:23.834+0000] {dagbag.py:588} INFO - Filling up the DagBag from /home/airflow/.local/lib/python3.12/site-packages/airflow/example_dags/example_complex.py
[2025-03-16T05:27:23.851+0000] {processor.py:925} INFO - DAG(s) 'example_complex' retrieved from /home/airflow/.local/lib/python3.12/site-packages/airflow/example_dags/example_complex.py
[2025-03-16T05:27:23.895+0000] {logging_mixin.py:190} INFO - [2025-03-16T05:27:23.894+0000] {dag.py:3239} INFO - Sync 1 DAGs
[2025-03-16T05:27:23.914+0000] {logging_mixin.py:190} INFO - [2025-03-16T05:27:23.914+0000] {dag.py:4180} INFO - Setting next_dagrun for example_complex to None, run_after=None
[2025-03-16T05:27:23.959+0000] {processor.py:208} INFO - Processing /home/airflow/.local/lib/python3.12/site-packages/airflow/example_dags/example_complex.py took 0.139 seconds
[2025-03-16T05:27:54.226+0000] {processor.py:186} INFO - Started process (PID=21076) to work on /home/airflow/.local/lib/python3.12/site-packages/airflow/example_dags/example_complex.py
[2025-03-16T05:27:54.227+0000] {processor.py:914} INFO - Processing file /home/airflow/.local/lib/python3.12/site-packages/airflow/example_dags/example_complex.py for tasks to queue
[2025-03-16T05:27:54.232+0000] {logging_mixin.py:190} INFO - [2025-03-16T05:27:54.231+0000] {dagbag.py:588} INFO - Filling up the DagBag from /home/airflow/.local/lib/python3.12/site-packages/airflow/example_dags/example_complex.py
[2025-03-16T05:27:54.248+0000] {processor.py:925} INFO - DAG(s) 'example_complex' retrieved from /home/airflow/.local/lib/python3.12/site-packages/airflow/example_dags/example_complex.py
[2025-03-16T05:27:54.293+0000] {logging_mixin.py:190} INFO - [2025-03-16T05:27:54.292+0000] {dag.py:3239} INFO - Sync 1 DAGs
[2025-03-16T05:27:54.313+0000] {logging_mixin.py:190} INFO - [2025-03-16T05:27:54.313+0000] {dag.py:4180} INFO - Setting next_dagrun for example_complex to None, run_after=None
[2025-03-16T05:27:54.344+0000] {processor.py:208} INFO - Processing /home/airflow/.local/lib/python3.12/site-packages/airflow/example_dags/example_complex.py took 0.127 seconds
[2025-03-16T05:28:24.554+0000] {processor.py:186} INFO - Started process (PID=21141) to work on /home/airflow/.local/lib/python3.12/site-packages/airflow/example_dags/example_complex.py
[2025-03-16T05:28:24.556+0000] {processor.py:914} INFO - Processing file /home/airflow/.local/lib/python3.12/site-packages/airflow/example_dags/example_complex.py for tasks to queue
[2025-03-16T05:28:24.559+0000] {logging_mixin.py:190} INFO - [2025-03-16T05:28:24.559+0000] {dagbag.py:588} INFO - Filling up the DagBag from /home/airflow/.local/lib/python3.12/site-packages/airflow/example_dags/example_complex.py
[2025-03-16T05:28:24.576+0000] {processor.py:925} INFO - DAG(s) 'example_complex' retrieved from /home/airflow/.local/lib/python3.12/site-packages/airflow/example_dags/example_complex.py
[2025-03-16T05:28:24.619+0000] {logging_mixin.py:190} INFO - [2025-03-16T05:28:24.619+0000] {dag.py:3239} INFO - Sync 1 DAGs
[2025-03-16T05:28:24.640+0000] {logging_mixin.py:190} INFO - [2025-03-16T05:28:24.640+0000] {dag.py:4180} INFO - Setting next_dagrun for example_complex to None, run_after=None
[2025-03-16T05:28:24.688+0000] {processor.py:208} INFO - Processing /home/airflow/.local/lib/python3.12/site-packages/airflow/example_dags/example_complex.py took 0.142 seconds
[2025-03-16T05:28:54.889+0000] {processor.py:186} INFO - Started process (PID=21206) to work on /home/airflow/.local/lib/python3.12/site-packages/airflow/example_dags/example_complex.py
[2025-03-16T05:28:54.890+0000] {processor.py:914} INFO - Processing file /home/airflow/.local/lib/python3.12/site-packages/airflow/example_dags/example_complex.py for tasks to queue
[2025-03-16T05:28:54.894+0000] {logging_mixin.py:190} INFO - [2025-03-16T05:28:54.894+0000] {dagbag.py:588} INFO - Filling up the DagBag from /home/airflow/.local/lib/python3.12/site-packages/airflow/example_dags/example_complex.py
[2025-03-16T05:28:54.912+0000] {processor.py:925} INFO - DAG(s) 'example_complex' retrieved from /home/airflow/.local/lib/python3.12/site-packages/airflow/example_dags/example_complex.py
[2025-03-16T05:28:54.963+0000] {logging_mixin.py:190} INFO - [2025-03-16T05:28:54.963+0000] {dag.py:3239} INFO - Sync 1 DAGs
[2025-03-16T05:28:54.983+0000] {logging_mixin.py:190} INFO - [2025-03-16T05:28:54.982+0000] {dag.py:4180} INFO - Setting next_dagrun for example_complex to None, run_after=None
[2025-03-16T05:28:55.014+0000] {processor.py:208} INFO - Processing /home/airflow/.local/lib/python3.12/site-packages/airflow/example_dags/example_complex.py took 0.134 seconds
[2025-03-16T05:29:25.207+0000] {processor.py:186} INFO - Started process (PID=21271) to work on /home/airflow/.local/lib/python3.12/site-packages/airflow/example_dags/example_complex.py
[2025-03-16T05:29:25.210+0000] {processor.py:914} INFO - Processing file /home/airflow/.local/lib/python3.12/site-packages/airflow/example_dags/example_complex.py for tasks to queue
[2025-03-16T05:29:25.215+0000] {logging_mixin.py:190} INFO - [2025-03-16T05:29:25.214+0000] {dagbag.py:588} INFO - Filling up the DagBag from /home/airflow/.local/lib/python3.12/site-packages/airflow/example_dags/example_complex.py
[2025-03-16T05:29:25.239+0000] {processor.py:925} INFO - DAG(s) 'example_complex' retrieved from /home/airflow/.local/lib/python3.12/site-packages/airflow/example_dags/example_complex.py
[2025-03-16T05:29:25.304+0000] {logging_mixin.py:190} INFO - [2025-03-16T05:29:25.303+0000] {dag.py:3239} INFO - Sync 1 DAGs
[2025-03-16T05:29:25.330+0000] {logging_mixin.py:190} INFO - [2025-03-16T05:29:25.329+0000] {dag.py:4180} INFO - Setting next_dagrun for example_complex to None, run_after=None
[2025-03-16T05:29:25.370+0000] {processor.py:208} INFO - Processing /home/airflow/.local/lib/python3.12/site-packages/airflow/example_dags/example_complex.py took 0.176 seconds
[2025-03-16T05:29:55.640+0000] {processor.py:186} INFO - Started process (PID=21336) to work on /home/airflow/.local/lib/python3.12/site-packages/airflow/example_dags/example_complex.py
[2025-03-16T05:29:55.642+0000] {processor.py:914} INFO - Processing file /home/airflow/.local/lib/python3.12/site-packages/airflow/example_dags/example_complex.py for tasks to queue
[2025-03-16T05:29:55.646+0000] {logging_mixin.py:190} INFO - [2025-03-16T05:29:55.645+0000] {dagbag.py:588} INFO - Filling up the DagBag from /home/airflow/.local/lib/python3.12/site-packages/airflow/example_dags/example_complex.py
[2025-03-16T05:29:55.661+0000] {processor.py:925} INFO - DAG(s) 'example_complex' retrieved from /home/airflow/.local/lib/python3.12/site-packages/airflow/example_dags/example_complex.py
[2025-03-16T05:29:55.702+0000] {logging_mixin.py:190} INFO - [2025-03-16T05:29:55.702+0000] {dag.py:3239} INFO - Sync 1 DAGs
[2025-03-16T05:29:55.721+0000] {logging_mixin.py:190} INFO - [2025-03-16T05:29:55.720+0000] {dag.py:4180} INFO - Setting next_dagrun for example_complex to None, run_after=None
[2025-03-16T05:29:55.759+0000] {processor.py:208} INFO - Processing /home/airflow/.local/lib/python3.12/site-packages/airflow/example_dags/example_complex.py took 0.128 seconds
[2025-03-16T05:30:26.852+0000] {processor.py:186} INFO - Started process (PID=21401) to work on /home/airflow/.local/lib/python3.12/site-packages/airflow/example_dags/example_complex.py
[2025-03-16T05:30:26.856+0000] {processor.py:914} INFO - Processing file /home/airflow/.local/lib/python3.12/site-packages/airflow/example_dags/example_complex.py for tasks to queue
[2025-03-16T05:30:26.864+0000] {logging_mixin.py:190} INFO - [2025-03-16T05:30:26.864+0000] {dagbag.py:588} INFO - Filling up the DagBag from /home/airflow/.local/lib/python3.12/site-packages/airflow/example_dags/example_complex.py
[2025-03-16T05:30:26.884+0000] {processor.py:925} INFO - DAG(s) 'example_complex' retrieved from /home/airflow/.local/lib/python3.12/site-packages/airflow/example_dags/example_complex.py
[2025-03-16T05:30:26.935+0000] {logging_mixin.py:190} INFO - [2025-03-16T05:30:26.935+0000] {dag.py:3239} INFO - Sync 1 DAGs
[2025-03-16T05:30:26.963+0000] {logging_mixin.py:190} INFO - [2025-03-16T05:30:26.962+0000] {dag.py:4180} INFO - Setting next_dagrun for example_complex to None, run_after=None
[2025-03-16T05:30:26.999+0000] {processor.py:208} INFO - Processing /home/airflow/.local/lib/python3.12/site-packages/airflow/example_dags/example_complex.py took 0.161 seconds
[2025-03-16T05:30:57.180+0000] {processor.py:186} INFO - Started process (PID=21465) to work on /home/airflow/.local/lib/python3.12/site-packages/airflow/example_dags/example_complex.py
[2025-03-16T05:30:57.182+0000] {processor.py:914} INFO - Processing file /home/airflow/.local/lib/python3.12/site-packages/airflow/example_dags/example_complex.py for tasks to queue
[2025-03-16T05:30:57.186+0000] {logging_mixin.py:190} INFO - [2025-03-16T05:30:57.186+0000] {dagbag.py:588} INFO - Filling up the DagBag from /home/airflow/.local/lib/python3.12/site-packages/airflow/example_dags/example_complex.py
[2025-03-16T05:30:57.206+0000] {processor.py:925} INFO - DAG(s) 'example_complex' retrieved from /home/airflow/.local/lib/python3.12/site-packages/airflow/example_dags/example_complex.py
[2025-03-16T05:30:57.260+0000] {logging_mixin.py:190} INFO - [2025-03-16T05:30:57.259+0000] {dag.py:3239} INFO - Sync 1 DAGs
[2025-03-16T05:30:57.285+0000] {logging_mixin.py:190} INFO - [2025-03-16T05:30:57.284+0000] {dag.py:4180} INFO - Setting next_dagrun for example_complex to None, run_after=None
[2025-03-16T05:30:57.317+0000] {processor.py:208} INFO - Processing /home/airflow/.local/lib/python3.12/site-packages/airflow/example_dags/example_complex.py took 0.147 seconds
[2025-03-16T05:31:27.738+0000] {processor.py:186} INFO - Started process (PID=21531) to work on /home/airflow/.local/lib/python3.12/site-packages/airflow/example_dags/example_complex.py
[2025-03-16T05:31:27.740+0000] {processor.py:914} INFO - Processing file /home/airflow/.local/lib/python3.12/site-packages/airflow/example_dags/example_complex.py for tasks to queue
[2025-03-16T05:31:27.744+0000] {logging_mixin.py:190} INFO - [2025-03-16T05:31:27.743+0000] {dagbag.py:588} INFO - Filling up the DagBag from /home/airflow/.local/lib/python3.12/site-packages/airflow/example_dags/example_complex.py
[2025-03-16T05:31:27.760+0000] {processor.py:925} INFO - DAG(s) 'example_complex' retrieved from /home/airflow/.local/lib/python3.12/site-packages/airflow/example_dags/example_complex.py
[2025-03-16T05:31:27.808+0000] {logging_mixin.py:190} INFO - [2025-03-16T05:31:27.808+0000] {dag.py:3239} INFO - Sync 1 DAGs
[2025-03-16T05:31:27.831+0000] {logging_mixin.py:190} INFO - [2025-03-16T05:31:27.831+0000] {dag.py:4180} INFO - Setting next_dagrun for example_complex to None, run_after=None
[2025-03-16T05:31:27.865+0000] {processor.py:208} INFO - Processing /home/airflow/.local/lib/python3.12/site-packages/airflow/example_dags/example_complex.py took 0.138 seconds
[2025-03-16T05:31:58.119+0000] {processor.py:186} INFO - Started process (PID=21596) to work on /home/airflow/.local/lib/python3.12/site-packages/airflow/example_dags/example_complex.py
[2025-03-16T05:31:58.121+0000] {processor.py:914} INFO - Processing file /home/airflow/.local/lib/python3.12/site-packages/airflow/example_dags/example_complex.py for tasks to queue
[2025-03-16T05:31:58.127+0000] {logging_mixin.py:190} INFO - [2025-03-16T05:31:58.126+0000] {dagbag.py:588} INFO - Filling up the DagBag from /home/airflow/.local/lib/python3.12/site-packages/airflow/example_dags/example_complex.py
[2025-03-16T05:31:58.148+0000] {processor.py:925} INFO - DAG(s) 'example_complex' retrieved from /home/airflow/.local/lib/python3.12/site-packages/airflow/example_dags/example_complex.py
[2025-03-16T05:31:58.218+0000] {logging_mixin.py:190} INFO - [2025-03-16T05:31:58.217+0000] {dag.py:3239} INFO - Sync 1 DAGs
[2025-03-16T05:31:58.248+0000] {logging_mixin.py:190} INFO - [2025-03-16T05:31:58.247+0000] {dag.py:4180} INFO - Setting next_dagrun for example_complex to None, run_after=None
[2025-03-16T05:31:58.293+0000] {processor.py:208} INFO - Processing /home/airflow/.local/lib/python3.12/site-packages/airflow/example_dags/example_complex.py took 0.185 seconds
[2025-03-16T05:32:28.525+0000] {processor.py:186} INFO - Started process (PID=21661) to work on /home/airflow/.local/lib/python3.12/site-packages/airflow/example_dags/example_complex.py
[2025-03-16T05:32:28.527+0000] {processor.py:914} INFO - Processing file /home/airflow/.local/lib/python3.12/site-packages/airflow/example_dags/example_complex.py for tasks to queue
[2025-03-16T05:32:28.532+0000] {logging_mixin.py:190} INFO - [2025-03-16T05:32:28.531+0000] {dagbag.py:588} INFO - Filling up the DagBag from /home/airflow/.local/lib/python3.12/site-packages/airflow/example_dags/example_complex.py
[2025-03-16T05:32:28.558+0000] {processor.py:925} INFO - DAG(s) 'example_complex' retrieved from /home/airflow/.local/lib/python3.12/site-packages/airflow/example_dags/example_complex.py
[2025-03-16T05:32:28.615+0000] {logging_mixin.py:190} INFO - [2025-03-16T05:32:28.615+0000] {dag.py:3239} INFO - Sync 1 DAGs
[2025-03-16T05:32:28.648+0000] {logging_mixin.py:190} INFO - [2025-03-16T05:32:28.648+0000] {dag.py:4180} INFO - Setting next_dagrun for example_complex to None, run_after=None
[2025-03-16T05:32:28.705+0000] {processor.py:208} INFO - Processing /home/airflow/.local/lib/python3.12/site-packages/airflow/example_dags/example_complex.py took 0.190 seconds
[2025-03-16T05:32:59.149+0000] {processor.py:186} INFO - Started process (PID=21727) to work on /home/airflow/.local/lib/python3.12/site-packages/airflow/example_dags/example_complex.py
[2025-03-16T05:32:59.151+0000] {processor.py:914} INFO - Processing file /home/airflow/.local/lib/python3.12/site-packages/airflow/example_dags/example_complex.py for tasks to queue
[2025-03-16T05:32:59.155+0000] {logging_mixin.py:190} INFO - [2025-03-16T05:32:59.154+0000] {dagbag.py:588} INFO - Filling up the DagBag from /home/airflow/.local/lib/python3.12/site-packages/airflow/example_dags/example_complex.py
[2025-03-16T05:32:59.175+0000] {processor.py:925} INFO - DAG(s) 'example_complex' retrieved from /home/airflow/.local/lib/python3.12/site-packages/airflow/example_dags/example_complex.py
[2025-03-16T05:32:59.225+0000] {logging_mixin.py:190} INFO - [2025-03-16T05:32:59.225+0000] {dag.py:3239} INFO - Sync 1 DAGs
[2025-03-16T05:32:59.246+0000] {logging_mixin.py:190} INFO - [2025-03-16T05:32:59.245+0000] {dag.py:4180} INFO - Setting next_dagrun for example_complex to None, run_after=None
[2025-03-16T05:32:59.285+0000] {processor.py:208} INFO - Processing /home/airflow/.local/lib/python3.12/site-packages/airflow/example_dags/example_complex.py took 0.148 seconds
[2025-03-16T05:33:29.696+0000] {processor.py:186} INFO - Started process (PID=21792) to work on /home/airflow/.local/lib/python3.12/site-packages/airflow/example_dags/example_complex.py
[2025-03-16T05:33:29.698+0000] {processor.py:914} INFO - Processing file /home/airflow/.local/lib/python3.12/site-packages/airflow/example_dags/example_complex.py for tasks to queue
[2025-03-16T05:33:29.701+0000] {logging_mixin.py:190} INFO - [2025-03-16T05:33:29.701+0000] {dagbag.py:588} INFO - Filling up the DagBag from /home/airflow/.local/lib/python3.12/site-packages/airflow/example_dags/example_complex.py
[2025-03-16T05:33:29.718+0000] {processor.py:925} INFO - DAG(s) 'example_complex' retrieved from /home/airflow/.local/lib/python3.12/site-packages/airflow/example_dags/example_complex.py
[2025-03-16T05:33:29.761+0000] {logging_mixin.py:190} INFO - [2025-03-16T05:33:29.761+0000] {dag.py:3239} INFO - Sync 1 DAGs
[2025-03-16T05:33:29.780+0000] {logging_mixin.py:190} INFO - [2025-03-16T05:33:29.780+0000] {dag.py:4180} INFO - Setting next_dagrun for example_complex to None, run_after=None
[2025-03-16T05:33:29.812+0000] {processor.py:208} INFO - Processing /home/airflow/.local/lib/python3.12/site-packages/airflow/example_dags/example_complex.py took 0.122 seconds
[2025-03-16T05:34:00.379+0000] {processor.py:186} INFO - Started process (PID=21856) to work on /home/airflow/.local/lib/python3.12/site-packages/airflow/example_dags/example_complex.py
[2025-03-16T05:34:00.381+0000] {processor.py:914} INFO - Processing file /home/airflow/.local/lib/python3.12/site-packages/airflow/example_dags/example_complex.py for tasks to queue
[2025-03-16T05:34:00.385+0000] {logging_mixin.py:190} INFO - [2025-03-16T05:34:00.384+0000] {dagbag.py:588} INFO - Filling up the DagBag from /home/airflow/.local/lib/python3.12/site-packages/airflow/example_dags/example_complex.py
[2025-03-16T05:34:00.404+0000] {processor.py:925} INFO - DAG(s) 'example_complex' retrieved from /home/airflow/.local/lib/python3.12/site-packages/airflow/example_dags/example_complex.py
[2025-03-16T05:34:00.457+0000] {logging_mixin.py:190} INFO - [2025-03-16T05:34:00.457+0000] {dag.py:3239} INFO - Sync 1 DAGs
[2025-03-16T05:34:00.482+0000] {logging_mixin.py:190} INFO - [2025-03-16T05:34:00.482+0000] {dag.py:4180} INFO - Setting next_dagrun for example_complex to None, run_after=None
[2025-03-16T05:34:00.514+0000] {processor.py:208} INFO - Processing /home/airflow/.local/lib/python3.12/site-packages/airflow/example_dags/example_complex.py took 0.145 seconds
[2025-03-16T05:34:30.597+0000] {processor.py:186} INFO - Started process (PID=21915) to work on /home/airflow/.local/lib/python3.12/site-packages/airflow/example_dags/example_complex.py
[2025-03-16T05:34:30.599+0000] {processor.py:914} INFO - Processing file /home/airflow/.local/lib/python3.12/site-packages/airflow/example_dags/example_complex.py for tasks to queue
[2025-03-16T05:34:30.602+0000] {logging_mixin.py:190} INFO - [2025-03-16T05:34:30.602+0000] {dagbag.py:588} INFO - Filling up the DagBag from /home/airflow/.local/lib/python3.12/site-packages/airflow/example_dags/example_complex.py
[2025-03-16T05:34:30.621+0000] {processor.py:925} INFO - DAG(s) 'example_complex' retrieved from /home/airflow/.local/lib/python3.12/site-packages/airflow/example_dags/example_complex.py
[2025-03-16T05:34:30.667+0000] {logging_mixin.py:190} INFO - [2025-03-16T05:34:30.666+0000] {dag.py:3239} INFO - Sync 1 DAGs
[2025-03-16T05:34:30.691+0000] {logging_mixin.py:190} INFO - [2025-03-16T05:34:30.690+0000] {dag.py:4180} INFO - Setting next_dagrun for example_complex to None, run_after=None
[2025-03-16T05:34:30.728+0000] {processor.py:208} INFO - Processing /home/airflow/.local/lib/python3.12/site-packages/airflow/example_dags/example_complex.py took 0.140 seconds
[2025-03-16T05:35:01.176+0000] {processor.py:186} INFO - Started process (PID=21980) to work on /home/airflow/.local/lib/python3.12/site-packages/airflow/example_dags/example_complex.py
[2025-03-16T05:35:01.178+0000] {processor.py:914} INFO - Processing file /home/airflow/.local/lib/python3.12/site-packages/airflow/example_dags/example_complex.py for tasks to queue
[2025-03-16T05:35:01.184+0000] {logging_mixin.py:190} INFO - [2025-03-16T05:35:01.183+0000] {dagbag.py:588} INFO - Filling up the DagBag from /home/airflow/.local/lib/python3.12/site-packages/airflow/example_dags/example_complex.py
[2025-03-16T05:35:01.202+0000] {processor.py:925} INFO - DAG(s) 'example_complex' retrieved from /home/airflow/.local/lib/python3.12/site-packages/airflow/example_dags/example_complex.py
[2025-03-16T05:35:01.245+0000] {logging_mixin.py:190} INFO - [2025-03-16T05:35:01.245+0000] {dag.py:3239} INFO - Sync 1 DAGs
[2025-03-16T05:35:01.265+0000] {logging_mixin.py:190} INFO - [2025-03-16T05:35:01.265+0000] {dag.py:4180} INFO - Setting next_dagrun for example_complex to None, run_after=None
[2025-03-16T05:35:01.298+0000] {processor.py:208} INFO - Processing /home/airflow/.local/lib/python3.12/site-packages/airflow/example_dags/example_complex.py took 0.136 seconds
[2025-03-16T05:35:31.680+0000] {processor.py:186} INFO - Started process (PID=22046) to work on /home/airflow/.local/lib/python3.12/site-packages/airflow/example_dags/example_complex.py
[2025-03-16T05:35:31.686+0000] {processor.py:914} INFO - Processing file /home/airflow/.local/lib/python3.12/site-packages/airflow/example_dags/example_complex.py for tasks to queue
[2025-03-16T05:35:31.692+0000] {logging_mixin.py:190} INFO - [2025-03-16T05:35:31.691+0000] {dagbag.py:588} INFO - Filling up the DagBag from /home/airflow/.local/lib/python3.12/site-packages/airflow/example_dags/example_complex.py
[2025-03-16T05:35:31.734+0000] {processor.py:925} INFO - DAG(s) 'example_complex' retrieved from /home/airflow/.local/lib/python3.12/site-packages/airflow/example_dags/example_complex.py
[2025-03-16T05:35:31.795+0000] {logging_mixin.py:190} INFO - [2025-03-16T05:35:31.794+0000] {dag.py:3239} INFO - Sync 1 DAGs
[2025-03-16T05:35:31.814+0000] {logging_mixin.py:190} INFO - [2025-03-16T05:35:31.814+0000] {dag.py:4180} INFO - Setting next_dagrun for example_complex to None, run_after=None
[2025-03-16T05:35:31.844+0000] {processor.py:208} INFO - Processing /home/airflow/.local/lib/python3.12/site-packages/airflow/example_dags/example_complex.py took 0.173 seconds
[2025-03-16T05:36:02.070+0000] {processor.py:186} INFO - Started process (PID=22111) to work on /home/airflow/.local/lib/python3.12/site-packages/airflow/example_dags/example_complex.py
[2025-03-16T05:36:02.072+0000] {processor.py:914} INFO - Processing file /home/airflow/.local/lib/python3.12/site-packages/airflow/example_dags/example_complex.py for tasks to queue
[2025-03-16T05:36:02.076+0000] {logging_mixin.py:190} INFO - [2025-03-16T05:36:02.075+0000] {dagbag.py:588} INFO - Filling up the DagBag from /home/airflow/.local/lib/python3.12/site-packages/airflow/example_dags/example_complex.py
[2025-03-16T05:36:02.092+0000] {processor.py:925} INFO - DAG(s) 'example_complex' retrieved from /home/airflow/.local/lib/python3.12/site-packages/airflow/example_dags/example_complex.py
[2025-03-16T05:36:02.135+0000] {logging_mixin.py:190} INFO - [2025-03-16T05:36:02.135+0000] {dag.py:3239} INFO - Sync 1 DAGs
[2025-03-16T05:36:02.156+0000] {logging_mixin.py:190} INFO - [2025-03-16T05:36:02.155+0000] {dag.py:4180} INFO - Setting next_dagrun for example_complex to None, run_after=None
[2025-03-16T05:36:02.185+0000] {processor.py:208} INFO - Processing /home/airflow/.local/lib/python3.12/site-packages/airflow/example_dags/example_complex.py took 0.124 seconds
[2025-03-16T05:36:32.473+0000] {processor.py:186} INFO - Started process (PID=22176) to work on /home/airflow/.local/lib/python3.12/site-packages/airflow/example_dags/example_complex.py
[2025-03-16T05:36:32.475+0000] {processor.py:914} INFO - Processing file /home/airflow/.local/lib/python3.12/site-packages/airflow/example_dags/example_complex.py for tasks to queue
[2025-03-16T05:36:32.479+0000] {logging_mixin.py:190} INFO - [2025-03-16T05:36:32.478+0000] {dagbag.py:588} INFO - Filling up the DagBag from /home/airflow/.local/lib/python3.12/site-packages/airflow/example_dags/example_complex.py
[2025-03-16T05:36:32.495+0000] {processor.py:925} INFO - DAG(s) 'example_complex' retrieved from /home/airflow/.local/lib/python3.12/site-packages/airflow/example_dags/example_complex.py
[2025-03-16T05:36:32.564+0000] {logging_mixin.py:190} INFO - [2025-03-16T05:36:32.563+0000] {dag.py:3239} INFO - Sync 1 DAGs
[2025-03-16T05:36:32.589+0000] {logging_mixin.py:190} INFO - [2025-03-16T05:36:32.589+0000] {dag.py:4180} INFO - Setting next_dagrun for example_complex to None, run_after=None
[2025-03-16T05:36:32.634+0000] {processor.py:208} INFO - Processing /home/airflow/.local/lib/python3.12/site-packages/airflow/example_dags/example_complex.py took 0.169 seconds
[2025-03-16T05:37:02.735+0000] {processor.py:186} INFO - Started process (PID=22241) to work on /home/airflow/.local/lib/python3.12/site-packages/airflow/example_dags/example_complex.py
[2025-03-16T05:37:02.737+0000] {processor.py:914} INFO - Processing file /home/airflow/.local/lib/python3.12/site-packages/airflow/example_dags/example_complex.py for tasks to queue
[2025-03-16T05:37:02.740+0000] {logging_mixin.py:190} INFO - [2025-03-16T05:37:02.739+0000] {dagbag.py:588} INFO - Filling up the DagBag from /home/airflow/.local/lib/python3.12/site-packages/airflow/example_dags/example_complex.py
[2025-03-16T05:37:02.757+0000] {processor.py:925} INFO - DAG(s) 'example_complex' retrieved from /home/airflow/.local/lib/python3.12/site-packages/airflow/example_dags/example_complex.py
[2025-03-16T05:37:02.799+0000] {logging_mixin.py:190} INFO - [2025-03-16T05:37:02.798+0000] {dag.py:3239} INFO - Sync 1 DAGs
[2025-03-16T05:37:02.818+0000] {logging_mixin.py:190} INFO - [2025-03-16T05:37:02.818+0000] {dag.py:4180} INFO - Setting next_dagrun for example_complex to None, run_after=None
[2025-03-16T05:37:02.849+0000] {processor.py:208} INFO - Processing /home/airflow/.local/lib/python3.12/site-packages/airflow/example_dags/example_complex.py took 0.121 seconds
[2025-03-16T05:37:33.374+0000] {processor.py:186} INFO - Started process (PID=22303) to work on /home/airflow/.local/lib/python3.12/site-packages/airflow/example_dags/example_complex.py
[2025-03-16T05:37:33.376+0000] {processor.py:914} INFO - Processing file /home/airflow/.local/lib/python3.12/site-packages/airflow/example_dags/example_complex.py for tasks to queue
[2025-03-16T05:37:33.381+0000] {logging_mixin.py:190} INFO - [2025-03-16T05:37:33.380+0000] {dagbag.py:588} INFO - Filling up the DagBag from /home/airflow/.local/lib/python3.12/site-packages/airflow/example_dags/example_complex.py
[2025-03-16T05:37:33.406+0000] {processor.py:925} INFO - DAG(s) 'example_complex' retrieved from /home/airflow/.local/lib/python3.12/site-packages/airflow/example_dags/example_complex.py
[2025-03-16T05:37:33.458+0000] {logging_mixin.py:190} INFO - [2025-03-16T05:37:33.458+0000] {dag.py:3239} INFO - Sync 1 DAGs
[2025-03-16T05:37:33.480+0000] {logging_mixin.py:190} INFO - [2025-03-16T05:37:33.480+0000] {dag.py:4180} INFO - Setting next_dagrun for example_complex to None, run_after=None
[2025-03-16T05:37:33.510+0000] {processor.py:208} INFO - Processing /home/airflow/.local/lib/python3.12/site-packages/airflow/example_dags/example_complex.py took 0.148 seconds
[2025-03-16T05:38:03.792+0000] {processor.py:186} INFO - Started process (PID=22367) to work on /home/airflow/.local/lib/python3.12/site-packages/airflow/example_dags/example_complex.py
[2025-03-16T05:38:03.794+0000] {processor.py:914} INFO - Processing file /home/airflow/.local/lib/python3.12/site-packages/airflow/example_dags/example_complex.py for tasks to queue
[2025-03-16T05:38:03.799+0000] {logging_mixin.py:190} INFO - [2025-03-16T05:38:03.798+0000] {dagbag.py:588} INFO - Filling up the DagBag from /home/airflow/.local/lib/python3.12/site-packages/airflow/example_dags/example_complex.py
[2025-03-16T05:38:03.822+0000] {processor.py:925} INFO - DAG(s) 'example_complex' retrieved from /home/airflow/.local/lib/python3.12/site-packages/airflow/example_dags/example_complex.py
[2025-03-16T05:38:03.883+0000] {logging_mixin.py:190} INFO - [2025-03-16T05:38:03.882+0000] {dag.py:3239} INFO - Sync 1 DAGs
[2025-03-16T05:38:03.909+0000] {logging_mixin.py:190} INFO - [2025-03-16T05:38:03.909+0000] {dag.py:4180} INFO - Setting next_dagrun for example_complex to None, run_after=None
[2025-03-16T05:38:03.947+0000] {processor.py:208} INFO - Processing /home/airflow/.local/lib/python3.12/site-packages/airflow/example_dags/example_complex.py took 0.166 seconds
[2025-03-16T05:38:34.602+0000] {processor.py:186} INFO - Started process (PID=22432) to work on /home/airflow/.local/lib/python3.12/site-packages/airflow/example_dags/example_complex.py
[2025-03-16T05:38:34.604+0000] {processor.py:914} INFO - Processing file /home/airflow/.local/lib/python3.12/site-packages/airflow/example_dags/example_complex.py for tasks to queue
[2025-03-16T05:38:34.608+0000] {logging_mixin.py:190} INFO - [2025-03-16T05:38:34.608+0000] {dagbag.py:588} INFO - Filling up the DagBag from /home/airflow/.local/lib/python3.12/site-packages/airflow/example_dags/example_complex.py
[2025-03-16T05:38:34.628+0000] {processor.py:925} INFO - DAG(s) 'example_complex' retrieved from /home/airflow/.local/lib/python3.12/site-packages/airflow/example_dags/example_complex.py
[2025-03-16T05:38:34.669+0000] {logging_mixin.py:190} INFO - [2025-03-16T05:38:34.668+0000] {dag.py:3239} INFO - Sync 1 DAGs
[2025-03-16T05:38:34.697+0000] {logging_mixin.py:190} INFO - [2025-03-16T05:38:34.697+0000] {dag.py:4180} INFO - Setting next_dagrun for example_complex to None, run_after=None
[2025-03-16T05:38:34.737+0000] {processor.py:208} INFO - Processing /home/airflow/.local/lib/python3.12/site-packages/airflow/example_dags/example_complex.py took 0.144 seconds
[2025-03-16T05:39:05.131+0000] {processor.py:186} INFO - Started process (PID=22497) to work on /home/airflow/.local/lib/python3.12/site-packages/airflow/example_dags/example_complex.py
[2025-03-16T05:39:05.133+0000] {processor.py:914} INFO - Processing file /home/airflow/.local/lib/python3.12/site-packages/airflow/example_dags/example_complex.py for tasks to queue
[2025-03-16T05:39:05.138+0000] {logging_mixin.py:190} INFO - [2025-03-16T05:39:05.137+0000] {dagbag.py:588} INFO - Filling up the DagBag from /home/airflow/.local/lib/python3.12/site-packages/airflow/example_dags/example_complex.py
[2025-03-16T05:39:05.159+0000] {processor.py:925} INFO - DAG(s) 'example_complex' retrieved from /home/airflow/.local/lib/python3.12/site-packages/airflow/example_dags/example_complex.py
[2025-03-16T05:39:05.210+0000] {logging_mixin.py:190} INFO - [2025-03-16T05:39:05.209+0000] {dag.py:3239} INFO - Sync 1 DAGs
[2025-03-16T05:39:05.234+0000] {logging_mixin.py:190} INFO - [2025-03-16T05:39:05.234+0000] {dag.py:4180} INFO - Setting next_dagrun for example_complex to None, run_after=None
[2025-03-16T05:39:05.272+0000] {processor.py:208} INFO - Processing /home/airflow/.local/lib/python3.12/site-packages/airflow/example_dags/example_complex.py took 0.151 seconds
[2025-03-16T05:39:35.462+0000] {processor.py:186} INFO - Started process (PID=22562) to work on /home/airflow/.local/lib/python3.12/site-packages/airflow/example_dags/example_complex.py
[2025-03-16T05:39:35.464+0000] {processor.py:914} INFO - Processing file /home/airflow/.local/lib/python3.12/site-packages/airflow/example_dags/example_complex.py for tasks to queue
[2025-03-16T05:39:35.468+0000] {logging_mixin.py:190} INFO - [2025-03-16T05:39:35.467+0000] {dagbag.py:588} INFO - Filling up the DagBag from /home/airflow/.local/lib/python3.12/site-packages/airflow/example_dags/example_complex.py
[2025-03-16T05:39:35.485+0000] {processor.py:925} INFO - DAG(s) 'example_complex' retrieved from /home/airflow/.local/lib/python3.12/site-packages/airflow/example_dags/example_complex.py
[2025-03-16T05:39:35.532+0000] {logging_mixin.py:190} INFO - [2025-03-16T05:39:35.530+0000] {dag.py:3239} INFO - Sync 1 DAGs
[2025-03-16T05:39:35.563+0000] {logging_mixin.py:190} INFO - [2025-03-16T05:39:35.563+0000] {dag.py:4180} INFO - Setting next_dagrun for example_complex to None, run_after=None
[2025-03-16T05:39:35.599+0000] {processor.py:208} INFO - Processing /home/airflow/.local/lib/python3.12/site-packages/airflow/example_dags/example_complex.py took 0.144 seconds
[2025-03-16T05:40:05.797+0000] {processor.py:186} INFO - Started process (PID=22627) to work on /home/airflow/.local/lib/python3.12/site-packages/airflow/example_dags/example_complex.py
[2025-03-16T05:40:05.798+0000] {processor.py:914} INFO - Processing file /home/airflow/.local/lib/python3.12/site-packages/airflow/example_dags/example_complex.py for tasks to queue
[2025-03-16T05:40:05.802+0000] {logging_mixin.py:190} INFO - [2025-03-16T05:40:05.801+0000] {dagbag.py:588} INFO - Filling up the DagBag from /home/airflow/.local/lib/python3.12/site-packages/airflow/example_dags/example_complex.py
[2025-03-16T05:40:05.820+0000] {processor.py:925} INFO - DAG(s) 'example_complex' retrieved from /home/airflow/.local/lib/python3.12/site-packages/airflow/example_dags/example_complex.py
[2025-03-16T05:40:05.863+0000] {logging_mixin.py:190} INFO - [2025-03-16T05:40:05.862+0000] {dag.py:3239} INFO - Sync 1 DAGs
[2025-03-16T05:40:05.882+0000] {logging_mixin.py:190} INFO - [2025-03-16T05:40:05.881+0000] {dag.py:4180} INFO - Setting next_dagrun for example_complex to None, run_after=None
[2025-03-16T05:40:05.916+0000] {processor.py:208} INFO - Processing /home/airflow/.local/lib/python3.12/site-packages/airflow/example_dags/example_complex.py took 0.127 seconds
[2025-03-16T05:40:36.268+0000] {processor.py:186} INFO - Started process (PID=22692) to work on /home/airflow/.local/lib/python3.12/site-packages/airflow/example_dags/example_complex.py
[2025-03-16T05:40:36.270+0000] {processor.py:914} INFO - Processing file /home/airflow/.local/lib/python3.12/site-packages/airflow/example_dags/example_complex.py for tasks to queue
[2025-03-16T05:40:36.275+0000] {logging_mixin.py:190} INFO - [2025-03-16T05:40:36.274+0000] {dagbag.py:588} INFO - Filling up the DagBag from /home/airflow/.local/lib/python3.12/site-packages/airflow/example_dags/example_complex.py
[2025-03-16T05:40:36.293+0000] {processor.py:925} INFO - DAG(s) 'example_complex' retrieved from /home/airflow/.local/lib/python3.12/site-packages/airflow/example_dags/example_complex.py
[2025-03-16T05:40:36.350+0000] {logging_mixin.py:190} INFO - [2025-03-16T05:40:36.349+0000] {dag.py:3239} INFO - Sync 1 DAGs
[2025-03-16T05:40:36.371+0000] {logging_mixin.py:190} INFO - [2025-03-16T05:40:36.371+0000] {dag.py:4180} INFO - Setting next_dagrun for example_complex to None, run_after=None
[2025-03-16T05:40:36.408+0000] {processor.py:208} INFO - Processing /home/airflow/.local/lib/python3.12/site-packages/airflow/example_dags/example_complex.py took 0.149 seconds
[2025-03-16T05:41:06.545+0000] {processor.py:186} INFO - Started process (PID=22757) to work on /home/airflow/.local/lib/python3.12/site-packages/airflow/example_dags/example_complex.py
[2025-03-16T05:41:06.547+0000] {processor.py:914} INFO - Processing file /home/airflow/.local/lib/python3.12/site-packages/airflow/example_dags/example_complex.py for tasks to queue
[2025-03-16T05:41:06.550+0000] {logging_mixin.py:190} INFO - [2025-03-16T05:41:06.550+0000] {dagbag.py:588} INFO - Filling up the DagBag from /home/airflow/.local/lib/python3.12/site-packages/airflow/example_dags/example_complex.py
[2025-03-16T05:41:06.566+0000] {processor.py:925} INFO - DAG(s) 'example_complex' retrieved from /home/airflow/.local/lib/python3.12/site-packages/airflow/example_dags/example_complex.py
[2025-03-16T05:41:06.611+0000] {logging_mixin.py:190} INFO - [2025-03-16T05:41:06.611+0000] {dag.py:3239} INFO - Sync 1 DAGs
[2025-03-16T05:41:06.632+0000] {logging_mixin.py:190} INFO - [2025-03-16T05:41:06.631+0000] {dag.py:4180} INFO - Setting next_dagrun for example_complex to None, run_after=None
[2025-03-16T05:41:06.685+0000] {processor.py:208} INFO - Processing /home/airflow/.local/lib/python3.12/site-packages/airflow/example_dags/example_complex.py took 0.148 seconds
[2025-03-16T05:41:36.869+0000] {processor.py:186} INFO - Started process (PID=22822) to work on /home/airflow/.local/lib/python3.12/site-packages/airflow/example_dags/example_complex.py
[2025-03-16T05:41:36.871+0000] {processor.py:914} INFO - Processing file /home/airflow/.local/lib/python3.12/site-packages/airflow/example_dags/example_complex.py for tasks to queue
[2025-03-16T05:41:36.874+0000] {logging_mixin.py:190} INFO - [2025-03-16T05:41:36.874+0000] {dagbag.py:588} INFO - Filling up the DagBag from /home/airflow/.local/lib/python3.12/site-packages/airflow/example_dags/example_complex.py
[2025-03-16T05:41:36.892+0000] {processor.py:925} INFO - DAG(s) 'example_complex' retrieved from /home/airflow/.local/lib/python3.12/site-packages/airflow/example_dags/example_complex.py
[2025-03-16T05:41:36.938+0000] {logging_mixin.py:190} INFO - [2025-03-16T05:41:36.937+0000] {dag.py:3239} INFO - Sync 1 DAGs
[2025-03-16T05:41:36.958+0000] {logging_mixin.py:190} INFO - [2025-03-16T05:41:36.957+0000] {dag.py:4180} INFO - Setting next_dagrun for example_complex to None, run_after=None
[2025-03-16T05:41:36.993+0000] {processor.py:208} INFO - Processing /home/airflow/.local/lib/python3.12/site-packages/airflow/example_dags/example_complex.py took 0.132 seconds
[2025-03-16T05:42:07.130+0000] {processor.py:186} INFO - Started process (PID=22887) to work on /home/airflow/.local/lib/python3.12/site-packages/airflow/example_dags/example_complex.py
[2025-03-16T05:42:07.132+0000] {processor.py:914} INFO - Processing file /home/airflow/.local/lib/python3.12/site-packages/airflow/example_dags/example_complex.py for tasks to queue
[2025-03-16T05:42:07.137+0000] {logging_mixin.py:190} INFO - [2025-03-16T05:42:07.136+0000] {dagbag.py:588} INFO - Filling up the DagBag from /home/airflow/.local/lib/python3.12/site-packages/airflow/example_dags/example_complex.py
[2025-03-16T05:42:07.158+0000] {processor.py:925} INFO - DAG(s) 'example_complex' retrieved from /home/airflow/.local/lib/python3.12/site-packages/airflow/example_dags/example_complex.py
[2025-03-16T05:42:07.205+0000] {logging_mixin.py:190} INFO - [2025-03-16T05:42:07.205+0000] {dag.py:3239} INFO - Sync 1 DAGs
[2025-03-16T05:42:07.469+0000] {logging_mixin.py:190} INFO - [2025-03-16T05:42:07.469+0000] {dag.py:4180} INFO - Setting next_dagrun for example_complex to None, run_after=None
[2025-03-16T05:42:07.499+0000] {processor.py:208} INFO - Processing /home/airflow/.local/lib/python3.12/site-packages/airflow/example_dags/example_complex.py took 0.381 seconds
[2025-03-16T05:42:37.576+0000] {processor.py:186} INFO - Started process (PID=22952) to work on /home/airflow/.local/lib/python3.12/site-packages/airflow/example_dags/example_complex.py
[2025-03-16T05:42:37.578+0000] {processor.py:914} INFO - Processing file /home/airflow/.local/lib/python3.12/site-packages/airflow/example_dags/example_complex.py for tasks to queue
[2025-03-16T05:42:37.582+0000] {logging_mixin.py:190} INFO - [2025-03-16T05:42:37.581+0000] {dagbag.py:588} INFO - Filling up the DagBag from /home/airflow/.local/lib/python3.12/site-packages/airflow/example_dags/example_complex.py
[2025-03-16T05:42:37.599+0000] {processor.py:925} INFO - DAG(s) 'example_complex' retrieved from /home/airflow/.local/lib/python3.12/site-packages/airflow/example_dags/example_complex.py
[2025-03-16T05:42:37.640+0000] {logging_mixin.py:190} INFO - [2025-03-16T05:42:37.639+0000] {dag.py:3239} INFO - Sync 1 DAGs
[2025-03-16T05:42:37.858+0000] {logging_mixin.py:190} INFO - [2025-03-16T05:42:37.858+0000] {dag.py:4180} INFO - Setting next_dagrun for example_complex to None, run_after=None
[2025-03-16T05:42:37.892+0000] {processor.py:208} INFO - Processing /home/airflow/.local/lib/python3.12/site-packages/airflow/example_dags/example_complex.py took 0.324 seconds
[2025-03-16T05:43:08.021+0000] {processor.py:186} INFO - Started process (PID=23017) to work on /home/airflow/.local/lib/python3.12/site-packages/airflow/example_dags/example_complex.py
[2025-03-16T05:43:08.022+0000] {processor.py:914} INFO - Processing file /home/airflow/.local/lib/python3.12/site-packages/airflow/example_dags/example_complex.py for tasks to queue
[2025-03-16T05:43:08.026+0000] {logging_mixin.py:190} INFO - [2025-03-16T05:43:08.026+0000] {dagbag.py:588} INFO - Filling up the DagBag from /home/airflow/.local/lib/python3.12/site-packages/airflow/example_dags/example_complex.py
[2025-03-16T05:43:08.043+0000] {processor.py:925} INFO - DAG(s) 'example_complex' retrieved from /home/airflow/.local/lib/python3.12/site-packages/airflow/example_dags/example_complex.py
[2025-03-16T05:43:08.093+0000] {logging_mixin.py:190} INFO - [2025-03-16T05:43:08.093+0000] {dag.py:3239} INFO - Sync 1 DAGs
[2025-03-16T05:43:08.113+0000] {logging_mixin.py:190} INFO - [2025-03-16T05:43:08.112+0000] {dag.py:4180} INFO - Setting next_dagrun for example_complex to None, run_after=None
[2025-03-16T05:43:08.150+0000] {processor.py:208} INFO - Processing /home/airflow/.local/lib/python3.12/site-packages/airflow/example_dags/example_complex.py took 0.137 seconds
[2025-03-16T05:43:39.100+0000] {processor.py:186} INFO - Started process (PID=23082) to work on /home/airflow/.local/lib/python3.12/site-packages/airflow/example_dags/example_complex.py
[2025-03-16T05:43:39.102+0000] {processor.py:914} INFO - Processing file /home/airflow/.local/lib/python3.12/site-packages/airflow/example_dags/example_complex.py for tasks to queue
[2025-03-16T05:43:39.106+0000] {logging_mixin.py:190} INFO - [2025-03-16T05:43:39.105+0000] {dagbag.py:588} INFO - Filling up the DagBag from /home/airflow/.local/lib/python3.12/site-packages/airflow/example_dags/example_complex.py
[2025-03-16T05:43:39.123+0000] {processor.py:925} INFO - DAG(s) 'example_complex' retrieved from /home/airflow/.local/lib/python3.12/site-packages/airflow/example_dags/example_complex.py
[2025-03-16T05:43:39.169+0000] {logging_mixin.py:190} INFO - [2025-03-16T05:43:39.169+0000] {dag.py:3239} INFO - Sync 1 DAGs
[2025-03-16T05:43:39.192+0000] {logging_mixin.py:190} INFO - [2025-03-16T05:43:39.191+0000] {dag.py:4180} INFO - Setting next_dagrun for example_complex to None, run_after=None
[2025-03-16T05:43:39.222+0000] {processor.py:208} INFO - Processing /home/airflow/.local/lib/python3.12/site-packages/airflow/example_dags/example_complex.py took 0.130 seconds
[2025-03-16T05:44:09.770+0000] {processor.py:186} INFO - Started process (PID=23148) to work on /home/airflow/.local/lib/python3.12/site-packages/airflow/example_dags/example_complex.py
[2025-03-16T05:44:09.772+0000] {processor.py:914} INFO - Processing file /home/airflow/.local/lib/python3.12/site-packages/airflow/example_dags/example_complex.py for tasks to queue
[2025-03-16T05:44:09.775+0000] {logging_mixin.py:190} INFO - [2025-03-16T05:44:09.775+0000] {dagbag.py:588} INFO - Filling up the DagBag from /home/airflow/.local/lib/python3.12/site-packages/airflow/example_dags/example_complex.py
[2025-03-16T05:44:09.791+0000] {processor.py:925} INFO - DAG(s) 'example_complex' retrieved from /home/airflow/.local/lib/python3.12/site-packages/airflow/example_dags/example_complex.py
[2025-03-16T05:44:09.834+0000] {logging_mixin.py:190} INFO - [2025-03-16T05:44:09.833+0000] {dag.py:3239} INFO - Sync 1 DAGs
[2025-03-16T05:44:09.876+0000] {logging_mixin.py:190} INFO - [2025-03-16T05:44:09.875+0000] {dag.py:4180} INFO - Setting next_dagrun for example_complex to None, run_after=None
[2025-03-16T05:44:09.914+0000] {processor.py:208} INFO - Processing /home/airflow/.local/lib/python3.12/site-packages/airflow/example_dags/example_complex.py took 0.151 seconds
[2025-03-16T05:44:40.395+0000] {processor.py:186} INFO - Started process (PID=23213) to work on /home/airflow/.local/lib/python3.12/site-packages/airflow/example_dags/example_complex.py
[2025-03-16T05:44:40.397+0000] {processor.py:914} INFO - Processing file /home/airflow/.local/lib/python3.12/site-packages/airflow/example_dags/example_complex.py for tasks to queue
[2025-03-16T05:44:40.400+0000] {logging_mixin.py:190} INFO - [2025-03-16T05:44:40.400+0000] {dagbag.py:588} INFO - Filling up the DagBag from /home/airflow/.local/lib/python3.12/site-packages/airflow/example_dags/example_complex.py
[2025-03-16T05:44:40.419+0000] {processor.py:925} INFO - DAG(s) 'example_complex' retrieved from /home/airflow/.local/lib/python3.12/site-packages/airflow/example_dags/example_complex.py
[2025-03-16T05:44:40.462+0000] {logging_mixin.py:190} INFO - [2025-03-16T05:44:40.462+0000] {dag.py:3239} INFO - Sync 1 DAGs
[2025-03-16T05:44:40.483+0000] {logging_mixin.py:190} INFO - [2025-03-16T05:44:40.482+0000] {dag.py:4180} INFO - Setting next_dagrun for example_complex to None, run_after=None
[2025-03-16T05:44:40.518+0000] {processor.py:208} INFO - Processing /home/airflow/.local/lib/python3.12/site-packages/airflow/example_dags/example_complex.py took 0.130 seconds
[2025-03-16T05:45:10.781+0000] {processor.py:186} INFO - Started process (PID=23278) to work on /home/airflow/.local/lib/python3.12/site-packages/airflow/example_dags/example_complex.py
[2025-03-16T05:45:10.782+0000] {processor.py:914} INFO - Processing file /home/airflow/.local/lib/python3.12/site-packages/airflow/example_dags/example_complex.py for tasks to queue
[2025-03-16T05:45:10.787+0000] {logging_mixin.py:190} INFO - [2025-03-16T05:45:10.786+0000] {dagbag.py:588} INFO - Filling up the DagBag from /home/airflow/.local/lib/python3.12/site-packages/airflow/example_dags/example_complex.py
[2025-03-16T05:45:10.805+0000] {processor.py:925} INFO - DAG(s) 'example_complex' retrieved from /home/airflow/.local/lib/python3.12/site-packages/airflow/example_dags/example_complex.py
[2025-03-16T05:45:10.851+0000] {logging_mixin.py:190} INFO - [2025-03-16T05:45:10.850+0000] {dag.py:3239} INFO - Sync 1 DAGs
[2025-03-16T05:45:10.870+0000] {logging_mixin.py:190} INFO - [2025-03-16T05:45:10.870+0000] {dag.py:4180} INFO - Setting next_dagrun for example_complex to None, run_after=None
[2025-03-16T05:45:10.907+0000] {processor.py:208} INFO - Processing /home/airflow/.local/lib/python3.12/site-packages/airflow/example_dags/example_complex.py took 0.134 seconds
[2025-03-16T05:45:41.215+0000] {processor.py:186} INFO - Started process (PID=23344) to work on /home/airflow/.local/lib/python3.12/site-packages/airflow/example_dags/example_complex.py
[2025-03-16T05:45:41.216+0000] {processor.py:914} INFO - Processing file /home/airflow/.local/lib/python3.12/site-packages/airflow/example_dags/example_complex.py for tasks to queue
[2025-03-16T05:45:41.220+0000] {logging_mixin.py:190} INFO - [2025-03-16T05:45:41.219+0000] {dagbag.py:588} INFO - Filling up the DagBag from /home/airflow/.local/lib/python3.12/site-packages/airflow/example_dags/example_complex.py
[2025-03-16T05:45:41.236+0000] {processor.py:925} INFO - DAG(s) 'example_complex' retrieved from /home/airflow/.local/lib/python3.12/site-packages/airflow/example_dags/example_complex.py
[2025-03-16T05:45:41.282+0000] {logging_mixin.py:190} INFO - [2025-03-16T05:45:41.282+0000] {dag.py:3239} INFO - Sync 1 DAGs
[2025-03-16T05:45:41.302+0000] {logging_mixin.py:190} INFO - [2025-03-16T05:45:41.301+0000] {dag.py:4180} INFO - Setting next_dagrun for example_complex to None, run_after=None
[2025-03-16T05:45:41.339+0000] {processor.py:208} INFO - Processing /home/airflow/.local/lib/python3.12/site-packages/airflow/example_dags/example_complex.py took 0.132 seconds
[2025-03-16T05:46:11.998+0000] {processor.py:186} INFO - Started process (PID=23409) to work on /home/airflow/.local/lib/python3.12/site-packages/airflow/example_dags/example_complex.py
[2025-03-16T05:46:12.000+0000] {processor.py:914} INFO - Processing file /home/airflow/.local/lib/python3.12/site-packages/airflow/example_dags/example_complex.py for tasks to queue
[2025-03-16T05:46:12.004+0000] {logging_mixin.py:190} INFO - [2025-03-16T05:46:12.003+0000] {dagbag.py:588} INFO - Filling up the DagBag from /home/airflow/.local/lib/python3.12/site-packages/airflow/example_dags/example_complex.py
[2025-03-16T05:46:12.021+0000] {processor.py:925} INFO - DAG(s) 'example_complex' retrieved from /home/airflow/.local/lib/python3.12/site-packages/airflow/example_dags/example_complex.py
[2025-03-16T05:46:12.065+0000] {logging_mixin.py:190} INFO - [2025-03-16T05:46:12.064+0000] {dag.py:3239} INFO - Sync 1 DAGs
[2025-03-16T05:46:12.084+0000] {logging_mixin.py:190} INFO - [2025-03-16T05:46:12.084+0000] {dag.py:4180} INFO - Setting next_dagrun for example_complex to None, run_after=None
[2025-03-16T05:46:12.118+0000] {processor.py:208} INFO - Processing /home/airflow/.local/lib/python3.12/site-packages/airflow/example_dags/example_complex.py took 0.127 seconds
[2025-03-16T05:46:42.336+0000] {processor.py:186} INFO - Started process (PID=23474) to work on /home/airflow/.local/lib/python3.12/site-packages/airflow/example_dags/example_complex.py
[2025-03-16T05:46:42.338+0000] {processor.py:914} INFO - Processing file /home/airflow/.local/lib/python3.12/site-packages/airflow/example_dags/example_complex.py for tasks to queue
[2025-03-16T05:46:42.342+0000] {logging_mixin.py:190} INFO - [2025-03-16T05:46:42.341+0000] {dagbag.py:588} INFO - Filling up the DagBag from /home/airflow/.local/lib/python3.12/site-packages/airflow/example_dags/example_complex.py
[2025-03-16T05:46:42.358+0000] {processor.py:925} INFO - DAG(s) 'example_complex' retrieved from /home/airflow/.local/lib/python3.12/site-packages/airflow/example_dags/example_complex.py
[2025-03-16T05:46:42.410+0000] {logging_mixin.py:190} INFO - [2025-03-16T05:46:42.410+0000] {dag.py:3239} INFO - Sync 1 DAGs
[2025-03-16T05:46:42.432+0000] {logging_mixin.py:190} INFO - [2025-03-16T05:46:42.432+0000] {dag.py:4180} INFO - Setting next_dagrun for example_complex to None, run_after=None
[2025-03-16T05:46:42.467+0000] {processor.py:208} INFO - Processing /home/airflow/.local/lib/python3.12/site-packages/airflow/example_dags/example_complex.py took 0.141 seconds
[2025-03-16T05:47:13.075+0000] {processor.py:186} INFO - Started process (PID=23539) to work on /home/airflow/.local/lib/python3.12/site-packages/airflow/example_dags/example_complex.py
[2025-03-16T05:47:13.077+0000] {processor.py:914} INFO - Processing file /home/airflow/.local/lib/python3.12/site-packages/airflow/example_dags/example_complex.py for tasks to queue
[2025-03-16T05:47:13.082+0000] {logging_mixin.py:190} INFO - [2025-03-16T05:47:13.081+0000] {dagbag.py:588} INFO - Filling up the DagBag from /home/airflow/.local/lib/python3.12/site-packages/airflow/example_dags/example_complex.py
[2025-03-16T05:47:13.101+0000] {processor.py:925} INFO - DAG(s) 'example_complex' retrieved from /home/airflow/.local/lib/python3.12/site-packages/airflow/example_dags/example_complex.py
[2025-03-16T05:47:13.148+0000] {logging_mixin.py:190} INFO - [2025-03-16T05:47:13.148+0000] {dag.py:3239} INFO - Sync 1 DAGs
[2025-03-16T05:47:13.171+0000] {logging_mixin.py:190} INFO - [2025-03-16T05:47:13.171+0000] {dag.py:4180} INFO - Setting next_dagrun for example_complex to None, run_after=None
[2025-03-16T05:47:13.209+0000] {processor.py:208} INFO - Processing /home/airflow/.local/lib/python3.12/site-packages/airflow/example_dags/example_complex.py took 0.147 seconds
[2025-03-16T05:47:43.356+0000] {processor.py:186} INFO - Started process (PID=23604) to work on /home/airflow/.local/lib/python3.12/site-packages/airflow/example_dags/example_complex.py
[2025-03-16T05:47:43.358+0000] {processor.py:914} INFO - Processing file /home/airflow/.local/lib/python3.12/site-packages/airflow/example_dags/example_complex.py for tasks to queue
[2025-03-16T05:47:43.362+0000] {logging_mixin.py:190} INFO - [2025-03-16T05:47:43.361+0000] {dagbag.py:588} INFO - Filling up the DagBag from /home/airflow/.local/lib/python3.12/site-packages/airflow/example_dags/example_complex.py
[2025-03-16T05:47:43.381+0000] {processor.py:925} INFO - DAG(s) 'example_complex' retrieved from /home/airflow/.local/lib/python3.12/site-packages/airflow/example_dags/example_complex.py
[2025-03-16T05:47:43.429+0000] {logging_mixin.py:190} INFO - [2025-03-16T05:47:43.429+0000] {dag.py:3239} INFO - Sync 1 DAGs
[2025-03-16T05:47:43.453+0000] {logging_mixin.py:190} INFO - [2025-03-16T05:47:43.452+0000] {dag.py:4180} INFO - Setting next_dagrun for example_complex to None, run_after=None
[2025-03-16T05:47:43.492+0000] {processor.py:208} INFO - Processing /home/airflow/.local/lib/python3.12/site-packages/airflow/example_dags/example_complex.py took 0.146 seconds
[2025-03-16T05:48:14.068+0000] {processor.py:186} INFO - Started process (PID=23669) to work on /home/airflow/.local/lib/python3.12/site-packages/airflow/example_dags/example_complex.py
[2025-03-16T05:48:14.070+0000] {processor.py:914} INFO - Processing file /home/airflow/.local/lib/python3.12/site-packages/airflow/example_dags/example_complex.py for tasks to queue
[2025-03-16T05:48:14.074+0000] {logging_mixin.py:190} INFO - [2025-03-16T05:48:14.073+0000] {dagbag.py:588} INFO - Filling up the DagBag from /home/airflow/.local/lib/python3.12/site-packages/airflow/example_dags/example_complex.py
[2025-03-16T05:48:14.090+0000] {processor.py:925} INFO - DAG(s) 'example_complex' retrieved from /home/airflow/.local/lib/python3.12/site-packages/airflow/example_dags/example_complex.py
[2025-03-16T05:48:14.133+0000] {logging_mixin.py:190} INFO - [2025-03-16T05:48:14.132+0000] {dag.py:3239} INFO - Sync 1 DAGs
[2025-03-16T05:48:14.160+0000] {logging_mixin.py:190} INFO - [2025-03-16T05:48:14.159+0000] {dag.py:4180} INFO - Setting next_dagrun for example_complex to None, run_after=None
[2025-03-16T05:48:14.193+0000] {processor.py:208} INFO - Processing /home/airflow/.local/lib/python3.12/site-packages/airflow/example_dags/example_complex.py took 0.132 seconds
[2025-03-16T05:48:44.472+0000] {processor.py:186} INFO - Started process (PID=23734) to work on /home/airflow/.local/lib/python3.12/site-packages/airflow/example_dags/example_complex.py
[2025-03-16T05:48:44.474+0000] {processor.py:914} INFO - Processing file /home/airflow/.local/lib/python3.12/site-packages/airflow/example_dags/example_complex.py for tasks to queue
[2025-03-16T05:48:44.478+0000] {logging_mixin.py:190} INFO - [2025-03-16T05:48:44.477+0000] {dagbag.py:588} INFO - Filling up the DagBag from /home/airflow/.local/lib/python3.12/site-packages/airflow/example_dags/example_complex.py
[2025-03-16T05:48:44.494+0000] {processor.py:925} INFO - DAG(s) 'example_complex' retrieved from /home/airflow/.local/lib/python3.12/site-packages/airflow/example_dags/example_complex.py
[2025-03-16T05:48:44.540+0000] {logging_mixin.py:190} INFO - [2025-03-16T05:48:44.540+0000] {dag.py:3239} INFO - Sync 1 DAGs
[2025-03-16T05:48:44.561+0000] {logging_mixin.py:190} INFO - [2025-03-16T05:48:44.561+0000] {dag.py:4180} INFO - Setting next_dagrun for example_complex to None, run_after=None
[2025-03-16T05:48:44.597+0000] {processor.py:208} INFO - Processing /home/airflow/.local/lib/python3.12/site-packages/airflow/example_dags/example_complex.py took 0.132 seconds
[2025-03-16T05:49:14.676+0000] {processor.py:186} INFO - Started process (PID=23798) to work on /home/airflow/.local/lib/python3.12/site-packages/airflow/example_dags/example_complex.py
[2025-03-16T05:49:14.678+0000] {processor.py:914} INFO - Processing file /home/airflow/.local/lib/python3.12/site-packages/airflow/example_dags/example_complex.py for tasks to queue
[2025-03-16T05:49:14.682+0000] {logging_mixin.py:190} INFO - [2025-03-16T05:49:14.682+0000] {dagbag.py:588} INFO - Filling up the DagBag from /home/airflow/.local/lib/python3.12/site-packages/airflow/example_dags/example_complex.py
[2025-03-16T05:49:14.702+0000] {processor.py:925} INFO - DAG(s) 'example_complex' retrieved from /home/airflow/.local/lib/python3.12/site-packages/airflow/example_dags/example_complex.py
[2025-03-16T05:49:14.747+0000] {logging_mixin.py:190} INFO - [2025-03-16T05:49:14.747+0000] {dag.py:3239} INFO - Sync 1 DAGs
[2025-03-16T05:49:14.767+0000] {logging_mixin.py:190} INFO - [2025-03-16T05:49:14.767+0000] {dag.py:4180} INFO - Setting next_dagrun for example_complex to None, run_after=None
[2025-03-16T05:49:14.797+0000] {processor.py:208} INFO - Processing /home/airflow/.local/lib/python3.12/site-packages/airflow/example_dags/example_complex.py took 0.130 seconds
[2025-03-16T05:49:45.261+0000] {processor.py:186} INFO - Started process (PID=23861) to work on /home/airflow/.local/lib/python3.12/site-packages/airflow/example_dags/example_complex.py
[2025-03-16T05:49:45.263+0000] {processor.py:914} INFO - Processing file /home/airflow/.local/lib/python3.12/site-packages/airflow/example_dags/example_complex.py for tasks to queue
[2025-03-16T05:49:45.266+0000] {logging_mixin.py:190} INFO - [2025-03-16T05:49:45.266+0000] {dagbag.py:588} INFO - Filling up the DagBag from /home/airflow/.local/lib/python3.12/site-packages/airflow/example_dags/example_complex.py
[2025-03-16T05:49:45.287+0000] {processor.py:925} INFO - DAG(s) 'example_complex' retrieved from /home/airflow/.local/lib/python3.12/site-packages/airflow/example_dags/example_complex.py
[2025-03-16T05:49:45.337+0000] {logging_mixin.py:190} INFO - [2025-03-16T05:49:45.336+0000] {dag.py:3239} INFO - Sync 1 DAGs
[2025-03-16T05:49:45.360+0000] {logging_mixin.py:190} INFO - [2025-03-16T05:49:45.359+0000] {dag.py:4180} INFO - Setting next_dagrun for example_complex to None, run_after=None
[2025-03-16T05:49:45.400+0000] {processor.py:208} INFO - Processing /home/airflow/.local/lib/python3.12/site-packages/airflow/example_dags/example_complex.py took 0.150 seconds
[2025-03-16T05:50:15.634+0000] {processor.py:186} INFO - Started process (PID=23926) to work on /home/airflow/.local/lib/python3.12/site-packages/airflow/example_dags/example_complex.py
[2025-03-16T05:50:15.636+0000] {processor.py:914} INFO - Processing file /home/airflow/.local/lib/python3.12/site-packages/airflow/example_dags/example_complex.py for tasks to queue
[2025-03-16T05:50:15.641+0000] {logging_mixin.py:190} INFO - [2025-03-16T05:50:15.640+0000] {dagbag.py:588} INFO - Filling up the DagBag from /home/airflow/.local/lib/python3.12/site-packages/airflow/example_dags/example_complex.py
[2025-03-16T05:50:15.657+0000] {processor.py:925} INFO - DAG(s) 'example_complex' retrieved from /home/airflow/.local/lib/python3.12/site-packages/airflow/example_dags/example_complex.py
[2025-03-16T05:50:15.701+0000] {logging_mixin.py:190} INFO - [2025-03-16T05:50:15.701+0000] {dag.py:3239} INFO - Sync 1 DAGs
[2025-03-16T05:50:15.722+0000] {logging_mixin.py:190} INFO - [2025-03-16T05:50:15.722+0000] {dag.py:4180} INFO - Setting next_dagrun for example_complex to None, run_after=None
[2025-03-16T05:50:15.752+0000] {processor.py:208} INFO - Processing /home/airflow/.local/lib/python3.12/site-packages/airflow/example_dags/example_complex.py took 0.127 seconds
[2025-03-16T05:50:46.061+0000] {processor.py:186} INFO - Started process (PID=23991) to work on /home/airflow/.local/lib/python3.12/site-packages/airflow/example_dags/example_complex.py
[2025-03-16T05:50:46.062+0000] {processor.py:914} INFO - Processing file /home/airflow/.local/lib/python3.12/site-packages/airflow/example_dags/example_complex.py for tasks to queue
[2025-03-16T05:50:46.070+0000] {logging_mixin.py:190} INFO - [2025-03-16T05:50:46.067+0000] {dagbag.py:588} INFO - Filling up the DagBag from /home/airflow/.local/lib/python3.12/site-packages/airflow/example_dags/example_complex.py
[2025-03-16T05:50:46.091+0000] {processor.py:925} INFO - DAG(s) 'example_complex' retrieved from /home/airflow/.local/lib/python3.12/site-packages/airflow/example_dags/example_complex.py
[2025-03-16T05:50:46.136+0000] {logging_mixin.py:190} INFO - [2025-03-16T05:50:46.135+0000] {dag.py:3239} INFO - Sync 1 DAGs
[2025-03-16T05:50:46.156+0000] {logging_mixin.py:190} INFO - [2025-03-16T05:50:46.156+0000] {dag.py:4180} INFO - Setting next_dagrun for example_complex to None, run_after=None
[2025-03-16T05:50:46.188+0000] {processor.py:208} INFO - Processing /home/airflow/.local/lib/python3.12/site-packages/airflow/example_dags/example_complex.py took 0.136 seconds
[2025-03-16T05:51:16.337+0000] {processor.py:186} INFO - Started process (PID=24056) to work on /home/airflow/.local/lib/python3.12/site-packages/airflow/example_dags/example_complex.py
[2025-03-16T05:51:16.339+0000] {processor.py:914} INFO - Processing file /home/airflow/.local/lib/python3.12/site-packages/airflow/example_dags/example_complex.py for tasks to queue
[2025-03-16T05:51:16.343+0000] {logging_mixin.py:190} INFO - [2025-03-16T05:51:16.342+0000] {dagbag.py:588} INFO - Filling up the DagBag from /home/airflow/.local/lib/python3.12/site-packages/airflow/example_dags/example_complex.py
[2025-03-16T05:51:16.363+0000] {processor.py:925} INFO - DAG(s) 'example_complex' retrieved from /home/airflow/.local/lib/python3.12/site-packages/airflow/example_dags/example_complex.py
[2025-03-16T05:51:16.416+0000] {logging_mixin.py:190} INFO - [2025-03-16T05:51:16.415+0000] {dag.py:3239} INFO - Sync 1 DAGs
[2025-03-16T05:51:16.440+0000] {logging_mixin.py:190} INFO - [2025-03-16T05:51:16.439+0000] {dag.py:4180} INFO - Setting next_dagrun for example_complex to None, run_after=None
[2025-03-16T05:51:16.493+0000] {processor.py:208} INFO - Processing /home/airflow/.local/lib/python3.12/site-packages/airflow/example_dags/example_complex.py took 0.166 seconds
[2025-03-16T05:51:46.668+0000] {processor.py:186} INFO - Started process (PID=24126) to work on /home/airflow/.local/lib/python3.12/site-packages/airflow/example_dags/example_complex.py
[2025-03-16T05:51:46.670+0000] {processor.py:914} INFO - Processing file /home/airflow/.local/lib/python3.12/site-packages/airflow/example_dags/example_complex.py for tasks to queue
[2025-03-16T05:51:46.675+0000] {logging_mixin.py:190} INFO - [2025-03-16T05:51:46.675+0000] {dagbag.py:588} INFO - Filling up the DagBag from /home/airflow/.local/lib/python3.12/site-packages/airflow/example_dags/example_complex.py
[2025-03-16T05:51:46.695+0000] {processor.py:925} INFO - DAG(s) 'example_complex' retrieved from /home/airflow/.local/lib/python3.12/site-packages/airflow/example_dags/example_complex.py
[2025-03-16T05:51:46.744+0000] {logging_mixin.py:190} INFO - [2025-03-16T05:51:46.744+0000] {dag.py:3239} INFO - Sync 1 DAGs
[2025-03-16T05:51:46.768+0000] {logging_mixin.py:190} INFO - [2025-03-16T05:51:46.767+0000] {dag.py:4180} INFO - Setting next_dagrun for example_complex to None, run_after=None
[2025-03-16T05:51:46.808+0000] {processor.py:208} INFO - Processing /home/airflow/.local/lib/python3.12/site-packages/airflow/example_dags/example_complex.py took 0.151 seconds
[2025-03-16T05:52:17.228+0000] {processor.py:186} INFO - Started process (PID=24191) to work on /home/airflow/.local/lib/python3.12/site-packages/airflow/example_dags/example_complex.py
[2025-03-16T05:52:17.230+0000] {processor.py:914} INFO - Processing file /home/airflow/.local/lib/python3.12/site-packages/airflow/example_dags/example_complex.py for tasks to queue
[2025-03-16T05:52:17.234+0000] {logging_mixin.py:190} INFO - [2025-03-16T05:52:17.233+0000] {dagbag.py:588} INFO - Filling up the DagBag from /home/airflow/.local/lib/python3.12/site-packages/airflow/example_dags/example_complex.py
[2025-03-16T05:52:17.250+0000] {processor.py:925} INFO - DAG(s) 'example_complex' retrieved from /home/airflow/.local/lib/python3.12/site-packages/airflow/example_dags/example_complex.py
[2025-03-16T05:52:17.297+0000] {logging_mixin.py:190} INFO - [2025-03-16T05:52:17.297+0000] {dag.py:3239} INFO - Sync 1 DAGs
[2025-03-16T05:52:17.317+0000] {logging_mixin.py:190} INFO - [2025-03-16T05:52:17.316+0000] {dag.py:4180} INFO - Setting next_dagrun for example_complex to None, run_after=None
[2025-03-16T05:52:17.361+0000] {processor.py:208} INFO - Processing /home/airflow/.local/lib/python3.12/site-packages/airflow/example_dags/example_complex.py took 0.142 seconds
[2025-03-16T05:52:47.931+0000] {processor.py:186} INFO - Started process (PID=24256) to work on /home/airflow/.local/lib/python3.12/site-packages/airflow/example_dags/example_complex.py
[2025-03-16T05:52:47.933+0000] {processor.py:914} INFO - Processing file /home/airflow/.local/lib/python3.12/site-packages/airflow/example_dags/example_complex.py for tasks to queue
[2025-03-16T05:52:47.937+0000] {logging_mixin.py:190} INFO - [2025-03-16T05:52:47.936+0000] {dagbag.py:588} INFO - Filling up the DagBag from /home/airflow/.local/lib/python3.12/site-packages/airflow/example_dags/example_complex.py
[2025-03-16T05:52:47.953+0000] {processor.py:925} INFO - DAG(s) 'example_complex' retrieved from /home/airflow/.local/lib/python3.12/site-packages/airflow/example_dags/example_complex.py
[2025-03-16T05:52:47.998+0000] {logging_mixin.py:190} INFO - [2025-03-16T05:52:47.997+0000] {dag.py:3239} INFO - Sync 1 DAGs
[2025-03-16T05:52:48.019+0000] {logging_mixin.py:190} INFO - [2025-03-16T05:52:48.019+0000] {dag.py:4180} INFO - Setting next_dagrun for example_complex to None, run_after=None
[2025-03-16T05:52:48.060+0000] {processor.py:208} INFO - Processing /home/airflow/.local/lib/python3.12/site-packages/airflow/example_dags/example_complex.py took 0.137 seconds
[2025-03-16T05:53:18.773+0000] {processor.py:186} INFO - Started process (PID=24321) to work on /home/airflow/.local/lib/python3.12/site-packages/airflow/example_dags/example_complex.py
[2025-03-16T05:53:18.775+0000] {processor.py:914} INFO - Processing file /home/airflow/.local/lib/python3.12/site-packages/airflow/example_dags/example_complex.py for tasks to queue
[2025-03-16T05:53:18.779+0000] {logging_mixin.py:190} INFO - [2025-03-16T05:53:18.778+0000] {dagbag.py:588} INFO - Filling up the DagBag from /home/airflow/.local/lib/python3.12/site-packages/airflow/example_dags/example_complex.py
[2025-03-16T05:53:18.801+0000] {processor.py:925} INFO - DAG(s) 'example_complex' retrieved from /home/airflow/.local/lib/python3.12/site-packages/airflow/example_dags/example_complex.py
[2025-03-16T05:53:18.840+0000] {logging_mixin.py:190} INFO - [2025-03-16T05:53:18.839+0000] {dag.py:3239} INFO - Sync 1 DAGs
[2025-03-16T05:53:18.860+0000] {logging_mixin.py:190} INFO - [2025-03-16T05:53:18.860+0000] {dag.py:4180} INFO - Setting next_dagrun for example_complex to None, run_after=None
[2025-03-16T05:53:18.893+0000] {processor.py:208} INFO - Processing /home/airflow/.local/lib/python3.12/site-packages/airflow/example_dags/example_complex.py took 0.126 seconds
[2025-03-16T05:53:49.851+0000] {processor.py:186} INFO - Started process (PID=24382) to work on /home/airflow/.local/lib/python3.12/site-packages/airflow/example_dags/example_complex.py
[2025-03-16T05:53:49.852+0000] {processor.py:914} INFO - Processing file /home/airflow/.local/lib/python3.12/site-packages/airflow/example_dags/example_complex.py for tasks to queue
[2025-03-16T05:53:49.856+0000] {logging_mixin.py:190} INFO - [2025-03-16T05:53:49.856+0000] {dagbag.py:588} INFO - Filling up the DagBag from /home/airflow/.local/lib/python3.12/site-packages/airflow/example_dags/example_complex.py
[2025-03-16T05:53:49.873+0000] {processor.py:925} INFO - DAG(s) 'example_complex' retrieved from /home/airflow/.local/lib/python3.12/site-packages/airflow/example_dags/example_complex.py
[2025-03-16T05:53:49.913+0000] {logging_mixin.py:190} INFO - [2025-03-16T05:53:49.913+0000] {dag.py:3239} INFO - Sync 1 DAGs
[2025-03-16T05:53:49.932+0000] {logging_mixin.py:190} INFO - [2025-03-16T05:53:49.931+0000] {dag.py:4180} INFO - Setting next_dagrun for example_complex to None, run_after=None
[2025-03-16T05:53:49.961+0000] {processor.py:208} INFO - Processing /home/airflow/.local/lib/python3.12/site-packages/airflow/example_dags/example_complex.py took 0.119 seconds
[2025-03-16T05:54:20.456+0000] {processor.py:186} INFO - Started process (PID=24436) to work on /home/airflow/.local/lib/python3.12/site-packages/airflow/example_dags/example_complex.py
[2025-03-16T05:54:20.458+0000] {processor.py:914} INFO - Processing file /home/airflow/.local/lib/python3.12/site-packages/airflow/example_dags/example_complex.py for tasks to queue
[2025-03-16T05:54:20.466+0000] {logging_mixin.py:190} INFO - [2025-03-16T05:54:20.465+0000] {dagbag.py:588} INFO - Filling up the DagBag from /home/airflow/.local/lib/python3.12/site-packages/airflow/example_dags/example_complex.py
[2025-03-16T05:54:20.497+0000] {processor.py:925} INFO - DAG(s) 'example_complex' retrieved from /home/airflow/.local/lib/python3.12/site-packages/airflow/example_dags/example_complex.py
[2025-03-16T05:54:20.552+0000] {logging_mixin.py:190} INFO - [2025-03-16T05:54:20.551+0000] {dag.py:3239} INFO - Sync 1 DAGs
[2025-03-16T05:54:20.573+0000] {logging_mixin.py:190} INFO - [2025-03-16T05:54:20.572+0000] {dag.py:4180} INFO - Setting next_dagrun for example_complex to None, run_after=None
[2025-03-16T05:54:20.602+0000] {processor.py:208} INFO - Processing /home/airflow/.local/lib/python3.12/site-packages/airflow/example_dags/example_complex.py took 0.159 seconds
[2025-03-16T05:54:51.604+0000] {processor.py:186} INFO - Started process (PID=24499) to work on /home/airflow/.local/lib/python3.12/site-packages/airflow/example_dags/example_complex.py
[2025-03-16T05:54:51.605+0000] {processor.py:914} INFO - Processing file /home/airflow/.local/lib/python3.12/site-packages/airflow/example_dags/example_complex.py for tasks to queue
[2025-03-16T05:54:51.609+0000] {logging_mixin.py:190} INFO - [2025-03-16T05:54:51.608+0000] {dagbag.py:588} INFO - Filling up the DagBag from /home/airflow/.local/lib/python3.12/site-packages/airflow/example_dags/example_complex.py
[2025-03-16T05:54:51.627+0000] {processor.py:925} INFO - DAG(s) 'example_complex' retrieved from /home/airflow/.local/lib/python3.12/site-packages/airflow/example_dags/example_complex.py
[2025-03-16T05:54:51.683+0000] {logging_mixin.py:190} INFO - [2025-03-16T05:54:51.683+0000] {dag.py:3239} INFO - Sync 1 DAGs
[2025-03-16T05:54:51.708+0000] {logging_mixin.py:190} INFO - [2025-03-16T05:54:51.707+0000] {dag.py:4180} INFO - Setting next_dagrun for example_complex to None, run_after=None
[2025-03-16T05:54:51.752+0000] {processor.py:208} INFO - Processing /home/airflow/.local/lib/python3.12/site-packages/airflow/example_dags/example_complex.py took 0.155 seconds
[2025-03-16T05:55:22.805+0000] {processor.py:186} INFO - Started process (PID=24563) to work on /home/airflow/.local/lib/python3.12/site-packages/airflow/example_dags/example_complex.py
[2025-03-16T05:55:22.806+0000] {processor.py:914} INFO - Processing file /home/airflow/.local/lib/python3.12/site-packages/airflow/example_dags/example_complex.py for tasks to queue
[2025-03-16T05:55:22.810+0000] {logging_mixin.py:190} INFO - [2025-03-16T05:55:22.809+0000] {dagbag.py:588} INFO - Filling up the DagBag from /home/airflow/.local/lib/python3.12/site-packages/airflow/example_dags/example_complex.py
[2025-03-16T05:55:22.830+0000] {processor.py:925} INFO - DAG(s) 'example_complex' retrieved from /home/airflow/.local/lib/python3.12/site-packages/airflow/example_dags/example_complex.py
[2025-03-16T05:55:22.870+0000] {logging_mixin.py:190} INFO - [2025-03-16T05:55:22.869+0000] {dag.py:3239} INFO - Sync 1 DAGs
[2025-03-16T05:55:22.887+0000] {logging_mixin.py:190} INFO - [2025-03-16T05:55:22.887+0000] {dag.py:4180} INFO - Setting next_dagrun for example_complex to None, run_after=None
[2025-03-16T05:55:22.915+0000] {processor.py:208} INFO - Processing /home/airflow/.local/lib/python3.12/site-packages/airflow/example_dags/example_complex.py took 0.119 seconds
[2025-03-16T05:55:54.227+0000] {processor.py:186} INFO - Started process (PID=24628) to work on /home/airflow/.local/lib/python3.12/site-packages/airflow/example_dags/example_complex.py
[2025-03-16T05:55:54.229+0000] {processor.py:914} INFO - Processing file /home/airflow/.local/lib/python3.12/site-packages/airflow/example_dags/example_complex.py for tasks to queue
[2025-03-16T05:55:54.233+0000] {logging_mixin.py:190} INFO - [2025-03-16T05:55:54.232+0000] {dagbag.py:588} INFO - Filling up the DagBag from /home/airflow/.local/lib/python3.12/site-packages/airflow/example_dags/example_complex.py
[2025-03-16T05:55:54.251+0000] {processor.py:925} INFO - DAG(s) 'example_complex' retrieved from /home/airflow/.local/lib/python3.12/site-packages/airflow/example_dags/example_complex.py
[2025-03-16T05:55:54.302+0000] {logging_mixin.py:190} INFO - [2025-03-16T05:55:54.302+0000] {dag.py:3239} INFO - Sync 1 DAGs
[2025-03-16T05:55:54.324+0000] {logging_mixin.py:190} INFO - [2025-03-16T05:55:54.323+0000] {dag.py:4180} INFO - Setting next_dagrun for example_complex to None, run_after=None
[2025-03-16T05:55:54.368+0000] {processor.py:208} INFO - Processing /home/airflow/.local/lib/python3.12/site-packages/airflow/example_dags/example_complex.py took 0.149 seconds
[2025-03-16T05:56:24.568+0000] {processor.py:186} INFO - Started process (PID=24690) to work on /home/airflow/.local/lib/python3.12/site-packages/airflow/example_dags/example_complex.py
[2025-03-16T05:56:24.570+0000] {processor.py:914} INFO - Processing file /home/airflow/.local/lib/python3.12/site-packages/airflow/example_dags/example_complex.py for tasks to queue
[2025-03-16T05:56:24.574+0000] {logging_mixin.py:190} INFO - [2025-03-16T05:56:24.573+0000] {dagbag.py:588} INFO - Filling up the DagBag from /home/airflow/.local/lib/python3.12/site-packages/airflow/example_dags/example_complex.py
[2025-03-16T05:56:24.596+0000] {processor.py:925} INFO - DAG(s) 'example_complex' retrieved from /home/airflow/.local/lib/python3.12/site-packages/airflow/example_dags/example_complex.py
[2025-03-16T05:56:24.645+0000] {logging_mixin.py:190} INFO - [2025-03-16T05:56:24.644+0000] {dag.py:3239} INFO - Sync 1 DAGs
[2025-03-16T05:56:24.672+0000] {logging_mixin.py:190} INFO - [2025-03-16T05:56:24.671+0000] {dag.py:4180} INFO - Setting next_dagrun for example_complex to None, run_after=None
[2025-03-16T05:56:24.714+0000] {processor.py:208} INFO - Processing /home/airflow/.local/lib/python3.12/site-packages/airflow/example_dags/example_complex.py took 0.155 seconds
[2025-03-16T05:56:54.985+0000] {processor.py:186} INFO - Started process (PID=24755) to work on /home/airflow/.local/lib/python3.12/site-packages/airflow/example_dags/example_complex.py
[2025-03-16T05:56:54.987+0000] {processor.py:914} INFO - Processing file /home/airflow/.local/lib/python3.12/site-packages/airflow/example_dags/example_complex.py for tasks to queue
[2025-03-16T05:56:54.992+0000] {logging_mixin.py:190} INFO - [2025-03-16T05:56:54.991+0000] {dagbag.py:588} INFO - Filling up the DagBag from /home/airflow/.local/lib/python3.12/site-packages/airflow/example_dags/example_complex.py
[2025-03-16T05:56:55.011+0000] {processor.py:925} INFO - DAG(s) 'example_complex' retrieved from /home/airflow/.local/lib/python3.12/site-packages/airflow/example_dags/example_complex.py
[2025-03-16T05:56:55.057+0000] {logging_mixin.py:190} INFO - [2025-03-16T05:56:55.056+0000] {dag.py:3239} INFO - Sync 1 DAGs
[2025-03-16T05:56:55.082+0000] {logging_mixin.py:190} INFO - [2025-03-16T05:56:55.081+0000] {dag.py:4180} INFO - Setting next_dagrun for example_complex to None, run_after=None
[2025-03-16T05:56:55.119+0000] {processor.py:208} INFO - Processing /home/airflow/.local/lib/python3.12/site-packages/airflow/example_dags/example_complex.py took 0.149 seconds
[2025-03-16T05:57:25.764+0000] {processor.py:186} INFO - Started process (PID=24820) to work on /home/airflow/.local/lib/python3.12/site-packages/airflow/example_dags/example_complex.py
[2025-03-16T05:57:25.765+0000] {processor.py:914} INFO - Processing file /home/airflow/.local/lib/python3.12/site-packages/airflow/example_dags/example_complex.py for tasks to queue
[2025-03-16T05:57:25.769+0000] {logging_mixin.py:190} INFO - [2025-03-16T05:57:25.769+0000] {dagbag.py:588} INFO - Filling up the DagBag from /home/airflow/.local/lib/python3.12/site-packages/airflow/example_dags/example_complex.py
[2025-03-16T05:57:25.786+0000] {processor.py:925} INFO - DAG(s) 'example_complex' retrieved from /home/airflow/.local/lib/python3.12/site-packages/airflow/example_dags/example_complex.py
[2025-03-16T05:57:25.835+0000] {logging_mixin.py:190} INFO - [2025-03-16T05:57:25.835+0000] {dag.py:3239} INFO - Sync 1 DAGs
[2025-03-16T05:57:25.855+0000] {logging_mixin.py:190} INFO - [2025-03-16T05:57:25.855+0000] {dag.py:4180} INFO - Setting next_dagrun for example_complex to None, run_after=None
[2025-03-16T05:57:25.886+0000] {processor.py:208} INFO - Processing /home/airflow/.local/lib/python3.12/site-packages/airflow/example_dags/example_complex.py took 0.129 seconds
[2025-03-16T05:57:56.324+0000] {processor.py:186} INFO - Started process (PID=24885) to work on /home/airflow/.local/lib/python3.12/site-packages/airflow/example_dags/example_complex.py
[2025-03-16T05:57:56.326+0000] {processor.py:914} INFO - Processing file /home/airflow/.local/lib/python3.12/site-packages/airflow/example_dags/example_complex.py for tasks to queue
[2025-03-16T05:57:56.330+0000] {logging_mixin.py:190} INFO - [2025-03-16T05:57:56.329+0000] {dagbag.py:588} INFO - Filling up the DagBag from /home/airflow/.local/lib/python3.12/site-packages/airflow/example_dags/example_complex.py
[2025-03-16T05:57:56.347+0000] {processor.py:925} INFO - DAG(s) 'example_complex' retrieved from /home/airflow/.local/lib/python3.12/site-packages/airflow/example_dags/example_complex.py
[2025-03-16T05:57:56.408+0000] {logging_mixin.py:190} INFO - [2025-03-16T05:57:56.408+0000] {dag.py:3239} INFO - Sync 1 DAGs
[2025-03-16T05:57:56.428+0000] {logging_mixin.py:190} INFO - [2025-03-16T05:57:56.428+0000] {dag.py:4180} INFO - Setting next_dagrun for example_complex to None, run_after=None
[2025-03-16T05:57:56.464+0000] {processor.py:208} INFO - Processing /home/airflow/.local/lib/python3.12/site-packages/airflow/example_dags/example_complex.py took 0.148 seconds
[2025-03-16T05:58:26.848+0000] {processor.py:186} INFO - Started process (PID=24950) to work on /home/airflow/.local/lib/python3.12/site-packages/airflow/example_dags/example_complex.py
[2025-03-16T05:58:26.850+0000] {processor.py:914} INFO - Processing file /home/airflow/.local/lib/python3.12/site-packages/airflow/example_dags/example_complex.py for tasks to queue
[2025-03-16T05:58:26.854+0000] {logging_mixin.py:190} INFO - [2025-03-16T05:58:26.854+0000] {dagbag.py:588} INFO - Filling up the DagBag from /home/airflow/.local/lib/python3.12/site-packages/airflow/example_dags/example_complex.py
[2025-03-16T05:58:26.871+0000] {processor.py:925} INFO - DAG(s) 'example_complex' retrieved from /home/airflow/.local/lib/python3.12/site-packages/airflow/example_dags/example_complex.py
[2025-03-16T05:58:26.920+0000] {logging_mixin.py:190} INFO - [2025-03-16T05:58:26.919+0000] {dag.py:3239} INFO - Sync 1 DAGs
[2025-03-16T05:58:26.943+0000] {logging_mixin.py:190} INFO - [2025-03-16T05:58:26.942+0000] {dag.py:4180} INFO - Setting next_dagrun for example_complex to None, run_after=None
[2025-03-16T05:58:26.977+0000] {processor.py:208} INFO - Processing /home/airflow/.local/lib/python3.12/site-packages/airflow/example_dags/example_complex.py took 0.140 seconds
[2025-03-16T05:58:57.138+0000] {processor.py:186} INFO - Started process (PID=25015) to work on /home/airflow/.local/lib/python3.12/site-packages/airflow/example_dags/example_complex.py
[2025-03-16T05:58:57.139+0000] {processor.py:914} INFO - Processing file /home/airflow/.local/lib/python3.12/site-packages/airflow/example_dags/example_complex.py for tasks to queue
[2025-03-16T05:58:57.143+0000] {logging_mixin.py:190} INFO - [2025-03-16T05:58:57.142+0000] {dagbag.py:588} INFO - Filling up the DagBag from /home/airflow/.local/lib/python3.12/site-packages/airflow/example_dags/example_complex.py
[2025-03-16T05:58:57.159+0000] {processor.py:925} INFO - DAG(s) 'example_complex' retrieved from /home/airflow/.local/lib/python3.12/site-packages/airflow/example_dags/example_complex.py
[2025-03-16T05:58:57.205+0000] {logging_mixin.py:190} INFO - [2025-03-16T05:58:57.205+0000] {dag.py:3239} INFO - Sync 1 DAGs
[2025-03-16T05:58:57.225+0000] {logging_mixin.py:190} INFO - [2025-03-16T05:58:57.225+0000] {dag.py:4180} INFO - Setting next_dagrun for example_complex to None, run_after=None
[2025-03-16T05:58:57.260+0000] {processor.py:208} INFO - Processing /home/airflow/.local/lib/python3.12/site-packages/airflow/example_dags/example_complex.py took 0.131 seconds
[2025-03-16T05:59:27.578+0000] {processor.py:186} INFO - Started process (PID=25081) to work on /home/airflow/.local/lib/python3.12/site-packages/airflow/example_dags/example_complex.py
[2025-03-16T05:59:27.579+0000] {processor.py:914} INFO - Processing file /home/airflow/.local/lib/python3.12/site-packages/airflow/example_dags/example_complex.py for tasks to queue
[2025-03-16T05:59:27.584+0000] {logging_mixin.py:190} INFO - [2025-03-16T05:59:27.583+0000] {dagbag.py:588} INFO - Filling up the DagBag from /home/airflow/.local/lib/python3.12/site-packages/airflow/example_dags/example_complex.py
[2025-03-16T05:59:27.601+0000] {processor.py:925} INFO - DAG(s) 'example_complex' retrieved from /home/airflow/.local/lib/python3.12/site-packages/airflow/example_dags/example_complex.py
[2025-03-16T05:59:27.643+0000] {logging_mixin.py:190} INFO - [2025-03-16T05:59:27.643+0000] {dag.py:3239} INFO - Sync 1 DAGs
[2025-03-16T05:59:27.665+0000] {logging_mixin.py:190} INFO - [2025-03-16T05:59:27.664+0000] {dag.py:4180} INFO - Setting next_dagrun for example_complex to None, run_after=None
[2025-03-16T05:59:27.701+0000] {processor.py:208} INFO - Processing /home/airflow/.local/lib/python3.12/site-packages/airflow/example_dags/example_complex.py took 0.130 seconds
[2025-03-16T05:59:57.788+0000] {processor.py:186} INFO - Started process (PID=25146) to work on /home/airflow/.local/lib/python3.12/site-packages/airflow/example_dags/example_complex.py
[2025-03-16T05:59:57.790+0000] {processor.py:914} INFO - Processing file /home/airflow/.local/lib/python3.12/site-packages/airflow/example_dags/example_complex.py for tasks to queue
[2025-03-16T05:59:57.793+0000] {logging_mixin.py:190} INFO - [2025-03-16T05:59:57.792+0000] {dagbag.py:588} INFO - Filling up the DagBag from /home/airflow/.local/lib/python3.12/site-packages/airflow/example_dags/example_complex.py
[2025-03-16T05:59:57.812+0000] {processor.py:925} INFO - DAG(s) 'example_complex' retrieved from /home/airflow/.local/lib/python3.12/site-packages/airflow/example_dags/example_complex.py
[2025-03-16T05:59:57.861+0000] {logging_mixin.py:190} INFO - [2025-03-16T05:59:57.860+0000] {dag.py:3239} INFO - Sync 1 DAGs
[2025-03-16T05:59:57.881+0000] {logging_mixin.py:190} INFO - [2025-03-16T05:59:57.881+0000] {dag.py:4180} INFO - Setting next_dagrun for example_complex to None, run_after=None
[2025-03-16T05:59:57.931+0000] {processor.py:208} INFO - Processing /home/airflow/.local/lib/python3.12/site-packages/airflow/example_dags/example_complex.py took 0.153 seconds
[2025-03-16T06:00:28.178+0000] {processor.py:186} INFO - Started process (PID=25211) to work on /home/airflow/.local/lib/python3.12/site-packages/airflow/example_dags/example_complex.py
[2025-03-16T06:00:28.180+0000] {processor.py:914} INFO - Processing file /home/airflow/.local/lib/python3.12/site-packages/airflow/example_dags/example_complex.py for tasks to queue
[2025-03-16T06:00:28.184+0000] {logging_mixin.py:190} INFO - [2025-03-16T06:00:28.183+0000] {dagbag.py:588} INFO - Filling up the DagBag from /home/airflow/.local/lib/python3.12/site-packages/airflow/example_dags/example_complex.py
[2025-03-16T06:00:28.201+0000] {processor.py:925} INFO - DAG(s) 'example_complex' retrieved from /home/airflow/.local/lib/python3.12/site-packages/airflow/example_dags/example_complex.py
[2025-03-16T06:00:28.246+0000] {logging_mixin.py:190} INFO - [2025-03-16T06:00:28.246+0000] {dag.py:3239} INFO - Sync 1 DAGs
[2025-03-16T06:00:28.267+0000] {logging_mixin.py:190} INFO - [2025-03-16T06:00:28.266+0000] {dag.py:4180} INFO - Setting next_dagrun for example_complex to None, run_after=None
[2025-03-16T06:00:28.297+0000] {processor.py:208} INFO - Processing /home/airflow/.local/lib/python3.12/site-packages/airflow/example_dags/example_complex.py took 0.129 seconds
[2025-03-16T06:00:58.839+0000] {processor.py:186} INFO - Started process (PID=25276) to work on /home/airflow/.local/lib/python3.12/site-packages/airflow/example_dags/example_complex.py
[2025-03-16T06:00:58.841+0000] {processor.py:914} INFO - Processing file /home/airflow/.local/lib/python3.12/site-packages/airflow/example_dags/example_complex.py for tasks to queue
[2025-03-16T06:00:58.846+0000] {logging_mixin.py:190} INFO - [2025-03-16T06:00:58.845+0000] {dagbag.py:588} INFO - Filling up the DagBag from /home/airflow/.local/lib/python3.12/site-packages/airflow/example_dags/example_complex.py
[2025-03-16T06:00:58.863+0000] {processor.py:925} INFO - DAG(s) 'example_complex' retrieved from /home/airflow/.local/lib/python3.12/site-packages/airflow/example_dags/example_complex.py
[2025-03-16T06:00:58.906+0000] {logging_mixin.py:190} INFO - [2025-03-16T06:00:58.906+0000] {dag.py:3239} INFO - Sync 1 DAGs
[2025-03-16T06:00:58.926+0000] {logging_mixin.py:190} INFO - [2025-03-16T06:00:58.926+0000] {dag.py:4180} INFO - Setting next_dagrun for example_complex to None, run_after=None
[2025-03-16T06:00:58.958+0000] {processor.py:208} INFO - Processing /home/airflow/.local/lib/python3.12/site-packages/airflow/example_dags/example_complex.py took 0.127 seconds
[2025-03-16T06:01:29.489+0000] {processor.py:186} INFO - Started process (PID=25341) to work on /home/airflow/.local/lib/python3.12/site-packages/airflow/example_dags/example_complex.py
[2025-03-16T06:01:29.491+0000] {processor.py:914} INFO - Processing file /home/airflow/.local/lib/python3.12/site-packages/airflow/example_dags/example_complex.py for tasks to queue
[2025-03-16T06:01:29.496+0000] {logging_mixin.py:190} INFO - [2025-03-16T06:01:29.495+0000] {dagbag.py:588} INFO - Filling up the DagBag from /home/airflow/.local/lib/python3.12/site-packages/airflow/example_dags/example_complex.py
[2025-03-16T06:01:29.516+0000] {processor.py:925} INFO - DAG(s) 'example_complex' retrieved from /home/airflow/.local/lib/python3.12/site-packages/airflow/example_dags/example_complex.py
[2025-03-16T06:01:29.572+0000] {logging_mixin.py:190} INFO - [2025-03-16T06:01:29.571+0000] {dag.py:3239} INFO - Sync 1 DAGs
[2025-03-16T06:01:29.593+0000] {logging_mixin.py:190} INFO - [2025-03-16T06:01:29.593+0000] {dag.py:4180} INFO - Setting next_dagrun for example_complex to None, run_after=None
[2025-03-16T06:01:29.628+0000] {processor.py:208} INFO - Processing /home/airflow/.local/lib/python3.12/site-packages/airflow/example_dags/example_complex.py took 0.151 seconds
[2025-03-16T06:01:59.816+0000] {processor.py:186} INFO - Started process (PID=25406) to work on /home/airflow/.local/lib/python3.12/site-packages/airflow/example_dags/example_complex.py
[2025-03-16T06:01:59.819+0000] {processor.py:914} INFO - Processing file /home/airflow/.local/lib/python3.12/site-packages/airflow/example_dags/example_complex.py for tasks to queue
[2025-03-16T06:01:59.824+0000] {logging_mixin.py:190} INFO - [2025-03-16T06:01:59.823+0000] {dagbag.py:588} INFO - Filling up the DagBag from /home/airflow/.local/lib/python3.12/site-packages/airflow/example_dags/example_complex.py
[2025-03-16T06:01:59.856+0000] {processor.py:925} INFO - DAG(s) 'example_complex' retrieved from /home/airflow/.local/lib/python3.12/site-packages/airflow/example_dags/example_complex.py
[2025-03-16T06:01:59.917+0000] {logging_mixin.py:190} INFO - [2025-03-16T06:01:59.916+0000] {dag.py:3239} INFO - Sync 1 DAGs
[2025-03-16T06:01:59.946+0000] {logging_mixin.py:190} INFO - [2025-03-16T06:01:59.946+0000] {dag.py:4180} INFO - Setting next_dagrun for example_complex to None, run_after=None
[2025-03-16T06:02:00.010+0000] {processor.py:208} INFO - Processing /home/airflow/.local/lib/python3.12/site-packages/airflow/example_dags/example_complex.py took 0.207 seconds
[2025-03-16T06:02:30.557+0000] {processor.py:186} INFO - Started process (PID=25471) to work on /home/airflow/.local/lib/python3.12/site-packages/airflow/example_dags/example_complex.py
[2025-03-16T06:02:30.558+0000] {processor.py:914} INFO - Processing file /home/airflow/.local/lib/python3.12/site-packages/airflow/example_dags/example_complex.py for tasks to queue
[2025-03-16T06:02:30.562+0000] {logging_mixin.py:190} INFO - [2025-03-16T06:02:30.562+0000] {dagbag.py:588} INFO - Filling up the DagBag from /home/airflow/.local/lib/python3.12/site-packages/airflow/example_dags/example_complex.py
[2025-03-16T06:02:30.579+0000] {processor.py:925} INFO - DAG(s) 'example_complex' retrieved from /home/airflow/.local/lib/python3.12/site-packages/airflow/example_dags/example_complex.py
[2025-03-16T06:02:30.624+0000] {logging_mixin.py:190} INFO - [2025-03-16T06:02:30.623+0000] {dag.py:3239} INFO - Sync 1 DAGs
[2025-03-16T06:02:30.649+0000] {logging_mixin.py:190} INFO - [2025-03-16T06:02:30.648+0000] {dag.py:4180} INFO - Setting next_dagrun for example_complex to None, run_after=None
[2025-03-16T06:02:30.687+0000] {processor.py:208} INFO - Processing /home/airflow/.local/lib/python3.12/site-packages/airflow/example_dags/example_complex.py took 0.137 seconds
[2025-03-16T06:03:00.959+0000] {processor.py:186} INFO - Started process (PID=25536) to work on /home/airflow/.local/lib/python3.12/site-packages/airflow/example_dags/example_complex.py
[2025-03-16T06:03:00.960+0000] {processor.py:914} INFO - Processing file /home/airflow/.local/lib/python3.12/site-packages/airflow/example_dags/example_complex.py for tasks to queue
[2025-03-16T06:03:00.966+0000] {logging_mixin.py:190} INFO - [2025-03-16T06:03:00.965+0000] {dagbag.py:588} INFO - Filling up the DagBag from /home/airflow/.local/lib/python3.12/site-packages/airflow/example_dags/example_complex.py
[2025-03-16T06:03:00.988+0000] {processor.py:925} INFO - DAG(s) 'example_complex' retrieved from /home/airflow/.local/lib/python3.12/site-packages/airflow/example_dags/example_complex.py
[2025-03-16T06:03:01.038+0000] {logging_mixin.py:190} INFO - [2025-03-16T06:03:01.038+0000] {dag.py:3239} INFO - Sync 1 DAGs
[2025-03-16T06:03:01.066+0000] {logging_mixin.py:190} INFO - [2025-03-16T06:03:01.065+0000] {dag.py:4180} INFO - Setting next_dagrun for example_complex to None, run_after=None
[2025-03-16T06:03:01.100+0000] {processor.py:208} INFO - Processing /home/airflow/.local/lib/python3.12/site-packages/airflow/example_dags/example_complex.py took 0.152 seconds
[2025-03-16T06:03:31.880+0000] {processor.py:186} INFO - Started process (PID=25601) to work on /home/airflow/.local/lib/python3.12/site-packages/airflow/example_dags/example_complex.py
[2025-03-16T06:03:31.883+0000] {processor.py:914} INFO - Processing file /home/airflow/.local/lib/python3.12/site-packages/airflow/example_dags/example_complex.py for tasks to queue
[2025-03-16T06:03:31.890+0000] {logging_mixin.py:190} INFO - [2025-03-16T06:03:31.889+0000] {dagbag.py:588} INFO - Filling up the DagBag from /home/airflow/.local/lib/python3.12/site-packages/airflow/example_dags/example_complex.py
[2025-03-16T06:03:31.919+0000] {processor.py:925} INFO - DAG(s) 'example_complex' retrieved from /home/airflow/.local/lib/python3.12/site-packages/airflow/example_dags/example_complex.py
[2025-03-16T06:03:31.979+0000] {logging_mixin.py:190} INFO - [2025-03-16T06:03:31.979+0000] {dag.py:3239} INFO - Sync 1 DAGs
[2025-03-16T06:03:32.006+0000] {logging_mixin.py:190} INFO - [2025-03-16T06:03:32.006+0000] {dag.py:4180} INFO - Setting next_dagrun for example_complex to None, run_after=None
[2025-03-16T06:03:32.047+0000] {processor.py:208} INFO - Processing /home/airflow/.local/lib/python3.12/site-packages/airflow/example_dags/example_complex.py took 0.180 seconds
[2025-03-16T06:04:02.262+0000] {processor.py:186} INFO - Started process (PID=25666) to work on /home/airflow/.local/lib/python3.12/site-packages/airflow/example_dags/example_complex.py
[2025-03-16T06:04:02.263+0000] {processor.py:914} INFO - Processing file /home/airflow/.local/lib/python3.12/site-packages/airflow/example_dags/example_complex.py for tasks to queue
[2025-03-16T06:04:02.267+0000] {logging_mixin.py:190} INFO - [2025-03-16T06:04:02.267+0000] {dagbag.py:588} INFO - Filling up the DagBag from /home/airflow/.local/lib/python3.12/site-packages/airflow/example_dags/example_complex.py
[2025-03-16T06:04:02.285+0000] {processor.py:925} INFO - DAG(s) 'example_complex' retrieved from /home/airflow/.local/lib/python3.12/site-packages/airflow/example_dags/example_complex.py
[2025-03-16T06:04:02.329+0000] {logging_mixin.py:190} INFO - [2025-03-16T06:04:02.328+0000] {dag.py:3239} INFO - Sync 1 DAGs
[2025-03-16T06:04:02.348+0000] {logging_mixin.py:190} INFO - [2025-03-16T06:04:02.348+0000] {dag.py:4180} INFO - Setting next_dagrun for example_complex to None, run_after=None
[2025-03-16T06:04:02.383+0000] {processor.py:208} INFO - Processing /home/airflow/.local/lib/python3.12/site-packages/airflow/example_dags/example_complex.py took 0.130 seconds
[2025-03-16T06:04:33.218+0000] {processor.py:186} INFO - Started process (PID=25730) to work on /home/airflow/.local/lib/python3.12/site-packages/airflow/example_dags/example_complex.py
[2025-03-16T06:04:33.220+0000] {processor.py:914} INFO - Processing file /home/airflow/.local/lib/python3.12/site-packages/airflow/example_dags/example_complex.py for tasks to queue
[2025-03-16T06:04:33.224+0000] {logging_mixin.py:190} INFO - [2025-03-16T06:04:33.223+0000] {dagbag.py:588} INFO - Filling up the DagBag from /home/airflow/.local/lib/python3.12/site-packages/airflow/example_dags/example_complex.py
[2025-03-16T06:04:33.246+0000] {processor.py:925} INFO - DAG(s) 'example_complex' retrieved from /home/airflow/.local/lib/python3.12/site-packages/airflow/example_dags/example_complex.py
[2025-03-16T06:04:33.314+0000] {logging_mixin.py:190} INFO - [2025-03-16T06:04:33.314+0000] {dag.py:3239} INFO - Sync 1 DAGs
[2025-03-16T06:04:33.339+0000] {logging_mixin.py:190} INFO - [2025-03-16T06:04:33.339+0000] {dag.py:4180} INFO - Setting next_dagrun for example_complex to None, run_after=None
[2025-03-16T06:04:33.377+0000] {processor.py:208} INFO - Processing /home/airflow/.local/lib/python3.12/site-packages/airflow/example_dags/example_complex.py took 0.168 seconds
[2025-03-16T06:05:04.364+0000] {processor.py:186} INFO - Started process (PID=25795) to work on /home/airflow/.local/lib/python3.12/site-packages/airflow/example_dags/example_complex.py
[2025-03-16T06:05:04.366+0000] {processor.py:914} INFO - Processing file /home/airflow/.local/lib/python3.12/site-packages/airflow/example_dags/example_complex.py for tasks to queue
[2025-03-16T06:05:04.370+0000] {logging_mixin.py:190} INFO - [2025-03-16T06:05:04.369+0000] {dagbag.py:588} INFO - Filling up the DagBag from /home/airflow/.local/lib/python3.12/site-packages/airflow/example_dags/example_complex.py
[2025-03-16T06:05:04.391+0000] {processor.py:925} INFO - DAG(s) 'example_complex' retrieved from /home/airflow/.local/lib/python3.12/site-packages/airflow/example_dags/example_complex.py
[2025-03-16T06:05:04.438+0000] {logging_mixin.py:190} INFO - [2025-03-16T06:05:04.438+0000] {dag.py:3239} INFO - Sync 1 DAGs
[2025-03-16T06:05:04.467+0000] {logging_mixin.py:190} INFO - [2025-03-16T06:05:04.466+0000] {dag.py:4180} INFO - Setting next_dagrun for example_complex to None, run_after=None
[2025-03-16T06:05:04.511+0000] {processor.py:208} INFO - Processing /home/airflow/.local/lib/python3.12/site-packages/airflow/example_dags/example_complex.py took 0.155 seconds
[2025-03-16T06:05:34.760+0000] {processor.py:186} INFO - Started process (PID=25860) to work on /home/airflow/.local/lib/python3.12/site-packages/airflow/example_dags/example_complex.py
[2025-03-16T06:05:34.762+0000] {processor.py:914} INFO - Processing file /home/airflow/.local/lib/python3.12/site-packages/airflow/example_dags/example_complex.py for tasks to queue
[2025-03-16T06:05:34.766+0000] {logging_mixin.py:190} INFO - [2025-03-16T06:05:34.766+0000] {dagbag.py:588} INFO - Filling up the DagBag from /home/airflow/.local/lib/python3.12/site-packages/airflow/example_dags/example_complex.py
[2025-03-16T06:05:34.783+0000] {processor.py:925} INFO - DAG(s) 'example_complex' retrieved from /home/airflow/.local/lib/python3.12/site-packages/airflow/example_dags/example_complex.py
[2025-03-16T06:05:34.821+0000] {logging_mixin.py:190} INFO - [2025-03-16T06:05:34.821+0000] {dag.py:3239} INFO - Sync 1 DAGs
[2025-03-16T06:05:34.840+0000] {logging_mixin.py:190} INFO - [2025-03-16T06:05:34.839+0000] {dag.py:4180} INFO - Setting next_dagrun for example_complex to None, run_after=None
[2025-03-16T06:05:34.868+0000] {processor.py:208} INFO - Processing /home/airflow/.local/lib/python3.12/site-packages/airflow/example_dags/example_complex.py took 0.116 seconds
[2025-03-16T06:06:05.263+0000] {processor.py:186} INFO - Started process (PID=25924) to work on /home/airflow/.local/lib/python3.12/site-packages/airflow/example_dags/example_complex.py
[2025-03-16T06:06:05.266+0000] {processor.py:914} INFO - Processing file /home/airflow/.local/lib/python3.12/site-packages/airflow/example_dags/example_complex.py for tasks to queue
[2025-03-16T06:06:05.270+0000] {logging_mixin.py:190} INFO - [2025-03-16T06:06:05.270+0000] {dagbag.py:588} INFO - Filling up the DagBag from /home/airflow/.local/lib/python3.12/site-packages/airflow/example_dags/example_complex.py
[2025-03-16T06:06:05.292+0000] {processor.py:925} INFO - DAG(s) 'example_complex' retrieved from /home/airflow/.local/lib/python3.12/site-packages/airflow/example_dags/example_complex.py
[2025-03-16T06:06:05.351+0000] {logging_mixin.py:190} INFO - [2025-03-16T06:06:05.351+0000] {dag.py:3239} INFO - Sync 1 DAGs
[2025-03-16T06:06:05.374+0000] {logging_mixin.py:190} INFO - [2025-03-16T06:06:05.373+0000] {dag.py:4180} INFO - Setting next_dagrun for example_complex to None, run_after=None
[2025-03-16T06:06:05.412+0000] {processor.py:208} INFO - Processing /home/airflow/.local/lib/python3.12/site-packages/airflow/example_dags/example_complex.py took 0.160 seconds
[2025-03-16T06:06:35.907+0000] {processor.py:186} INFO - Started process (PID=25989) to work on /home/airflow/.local/lib/python3.12/site-packages/airflow/example_dags/example_complex.py
[2025-03-16T06:06:35.909+0000] {processor.py:914} INFO - Processing file /home/airflow/.local/lib/python3.12/site-packages/airflow/example_dags/example_complex.py for tasks to queue
[2025-03-16T06:06:35.913+0000] {logging_mixin.py:190} INFO - [2025-03-16T06:06:35.912+0000] {dagbag.py:588} INFO - Filling up the DagBag from /home/airflow/.local/lib/python3.12/site-packages/airflow/example_dags/example_complex.py
[2025-03-16T06:06:35.931+0000] {processor.py:925} INFO - DAG(s) 'example_complex' retrieved from /home/airflow/.local/lib/python3.12/site-packages/airflow/example_dags/example_complex.py
[2025-03-16T06:06:35.972+0000] {logging_mixin.py:190} INFO - [2025-03-16T06:06:35.971+0000] {dag.py:3239} INFO - Sync 1 DAGs
[2025-03-16T06:06:35.991+0000] {logging_mixin.py:190} INFO - [2025-03-16T06:06:35.991+0000] {dag.py:4180} INFO - Setting next_dagrun for example_complex to None, run_after=None
[2025-03-16T06:06:36.020+0000] {processor.py:208} INFO - Processing /home/airflow/.local/lib/python3.12/site-packages/airflow/example_dags/example_complex.py took 0.120 seconds
[2025-03-16T06:07:06.118+0000] {processor.py:186} INFO - Started process (PID=26052) to work on /home/airflow/.local/lib/python3.12/site-packages/airflow/example_dags/example_complex.py
[2025-03-16T06:07:06.121+0000] {processor.py:914} INFO - Processing file /home/airflow/.local/lib/python3.12/site-packages/airflow/example_dags/example_complex.py for tasks to queue
[2025-03-16T06:07:06.126+0000] {logging_mixin.py:190} INFO - [2025-03-16T06:07:06.125+0000] {dagbag.py:588} INFO - Filling up the DagBag from /home/airflow/.local/lib/python3.12/site-packages/airflow/example_dags/example_complex.py
[2025-03-16T06:07:06.153+0000] {processor.py:925} INFO - DAG(s) 'example_complex' retrieved from /home/airflow/.local/lib/python3.12/site-packages/airflow/example_dags/example_complex.py
[2025-03-16T06:07:06.212+0000] {logging_mixin.py:190} INFO - [2025-03-16T06:07:06.211+0000] {dag.py:3239} INFO - Sync 1 DAGs
[2025-03-16T06:07:06.241+0000] {logging_mixin.py:190} INFO - [2025-03-16T06:07:06.240+0000] {dag.py:4180} INFO - Setting next_dagrun for example_complex to None, run_after=None
[2025-03-16T06:07:06.287+0000] {processor.py:208} INFO - Processing /home/airflow/.local/lib/python3.12/site-packages/airflow/example_dags/example_complex.py took 0.182 seconds
[2025-03-16T06:07:36.722+0000] {processor.py:186} INFO - Started process (PID=26118) to work on /home/airflow/.local/lib/python3.12/site-packages/airflow/example_dags/example_complex.py
[2025-03-16T06:07:36.724+0000] {processor.py:914} INFO - Processing file /home/airflow/.local/lib/python3.12/site-packages/airflow/example_dags/example_complex.py for tasks to queue
[2025-03-16T06:07:36.727+0000] {logging_mixin.py:190} INFO - [2025-03-16T06:07:36.727+0000] {dagbag.py:588} INFO - Filling up the DagBag from /home/airflow/.local/lib/python3.12/site-packages/airflow/example_dags/example_complex.py
[2025-03-16T06:07:36.743+0000] {processor.py:925} INFO - DAG(s) 'example_complex' retrieved from /home/airflow/.local/lib/python3.12/site-packages/airflow/example_dags/example_complex.py
[2025-03-16T06:07:36.790+0000] {logging_mixin.py:190} INFO - [2025-03-16T06:07:36.790+0000] {dag.py:3239} INFO - Sync 1 DAGs
[2025-03-16T06:07:36.825+0000] {logging_mixin.py:190} INFO - [2025-03-16T06:07:36.825+0000] {dag.py:4180} INFO - Setting next_dagrun for example_complex to None, run_after=None
[2025-03-16T06:07:36.857+0000] {processor.py:208} INFO - Processing /home/airflow/.local/lib/python3.12/site-packages/airflow/example_dags/example_complex.py took 0.142 seconds
[2025-03-16T06:08:06.980+0000] {processor.py:186} INFO - Started process (PID=26183) to work on /home/airflow/.local/lib/python3.12/site-packages/airflow/example_dags/example_complex.py
[2025-03-16T06:08:06.983+0000] {processor.py:914} INFO - Processing file /home/airflow/.local/lib/python3.12/site-packages/airflow/example_dags/example_complex.py for tasks to queue
[2025-03-16T06:08:06.989+0000] {logging_mixin.py:190} INFO - [2025-03-16T06:08:06.988+0000] {dagbag.py:588} INFO - Filling up the DagBag from /home/airflow/.local/lib/python3.12/site-packages/airflow/example_dags/example_complex.py
[2025-03-16T06:08:07.012+0000] {processor.py:925} INFO - DAG(s) 'example_complex' retrieved from /home/airflow/.local/lib/python3.12/site-packages/airflow/example_dags/example_complex.py
[2025-03-16T06:08:07.075+0000] {logging_mixin.py:190} INFO - [2025-03-16T06:08:07.074+0000] {dag.py:3239} INFO - Sync 1 DAGs
[2025-03-16T06:08:07.103+0000] {logging_mixin.py:190} INFO - [2025-03-16T06:08:07.103+0000] {dag.py:4180} INFO - Setting next_dagrun for example_complex to None, run_after=None
[2025-03-16T06:08:07.145+0000] {processor.py:208} INFO - Processing /home/airflow/.local/lib/python3.12/site-packages/airflow/example_dags/example_complex.py took 0.178 seconds
[2025-03-16T06:08:37.902+0000] {processor.py:186} INFO - Started process (PID=26249) to work on /home/airflow/.local/lib/python3.12/site-packages/airflow/example_dags/example_complex.py
[2025-03-16T06:08:37.904+0000] {processor.py:914} INFO - Processing file /home/airflow/.local/lib/python3.12/site-packages/airflow/example_dags/example_complex.py for tasks to queue
[2025-03-16T06:08:37.908+0000] {logging_mixin.py:190} INFO - [2025-03-16T06:08:37.908+0000] {dagbag.py:588} INFO - Filling up the DagBag from /home/airflow/.local/lib/python3.12/site-packages/airflow/example_dags/example_complex.py
[2025-03-16T06:08:37.927+0000] {processor.py:925} INFO - DAG(s) 'example_complex' retrieved from /home/airflow/.local/lib/python3.12/site-packages/airflow/example_dags/example_complex.py
[2025-03-16T06:08:37.973+0000] {logging_mixin.py:190} INFO - [2025-03-16T06:08:37.973+0000] {dag.py:3239} INFO - Sync 1 DAGs
[2025-03-16T06:08:37.997+0000] {logging_mixin.py:190} INFO - [2025-03-16T06:08:37.996+0000] {dag.py:4180} INFO - Setting next_dagrun for example_complex to None, run_after=None
[2025-03-16T06:08:38.031+0000] {processor.py:208} INFO - Processing /home/airflow/.local/lib/python3.12/site-packages/airflow/example_dags/example_complex.py took 0.142 seconds
[2025-03-16T06:09:08.596+0000] {processor.py:186} INFO - Started process (PID=26314) to work on /home/airflow/.local/lib/python3.12/site-packages/airflow/example_dags/example_complex.py
[2025-03-16T06:09:08.598+0000] {processor.py:914} INFO - Processing file /home/airflow/.local/lib/python3.12/site-packages/airflow/example_dags/example_complex.py for tasks to queue
[2025-03-16T06:09:08.601+0000] {logging_mixin.py:190} INFO - [2025-03-16T06:09:08.601+0000] {dagbag.py:588} INFO - Filling up the DagBag from /home/airflow/.local/lib/python3.12/site-packages/airflow/example_dags/example_complex.py
[2025-03-16T06:09:08.618+0000] {processor.py:925} INFO - DAG(s) 'example_complex' retrieved from /home/airflow/.local/lib/python3.12/site-packages/airflow/example_dags/example_complex.py
[2025-03-16T06:09:08.668+0000] {logging_mixin.py:190} INFO - [2025-03-16T06:09:08.668+0000] {dag.py:3239} INFO - Sync 1 DAGs
[2025-03-16T06:09:08.688+0000] {logging_mixin.py:190} INFO - [2025-03-16T06:09:08.687+0000] {dag.py:4180} INFO - Setting next_dagrun for example_complex to None, run_after=None
[2025-03-16T06:09:08.726+0000] {processor.py:208} INFO - Processing /home/airflow/.local/lib/python3.12/site-packages/airflow/example_dags/example_complex.py took 0.140 seconds
[2025-03-16T06:09:38.977+0000] {processor.py:186} INFO - Started process (PID=26379) to work on /home/airflow/.local/lib/python3.12/site-packages/airflow/example_dags/example_complex.py
[2025-03-16T06:09:38.979+0000] {processor.py:914} INFO - Processing file /home/airflow/.local/lib/python3.12/site-packages/airflow/example_dags/example_complex.py for tasks to queue
[2025-03-16T06:09:38.985+0000] {logging_mixin.py:190} INFO - [2025-03-16T06:09:38.984+0000] {dagbag.py:588} INFO - Filling up the DagBag from /home/airflow/.local/lib/python3.12/site-packages/airflow/example_dags/example_complex.py
[2025-03-16T06:09:39.008+0000] {processor.py:925} INFO - DAG(s) 'example_complex' retrieved from /home/airflow/.local/lib/python3.12/site-packages/airflow/example_dags/example_complex.py
[2025-03-16T06:09:39.063+0000] {logging_mixin.py:190} INFO - [2025-03-16T06:09:39.063+0000] {dag.py:3239} INFO - Sync 1 DAGs
[2025-03-16T06:09:39.089+0000] {logging_mixin.py:190} INFO - [2025-03-16T06:09:39.088+0000] {dag.py:4180} INFO - Setting next_dagrun for example_complex to None, run_after=None
[2025-03-16T06:09:39.129+0000] {processor.py:208} INFO - Processing /home/airflow/.local/lib/python3.12/site-packages/airflow/example_dags/example_complex.py took 0.165 seconds
[2025-03-16T06:10:09.419+0000] {processor.py:186} INFO - Started process (PID=26444) to work on /home/airflow/.local/lib/python3.12/site-packages/airflow/example_dags/example_complex.py
[2025-03-16T06:10:09.421+0000] {processor.py:914} INFO - Processing file /home/airflow/.local/lib/python3.12/site-packages/airflow/example_dags/example_complex.py for tasks to queue
[2025-03-16T06:10:09.424+0000] {logging_mixin.py:190} INFO - [2025-03-16T06:10:09.424+0000] {dagbag.py:588} INFO - Filling up the DagBag from /home/airflow/.local/lib/python3.12/site-packages/airflow/example_dags/example_complex.py
[2025-03-16T06:10:09.440+0000] {processor.py:925} INFO - DAG(s) 'example_complex' retrieved from /home/airflow/.local/lib/python3.12/site-packages/airflow/example_dags/example_complex.py
[2025-03-16T06:10:09.486+0000] {logging_mixin.py:190} INFO - [2025-03-16T06:10:09.485+0000] {dag.py:3239} INFO - Sync 1 DAGs
[2025-03-16T06:10:09.513+0000] {logging_mixin.py:190} INFO - [2025-03-16T06:10:09.512+0000] {dag.py:4180} INFO - Setting next_dagrun for example_complex to None, run_after=None
[2025-03-16T06:10:09.548+0000] {processor.py:208} INFO - Processing /home/airflow/.local/lib/python3.12/site-packages/airflow/example_dags/example_complex.py took 0.138 seconds
[2025-03-16T06:10:40.566+0000] {processor.py:186} INFO - Started process (PID=26509) to work on /home/airflow/.local/lib/python3.12/site-packages/airflow/example_dags/example_complex.py
[2025-03-16T06:10:40.567+0000] {processor.py:914} INFO - Processing file /home/airflow/.local/lib/python3.12/site-packages/airflow/example_dags/example_complex.py for tasks to queue
[2025-03-16T06:10:40.573+0000] {logging_mixin.py:190} INFO - [2025-03-16T06:10:40.572+0000] {dagbag.py:588} INFO - Filling up the DagBag from /home/airflow/.local/lib/python3.12/site-packages/airflow/example_dags/example_complex.py
[2025-03-16T06:10:40.590+0000] {processor.py:925} INFO - DAG(s) 'example_complex' retrieved from /home/airflow/.local/lib/python3.12/site-packages/airflow/example_dags/example_complex.py
[2025-03-16T06:10:40.632+0000] {logging_mixin.py:190} INFO - [2025-03-16T06:10:40.632+0000] {dag.py:3239} INFO - Sync 1 DAGs
[2025-03-16T06:10:40.652+0000] {logging_mixin.py:190} INFO - [2025-03-16T06:10:40.651+0000] {dag.py:4180} INFO - Setting next_dagrun for example_complex to None, run_after=None
[2025-03-16T06:10:40.685+0000] {processor.py:208} INFO - Processing /home/airflow/.local/lib/python3.12/site-packages/airflow/example_dags/example_complex.py took 0.127 seconds
[2025-03-16T06:11:10.938+0000] {processor.py:186} INFO - Started process (PID=26574) to work on /home/airflow/.local/lib/python3.12/site-packages/airflow/example_dags/example_complex.py
[2025-03-16T06:11:10.939+0000] {processor.py:914} INFO - Processing file /home/airflow/.local/lib/python3.12/site-packages/airflow/example_dags/example_complex.py for tasks to queue
[2025-03-16T06:11:10.943+0000] {logging_mixin.py:190} INFO - [2025-03-16T06:11:10.942+0000] {dagbag.py:588} INFO - Filling up the DagBag from /home/airflow/.local/lib/python3.12/site-packages/airflow/example_dags/example_complex.py
[2025-03-16T06:11:10.971+0000] {processor.py:925} INFO - DAG(s) 'example_complex' retrieved from /home/airflow/.local/lib/python3.12/site-packages/airflow/example_dags/example_complex.py
[2025-03-16T06:11:11.026+0000] {logging_mixin.py:190} INFO - [2025-03-16T06:11:11.025+0000] {dag.py:3239} INFO - Sync 1 DAGs
[2025-03-16T06:11:11.044+0000] {logging_mixin.py:190} INFO - [2025-03-16T06:11:11.044+0000] {dag.py:4180} INFO - Setting next_dagrun for example_complex to None, run_after=None
[2025-03-16T06:11:11.081+0000] {processor.py:208} INFO - Processing /home/airflow/.local/lib/python3.12/site-packages/airflow/example_dags/example_complex.py took 0.155 seconds
[2025-03-16T06:11:41.811+0000] {processor.py:186} INFO - Started process (PID=26639) to work on /home/airflow/.local/lib/python3.12/site-packages/airflow/example_dags/example_complex.py
[2025-03-16T06:11:41.813+0000] {processor.py:914} INFO - Processing file /home/airflow/.local/lib/python3.12/site-packages/airflow/example_dags/example_complex.py for tasks to queue
[2025-03-16T06:11:41.817+0000] {logging_mixin.py:190} INFO - [2025-03-16T06:11:41.816+0000] {dagbag.py:588} INFO - Filling up the DagBag from /home/airflow/.local/lib/python3.12/site-packages/airflow/example_dags/example_complex.py
[2025-03-16T06:11:41.833+0000] {processor.py:925} INFO - DAG(s) 'example_complex' retrieved from /home/airflow/.local/lib/python3.12/site-packages/airflow/example_dags/example_complex.py
[2025-03-16T06:11:41.874+0000] {logging_mixin.py:190} INFO - [2025-03-16T06:11:41.874+0000] {dag.py:3239} INFO - Sync 1 DAGs
[2025-03-16T06:11:41.892+0000] {logging_mixin.py:190} INFO - [2025-03-16T06:11:41.892+0000] {dag.py:4180} INFO - Setting next_dagrun for example_complex to None, run_after=None
[2025-03-16T06:11:41.919+0000] {processor.py:208} INFO - Processing /home/airflow/.local/lib/python3.12/site-packages/airflow/example_dags/example_complex.py took 0.115 seconds
[2025-03-16T06:12:12.240+0000] {processor.py:186} INFO - Started process (PID=26703) to work on /home/airflow/.local/lib/python3.12/site-packages/airflow/example_dags/example_complex.py
[2025-03-16T06:12:12.242+0000] {processor.py:914} INFO - Processing file /home/airflow/.local/lib/python3.12/site-packages/airflow/example_dags/example_complex.py for tasks to queue
[2025-03-16T06:12:12.246+0000] {logging_mixin.py:190} INFO - [2025-03-16T06:12:12.246+0000] {dagbag.py:588} INFO - Filling up the DagBag from /home/airflow/.local/lib/python3.12/site-packages/airflow/example_dags/example_complex.py
[2025-03-16T06:12:12.265+0000] {processor.py:925} INFO - DAG(s) 'example_complex' retrieved from /home/airflow/.local/lib/python3.12/site-packages/airflow/example_dags/example_complex.py
[2025-03-16T06:12:12.325+0000] {logging_mixin.py:190} INFO - [2025-03-16T06:12:12.324+0000] {dag.py:3239} INFO - Sync 1 DAGs
[2025-03-16T06:12:12.354+0000] {logging_mixin.py:190} INFO - [2025-03-16T06:12:12.353+0000] {dag.py:4180} INFO - Setting next_dagrun for example_complex to None, run_after=None
[2025-03-16T06:12:12.390+0000] {processor.py:208} INFO - Processing /home/airflow/.local/lib/python3.12/site-packages/airflow/example_dags/example_complex.py took 0.160 seconds
[2025-03-16T06:12:42.499+0000] {processor.py:186} INFO - Started process (PID=26768) to work on /home/airflow/.local/lib/python3.12/site-packages/airflow/example_dags/example_complex.py
[2025-03-16T06:12:42.501+0000] {processor.py:914} INFO - Processing file /home/airflow/.local/lib/python3.12/site-packages/airflow/example_dags/example_complex.py for tasks to queue
[2025-03-16T06:12:42.505+0000] {logging_mixin.py:190} INFO - [2025-03-16T06:12:42.504+0000] {dagbag.py:588} INFO - Filling up the DagBag from /home/airflow/.local/lib/python3.12/site-packages/airflow/example_dags/example_complex.py
[2025-03-16T06:12:42.523+0000] {processor.py:925} INFO - DAG(s) 'example_complex' retrieved from /home/airflow/.local/lib/python3.12/site-packages/airflow/example_dags/example_complex.py
[2025-03-16T06:12:42.566+0000] {logging_mixin.py:190} INFO - [2025-03-16T06:12:42.565+0000] {dag.py:3239} INFO - Sync 1 DAGs
[2025-03-16T06:12:42.587+0000] {logging_mixin.py:190} INFO - [2025-03-16T06:12:42.586+0000] {dag.py:4180} INFO - Setting next_dagrun for example_complex to None, run_after=None
[2025-03-16T06:12:42.623+0000] {processor.py:208} INFO - Processing /home/airflow/.local/lib/python3.12/site-packages/airflow/example_dags/example_complex.py took 0.131 seconds
[2025-03-16T06:13:13.125+0000] {processor.py:186} INFO - Started process (PID=26833) to work on /home/airflow/.local/lib/python3.12/site-packages/airflow/example_dags/example_complex.py
[2025-03-16T06:13:13.127+0000] {processor.py:914} INFO - Processing file /home/airflow/.local/lib/python3.12/site-packages/airflow/example_dags/example_complex.py for tasks to queue
[2025-03-16T06:13:13.132+0000] {logging_mixin.py:190} INFO - [2025-03-16T06:13:13.131+0000] {dagbag.py:588} INFO - Filling up the DagBag from /home/airflow/.local/lib/python3.12/site-packages/airflow/example_dags/example_complex.py
[2025-03-16T06:13:13.155+0000] {processor.py:925} INFO - DAG(s) 'example_complex' retrieved from /home/airflow/.local/lib/python3.12/site-packages/airflow/example_dags/example_complex.py
[2025-03-16T06:13:13.209+0000] {logging_mixin.py:190} INFO - [2025-03-16T06:13:13.208+0000] {dag.py:3239} INFO - Sync 1 DAGs
[2025-03-16T06:13:13.227+0000] {logging_mixin.py:190} INFO - [2025-03-16T06:13:13.227+0000] {dag.py:4180} INFO - Setting next_dagrun for example_complex to None, run_after=None
[2025-03-16T06:13:13.258+0000] {processor.py:208} INFO - Processing /home/airflow/.local/lib/python3.12/site-packages/airflow/example_dags/example_complex.py took 0.146 seconds
[2025-03-16T06:13:43.879+0000] {processor.py:186} INFO - Started process (PID=26898) to work on /home/airflow/.local/lib/python3.12/site-packages/airflow/example_dags/example_complex.py
[2025-03-16T06:13:43.881+0000] {processor.py:914} INFO - Processing file /home/airflow/.local/lib/python3.12/site-packages/airflow/example_dags/example_complex.py for tasks to queue
[2025-03-16T06:13:43.885+0000] {logging_mixin.py:190} INFO - [2025-03-16T06:13:43.885+0000] {dagbag.py:588} INFO - Filling up the DagBag from /home/airflow/.local/lib/python3.12/site-packages/airflow/example_dags/example_complex.py
[2025-03-16T06:13:43.905+0000] {processor.py:925} INFO - DAG(s) 'example_complex' retrieved from /home/airflow/.local/lib/python3.12/site-packages/airflow/example_dags/example_complex.py
[2025-03-16T06:13:43.966+0000] {logging_mixin.py:190} INFO - [2025-03-16T06:13:43.966+0000] {dag.py:3239} INFO - Sync 1 DAGs
[2025-03-16T06:13:43.994+0000] {logging_mixin.py:190} INFO - [2025-03-16T06:13:43.993+0000] {dag.py:4180} INFO - Setting next_dagrun for example_complex to None, run_after=None
[2025-03-16T06:13:44.035+0000] {processor.py:208} INFO - Processing /home/airflow/.local/lib/python3.12/site-packages/airflow/example_dags/example_complex.py took 0.162 seconds
[2025-03-16T06:14:14.545+0000] {processor.py:186} INFO - Started process (PID=26962) to work on /home/airflow/.local/lib/python3.12/site-packages/airflow/example_dags/example_complex.py
[2025-03-16T06:14:14.547+0000] {processor.py:914} INFO - Processing file /home/airflow/.local/lib/python3.12/site-packages/airflow/example_dags/example_complex.py for tasks to queue
[2025-03-16T06:14:14.551+0000] {logging_mixin.py:190} INFO - [2025-03-16T06:14:14.551+0000] {dagbag.py:588} INFO - Filling up the DagBag from /home/airflow/.local/lib/python3.12/site-packages/airflow/example_dags/example_complex.py
[2025-03-16T06:14:14.569+0000] {processor.py:925} INFO - DAG(s) 'example_complex' retrieved from /home/airflow/.local/lib/python3.12/site-packages/airflow/example_dags/example_complex.py
[2025-03-16T06:14:14.622+0000] {logging_mixin.py:190} INFO - [2025-03-16T06:14:14.621+0000] {dag.py:3239} INFO - Sync 1 DAGs
[2025-03-16T06:14:14.645+0000] {logging_mixin.py:190} INFO - [2025-03-16T06:14:14.645+0000] {dag.py:4180} INFO - Setting next_dagrun for example_complex to None, run_after=None
[2025-03-16T06:14:14.678+0000] {processor.py:208} INFO - Processing /home/airflow/.local/lib/python3.12/site-packages/airflow/example_dags/example_complex.py took 0.141 seconds
[2025-03-16T06:14:44.942+0000] {processor.py:186} INFO - Started process (PID=27027) to work on /home/airflow/.local/lib/python3.12/site-packages/airflow/example_dags/example_complex.py
[2025-03-16T06:14:44.945+0000] {processor.py:914} INFO - Processing file /home/airflow/.local/lib/python3.12/site-packages/airflow/example_dags/example_complex.py for tasks to queue
[2025-03-16T06:14:44.951+0000] {logging_mixin.py:190} INFO - [2025-03-16T06:14:44.949+0000] {dagbag.py:588} INFO - Filling up the DagBag from /home/airflow/.local/lib/python3.12/site-packages/airflow/example_dags/example_complex.py
[2025-03-16T06:14:44.983+0000] {processor.py:925} INFO - DAG(s) 'example_complex' retrieved from /home/airflow/.local/lib/python3.12/site-packages/airflow/example_dags/example_complex.py
[2025-03-16T06:14:45.063+0000] {logging_mixin.py:190} INFO - [2025-03-16T06:14:45.063+0000] {dag.py:3239} INFO - Sync 1 DAGs
[2025-03-16T06:14:45.084+0000] {logging_mixin.py:190} INFO - [2025-03-16T06:14:45.084+0000] {dag.py:4180} INFO - Setting next_dagrun for example_complex to None, run_after=None
[2025-03-16T06:14:45.120+0000] {processor.py:208} INFO - Processing /home/airflow/.local/lib/python3.12/site-packages/airflow/example_dags/example_complex.py took 0.189 seconds
[2025-03-16T06:15:15.609+0000] {processor.py:186} INFO - Started process (PID=27092) to work on /home/airflow/.local/lib/python3.12/site-packages/airflow/example_dags/example_complex.py
[2025-03-16T06:15:15.611+0000] {processor.py:914} INFO - Processing file /home/airflow/.local/lib/python3.12/site-packages/airflow/example_dags/example_complex.py for tasks to queue
[2025-03-16T06:15:15.615+0000] {logging_mixin.py:190} INFO - [2025-03-16T06:15:15.614+0000] {dagbag.py:588} INFO - Filling up the DagBag from /home/airflow/.local/lib/python3.12/site-packages/airflow/example_dags/example_complex.py
[2025-03-16T06:15:15.631+0000] {processor.py:925} INFO - DAG(s) 'example_complex' retrieved from /home/airflow/.local/lib/python3.12/site-packages/airflow/example_dags/example_complex.py
[2025-03-16T06:15:15.678+0000] {logging_mixin.py:190} INFO - [2025-03-16T06:15:15.678+0000] {dag.py:3239} INFO - Sync 1 DAGs
[2025-03-16T06:15:15.698+0000] {logging_mixin.py:190} INFO - [2025-03-16T06:15:15.698+0000] {dag.py:4180} INFO - Setting next_dagrun for example_complex to None, run_after=None
[2025-03-16T06:15:15.727+0000] {processor.py:208} INFO - Processing /home/airflow/.local/lib/python3.12/site-packages/airflow/example_dags/example_complex.py took 0.125 seconds
[2025-03-16T06:15:46.171+0000] {processor.py:186} INFO - Started process (PID=27157) to work on /home/airflow/.local/lib/python3.12/site-packages/airflow/example_dags/example_complex.py
[2025-03-16T06:15:46.173+0000] {processor.py:914} INFO - Processing file /home/airflow/.local/lib/python3.12/site-packages/airflow/example_dags/example_complex.py for tasks to queue
[2025-03-16T06:15:46.177+0000] {logging_mixin.py:190} INFO - [2025-03-16T06:15:46.176+0000] {dagbag.py:588} INFO - Filling up the DagBag from /home/airflow/.local/lib/python3.12/site-packages/airflow/example_dags/example_complex.py
[2025-03-16T06:15:46.203+0000] {processor.py:925} INFO - DAG(s) 'example_complex' retrieved from /home/airflow/.local/lib/python3.12/site-packages/airflow/example_dags/example_complex.py
[2025-03-16T06:15:46.266+0000] {logging_mixin.py:190} INFO - [2025-03-16T06:15:46.266+0000] {dag.py:3239} INFO - Sync 1 DAGs
[2025-03-16T06:15:46.288+0000] {logging_mixin.py:190} INFO - [2025-03-16T06:15:46.287+0000] {dag.py:4180} INFO - Setting next_dagrun for example_complex to None, run_after=None
[2025-03-16T06:15:46.324+0000] {processor.py:208} INFO - Processing /home/airflow/.local/lib/python3.12/site-packages/airflow/example_dags/example_complex.py took 0.170 seconds
[2025-03-16T06:16:16.770+0000] {processor.py:186} INFO - Started process (PID=27222) to work on /home/airflow/.local/lib/python3.12/site-packages/airflow/example_dags/example_complex.py
[2025-03-16T06:16:16.771+0000] {processor.py:914} INFO - Processing file /home/airflow/.local/lib/python3.12/site-packages/airflow/example_dags/example_complex.py for tasks to queue
[2025-03-16T06:16:16.775+0000] {logging_mixin.py:190} INFO - [2025-03-16T06:16:16.775+0000] {dagbag.py:588} INFO - Filling up the DagBag from /home/airflow/.local/lib/python3.12/site-packages/airflow/example_dags/example_complex.py
[2025-03-16T06:16:16.792+0000] {processor.py:925} INFO - DAG(s) 'example_complex' retrieved from /home/airflow/.local/lib/python3.12/site-packages/airflow/example_dags/example_complex.py
[2025-03-16T06:16:16.838+0000] {logging_mixin.py:190} INFO - [2025-03-16T06:16:16.838+0000] {dag.py:3239} INFO - Sync 1 DAGs
[2025-03-16T06:16:16.860+0000] {logging_mixin.py:190} INFO - [2025-03-16T06:16:16.859+0000] {dag.py:4180} INFO - Setting next_dagrun for example_complex to None, run_after=None
[2025-03-16T06:16:16.903+0000] {processor.py:208} INFO - Processing /home/airflow/.local/lib/python3.12/site-packages/airflow/example_dags/example_complex.py took 0.143 seconds
[2025-03-16T06:16:47.154+0000] {processor.py:186} INFO - Started process (PID=27287) to work on /home/airflow/.local/lib/python3.12/site-packages/airflow/example_dags/example_complex.py
[2025-03-16T06:16:47.156+0000] {processor.py:914} INFO - Processing file /home/airflow/.local/lib/python3.12/site-packages/airflow/example_dags/example_complex.py for tasks to queue
[2025-03-16T06:16:47.159+0000] {logging_mixin.py:190} INFO - [2025-03-16T06:16:47.159+0000] {dagbag.py:588} INFO - Filling up the DagBag from /home/airflow/.local/lib/python3.12/site-packages/airflow/example_dags/example_complex.py
[2025-03-16T06:16:47.177+0000] {processor.py:925} INFO - DAG(s) 'example_complex' retrieved from /home/airflow/.local/lib/python3.12/site-packages/airflow/example_dags/example_complex.py
[2025-03-16T06:16:47.222+0000] {logging_mixin.py:190} INFO - [2025-03-16T06:16:47.222+0000] {dag.py:3239} INFO - Sync 1 DAGs
[2025-03-16T06:16:47.243+0000] {logging_mixin.py:190} INFO - [2025-03-16T06:16:47.243+0000] {dag.py:4180} INFO - Setting next_dagrun for example_complex to None, run_after=None
[2025-03-16T06:16:47.286+0000] {processor.py:208} INFO - Processing /home/airflow/.local/lib/python3.12/site-packages/airflow/example_dags/example_complex.py took 0.141 seconds
[2025-03-16T06:17:17.532+0000] {processor.py:186} INFO - Started process (PID=27352) to work on /home/airflow/.local/lib/python3.12/site-packages/airflow/example_dags/example_complex.py
[2025-03-16T06:17:17.534+0000] {processor.py:914} INFO - Processing file /home/airflow/.local/lib/python3.12/site-packages/airflow/example_dags/example_complex.py for tasks to queue
[2025-03-16T06:17:17.537+0000] {logging_mixin.py:190} INFO - [2025-03-16T06:17:17.537+0000] {dagbag.py:588} INFO - Filling up the DagBag from /home/airflow/.local/lib/python3.12/site-packages/airflow/example_dags/example_complex.py
[2025-03-16T06:17:17.553+0000] {processor.py:925} INFO - DAG(s) 'example_complex' retrieved from /home/airflow/.local/lib/python3.12/site-packages/airflow/example_dags/example_complex.py
[2025-03-16T06:17:17.604+0000] {logging_mixin.py:190} INFO - [2025-03-16T06:17:17.604+0000] {dag.py:3239} INFO - Sync 1 DAGs
[2025-03-16T06:17:17.623+0000] {logging_mixin.py:190} INFO - [2025-03-16T06:17:17.623+0000] {dag.py:4180} INFO - Setting next_dagrun for example_complex to None, run_after=None
[2025-03-16T06:17:17.654+0000] {processor.py:208} INFO - Processing /home/airflow/.local/lib/python3.12/site-packages/airflow/example_dags/example_complex.py took 0.129 seconds
[2025-03-16T06:17:48.230+0000] {processor.py:186} INFO - Started process (PID=27415) to work on /home/airflow/.local/lib/python3.12/site-packages/airflow/example_dags/example_complex.py
[2025-03-16T06:17:48.233+0000] {processor.py:914} INFO - Processing file /home/airflow/.local/lib/python3.12/site-packages/airflow/example_dags/example_complex.py for tasks to queue
[2025-03-16T06:17:48.237+0000] {logging_mixin.py:190} INFO - [2025-03-16T06:17:48.236+0000] {dagbag.py:588} INFO - Filling up the DagBag from /home/airflow/.local/lib/python3.12/site-packages/airflow/example_dags/example_complex.py
[2025-03-16T06:17:48.254+0000] {processor.py:925} INFO - DAG(s) 'example_complex' retrieved from /home/airflow/.local/lib/python3.12/site-packages/airflow/example_dags/example_complex.py
[2025-03-16T06:17:48.308+0000] {logging_mixin.py:190} INFO - [2025-03-16T06:17:48.307+0000] {dag.py:3239} INFO - Sync 1 DAGs
[2025-03-16T06:17:48.331+0000] {logging_mixin.py:190} INFO - [2025-03-16T06:17:48.330+0000] {dag.py:4180} INFO - Setting next_dagrun for example_complex to None, run_after=None
[2025-03-16T06:17:48.374+0000] {processor.py:208} INFO - Processing /home/airflow/.local/lib/python3.12/site-packages/airflow/example_dags/example_complex.py took 0.154 seconds
[2025-03-16T06:18:18.470+0000] {processor.py:186} INFO - Started process (PID=27480) to work on /home/airflow/.local/lib/python3.12/site-packages/airflow/example_dags/example_complex.py
[2025-03-16T06:18:18.472+0000] {processor.py:914} INFO - Processing file /home/airflow/.local/lib/python3.12/site-packages/airflow/example_dags/example_complex.py for tasks to queue
[2025-03-16T06:18:18.477+0000] {logging_mixin.py:190} INFO - [2025-03-16T06:18:18.477+0000] {dagbag.py:588} INFO - Filling up the DagBag from /home/airflow/.local/lib/python3.12/site-packages/airflow/example_dags/example_complex.py
[2025-03-16T06:18:18.500+0000] {processor.py:925} INFO - DAG(s) 'example_complex' retrieved from /home/airflow/.local/lib/python3.12/site-packages/airflow/example_dags/example_complex.py
[2025-03-16T06:18:18.548+0000] {logging_mixin.py:190} INFO - [2025-03-16T06:18:18.548+0000] {dag.py:3239} INFO - Sync 1 DAGs
[2025-03-16T06:18:18.573+0000] {logging_mixin.py:190} INFO - [2025-03-16T06:18:18.573+0000] {dag.py:4180} INFO - Setting next_dagrun for example_complex to None, run_after=None
[2025-03-16T06:18:18.608+0000] {processor.py:208} INFO - Processing /home/airflow/.local/lib/python3.12/site-packages/airflow/example_dags/example_complex.py took 0.149 seconds
[2025-03-16T06:18:48.958+0000] {processor.py:186} INFO - Started process (PID=27545) to work on /home/airflow/.local/lib/python3.12/site-packages/airflow/example_dags/example_complex.py
[2025-03-16T06:18:48.960+0000] {processor.py:914} INFO - Processing file /home/airflow/.local/lib/python3.12/site-packages/airflow/example_dags/example_complex.py for tasks to queue
[2025-03-16T06:18:48.963+0000] {logging_mixin.py:190} INFO - [2025-03-16T06:18:48.963+0000] {dagbag.py:588} INFO - Filling up the DagBag from /home/airflow/.local/lib/python3.12/site-packages/airflow/example_dags/example_complex.py
[2025-03-16T06:18:48.980+0000] {processor.py:925} INFO - DAG(s) 'example_complex' retrieved from /home/airflow/.local/lib/python3.12/site-packages/airflow/example_dags/example_complex.py
[2025-03-16T06:18:49.024+0000] {logging_mixin.py:190} INFO - [2025-03-16T06:18:49.024+0000] {dag.py:3239} INFO - Sync 1 DAGs
[2025-03-16T06:18:49.052+0000] {logging_mixin.py:190} INFO - [2025-03-16T06:18:49.051+0000] {dag.py:4180} INFO - Setting next_dagrun for example_complex to None, run_after=None
[2025-03-16T06:18:49.089+0000] {processor.py:208} INFO - Processing /home/airflow/.local/lib/python3.12/site-packages/airflow/example_dags/example_complex.py took 0.140 seconds
[2025-03-16T06:19:19.963+0000] {processor.py:186} INFO - Started process (PID=27610) to work on /home/airflow/.local/lib/python3.12/site-packages/airflow/example_dags/example_complex.py
[2025-03-16T06:19:19.965+0000] {processor.py:914} INFO - Processing file /home/airflow/.local/lib/python3.12/site-packages/airflow/example_dags/example_complex.py for tasks to queue
[2025-03-16T06:19:19.969+0000] {logging_mixin.py:190} INFO - [2025-03-16T06:19:19.969+0000] {dagbag.py:588} INFO - Filling up the DagBag from /home/airflow/.local/lib/python3.12/site-packages/airflow/example_dags/example_complex.py
[2025-03-16T06:19:19.986+0000] {processor.py:925} INFO - DAG(s) 'example_complex' retrieved from /home/airflow/.local/lib/python3.12/site-packages/airflow/example_dags/example_complex.py
[2025-03-16T06:19:20.034+0000] {logging_mixin.py:190} INFO - [2025-03-16T06:19:20.034+0000] {dag.py:3239} INFO - Sync 1 DAGs
[2025-03-16T06:19:20.055+0000] {logging_mixin.py:190} INFO - [2025-03-16T06:19:20.054+0000] {dag.py:4180} INFO - Setting next_dagrun for example_complex to None, run_after=None
[2025-03-16T06:19:20.090+0000] {processor.py:208} INFO - Processing /home/airflow/.local/lib/python3.12/site-packages/airflow/example_dags/example_complex.py took 0.135 seconds
[2025-03-16T06:19:50.787+0000] {processor.py:186} INFO - Started process (PID=27682) to work on /home/airflow/.local/lib/python3.12/site-packages/airflow/example_dags/example_complex.py
[2025-03-16T06:19:50.790+0000] {processor.py:914} INFO - Processing file /home/airflow/.local/lib/python3.12/site-packages/airflow/example_dags/example_complex.py for tasks to queue
[2025-03-16T06:19:50.795+0000] {logging_mixin.py:190} INFO - [2025-03-16T06:19:50.794+0000] {dagbag.py:588} INFO - Filling up the DagBag from /home/airflow/.local/lib/python3.12/site-packages/airflow/example_dags/example_complex.py
[2025-03-16T06:19:50.819+0000] {processor.py:925} INFO - DAG(s) 'example_complex' retrieved from /home/airflow/.local/lib/python3.12/site-packages/airflow/example_dags/example_complex.py
[2025-03-16T06:19:50.870+0000] {logging_mixin.py:190} INFO - [2025-03-16T06:19:50.869+0000] {dag.py:3239} INFO - Sync 1 DAGs
[2025-03-16T06:19:50.891+0000] {logging_mixin.py:190} INFO - [2025-03-16T06:19:50.890+0000] {dag.py:4180} INFO - Setting next_dagrun for example_complex to None, run_after=None
[2025-03-16T06:19:50.924+0000] {processor.py:208} INFO - Processing /home/airflow/.local/lib/python3.12/site-packages/airflow/example_dags/example_complex.py took 0.147 seconds
[2025-03-16T06:20:21.606+0000] {processor.py:186} INFO - Started process (PID=27747) to work on /home/airflow/.local/lib/python3.12/site-packages/airflow/example_dags/example_complex.py
[2025-03-16T06:20:21.607+0000] {processor.py:914} INFO - Processing file /home/airflow/.local/lib/python3.12/site-packages/airflow/example_dags/example_complex.py for tasks to queue
[2025-03-16T06:20:21.611+0000] {logging_mixin.py:190} INFO - [2025-03-16T06:20:21.610+0000] {dagbag.py:588} INFO - Filling up the DagBag from /home/airflow/.local/lib/python3.12/site-packages/airflow/example_dags/example_complex.py
[2025-03-16T06:20:21.626+0000] {processor.py:925} INFO - DAG(s) 'example_complex' retrieved from /home/airflow/.local/lib/python3.12/site-packages/airflow/example_dags/example_complex.py
[2025-03-16T06:20:21.679+0000] {logging_mixin.py:190} INFO - [2025-03-16T06:20:21.678+0000] {dag.py:3239} INFO - Sync 1 DAGs
[2025-03-16T06:20:21.700+0000] {logging_mixin.py:190} INFO - [2025-03-16T06:20:21.699+0000] {dag.py:4180} INFO - Setting next_dagrun for example_complex to None, run_after=None
[2025-03-16T06:20:21.728+0000] {processor.py:208} INFO - Processing /home/airflow/.local/lib/python3.12/site-packages/airflow/example_dags/example_complex.py took 0.130 seconds
[2025-03-16T06:20:51.853+0000] {processor.py:186} INFO - Started process (PID=27812) to work on /home/airflow/.local/lib/python3.12/site-packages/airflow/example_dags/example_complex.py
[2025-03-16T06:20:51.854+0000] {processor.py:914} INFO - Processing file /home/airflow/.local/lib/python3.12/site-packages/airflow/example_dags/example_complex.py for tasks to queue
[2025-03-16T06:20:51.858+0000] {logging_mixin.py:190} INFO - [2025-03-16T06:20:51.857+0000] {dagbag.py:588} INFO - Filling up the DagBag from /home/airflow/.local/lib/python3.12/site-packages/airflow/example_dags/example_complex.py
[2025-03-16T06:20:51.878+0000] {processor.py:925} INFO - DAG(s) 'example_complex' retrieved from /home/airflow/.local/lib/python3.12/site-packages/airflow/example_dags/example_complex.py
[2025-03-16T06:20:51.928+0000] {logging_mixin.py:190} INFO - [2025-03-16T06:20:51.928+0000] {dag.py:3239} INFO - Sync 1 DAGs
[2025-03-16T06:20:51.946+0000] {logging_mixin.py:190} INFO - [2025-03-16T06:20:51.946+0000] {dag.py:4180} INFO - Setting next_dagrun for example_complex to None, run_after=None
[2025-03-16T06:20:51.980+0000] {processor.py:208} INFO - Processing /home/airflow/.local/lib/python3.12/site-packages/airflow/example_dags/example_complex.py took 0.134 seconds
[2025-03-16T06:21:22.850+0000] {processor.py:186} INFO - Started process (PID=27876) to work on /home/airflow/.local/lib/python3.12/site-packages/airflow/example_dags/example_complex.py
[2025-03-16T06:21:22.852+0000] {processor.py:914} INFO - Processing file /home/airflow/.local/lib/python3.12/site-packages/airflow/example_dags/example_complex.py for tasks to queue
[2025-03-16T06:21:22.856+0000] {logging_mixin.py:190} INFO - [2025-03-16T06:21:22.855+0000] {dagbag.py:588} INFO - Filling up the DagBag from /home/airflow/.local/lib/python3.12/site-packages/airflow/example_dags/example_complex.py
[2025-03-16T06:21:22.872+0000] {processor.py:925} INFO - DAG(s) 'example_complex' retrieved from /home/airflow/.local/lib/python3.12/site-packages/airflow/example_dags/example_complex.py
[2025-03-16T06:21:22.914+0000] {logging_mixin.py:190} INFO - [2025-03-16T06:21:22.913+0000] {dag.py:3239} INFO - Sync 1 DAGs
[2025-03-16T06:21:22.935+0000] {logging_mixin.py:190} INFO - [2025-03-16T06:21:22.934+0000] {dag.py:4180} INFO - Setting next_dagrun for example_complex to None, run_after=None
[2025-03-16T06:21:22.964+0000] {processor.py:208} INFO - Processing /home/airflow/.local/lib/python3.12/site-packages/airflow/example_dags/example_complex.py took 0.121 seconds
[2025-03-16T06:21:53.039+0000] {processor.py:186} INFO - Started process (PID=27932) to work on /home/airflow/.local/lib/python3.12/site-packages/airflow/example_dags/example_complex.py
[2025-03-16T06:21:53.041+0000] {processor.py:914} INFO - Processing file /home/airflow/.local/lib/python3.12/site-packages/airflow/example_dags/example_complex.py for tasks to queue
[2025-03-16T06:21:53.045+0000] {logging_mixin.py:190} INFO - [2025-03-16T06:21:53.044+0000] {dagbag.py:588} INFO - Filling up the DagBag from /home/airflow/.local/lib/python3.12/site-packages/airflow/example_dags/example_complex.py
[2025-03-16T06:21:53.061+0000] {processor.py:925} INFO - DAG(s) 'example_complex' retrieved from /home/airflow/.local/lib/python3.12/site-packages/airflow/example_dags/example_complex.py
[2025-03-16T06:21:53.107+0000] {logging_mixin.py:190} INFO - [2025-03-16T06:21:53.106+0000] {dag.py:3239} INFO - Sync 1 DAGs
[2025-03-16T06:21:53.125+0000] {logging_mixin.py:190} INFO - [2025-03-16T06:21:53.125+0000] {dag.py:4180} INFO - Setting next_dagrun for example_complex to None, run_after=None
[2025-03-16T06:21:53.156+0000] {processor.py:208} INFO - Processing /home/airflow/.local/lib/python3.12/site-packages/airflow/example_dags/example_complex.py took 0.124 seconds
[2025-03-16T06:22:24.674+0000] {processor.py:186} INFO - Started process (PID=27995) to work on /home/airflow/.local/lib/python3.12/site-packages/airflow/example_dags/example_complex.py
[2025-03-16T06:22:24.679+0000] {processor.py:914} INFO - Processing file /home/airflow/.local/lib/python3.12/site-packages/airflow/example_dags/example_complex.py for tasks to queue
[2025-03-16T06:22:24.685+0000] {logging_mixin.py:190} INFO - [2025-03-16T06:22:24.685+0000] {dagbag.py:588} INFO - Filling up the DagBag from /home/airflow/.local/lib/python3.12/site-packages/airflow/example_dags/example_complex.py
[2025-03-16T06:22:24.710+0000] {processor.py:925} INFO - DAG(s) 'example_complex' retrieved from /home/airflow/.local/lib/python3.12/site-packages/airflow/example_dags/example_complex.py
[2025-03-16T06:22:24.768+0000] {logging_mixin.py:190} INFO - [2025-03-16T06:22:24.767+0000] {dag.py:3239} INFO - Sync 1 DAGs
[2025-03-16T06:22:24.795+0000] {logging_mixin.py:190} INFO - [2025-03-16T06:22:24.795+0000] {dag.py:4180} INFO - Setting next_dagrun for example_complex to None, run_after=None
[2025-03-16T06:22:24.826+0000] {processor.py:208} INFO - Processing /home/airflow/.local/lib/python3.12/site-packages/airflow/example_dags/example_complex.py took 0.161 seconds
[2025-03-16T06:22:55.571+0000] {processor.py:186} INFO - Started process (PID=28056) to work on /home/airflow/.local/lib/python3.12/site-packages/airflow/example_dags/example_complex.py
[2025-03-16T06:22:55.573+0000] {processor.py:914} INFO - Processing file /home/airflow/.local/lib/python3.12/site-packages/airflow/example_dags/example_complex.py for tasks to queue
[2025-03-16T06:22:55.576+0000] {logging_mixin.py:190} INFO - [2025-03-16T06:22:55.576+0000] {dagbag.py:588} INFO - Filling up the DagBag from /home/airflow/.local/lib/python3.12/site-packages/airflow/example_dags/example_complex.py
[2025-03-16T06:22:55.592+0000] {processor.py:925} INFO - DAG(s) 'example_complex' retrieved from /home/airflow/.local/lib/python3.12/site-packages/airflow/example_dags/example_complex.py
[2025-03-16T06:22:55.631+0000] {logging_mixin.py:190} INFO - [2025-03-16T06:22:55.630+0000] {dag.py:3239} INFO - Sync 1 DAGs
[2025-03-16T06:22:55.652+0000] {logging_mixin.py:190} INFO - [2025-03-16T06:22:55.651+0000] {dag.py:4180} INFO - Setting next_dagrun for example_complex to None, run_after=None
[2025-03-16T06:22:55.684+0000] {processor.py:208} INFO - Processing /home/airflow/.local/lib/python3.12/site-packages/airflow/example_dags/example_complex.py took 0.120 seconds
[2025-03-16T06:23:26.409+0000] {processor.py:186} INFO - Started process (PID=28121) to work on /home/airflow/.local/lib/python3.12/site-packages/airflow/example_dags/example_complex.py
[2025-03-16T06:23:26.411+0000] {processor.py:914} INFO - Processing file /home/airflow/.local/lib/python3.12/site-packages/airflow/example_dags/example_complex.py for tasks to queue
[2025-03-16T06:23:26.414+0000] {logging_mixin.py:190} INFO - [2025-03-16T06:23:26.414+0000] {dagbag.py:588} INFO - Filling up the DagBag from /home/airflow/.local/lib/python3.12/site-packages/airflow/example_dags/example_complex.py
[2025-03-16T06:23:26.435+0000] {processor.py:925} INFO - DAG(s) 'example_complex' retrieved from /home/airflow/.local/lib/python3.12/site-packages/airflow/example_dags/example_complex.py
[2025-03-16T06:23:26.489+0000] {logging_mixin.py:190} INFO - [2025-03-16T06:23:26.489+0000] {dag.py:3239} INFO - Sync 1 DAGs
[2025-03-16T06:23:26.515+0000] {logging_mixin.py:190} INFO - [2025-03-16T06:23:26.515+0000] {dag.py:4180} INFO - Setting next_dagrun for example_complex to None, run_after=None
[2025-03-16T06:23:26.558+0000] {processor.py:208} INFO - Processing /home/airflow/.local/lib/python3.12/site-packages/airflow/example_dags/example_complex.py took 0.156 seconds
[2025-03-16T06:23:56.665+0000] {processor.py:186} INFO - Started process (PID=28181) to work on /home/airflow/.local/lib/python3.12/site-packages/airflow/example_dags/example_complex.py
[2025-03-16T06:23:56.667+0000] {processor.py:914} INFO - Processing file /home/airflow/.local/lib/python3.12/site-packages/airflow/example_dags/example_complex.py for tasks to queue
[2025-03-16T06:23:56.671+0000] {logging_mixin.py:190} INFO - [2025-03-16T06:23:56.670+0000] {dagbag.py:588} INFO - Filling up the DagBag from /home/airflow/.local/lib/python3.12/site-packages/airflow/example_dags/example_complex.py
[2025-03-16T06:23:56.700+0000] {processor.py:925} INFO - DAG(s) 'example_complex' retrieved from /home/airflow/.local/lib/python3.12/site-packages/airflow/example_dags/example_complex.py
[2025-03-16T06:23:56.744+0000] {logging_mixin.py:190} INFO - [2025-03-16T06:23:56.744+0000] {dag.py:3239} INFO - Sync 1 DAGs
[2025-03-16T06:23:56.766+0000] {logging_mixin.py:190} INFO - [2025-03-16T06:23:56.766+0000] {dag.py:4180} INFO - Setting next_dagrun for example_complex to None, run_after=None
[2025-03-16T06:23:56.797+0000] {processor.py:208} INFO - Processing /home/airflow/.local/lib/python3.12/site-packages/airflow/example_dags/example_complex.py took 0.143 seconds
[2025-03-16T06:24:26.950+0000] {processor.py:186} INFO - Started process (PID=28245) to work on /home/airflow/.local/lib/python3.12/site-packages/airflow/example_dags/example_complex.py
[2025-03-16T06:24:26.952+0000] {processor.py:914} INFO - Processing file /home/airflow/.local/lib/python3.12/site-packages/airflow/example_dags/example_complex.py for tasks to queue
[2025-03-16T06:24:26.957+0000] {logging_mixin.py:190} INFO - [2025-03-16T06:24:26.956+0000] {dagbag.py:588} INFO - Filling up the DagBag from /home/airflow/.local/lib/python3.12/site-packages/airflow/example_dags/example_complex.py
[2025-03-16T06:24:26.975+0000] {processor.py:925} INFO - DAG(s) 'example_complex' retrieved from /home/airflow/.local/lib/python3.12/site-packages/airflow/example_dags/example_complex.py
[2025-03-16T06:24:27.028+0000] {logging_mixin.py:190} INFO - [2025-03-16T06:24:27.027+0000] {dag.py:3239} INFO - Sync 1 DAGs
[2025-03-16T06:24:27.055+0000] {logging_mixin.py:190} INFO - [2025-03-16T06:24:27.054+0000] {dag.py:4180} INFO - Setting next_dagrun for example_complex to None, run_after=None
[2025-03-16T06:24:27.096+0000] {processor.py:208} INFO - Processing /home/airflow/.local/lib/python3.12/site-packages/airflow/example_dags/example_complex.py took 0.156 seconds
[2025-03-16T06:24:57.484+0000] {processor.py:186} INFO - Started process (PID=28310) to work on /home/airflow/.local/lib/python3.12/site-packages/airflow/example_dags/example_complex.py
[2025-03-16T06:24:57.486+0000] {processor.py:914} INFO - Processing file /home/airflow/.local/lib/python3.12/site-packages/airflow/example_dags/example_complex.py for tasks to queue
[2025-03-16T06:24:57.490+0000] {logging_mixin.py:190} INFO - [2025-03-16T06:24:57.489+0000] {dagbag.py:588} INFO - Filling up the DagBag from /home/airflow/.local/lib/python3.12/site-packages/airflow/example_dags/example_complex.py
[2025-03-16T06:24:57.513+0000] {processor.py:925} INFO - DAG(s) 'example_complex' retrieved from /home/airflow/.local/lib/python3.12/site-packages/airflow/example_dags/example_complex.py
[2025-03-16T06:24:57.564+0000] {logging_mixin.py:190} INFO - [2025-03-16T06:24:57.563+0000] {dag.py:3239} INFO - Sync 1 DAGs
[2025-03-16T06:24:57.585+0000] {logging_mixin.py:190} INFO - [2025-03-16T06:24:57.585+0000] {dag.py:4180} INFO - Setting next_dagrun for example_complex to None, run_after=None
[2025-03-16T06:24:57.617+0000] {processor.py:208} INFO - Processing /home/airflow/.local/lib/python3.12/site-packages/airflow/example_dags/example_complex.py took 0.144 seconds
[2025-03-16T06:25:27.803+0000] {processor.py:186} INFO - Started process (PID=28375) to work on /home/airflow/.local/lib/python3.12/site-packages/airflow/example_dags/example_complex.py
[2025-03-16T06:25:27.805+0000] {processor.py:914} INFO - Processing file /home/airflow/.local/lib/python3.12/site-packages/airflow/example_dags/example_complex.py for tasks to queue
[2025-03-16T06:25:27.810+0000] {logging_mixin.py:190} INFO - [2025-03-16T06:25:27.809+0000] {dagbag.py:588} INFO - Filling up the DagBag from /home/airflow/.local/lib/python3.12/site-packages/airflow/example_dags/example_complex.py
[2025-03-16T06:25:27.832+0000] {processor.py:925} INFO - DAG(s) 'example_complex' retrieved from /home/airflow/.local/lib/python3.12/site-packages/airflow/example_dags/example_complex.py
[2025-03-16T06:25:27.879+0000] {logging_mixin.py:190} INFO - [2025-03-16T06:25:27.879+0000] {dag.py:3239} INFO - Sync 1 DAGs
[2025-03-16T06:25:27.903+0000] {logging_mixin.py:190} INFO - [2025-03-16T06:25:27.903+0000] {dag.py:4180} INFO - Setting next_dagrun for example_complex to None, run_after=None
[2025-03-16T06:25:27.934+0000] {processor.py:208} INFO - Processing /home/airflow/.local/lib/python3.12/site-packages/airflow/example_dags/example_complex.py took 0.142 seconds
[2025-03-16T06:25:58.439+0000] {processor.py:186} INFO - Started process (PID=28440) to work on /home/airflow/.local/lib/python3.12/site-packages/airflow/example_dags/example_complex.py
[2025-03-16T06:25:58.441+0000] {processor.py:914} INFO - Processing file /home/airflow/.local/lib/python3.12/site-packages/airflow/example_dags/example_complex.py for tasks to queue
[2025-03-16T06:25:58.445+0000] {logging_mixin.py:190} INFO - [2025-03-16T06:25:58.444+0000] {dagbag.py:588} INFO - Filling up the DagBag from /home/airflow/.local/lib/python3.12/site-packages/airflow/example_dags/example_complex.py
[2025-03-16T06:25:58.471+0000] {processor.py:925} INFO - DAG(s) 'example_complex' retrieved from /home/airflow/.local/lib/python3.12/site-packages/airflow/example_dags/example_complex.py
[2025-03-16T06:25:58.512+0000] {logging_mixin.py:190} INFO - [2025-03-16T06:25:58.512+0000] {dag.py:3239} INFO - Sync 1 DAGs
[2025-03-16T06:25:58.536+0000] {logging_mixin.py:190} INFO - [2025-03-16T06:25:58.535+0000] {dag.py:4180} INFO - Setting next_dagrun for example_complex to None, run_after=None
[2025-03-16T06:25:58.569+0000] {processor.py:208} INFO - Processing /home/airflow/.local/lib/python3.12/site-packages/airflow/example_dags/example_complex.py took 0.138 seconds
[2025-03-16T06:26:29.348+0000] {processor.py:186} INFO - Started process (PID=28505) to work on /home/airflow/.local/lib/python3.12/site-packages/airflow/example_dags/example_complex.py
[2025-03-16T06:26:29.350+0000] {processor.py:914} INFO - Processing file /home/airflow/.local/lib/python3.12/site-packages/airflow/example_dags/example_complex.py for tasks to queue
[2025-03-16T06:26:29.354+0000] {logging_mixin.py:190} INFO - [2025-03-16T06:26:29.354+0000] {dagbag.py:588} INFO - Filling up the DagBag from /home/airflow/.local/lib/python3.12/site-packages/airflow/example_dags/example_complex.py
[2025-03-16T06:26:29.383+0000] {processor.py:925} INFO - DAG(s) 'example_complex' retrieved from /home/airflow/.local/lib/python3.12/site-packages/airflow/example_dags/example_complex.py
[2025-03-16T06:26:29.428+0000] {logging_mixin.py:190} INFO - [2025-03-16T06:26:29.428+0000] {dag.py:3239} INFO - Sync 1 DAGs
[2025-03-16T06:26:29.449+0000] {logging_mixin.py:190} INFO - [2025-03-16T06:26:29.448+0000] {dag.py:4180} INFO - Setting next_dagrun for example_complex to None, run_after=None
[2025-03-16T06:26:29.481+0000] {processor.py:208} INFO - Processing /home/airflow/.local/lib/python3.12/site-packages/airflow/example_dags/example_complex.py took 0.143 seconds
[2025-03-16T06:26:59.801+0000] {processor.py:186} INFO - Started process (PID=28570) to work on /home/airflow/.local/lib/python3.12/site-packages/airflow/example_dags/example_complex.py
[2025-03-16T06:26:59.802+0000] {processor.py:914} INFO - Processing file /home/airflow/.local/lib/python3.12/site-packages/airflow/example_dags/example_complex.py for tasks to queue
[2025-03-16T06:26:59.806+0000] {logging_mixin.py:190} INFO - [2025-03-16T06:26:59.805+0000] {dagbag.py:588} INFO - Filling up the DagBag from /home/airflow/.local/lib/python3.12/site-packages/airflow/example_dags/example_complex.py
[2025-03-16T06:26:59.822+0000] {processor.py:925} INFO - DAG(s) 'example_complex' retrieved from /home/airflow/.local/lib/python3.12/site-packages/airflow/example_dags/example_complex.py
[2025-03-16T06:26:59.870+0000] {logging_mixin.py:190} INFO - [2025-03-16T06:26:59.869+0000] {dag.py:3239} INFO - Sync 1 DAGs
[2025-03-16T06:26:59.894+0000] {logging_mixin.py:190} INFO - [2025-03-16T06:26:59.894+0000] {dag.py:4180} INFO - Setting next_dagrun for example_complex to None, run_after=None
[2025-03-16T06:26:59.931+0000] {processor.py:208} INFO - Processing /home/airflow/.local/lib/python3.12/site-packages/airflow/example_dags/example_complex.py took 0.139 seconds
[2025-03-16T06:27:30.140+0000] {processor.py:186} INFO - Started process (PID=28635) to work on /home/airflow/.local/lib/python3.12/site-packages/airflow/example_dags/example_complex.py
[2025-03-16T06:27:30.142+0000] {processor.py:914} INFO - Processing file /home/airflow/.local/lib/python3.12/site-packages/airflow/example_dags/example_complex.py for tasks to queue
[2025-03-16T06:27:30.145+0000] {logging_mixin.py:190} INFO - [2025-03-16T06:27:30.145+0000] {dagbag.py:588} INFO - Filling up the DagBag from /home/airflow/.local/lib/python3.12/site-packages/airflow/example_dags/example_complex.py
[2025-03-16T06:27:30.169+0000] {processor.py:925} INFO - DAG(s) 'example_complex' retrieved from /home/airflow/.local/lib/python3.12/site-packages/airflow/example_dags/example_complex.py
[2025-03-16T06:27:30.225+0000] {logging_mixin.py:190} INFO - [2025-03-16T06:27:30.225+0000] {dag.py:3239} INFO - Sync 1 DAGs
[2025-03-16T06:27:30.248+0000] {logging_mixin.py:190} INFO - [2025-03-16T06:27:30.247+0000] {dag.py:4180} INFO - Setting next_dagrun for example_complex to None, run_after=None
[2025-03-16T06:27:30.285+0000] {processor.py:208} INFO - Processing /home/airflow/.local/lib/python3.12/site-packages/airflow/example_dags/example_complex.py took 0.153 seconds
[2025-03-16T06:28:01.012+0000] {processor.py:186} INFO - Started process (PID=28700) to work on /home/airflow/.local/lib/python3.12/site-packages/airflow/example_dags/example_complex.py
[2025-03-16T06:28:01.013+0000] {processor.py:914} INFO - Processing file /home/airflow/.local/lib/python3.12/site-packages/airflow/example_dags/example_complex.py for tasks to queue
[2025-03-16T06:28:01.017+0000] {logging_mixin.py:190} INFO - [2025-03-16T06:28:01.017+0000] {dagbag.py:588} INFO - Filling up the DagBag from /home/airflow/.local/lib/python3.12/site-packages/airflow/example_dags/example_complex.py
[2025-03-16T06:28:01.034+0000] {processor.py:925} INFO - DAG(s) 'example_complex' retrieved from /home/airflow/.local/lib/python3.12/site-packages/airflow/example_dags/example_complex.py
[2025-03-16T06:28:01.081+0000] {logging_mixin.py:190} INFO - [2025-03-16T06:28:01.080+0000] {dag.py:3239} INFO - Sync 1 DAGs
[2025-03-16T06:28:01.103+0000] {logging_mixin.py:190} INFO - [2025-03-16T06:28:01.102+0000] {dag.py:4180} INFO - Setting next_dagrun for example_complex to None, run_after=None
[2025-03-16T06:28:01.135+0000] {processor.py:208} INFO - Processing /home/airflow/.local/lib/python3.12/site-packages/airflow/example_dags/example_complex.py took 0.134 seconds
[2025-03-16T06:28:31.498+0000] {processor.py:186} INFO - Started process (PID=28765) to work on /home/airflow/.local/lib/python3.12/site-packages/airflow/example_dags/example_complex.py
[2025-03-16T06:28:31.500+0000] {processor.py:914} INFO - Processing file /home/airflow/.local/lib/python3.12/site-packages/airflow/example_dags/example_complex.py for tasks to queue
[2025-03-16T06:28:31.503+0000] {logging_mixin.py:190} INFO - [2025-03-16T06:28:31.503+0000] {dagbag.py:588} INFO - Filling up the DagBag from /home/airflow/.local/lib/python3.12/site-packages/airflow/example_dags/example_complex.py
[2025-03-16T06:28:31.521+0000] {processor.py:925} INFO - DAG(s) 'example_complex' retrieved from /home/airflow/.local/lib/python3.12/site-packages/airflow/example_dags/example_complex.py
[2025-03-16T06:28:31.562+0000] {logging_mixin.py:190} INFO - [2025-03-16T06:28:31.562+0000] {dag.py:3239} INFO - Sync 1 DAGs
[2025-03-16T06:28:31.582+0000] {logging_mixin.py:190} INFO - [2025-03-16T06:28:31.582+0000] {dag.py:4180} INFO - Setting next_dagrun for example_complex to None, run_after=None
[2025-03-16T06:28:31.613+0000] {processor.py:208} INFO - Processing /home/airflow/.local/lib/python3.12/site-packages/airflow/example_dags/example_complex.py took 0.122 seconds
[2025-03-16T06:29:01.937+0000] {processor.py:186} INFO - Started process (PID=28830) to work on /home/airflow/.local/lib/python3.12/site-packages/airflow/example_dags/example_complex.py
[2025-03-16T06:29:01.938+0000] {processor.py:914} INFO - Processing file /home/airflow/.local/lib/python3.12/site-packages/airflow/example_dags/example_complex.py for tasks to queue
[2025-03-16T06:29:01.942+0000] {logging_mixin.py:190} INFO - [2025-03-16T06:29:01.941+0000] {dagbag.py:588} INFO - Filling up the DagBag from /home/airflow/.local/lib/python3.12/site-packages/airflow/example_dags/example_complex.py
[2025-03-16T06:29:01.964+0000] {processor.py:925} INFO - DAG(s) 'example_complex' retrieved from /home/airflow/.local/lib/python3.12/site-packages/airflow/example_dags/example_complex.py
[2025-03-16T06:29:02.010+0000] {logging_mixin.py:190} INFO - [2025-03-16T06:29:02.009+0000] {dag.py:3239} INFO - Sync 1 DAGs
[2025-03-16T06:29:02.029+0000] {logging_mixin.py:190} INFO - [2025-03-16T06:29:02.028+0000] {dag.py:4180} INFO - Setting next_dagrun for example_complex to None, run_after=None
[2025-03-16T06:29:02.061+0000] {processor.py:208} INFO - Processing /home/airflow/.local/lib/python3.12/site-packages/airflow/example_dags/example_complex.py took 0.132 seconds
[2025-03-16T06:29:33.073+0000] {processor.py:186} INFO - Started process (PID=28895) to work on /home/airflow/.local/lib/python3.12/site-packages/airflow/example_dags/example_complex.py
[2025-03-16T06:29:33.075+0000] {processor.py:914} INFO - Processing file /home/airflow/.local/lib/python3.12/site-packages/airflow/example_dags/example_complex.py for tasks to queue
[2025-03-16T06:29:33.078+0000] {logging_mixin.py:190} INFO - [2025-03-16T06:29:33.078+0000] {dagbag.py:588} INFO - Filling up the DagBag from /home/airflow/.local/lib/python3.12/site-packages/airflow/example_dags/example_complex.py
[2025-03-16T06:29:33.093+0000] {processor.py:925} INFO - DAG(s) 'example_complex' retrieved from /home/airflow/.local/lib/python3.12/site-packages/airflow/example_dags/example_complex.py
[2025-03-16T06:29:33.138+0000] {logging_mixin.py:190} INFO - [2025-03-16T06:29:33.138+0000] {dag.py:3239} INFO - Sync 1 DAGs
[2025-03-16T06:29:33.155+0000] {logging_mixin.py:190} INFO - [2025-03-16T06:29:33.155+0000] {dag.py:4180} INFO - Setting next_dagrun for example_complex to None, run_after=None
[2025-03-16T06:29:33.227+0000] {processor.py:208} INFO - Processing /home/airflow/.local/lib/python3.12/site-packages/airflow/example_dags/example_complex.py took 0.160 seconds
[2025-03-16T06:30:03.611+0000] {processor.py:186} INFO - Started process (PID=28960) to work on /home/airflow/.local/lib/python3.12/site-packages/airflow/example_dags/example_complex.py
[2025-03-16T06:30:03.612+0000] {processor.py:914} INFO - Processing file /home/airflow/.local/lib/python3.12/site-packages/airflow/example_dags/example_complex.py for tasks to queue
[2025-03-16T06:30:03.616+0000] {logging_mixin.py:190} INFO - [2025-03-16T06:30:03.615+0000] {dagbag.py:588} INFO - Filling up the DagBag from /home/airflow/.local/lib/python3.12/site-packages/airflow/example_dags/example_complex.py
[2025-03-16T06:30:03.635+0000] {processor.py:925} INFO - DAG(s) 'example_complex' retrieved from /home/airflow/.local/lib/python3.12/site-packages/airflow/example_dags/example_complex.py
[2025-03-16T06:30:03.680+0000] {logging_mixin.py:190} INFO - [2025-03-16T06:30:03.680+0000] {dag.py:3239} INFO - Sync 1 DAGs
[2025-03-16T06:30:03.701+0000] {logging_mixin.py:190} INFO - [2025-03-16T06:30:03.701+0000] {dag.py:4180} INFO - Setting next_dagrun for example_complex to None, run_after=None
[2025-03-16T06:30:03.734+0000] {processor.py:208} INFO - Processing /home/airflow/.local/lib/python3.12/site-packages/airflow/example_dags/example_complex.py took 0.132 seconds
[2025-03-16T06:30:33.854+0000] {processor.py:186} INFO - Started process (PID=29024) to work on /home/airflow/.local/lib/python3.12/site-packages/airflow/example_dags/example_complex.py
[2025-03-16T06:30:33.855+0000] {processor.py:914} INFO - Processing file /home/airflow/.local/lib/python3.12/site-packages/airflow/example_dags/example_complex.py for tasks to queue
[2025-03-16T06:30:33.859+0000] {logging_mixin.py:190} INFO - [2025-03-16T06:30:33.859+0000] {dagbag.py:588} INFO - Filling up the DagBag from /home/airflow/.local/lib/python3.12/site-packages/airflow/example_dags/example_complex.py
[2025-03-16T06:30:33.876+0000] {processor.py:925} INFO - DAG(s) 'example_complex' retrieved from /home/airflow/.local/lib/python3.12/site-packages/airflow/example_dags/example_complex.py
[2025-03-16T06:30:33.918+0000] {logging_mixin.py:190} INFO - [2025-03-16T06:30:33.917+0000] {dag.py:3239} INFO - Sync 1 DAGs
[2025-03-16T06:30:33.949+0000] {logging_mixin.py:190} INFO - [2025-03-16T06:30:33.949+0000] {dag.py:4180} INFO - Setting next_dagrun for example_complex to None, run_after=None
[2025-03-16T06:30:33.986+0000] {processor.py:208} INFO - Processing /home/airflow/.local/lib/python3.12/site-packages/airflow/example_dags/example_complex.py took 0.140 seconds
[2025-03-16T06:31:05.004+0000] {processor.py:186} INFO - Started process (PID=29088) to work on /home/airflow/.local/lib/python3.12/site-packages/airflow/example_dags/example_complex.py
[2025-03-16T06:31:05.006+0000] {processor.py:914} INFO - Processing file /home/airflow/.local/lib/python3.12/site-packages/airflow/example_dags/example_complex.py for tasks to queue
[2025-03-16T06:31:05.010+0000] {logging_mixin.py:190} INFO - [2025-03-16T06:31:05.010+0000] {dagbag.py:588} INFO - Filling up the DagBag from /home/airflow/.local/lib/python3.12/site-packages/airflow/example_dags/example_complex.py
[2025-03-16T06:31:05.029+0000] {processor.py:925} INFO - DAG(s) 'example_complex' retrieved from /home/airflow/.local/lib/python3.12/site-packages/airflow/example_dags/example_complex.py
[2025-03-16T06:31:05.076+0000] {logging_mixin.py:190} INFO - [2025-03-16T06:31:05.076+0000] {dag.py:3239} INFO - Sync 1 DAGs
[2025-03-16T06:31:05.098+0000] {logging_mixin.py:190} INFO - [2025-03-16T06:31:05.097+0000] {dag.py:4180} INFO - Setting next_dagrun for example_complex to None, run_after=None
[2025-03-16T06:31:05.132+0000] {processor.py:208} INFO - Processing /home/airflow/.local/lib/python3.12/site-packages/airflow/example_dags/example_complex.py took 0.139 seconds
[2025-03-16T06:31:35.610+0000] {processor.py:186} INFO - Started process (PID=29153) to work on /home/airflow/.local/lib/python3.12/site-packages/airflow/example_dags/example_complex.py
[2025-03-16T06:31:35.612+0000] {processor.py:914} INFO - Processing file /home/airflow/.local/lib/python3.12/site-packages/airflow/example_dags/example_complex.py for tasks to queue
[2025-03-16T06:31:35.616+0000] {logging_mixin.py:190} INFO - [2025-03-16T06:31:35.615+0000] {dagbag.py:588} INFO - Filling up the DagBag from /home/airflow/.local/lib/python3.12/site-packages/airflow/example_dags/example_complex.py
[2025-03-16T06:31:35.636+0000] {processor.py:925} INFO - DAG(s) 'example_complex' retrieved from /home/airflow/.local/lib/python3.12/site-packages/airflow/example_dags/example_complex.py
[2025-03-16T06:31:35.680+0000] {logging_mixin.py:190} INFO - [2025-03-16T06:31:35.679+0000] {dag.py:3239} INFO - Sync 1 DAGs
[2025-03-16T06:31:35.700+0000] {logging_mixin.py:190} INFO - [2025-03-16T06:31:35.700+0000] {dag.py:4180} INFO - Setting next_dagrun for example_complex to None, run_after=None
[2025-03-16T06:31:35.730+0000] {processor.py:208} INFO - Processing /home/airflow/.local/lib/python3.12/site-packages/airflow/example_dags/example_complex.py took 0.127 seconds
[2025-03-16T06:32:06.465+0000] {processor.py:186} INFO - Started process (PID=29218) to work on /home/airflow/.local/lib/python3.12/site-packages/airflow/example_dags/example_complex.py
[2025-03-16T06:32:06.467+0000] {processor.py:914} INFO - Processing file /home/airflow/.local/lib/python3.12/site-packages/airflow/example_dags/example_complex.py for tasks to queue
[2025-03-16T06:32:06.471+0000] {logging_mixin.py:190} INFO - [2025-03-16T06:32:06.471+0000] {dagbag.py:588} INFO - Filling up the DagBag from /home/airflow/.local/lib/python3.12/site-packages/airflow/example_dags/example_complex.py
[2025-03-16T06:32:06.489+0000] {processor.py:925} INFO - DAG(s) 'example_complex' retrieved from /home/airflow/.local/lib/python3.12/site-packages/airflow/example_dags/example_complex.py
[2025-03-16T06:32:06.534+0000] {logging_mixin.py:190} INFO - [2025-03-16T06:32:06.533+0000] {dag.py:3239} INFO - Sync 1 DAGs
[2025-03-16T06:32:06.556+0000] {logging_mixin.py:190} INFO - [2025-03-16T06:32:06.556+0000] {dag.py:4180} INFO - Setting next_dagrun for example_complex to None, run_after=None
[2025-03-16T06:32:06.592+0000] {processor.py:208} INFO - Processing /home/airflow/.local/lib/python3.12/site-packages/airflow/example_dags/example_complex.py took 0.139 seconds
[2025-03-16T06:32:36.898+0000] {processor.py:186} INFO - Started process (PID=29284) to work on /home/airflow/.local/lib/python3.12/site-packages/airflow/example_dags/example_complex.py
[2025-03-16T06:32:36.899+0000] {processor.py:914} INFO - Processing file /home/airflow/.local/lib/python3.12/site-packages/airflow/example_dags/example_complex.py for tasks to queue
[2025-03-16T06:32:36.903+0000] {logging_mixin.py:190} INFO - [2025-03-16T06:32:36.902+0000] {dagbag.py:588} INFO - Filling up the DagBag from /home/airflow/.local/lib/python3.12/site-packages/airflow/example_dags/example_complex.py
[2025-03-16T06:32:36.931+0000] {processor.py:925} INFO - DAG(s) 'example_complex' retrieved from /home/airflow/.local/lib/python3.12/site-packages/airflow/example_dags/example_complex.py
[2025-03-16T06:32:36.992+0000] {logging_mixin.py:190} INFO - [2025-03-16T06:32:36.992+0000] {dag.py:3239} INFO - Sync 1 DAGs
[2025-03-16T06:32:37.021+0000] {logging_mixin.py:190} INFO - [2025-03-16T06:32:37.021+0000] {dag.py:4180} INFO - Setting next_dagrun for example_complex to None, run_after=None
[2025-03-16T06:32:37.058+0000] {processor.py:208} INFO - Processing /home/airflow/.local/lib/python3.12/site-packages/airflow/example_dags/example_complex.py took 0.172 seconds
[2025-03-16T06:33:07.227+0000] {processor.py:186} INFO - Started process (PID=29350) to work on /home/airflow/.local/lib/python3.12/site-packages/airflow/example_dags/example_complex.py
[2025-03-16T06:33:07.229+0000] {processor.py:914} INFO - Processing file /home/airflow/.local/lib/python3.12/site-packages/airflow/example_dags/example_complex.py for tasks to queue
[2025-03-16T06:33:07.233+0000] {logging_mixin.py:190} INFO - [2025-03-16T06:33:07.232+0000] {dagbag.py:588} INFO - Filling up the DagBag from /home/airflow/.local/lib/python3.12/site-packages/airflow/example_dags/example_complex.py
[2025-03-16T06:33:07.249+0000] {processor.py:925} INFO - DAG(s) 'example_complex' retrieved from /home/airflow/.local/lib/python3.12/site-packages/airflow/example_dags/example_complex.py
[2025-03-16T06:33:07.300+0000] {logging_mixin.py:190} INFO - [2025-03-16T06:33:07.299+0000] {dag.py:3239} INFO - Sync 1 DAGs
[2025-03-16T06:33:07.320+0000] {logging_mixin.py:190} INFO - [2025-03-16T06:33:07.320+0000] {dag.py:4180} INFO - Setting next_dagrun for example_complex to None, run_after=None
[2025-03-16T06:33:07.354+0000] {processor.py:208} INFO - Processing /home/airflow/.local/lib/python3.12/site-packages/airflow/example_dags/example_complex.py took 0.136 seconds
[2025-03-16T06:33:37.950+0000] {processor.py:186} INFO - Started process (PID=29415) to work on /home/airflow/.local/lib/python3.12/site-packages/airflow/example_dags/example_complex.py
[2025-03-16T06:33:37.952+0000] {processor.py:914} INFO - Processing file /home/airflow/.local/lib/python3.12/site-packages/airflow/example_dags/example_complex.py for tasks to queue
[2025-03-16T06:33:37.955+0000] {logging_mixin.py:190} INFO - [2025-03-16T06:33:37.955+0000] {dagbag.py:588} INFO - Filling up the DagBag from /home/airflow/.local/lib/python3.12/site-packages/airflow/example_dags/example_complex.py
[2025-03-16T06:33:37.973+0000] {processor.py:925} INFO - DAG(s) 'example_complex' retrieved from /home/airflow/.local/lib/python3.12/site-packages/airflow/example_dags/example_complex.py
[2025-03-16T06:33:38.051+0000] {logging_mixin.py:190} INFO - [2025-03-16T06:33:38.050+0000] {dag.py:3239} INFO - Sync 1 DAGs
[2025-03-16T06:33:38.075+0000] {logging_mixin.py:190} INFO - [2025-03-16T06:33:38.075+0000] {dag.py:4180} INFO - Setting next_dagrun for example_complex to None, run_after=None
[2025-03-16T06:33:38.112+0000] {processor.py:208} INFO - Processing /home/airflow/.local/lib/python3.12/site-packages/airflow/example_dags/example_complex.py took 0.171 seconds
[2025-03-16T06:34:08.271+0000] {processor.py:186} INFO - Started process (PID=29480) to work on /home/airflow/.local/lib/python3.12/site-packages/airflow/example_dags/example_complex.py
[2025-03-16T06:34:08.273+0000] {processor.py:914} INFO - Processing file /home/airflow/.local/lib/python3.12/site-packages/airflow/example_dags/example_complex.py for tasks to queue
[2025-03-16T06:34:08.277+0000] {logging_mixin.py:190} INFO - [2025-03-16T06:34:08.277+0000] {dagbag.py:588} INFO - Filling up the DagBag from /home/airflow/.local/lib/python3.12/site-packages/airflow/example_dags/example_complex.py
[2025-03-16T06:34:08.298+0000] {processor.py:925} INFO - DAG(s) 'example_complex' retrieved from /home/airflow/.local/lib/python3.12/site-packages/airflow/example_dags/example_complex.py
[2025-03-16T06:34:08.384+0000] {logging_mixin.py:190} INFO - [2025-03-16T06:34:08.383+0000] {dag.py:3239} INFO - Sync 1 DAGs
[2025-03-16T06:34:08.420+0000] {logging_mixin.py:190} INFO - [2025-03-16T06:34:08.419+0000] {dag.py:4180} INFO - Setting next_dagrun for example_complex to None, run_after=None
[2025-03-16T06:34:08.468+0000] {processor.py:208} INFO - Processing /home/airflow/.local/lib/python3.12/site-packages/airflow/example_dags/example_complex.py took 0.207 seconds
[2025-03-16T06:34:39.017+0000] {processor.py:186} INFO - Started process (PID=29545) to work on /home/airflow/.local/lib/python3.12/site-packages/airflow/example_dags/example_complex.py
[2025-03-16T06:34:39.019+0000] {processor.py:914} INFO - Processing file /home/airflow/.local/lib/python3.12/site-packages/airflow/example_dags/example_complex.py for tasks to queue
[2025-03-16T06:34:39.023+0000] {logging_mixin.py:190} INFO - [2025-03-16T06:34:39.022+0000] {dagbag.py:588} INFO - Filling up the DagBag from /home/airflow/.local/lib/python3.12/site-packages/airflow/example_dags/example_complex.py
[2025-03-16T06:34:39.042+0000] {processor.py:925} INFO - DAG(s) 'example_complex' retrieved from /home/airflow/.local/lib/python3.12/site-packages/airflow/example_dags/example_complex.py
[2025-03-16T06:34:39.099+0000] {logging_mixin.py:190} INFO - [2025-03-16T06:34:39.099+0000] {dag.py:3239} INFO - Sync 1 DAGs
[2025-03-16T06:34:39.141+0000] {logging_mixin.py:190} INFO - [2025-03-16T06:34:39.140+0000] {dag.py:4180} INFO - Setting next_dagrun for example_complex to None, run_after=None
[2025-03-16T06:34:39.173+0000] {processor.py:208} INFO - Processing /home/airflow/.local/lib/python3.12/site-packages/airflow/example_dags/example_complex.py took 0.167 seconds
[2025-03-16T06:35:09.716+0000] {processor.py:186} INFO - Started process (PID=29610) to work on /home/airflow/.local/lib/python3.12/site-packages/airflow/example_dags/example_complex.py
[2025-03-16T06:35:09.717+0000] {processor.py:914} INFO - Processing file /home/airflow/.local/lib/python3.12/site-packages/airflow/example_dags/example_complex.py for tasks to queue
[2025-03-16T06:35:09.721+0000] {logging_mixin.py:190} INFO - [2025-03-16T06:35:09.721+0000] {dagbag.py:588} INFO - Filling up the DagBag from /home/airflow/.local/lib/python3.12/site-packages/airflow/example_dags/example_complex.py
[2025-03-16T06:35:09.738+0000] {processor.py:925} INFO - DAG(s) 'example_complex' retrieved from /home/airflow/.local/lib/python3.12/site-packages/airflow/example_dags/example_complex.py
[2025-03-16T06:35:09.787+0000] {logging_mixin.py:190} INFO - [2025-03-16T06:35:09.787+0000] {dag.py:3239} INFO - Sync 1 DAGs
[2025-03-16T06:35:09.807+0000] {logging_mixin.py:190} INFO - [2025-03-16T06:35:09.806+0000] {dag.py:4180} INFO - Setting next_dagrun for example_complex to None, run_after=None
[2025-03-16T06:35:09.836+0000] {processor.py:208} INFO - Processing /home/airflow/.local/lib/python3.12/site-packages/airflow/example_dags/example_complex.py took 0.130 seconds
[2025-03-16T06:35:40.168+0000] {processor.py:186} INFO - Started process (PID=29675) to work on /home/airflow/.local/lib/python3.12/site-packages/airflow/example_dags/example_complex.py
[2025-03-16T06:35:40.171+0000] {processor.py:914} INFO - Processing file /home/airflow/.local/lib/python3.12/site-packages/airflow/example_dags/example_complex.py for tasks to queue
[2025-03-16T06:35:40.177+0000] {logging_mixin.py:190} INFO - [2025-03-16T06:35:40.177+0000] {dagbag.py:588} INFO - Filling up the DagBag from /home/airflow/.local/lib/python3.12/site-packages/airflow/example_dags/example_complex.py
[2025-03-16T06:35:40.205+0000] {processor.py:925} INFO - DAG(s) 'example_complex' retrieved from /home/airflow/.local/lib/python3.12/site-packages/airflow/example_dags/example_complex.py
[2025-03-16T06:35:40.279+0000] {logging_mixin.py:190} INFO - [2025-03-16T06:35:40.279+0000] {dag.py:3239} INFO - Sync 1 DAGs
[2025-03-16T06:35:40.307+0000] {logging_mixin.py:190} INFO - [2025-03-16T06:35:40.306+0000] {dag.py:4180} INFO - Setting next_dagrun for example_complex to None, run_after=None
[2025-03-16T06:35:40.347+0000] {processor.py:208} INFO - Processing /home/airflow/.local/lib/python3.12/site-packages/airflow/example_dags/example_complex.py took 0.189 seconds
[2025-03-16T06:36:10.487+0000] {processor.py:186} INFO - Started process (PID=29740) to work on /home/airflow/.local/lib/python3.12/site-packages/airflow/example_dags/example_complex.py
[2025-03-16T06:36:10.489+0000] {processor.py:914} INFO - Processing file /home/airflow/.local/lib/python3.12/site-packages/airflow/example_dags/example_complex.py for tasks to queue
[2025-03-16T06:36:10.492+0000] {logging_mixin.py:190} INFO - [2025-03-16T06:36:10.492+0000] {dagbag.py:588} INFO - Filling up the DagBag from /home/airflow/.local/lib/python3.12/site-packages/airflow/example_dags/example_complex.py
[2025-03-16T06:36:10.509+0000] {processor.py:925} INFO - DAG(s) 'example_complex' retrieved from /home/airflow/.local/lib/python3.12/site-packages/airflow/example_dags/example_complex.py
[2025-03-16T06:36:10.559+0000] {logging_mixin.py:190} INFO - [2025-03-16T06:36:10.559+0000] {dag.py:3239} INFO - Sync 1 DAGs
[2025-03-16T06:36:10.583+0000] {logging_mixin.py:190} INFO - [2025-03-16T06:36:10.583+0000] {dag.py:4180} INFO - Setting next_dagrun for example_complex to None, run_after=None
[2025-03-16T06:36:10.619+0000] {processor.py:208} INFO - Processing /home/airflow/.local/lib/python3.12/site-packages/airflow/example_dags/example_complex.py took 0.141 seconds
[2025-03-16T06:36:40.819+0000] {processor.py:186} INFO - Started process (PID=29805) to work on /home/airflow/.local/lib/python3.12/site-packages/airflow/example_dags/example_complex.py
[2025-03-16T06:36:40.821+0000] {processor.py:914} INFO - Processing file /home/airflow/.local/lib/python3.12/site-packages/airflow/example_dags/example_complex.py for tasks to queue
[2025-03-16T06:36:40.825+0000] {logging_mixin.py:190} INFO - [2025-03-16T06:36:40.824+0000] {dagbag.py:588} INFO - Filling up the DagBag from /home/airflow/.local/lib/python3.12/site-packages/airflow/example_dags/example_complex.py
[2025-03-16T06:36:40.841+0000] {processor.py:925} INFO - DAG(s) 'example_complex' retrieved from /home/airflow/.local/lib/python3.12/site-packages/airflow/example_dags/example_complex.py
[2025-03-16T06:36:40.886+0000] {logging_mixin.py:190} INFO - [2025-03-16T06:36:40.885+0000] {dag.py:3239} INFO - Sync 1 DAGs
[2025-03-16T06:36:40.907+0000] {logging_mixin.py:190} INFO - [2025-03-16T06:36:40.907+0000] {dag.py:4180} INFO - Setting next_dagrun for example_complex to None, run_after=None
[2025-03-16T06:36:40.943+0000] {processor.py:208} INFO - Processing /home/airflow/.local/lib/python3.12/site-packages/airflow/example_dags/example_complex.py took 0.132 seconds
[2025-03-16T06:37:11.340+0000] {processor.py:186} INFO - Started process (PID=29870) to work on /home/airflow/.local/lib/python3.12/site-packages/airflow/example_dags/example_complex.py
[2025-03-16T06:37:11.342+0000] {processor.py:914} INFO - Processing file /home/airflow/.local/lib/python3.12/site-packages/airflow/example_dags/example_complex.py for tasks to queue
[2025-03-16T06:37:11.346+0000] {logging_mixin.py:190} INFO - [2025-03-16T06:37:11.345+0000] {dagbag.py:588} INFO - Filling up the DagBag from /home/airflow/.local/lib/python3.12/site-packages/airflow/example_dags/example_complex.py
[2025-03-16T06:37:11.364+0000] {processor.py:925} INFO - DAG(s) 'example_complex' retrieved from /home/airflow/.local/lib/python3.12/site-packages/airflow/example_dags/example_complex.py
[2025-03-16T06:37:11.408+0000] {logging_mixin.py:190} INFO - [2025-03-16T06:37:11.408+0000] {dag.py:3239} INFO - Sync 1 DAGs
[2025-03-16T06:37:11.432+0000] {logging_mixin.py:190} INFO - [2025-03-16T06:37:11.432+0000] {dag.py:4180} INFO - Setting next_dagrun for example_complex to None, run_after=None
[2025-03-16T06:37:11.467+0000] {processor.py:208} INFO - Processing /home/airflow/.local/lib/python3.12/site-packages/airflow/example_dags/example_complex.py took 0.135 seconds
[2025-03-16T06:37:41.872+0000] {processor.py:186} INFO - Started process (PID=29935) to work on /home/airflow/.local/lib/python3.12/site-packages/airflow/example_dags/example_complex.py
[2025-03-16T06:37:41.874+0000] {processor.py:914} INFO - Processing file /home/airflow/.local/lib/python3.12/site-packages/airflow/example_dags/example_complex.py for tasks to queue
[2025-03-16T06:37:41.878+0000] {logging_mixin.py:190} INFO - [2025-03-16T06:37:41.877+0000] {dagbag.py:588} INFO - Filling up the DagBag from /home/airflow/.local/lib/python3.12/site-packages/airflow/example_dags/example_complex.py
[2025-03-16T06:37:41.895+0000] {processor.py:925} INFO - DAG(s) 'example_complex' retrieved from /home/airflow/.local/lib/python3.12/site-packages/airflow/example_dags/example_complex.py
[2025-03-16T06:37:41.954+0000] {logging_mixin.py:190} INFO - [2025-03-16T06:37:41.954+0000] {dag.py:3239} INFO - Sync 1 DAGs
[2025-03-16T06:37:41.977+0000] {logging_mixin.py:190} INFO - [2025-03-16T06:37:41.977+0000] {dag.py:4180} INFO - Setting next_dagrun for example_complex to None, run_after=None
[2025-03-16T06:37:42.010+0000] {processor.py:208} INFO - Processing /home/airflow/.local/lib/python3.12/site-packages/airflow/example_dags/example_complex.py took 0.146 seconds
[2025-03-16T06:38:12.416+0000] {processor.py:186} INFO - Started process (PID=30000) to work on /home/airflow/.local/lib/python3.12/site-packages/airflow/example_dags/example_complex.py
[2025-03-16T06:38:12.418+0000] {processor.py:914} INFO - Processing file /home/airflow/.local/lib/python3.12/site-packages/airflow/example_dags/example_complex.py for tasks to queue
[2025-03-16T06:38:12.423+0000] {logging_mixin.py:190} INFO - [2025-03-16T06:38:12.422+0000] {dagbag.py:588} INFO - Filling up the DagBag from /home/airflow/.local/lib/python3.12/site-packages/airflow/example_dags/example_complex.py
[2025-03-16T06:38:12.443+0000] {processor.py:925} INFO - DAG(s) 'example_complex' retrieved from /home/airflow/.local/lib/python3.12/site-packages/airflow/example_dags/example_complex.py
[2025-03-16T06:38:12.489+0000] {logging_mixin.py:190} INFO - [2025-03-16T06:38:12.488+0000] {dag.py:3239} INFO - Sync 1 DAGs
[2025-03-16T06:38:12.514+0000] {logging_mixin.py:190} INFO - [2025-03-16T06:38:12.513+0000] {dag.py:4180} INFO - Setting next_dagrun for example_complex to None, run_after=None
[2025-03-16T06:38:12.548+0000] {processor.py:208} INFO - Processing /home/airflow/.local/lib/python3.12/site-packages/airflow/example_dags/example_complex.py took 0.146 seconds
[2025-03-16T06:38:42.929+0000] {processor.py:186} INFO - Started process (PID=30065) to work on /home/airflow/.local/lib/python3.12/site-packages/airflow/example_dags/example_complex.py
[2025-03-16T06:38:42.931+0000] {processor.py:914} INFO - Processing file /home/airflow/.local/lib/python3.12/site-packages/airflow/example_dags/example_complex.py for tasks to queue
[2025-03-16T06:38:42.937+0000] {logging_mixin.py:190} INFO - [2025-03-16T06:38:42.936+0000] {dagbag.py:588} INFO - Filling up the DagBag from /home/airflow/.local/lib/python3.12/site-packages/airflow/example_dags/example_complex.py
[2025-03-16T06:38:42.955+0000] {processor.py:925} INFO - DAG(s) 'example_complex' retrieved from /home/airflow/.local/lib/python3.12/site-packages/airflow/example_dags/example_complex.py
[2025-03-16T06:38:43.000+0000] {logging_mixin.py:190} INFO - [2025-03-16T06:38:43.000+0000] {dag.py:3239} INFO - Sync 1 DAGs
[2025-03-16T06:38:43.020+0000] {logging_mixin.py:190} INFO - [2025-03-16T06:38:43.020+0000] {dag.py:4180} INFO - Setting next_dagrun for example_complex to None, run_after=None
[2025-03-16T06:38:43.053+0000] {processor.py:208} INFO - Processing /home/airflow/.local/lib/python3.12/site-packages/airflow/example_dags/example_complex.py took 0.136 seconds
[2025-03-16T06:39:13.260+0000] {processor.py:186} INFO - Started process (PID=30129) to work on /home/airflow/.local/lib/python3.12/site-packages/airflow/example_dags/example_complex.py
[2025-03-16T06:39:13.262+0000] {processor.py:914} INFO - Processing file /home/airflow/.local/lib/python3.12/site-packages/airflow/example_dags/example_complex.py for tasks to queue
[2025-03-16T06:39:13.267+0000] {logging_mixin.py:190} INFO - [2025-03-16T06:39:13.266+0000] {dagbag.py:588} INFO - Filling up the DagBag from /home/airflow/.local/lib/python3.12/site-packages/airflow/example_dags/example_complex.py
[2025-03-16T06:39:13.287+0000] {processor.py:925} INFO - DAG(s) 'example_complex' retrieved from /home/airflow/.local/lib/python3.12/site-packages/airflow/example_dags/example_complex.py
[2025-03-16T06:39:13.356+0000] {logging_mixin.py:190} INFO - [2025-03-16T06:39:13.355+0000] {dag.py:3239} INFO - Sync 1 DAGs
[2025-03-16T06:39:13.381+0000] {logging_mixin.py:190} INFO - [2025-03-16T06:39:13.381+0000] {dag.py:4180} INFO - Setting next_dagrun for example_complex to None, run_after=None
[2025-03-16T06:39:13.417+0000] {processor.py:208} INFO - Processing /home/airflow/.local/lib/python3.12/site-packages/airflow/example_dags/example_complex.py took 0.169 seconds
[2025-03-16T06:39:44.029+0000] {processor.py:186} INFO - Started process (PID=30194) to work on /home/airflow/.local/lib/python3.12/site-packages/airflow/example_dags/example_complex.py
[2025-03-16T06:39:44.031+0000] {processor.py:914} INFO - Processing file /home/airflow/.local/lib/python3.12/site-packages/airflow/example_dags/example_complex.py for tasks to queue
[2025-03-16T06:39:44.035+0000] {logging_mixin.py:190} INFO - [2025-03-16T06:39:44.034+0000] {dagbag.py:588} INFO - Filling up the DagBag from /home/airflow/.local/lib/python3.12/site-packages/airflow/example_dags/example_complex.py
[2025-03-16T06:39:44.058+0000] {processor.py:925} INFO - DAG(s) 'example_complex' retrieved from /home/airflow/.local/lib/python3.12/site-packages/airflow/example_dags/example_complex.py
[2025-03-16T06:39:44.111+0000] {logging_mixin.py:190} INFO - [2025-03-16T06:39:44.110+0000] {dag.py:3239} INFO - Sync 1 DAGs
[2025-03-16T06:39:44.138+0000] {logging_mixin.py:190} INFO - [2025-03-16T06:39:44.138+0000] {dag.py:4180} INFO - Setting next_dagrun for example_complex to None, run_after=None
[2025-03-16T06:39:44.172+0000] {processor.py:208} INFO - Processing /home/airflow/.local/lib/python3.12/site-packages/airflow/example_dags/example_complex.py took 0.154 seconds
[2025-03-16T06:40:14.272+0000] {processor.py:186} INFO - Started process (PID=30259) to work on /home/airflow/.local/lib/python3.12/site-packages/airflow/example_dags/example_complex.py
[2025-03-16T06:40:14.274+0000] {processor.py:914} INFO - Processing file /home/airflow/.local/lib/python3.12/site-packages/airflow/example_dags/example_complex.py for tasks to queue
[2025-03-16T06:40:14.277+0000] {logging_mixin.py:190} INFO - [2025-03-16T06:40:14.277+0000] {dagbag.py:588} INFO - Filling up the DagBag from /home/airflow/.local/lib/python3.12/site-packages/airflow/example_dags/example_complex.py
[2025-03-16T06:40:14.292+0000] {processor.py:925} INFO - DAG(s) 'example_complex' retrieved from /home/airflow/.local/lib/python3.12/site-packages/airflow/example_dags/example_complex.py
[2025-03-16T06:40:14.334+0000] {logging_mixin.py:190} INFO - [2025-03-16T06:40:14.333+0000] {dag.py:3239} INFO - Sync 1 DAGs
[2025-03-16T06:40:14.351+0000] {logging_mixin.py:190} INFO - [2025-03-16T06:40:14.351+0000] {dag.py:4180} INFO - Setting next_dagrun for example_complex to None, run_after=None
[2025-03-16T06:40:14.382+0000] {processor.py:208} INFO - Processing /home/airflow/.local/lib/python3.12/site-packages/airflow/example_dags/example_complex.py took 0.118 seconds
[2025-03-16T06:40:45.791+0000] {processor.py:186} INFO - Started process (PID=30324) to work on /home/airflow/.local/lib/python3.12/site-packages/airflow/example_dags/example_complex.py
[2025-03-16T06:40:45.793+0000] {processor.py:914} INFO - Processing file /home/airflow/.local/lib/python3.12/site-packages/airflow/example_dags/example_complex.py for tasks to queue
[2025-03-16T06:40:45.797+0000] {logging_mixin.py:190} INFO - [2025-03-16T06:40:45.796+0000] {dagbag.py:588} INFO - Filling up the DagBag from /home/airflow/.local/lib/python3.12/site-packages/airflow/example_dags/example_complex.py
[2025-03-16T06:40:45.812+0000] {processor.py:925} INFO - DAG(s) 'example_complex' retrieved from /home/airflow/.local/lib/python3.12/site-packages/airflow/example_dags/example_complex.py
[2025-03-16T06:40:45.857+0000] {logging_mixin.py:190} INFO - [2025-03-16T06:40:45.856+0000] {dag.py:3239} INFO - Sync 1 DAGs
[2025-03-16T06:40:45.874+0000] {logging_mixin.py:190} INFO - [2025-03-16T06:40:45.874+0000] {dag.py:4180} INFO - Setting next_dagrun for example_complex to None, run_after=None
[2025-03-16T06:40:45.905+0000] {processor.py:208} INFO - Processing /home/airflow/.local/lib/python3.12/site-packages/airflow/example_dags/example_complex.py took 0.121 seconds
[2025-03-16T06:41:16.325+0000] {processor.py:186} INFO - Started process (PID=30388) to work on /home/airflow/.local/lib/python3.12/site-packages/airflow/example_dags/example_complex.py
[2025-03-16T06:41:16.327+0000] {processor.py:914} INFO - Processing file /home/airflow/.local/lib/python3.12/site-packages/airflow/example_dags/example_complex.py for tasks to queue
[2025-03-16T06:41:16.330+0000] {logging_mixin.py:190} INFO - [2025-03-16T06:41:16.330+0000] {dagbag.py:588} INFO - Filling up the DagBag from /home/airflow/.local/lib/python3.12/site-packages/airflow/example_dags/example_complex.py
[2025-03-16T06:41:16.354+0000] {processor.py:925} INFO - DAG(s) 'example_complex' retrieved from /home/airflow/.local/lib/python3.12/site-packages/airflow/example_dags/example_complex.py
[2025-03-16T06:41:16.420+0000] {logging_mixin.py:190} INFO - [2025-03-16T06:41:16.420+0000] {dag.py:3239} INFO - Sync 1 DAGs
[2025-03-16T06:41:16.446+0000] {logging_mixin.py:190} INFO - [2025-03-16T06:41:16.445+0000] {dag.py:4180} INFO - Setting next_dagrun for example_complex to None, run_after=None
[2025-03-16T06:41:16.497+0000] {processor.py:208} INFO - Processing /home/airflow/.local/lib/python3.12/site-packages/airflow/example_dags/example_complex.py took 0.179 seconds
[2025-03-16T06:41:47.663+0000] {processor.py:186} INFO - Started process (PID=30451) to work on /home/airflow/.local/lib/python3.12/site-packages/airflow/example_dags/example_complex.py
[2025-03-16T06:41:47.665+0000] {processor.py:914} INFO - Processing file /home/airflow/.local/lib/python3.12/site-packages/airflow/example_dags/example_complex.py for tasks to queue
[2025-03-16T06:41:47.668+0000] {logging_mixin.py:190} INFO - [2025-03-16T06:41:47.668+0000] {dagbag.py:588} INFO - Filling up the DagBag from /home/airflow/.local/lib/python3.12/site-packages/airflow/example_dags/example_complex.py
[2025-03-16T06:41:47.684+0000] {processor.py:925} INFO - DAG(s) 'example_complex' retrieved from /home/airflow/.local/lib/python3.12/site-packages/airflow/example_dags/example_complex.py
[2025-03-16T06:41:47.726+0000] {logging_mixin.py:190} INFO - [2025-03-16T06:41:47.726+0000] {dag.py:3239} INFO - Sync 1 DAGs
[2025-03-16T06:41:47.745+0000] {logging_mixin.py:190} INFO - [2025-03-16T06:41:47.744+0000] {dag.py:4180} INFO - Setting next_dagrun for example_complex to None, run_after=None
[2025-03-16T06:41:47.786+0000] {processor.py:208} INFO - Processing /home/airflow/.local/lib/python3.12/site-packages/airflow/example_dags/example_complex.py took 0.131 seconds
[2025-03-16T06:42:18.365+0000] {processor.py:186} INFO - Started process (PID=30514) to work on /home/airflow/.local/lib/python3.12/site-packages/airflow/example_dags/example_complex.py
[2025-03-16T06:42:18.366+0000] {processor.py:914} INFO - Processing file /home/airflow/.local/lib/python3.12/site-packages/airflow/example_dags/example_complex.py for tasks to queue
[2025-03-16T06:42:18.371+0000] {logging_mixin.py:190} INFO - [2025-03-16T06:42:18.370+0000] {dagbag.py:588} INFO - Filling up the DagBag from /home/airflow/.local/lib/python3.12/site-packages/airflow/example_dags/example_complex.py
[2025-03-16T06:42:18.389+0000] {processor.py:925} INFO - DAG(s) 'example_complex' retrieved from /home/airflow/.local/lib/python3.12/site-packages/airflow/example_dags/example_complex.py
[2025-03-16T06:42:18.453+0000] {logging_mixin.py:190} INFO - [2025-03-16T06:42:18.452+0000] {dag.py:3239} INFO - Sync 1 DAGs
[2025-03-16T06:42:18.475+0000] {logging_mixin.py:190} INFO - [2025-03-16T06:42:18.475+0000] {dag.py:4180} INFO - Setting next_dagrun for example_complex to None, run_after=None
[2025-03-16T06:42:18.507+0000] {processor.py:208} INFO - Processing /home/airflow/.local/lib/python3.12/site-packages/airflow/example_dags/example_complex.py took 0.155 seconds
[2025-03-16T06:42:48.876+0000] {processor.py:186} INFO - Started process (PID=30579) to work on /home/airflow/.local/lib/python3.12/site-packages/airflow/example_dags/example_complex.py
[2025-03-16T06:42:48.878+0000] {processor.py:914} INFO - Processing file /home/airflow/.local/lib/python3.12/site-packages/airflow/example_dags/example_complex.py for tasks to queue
[2025-03-16T06:42:48.882+0000] {logging_mixin.py:190} INFO - [2025-03-16T06:42:48.882+0000] {dagbag.py:588} INFO - Filling up the DagBag from /home/airflow/.local/lib/python3.12/site-packages/airflow/example_dags/example_complex.py
[2025-03-16T06:42:48.906+0000] {processor.py:925} INFO - DAG(s) 'example_complex' retrieved from /home/airflow/.local/lib/python3.12/site-packages/airflow/example_dags/example_complex.py
[2025-03-16T06:42:48.962+0000] {logging_mixin.py:190} INFO - [2025-03-16T06:42:48.961+0000] {dag.py:3239} INFO - Sync 1 DAGs
[2025-03-16T06:42:48.982+0000] {logging_mixin.py:190} INFO - [2025-03-16T06:42:48.981+0000] {dag.py:4180} INFO - Setting next_dagrun for example_complex to None, run_after=None
[2025-03-16T06:42:49.012+0000] {processor.py:208} INFO - Processing /home/airflow/.local/lib/python3.12/site-packages/airflow/example_dags/example_complex.py took 0.149 seconds
[2025-03-16T06:43:19.388+0000] {processor.py:186} INFO - Started process (PID=30644) to work on /home/airflow/.local/lib/python3.12/site-packages/airflow/example_dags/example_complex.py
[2025-03-16T06:43:19.391+0000] {processor.py:914} INFO - Processing file /home/airflow/.local/lib/python3.12/site-packages/airflow/example_dags/example_complex.py for tasks to queue
[2025-03-16T06:43:19.396+0000] {logging_mixin.py:190} INFO - [2025-03-16T06:43:19.395+0000] {dagbag.py:588} INFO - Filling up the DagBag from /home/airflow/.local/lib/python3.12/site-packages/airflow/example_dags/example_complex.py
[2025-03-16T06:43:19.426+0000] {processor.py:925} INFO - DAG(s) 'example_complex' retrieved from /home/airflow/.local/lib/python3.12/site-packages/airflow/example_dags/example_complex.py
[2025-03-16T06:43:19.501+0000] {logging_mixin.py:190} INFO - [2025-03-16T06:43:19.501+0000] {dag.py:3239} INFO - Sync 1 DAGs
[2025-03-16T06:43:19.528+0000] {logging_mixin.py:190} INFO - [2025-03-16T06:43:19.528+0000] {dag.py:4180} INFO - Setting next_dagrun for example_complex to None, run_after=None
[2025-03-16T06:43:19.566+0000] {processor.py:208} INFO - Processing /home/airflow/.local/lib/python3.12/site-packages/airflow/example_dags/example_complex.py took 0.186 seconds
[2025-03-16T06:43:50.379+0000] {processor.py:186} INFO - Started process (PID=30709) to work on /home/airflow/.local/lib/python3.12/site-packages/airflow/example_dags/example_complex.py
[2025-03-16T06:43:50.381+0000] {processor.py:914} INFO - Processing file /home/airflow/.local/lib/python3.12/site-packages/airflow/example_dags/example_complex.py for tasks to queue
[2025-03-16T06:43:50.387+0000] {logging_mixin.py:190} INFO - [2025-03-16T06:43:50.386+0000] {dagbag.py:588} INFO - Filling up the DagBag from /home/airflow/.local/lib/python3.12/site-packages/airflow/example_dags/example_complex.py
[2025-03-16T06:43:50.413+0000] {processor.py:925} INFO - DAG(s) 'example_complex' retrieved from /home/airflow/.local/lib/python3.12/site-packages/airflow/example_dags/example_complex.py
[2025-03-16T06:43:50.473+0000] {logging_mixin.py:190} INFO - [2025-03-16T06:43:50.472+0000] {dag.py:3239} INFO - Sync 1 DAGs
[2025-03-16T06:43:50.509+0000] {logging_mixin.py:190} INFO - [2025-03-16T06:43:50.509+0000] {dag.py:4180} INFO - Setting next_dagrun for example_complex to None, run_after=None
[2025-03-16T06:43:50.554+0000] {processor.py:208} INFO - Processing /home/airflow/.local/lib/python3.12/site-packages/airflow/example_dags/example_complex.py took 0.183 seconds
[2025-03-16T06:44:20.826+0000] {processor.py:186} INFO - Started process (PID=30774) to work on /home/airflow/.local/lib/python3.12/site-packages/airflow/example_dags/example_complex.py
[2025-03-16T06:44:20.827+0000] {processor.py:914} INFO - Processing file /home/airflow/.local/lib/python3.12/site-packages/airflow/example_dags/example_complex.py for tasks to queue
[2025-03-16T06:44:20.832+0000] {logging_mixin.py:190} INFO - [2025-03-16T06:44:20.831+0000] {dagbag.py:588} INFO - Filling up the DagBag from /home/airflow/.local/lib/python3.12/site-packages/airflow/example_dags/example_complex.py
[2025-03-16T06:44:20.851+0000] {processor.py:925} INFO - DAG(s) 'example_complex' retrieved from /home/airflow/.local/lib/python3.12/site-packages/airflow/example_dags/example_complex.py
[2025-03-16T06:44:20.905+0000] {logging_mixin.py:190} INFO - [2025-03-16T06:44:20.905+0000] {dag.py:3239} INFO - Sync 1 DAGs
[2025-03-16T06:44:20.957+0000] {logging_mixin.py:190} INFO - [2025-03-16T06:44:20.957+0000] {dag.py:4180} INFO - Setting next_dagrun for example_complex to None, run_after=None
[2025-03-16T06:44:21.018+0000] {processor.py:208} INFO - Processing /home/airflow/.local/lib/python3.12/site-packages/airflow/example_dags/example_complex.py took 0.203 seconds
[2025-03-16T06:44:51.382+0000] {processor.py:186} INFO - Started process (PID=30839) to work on /home/airflow/.local/lib/python3.12/site-packages/airflow/example_dags/example_complex.py
[2025-03-16T06:44:51.384+0000] {processor.py:914} INFO - Processing file /home/airflow/.local/lib/python3.12/site-packages/airflow/example_dags/example_complex.py for tasks to queue
[2025-03-16T06:44:51.388+0000] {logging_mixin.py:190} INFO - [2025-03-16T06:44:51.388+0000] {dagbag.py:588} INFO - Filling up the DagBag from /home/airflow/.local/lib/python3.12/site-packages/airflow/example_dags/example_complex.py
[2025-03-16T06:44:51.410+0000] {processor.py:925} INFO - DAG(s) 'example_complex' retrieved from /home/airflow/.local/lib/python3.12/site-packages/airflow/example_dags/example_complex.py
[2025-03-16T06:44:51.473+0000] {logging_mixin.py:190} INFO - [2025-03-16T06:44:51.472+0000] {dag.py:3239} INFO - Sync 1 DAGs
[2025-03-16T06:44:51.498+0000] {logging_mixin.py:190} INFO - [2025-03-16T06:44:51.498+0000] {dag.py:4180} INFO - Setting next_dagrun for example_complex to None, run_after=None
[2025-03-16T06:44:51.528+0000] {processor.py:208} INFO - Processing /home/airflow/.local/lib/python3.12/site-packages/airflow/example_dags/example_complex.py took 0.155 seconds
[2025-03-16T06:45:22.232+0000] {processor.py:186} INFO - Started process (PID=30904) to work on /home/airflow/.local/lib/python3.12/site-packages/airflow/example_dags/example_complex.py
[2025-03-16T06:45:22.235+0000] {processor.py:914} INFO - Processing file /home/airflow/.local/lib/python3.12/site-packages/airflow/example_dags/example_complex.py for tasks to queue
[2025-03-16T06:45:22.241+0000] {logging_mixin.py:190} INFO - [2025-03-16T06:45:22.240+0000] {dagbag.py:588} INFO - Filling up the DagBag from /home/airflow/.local/lib/python3.12/site-packages/airflow/example_dags/example_complex.py
[2025-03-16T06:45:22.275+0000] {processor.py:925} INFO - DAG(s) 'example_complex' retrieved from /home/airflow/.local/lib/python3.12/site-packages/airflow/example_dags/example_complex.py
[2025-03-16T06:45:22.335+0000] {logging_mixin.py:190} INFO - [2025-03-16T06:45:22.334+0000] {dag.py:3239} INFO - Sync 1 DAGs
[2025-03-16T06:45:22.359+0000] {logging_mixin.py:190} INFO - [2025-03-16T06:45:22.359+0000] {dag.py:4180} INFO - Setting next_dagrun for example_complex to None, run_after=None
[2025-03-16T06:45:22.395+0000] {processor.py:208} INFO - Processing /home/airflow/.local/lib/python3.12/site-packages/airflow/example_dags/example_complex.py took 0.180 seconds
[2025-03-16T06:45:52.612+0000] {processor.py:186} INFO - Started process (PID=30969) to work on /home/airflow/.local/lib/python3.12/site-packages/airflow/example_dags/example_complex.py
[2025-03-16T06:45:52.614+0000] {processor.py:914} INFO - Processing file /home/airflow/.local/lib/python3.12/site-packages/airflow/example_dags/example_complex.py for tasks to queue
[2025-03-16T06:45:52.619+0000] {logging_mixin.py:190} INFO - [2025-03-16T06:45:52.618+0000] {dagbag.py:588} INFO - Filling up the DagBag from /home/airflow/.local/lib/python3.12/site-packages/airflow/example_dags/example_complex.py
[2025-03-16T06:45:52.642+0000] {processor.py:925} INFO - DAG(s) 'example_complex' retrieved from /home/airflow/.local/lib/python3.12/site-packages/airflow/example_dags/example_complex.py
[2025-03-16T06:45:52.697+0000] {logging_mixin.py:190} INFO - [2025-03-16T06:45:52.696+0000] {dag.py:3239} INFO - Sync 1 DAGs
[2025-03-16T06:45:52.722+0000] {logging_mixin.py:190} INFO - [2025-03-16T06:45:52.722+0000] {dag.py:4180} INFO - Setting next_dagrun for example_complex to None, run_after=None
[2025-03-16T06:45:52.756+0000] {processor.py:208} INFO - Processing /home/airflow/.local/lib/python3.12/site-packages/airflow/example_dags/example_complex.py took 0.155 seconds
[2025-03-16T06:46:22.957+0000] {processor.py:186} INFO - Started process (PID=31033) to work on /home/airflow/.local/lib/python3.12/site-packages/airflow/example_dags/example_complex.py
[2025-03-16T06:46:22.958+0000] {processor.py:914} INFO - Processing file /home/airflow/.local/lib/python3.12/site-packages/airflow/example_dags/example_complex.py for tasks to queue
[2025-03-16T06:46:22.962+0000] {logging_mixin.py:190} INFO - [2025-03-16T06:46:22.961+0000] {dagbag.py:588} INFO - Filling up the DagBag from /home/airflow/.local/lib/python3.12/site-packages/airflow/example_dags/example_complex.py
[2025-03-16T06:46:22.976+0000] {processor.py:925} INFO - DAG(s) 'example_complex' retrieved from /home/airflow/.local/lib/python3.12/site-packages/airflow/example_dags/example_complex.py
[2025-03-16T06:46:23.014+0000] {logging_mixin.py:190} INFO - [2025-03-16T06:46:23.013+0000] {dag.py:3239} INFO - Sync 1 DAGs
[2025-03-16T06:46:23.031+0000] {logging_mixin.py:190} INFO - [2025-03-16T06:46:23.030+0000] {dag.py:4180} INFO - Setting next_dagrun for example_complex to None, run_after=None
[2025-03-16T06:46:23.059+0000] {processor.py:208} INFO - Processing /home/airflow/.local/lib/python3.12/site-packages/airflow/example_dags/example_complex.py took 0.109 seconds
[2025-03-16T06:46:53.235+0000] {processor.py:186} INFO - Started process (PID=31092) to work on /home/airflow/.local/lib/python3.12/site-packages/airflow/example_dags/example_complex.py
[2025-03-16T06:46:53.236+0000] {processor.py:914} INFO - Processing file /home/airflow/.local/lib/python3.12/site-packages/airflow/example_dags/example_complex.py for tasks to queue
[2025-03-16T06:46:53.240+0000] {logging_mixin.py:190} INFO - [2025-03-16T06:46:53.239+0000] {dagbag.py:588} INFO - Filling up the DagBag from /home/airflow/.local/lib/python3.12/site-packages/airflow/example_dags/example_complex.py
[2025-03-16T06:46:53.255+0000] {processor.py:925} INFO - DAG(s) 'example_complex' retrieved from /home/airflow/.local/lib/python3.12/site-packages/airflow/example_dags/example_complex.py
[2025-03-16T06:46:53.294+0000] {logging_mixin.py:190} INFO - [2025-03-16T06:46:53.293+0000] {dag.py:3239} INFO - Sync 1 DAGs
[2025-03-16T06:46:53.315+0000] {logging_mixin.py:190} INFO - [2025-03-16T06:46:53.315+0000] {dag.py:4180} INFO - Setting next_dagrun for example_complex to None, run_after=None
[2025-03-16T06:46:53.346+0000] {processor.py:208} INFO - Processing /home/airflow/.local/lib/python3.12/site-packages/airflow/example_dags/example_complex.py took 0.119 seconds
[2025-03-16T06:47:24.509+0000] {processor.py:186} INFO - Started process (PID=31162) to work on /home/airflow/.local/lib/python3.12/site-packages/airflow/example_dags/example_complex.py
[2025-03-16T06:47:24.511+0000] {processor.py:914} INFO - Processing file /home/airflow/.local/lib/python3.12/site-packages/airflow/example_dags/example_complex.py for tasks to queue
[2025-03-16T06:47:24.514+0000] {logging_mixin.py:190} INFO - [2025-03-16T06:47:24.513+0000] {dagbag.py:588} INFO - Filling up the DagBag from /home/airflow/.local/lib/python3.12/site-packages/airflow/example_dags/example_complex.py
[2025-03-16T06:47:24.528+0000] {processor.py:925} INFO - DAG(s) 'example_complex' retrieved from /home/airflow/.local/lib/python3.12/site-packages/airflow/example_dags/example_complex.py
[2025-03-16T06:47:24.567+0000] {logging_mixin.py:190} INFO - [2025-03-16T06:47:24.567+0000] {dag.py:3239} INFO - Sync 1 DAGs
[2025-03-16T06:47:24.585+0000] {logging_mixin.py:190} INFO - [2025-03-16T06:47:24.584+0000] {dag.py:4180} INFO - Setting next_dagrun for example_complex to None, run_after=None
[2025-03-16T06:47:24.613+0000] {processor.py:208} INFO - Processing /home/airflow/.local/lib/python3.12/site-packages/airflow/example_dags/example_complex.py took 0.111 seconds
[2025-03-16T06:47:54.808+0000] {processor.py:186} INFO - Started process (PID=31225) to work on /home/airflow/.local/lib/python3.12/site-packages/airflow/example_dags/example_complex.py
[2025-03-16T06:47:54.809+0000] {processor.py:914} INFO - Processing file /home/airflow/.local/lib/python3.12/site-packages/airflow/example_dags/example_complex.py for tasks to queue
[2025-03-16T06:47:54.813+0000] {logging_mixin.py:190} INFO - [2025-03-16T06:47:54.812+0000] {dagbag.py:588} INFO - Filling up the DagBag from /home/airflow/.local/lib/python3.12/site-packages/airflow/example_dags/example_complex.py
[2025-03-16T06:47:54.829+0000] {processor.py:925} INFO - DAG(s) 'example_complex' retrieved from /home/airflow/.local/lib/python3.12/site-packages/airflow/example_dags/example_complex.py
[2025-03-16T06:47:54.878+0000] {logging_mixin.py:190} INFO - [2025-03-16T06:47:54.878+0000] {dag.py:3239} INFO - Sync 1 DAGs
[2025-03-16T06:47:54.902+0000] {logging_mixin.py:190} INFO - [2025-03-16T06:47:54.902+0000] {dag.py:4180} INFO - Setting next_dagrun for example_complex to None, run_after=None
[2025-03-16T06:47:54.934+0000] {processor.py:208} INFO - Processing /home/airflow/.local/lib/python3.12/site-packages/airflow/example_dags/example_complex.py took 0.133 seconds
[2025-03-16T06:48:25.373+0000] {processor.py:186} INFO - Started process (PID=31287) to work on /home/airflow/.local/lib/python3.12/site-packages/airflow/example_dags/example_complex.py
[2025-03-16T06:48:25.375+0000] {processor.py:914} INFO - Processing file /home/airflow/.local/lib/python3.12/site-packages/airflow/example_dags/example_complex.py for tasks to queue
[2025-03-16T06:48:25.379+0000] {logging_mixin.py:190} INFO - [2025-03-16T06:48:25.379+0000] {dagbag.py:588} INFO - Filling up the DagBag from /home/airflow/.local/lib/python3.12/site-packages/airflow/example_dags/example_complex.py
[2025-03-16T06:48:25.407+0000] {processor.py:925} INFO - DAG(s) 'example_complex' retrieved from /home/airflow/.local/lib/python3.12/site-packages/airflow/example_dags/example_complex.py
[2025-03-16T06:48:25.467+0000] {logging_mixin.py:190} INFO - [2025-03-16T06:48:25.467+0000] {dag.py:3239} INFO - Sync 1 DAGs
[2025-03-16T06:48:25.490+0000] {logging_mixin.py:190} INFO - [2025-03-16T06:48:25.490+0000] {dag.py:4180} INFO - Setting next_dagrun for example_complex to None, run_after=None
[2025-03-16T06:48:25.527+0000] {processor.py:208} INFO - Processing /home/airflow/.local/lib/python3.12/site-packages/airflow/example_dags/example_complex.py took 0.164 seconds
[2025-03-16T06:48:55.906+0000] {processor.py:186} INFO - Started process (PID=31352) to work on /home/airflow/.local/lib/python3.12/site-packages/airflow/example_dags/example_complex.py
[2025-03-16T06:48:55.909+0000] {processor.py:914} INFO - Processing file /home/airflow/.local/lib/python3.12/site-packages/airflow/example_dags/example_complex.py for tasks to queue
[2025-03-16T06:48:55.913+0000] {logging_mixin.py:190} INFO - [2025-03-16T06:48:55.913+0000] {dagbag.py:588} INFO - Filling up the DagBag from /home/airflow/.local/lib/python3.12/site-packages/airflow/example_dags/example_complex.py
[2025-03-16T06:48:55.931+0000] {processor.py:925} INFO - DAG(s) 'example_complex' retrieved from /home/airflow/.local/lib/python3.12/site-packages/airflow/example_dags/example_complex.py
[2025-03-16T06:48:55.975+0000] {logging_mixin.py:190} INFO - [2025-03-16T06:48:55.974+0000] {dag.py:3239} INFO - Sync 1 DAGs
[2025-03-16T06:48:55.997+0000] {logging_mixin.py:190} INFO - [2025-03-16T06:48:55.997+0000] {dag.py:4180} INFO - Setting next_dagrun for example_complex to None, run_after=None
[2025-03-16T06:48:56.029+0000] {processor.py:208} INFO - Processing /home/airflow/.local/lib/python3.12/site-packages/airflow/example_dags/example_complex.py took 0.133 seconds
[2025-03-16T06:49:26.949+0000] {processor.py:186} INFO - Started process (PID=31417) to work on /home/airflow/.local/lib/python3.12/site-packages/airflow/example_dags/example_complex.py
[2025-03-16T06:49:26.951+0000] {processor.py:914} INFO - Processing file /home/airflow/.local/lib/python3.12/site-packages/airflow/example_dags/example_complex.py for tasks to queue
[2025-03-16T06:49:26.956+0000] {logging_mixin.py:190} INFO - [2025-03-16T06:49:26.955+0000] {dagbag.py:588} INFO - Filling up the DagBag from /home/airflow/.local/lib/python3.12/site-packages/airflow/example_dags/example_complex.py
[2025-03-16T06:49:26.979+0000] {processor.py:925} INFO - DAG(s) 'example_complex' retrieved from /home/airflow/.local/lib/python3.12/site-packages/airflow/example_dags/example_complex.py
[2025-03-16T06:49:27.028+0000] {logging_mixin.py:190} INFO - [2025-03-16T06:49:27.028+0000] {dag.py:3239} INFO - Sync 1 DAGs
[2025-03-16T06:49:27.050+0000] {logging_mixin.py:190} INFO - [2025-03-16T06:49:27.050+0000] {dag.py:4180} INFO - Setting next_dagrun for example_complex to None, run_after=None
[2025-03-16T06:49:27.086+0000] {processor.py:208} INFO - Processing /home/airflow/.local/lib/python3.12/site-packages/airflow/example_dags/example_complex.py took 0.147 seconds
[2025-03-16T06:49:57.398+0000] {processor.py:186} INFO - Started process (PID=31482) to work on /home/airflow/.local/lib/python3.12/site-packages/airflow/example_dags/example_complex.py
[2025-03-16T06:49:57.400+0000] {processor.py:914} INFO - Processing file /home/airflow/.local/lib/python3.12/site-packages/airflow/example_dags/example_complex.py for tasks to queue
[2025-03-16T06:49:57.404+0000] {logging_mixin.py:190} INFO - [2025-03-16T06:49:57.404+0000] {dagbag.py:588} INFO - Filling up the DagBag from /home/airflow/.local/lib/python3.12/site-packages/airflow/example_dags/example_complex.py
[2025-03-16T06:49:57.438+0000] {processor.py:925} INFO - DAG(s) 'example_complex' retrieved from /home/airflow/.local/lib/python3.12/site-packages/airflow/example_dags/example_complex.py
[2025-03-16T06:49:57.502+0000] {logging_mixin.py:190} INFO - [2025-03-16T06:49:57.502+0000] {dag.py:3239} INFO - Sync 1 DAGs
[2025-03-16T06:49:57.530+0000] {logging_mixin.py:190} INFO - [2025-03-16T06:49:57.529+0000] {dag.py:4180} INFO - Setting next_dagrun for example_complex to None, run_after=None
[2025-03-16T06:49:57.560+0000] {processor.py:208} INFO - Processing /home/airflow/.local/lib/python3.12/site-packages/airflow/example_dags/example_complex.py took 0.171 seconds
[2025-03-16T06:50:27.793+0000] {processor.py:186} INFO - Started process (PID=31547) to work on /home/airflow/.local/lib/python3.12/site-packages/airflow/example_dags/example_complex.py
[2025-03-16T06:50:27.795+0000] {processor.py:914} INFO - Processing file /home/airflow/.local/lib/python3.12/site-packages/airflow/example_dags/example_complex.py for tasks to queue
[2025-03-16T06:50:27.800+0000] {logging_mixin.py:190} INFO - [2025-03-16T06:50:27.799+0000] {dagbag.py:588} INFO - Filling up the DagBag from /home/airflow/.local/lib/python3.12/site-packages/airflow/example_dags/example_complex.py
[2025-03-16T06:50:27.826+0000] {processor.py:925} INFO - DAG(s) 'example_complex' retrieved from /home/airflow/.local/lib/python3.12/site-packages/airflow/example_dags/example_complex.py
[2025-03-16T06:50:27.879+0000] {logging_mixin.py:190} INFO - [2025-03-16T06:50:27.878+0000] {dag.py:3239} INFO - Sync 1 DAGs
[2025-03-16T06:50:27.898+0000] {logging_mixin.py:190} INFO - [2025-03-16T06:50:27.898+0000] {dag.py:4180} INFO - Setting next_dagrun for example_complex to None, run_after=None
[2025-03-16T06:50:27.929+0000] {processor.py:208} INFO - Processing /home/airflow/.local/lib/python3.12/site-packages/airflow/example_dags/example_complex.py took 0.144 seconds
[2025-03-16T06:50:58.525+0000] {processor.py:186} INFO - Started process (PID=31612) to work on /home/airflow/.local/lib/python3.12/site-packages/airflow/example_dags/example_complex.py
[2025-03-16T06:50:58.527+0000] {processor.py:914} INFO - Processing file /home/airflow/.local/lib/python3.12/site-packages/airflow/example_dags/example_complex.py for tasks to queue
[2025-03-16T06:50:58.531+0000] {logging_mixin.py:190} INFO - [2025-03-16T06:50:58.530+0000] {dagbag.py:588} INFO - Filling up the DagBag from /home/airflow/.local/lib/python3.12/site-packages/airflow/example_dags/example_complex.py
[2025-03-16T06:50:58.550+0000] {processor.py:925} INFO - DAG(s) 'example_complex' retrieved from /home/airflow/.local/lib/python3.12/site-packages/airflow/example_dags/example_complex.py
[2025-03-16T06:50:58.598+0000] {logging_mixin.py:190} INFO - [2025-03-16T06:50:58.598+0000] {dag.py:3239} INFO - Sync 1 DAGs
[2025-03-16T06:50:58.623+0000] {logging_mixin.py:190} INFO - [2025-03-16T06:50:58.623+0000] {dag.py:4180} INFO - Setting next_dagrun for example_complex to None, run_after=None
[2025-03-16T06:50:58.659+0000] {processor.py:208} INFO - Processing /home/airflow/.local/lib/python3.12/site-packages/airflow/example_dags/example_complex.py took 0.144 seconds
[2025-03-16T06:51:28.986+0000] {processor.py:186} INFO - Started process (PID=31677) to work on /home/airflow/.local/lib/python3.12/site-packages/airflow/example_dags/example_complex.py
[2025-03-16T06:51:28.988+0000] {processor.py:914} INFO - Processing file /home/airflow/.local/lib/python3.12/site-packages/airflow/example_dags/example_complex.py for tasks to queue
[2025-03-16T06:51:28.991+0000] {logging_mixin.py:190} INFO - [2025-03-16T06:51:28.991+0000] {dagbag.py:588} INFO - Filling up the DagBag from /home/airflow/.local/lib/python3.12/site-packages/airflow/example_dags/example_complex.py
[2025-03-16T06:51:29.008+0000] {processor.py:925} INFO - DAG(s) 'example_complex' retrieved from /home/airflow/.local/lib/python3.12/site-packages/airflow/example_dags/example_complex.py
[2025-03-16T06:51:29.068+0000] {logging_mixin.py:190} INFO - [2025-03-16T06:51:29.067+0000] {dag.py:3239} INFO - Sync 1 DAGs
[2025-03-16T06:51:29.089+0000] {logging_mixin.py:190} INFO - [2025-03-16T06:51:29.088+0000] {dag.py:4180} INFO - Setting next_dagrun for example_complex to None, run_after=None
[2025-03-16T06:51:29.132+0000] {processor.py:208} INFO - Processing /home/airflow/.local/lib/python3.12/site-packages/airflow/example_dags/example_complex.py took 0.156 seconds
[2025-03-16T06:51:59.297+0000] {processor.py:186} INFO - Started process (PID=31742) to work on /home/airflow/.local/lib/python3.12/site-packages/airflow/example_dags/example_complex.py
[2025-03-16T06:51:59.299+0000] {processor.py:914} INFO - Processing file /home/airflow/.local/lib/python3.12/site-packages/airflow/example_dags/example_complex.py for tasks to queue
[2025-03-16T06:51:59.302+0000] {logging_mixin.py:190} INFO - [2025-03-16T06:51:59.302+0000] {dagbag.py:588} INFO - Filling up the DagBag from /home/airflow/.local/lib/python3.12/site-packages/airflow/example_dags/example_complex.py
[2025-03-16T06:51:59.320+0000] {processor.py:925} INFO - DAG(s) 'example_complex' retrieved from /home/airflow/.local/lib/python3.12/site-packages/airflow/example_dags/example_complex.py
[2025-03-16T06:51:59.367+0000] {logging_mixin.py:190} INFO - [2025-03-16T06:51:59.366+0000] {dag.py:3239} INFO - Sync 1 DAGs
[2025-03-16T06:51:59.387+0000] {logging_mixin.py:190} INFO - [2025-03-16T06:51:59.386+0000] {dag.py:4180} INFO - Setting next_dagrun for example_complex to None, run_after=None
[2025-03-16T06:51:59.417+0000] {processor.py:208} INFO - Processing /home/airflow/.local/lib/python3.12/site-packages/airflow/example_dags/example_complex.py took 0.128 seconds
[2025-03-16T06:52:29.519+0000] {processor.py:186} INFO - Started process (PID=31807) to work on /home/airflow/.local/lib/python3.12/site-packages/airflow/example_dags/example_complex.py
[2025-03-16T06:52:29.521+0000] {processor.py:914} INFO - Processing file /home/airflow/.local/lib/python3.12/site-packages/airflow/example_dags/example_complex.py for tasks to queue
[2025-03-16T06:52:29.524+0000] {logging_mixin.py:190} INFO - [2025-03-16T06:52:29.524+0000] {dagbag.py:588} INFO - Filling up the DagBag from /home/airflow/.local/lib/python3.12/site-packages/airflow/example_dags/example_complex.py
[2025-03-16T06:52:29.548+0000] {processor.py:925} INFO - DAG(s) 'example_complex' retrieved from /home/airflow/.local/lib/python3.12/site-packages/airflow/example_dags/example_complex.py
[2025-03-16T06:52:29.606+0000] {logging_mixin.py:190} INFO - [2025-03-16T06:52:29.606+0000] {dag.py:3239} INFO - Sync 1 DAGs
[2025-03-16T06:52:29.629+0000] {logging_mixin.py:190} INFO - [2025-03-16T06:52:29.629+0000] {dag.py:4180} INFO - Setting next_dagrun for example_complex to None, run_after=None
[2025-03-16T06:52:29.660+0000] {processor.py:208} INFO - Processing /home/airflow/.local/lib/python3.12/site-packages/airflow/example_dags/example_complex.py took 0.148 seconds
[2025-03-16T06:53:00.139+0000] {processor.py:186} INFO - Started process (PID=31872) to work on /home/airflow/.local/lib/python3.12/site-packages/airflow/example_dags/example_complex.py
[2025-03-16T06:53:00.141+0000] {processor.py:914} INFO - Processing file /home/airflow/.local/lib/python3.12/site-packages/airflow/example_dags/example_complex.py for tasks to queue
[2025-03-16T06:53:00.145+0000] {logging_mixin.py:190} INFO - [2025-03-16T06:53:00.144+0000] {dagbag.py:588} INFO - Filling up the DagBag from /home/airflow/.local/lib/python3.12/site-packages/airflow/example_dags/example_complex.py
[2025-03-16T06:53:00.162+0000] {processor.py:925} INFO - DAG(s) 'example_complex' retrieved from /home/airflow/.local/lib/python3.12/site-packages/airflow/example_dags/example_complex.py
[2025-03-16T06:53:00.216+0000] {logging_mixin.py:190} INFO - [2025-03-16T06:53:00.216+0000] {dag.py:3239} INFO - Sync 1 DAGs
[2025-03-16T06:53:00.236+0000] {logging_mixin.py:190} INFO - [2025-03-16T06:53:00.235+0000] {dag.py:4180} INFO - Setting next_dagrun for example_complex to None, run_after=None
[2025-03-16T06:53:00.267+0000] {processor.py:208} INFO - Processing /home/airflow/.local/lib/python3.12/site-packages/airflow/example_dags/example_complex.py took 0.136 seconds
[2025-03-16T06:53:30.857+0000] {processor.py:186} INFO - Started process (PID=31937) to work on /home/airflow/.local/lib/python3.12/site-packages/airflow/example_dags/example_complex.py
[2025-03-16T06:53:30.859+0000] {processor.py:914} INFO - Processing file /home/airflow/.local/lib/python3.12/site-packages/airflow/example_dags/example_complex.py for tasks to queue
[2025-03-16T06:53:30.862+0000] {logging_mixin.py:190} INFO - [2025-03-16T06:53:30.862+0000] {dagbag.py:588} INFO - Filling up the DagBag from /home/airflow/.local/lib/python3.12/site-packages/airflow/example_dags/example_complex.py
[2025-03-16T06:53:30.879+0000] {processor.py:925} INFO - DAG(s) 'example_complex' retrieved from /home/airflow/.local/lib/python3.12/site-packages/airflow/example_dags/example_complex.py
[2025-03-16T06:53:30.937+0000] {logging_mixin.py:190} INFO - [2025-03-16T06:53:30.936+0000] {dag.py:3239} INFO - Sync 1 DAGs
[2025-03-16T06:53:30.959+0000] {logging_mixin.py:190} INFO - [2025-03-16T06:53:30.959+0000] {dag.py:4180} INFO - Setting next_dagrun for example_complex to None, run_after=None
[2025-03-16T06:53:30.997+0000] {processor.py:208} INFO - Processing /home/airflow/.local/lib/python3.12/site-packages/airflow/example_dags/example_complex.py took 0.146 seconds
[2025-03-16T06:54:01.116+0000] {processor.py:186} INFO - Started process (PID=32003) to work on /home/airflow/.local/lib/python3.12/site-packages/airflow/example_dags/example_complex.py
[2025-03-16T06:54:01.118+0000] {processor.py:914} INFO - Processing file /home/airflow/.local/lib/python3.12/site-packages/airflow/example_dags/example_complex.py for tasks to queue
[2025-03-16T06:54:01.122+0000] {logging_mixin.py:190} INFO - [2025-03-16T06:54:01.121+0000] {dagbag.py:588} INFO - Filling up the DagBag from /home/airflow/.local/lib/python3.12/site-packages/airflow/example_dags/example_complex.py
[2025-03-16T06:54:01.140+0000] {processor.py:925} INFO - DAG(s) 'example_complex' retrieved from /home/airflow/.local/lib/python3.12/site-packages/airflow/example_dags/example_complex.py
[2025-03-16T06:54:01.187+0000] {logging_mixin.py:190} INFO - [2025-03-16T06:54:01.186+0000] {dag.py:3239} INFO - Sync 1 DAGs
[2025-03-16T06:54:01.210+0000] {logging_mixin.py:190} INFO - [2025-03-16T06:54:01.209+0000] {dag.py:4180} INFO - Setting next_dagrun for example_complex to None, run_after=None
[2025-03-16T06:54:01.243+0000] {processor.py:208} INFO - Processing /home/airflow/.local/lib/python3.12/site-packages/airflow/example_dags/example_complex.py took 0.135 seconds
[2025-03-16T06:54:31.586+0000] {processor.py:186} INFO - Started process (PID=32068) to work on /home/airflow/.local/lib/python3.12/site-packages/airflow/example_dags/example_complex.py
[2025-03-16T06:54:31.588+0000] {processor.py:914} INFO - Processing file /home/airflow/.local/lib/python3.12/site-packages/airflow/example_dags/example_complex.py for tasks to queue
[2025-03-16T06:54:31.592+0000] {logging_mixin.py:190} INFO - [2025-03-16T06:54:31.592+0000] {dagbag.py:588} INFO - Filling up the DagBag from /home/airflow/.local/lib/python3.12/site-packages/airflow/example_dags/example_complex.py
[2025-03-16T06:54:31.613+0000] {processor.py:925} INFO - DAG(s) 'example_complex' retrieved from /home/airflow/.local/lib/python3.12/site-packages/airflow/example_dags/example_complex.py
[2025-03-16T06:54:31.665+0000] {logging_mixin.py:190} INFO - [2025-03-16T06:54:31.665+0000] {dag.py:3239} INFO - Sync 1 DAGs
[2025-03-16T06:54:31.690+0000] {logging_mixin.py:190} INFO - [2025-03-16T06:54:31.690+0000] {dag.py:4180} INFO - Setting next_dagrun for example_complex to None, run_after=None
[2025-03-16T06:54:31.723+0000] {processor.py:208} INFO - Processing /home/airflow/.local/lib/python3.12/site-packages/airflow/example_dags/example_complex.py took 0.146 seconds
[2025-03-16T06:55:02.030+0000] {processor.py:186} INFO - Started process (PID=32133) to work on /home/airflow/.local/lib/python3.12/site-packages/airflow/example_dags/example_complex.py
[2025-03-16T06:55:02.032+0000] {processor.py:914} INFO - Processing file /home/airflow/.local/lib/python3.12/site-packages/airflow/example_dags/example_complex.py for tasks to queue
[2025-03-16T06:55:02.036+0000] {logging_mixin.py:190} INFO - [2025-03-16T06:55:02.035+0000] {dagbag.py:588} INFO - Filling up the DagBag from /home/airflow/.local/lib/python3.12/site-packages/airflow/example_dags/example_complex.py
[2025-03-16T06:55:02.054+0000] {processor.py:925} INFO - DAG(s) 'example_complex' retrieved from /home/airflow/.local/lib/python3.12/site-packages/airflow/example_dags/example_complex.py
[2025-03-16T06:55:02.102+0000] {logging_mixin.py:190} INFO - [2025-03-16T06:55:02.102+0000] {dag.py:3239} INFO - Sync 1 DAGs
[2025-03-16T06:55:02.123+0000] {logging_mixin.py:190} INFO - [2025-03-16T06:55:02.122+0000] {dag.py:4180} INFO - Setting next_dagrun for example_complex to None, run_after=None
[2025-03-16T06:55:02.154+0000] {processor.py:208} INFO - Processing /home/airflow/.local/lib/python3.12/site-packages/airflow/example_dags/example_complex.py took 0.132 seconds
[2025-03-16T06:55:32.703+0000] {processor.py:186} INFO - Started process (PID=32198) to work on /home/airflow/.local/lib/python3.12/site-packages/airflow/example_dags/example_complex.py
[2025-03-16T06:55:32.704+0000] {processor.py:914} INFO - Processing file /home/airflow/.local/lib/python3.12/site-packages/airflow/example_dags/example_complex.py for tasks to queue
[2025-03-16T06:55:32.709+0000] {logging_mixin.py:190} INFO - [2025-03-16T06:55:32.708+0000] {dagbag.py:588} INFO - Filling up the DagBag from /home/airflow/.local/lib/python3.12/site-packages/airflow/example_dags/example_complex.py
[2025-03-16T06:55:32.730+0000] {processor.py:925} INFO - DAG(s) 'example_complex' retrieved from /home/airflow/.local/lib/python3.12/site-packages/airflow/example_dags/example_complex.py
[2025-03-16T06:55:32.796+0000] {logging_mixin.py:190} INFO - [2025-03-16T06:55:32.795+0000] {dag.py:3239} INFO - Sync 1 DAGs
[2025-03-16T06:55:32.820+0000] {logging_mixin.py:190} INFO - [2025-03-16T06:55:32.820+0000] {dag.py:4180} INFO - Setting next_dagrun for example_complex to None, run_after=None
[2025-03-16T06:55:32.855+0000] {processor.py:208} INFO - Processing /home/airflow/.local/lib/python3.12/site-packages/airflow/example_dags/example_complex.py took 0.162 seconds
[2025-03-16T06:56:02.957+0000] {processor.py:186} INFO - Started process (PID=32264) to work on /home/airflow/.local/lib/python3.12/site-packages/airflow/example_dags/example_complex.py
[2025-03-16T06:56:02.959+0000] {processor.py:914} INFO - Processing file /home/airflow/.local/lib/python3.12/site-packages/airflow/example_dags/example_complex.py for tasks to queue
[2025-03-16T06:56:02.962+0000] {logging_mixin.py:190} INFO - [2025-03-16T06:56:02.962+0000] {dagbag.py:588} INFO - Filling up the DagBag from /home/airflow/.local/lib/python3.12/site-packages/airflow/example_dags/example_complex.py
[2025-03-16T06:56:02.978+0000] {processor.py:925} INFO - DAG(s) 'example_complex' retrieved from /home/airflow/.local/lib/python3.12/site-packages/airflow/example_dags/example_complex.py
[2025-03-16T06:56:03.022+0000] {logging_mixin.py:190} INFO - [2025-03-16T06:56:03.022+0000] {dag.py:3239} INFO - Sync 1 DAGs
[2025-03-16T06:56:03.043+0000] {logging_mixin.py:190} INFO - [2025-03-16T06:56:03.043+0000] {dag.py:4180} INFO - Setting next_dagrun for example_complex to None, run_after=None
[2025-03-16T06:56:03.074+0000] {processor.py:208} INFO - Processing /home/airflow/.local/lib/python3.12/site-packages/airflow/example_dags/example_complex.py took 0.123 seconds
[2025-03-16T06:56:33.406+0000] {processor.py:186} INFO - Started process (PID=32323) to work on /home/airflow/.local/lib/python3.12/site-packages/airflow/example_dags/example_complex.py
[2025-03-16T06:56:33.408+0000] {processor.py:914} INFO - Processing file /home/airflow/.local/lib/python3.12/site-packages/airflow/example_dags/example_complex.py for tasks to queue
[2025-03-16T06:56:33.412+0000] {logging_mixin.py:190} INFO - [2025-03-16T06:56:33.411+0000] {dagbag.py:588} INFO - Filling up the DagBag from /home/airflow/.local/lib/python3.12/site-packages/airflow/example_dags/example_complex.py
[2025-03-16T06:56:33.429+0000] {processor.py:925} INFO - DAG(s) 'example_complex' retrieved from /home/airflow/.local/lib/python3.12/site-packages/airflow/example_dags/example_complex.py
[2025-03-16T06:56:33.470+0000] {logging_mixin.py:190} INFO - [2025-03-16T06:56:33.470+0000] {dag.py:3239} INFO - Sync 1 DAGs
[2025-03-16T06:56:33.495+0000] {logging_mixin.py:190} INFO - [2025-03-16T06:56:33.494+0000] {dag.py:4180} INFO - Setting next_dagrun for example_complex to None, run_after=None
[2025-03-16T06:56:33.535+0000] {processor.py:208} INFO - Processing /home/airflow/.local/lib/python3.12/site-packages/airflow/example_dags/example_complex.py took 0.136 seconds
[2025-03-16T06:57:04.615+0000] {processor.py:186} INFO - Started process (PID=32385) to work on /home/airflow/.local/lib/python3.12/site-packages/airflow/example_dags/example_complex.py
[2025-03-16T06:57:04.617+0000] {processor.py:914} INFO - Processing file /home/airflow/.local/lib/python3.12/site-packages/airflow/example_dags/example_complex.py for tasks to queue
[2025-03-16T06:57:04.621+0000] {logging_mixin.py:190} INFO - [2025-03-16T06:57:04.621+0000] {dagbag.py:588} INFO - Filling up the DagBag from /home/airflow/.local/lib/python3.12/site-packages/airflow/example_dags/example_complex.py
[2025-03-16T06:57:04.636+0000] {processor.py:925} INFO - DAG(s) 'example_complex' retrieved from /home/airflow/.local/lib/python3.12/site-packages/airflow/example_dags/example_complex.py
[2025-03-16T06:57:04.678+0000] {logging_mixin.py:190} INFO - [2025-03-16T06:57:04.678+0000] {dag.py:3239} INFO - Sync 1 DAGs
[2025-03-16T06:57:04.696+0000] {logging_mixin.py:190} INFO - [2025-03-16T06:57:04.696+0000] {dag.py:4180} INFO - Setting next_dagrun for example_complex to None, run_after=None
[2025-03-16T06:57:04.725+0000] {processor.py:208} INFO - Processing /home/airflow/.local/lib/python3.12/site-packages/airflow/example_dags/example_complex.py took 0.116 seconds
[2025-03-16T06:57:34.896+0000] {processor.py:186} INFO - Started process (PID=32441) to work on /home/airflow/.local/lib/python3.12/site-packages/airflow/example_dags/example_complex.py
[2025-03-16T06:57:34.898+0000] {processor.py:914} INFO - Processing file /home/airflow/.local/lib/python3.12/site-packages/airflow/example_dags/example_complex.py for tasks to queue
[2025-03-16T06:57:34.902+0000] {logging_mixin.py:190} INFO - [2025-03-16T06:57:34.901+0000] {dagbag.py:588} INFO - Filling up the DagBag from /home/airflow/.local/lib/python3.12/site-packages/airflow/example_dags/example_complex.py
[2025-03-16T06:57:34.917+0000] {processor.py:925} INFO - DAG(s) 'example_complex' retrieved from /home/airflow/.local/lib/python3.12/site-packages/airflow/example_dags/example_complex.py
[2025-03-16T06:57:34.956+0000] {logging_mixin.py:190} INFO - [2025-03-16T06:57:34.955+0000] {dag.py:3239} INFO - Sync 1 DAGs
[2025-03-16T06:57:34.976+0000] {logging_mixin.py:190} INFO - [2025-03-16T06:57:34.976+0000] {dag.py:4180} INFO - Setting next_dagrun for example_complex to None, run_after=None
[2025-03-16T06:57:35.004+0000] {processor.py:208} INFO - Processing /home/airflow/.local/lib/python3.12/site-packages/airflow/example_dags/example_complex.py took 0.115 seconds
[2025-03-16T06:58:05.376+0000] {processor.py:186} INFO - Started process (PID=32503) to work on /home/airflow/.local/lib/python3.12/site-packages/airflow/example_dags/example_complex.py
[2025-03-16T06:58:05.377+0000] {processor.py:914} INFO - Processing file /home/airflow/.local/lib/python3.12/site-packages/airflow/example_dags/example_complex.py for tasks to queue
[2025-03-16T06:58:05.380+0000] {logging_mixin.py:190} INFO - [2025-03-16T06:58:05.380+0000] {dagbag.py:588} INFO - Filling up the DagBag from /home/airflow/.local/lib/python3.12/site-packages/airflow/example_dags/example_complex.py
[2025-03-16T06:58:05.397+0000] {processor.py:925} INFO - DAG(s) 'example_complex' retrieved from /home/airflow/.local/lib/python3.12/site-packages/airflow/example_dags/example_complex.py
[2025-03-16T06:58:05.447+0000] {logging_mixin.py:190} INFO - [2025-03-16T06:58:05.446+0000] {dag.py:3239} INFO - Sync 1 DAGs
[2025-03-16T06:58:05.472+0000] {logging_mixin.py:190} INFO - [2025-03-16T06:58:05.471+0000] {dag.py:4180} INFO - Setting next_dagrun for example_complex to None, run_after=None
[2025-03-16T06:58:05.508+0000] {processor.py:208} INFO - Processing /home/airflow/.local/lib/python3.12/site-packages/airflow/example_dags/example_complex.py took 0.141 seconds
[2025-03-16T06:58:36.001+0000] {processor.py:186} INFO - Started process (PID=32568) to work on /home/airflow/.local/lib/python3.12/site-packages/airflow/example_dags/example_complex.py
[2025-03-16T06:58:36.003+0000] {processor.py:914} INFO - Processing file /home/airflow/.local/lib/python3.12/site-packages/airflow/example_dags/example_complex.py for tasks to queue
[2025-03-16T06:58:36.007+0000] {logging_mixin.py:190} INFO - [2025-03-16T06:58:36.007+0000] {dagbag.py:588} INFO - Filling up the DagBag from /home/airflow/.local/lib/python3.12/site-packages/airflow/example_dags/example_complex.py
[2025-03-16T06:58:36.028+0000] {processor.py:925} INFO - DAG(s) 'example_complex' retrieved from /home/airflow/.local/lib/python3.12/site-packages/airflow/example_dags/example_complex.py
[2025-03-16T06:58:36.074+0000] {logging_mixin.py:190} INFO - [2025-03-16T06:58:36.073+0000] {dag.py:3239} INFO - Sync 1 DAGs
[2025-03-16T06:58:36.097+0000] {logging_mixin.py:190} INFO - [2025-03-16T06:58:36.096+0000] {dag.py:4180} INFO - Setting next_dagrun for example_complex to None, run_after=None
[2025-03-16T06:58:36.137+0000] {processor.py:208} INFO - Processing /home/airflow/.local/lib/python3.12/site-packages/airflow/example_dags/example_complex.py took 0.145 seconds
[2025-03-16T06:59:06.417+0000] {processor.py:186} INFO - Started process (PID=32632) to work on /home/airflow/.local/lib/python3.12/site-packages/airflow/example_dags/example_complex.py
[2025-03-16T06:59:06.419+0000] {processor.py:914} INFO - Processing file /home/airflow/.local/lib/python3.12/site-packages/airflow/example_dags/example_complex.py for tasks to queue
[2025-03-16T06:59:06.423+0000] {logging_mixin.py:190} INFO - [2025-03-16T06:59:06.423+0000] {dagbag.py:588} INFO - Filling up the DagBag from /home/airflow/.local/lib/python3.12/site-packages/airflow/example_dags/example_complex.py
[2025-03-16T06:59:06.443+0000] {processor.py:925} INFO - DAG(s) 'example_complex' retrieved from /home/airflow/.local/lib/python3.12/site-packages/airflow/example_dags/example_complex.py
[2025-03-16T06:59:06.495+0000] {logging_mixin.py:190} INFO - [2025-03-16T06:59:06.494+0000] {dag.py:3239} INFO - Sync 1 DAGs
[2025-03-16T06:59:06.524+0000] {logging_mixin.py:190} INFO - [2025-03-16T06:59:06.524+0000] {dag.py:4180} INFO - Setting next_dagrun for example_complex to None, run_after=None
[2025-03-16T06:59:06.561+0000] {processor.py:208} INFO - Processing /home/airflow/.local/lib/python3.12/site-packages/airflow/example_dags/example_complex.py took 0.152 seconds
[2025-03-16T06:59:36.823+0000] {processor.py:186} INFO - Started process (PID=32697) to work on /home/airflow/.local/lib/python3.12/site-packages/airflow/example_dags/example_complex.py
[2025-03-16T06:59:36.825+0000] {processor.py:914} INFO - Processing file /home/airflow/.local/lib/python3.12/site-packages/airflow/example_dags/example_complex.py for tasks to queue
[2025-03-16T06:59:36.829+0000] {logging_mixin.py:190} INFO - [2025-03-16T06:59:36.828+0000] {dagbag.py:588} INFO - Filling up the DagBag from /home/airflow/.local/lib/python3.12/site-packages/airflow/example_dags/example_complex.py
[2025-03-16T06:59:36.846+0000] {processor.py:925} INFO - DAG(s) 'example_complex' retrieved from /home/airflow/.local/lib/python3.12/site-packages/airflow/example_dags/example_complex.py
[2025-03-16T06:59:36.901+0000] {logging_mixin.py:190} INFO - [2025-03-16T06:59:36.900+0000] {dag.py:3239} INFO - Sync 1 DAGs
[2025-03-16T06:59:36.928+0000] {logging_mixin.py:190} INFO - [2025-03-16T06:59:36.928+0000] {dag.py:4180} INFO - Setting next_dagrun for example_complex to None, run_after=None
[2025-03-16T06:59:36.959+0000] {processor.py:208} INFO - Processing /home/airflow/.local/lib/python3.12/site-packages/airflow/example_dags/example_complex.py took 0.144 seconds
[2025-03-16T07:00:07.320+0000] {processor.py:186} INFO - Started process (PID=32762) to work on /home/airflow/.local/lib/python3.12/site-packages/airflow/example_dags/example_complex.py
[2025-03-16T07:00:07.322+0000] {processor.py:914} INFO - Processing file /home/airflow/.local/lib/python3.12/site-packages/airflow/example_dags/example_complex.py for tasks to queue
[2025-03-16T07:00:07.327+0000] {logging_mixin.py:190} INFO - [2025-03-16T07:00:07.326+0000] {dagbag.py:588} INFO - Filling up the DagBag from /home/airflow/.local/lib/python3.12/site-packages/airflow/example_dags/example_complex.py
[2025-03-16T07:00:07.347+0000] {processor.py:925} INFO - DAG(s) 'example_complex' retrieved from /home/airflow/.local/lib/python3.12/site-packages/airflow/example_dags/example_complex.py
[2025-03-16T07:00:07.410+0000] {logging_mixin.py:190} INFO - [2025-03-16T07:00:07.409+0000] {dag.py:3239} INFO - Sync 1 DAGs
[2025-03-16T07:00:07.436+0000] {logging_mixin.py:190} INFO - [2025-03-16T07:00:07.435+0000] {dag.py:4180} INFO - Setting next_dagrun for example_complex to None, run_after=None
[2025-03-16T07:00:07.478+0000] {processor.py:208} INFO - Processing /home/airflow/.local/lib/python3.12/site-packages/airflow/example_dags/example_complex.py took 0.170 seconds
[2025-03-16T07:00:37.834+0000] {processor.py:186} INFO - Started process (PID=32827) to work on /home/airflow/.local/lib/python3.12/site-packages/airflow/example_dags/example_complex.py
[2025-03-16T07:00:37.836+0000] {processor.py:914} INFO - Processing file /home/airflow/.local/lib/python3.12/site-packages/airflow/example_dags/example_complex.py for tasks to queue
[2025-03-16T07:00:37.840+0000] {logging_mixin.py:190} INFO - [2025-03-16T07:00:37.840+0000] {dagbag.py:588} INFO - Filling up the DagBag from /home/airflow/.local/lib/python3.12/site-packages/airflow/example_dags/example_complex.py
[2025-03-16T07:00:37.865+0000] {processor.py:925} INFO - DAG(s) 'example_complex' retrieved from /home/airflow/.local/lib/python3.12/site-packages/airflow/example_dags/example_complex.py
[2025-03-16T07:00:37.926+0000] {logging_mixin.py:190} INFO - [2025-03-16T07:00:37.925+0000] {dag.py:3239} INFO - Sync 1 DAGs
[2025-03-16T07:00:37.945+0000] {logging_mixin.py:190} INFO - [2025-03-16T07:00:37.945+0000] {dag.py:4180} INFO - Setting next_dagrun for example_complex to None, run_after=None
[2025-03-16T07:00:37.984+0000] {processor.py:208} INFO - Processing /home/airflow/.local/lib/python3.12/site-packages/airflow/example_dags/example_complex.py took 0.160 seconds
[2025-03-16T07:01:08.243+0000] {processor.py:186} INFO - Started process (PID=32892) to work on /home/airflow/.local/lib/python3.12/site-packages/airflow/example_dags/example_complex.py
[2025-03-16T07:01:08.244+0000] {processor.py:914} INFO - Processing file /home/airflow/.local/lib/python3.12/site-packages/airflow/example_dags/example_complex.py for tasks to queue
[2025-03-16T07:01:08.248+0000] {logging_mixin.py:190} INFO - [2025-03-16T07:01:08.248+0000] {dagbag.py:588} INFO - Filling up the DagBag from /home/airflow/.local/lib/python3.12/site-packages/airflow/example_dags/example_complex.py
[2025-03-16T07:01:08.265+0000] {processor.py:925} INFO - DAG(s) 'example_complex' retrieved from /home/airflow/.local/lib/python3.12/site-packages/airflow/example_dags/example_complex.py
[2025-03-16T07:01:08.312+0000] {logging_mixin.py:190} INFO - [2025-03-16T07:01:08.311+0000] {dag.py:3239} INFO - Sync 1 DAGs
[2025-03-16T07:01:08.335+0000] {logging_mixin.py:190} INFO - [2025-03-16T07:01:08.335+0000] {dag.py:4180} INFO - Setting next_dagrun for example_complex to None, run_after=None
[2025-03-16T07:01:08.367+0000] {processor.py:208} INFO - Processing /home/airflow/.local/lib/python3.12/site-packages/airflow/example_dags/example_complex.py took 0.135 seconds
[2025-03-16T07:01:38.546+0000] {processor.py:186} INFO - Started process (PID=32957) to work on /home/airflow/.local/lib/python3.12/site-packages/airflow/example_dags/example_complex.py
[2025-03-16T07:01:38.548+0000] {processor.py:914} INFO - Processing file /home/airflow/.local/lib/python3.12/site-packages/airflow/example_dags/example_complex.py for tasks to queue
[2025-03-16T07:01:38.553+0000] {logging_mixin.py:190} INFO - [2025-03-16T07:01:38.552+0000] {dagbag.py:588} INFO - Filling up the DagBag from /home/airflow/.local/lib/python3.12/site-packages/airflow/example_dags/example_complex.py
[2025-03-16T07:01:38.575+0000] {processor.py:925} INFO - DAG(s) 'example_complex' retrieved from /home/airflow/.local/lib/python3.12/site-packages/airflow/example_dags/example_complex.py
[2025-03-16T07:01:38.640+0000] {logging_mixin.py:190} INFO - [2025-03-16T07:01:38.639+0000] {dag.py:3239} INFO - Sync 1 DAGs
[2025-03-16T07:01:38.660+0000] {logging_mixin.py:190} INFO - [2025-03-16T07:01:38.660+0000] {dag.py:4180} INFO - Setting next_dagrun for example_complex to None, run_after=None
[2025-03-16T07:01:38.690+0000] {processor.py:208} INFO - Processing /home/airflow/.local/lib/python3.12/site-packages/airflow/example_dags/example_complex.py took 0.153 seconds
[2025-03-16T07:02:09.007+0000] {processor.py:186} INFO - Started process (PID=33022) to work on /home/airflow/.local/lib/python3.12/site-packages/airflow/example_dags/example_complex.py
[2025-03-16T07:02:09.009+0000] {processor.py:914} INFO - Processing file /home/airflow/.local/lib/python3.12/site-packages/airflow/example_dags/example_complex.py for tasks to queue
[2025-03-16T07:02:09.013+0000] {logging_mixin.py:190} INFO - [2025-03-16T07:02:09.012+0000] {dagbag.py:588} INFO - Filling up the DagBag from /home/airflow/.local/lib/python3.12/site-packages/airflow/example_dags/example_complex.py
[2025-03-16T07:02:09.035+0000] {processor.py:925} INFO - DAG(s) 'example_complex' retrieved from /home/airflow/.local/lib/python3.12/site-packages/airflow/example_dags/example_complex.py
[2025-03-16T07:02:09.086+0000] {logging_mixin.py:190} INFO - [2025-03-16T07:02:09.086+0000] {dag.py:3239} INFO - Sync 1 DAGs
[2025-03-16T07:02:09.106+0000] {logging_mixin.py:190} INFO - [2025-03-16T07:02:09.106+0000] {dag.py:4180} INFO - Setting next_dagrun for example_complex to None, run_after=None
[2025-03-16T07:02:09.139+0000] {processor.py:208} INFO - Processing /home/airflow/.local/lib/python3.12/site-packages/airflow/example_dags/example_complex.py took 0.141 seconds
[2025-03-16T07:02:39.407+0000] {processor.py:186} INFO - Started process (PID=33087) to work on /home/airflow/.local/lib/python3.12/site-packages/airflow/example_dags/example_complex.py
[2025-03-16T07:02:39.409+0000] {processor.py:914} INFO - Processing file /home/airflow/.local/lib/python3.12/site-packages/airflow/example_dags/example_complex.py for tasks to queue
[2025-03-16T07:02:39.412+0000] {logging_mixin.py:190} INFO - [2025-03-16T07:02:39.412+0000] {dagbag.py:588} INFO - Filling up the DagBag from /home/airflow/.local/lib/python3.12/site-packages/airflow/example_dags/example_complex.py
[2025-03-16T07:02:39.433+0000] {processor.py:925} INFO - DAG(s) 'example_complex' retrieved from /home/airflow/.local/lib/python3.12/site-packages/airflow/example_dags/example_complex.py
[2025-03-16T07:02:39.488+0000] {logging_mixin.py:190} INFO - [2025-03-16T07:02:39.488+0000] {dag.py:3239} INFO - Sync 1 DAGs
[2025-03-16T07:02:39.509+0000] {logging_mixin.py:190} INFO - [2025-03-16T07:02:39.508+0000] {dag.py:4180} INFO - Setting next_dagrun for example_complex to None, run_after=None
[2025-03-16T07:02:39.541+0000] {processor.py:208} INFO - Processing /home/airflow/.local/lib/python3.12/site-packages/airflow/example_dags/example_complex.py took 0.145 seconds
[2025-03-16T07:03:10.176+0000] {processor.py:186} INFO - Started process (PID=33152) to work on /home/airflow/.local/lib/python3.12/site-packages/airflow/example_dags/example_complex.py
[2025-03-16T07:03:10.178+0000] {processor.py:914} INFO - Processing file /home/airflow/.local/lib/python3.12/site-packages/airflow/example_dags/example_complex.py for tasks to queue
[2025-03-16T07:03:10.183+0000] {logging_mixin.py:190} INFO - [2025-03-16T07:03:10.182+0000] {dagbag.py:588} INFO - Filling up the DagBag from /home/airflow/.local/lib/python3.12/site-packages/airflow/example_dags/example_complex.py
[2025-03-16T07:03:10.201+0000] {processor.py:925} INFO - DAG(s) 'example_complex' retrieved from /home/airflow/.local/lib/python3.12/site-packages/airflow/example_dags/example_complex.py
[2025-03-16T07:03:10.256+0000] {logging_mixin.py:190} INFO - [2025-03-16T07:03:10.255+0000] {dag.py:3239} INFO - Sync 1 DAGs
[2025-03-16T07:03:10.285+0000] {logging_mixin.py:190} INFO - [2025-03-16T07:03:10.284+0000] {dag.py:4180} INFO - Setting next_dagrun for example_complex to None, run_after=None
[2025-03-16T07:03:10.323+0000] {processor.py:208} INFO - Processing /home/airflow/.local/lib/python3.12/site-packages/airflow/example_dags/example_complex.py took 0.159 seconds
[2025-03-16T07:03:40.787+0000] {processor.py:186} INFO - Started process (PID=33216) to work on /home/airflow/.local/lib/python3.12/site-packages/airflow/example_dags/example_complex.py
[2025-03-16T07:03:40.788+0000] {processor.py:914} INFO - Processing file /home/airflow/.local/lib/python3.12/site-packages/airflow/example_dags/example_complex.py for tasks to queue
[2025-03-16T07:03:40.792+0000] {logging_mixin.py:190} INFO - [2025-03-16T07:03:40.791+0000] {dagbag.py:588} INFO - Filling up the DagBag from /home/airflow/.local/lib/python3.12/site-packages/airflow/example_dags/example_complex.py
[2025-03-16T07:03:40.812+0000] {processor.py:925} INFO - DAG(s) 'example_complex' retrieved from /home/airflow/.local/lib/python3.12/site-packages/airflow/example_dags/example_complex.py
[2025-03-16T07:03:40.856+0000] {logging_mixin.py:190} INFO - [2025-03-16T07:03:40.855+0000] {dag.py:3239} INFO - Sync 1 DAGs
[2025-03-16T07:03:40.873+0000] {logging_mixin.py:190} INFO - [2025-03-16T07:03:40.872+0000] {dag.py:4180} INFO - Setting next_dagrun for example_complex to None, run_after=None
[2025-03-16T07:03:40.903+0000] {processor.py:208} INFO - Processing /home/airflow/.local/lib/python3.12/site-packages/airflow/example_dags/example_complex.py took 0.123 seconds
[2025-03-16T07:04:11.228+0000] {processor.py:186} INFO - Started process (PID=33280) to work on /home/airflow/.local/lib/python3.12/site-packages/airflow/example_dags/example_complex.py
[2025-03-16T07:04:11.230+0000] {processor.py:914} INFO - Processing file /home/airflow/.local/lib/python3.12/site-packages/airflow/example_dags/example_complex.py for tasks to queue
[2025-03-16T07:04:11.234+0000] {logging_mixin.py:190} INFO - [2025-03-16T07:04:11.233+0000] {dagbag.py:588} INFO - Filling up the DagBag from /home/airflow/.local/lib/python3.12/site-packages/airflow/example_dags/example_complex.py
[2025-03-16T07:04:11.250+0000] {processor.py:925} INFO - DAG(s) 'example_complex' retrieved from /home/airflow/.local/lib/python3.12/site-packages/airflow/example_dags/example_complex.py
[2025-03-16T07:04:11.295+0000] {logging_mixin.py:190} INFO - [2025-03-16T07:04:11.294+0000] {dag.py:3239} INFO - Sync 1 DAGs
[2025-03-16T07:04:11.315+0000] {logging_mixin.py:190} INFO - [2025-03-16T07:04:11.314+0000] {dag.py:4180} INFO - Setting next_dagrun for example_complex to None, run_after=None
[2025-03-16T07:04:11.343+0000] {processor.py:208} INFO - Processing /home/airflow/.local/lib/python3.12/site-packages/airflow/example_dags/example_complex.py took 0.123 seconds
[2025-03-16T07:04:41.811+0000] {processor.py:186} INFO - Started process (PID=33345) to work on /home/airflow/.local/lib/python3.12/site-packages/airflow/example_dags/example_complex.py
[2025-03-16T07:04:41.813+0000] {processor.py:914} INFO - Processing file /home/airflow/.local/lib/python3.12/site-packages/airflow/example_dags/example_complex.py for tasks to queue
[2025-03-16T07:04:41.816+0000] {logging_mixin.py:190} INFO - [2025-03-16T07:04:41.816+0000] {dagbag.py:588} INFO - Filling up the DagBag from /home/airflow/.local/lib/python3.12/site-packages/airflow/example_dags/example_complex.py
[2025-03-16T07:04:41.842+0000] {processor.py:925} INFO - DAG(s) 'example_complex' retrieved from /home/airflow/.local/lib/python3.12/site-packages/airflow/example_dags/example_complex.py
[2025-03-16T07:04:41.919+0000] {logging_mixin.py:190} INFO - [2025-03-16T07:04:41.918+0000] {dag.py:3239} INFO - Sync 1 DAGs
[2025-03-16T07:04:41.944+0000] {logging_mixin.py:190} INFO - [2025-03-16T07:04:41.944+0000] {dag.py:4180} INFO - Setting next_dagrun for example_complex to None, run_after=None
[2025-03-16T07:04:41.976+0000] {processor.py:208} INFO - Processing /home/airflow/.local/lib/python3.12/site-packages/airflow/example_dags/example_complex.py took 0.177 seconds
[2025-03-16T07:05:12.186+0000] {processor.py:186} INFO - Started process (PID=33410) to work on /home/airflow/.local/lib/python3.12/site-packages/airflow/example_dags/example_complex.py
[2025-03-16T07:05:12.188+0000] {processor.py:914} INFO - Processing file /home/airflow/.local/lib/python3.12/site-packages/airflow/example_dags/example_complex.py for tasks to queue
[2025-03-16T07:05:12.191+0000] {logging_mixin.py:190} INFO - [2025-03-16T07:05:12.191+0000] {dagbag.py:588} INFO - Filling up the DagBag from /home/airflow/.local/lib/python3.12/site-packages/airflow/example_dags/example_complex.py
[2025-03-16T07:05:12.208+0000] {processor.py:925} INFO - DAG(s) 'example_complex' retrieved from /home/airflow/.local/lib/python3.12/site-packages/airflow/example_dags/example_complex.py
[2025-03-16T07:05:12.252+0000] {logging_mixin.py:190} INFO - [2025-03-16T07:05:12.251+0000] {dag.py:3239} INFO - Sync 1 DAGs
[2025-03-16T07:05:12.274+0000] {logging_mixin.py:190} INFO - [2025-03-16T07:05:12.274+0000] {dag.py:4180} INFO - Setting next_dagrun for example_complex to None, run_after=None
[2025-03-16T07:05:12.308+0000] {processor.py:208} INFO - Processing /home/airflow/.local/lib/python3.12/site-packages/airflow/example_dags/example_complex.py took 0.131 seconds
[2025-03-16T07:05:42.918+0000] {processor.py:186} INFO - Started process (PID=33475) to work on /home/airflow/.local/lib/python3.12/site-packages/airflow/example_dags/example_complex.py
[2025-03-16T07:05:42.920+0000] {processor.py:914} INFO - Processing file /home/airflow/.local/lib/python3.12/site-packages/airflow/example_dags/example_complex.py for tasks to queue
[2025-03-16T07:05:42.924+0000] {logging_mixin.py:190} INFO - [2025-03-16T07:05:42.923+0000] {dagbag.py:588} INFO - Filling up the DagBag from /home/airflow/.local/lib/python3.12/site-packages/airflow/example_dags/example_complex.py
[2025-03-16T07:05:42.939+0000] {processor.py:925} INFO - DAG(s) 'example_complex' retrieved from /home/airflow/.local/lib/python3.12/site-packages/airflow/example_dags/example_complex.py
[2025-03-16T07:05:42.996+0000] {logging_mixin.py:190} INFO - [2025-03-16T07:05:42.995+0000] {dag.py:3239} INFO - Sync 1 DAGs
[2025-03-16T07:05:43.025+0000] {logging_mixin.py:190} INFO - [2025-03-16T07:05:43.024+0000] {dag.py:4180} INFO - Setting next_dagrun for example_complex to None, run_after=None
[2025-03-16T07:05:43.064+0000] {processor.py:208} INFO - Processing /home/airflow/.local/lib/python3.12/site-packages/airflow/example_dags/example_complex.py took 0.156 seconds
[2025-03-16T07:06:13.162+0000] {processor.py:186} INFO - Started process (PID=33540) to work on /home/airflow/.local/lib/python3.12/site-packages/airflow/example_dags/example_complex.py
[2025-03-16T07:06:13.164+0000] {processor.py:914} INFO - Processing file /home/airflow/.local/lib/python3.12/site-packages/airflow/example_dags/example_complex.py for tasks to queue
[2025-03-16T07:06:13.168+0000] {logging_mixin.py:190} INFO - [2025-03-16T07:06:13.168+0000] {dagbag.py:588} INFO - Filling up the DagBag from /home/airflow/.local/lib/python3.12/site-packages/airflow/example_dags/example_complex.py
[2025-03-16T07:06:13.188+0000] {processor.py:925} INFO - DAG(s) 'example_complex' retrieved from /home/airflow/.local/lib/python3.12/site-packages/airflow/example_dags/example_complex.py
[2025-03-16T07:06:13.236+0000] {logging_mixin.py:190} INFO - [2025-03-16T07:06:13.236+0000] {dag.py:3239} INFO - Sync 1 DAGs
[2025-03-16T07:06:13.262+0000] {logging_mixin.py:190} INFO - [2025-03-16T07:06:13.261+0000] {dag.py:4180} INFO - Setting next_dagrun for example_complex to None, run_after=None
[2025-03-16T07:06:13.309+0000] {processor.py:208} INFO - Processing /home/airflow/.local/lib/python3.12/site-packages/airflow/example_dags/example_complex.py took 0.157 seconds
[2025-03-16T07:06:43.853+0000] {processor.py:186} INFO - Started process (PID=33605) to work on /home/airflow/.local/lib/python3.12/site-packages/airflow/example_dags/example_complex.py
[2025-03-16T07:06:43.854+0000] {processor.py:914} INFO - Processing file /home/airflow/.local/lib/python3.12/site-packages/airflow/example_dags/example_complex.py for tasks to queue
[2025-03-16T07:06:43.858+0000] {logging_mixin.py:190} INFO - [2025-03-16T07:06:43.857+0000] {dagbag.py:588} INFO - Filling up the DagBag from /home/airflow/.local/lib/python3.12/site-packages/airflow/example_dags/example_complex.py
[2025-03-16T07:06:43.875+0000] {processor.py:925} INFO - DAG(s) 'example_complex' retrieved from /home/airflow/.local/lib/python3.12/site-packages/airflow/example_dags/example_complex.py
[2025-03-16T07:06:43.926+0000] {logging_mixin.py:190} INFO - [2025-03-16T07:06:43.925+0000] {dag.py:3239} INFO - Sync 1 DAGs
[2025-03-16T07:06:43.947+0000] {logging_mixin.py:190} INFO - [2025-03-16T07:06:43.947+0000] {dag.py:4180} INFO - Setting next_dagrun for example_complex to None, run_after=None
[2025-03-16T07:06:43.980+0000] {processor.py:208} INFO - Processing /home/airflow/.local/lib/python3.12/site-packages/airflow/example_dags/example_complex.py took 0.136 seconds
[2025-03-16T07:07:14.274+0000] {processor.py:186} INFO - Started process (PID=33670) to work on /home/airflow/.local/lib/python3.12/site-packages/airflow/example_dags/example_complex.py
[2025-03-16T07:07:14.276+0000] {processor.py:914} INFO - Processing file /home/airflow/.local/lib/python3.12/site-packages/airflow/example_dags/example_complex.py for tasks to queue
[2025-03-16T07:07:14.281+0000] {logging_mixin.py:190} INFO - [2025-03-16T07:07:14.280+0000] {dagbag.py:588} INFO - Filling up the DagBag from /home/airflow/.local/lib/python3.12/site-packages/airflow/example_dags/example_complex.py
[2025-03-16T07:07:14.299+0000] {processor.py:925} INFO - DAG(s) 'example_complex' retrieved from /home/airflow/.local/lib/python3.12/site-packages/airflow/example_dags/example_complex.py
[2025-03-16T07:07:14.347+0000] {logging_mixin.py:190} INFO - [2025-03-16T07:07:14.346+0000] {dag.py:3239} INFO - Sync 1 DAGs
[2025-03-16T07:07:14.386+0000] {logging_mixin.py:190} INFO - [2025-03-16T07:07:14.386+0000] {dag.py:4180} INFO - Setting next_dagrun for example_complex to None, run_after=None
[2025-03-16T07:07:14.423+0000] {processor.py:208} INFO - Processing /home/airflow/.local/lib/python3.12/site-packages/airflow/example_dags/example_complex.py took 0.158 seconds
[2025-03-16T07:07:44.928+0000] {processor.py:186} INFO - Started process (PID=33735) to work on /home/airflow/.local/lib/python3.12/site-packages/airflow/example_dags/example_complex.py
[2025-03-16T07:07:44.931+0000] {processor.py:914} INFO - Processing file /home/airflow/.local/lib/python3.12/site-packages/airflow/example_dags/example_complex.py for tasks to queue
[2025-03-16T07:07:44.936+0000] {logging_mixin.py:190} INFO - [2025-03-16T07:07:44.935+0000] {dagbag.py:588} INFO - Filling up the DagBag from /home/airflow/.local/lib/python3.12/site-packages/airflow/example_dags/example_complex.py
[2025-03-16T07:07:44.959+0000] {processor.py:925} INFO - DAG(s) 'example_complex' retrieved from /home/airflow/.local/lib/python3.12/site-packages/airflow/example_dags/example_complex.py
[2025-03-16T07:07:45.012+0000] {logging_mixin.py:190} INFO - [2025-03-16T07:07:45.011+0000] {dag.py:3239} INFO - Sync 1 DAGs
[2025-03-16T07:07:45.036+0000] {logging_mixin.py:190} INFO - [2025-03-16T07:07:45.036+0000] {dag.py:4180} INFO - Setting next_dagrun for example_complex to None, run_after=None
[2025-03-16T07:07:45.066+0000] {processor.py:208} INFO - Processing /home/airflow/.local/lib/python3.12/site-packages/airflow/example_dags/example_complex.py took 0.154 seconds
[2025-03-16T07:08:15.241+0000] {processor.py:186} INFO - Started process (PID=33800) to work on /home/airflow/.local/lib/python3.12/site-packages/airflow/example_dags/example_complex.py
[2025-03-16T07:08:15.243+0000] {processor.py:914} INFO - Processing file /home/airflow/.local/lib/python3.12/site-packages/airflow/example_dags/example_complex.py for tasks to queue
[2025-03-16T07:08:15.248+0000] {logging_mixin.py:190} INFO - [2025-03-16T07:08:15.247+0000] {dagbag.py:588} INFO - Filling up the DagBag from /home/airflow/.local/lib/python3.12/site-packages/airflow/example_dags/example_complex.py
[2025-03-16T07:08:15.273+0000] {processor.py:925} INFO - DAG(s) 'example_complex' retrieved from /home/airflow/.local/lib/python3.12/site-packages/airflow/example_dags/example_complex.py
[2025-03-16T07:08:15.334+0000] {logging_mixin.py:190} INFO - [2025-03-16T07:08:15.334+0000] {dag.py:3239} INFO - Sync 1 DAGs
[2025-03-16T07:08:15.359+0000] {logging_mixin.py:190} INFO - [2025-03-16T07:08:15.359+0000] {dag.py:4180} INFO - Setting next_dagrun for example_complex to None, run_after=None
[2025-03-16T07:08:15.396+0000] {processor.py:208} INFO - Processing /home/airflow/.local/lib/python3.12/site-packages/airflow/example_dags/example_complex.py took 0.168 seconds
[2025-03-16T07:08:46.001+0000] {processor.py:186} INFO - Started process (PID=33865) to work on /home/airflow/.local/lib/python3.12/site-packages/airflow/example_dags/example_complex.py
[2025-03-16T07:08:46.002+0000] {processor.py:914} INFO - Processing file /home/airflow/.local/lib/python3.12/site-packages/airflow/example_dags/example_complex.py for tasks to queue
[2025-03-16T07:08:46.006+0000] {logging_mixin.py:190} INFO - [2025-03-16T07:08:46.006+0000] {dagbag.py:588} INFO - Filling up the DagBag from /home/airflow/.local/lib/python3.12/site-packages/airflow/example_dags/example_complex.py
[2025-03-16T07:08:46.028+0000] {processor.py:925} INFO - DAG(s) 'example_complex' retrieved from /home/airflow/.local/lib/python3.12/site-packages/airflow/example_dags/example_complex.py
[2025-03-16T07:08:46.077+0000] {logging_mixin.py:190} INFO - [2025-03-16T07:08:46.077+0000] {dag.py:3239} INFO - Sync 1 DAGs
[2025-03-16T07:08:46.098+0000] {logging_mixin.py:190} INFO - [2025-03-16T07:08:46.098+0000] {dag.py:4180} INFO - Setting next_dagrun for example_complex to None, run_after=None
[2025-03-16T07:08:46.131+0000] {processor.py:208} INFO - Processing /home/airflow/.local/lib/python3.12/site-packages/airflow/example_dags/example_complex.py took 0.140 seconds
[2025-03-16T07:09:16.586+0000] {processor.py:186} INFO - Started process (PID=33930) to work on /home/airflow/.local/lib/python3.12/site-packages/airflow/example_dags/example_complex.py
[2025-03-16T07:09:16.589+0000] {processor.py:914} INFO - Processing file /home/airflow/.local/lib/python3.12/site-packages/airflow/example_dags/example_complex.py for tasks to queue
[2025-03-16T07:09:16.595+0000] {logging_mixin.py:190} INFO - [2025-03-16T07:09:16.594+0000] {dagbag.py:588} INFO - Filling up the DagBag from /home/airflow/.local/lib/python3.12/site-packages/airflow/example_dags/example_complex.py
[2025-03-16T07:09:16.612+0000] {processor.py:925} INFO - DAG(s) 'example_complex' retrieved from /home/airflow/.local/lib/python3.12/site-packages/airflow/example_dags/example_complex.py
[2025-03-16T07:09:16.674+0000] {logging_mixin.py:190} INFO - [2025-03-16T07:09:16.674+0000] {dag.py:3239} INFO - Sync 1 DAGs
[2025-03-16T07:09:16.697+0000] {logging_mixin.py:190} INFO - [2025-03-16T07:09:16.697+0000] {dag.py:4180} INFO - Setting next_dagrun for example_complex to None, run_after=None
[2025-03-16T07:09:16.728+0000] {processor.py:208} INFO - Processing /home/airflow/.local/lib/python3.12/site-packages/airflow/example_dags/example_complex.py took 0.151 seconds
[2025-03-16T07:09:46.907+0000] {processor.py:186} INFO - Started process (PID=33995) to work on /home/airflow/.local/lib/python3.12/site-packages/airflow/example_dags/example_complex.py
[2025-03-16T07:09:46.908+0000] {processor.py:914} INFO - Processing file /home/airflow/.local/lib/python3.12/site-packages/airflow/example_dags/example_complex.py for tasks to queue
[2025-03-16T07:09:46.912+0000] {logging_mixin.py:190} INFO - [2025-03-16T07:09:46.912+0000] {dagbag.py:588} INFO - Filling up the DagBag from /home/airflow/.local/lib/python3.12/site-packages/airflow/example_dags/example_complex.py
[2025-03-16T07:09:46.931+0000] {processor.py:925} INFO - DAG(s) 'example_complex' retrieved from /home/airflow/.local/lib/python3.12/site-packages/airflow/example_dags/example_complex.py
[2025-03-16T07:09:46.981+0000] {logging_mixin.py:190} INFO - [2025-03-16T07:09:46.980+0000] {dag.py:3239} INFO - Sync 1 DAGs
[2025-03-16T07:09:47.002+0000] {logging_mixin.py:190} INFO - [2025-03-16T07:09:47.002+0000] {dag.py:4180} INFO - Setting next_dagrun for example_complex to None, run_after=None
[2025-03-16T07:09:47.033+0000] {processor.py:208} INFO - Processing /home/airflow/.local/lib/python3.12/site-packages/airflow/example_dags/example_complex.py took 0.138 seconds
[2025-03-16T07:10:17.297+0000] {processor.py:186} INFO - Started process (PID=34061) to work on /home/airflow/.local/lib/python3.12/site-packages/airflow/example_dags/example_complex.py
[2025-03-16T07:10:17.298+0000] {processor.py:914} INFO - Processing file /home/airflow/.local/lib/python3.12/site-packages/airflow/example_dags/example_complex.py for tasks to queue
[2025-03-16T07:10:17.302+0000] {logging_mixin.py:190} INFO - [2025-03-16T07:10:17.301+0000] {dagbag.py:588} INFO - Filling up the DagBag from /home/airflow/.local/lib/python3.12/site-packages/airflow/example_dags/example_complex.py
[2025-03-16T07:10:17.319+0000] {processor.py:925} INFO - DAG(s) 'example_complex' retrieved from /home/airflow/.local/lib/python3.12/site-packages/airflow/example_dags/example_complex.py
[2025-03-16T07:10:17.366+0000] {logging_mixin.py:190} INFO - [2025-03-16T07:10:17.366+0000] {dag.py:3239} INFO - Sync 1 DAGs
[2025-03-16T07:10:17.386+0000] {logging_mixin.py:190} INFO - [2025-03-16T07:10:17.386+0000] {dag.py:4180} INFO - Setting next_dagrun for example_complex to None, run_after=None
[2025-03-16T07:10:17.417+0000] {processor.py:208} INFO - Processing /home/airflow/.local/lib/python3.12/site-packages/airflow/example_dags/example_complex.py took 0.129 seconds
[2025-03-16T07:10:47.653+0000] {processor.py:186} INFO - Started process (PID=34126) to work on /home/airflow/.local/lib/python3.12/site-packages/airflow/example_dags/example_complex.py
[2025-03-16T07:10:47.654+0000] {processor.py:914} INFO - Processing file /home/airflow/.local/lib/python3.12/site-packages/airflow/example_dags/example_complex.py for tasks to queue
[2025-03-16T07:10:47.657+0000] {logging_mixin.py:190} INFO - [2025-03-16T07:10:47.657+0000] {dagbag.py:588} INFO - Filling up the DagBag from /home/airflow/.local/lib/python3.12/site-packages/airflow/example_dags/example_complex.py
[2025-03-16T07:10:47.671+0000] {processor.py:925} INFO - DAG(s) 'example_complex' retrieved from /home/airflow/.local/lib/python3.12/site-packages/airflow/example_dags/example_complex.py
[2025-03-16T07:10:47.712+0000] {logging_mixin.py:190} INFO - [2025-03-16T07:10:47.712+0000] {dag.py:3239} INFO - Sync 1 DAGs
[2025-03-16T07:10:47.729+0000] {logging_mixin.py:190} INFO - [2025-03-16T07:10:47.729+0000] {dag.py:4180} INFO - Setting next_dagrun for example_complex to None, run_after=None
[2025-03-16T07:10:47.757+0000] {processor.py:208} INFO - Processing /home/airflow/.local/lib/python3.12/site-packages/airflow/example_dags/example_complex.py took 0.111 seconds
[2025-03-16T07:11:18.309+0000] {processor.py:186} INFO - Started process (PID=34187) to work on /home/airflow/.local/lib/python3.12/site-packages/airflow/example_dags/example_complex.py
[2025-03-16T07:11:18.310+0000] {processor.py:914} INFO - Processing file /home/airflow/.local/lib/python3.12/site-packages/airflow/example_dags/example_complex.py for tasks to queue
[2025-03-16T07:11:18.314+0000] {logging_mixin.py:190} INFO - [2025-03-16T07:11:18.314+0000] {dagbag.py:588} INFO - Filling up the DagBag from /home/airflow/.local/lib/python3.12/site-packages/airflow/example_dags/example_complex.py
[2025-03-16T07:11:18.332+0000] {processor.py:925} INFO - DAG(s) 'example_complex' retrieved from /home/airflow/.local/lib/python3.12/site-packages/airflow/example_dags/example_complex.py
[2025-03-16T07:11:18.378+0000] {logging_mixin.py:190} INFO - [2025-03-16T07:11:18.378+0000] {dag.py:3239} INFO - Sync 1 DAGs
[2025-03-16T07:11:18.399+0000] {logging_mixin.py:190} INFO - [2025-03-16T07:11:18.399+0000] {dag.py:4180} INFO - Setting next_dagrun for example_complex to None, run_after=None
[2025-03-16T07:11:18.433+0000] {processor.py:208} INFO - Processing /home/airflow/.local/lib/python3.12/site-packages/airflow/example_dags/example_complex.py took 0.133 seconds
[2025-03-16T07:11:48.531+0000] {processor.py:186} INFO - Started process (PID=34246) to work on /home/airflow/.local/lib/python3.12/site-packages/airflow/example_dags/example_complex.py
[2025-03-16T07:11:48.533+0000] {processor.py:914} INFO - Processing file /home/airflow/.local/lib/python3.12/site-packages/airflow/example_dags/example_complex.py for tasks to queue
[2025-03-16T07:11:48.538+0000] {logging_mixin.py:190} INFO - [2025-03-16T07:11:48.537+0000] {dagbag.py:588} INFO - Filling up the DagBag from /home/airflow/.local/lib/python3.12/site-packages/airflow/example_dags/example_complex.py
[2025-03-16T07:11:48.556+0000] {processor.py:925} INFO - DAG(s) 'example_complex' retrieved from /home/airflow/.local/lib/python3.12/site-packages/airflow/example_dags/example_complex.py
[2025-03-16T07:11:48.606+0000] {logging_mixin.py:190} INFO - [2025-03-16T07:11:48.605+0000] {dag.py:3239} INFO - Sync 1 DAGs
[2025-03-16T07:11:48.628+0000] {logging_mixin.py:190} INFO - [2025-03-16T07:11:48.627+0000] {dag.py:4180} INFO - Setting next_dagrun for example_complex to None, run_after=None
[2025-03-16T07:11:48.657+0000] {processor.py:208} INFO - Processing /home/airflow/.local/lib/python3.12/site-packages/airflow/example_dags/example_complex.py took 0.136 seconds
[2025-03-16T07:12:19.130+0000] {processor.py:186} INFO - Started process (PID=34304) to work on /home/airflow/.local/lib/python3.12/site-packages/airflow/example_dags/example_complex.py
[2025-03-16T07:12:19.131+0000] {processor.py:914} INFO - Processing file /home/airflow/.local/lib/python3.12/site-packages/airflow/example_dags/example_complex.py for tasks to queue
[2025-03-16T07:12:19.135+0000] {logging_mixin.py:190} INFO - [2025-03-16T07:12:19.134+0000] {dagbag.py:588} INFO - Filling up the DagBag from /home/airflow/.local/lib/python3.12/site-packages/airflow/example_dags/example_complex.py
[2025-03-16T07:12:19.150+0000] {processor.py:925} INFO - DAG(s) 'example_complex' retrieved from /home/airflow/.local/lib/python3.12/site-packages/airflow/example_dags/example_complex.py
[2025-03-16T07:12:19.191+0000] {logging_mixin.py:190} INFO - [2025-03-16T07:12:19.190+0000] {dag.py:3239} INFO - Sync 1 DAGs
[2025-03-16T07:12:19.210+0000] {logging_mixin.py:190} INFO - [2025-03-16T07:12:19.209+0000] {dag.py:4180} INFO - Setting next_dagrun for example_complex to None, run_after=None
[2025-03-16T07:12:19.240+0000] {processor.py:208} INFO - Processing /home/airflow/.local/lib/python3.12/site-packages/airflow/example_dags/example_complex.py took 0.118 seconds
[2025-03-16T07:12:49.733+0000] {processor.py:186} INFO - Started process (PID=34367) to work on /home/airflow/.local/lib/python3.12/site-packages/airflow/example_dags/example_complex.py
[2025-03-16T07:12:49.735+0000] {processor.py:914} INFO - Processing file /home/airflow/.local/lib/python3.12/site-packages/airflow/example_dags/example_complex.py for tasks to queue
[2025-03-16T07:12:49.739+0000] {logging_mixin.py:190} INFO - [2025-03-16T07:12:49.738+0000] {dagbag.py:588} INFO - Filling up the DagBag from /home/airflow/.local/lib/python3.12/site-packages/airflow/example_dags/example_complex.py
[2025-03-16T07:12:49.757+0000] {processor.py:925} INFO - DAG(s) 'example_complex' retrieved from /home/airflow/.local/lib/python3.12/site-packages/airflow/example_dags/example_complex.py
[2025-03-16T07:12:49.811+0000] {logging_mixin.py:190} INFO - [2025-03-16T07:12:49.810+0000] {dag.py:3239} INFO - Sync 1 DAGs
[2025-03-16T07:12:49.839+0000] {logging_mixin.py:190} INFO - [2025-03-16T07:12:49.839+0000] {dag.py:4180} INFO - Setting next_dagrun for example_complex to None, run_after=None
[2025-03-16T07:12:49.877+0000] {processor.py:208} INFO - Processing /home/airflow/.local/lib/python3.12/site-packages/airflow/example_dags/example_complex.py took 0.153 seconds
[2025-03-16T07:13:20.479+0000] {processor.py:186} INFO - Started process (PID=34432) to work on /home/airflow/.local/lib/python3.12/site-packages/airflow/example_dags/example_complex.py
[2025-03-16T07:13:20.480+0000] {processor.py:914} INFO - Processing file /home/airflow/.local/lib/python3.12/site-packages/airflow/example_dags/example_complex.py for tasks to queue
[2025-03-16T07:13:20.485+0000] {logging_mixin.py:190} INFO - [2025-03-16T07:13:20.484+0000] {dagbag.py:588} INFO - Filling up the DagBag from /home/airflow/.local/lib/python3.12/site-packages/airflow/example_dags/example_complex.py
[2025-03-16T07:13:20.503+0000] {processor.py:925} INFO - DAG(s) 'example_complex' retrieved from /home/airflow/.local/lib/python3.12/site-packages/airflow/example_dags/example_complex.py
[2025-03-16T07:13:20.564+0000] {logging_mixin.py:190} INFO - [2025-03-16T07:13:20.563+0000] {dag.py:3239} INFO - Sync 1 DAGs
[2025-03-16T07:13:20.591+0000] {logging_mixin.py:190} INFO - [2025-03-16T07:13:20.590+0000] {dag.py:4180} INFO - Setting next_dagrun for example_complex to None, run_after=None
[2025-03-16T07:13:20.626+0000] {processor.py:208} INFO - Processing /home/airflow/.local/lib/python3.12/site-packages/airflow/example_dags/example_complex.py took 0.156 seconds
[2025-03-16T07:13:51.105+0000] {processor.py:186} INFO - Started process (PID=34497) to work on /home/airflow/.local/lib/python3.12/site-packages/airflow/example_dags/example_complex.py
[2025-03-16T07:13:51.108+0000] {processor.py:914} INFO - Processing file /home/airflow/.local/lib/python3.12/site-packages/airflow/example_dags/example_complex.py for tasks to queue
[2025-03-16T07:13:51.115+0000] {logging_mixin.py:190} INFO - [2025-03-16T07:13:51.114+0000] {dagbag.py:588} INFO - Filling up the DagBag from /home/airflow/.local/lib/python3.12/site-packages/airflow/example_dags/example_complex.py
[2025-03-16T07:13:51.145+0000] {processor.py:925} INFO - DAG(s) 'example_complex' retrieved from /home/airflow/.local/lib/python3.12/site-packages/airflow/example_dags/example_complex.py
[2025-03-16T07:13:51.210+0000] {logging_mixin.py:190} INFO - [2025-03-16T07:13:51.210+0000] {dag.py:3239} INFO - Sync 1 DAGs
[2025-03-16T07:13:51.233+0000] {logging_mixin.py:190} INFO - [2025-03-16T07:13:51.233+0000] {dag.py:4180} INFO - Setting next_dagrun for example_complex to None, run_after=None
[2025-03-16T07:13:51.265+0000] {processor.py:208} INFO - Processing /home/airflow/.local/lib/python3.12/site-packages/airflow/example_dags/example_complex.py took 0.167 seconds
[2025-03-16T07:14:21.750+0000] {processor.py:186} INFO - Started process (PID=34562) to work on /home/airflow/.local/lib/python3.12/site-packages/airflow/example_dags/example_complex.py
[2025-03-16T07:14:21.751+0000] {processor.py:914} INFO - Processing file /home/airflow/.local/lib/python3.12/site-packages/airflow/example_dags/example_complex.py for tasks to queue
[2025-03-16T07:14:21.755+0000] {logging_mixin.py:190} INFO - [2025-03-16T07:14:21.754+0000] {dagbag.py:588} INFO - Filling up the DagBag from /home/airflow/.local/lib/python3.12/site-packages/airflow/example_dags/example_complex.py
[2025-03-16T07:14:21.769+0000] {processor.py:925} INFO - DAG(s) 'example_complex' retrieved from /home/airflow/.local/lib/python3.12/site-packages/airflow/example_dags/example_complex.py
[2025-03-16T07:14:21.815+0000] {logging_mixin.py:190} INFO - [2025-03-16T07:14:21.814+0000] {dag.py:3239} INFO - Sync 1 DAGs
[2025-03-16T07:14:21.841+0000] {logging_mixin.py:190} INFO - [2025-03-16T07:14:21.841+0000] {dag.py:4180} INFO - Setting next_dagrun for example_complex to None, run_after=None
[2025-03-16T07:14:21.871+0000] {processor.py:208} INFO - Processing /home/airflow/.local/lib/python3.12/site-packages/airflow/example_dags/example_complex.py took 0.128 seconds
[2025-03-16T07:14:52.232+0000] {processor.py:186} INFO - Started process (PID=34627) to work on /home/airflow/.local/lib/python3.12/site-packages/airflow/example_dags/example_complex.py
[2025-03-16T07:14:52.233+0000] {processor.py:914} INFO - Processing file /home/airflow/.local/lib/python3.12/site-packages/airflow/example_dags/example_complex.py for tasks to queue
[2025-03-16T07:14:52.238+0000] {logging_mixin.py:190} INFO - [2025-03-16T07:14:52.237+0000] {dagbag.py:588} INFO - Filling up the DagBag from /home/airflow/.local/lib/python3.12/site-packages/airflow/example_dags/example_complex.py
[2025-03-16T07:14:52.257+0000] {processor.py:925} INFO - DAG(s) 'example_complex' retrieved from /home/airflow/.local/lib/python3.12/site-packages/airflow/example_dags/example_complex.py
[2025-03-16T07:14:52.307+0000] {logging_mixin.py:190} INFO - [2025-03-16T07:14:52.307+0000] {dag.py:3239} INFO - Sync 1 DAGs
[2025-03-16T07:14:52.331+0000] {logging_mixin.py:190} INFO - [2025-03-16T07:14:52.330+0000] {dag.py:4180} INFO - Setting next_dagrun for example_complex to None, run_after=None
[2025-03-16T07:14:52.364+0000] {processor.py:208} INFO - Processing /home/airflow/.local/lib/python3.12/site-packages/airflow/example_dags/example_complex.py took 0.143 seconds
[2025-03-16T07:15:22.620+0000] {processor.py:186} INFO - Started process (PID=34692) to work on /home/airflow/.local/lib/python3.12/site-packages/airflow/example_dags/example_complex.py
[2025-03-16T07:15:22.622+0000] {processor.py:914} INFO - Processing file /home/airflow/.local/lib/python3.12/site-packages/airflow/example_dags/example_complex.py for tasks to queue
[2025-03-16T07:15:22.626+0000] {logging_mixin.py:190} INFO - [2025-03-16T07:15:22.626+0000] {dagbag.py:588} INFO - Filling up the DagBag from /home/airflow/.local/lib/python3.12/site-packages/airflow/example_dags/example_complex.py
[2025-03-16T07:15:22.649+0000] {processor.py:925} INFO - DAG(s) 'example_complex' retrieved from /home/airflow/.local/lib/python3.12/site-packages/airflow/example_dags/example_complex.py
[2025-03-16T07:15:22.699+0000] {logging_mixin.py:190} INFO - [2025-03-16T07:15:22.699+0000] {dag.py:3239} INFO - Sync 1 DAGs
[2025-03-16T07:15:22.724+0000] {logging_mixin.py:190} INFO - [2025-03-16T07:15:22.723+0000] {dag.py:4180} INFO - Setting next_dagrun for example_complex to None, run_after=None
[2025-03-16T07:15:22.757+0000] {processor.py:208} INFO - Processing /home/airflow/.local/lib/python3.12/site-packages/airflow/example_dags/example_complex.py took 0.144 seconds
[2025-03-16T07:15:53.092+0000] {processor.py:186} INFO - Started process (PID=34757) to work on /home/airflow/.local/lib/python3.12/site-packages/airflow/example_dags/example_complex.py
[2025-03-16T07:15:53.094+0000] {processor.py:914} INFO - Processing file /home/airflow/.local/lib/python3.12/site-packages/airflow/example_dags/example_complex.py for tasks to queue
[2025-03-16T07:15:53.098+0000] {logging_mixin.py:190} INFO - [2025-03-16T07:15:53.097+0000] {dagbag.py:588} INFO - Filling up the DagBag from /home/airflow/.local/lib/python3.12/site-packages/airflow/example_dags/example_complex.py
[2025-03-16T07:15:53.120+0000] {processor.py:925} INFO - DAG(s) 'example_complex' retrieved from /home/airflow/.local/lib/python3.12/site-packages/airflow/example_dags/example_complex.py
[2025-03-16T07:15:53.163+0000] {logging_mixin.py:190} INFO - [2025-03-16T07:15:53.162+0000] {dag.py:3239} INFO - Sync 1 DAGs
[2025-03-16T07:15:53.183+0000] {logging_mixin.py:190} INFO - [2025-03-16T07:15:53.182+0000] {dag.py:4180} INFO - Setting next_dagrun for example_complex to None, run_after=None
[2025-03-16T07:15:53.213+0000] {processor.py:208} INFO - Processing /home/airflow/.local/lib/python3.12/site-packages/airflow/example_dags/example_complex.py took 0.130 seconds
[2025-03-16T07:16:23.617+0000] {processor.py:186} INFO - Started process (PID=34822) to work on /home/airflow/.local/lib/python3.12/site-packages/airflow/example_dags/example_complex.py
[2025-03-16T07:16:23.619+0000] {processor.py:914} INFO - Processing file /home/airflow/.local/lib/python3.12/site-packages/airflow/example_dags/example_complex.py for tasks to queue
[2025-03-16T07:16:23.622+0000] {logging_mixin.py:190} INFO - [2025-03-16T07:16:23.622+0000] {dagbag.py:588} INFO - Filling up the DagBag from /home/airflow/.local/lib/python3.12/site-packages/airflow/example_dags/example_complex.py
[2025-03-16T07:16:23.639+0000] {processor.py:925} INFO - DAG(s) 'example_complex' retrieved from /home/airflow/.local/lib/python3.12/site-packages/airflow/example_dags/example_complex.py
[2025-03-16T07:16:23.686+0000] {logging_mixin.py:190} INFO - [2025-03-16T07:16:23.685+0000] {dag.py:3239} INFO - Sync 1 DAGs
[2025-03-16T07:16:23.710+0000] {logging_mixin.py:190} INFO - [2025-03-16T07:16:23.709+0000] {dag.py:4180} INFO - Setting next_dagrun for example_complex to None, run_after=None
[2025-03-16T07:16:23.978+0000] {processor.py:208} INFO - Processing /home/airflow/.local/lib/python3.12/site-packages/airflow/example_dags/example_complex.py took 0.370 seconds
[2025-03-16T07:16:54.175+0000] {processor.py:186} INFO - Started process (PID=34887) to work on /home/airflow/.local/lib/python3.12/site-packages/airflow/example_dags/example_complex.py
[2025-03-16T07:16:54.177+0000] {processor.py:914} INFO - Processing file /home/airflow/.local/lib/python3.12/site-packages/airflow/example_dags/example_complex.py for tasks to queue
[2025-03-16T07:16:54.181+0000] {logging_mixin.py:190} INFO - [2025-03-16T07:16:54.181+0000] {dagbag.py:588} INFO - Filling up the DagBag from /home/airflow/.local/lib/python3.12/site-packages/airflow/example_dags/example_complex.py
[2025-03-16T07:16:54.200+0000] {processor.py:925} INFO - DAG(s) 'example_complex' retrieved from /home/airflow/.local/lib/python3.12/site-packages/airflow/example_dags/example_complex.py
[2025-03-16T07:16:54.257+0000] {logging_mixin.py:190} INFO - [2025-03-16T07:16:54.256+0000] {dag.py:3239} INFO - Sync 1 DAGs
[2025-03-16T07:16:54.283+0000] {logging_mixin.py:190} INFO - [2025-03-16T07:16:54.282+0000] {dag.py:4180} INFO - Setting next_dagrun for example_complex to None, run_after=None
[2025-03-16T07:16:54.318+0000] {processor.py:208} INFO - Processing /home/airflow/.local/lib/python3.12/site-packages/airflow/example_dags/example_complex.py took 0.152 seconds
[2025-03-16T07:17:24.689+0000] {processor.py:186} INFO - Started process (PID=34952) to work on /home/airflow/.local/lib/python3.12/site-packages/airflow/example_dags/example_complex.py
[2025-03-16T07:17:24.691+0000] {processor.py:914} INFO - Processing file /home/airflow/.local/lib/python3.12/site-packages/airflow/example_dags/example_complex.py for tasks to queue
[2025-03-16T07:17:24.694+0000] {logging_mixin.py:190} INFO - [2025-03-16T07:17:24.694+0000] {dagbag.py:588} INFO - Filling up the DagBag from /home/airflow/.local/lib/python3.12/site-packages/airflow/example_dags/example_complex.py
[2025-03-16T07:17:24.710+0000] {processor.py:925} INFO - DAG(s) 'example_complex' retrieved from /home/airflow/.local/lib/python3.12/site-packages/airflow/example_dags/example_complex.py
[2025-03-16T07:17:24.750+0000] {logging_mixin.py:190} INFO - [2025-03-16T07:17:24.750+0000] {dag.py:3239} INFO - Sync 1 DAGs
[2025-03-16T07:17:24.773+0000] {logging_mixin.py:190} INFO - [2025-03-16T07:17:24.773+0000] {dag.py:4180} INFO - Setting next_dagrun for example_complex to None, run_after=None
[2025-03-16T07:17:24.805+0000] {processor.py:208} INFO - Processing /home/airflow/.local/lib/python3.12/site-packages/airflow/example_dags/example_complex.py took 0.125 seconds
[2025-03-16T07:17:54.915+0000] {processor.py:186} INFO - Started process (PID=35017) to work on /home/airflow/.local/lib/python3.12/site-packages/airflow/example_dags/example_complex.py
[2025-03-16T07:17:54.916+0000] {processor.py:914} INFO - Processing file /home/airflow/.local/lib/python3.12/site-packages/airflow/example_dags/example_complex.py for tasks to queue
[2025-03-16T07:17:54.920+0000] {logging_mixin.py:190} INFO - [2025-03-16T07:17:54.919+0000] {dagbag.py:588} INFO - Filling up the DagBag from /home/airflow/.local/lib/python3.12/site-packages/airflow/example_dags/example_complex.py
[2025-03-16T07:17:54.942+0000] {processor.py:925} INFO - DAG(s) 'example_complex' retrieved from /home/airflow/.local/lib/python3.12/site-packages/airflow/example_dags/example_complex.py
[2025-03-16T07:17:55.005+0000] {logging_mixin.py:190} INFO - [2025-03-16T07:17:55.004+0000] {dag.py:3239} INFO - Sync 1 DAGs
[2025-03-16T07:17:55.032+0000] {logging_mixin.py:190} INFO - [2025-03-16T07:17:55.031+0000] {dag.py:4180} INFO - Setting next_dagrun for example_complex to None, run_after=None
[2025-03-16T07:17:55.070+0000] {processor.py:208} INFO - Processing /home/airflow/.local/lib/python3.12/site-packages/airflow/example_dags/example_complex.py took 0.165 seconds
[2025-03-16T07:18:25.203+0000] {processor.py:186} INFO - Started process (PID=35082) to work on /home/airflow/.local/lib/python3.12/site-packages/airflow/example_dags/example_complex.py
[2025-03-16T07:18:25.205+0000] {processor.py:914} INFO - Processing file /home/airflow/.local/lib/python3.12/site-packages/airflow/example_dags/example_complex.py for tasks to queue
[2025-03-16T07:18:25.209+0000] {logging_mixin.py:190} INFO - [2025-03-16T07:18:25.208+0000] {dagbag.py:588} INFO - Filling up the DagBag from /home/airflow/.local/lib/python3.12/site-packages/airflow/example_dags/example_complex.py
[2025-03-16T07:18:25.229+0000] {processor.py:925} INFO - DAG(s) 'example_complex' retrieved from /home/airflow/.local/lib/python3.12/site-packages/airflow/example_dags/example_complex.py
[2025-03-16T07:18:25.560+0000] {logging_mixin.py:190} INFO - [2025-03-16T07:18:25.559+0000] {dag.py:3239} INFO - Sync 1 DAGs
[2025-03-16T07:18:25.580+0000] {logging_mixin.py:190} INFO - [2025-03-16T07:18:25.580+0000] {dag.py:4180} INFO - Setting next_dagrun for example_complex to None, run_after=None
[2025-03-16T07:18:25.611+0000] {processor.py:208} INFO - Processing /home/airflow/.local/lib/python3.12/site-packages/airflow/example_dags/example_complex.py took 0.415 seconds
[2025-03-16T07:18:55.766+0000] {processor.py:186} INFO - Started process (PID=35146) to work on /home/airflow/.local/lib/python3.12/site-packages/airflow/example_dags/example_complex.py
[2025-03-16T07:18:55.767+0000] {processor.py:914} INFO - Processing file /home/airflow/.local/lib/python3.12/site-packages/airflow/example_dags/example_complex.py for tasks to queue
[2025-03-16T07:18:55.771+0000] {logging_mixin.py:190} INFO - [2025-03-16T07:18:55.771+0000] {dagbag.py:588} INFO - Filling up the DagBag from /home/airflow/.local/lib/python3.12/site-packages/airflow/example_dags/example_complex.py
[2025-03-16T07:18:55.787+0000] {processor.py:925} INFO - DAG(s) 'example_complex' retrieved from /home/airflow/.local/lib/python3.12/site-packages/airflow/example_dags/example_complex.py
[2025-03-16T07:18:55.831+0000] {logging_mixin.py:190} INFO - [2025-03-16T07:18:55.831+0000] {dag.py:3239} INFO - Sync 1 DAGs
[2025-03-16T07:18:56.131+0000] {logging_mixin.py:190} INFO - [2025-03-16T07:18:56.130+0000] {dag.py:4180} INFO - Setting next_dagrun for example_complex to None, run_after=None
[2025-03-16T07:18:56.160+0000] {processor.py:208} INFO - Processing /home/airflow/.local/lib/python3.12/site-packages/airflow/example_dags/example_complex.py took 0.405 seconds
[2025-03-16T07:19:26.265+0000] {processor.py:186} INFO - Started process (PID=35210) to work on /home/airflow/.local/lib/python3.12/site-packages/airflow/example_dags/example_complex.py
[2025-03-16T07:19:26.267+0000] {processor.py:914} INFO - Processing file /home/airflow/.local/lib/python3.12/site-packages/airflow/example_dags/example_complex.py for tasks to queue
[2025-03-16T07:19:26.270+0000] {logging_mixin.py:190} INFO - [2025-03-16T07:19:26.270+0000] {dagbag.py:588} INFO - Filling up the DagBag from /home/airflow/.local/lib/python3.12/site-packages/airflow/example_dags/example_complex.py
[2025-03-16T07:19:26.289+0000] {processor.py:925} INFO - DAG(s) 'example_complex' retrieved from /home/airflow/.local/lib/python3.12/site-packages/airflow/example_dags/example_complex.py
[2025-03-16T07:19:26.338+0000] {logging_mixin.py:190} INFO - [2025-03-16T07:19:26.338+0000] {dag.py:3239} INFO - Sync 1 DAGs
[2025-03-16T07:19:26.362+0000] {logging_mixin.py:190} INFO - [2025-03-16T07:19:26.361+0000] {dag.py:4180} INFO - Setting next_dagrun for example_complex to None, run_after=None
[2025-03-16T07:19:26.394+0000] {processor.py:208} INFO - Processing /home/airflow/.local/lib/python3.12/site-packages/airflow/example_dags/example_complex.py took 0.138 seconds
[2025-03-16T07:19:56.576+0000] {processor.py:186} INFO - Started process (PID=35275) to work on /home/airflow/.local/lib/python3.12/site-packages/airflow/example_dags/example_complex.py
[2025-03-16T07:19:56.577+0000] {processor.py:914} INFO - Processing file /home/airflow/.local/lib/python3.12/site-packages/airflow/example_dags/example_complex.py for tasks to queue
[2025-03-16T07:19:56.581+0000] {logging_mixin.py:190} INFO - [2025-03-16T07:19:56.580+0000] {dagbag.py:588} INFO - Filling up the DagBag from /home/airflow/.local/lib/python3.12/site-packages/airflow/example_dags/example_complex.py
[2025-03-16T07:19:56.603+0000] {processor.py:925} INFO - DAG(s) 'example_complex' retrieved from /home/airflow/.local/lib/python3.12/site-packages/airflow/example_dags/example_complex.py
[2025-03-16T07:19:56.657+0000] {logging_mixin.py:190} INFO - [2025-03-16T07:19:56.657+0000] {dag.py:3239} INFO - Sync 1 DAGs
[2025-03-16T07:19:56.678+0000] {logging_mixin.py:190} INFO - [2025-03-16T07:19:56.678+0000] {dag.py:4180} INFO - Setting next_dagrun for example_complex to None, run_after=None
[2025-03-16T07:19:56.710+0000] {processor.py:208} INFO - Processing /home/airflow/.local/lib/python3.12/site-packages/airflow/example_dags/example_complex.py took 0.142 seconds
[2025-03-16T07:20:26.863+0000] {processor.py:186} INFO - Started process (PID=35338) to work on /home/airflow/.local/lib/python3.12/site-packages/airflow/example_dags/example_complex.py
[2025-03-16T07:20:26.865+0000] {processor.py:914} INFO - Processing file /home/airflow/.local/lib/python3.12/site-packages/airflow/example_dags/example_complex.py for tasks to queue
[2025-03-16T07:20:26.869+0000] {logging_mixin.py:190} INFO - [2025-03-16T07:20:26.868+0000] {dagbag.py:588} INFO - Filling up the DagBag from /home/airflow/.local/lib/python3.12/site-packages/airflow/example_dags/example_complex.py
[2025-03-16T07:20:26.885+0000] {processor.py:925} INFO - DAG(s) 'example_complex' retrieved from /home/airflow/.local/lib/python3.12/site-packages/airflow/example_dags/example_complex.py
[2025-03-16T07:20:26.943+0000] {logging_mixin.py:190} INFO - [2025-03-16T07:20:26.942+0000] {dag.py:3239} INFO - Sync 1 DAGs
[2025-03-16T07:20:26.972+0000] {logging_mixin.py:190} INFO - [2025-03-16T07:20:26.972+0000] {dag.py:4180} INFO - Setting next_dagrun for example_complex to None, run_after=None
[2025-03-16T07:20:27.023+0000] {processor.py:208} INFO - Processing /home/airflow/.local/lib/python3.12/site-packages/airflow/example_dags/example_complex.py took 0.169 seconds
[2025-03-16T07:20:57.143+0000] {processor.py:186} INFO - Started process (PID=35403) to work on /home/airflow/.local/lib/python3.12/site-packages/airflow/example_dags/example_complex.py
[2025-03-16T07:20:57.144+0000] {processor.py:914} INFO - Processing file /home/airflow/.local/lib/python3.12/site-packages/airflow/example_dags/example_complex.py for tasks to queue
[2025-03-16T07:20:57.148+0000] {logging_mixin.py:190} INFO - [2025-03-16T07:20:57.147+0000] {dagbag.py:588} INFO - Filling up the DagBag from /home/airflow/.local/lib/python3.12/site-packages/airflow/example_dags/example_complex.py
[2025-03-16T07:20:57.167+0000] {processor.py:925} INFO - DAG(s) 'example_complex' retrieved from /home/airflow/.local/lib/python3.12/site-packages/airflow/example_dags/example_complex.py
[2025-03-16T07:20:57.210+0000] {logging_mixin.py:190} INFO - [2025-03-16T07:20:57.210+0000] {dag.py:3239} INFO - Sync 1 DAGs
[2025-03-16T07:20:57.235+0000] {logging_mixin.py:190} INFO - [2025-03-16T07:20:57.235+0000] {dag.py:4180} INFO - Setting next_dagrun for example_complex to None, run_after=None
[2025-03-16T07:20:57.266+0000] {processor.py:208} INFO - Processing /home/airflow/.local/lib/python3.12/site-packages/airflow/example_dags/example_complex.py took 0.133 seconds
[2025-03-16T07:21:27.787+0000] {processor.py:186} INFO - Started process (PID=35468) to work on /home/airflow/.local/lib/python3.12/site-packages/airflow/example_dags/example_complex.py
[2025-03-16T07:21:27.789+0000] {processor.py:914} INFO - Processing file /home/airflow/.local/lib/python3.12/site-packages/airflow/example_dags/example_complex.py for tasks to queue
[2025-03-16T07:21:27.793+0000] {logging_mixin.py:190} INFO - [2025-03-16T07:21:27.792+0000] {dagbag.py:588} INFO - Filling up the DagBag from /home/airflow/.local/lib/python3.12/site-packages/airflow/example_dags/example_complex.py
[2025-03-16T07:21:27.811+0000] {processor.py:925} INFO - DAG(s) 'example_complex' retrieved from /home/airflow/.local/lib/python3.12/site-packages/airflow/example_dags/example_complex.py
[2025-03-16T07:21:27.859+0000] {logging_mixin.py:190} INFO - [2025-03-16T07:21:27.858+0000] {dag.py:3239} INFO - Sync 1 DAGs
[2025-03-16T07:21:27.880+0000] {logging_mixin.py:190} INFO - [2025-03-16T07:21:27.879+0000] {dag.py:4180} INFO - Setting next_dagrun for example_complex to None, run_after=None
[2025-03-16T07:21:27.910+0000] {processor.py:208} INFO - Processing /home/airflow/.local/lib/python3.12/site-packages/airflow/example_dags/example_complex.py took 0.131 seconds
[2025-03-16T07:21:58.438+0000] {processor.py:186} INFO - Started process (PID=35539) to work on /home/airflow/.local/lib/python3.12/site-packages/airflow/example_dags/example_complex.py
[2025-03-16T07:21:58.440+0000] {processor.py:914} INFO - Processing file /home/airflow/.local/lib/python3.12/site-packages/airflow/example_dags/example_complex.py for tasks to queue
[2025-03-16T07:21:58.444+0000] {logging_mixin.py:190} INFO - [2025-03-16T07:21:58.443+0000] {dagbag.py:588} INFO - Filling up the DagBag from /home/airflow/.local/lib/python3.12/site-packages/airflow/example_dags/example_complex.py
[2025-03-16T07:21:58.462+0000] {processor.py:925} INFO - DAG(s) 'example_complex' retrieved from /home/airflow/.local/lib/python3.12/site-packages/airflow/example_dags/example_complex.py
[2025-03-16T07:21:58.511+0000] {logging_mixin.py:190} INFO - [2025-03-16T07:21:58.511+0000] {dag.py:3239} INFO - Sync 1 DAGs
[2025-03-16T07:21:58.538+0000] {logging_mixin.py:190} INFO - [2025-03-16T07:21:58.538+0000] {dag.py:4180} INFO - Setting next_dagrun for example_complex to None, run_after=None
[2025-03-16T07:21:58.584+0000] {processor.py:208} INFO - Processing /home/airflow/.local/lib/python3.12/site-packages/airflow/example_dags/example_complex.py took 0.154 seconds
[2025-03-16T07:22:29.341+0000] {processor.py:186} INFO - Started process (PID=35604) to work on /home/airflow/.local/lib/python3.12/site-packages/airflow/example_dags/example_complex.py
[2025-03-16T07:22:29.343+0000] {processor.py:914} INFO - Processing file /home/airflow/.local/lib/python3.12/site-packages/airflow/example_dags/example_complex.py for tasks to queue
[2025-03-16T07:22:29.349+0000] {logging_mixin.py:190} INFO - [2025-03-16T07:22:29.348+0000] {dagbag.py:588} INFO - Filling up the DagBag from /home/airflow/.local/lib/python3.12/site-packages/airflow/example_dags/example_complex.py
[2025-03-16T07:22:29.374+0000] {processor.py:925} INFO - DAG(s) 'example_complex' retrieved from /home/airflow/.local/lib/python3.12/site-packages/airflow/example_dags/example_complex.py
[2025-03-16T07:22:29.426+0000] {logging_mixin.py:190} INFO - [2025-03-16T07:22:29.425+0000] {dag.py:3239} INFO - Sync 1 DAGs
[2025-03-16T07:22:29.450+0000] {logging_mixin.py:190} INFO - [2025-03-16T07:22:29.450+0000] {dag.py:4180} INFO - Setting next_dagrun for example_complex to None, run_after=None
[2025-03-16T07:22:29.495+0000] {processor.py:208} INFO - Processing /home/airflow/.local/lib/python3.12/site-packages/airflow/example_dags/example_complex.py took 0.170 seconds
[2025-03-16T07:23:00.318+0000] {processor.py:186} INFO - Started process (PID=35669) to work on /home/airflow/.local/lib/python3.12/site-packages/airflow/example_dags/example_complex.py
[2025-03-16T07:23:00.320+0000] {processor.py:914} INFO - Processing file /home/airflow/.local/lib/python3.12/site-packages/airflow/example_dags/example_complex.py for tasks to queue
[2025-03-16T07:23:00.323+0000] {logging_mixin.py:190} INFO - [2025-03-16T07:23:00.322+0000] {dagbag.py:588} INFO - Filling up the DagBag from /home/airflow/.local/lib/python3.12/site-packages/airflow/example_dags/example_complex.py
[2025-03-16T07:23:00.338+0000] {processor.py:925} INFO - DAG(s) 'example_complex' retrieved from /home/airflow/.local/lib/python3.12/site-packages/airflow/example_dags/example_complex.py
[2025-03-16T07:23:00.386+0000] {logging_mixin.py:190} INFO - [2025-03-16T07:23:00.386+0000] {dag.py:3239} INFO - Sync 1 DAGs
[2025-03-16T07:23:00.405+0000] {logging_mixin.py:190} INFO - [2025-03-16T07:23:00.404+0000] {dag.py:4180} INFO - Setting next_dagrun for example_complex to None, run_after=None
[2025-03-16T07:23:00.437+0000] {processor.py:208} INFO - Processing /home/airflow/.local/lib/python3.12/site-packages/airflow/example_dags/example_complex.py took 0.126 seconds
[2025-03-16T07:23:30.731+0000] {processor.py:186} INFO - Started process (PID=35734) to work on /home/airflow/.local/lib/python3.12/site-packages/airflow/example_dags/example_complex.py
[2025-03-16T07:23:30.733+0000] {processor.py:914} INFO - Processing file /home/airflow/.local/lib/python3.12/site-packages/airflow/example_dags/example_complex.py for tasks to queue
[2025-03-16T07:23:30.737+0000] {logging_mixin.py:190} INFO - [2025-03-16T07:23:30.736+0000] {dagbag.py:588} INFO - Filling up the DagBag from /home/airflow/.local/lib/python3.12/site-packages/airflow/example_dags/example_complex.py
[2025-03-16T07:23:30.752+0000] {processor.py:925} INFO - DAG(s) 'example_complex' retrieved from /home/airflow/.local/lib/python3.12/site-packages/airflow/example_dags/example_complex.py
[2025-03-16T07:23:30.801+0000] {logging_mixin.py:190} INFO - [2025-03-16T07:23:30.801+0000] {dag.py:3239} INFO - Sync 1 DAGs
[2025-03-16T07:23:30.820+0000] {logging_mixin.py:190} INFO - [2025-03-16T07:23:30.819+0000] {dag.py:4180} INFO - Setting next_dagrun for example_complex to None, run_after=None
[2025-03-16T07:23:30.854+0000] {processor.py:208} INFO - Processing /home/airflow/.local/lib/python3.12/site-packages/airflow/example_dags/example_complex.py took 0.130 seconds
[2025-03-16T07:24:01.017+0000] {processor.py:186} INFO - Started process (PID=35799) to work on /home/airflow/.local/lib/python3.12/site-packages/airflow/example_dags/example_complex.py
[2025-03-16T07:24:01.019+0000] {processor.py:914} INFO - Processing file /home/airflow/.local/lib/python3.12/site-packages/airflow/example_dags/example_complex.py for tasks to queue
[2025-03-16T07:24:01.022+0000] {logging_mixin.py:190} INFO - [2025-03-16T07:24:01.021+0000] {dagbag.py:588} INFO - Filling up the DagBag from /home/airflow/.local/lib/python3.12/site-packages/airflow/example_dags/example_complex.py
[2025-03-16T07:24:01.043+0000] {processor.py:925} INFO - DAG(s) 'example_complex' retrieved from /home/airflow/.local/lib/python3.12/site-packages/airflow/example_dags/example_complex.py
[2025-03-16T07:24:01.087+0000] {logging_mixin.py:190} INFO - [2025-03-16T07:24:01.087+0000] {dag.py:3239} INFO - Sync 1 DAGs
[2025-03-16T07:24:01.116+0000] {logging_mixin.py:190} INFO - [2025-03-16T07:24:01.115+0000] {dag.py:4180} INFO - Setting next_dagrun for example_complex to None, run_after=None
[2025-03-16T07:24:01.158+0000] {processor.py:208} INFO - Processing /home/airflow/.local/lib/python3.12/site-packages/airflow/example_dags/example_complex.py took 0.149 seconds
[2025-03-16T07:24:31.868+0000] {processor.py:186} INFO - Started process (PID=35865) to work on /home/airflow/.local/lib/python3.12/site-packages/airflow/example_dags/example_complex.py
[2025-03-16T07:24:31.871+0000] {processor.py:914} INFO - Processing file /home/airflow/.local/lib/python3.12/site-packages/airflow/example_dags/example_complex.py for tasks to queue
[2025-03-16T07:24:31.874+0000] {logging_mixin.py:190} INFO - [2025-03-16T07:24:31.874+0000] {dagbag.py:588} INFO - Filling up the DagBag from /home/airflow/.local/lib/python3.12/site-packages/airflow/example_dags/example_complex.py
[2025-03-16T07:24:31.891+0000] {processor.py:925} INFO - DAG(s) 'example_complex' retrieved from /home/airflow/.local/lib/python3.12/site-packages/airflow/example_dags/example_complex.py
[2025-03-16T07:24:31.936+0000] {logging_mixin.py:190} INFO - [2025-03-16T07:24:31.936+0000] {dag.py:3239} INFO - Sync 1 DAGs
[2025-03-16T07:24:31.959+0000] {logging_mixin.py:190} INFO - [2025-03-16T07:24:31.959+0000] {dag.py:4180} INFO - Setting next_dagrun for example_complex to None, run_after=None
[2025-03-16T07:24:32.002+0000] {processor.py:208} INFO - Processing /home/airflow/.local/lib/python3.12/site-packages/airflow/example_dags/example_complex.py took 0.143 seconds
[2025-03-16T07:25:02.092+0000] {processor.py:186} INFO - Started process (PID=35930) to work on /home/airflow/.local/lib/python3.12/site-packages/airflow/example_dags/example_complex.py
[2025-03-16T07:25:02.094+0000] {processor.py:914} INFO - Processing file /home/airflow/.local/lib/python3.12/site-packages/airflow/example_dags/example_complex.py for tasks to queue
[2025-03-16T07:25:02.097+0000] {logging_mixin.py:190} INFO - [2025-03-16T07:25:02.097+0000] {dagbag.py:588} INFO - Filling up the DagBag from /home/airflow/.local/lib/python3.12/site-packages/airflow/example_dags/example_complex.py
[2025-03-16T07:25:02.112+0000] {processor.py:925} INFO - DAG(s) 'example_complex' retrieved from /home/airflow/.local/lib/python3.12/site-packages/airflow/example_dags/example_complex.py
[2025-03-16T07:25:02.150+0000] {logging_mixin.py:190} INFO - [2025-03-16T07:25:02.149+0000] {dag.py:3239} INFO - Sync 1 DAGs
[2025-03-16T07:25:02.169+0000] {logging_mixin.py:190} INFO - [2025-03-16T07:25:02.169+0000] {dag.py:4180} INFO - Setting next_dagrun for example_complex to None, run_after=None
[2025-03-16T07:25:02.199+0000] {processor.py:208} INFO - Processing /home/airflow/.local/lib/python3.12/site-packages/airflow/example_dags/example_complex.py took 0.117 seconds
[2025-03-16T07:25:32.818+0000] {processor.py:186} INFO - Started process (PID=35995) to work on /home/airflow/.local/lib/python3.12/site-packages/airflow/example_dags/example_complex.py
[2025-03-16T07:25:32.819+0000] {processor.py:914} INFO - Processing file /home/airflow/.local/lib/python3.12/site-packages/airflow/example_dags/example_complex.py for tasks to queue
[2025-03-16T07:25:32.823+0000] {logging_mixin.py:190} INFO - [2025-03-16T07:25:32.822+0000] {dagbag.py:588} INFO - Filling up the DagBag from /home/airflow/.local/lib/python3.12/site-packages/airflow/example_dags/example_complex.py
[2025-03-16T07:25:32.846+0000] {processor.py:925} INFO - DAG(s) 'example_complex' retrieved from /home/airflow/.local/lib/python3.12/site-packages/airflow/example_dags/example_complex.py
[2025-03-16T07:25:32.893+0000] {logging_mixin.py:190} INFO - [2025-03-16T07:25:32.892+0000] {dag.py:3239} INFO - Sync 1 DAGs
[2025-03-16T07:25:32.918+0000] {logging_mixin.py:190} INFO - [2025-03-16T07:25:32.917+0000] {dag.py:4180} INFO - Setting next_dagrun for example_complex to None, run_after=None
[2025-03-16T07:25:32.957+0000] {processor.py:208} INFO - Processing /home/airflow/.local/lib/python3.12/site-packages/airflow/example_dags/example_complex.py took 0.149 seconds
[2025-03-16T07:26:03.267+0000] {processor.py:186} INFO - Started process (PID=36060) to work on /home/airflow/.local/lib/python3.12/site-packages/airflow/example_dags/example_complex.py
[2025-03-16T07:26:03.269+0000] {processor.py:914} INFO - Processing file /home/airflow/.local/lib/python3.12/site-packages/airflow/example_dags/example_complex.py for tasks to queue
[2025-03-16T07:26:03.278+0000] {logging_mixin.py:190} INFO - [2025-03-16T07:26:03.278+0000] {dagbag.py:588} INFO - Filling up the DagBag from /home/airflow/.local/lib/python3.12/site-packages/airflow/example_dags/example_complex.py
[2025-03-16T07:26:03.300+0000] {processor.py:925} INFO - DAG(s) 'example_complex' retrieved from /home/airflow/.local/lib/python3.12/site-packages/airflow/example_dags/example_complex.py
[2025-03-16T07:26:03.347+0000] {logging_mixin.py:190} INFO - [2025-03-16T07:26:03.347+0000] {dag.py:3239} INFO - Sync 1 DAGs
[2025-03-16T07:26:03.366+0000] {logging_mixin.py:190} INFO - [2025-03-16T07:26:03.366+0000] {dag.py:4180} INFO - Setting next_dagrun for example_complex to None, run_after=None
[2025-03-16T07:26:03.400+0000] {processor.py:208} INFO - Processing /home/airflow/.local/lib/python3.12/site-packages/airflow/example_dags/example_complex.py took 0.148 seconds
[2025-03-16T07:26:33.662+0000] {processor.py:186} INFO - Started process (PID=36125) to work on /home/airflow/.local/lib/python3.12/site-packages/airflow/example_dags/example_complex.py
[2025-03-16T07:26:33.663+0000] {processor.py:914} INFO - Processing file /home/airflow/.local/lib/python3.12/site-packages/airflow/example_dags/example_complex.py for tasks to queue
[2025-03-16T07:26:33.667+0000] {logging_mixin.py:190} INFO - [2025-03-16T07:26:33.666+0000] {dagbag.py:588} INFO - Filling up the DagBag from /home/airflow/.local/lib/python3.12/site-packages/airflow/example_dags/example_complex.py
[2025-03-16T07:26:33.687+0000] {processor.py:925} INFO - DAG(s) 'example_complex' retrieved from /home/airflow/.local/lib/python3.12/site-packages/airflow/example_dags/example_complex.py
[2025-03-16T07:26:33.751+0000] {logging_mixin.py:190} INFO - [2025-03-16T07:26:33.750+0000] {dag.py:3239} INFO - Sync 1 DAGs
[2025-03-16T07:26:33.773+0000] {logging_mixin.py:190} INFO - [2025-03-16T07:26:33.773+0000] {dag.py:4180} INFO - Setting next_dagrun for example_complex to None, run_after=None
[2025-03-16T07:26:33.806+0000] {processor.py:208} INFO - Processing /home/airflow/.local/lib/python3.12/site-packages/airflow/example_dags/example_complex.py took 0.153 seconds
[2025-03-16T07:27:03.971+0000] {processor.py:186} INFO - Started process (PID=36190) to work on /home/airflow/.local/lib/python3.12/site-packages/airflow/example_dags/example_complex.py
[2025-03-16T07:27:03.973+0000] {processor.py:914} INFO - Processing file /home/airflow/.local/lib/python3.12/site-packages/airflow/example_dags/example_complex.py for tasks to queue
[2025-03-16T07:27:03.977+0000] {logging_mixin.py:190} INFO - [2025-03-16T07:27:03.976+0000] {dagbag.py:588} INFO - Filling up the DagBag from /home/airflow/.local/lib/python3.12/site-packages/airflow/example_dags/example_complex.py
[2025-03-16T07:27:03.993+0000] {processor.py:925} INFO - DAG(s) 'example_complex' retrieved from /home/airflow/.local/lib/python3.12/site-packages/airflow/example_dags/example_complex.py
[2025-03-16T07:27:04.046+0000] {logging_mixin.py:190} INFO - [2025-03-16T07:27:04.046+0000] {dag.py:3239} INFO - Sync 1 DAGs
[2025-03-16T07:27:04.074+0000] {logging_mixin.py:190} INFO - [2025-03-16T07:27:04.074+0000] {dag.py:4180} INFO - Setting next_dagrun for example_complex to None, run_after=None
[2025-03-16T07:27:04.114+0000] {processor.py:208} INFO - Processing /home/airflow/.local/lib/python3.12/site-packages/airflow/example_dags/example_complex.py took 0.151 seconds
[2025-03-16T07:27:34.687+0000] {processor.py:186} INFO - Started process (PID=36255) to work on /home/airflow/.local/lib/python3.12/site-packages/airflow/example_dags/example_complex.py
[2025-03-16T07:27:34.688+0000] {processor.py:914} INFO - Processing file /home/airflow/.local/lib/python3.12/site-packages/airflow/example_dags/example_complex.py for tasks to queue
[2025-03-16T07:27:34.692+0000] {logging_mixin.py:190} INFO - [2025-03-16T07:27:34.692+0000] {dagbag.py:588} INFO - Filling up the DagBag from /home/airflow/.local/lib/python3.12/site-packages/airflow/example_dags/example_complex.py
[2025-03-16T07:27:34.707+0000] {processor.py:925} INFO - DAG(s) 'example_complex' retrieved from /home/airflow/.local/lib/python3.12/site-packages/airflow/example_dags/example_complex.py
[2025-03-16T07:27:34.748+0000] {logging_mixin.py:190} INFO - [2025-03-16T07:27:34.747+0000] {dag.py:3239} INFO - Sync 1 DAGs
[2025-03-16T07:27:34.766+0000] {logging_mixin.py:190} INFO - [2025-03-16T07:27:34.766+0000] {dag.py:4180} INFO - Setting next_dagrun for example_complex to None, run_after=None
[2025-03-16T07:27:34.819+0000] {processor.py:208} INFO - Processing /home/airflow/.local/lib/python3.12/site-packages/airflow/example_dags/example_complex.py took 0.139 seconds
[2025-03-16T07:28:05.251+0000] {processor.py:186} INFO - Started process (PID=36320) to work on /home/airflow/.local/lib/python3.12/site-packages/airflow/example_dags/example_complex.py
[2025-03-16T07:28:05.253+0000] {processor.py:914} INFO - Processing file /home/airflow/.local/lib/python3.12/site-packages/airflow/example_dags/example_complex.py for tasks to queue
[2025-03-16T07:28:05.257+0000] {logging_mixin.py:190} INFO - [2025-03-16T07:28:05.256+0000] {dagbag.py:588} INFO - Filling up the DagBag from /home/airflow/.local/lib/python3.12/site-packages/airflow/example_dags/example_complex.py
[2025-03-16T07:28:05.275+0000] {processor.py:925} INFO - DAG(s) 'example_complex' retrieved from /home/airflow/.local/lib/python3.12/site-packages/airflow/example_dags/example_complex.py
[2025-03-16T07:28:05.327+0000] {logging_mixin.py:190} INFO - [2025-03-16T07:28:05.327+0000] {dag.py:3239} INFO - Sync 1 DAGs
[2025-03-16T07:28:05.360+0000] {logging_mixin.py:190} INFO - [2025-03-16T07:28:05.359+0000] {dag.py:4180} INFO - Setting next_dagrun for example_complex to None, run_after=None
[2025-03-16T07:28:05.401+0000] {processor.py:208} INFO - Processing /home/airflow/.local/lib/python3.12/site-packages/airflow/example_dags/example_complex.py took 0.161 seconds
[2025-03-16T07:28:35.624+0000] {processor.py:186} INFO - Started process (PID=36385) to work on /home/airflow/.local/lib/python3.12/site-packages/airflow/example_dags/example_complex.py
[2025-03-16T07:28:35.626+0000] {processor.py:914} INFO - Processing file /home/airflow/.local/lib/python3.12/site-packages/airflow/example_dags/example_complex.py for tasks to queue
[2025-03-16T07:28:35.629+0000] {logging_mixin.py:190} INFO - [2025-03-16T07:28:35.628+0000] {dagbag.py:588} INFO - Filling up the DagBag from /home/airflow/.local/lib/python3.12/site-packages/airflow/example_dags/example_complex.py
[2025-03-16T07:28:35.643+0000] {processor.py:925} INFO - DAG(s) 'example_complex' retrieved from /home/airflow/.local/lib/python3.12/site-packages/airflow/example_dags/example_complex.py
[2025-03-16T07:28:35.680+0000] {logging_mixin.py:190} INFO - [2025-03-16T07:28:35.679+0000] {dag.py:3239} INFO - Sync 1 DAGs
[2025-03-16T07:28:35.697+0000] {logging_mixin.py:190} INFO - [2025-03-16T07:28:35.697+0000] {dag.py:4180} INFO - Setting next_dagrun for example_complex to None, run_after=None
[2025-03-16T07:28:35.734+0000] {processor.py:208} INFO - Processing /home/airflow/.local/lib/python3.12/site-packages/airflow/example_dags/example_complex.py took 0.116 seconds
[2025-03-16T07:29:05.985+0000] {processor.py:186} INFO - Started process (PID=36445) to work on /home/airflow/.local/lib/python3.12/site-packages/airflow/example_dags/example_complex.py
[2025-03-16T07:29:05.987+0000] {processor.py:914} INFO - Processing file /home/airflow/.local/lib/python3.12/site-packages/airflow/example_dags/example_complex.py for tasks to queue
[2025-03-16T07:29:05.991+0000] {logging_mixin.py:190} INFO - [2025-03-16T07:29:05.990+0000] {dagbag.py:588} INFO - Filling up the DagBag from /home/airflow/.local/lib/python3.12/site-packages/airflow/example_dags/example_complex.py
[2025-03-16T07:29:06.007+0000] {processor.py:925} INFO - DAG(s) 'example_complex' retrieved from /home/airflow/.local/lib/python3.12/site-packages/airflow/example_dags/example_complex.py
[2025-03-16T07:29:06.051+0000] {logging_mixin.py:190} INFO - [2025-03-16T07:29:06.051+0000] {dag.py:3239} INFO - Sync 1 DAGs
[2025-03-16T07:29:06.072+0000] {logging_mixin.py:190} INFO - [2025-03-16T07:29:06.071+0000] {dag.py:4180} INFO - Setting next_dagrun for example_complex to None, run_after=None
[2025-03-16T07:29:06.106+0000] {processor.py:208} INFO - Processing /home/airflow/.local/lib/python3.12/site-packages/airflow/example_dags/example_complex.py took 0.129 seconds
[2025-03-16T07:29:36.607+0000] {processor.py:186} INFO - Started process (PID=36508) to work on /home/airflow/.local/lib/python3.12/site-packages/airflow/example_dags/example_complex.py
[2025-03-16T07:29:36.609+0000] {processor.py:914} INFO - Processing file /home/airflow/.local/lib/python3.12/site-packages/airflow/example_dags/example_complex.py for tasks to queue
[2025-03-16T07:29:36.612+0000] {logging_mixin.py:190} INFO - [2025-03-16T07:29:36.612+0000] {dagbag.py:588} INFO - Filling up the DagBag from /home/airflow/.local/lib/python3.12/site-packages/airflow/example_dags/example_complex.py
[2025-03-16T07:29:36.634+0000] {processor.py:925} INFO - DAG(s) 'example_complex' retrieved from /home/airflow/.local/lib/python3.12/site-packages/airflow/example_dags/example_complex.py
[2025-03-16T07:29:36.687+0000] {logging_mixin.py:190} INFO - [2025-03-16T07:29:36.686+0000] {dag.py:3239} INFO - Sync 1 DAGs
[2025-03-16T07:29:36.714+0000] {logging_mixin.py:190} INFO - [2025-03-16T07:29:36.713+0000] {dag.py:4180} INFO - Setting next_dagrun for example_complex to None, run_after=None
[2025-03-16T07:29:36.748+0000] {processor.py:208} INFO - Processing /home/airflow/.local/lib/python3.12/site-packages/airflow/example_dags/example_complex.py took 0.150 seconds
[2025-03-16T07:30:07.199+0000] {processor.py:186} INFO - Started process (PID=36573) to work on /home/airflow/.local/lib/python3.12/site-packages/airflow/example_dags/example_complex.py
[2025-03-16T07:30:07.201+0000] {processor.py:914} INFO - Processing file /home/airflow/.local/lib/python3.12/site-packages/airflow/example_dags/example_complex.py for tasks to queue
[2025-03-16T07:30:07.204+0000] {logging_mixin.py:190} INFO - [2025-03-16T07:30:07.204+0000] {dagbag.py:588} INFO - Filling up the DagBag from /home/airflow/.local/lib/python3.12/site-packages/airflow/example_dags/example_complex.py
[2025-03-16T07:30:07.224+0000] {processor.py:925} INFO - DAG(s) 'example_complex' retrieved from /home/airflow/.local/lib/python3.12/site-packages/airflow/example_dags/example_complex.py
[2025-03-16T07:30:07.281+0000] {logging_mixin.py:190} INFO - [2025-03-16T07:30:07.281+0000] {dag.py:3239} INFO - Sync 1 DAGs
[2025-03-16T07:30:07.307+0000] {logging_mixin.py:190} INFO - [2025-03-16T07:30:07.307+0000] {dag.py:4180} INFO - Setting next_dagrun for example_complex to None, run_after=None
[2025-03-16T07:30:07.340+0000] {processor.py:208} INFO - Processing /home/airflow/.local/lib/python3.12/site-packages/airflow/example_dags/example_complex.py took 0.151 seconds
[2025-03-16T07:30:37.488+0000] {processor.py:186} INFO - Started process (PID=36638) to work on /home/airflow/.local/lib/python3.12/site-packages/airflow/example_dags/example_complex.py
[2025-03-16T07:30:37.490+0000] {processor.py:914} INFO - Processing file /home/airflow/.local/lib/python3.12/site-packages/airflow/example_dags/example_complex.py for tasks to queue
[2025-03-16T07:30:37.493+0000] {logging_mixin.py:190} INFO - [2025-03-16T07:30:37.493+0000] {dagbag.py:588} INFO - Filling up the DagBag from /home/airflow/.local/lib/python3.12/site-packages/airflow/example_dags/example_complex.py
[2025-03-16T07:30:37.508+0000] {processor.py:925} INFO - DAG(s) 'example_complex' retrieved from /home/airflow/.local/lib/python3.12/site-packages/airflow/example_dags/example_complex.py
[2025-03-16T07:30:37.550+0000] {logging_mixin.py:190} INFO - [2025-03-16T07:30:37.550+0000] {dag.py:3239} INFO - Sync 1 DAGs
[2025-03-16T07:30:37.569+0000] {logging_mixin.py:190} INFO - [2025-03-16T07:30:37.569+0000] {dag.py:4180} INFO - Setting next_dagrun for example_complex to None, run_after=None
[2025-03-16T07:30:37.596+0000] {processor.py:208} INFO - Processing /home/airflow/.local/lib/python3.12/site-packages/airflow/example_dags/example_complex.py took 0.116 seconds
[2025-03-16T07:31:07.788+0000] {processor.py:186} INFO - Started process (PID=36703) to work on /home/airflow/.local/lib/python3.12/site-packages/airflow/example_dags/example_complex.py
[2025-03-16T07:31:07.791+0000] {processor.py:914} INFO - Processing file /home/airflow/.local/lib/python3.12/site-packages/airflow/example_dags/example_complex.py for tasks to queue
[2025-03-16T07:31:07.795+0000] {logging_mixin.py:190} INFO - [2025-03-16T07:31:07.795+0000] {dagbag.py:588} INFO - Filling up the DagBag from /home/airflow/.local/lib/python3.12/site-packages/airflow/example_dags/example_complex.py
[2025-03-16T07:31:07.820+0000] {processor.py:925} INFO - DAG(s) 'example_complex' retrieved from /home/airflow/.local/lib/python3.12/site-packages/airflow/example_dags/example_complex.py
[2025-03-16T07:31:07.878+0000] {logging_mixin.py:190} INFO - [2025-03-16T07:31:07.877+0000] {dag.py:3239} INFO - Sync 1 DAGs
[2025-03-16T07:31:07.904+0000] {logging_mixin.py:190} INFO - [2025-03-16T07:31:07.904+0000] {dag.py:4180} INFO - Setting next_dagrun for example_complex to None, run_after=None
[2025-03-16T07:31:07.945+0000] {processor.py:208} INFO - Processing /home/airflow/.local/lib/python3.12/site-packages/airflow/example_dags/example_complex.py took 0.168 seconds
[2025-03-16T07:31:38.541+0000] {processor.py:186} INFO - Started process (PID=36768) to work on /home/airflow/.local/lib/python3.12/site-packages/airflow/example_dags/example_complex.py
[2025-03-16T07:31:38.543+0000] {processor.py:914} INFO - Processing file /home/airflow/.local/lib/python3.12/site-packages/airflow/example_dags/example_complex.py for tasks to queue
[2025-03-16T07:31:38.547+0000] {logging_mixin.py:190} INFO - [2025-03-16T07:31:38.547+0000] {dagbag.py:588} INFO - Filling up the DagBag from /home/airflow/.local/lib/python3.12/site-packages/airflow/example_dags/example_complex.py
[2025-03-16T07:31:38.570+0000] {processor.py:925} INFO - DAG(s) 'example_complex' retrieved from /home/airflow/.local/lib/python3.12/site-packages/airflow/example_dags/example_complex.py
[2025-03-16T07:31:38.617+0000] {logging_mixin.py:190} INFO - [2025-03-16T07:31:38.617+0000] {dag.py:3239} INFO - Sync 1 DAGs
[2025-03-16T07:31:38.637+0000] {logging_mixin.py:190} INFO - [2025-03-16T07:31:38.637+0000] {dag.py:4180} INFO - Setting next_dagrun for example_complex to None, run_after=None
[2025-03-16T07:31:38.667+0000] {processor.py:208} INFO - Processing /home/airflow/.local/lib/python3.12/site-packages/airflow/example_dags/example_complex.py took 0.134 seconds
[2025-03-16T07:32:08.929+0000] {processor.py:186} INFO - Started process (PID=36833) to work on /home/airflow/.local/lib/python3.12/site-packages/airflow/example_dags/example_complex.py
[2025-03-16T07:32:08.931+0000] {processor.py:914} INFO - Processing file /home/airflow/.local/lib/python3.12/site-packages/airflow/example_dags/example_complex.py for tasks to queue
[2025-03-16T07:32:08.935+0000] {logging_mixin.py:190} INFO - [2025-03-16T07:32:08.934+0000] {dagbag.py:588} INFO - Filling up the DagBag from /home/airflow/.local/lib/python3.12/site-packages/airflow/example_dags/example_complex.py
[2025-03-16T07:32:08.951+0000] {processor.py:925} INFO - DAG(s) 'example_complex' retrieved from /home/airflow/.local/lib/python3.12/site-packages/airflow/example_dags/example_complex.py
[2025-03-16T07:32:09.002+0000] {logging_mixin.py:190} INFO - [2025-03-16T07:32:09.002+0000] {dag.py:3239} INFO - Sync 1 DAGs
[2025-03-16T07:32:09.024+0000] {logging_mixin.py:190} INFO - [2025-03-16T07:32:09.024+0000] {dag.py:4180} INFO - Setting next_dagrun for example_complex to None, run_after=None
[2025-03-16T07:32:09.060+0000] {processor.py:208} INFO - Processing /home/airflow/.local/lib/python3.12/site-packages/airflow/example_dags/example_complex.py took 0.141 seconds
[2025-03-16T07:32:39.595+0000] {processor.py:186} INFO - Started process (PID=36898) to work on /home/airflow/.local/lib/python3.12/site-packages/airflow/example_dags/example_complex.py
[2025-03-16T07:32:39.597+0000] {processor.py:914} INFO - Processing file /home/airflow/.local/lib/python3.12/site-packages/airflow/example_dags/example_complex.py for tasks to queue
[2025-03-16T07:32:39.601+0000] {logging_mixin.py:190} INFO - [2025-03-16T07:32:39.600+0000] {dagbag.py:588} INFO - Filling up the DagBag from /home/airflow/.local/lib/python3.12/site-packages/airflow/example_dags/example_complex.py
[2025-03-16T07:32:39.621+0000] {processor.py:925} INFO - DAG(s) 'example_complex' retrieved from /home/airflow/.local/lib/python3.12/site-packages/airflow/example_dags/example_complex.py
[2025-03-16T07:32:39.674+0000] {logging_mixin.py:190} INFO - [2025-03-16T07:32:39.673+0000] {dag.py:3239} INFO - Sync 1 DAGs
[2025-03-16T07:32:39.704+0000] {logging_mixin.py:190} INFO - [2025-03-16T07:32:39.703+0000] {dag.py:4180} INFO - Setting next_dagrun for example_complex to None, run_after=None
[2025-03-16T07:32:39.739+0000] {processor.py:208} INFO - Processing /home/airflow/.local/lib/python3.12/site-packages/airflow/example_dags/example_complex.py took 0.153 seconds
[2025-03-16T07:33:10.057+0000] {processor.py:186} INFO - Started process (PID=36963) to work on /home/airflow/.local/lib/python3.12/site-packages/airflow/example_dags/example_complex.py
[2025-03-16T07:33:10.059+0000] {processor.py:914} INFO - Processing file /home/airflow/.local/lib/python3.12/site-packages/airflow/example_dags/example_complex.py for tasks to queue
[2025-03-16T07:33:10.063+0000] {logging_mixin.py:190} INFO - [2025-03-16T07:33:10.063+0000] {dagbag.py:588} INFO - Filling up the DagBag from /home/airflow/.local/lib/python3.12/site-packages/airflow/example_dags/example_complex.py
[2025-03-16T07:33:10.086+0000] {processor.py:925} INFO - DAG(s) 'example_complex' retrieved from /home/airflow/.local/lib/python3.12/site-packages/airflow/example_dags/example_complex.py
[2025-03-16T07:33:10.137+0000] {logging_mixin.py:190} INFO - [2025-03-16T07:33:10.136+0000] {dag.py:3239} INFO - Sync 1 DAGs
[2025-03-16T07:33:10.160+0000] {logging_mixin.py:190} INFO - [2025-03-16T07:33:10.160+0000] {dag.py:4180} INFO - Setting next_dagrun for example_complex to None, run_after=None
[2025-03-16T07:33:10.192+0000] {processor.py:208} INFO - Processing /home/airflow/.local/lib/python3.12/site-packages/airflow/example_dags/example_complex.py took 0.146 seconds
[2025-03-16T07:33:40.485+0000] {processor.py:186} INFO - Started process (PID=37028) to work on /home/airflow/.local/lib/python3.12/site-packages/airflow/example_dags/example_complex.py
[2025-03-16T07:33:40.487+0000] {processor.py:914} INFO - Processing file /home/airflow/.local/lib/python3.12/site-packages/airflow/example_dags/example_complex.py for tasks to queue
[2025-03-16T07:33:40.490+0000] {logging_mixin.py:190} INFO - [2025-03-16T07:33:40.489+0000] {dagbag.py:588} INFO - Filling up the DagBag from /home/airflow/.local/lib/python3.12/site-packages/airflow/example_dags/example_complex.py
[2025-03-16T07:33:40.504+0000] {processor.py:925} INFO - DAG(s) 'example_complex' retrieved from /home/airflow/.local/lib/python3.12/site-packages/airflow/example_dags/example_complex.py
[2025-03-16T07:33:40.548+0000] {logging_mixin.py:190} INFO - [2025-03-16T07:33:40.548+0000] {dag.py:3239} INFO - Sync 1 DAGs
[2025-03-16T07:33:40.567+0000] {logging_mixin.py:190} INFO - [2025-03-16T07:33:40.567+0000] {dag.py:4180} INFO - Setting next_dagrun for example_complex to None, run_after=None
[2025-03-16T07:33:40.598+0000] {processor.py:208} INFO - Processing /home/airflow/.local/lib/python3.12/site-packages/airflow/example_dags/example_complex.py took 0.120 seconds
[2025-03-16T07:34:11.149+0000] {processor.py:186} INFO - Started process (PID=37093) to work on /home/airflow/.local/lib/python3.12/site-packages/airflow/example_dags/example_complex.py
[2025-03-16T07:34:11.151+0000] {processor.py:914} INFO - Processing file /home/airflow/.local/lib/python3.12/site-packages/airflow/example_dags/example_complex.py for tasks to queue
[2025-03-16T07:34:11.155+0000] {logging_mixin.py:190} INFO - [2025-03-16T07:34:11.154+0000] {dagbag.py:588} INFO - Filling up the DagBag from /home/airflow/.local/lib/python3.12/site-packages/airflow/example_dags/example_complex.py
[2025-03-16T07:34:11.174+0000] {processor.py:925} INFO - DAG(s) 'example_complex' retrieved from /home/airflow/.local/lib/python3.12/site-packages/airflow/example_dags/example_complex.py
[2025-03-16T07:34:11.215+0000] {logging_mixin.py:190} INFO - [2025-03-16T07:34:11.214+0000] {dag.py:3239} INFO - Sync 1 DAGs
[2025-03-16T07:34:11.232+0000] {logging_mixin.py:190} INFO - [2025-03-16T07:34:11.231+0000] {dag.py:4180} INFO - Setting next_dagrun for example_complex to None, run_after=None
[2025-03-16T07:34:11.260+0000] {processor.py:208} INFO - Processing /home/airflow/.local/lib/python3.12/site-packages/airflow/example_dags/example_complex.py took 0.118 seconds
[2025-03-16T07:34:41.987+0000] {processor.py:186} INFO - Started process (PID=37156) to work on /home/airflow/.local/lib/python3.12/site-packages/airflow/example_dags/example_complex.py
[2025-03-16T07:34:41.989+0000] {processor.py:914} INFO - Processing file /home/airflow/.local/lib/python3.12/site-packages/airflow/example_dags/example_complex.py for tasks to queue
[2025-03-16T07:34:41.994+0000] {logging_mixin.py:190} INFO - [2025-03-16T07:34:41.994+0000] {dagbag.py:588} INFO - Filling up the DagBag from /home/airflow/.local/lib/python3.12/site-packages/airflow/example_dags/example_complex.py
[2025-03-16T07:34:42.011+0000] {processor.py:925} INFO - DAG(s) 'example_complex' retrieved from /home/airflow/.local/lib/python3.12/site-packages/airflow/example_dags/example_complex.py
[2025-03-16T07:34:42.063+0000] {logging_mixin.py:190} INFO - [2025-03-16T07:34:42.062+0000] {dag.py:3239} INFO - Sync 1 DAGs
[2025-03-16T07:34:42.083+0000] {logging_mixin.py:190} INFO - [2025-03-16T07:34:42.083+0000] {dag.py:4180} INFO - Setting next_dagrun for example_complex to None, run_after=None
[2025-03-16T07:34:42.117+0000] {processor.py:208} INFO - Processing /home/airflow/.local/lib/python3.12/site-packages/airflow/example_dags/example_complex.py took 0.138 seconds
[2025-03-16T07:35:12.391+0000] {processor.py:186} INFO - Started process (PID=37221) to work on /home/airflow/.local/lib/python3.12/site-packages/airflow/example_dags/example_complex.py
[2025-03-16T07:35:12.393+0000] {processor.py:914} INFO - Processing file /home/airflow/.local/lib/python3.12/site-packages/airflow/example_dags/example_complex.py for tasks to queue
[2025-03-16T07:35:12.397+0000] {logging_mixin.py:190} INFO - [2025-03-16T07:35:12.396+0000] {dagbag.py:588} INFO - Filling up the DagBag from /home/airflow/.local/lib/python3.12/site-packages/airflow/example_dags/example_complex.py
[2025-03-16T07:35:12.419+0000] {processor.py:925} INFO - DAG(s) 'example_complex' retrieved from /home/airflow/.local/lib/python3.12/site-packages/airflow/example_dags/example_complex.py
[2025-03-16T07:35:12.476+0000] {logging_mixin.py:190} INFO - [2025-03-16T07:35:12.476+0000] {dag.py:3239} INFO - Sync 1 DAGs
[2025-03-16T07:35:12.502+0000] {logging_mixin.py:190} INFO - [2025-03-16T07:35:12.501+0000] {dag.py:4180} INFO - Setting next_dagrun for example_complex to None, run_after=None
[2025-03-16T07:35:12.543+0000] {processor.py:208} INFO - Processing /home/airflow/.local/lib/python3.12/site-packages/airflow/example_dags/example_complex.py took 0.161 seconds
[2025-03-16T07:35:42.854+0000] {processor.py:186} INFO - Started process (PID=37286) to work on /home/airflow/.local/lib/python3.12/site-packages/airflow/example_dags/example_complex.py
[2025-03-16T07:35:42.855+0000] {processor.py:914} INFO - Processing file /home/airflow/.local/lib/python3.12/site-packages/airflow/example_dags/example_complex.py for tasks to queue
[2025-03-16T07:35:42.864+0000] {logging_mixin.py:190} INFO - [2025-03-16T07:35:42.862+0000] {dagbag.py:588} INFO - Filling up the DagBag from /home/airflow/.local/lib/python3.12/site-packages/airflow/example_dags/example_complex.py
[2025-03-16T07:35:42.884+0000] {processor.py:925} INFO - DAG(s) 'example_complex' retrieved from /home/airflow/.local/lib/python3.12/site-packages/airflow/example_dags/example_complex.py
[2025-03-16T07:35:42.930+0000] {logging_mixin.py:190} INFO - [2025-03-16T07:35:42.930+0000] {dag.py:3239} INFO - Sync 1 DAGs
[2025-03-16T07:35:42.950+0000] {logging_mixin.py:190} INFO - [2025-03-16T07:35:42.950+0000] {dag.py:4180} INFO - Setting next_dagrun for example_complex to None, run_after=None
[2025-03-16T07:35:42.998+0000] {processor.py:208} INFO - Processing /home/airflow/.local/lib/python3.12/site-packages/airflow/example_dags/example_complex.py took 0.153 seconds
[2025-03-16T07:36:13.281+0000] {processor.py:186} INFO - Started process (PID=37351) to work on /home/airflow/.local/lib/python3.12/site-packages/airflow/example_dags/example_complex.py
[2025-03-16T07:36:13.283+0000] {processor.py:914} INFO - Processing file /home/airflow/.local/lib/python3.12/site-packages/airflow/example_dags/example_complex.py for tasks to queue
[2025-03-16T07:36:13.287+0000] {logging_mixin.py:190} INFO - [2025-03-16T07:36:13.287+0000] {dagbag.py:588} INFO - Filling up the DagBag from /home/airflow/.local/lib/python3.12/site-packages/airflow/example_dags/example_complex.py
[2025-03-16T07:36:13.309+0000] {processor.py:925} INFO - DAG(s) 'example_complex' retrieved from /home/airflow/.local/lib/python3.12/site-packages/airflow/example_dags/example_complex.py
[2025-03-16T07:36:13.365+0000] {logging_mixin.py:190} INFO - [2025-03-16T07:36:13.365+0000] {dag.py:3239} INFO - Sync 1 DAGs
[2025-03-16T07:36:13.387+0000] {logging_mixin.py:190} INFO - [2025-03-16T07:36:13.387+0000] {dag.py:4180} INFO - Setting next_dagrun for example_complex to None, run_after=None
[2025-03-16T07:36:13.420+0000] {processor.py:208} INFO - Processing /home/airflow/.local/lib/python3.12/site-packages/airflow/example_dags/example_complex.py took 0.154 seconds
[2025-03-16T07:36:43.974+0000] {processor.py:186} INFO - Started process (PID=37416) to work on /home/airflow/.local/lib/python3.12/site-packages/airflow/example_dags/example_complex.py
[2025-03-16T07:36:43.976+0000] {processor.py:914} INFO - Processing file /home/airflow/.local/lib/python3.12/site-packages/airflow/example_dags/example_complex.py for tasks to queue
[2025-03-16T07:36:43.980+0000] {logging_mixin.py:190} INFO - [2025-03-16T07:36:43.979+0000] {dagbag.py:588} INFO - Filling up the DagBag from /home/airflow/.local/lib/python3.12/site-packages/airflow/example_dags/example_complex.py
[2025-03-16T07:36:43.995+0000] {processor.py:925} INFO - DAG(s) 'example_complex' retrieved from /home/airflow/.local/lib/python3.12/site-packages/airflow/example_dags/example_complex.py
[2025-03-16T07:36:44.036+0000] {logging_mixin.py:190} INFO - [2025-03-16T07:36:44.036+0000] {dag.py:3239} INFO - Sync 1 DAGs
[2025-03-16T07:36:44.063+0000] {logging_mixin.py:190} INFO - [2025-03-16T07:36:44.062+0000] {dag.py:4180} INFO - Setting next_dagrun for example_complex to None, run_after=None
[2025-03-16T07:36:44.091+0000] {processor.py:208} INFO - Processing /home/airflow/.local/lib/python3.12/site-packages/airflow/example_dags/example_complex.py took 0.126 seconds
[2025-03-16T07:37:14.406+0000] {processor.py:186} INFO - Started process (PID=37481) to work on /home/airflow/.local/lib/python3.12/site-packages/airflow/example_dags/example_complex.py
[2025-03-16T07:37:14.418+0000] {processor.py:914} INFO - Processing file /home/airflow/.local/lib/python3.12/site-packages/airflow/example_dags/example_complex.py for tasks to queue
[2025-03-16T07:37:14.425+0000] {logging_mixin.py:190} INFO - [2025-03-16T07:37:14.424+0000] {dagbag.py:588} INFO - Filling up the DagBag from /home/airflow/.local/lib/python3.12/site-packages/airflow/example_dags/example_complex.py
[2025-03-16T07:37:14.463+0000] {processor.py:925} INFO - DAG(s) 'example_complex' retrieved from /home/airflow/.local/lib/python3.12/site-packages/airflow/example_dags/example_complex.py
[2025-03-16T07:37:14.528+0000] {logging_mixin.py:190} INFO - [2025-03-16T07:37:14.527+0000] {dag.py:3239} INFO - Sync 1 DAGs
[2025-03-16T07:37:14.549+0000] {logging_mixin.py:190} INFO - [2025-03-16T07:37:14.548+0000] {dag.py:4180} INFO - Setting next_dagrun for example_complex to None, run_after=None
[2025-03-16T07:37:14.580+0000] {processor.py:208} INFO - Processing /home/airflow/.local/lib/python3.12/site-packages/airflow/example_dags/example_complex.py took 0.184 seconds
[2025-03-16T07:37:45.241+0000] {processor.py:186} INFO - Started process (PID=37546) to work on /home/airflow/.local/lib/python3.12/site-packages/airflow/example_dags/example_complex.py
[2025-03-16T07:37:45.243+0000] {processor.py:914} INFO - Processing file /home/airflow/.local/lib/python3.12/site-packages/airflow/example_dags/example_complex.py for tasks to queue
[2025-03-16T07:37:45.247+0000] {logging_mixin.py:190} INFO - [2025-03-16T07:37:45.247+0000] {dagbag.py:588} INFO - Filling up the DagBag from /home/airflow/.local/lib/python3.12/site-packages/airflow/example_dags/example_complex.py
[2025-03-16T07:37:45.277+0000] {processor.py:925} INFO - DAG(s) 'example_complex' retrieved from /home/airflow/.local/lib/python3.12/site-packages/airflow/example_dags/example_complex.py
[2025-03-16T07:37:45.337+0000] {logging_mixin.py:190} INFO - [2025-03-16T07:37:45.336+0000] {dag.py:3239} INFO - Sync 1 DAGs
[2025-03-16T07:37:45.363+0000] {logging_mixin.py:190} INFO - [2025-03-16T07:37:45.363+0000] {dag.py:4180} INFO - Setting next_dagrun for example_complex to None, run_after=None
[2025-03-16T07:37:45.402+0000] {processor.py:208} INFO - Processing /home/airflow/.local/lib/python3.12/site-packages/airflow/example_dags/example_complex.py took 0.170 seconds
[2025-03-16T07:38:15.953+0000] {processor.py:186} INFO - Started process (PID=37611) to work on /home/airflow/.local/lib/python3.12/site-packages/airflow/example_dags/example_complex.py
[2025-03-16T07:38:15.955+0000] {processor.py:914} INFO - Processing file /home/airflow/.local/lib/python3.12/site-packages/airflow/example_dags/example_complex.py for tasks to queue
[2025-03-16T07:38:15.960+0000] {logging_mixin.py:190} INFO - [2025-03-16T07:38:15.959+0000] {dagbag.py:588} INFO - Filling up the DagBag from /home/airflow/.local/lib/python3.12/site-packages/airflow/example_dags/example_complex.py
[2025-03-16T07:38:15.984+0000] {processor.py:925} INFO - DAG(s) 'example_complex' retrieved from /home/airflow/.local/lib/python3.12/site-packages/airflow/example_dags/example_complex.py
[2025-03-16T07:38:16.038+0000] {logging_mixin.py:190} INFO - [2025-03-16T07:38:16.038+0000] {dag.py:3239} INFO - Sync 1 DAGs
[2025-03-16T07:38:16.067+0000] {logging_mixin.py:190} INFO - [2025-03-16T07:38:16.066+0000] {dag.py:4180} INFO - Setting next_dagrun for example_complex to None, run_after=None
[2025-03-16T07:38:16.104+0000] {processor.py:208} INFO - Processing /home/airflow/.local/lib/python3.12/site-packages/airflow/example_dags/example_complex.py took 0.159 seconds
[2025-03-16T07:38:46.334+0000] {processor.py:186} INFO - Started process (PID=37676) to work on /home/airflow/.local/lib/python3.12/site-packages/airflow/example_dags/example_complex.py
[2025-03-16T07:38:46.336+0000] {processor.py:914} INFO - Processing file /home/airflow/.local/lib/python3.12/site-packages/airflow/example_dags/example_complex.py for tasks to queue
[2025-03-16T07:38:46.340+0000] {logging_mixin.py:190} INFO - [2025-03-16T07:38:46.339+0000] {dagbag.py:588} INFO - Filling up the DagBag from /home/airflow/.local/lib/python3.12/site-packages/airflow/example_dags/example_complex.py
[2025-03-16T07:38:46.359+0000] {processor.py:925} INFO - DAG(s) 'example_complex' retrieved from /home/airflow/.local/lib/python3.12/site-packages/airflow/example_dags/example_complex.py
[2025-03-16T07:38:46.416+0000] {logging_mixin.py:190} INFO - [2025-03-16T07:38:46.416+0000] {dag.py:3239} INFO - Sync 1 DAGs
[2025-03-16T07:38:46.443+0000] {logging_mixin.py:190} INFO - [2025-03-16T07:38:46.443+0000] {dag.py:4180} INFO - Setting next_dagrun for example_complex to None, run_after=None
[2025-03-16T07:38:46.475+0000] {processor.py:208} INFO - Processing /home/airflow/.local/lib/python3.12/site-packages/airflow/example_dags/example_complex.py took 0.149 seconds
[2025-03-16T07:39:17.245+0000] {processor.py:186} INFO - Started process (PID=37741) to work on /home/airflow/.local/lib/python3.12/site-packages/airflow/example_dags/example_complex.py
[2025-03-16T07:39:17.246+0000] {processor.py:914} INFO - Processing file /home/airflow/.local/lib/python3.12/site-packages/airflow/example_dags/example_complex.py for tasks to queue
[2025-03-16T07:39:17.250+0000] {logging_mixin.py:190} INFO - [2025-03-16T07:39:17.250+0000] {dagbag.py:588} INFO - Filling up the DagBag from /home/airflow/.local/lib/python3.12/site-packages/airflow/example_dags/example_complex.py
[2025-03-16T07:39:17.266+0000] {processor.py:925} INFO - DAG(s) 'example_complex' retrieved from /home/airflow/.local/lib/python3.12/site-packages/airflow/example_dags/example_complex.py
[2025-03-16T07:39:17.310+0000] {logging_mixin.py:190} INFO - [2025-03-16T07:39:17.309+0000] {dag.py:3239} INFO - Sync 1 DAGs
[2025-03-16T07:39:17.331+0000] {logging_mixin.py:190} INFO - [2025-03-16T07:39:17.330+0000] {dag.py:4180} INFO - Setting next_dagrun for example_complex to None, run_after=None
[2025-03-16T07:39:17.362+0000] {processor.py:208} INFO - Processing /home/airflow/.local/lib/python3.12/site-packages/airflow/example_dags/example_complex.py took 0.127 seconds
[2025-03-16T07:39:47.448+0000] {processor.py:186} INFO - Started process (PID=37806) to work on /home/airflow/.local/lib/python3.12/site-packages/airflow/example_dags/example_complex.py
[2025-03-16T07:39:47.450+0000] {processor.py:914} INFO - Processing file /home/airflow/.local/lib/python3.12/site-packages/airflow/example_dags/example_complex.py for tasks to queue
[2025-03-16T07:39:47.454+0000] {logging_mixin.py:190} INFO - [2025-03-16T07:39:47.453+0000] {dagbag.py:588} INFO - Filling up the DagBag from /home/airflow/.local/lib/python3.12/site-packages/airflow/example_dags/example_complex.py
[2025-03-16T07:39:47.475+0000] {processor.py:925} INFO - DAG(s) 'example_complex' retrieved from /home/airflow/.local/lib/python3.12/site-packages/airflow/example_dags/example_complex.py
[2025-03-16T07:39:47.524+0000] {logging_mixin.py:190} INFO - [2025-03-16T07:39:47.523+0000] {dag.py:3239} INFO - Sync 1 DAGs
[2025-03-16T07:39:47.551+0000] {logging_mixin.py:190} INFO - [2025-03-16T07:39:47.550+0000] {dag.py:4180} INFO - Setting next_dagrun for example_complex to None, run_after=None
[2025-03-16T07:39:47.585+0000] {processor.py:208} INFO - Processing /home/airflow/.local/lib/python3.12/site-packages/airflow/example_dags/example_complex.py took 0.146 seconds
[2025-03-16T07:40:18.270+0000] {processor.py:186} INFO - Started process (PID=37871) to work on /home/airflow/.local/lib/python3.12/site-packages/airflow/example_dags/example_complex.py
[2025-03-16T07:40:18.272+0000] {processor.py:914} INFO - Processing file /home/airflow/.local/lib/python3.12/site-packages/airflow/example_dags/example_complex.py for tasks to queue
[2025-03-16T07:40:18.276+0000] {logging_mixin.py:190} INFO - [2025-03-16T07:40:18.276+0000] {dagbag.py:588} INFO - Filling up the DagBag from /home/airflow/.local/lib/python3.12/site-packages/airflow/example_dags/example_complex.py
[2025-03-16T07:40:18.295+0000] {processor.py:925} INFO - DAG(s) 'example_complex' retrieved from /home/airflow/.local/lib/python3.12/site-packages/airflow/example_dags/example_complex.py
[2025-03-16T07:40:18.347+0000] {logging_mixin.py:190} INFO - [2025-03-16T07:40:18.346+0000] {dag.py:3239} INFO - Sync 1 DAGs
[2025-03-16T07:40:18.368+0000] {logging_mixin.py:190} INFO - [2025-03-16T07:40:18.368+0000] {dag.py:4180} INFO - Setting next_dagrun for example_complex to None, run_after=None
[2025-03-16T07:40:18.403+0000] {processor.py:208} INFO - Processing /home/airflow/.local/lib/python3.12/site-packages/airflow/example_dags/example_complex.py took 0.141 seconds
[2025-03-16T07:40:49.365+0000] {processor.py:186} INFO - Started process (PID=37936) to work on /home/airflow/.local/lib/python3.12/site-packages/airflow/example_dags/example_complex.py
[2025-03-16T07:40:49.367+0000] {processor.py:914} INFO - Processing file /home/airflow/.local/lib/python3.12/site-packages/airflow/example_dags/example_complex.py for tasks to queue
[2025-03-16T07:40:49.370+0000] {logging_mixin.py:190} INFO - [2025-03-16T07:40:49.370+0000] {dagbag.py:588} INFO - Filling up the DagBag from /home/airflow/.local/lib/python3.12/site-packages/airflow/example_dags/example_complex.py
[2025-03-16T07:40:49.385+0000] {processor.py:925} INFO - DAG(s) 'example_complex' retrieved from /home/airflow/.local/lib/python3.12/site-packages/airflow/example_dags/example_complex.py
[2025-03-16T07:40:49.437+0000] {logging_mixin.py:190} INFO - [2025-03-16T07:40:49.437+0000] {dag.py:3239} INFO - Sync 1 DAGs
[2025-03-16T07:40:49.456+0000] {logging_mixin.py:190} INFO - [2025-03-16T07:40:49.455+0000] {dag.py:4180} INFO - Setting next_dagrun for example_complex to None, run_after=None
[2025-03-16T07:40:49.489+0000] {processor.py:208} INFO - Processing /home/airflow/.local/lib/python3.12/site-packages/airflow/example_dags/example_complex.py took 0.132 seconds
[2025-03-16T07:41:20.107+0000] {processor.py:186} INFO - Started process (PID=38001) to work on /home/airflow/.local/lib/python3.12/site-packages/airflow/example_dags/example_complex.py
[2025-03-16T07:41:20.109+0000] {processor.py:914} INFO - Processing file /home/airflow/.local/lib/python3.12/site-packages/airflow/example_dags/example_complex.py for tasks to queue
[2025-03-16T07:41:20.113+0000] {logging_mixin.py:190} INFO - [2025-03-16T07:41:20.113+0000] {dagbag.py:588} INFO - Filling up the DagBag from /home/airflow/.local/lib/python3.12/site-packages/airflow/example_dags/example_complex.py
[2025-03-16T07:41:20.131+0000] {processor.py:925} INFO - DAG(s) 'example_complex' retrieved from /home/airflow/.local/lib/python3.12/site-packages/airflow/example_dags/example_complex.py
[2025-03-16T07:41:20.188+0000] {logging_mixin.py:190} INFO - [2025-03-16T07:41:20.188+0000] {dag.py:3239} INFO - Sync 1 DAGs
[2025-03-16T07:41:20.216+0000] {logging_mixin.py:190} INFO - [2025-03-16T07:41:20.216+0000] {dag.py:4180} INFO - Setting next_dagrun for example_complex to None, run_after=None
[2025-03-16T07:41:20.256+0000] {processor.py:208} INFO - Processing /home/airflow/.local/lib/python3.12/site-packages/airflow/example_dags/example_complex.py took 0.157 seconds
[2025-03-16T07:41:51.045+0000] {processor.py:186} INFO - Started process (PID=38066) to work on /home/airflow/.local/lib/python3.12/site-packages/airflow/example_dags/example_complex.py
[2025-03-16T07:41:51.047+0000] {processor.py:914} INFO - Processing file /home/airflow/.local/lib/python3.12/site-packages/airflow/example_dags/example_complex.py for tasks to queue
[2025-03-16T07:41:51.051+0000] {logging_mixin.py:190} INFO - [2025-03-16T07:41:51.050+0000] {dagbag.py:588} INFO - Filling up the DagBag from /home/airflow/.local/lib/python3.12/site-packages/airflow/example_dags/example_complex.py
[2025-03-16T07:41:51.072+0000] {processor.py:925} INFO - DAG(s) 'example_complex' retrieved from /home/airflow/.local/lib/python3.12/site-packages/airflow/example_dags/example_complex.py
[2025-03-16T07:41:51.113+0000] {logging_mixin.py:190} INFO - [2025-03-16T07:41:51.113+0000] {dag.py:3239} INFO - Sync 1 DAGs
[2025-03-16T07:41:51.132+0000] {logging_mixin.py:190} INFO - [2025-03-16T07:41:51.132+0000] {dag.py:4180} INFO - Setting next_dagrun for example_complex to None, run_after=None
[2025-03-16T07:41:51.163+0000] {processor.py:208} INFO - Processing /home/airflow/.local/lib/python3.12/site-packages/airflow/example_dags/example_complex.py took 0.127 seconds
[2025-03-16T07:42:21.432+0000] {processor.py:186} INFO - Started process (PID=38131) to work on /home/airflow/.local/lib/python3.12/site-packages/airflow/example_dags/example_complex.py
[2025-03-16T07:42:21.434+0000] {processor.py:914} INFO - Processing file /home/airflow/.local/lib/python3.12/site-packages/airflow/example_dags/example_complex.py for tasks to queue
[2025-03-16T07:42:21.437+0000] {logging_mixin.py:190} INFO - [2025-03-16T07:42:21.436+0000] {dagbag.py:588} INFO - Filling up the DagBag from /home/airflow/.local/lib/python3.12/site-packages/airflow/example_dags/example_complex.py
[2025-03-16T07:42:21.458+0000] {processor.py:925} INFO - DAG(s) 'example_complex' retrieved from /home/airflow/.local/lib/python3.12/site-packages/airflow/example_dags/example_complex.py
[2025-03-16T07:42:21.504+0000] {logging_mixin.py:190} INFO - [2025-03-16T07:42:21.504+0000] {dag.py:3239} INFO - Sync 1 DAGs
[2025-03-16T07:42:21.529+0000] {logging_mixin.py:190} INFO - [2025-03-16T07:42:21.528+0000] {dag.py:4180} INFO - Setting next_dagrun for example_complex to None, run_after=None
[2025-03-16T07:42:21.562+0000] {processor.py:208} INFO - Processing /home/airflow/.local/lib/python3.12/site-packages/airflow/example_dags/example_complex.py took 0.140 seconds
[2025-03-16T07:42:52.185+0000] {processor.py:186} INFO - Started process (PID=38196) to work on /home/airflow/.local/lib/python3.12/site-packages/airflow/example_dags/example_complex.py
[2025-03-16T07:42:52.187+0000] {processor.py:914} INFO - Processing file /home/airflow/.local/lib/python3.12/site-packages/airflow/example_dags/example_complex.py for tasks to queue
[2025-03-16T07:42:52.191+0000] {logging_mixin.py:190} INFO - [2025-03-16T07:42:52.190+0000] {dagbag.py:588} INFO - Filling up the DagBag from /home/airflow/.local/lib/python3.12/site-packages/airflow/example_dags/example_complex.py
[2025-03-16T07:42:52.214+0000] {processor.py:925} INFO - DAG(s) 'example_complex' retrieved from /home/airflow/.local/lib/python3.12/site-packages/airflow/example_dags/example_complex.py
[2025-03-16T07:42:52.262+0000] {logging_mixin.py:190} INFO - [2025-03-16T07:42:52.262+0000] {dag.py:3239} INFO - Sync 1 DAGs
[2025-03-16T07:42:52.285+0000] {logging_mixin.py:190} INFO - [2025-03-16T07:42:52.285+0000] {dag.py:4180} INFO - Setting next_dagrun for example_complex to None, run_after=None
[2025-03-16T07:42:52.318+0000] {processor.py:208} INFO - Processing /home/airflow/.local/lib/python3.12/site-packages/airflow/example_dags/example_complex.py took 0.143 seconds
[2025-03-16T07:43:23.288+0000] {processor.py:186} INFO - Started process (PID=38261) to work on /home/airflow/.local/lib/python3.12/site-packages/airflow/example_dags/example_complex.py
[2025-03-16T07:43:23.290+0000] {processor.py:914} INFO - Processing file /home/airflow/.local/lib/python3.12/site-packages/airflow/example_dags/example_complex.py for tasks to queue
[2025-03-16T07:43:23.294+0000] {logging_mixin.py:190} INFO - [2025-03-16T07:43:23.293+0000] {dagbag.py:588} INFO - Filling up the DagBag from /home/airflow/.local/lib/python3.12/site-packages/airflow/example_dags/example_complex.py
[2025-03-16T07:43:23.310+0000] {processor.py:925} INFO - DAG(s) 'example_complex' retrieved from /home/airflow/.local/lib/python3.12/site-packages/airflow/example_dags/example_complex.py
[2025-03-16T07:43:23.360+0000] {logging_mixin.py:190} INFO - [2025-03-16T07:43:23.360+0000] {dag.py:3239} INFO - Sync 1 DAGs
[2025-03-16T07:43:23.387+0000] {logging_mixin.py:190} INFO - [2025-03-16T07:43:23.386+0000] {dag.py:4180} INFO - Setting next_dagrun for example_complex to None, run_after=None
[2025-03-16T07:43:23.420+0000] {processor.py:208} INFO - Processing /home/airflow/.local/lib/python3.12/site-packages/airflow/example_dags/example_complex.py took 0.142 seconds
[2025-03-16T07:43:53.956+0000] {processor.py:186} INFO - Started process (PID=38326) to work on /home/airflow/.local/lib/python3.12/site-packages/airflow/example_dags/example_complex.py
[2025-03-16T07:43:53.958+0000] {processor.py:914} INFO - Processing file /home/airflow/.local/lib/python3.12/site-packages/airflow/example_dags/example_complex.py for tasks to queue
[2025-03-16T07:43:53.962+0000] {logging_mixin.py:190} INFO - [2025-03-16T07:43:53.961+0000] {dagbag.py:588} INFO - Filling up the DagBag from /home/airflow/.local/lib/python3.12/site-packages/airflow/example_dags/example_complex.py
[2025-03-16T07:43:53.978+0000] {processor.py:925} INFO - DAG(s) 'example_complex' retrieved from /home/airflow/.local/lib/python3.12/site-packages/airflow/example_dags/example_complex.py
[2025-03-16T07:43:54.023+0000] {logging_mixin.py:190} INFO - [2025-03-16T07:43:54.023+0000] {dag.py:3239} INFO - Sync 1 DAGs
[2025-03-16T07:43:54.044+0000] {logging_mixin.py:190} INFO - [2025-03-16T07:43:54.044+0000] {dag.py:4180} INFO - Setting next_dagrun for example_complex to None, run_after=None
[2025-03-16T07:43:54.077+0000] {processor.py:208} INFO - Processing /home/airflow/.local/lib/python3.12/site-packages/airflow/example_dags/example_complex.py took 0.129 seconds
[2025-03-16T07:44:24.673+0000] {processor.py:186} INFO - Started process (PID=38390) to work on /home/airflow/.local/lib/python3.12/site-packages/airflow/example_dags/example_complex.py
[2025-03-16T07:44:24.675+0000] {processor.py:914} INFO - Processing file /home/airflow/.local/lib/python3.12/site-packages/airflow/example_dags/example_complex.py for tasks to queue
[2025-03-16T07:44:24.678+0000] {logging_mixin.py:190} INFO - [2025-03-16T07:44:24.678+0000] {dagbag.py:588} INFO - Filling up the DagBag from /home/airflow/.local/lib/python3.12/site-packages/airflow/example_dags/example_complex.py
[2025-03-16T07:44:24.694+0000] {processor.py:925} INFO - DAG(s) 'example_complex' retrieved from /home/airflow/.local/lib/python3.12/site-packages/airflow/example_dags/example_complex.py
[2025-03-16T07:44:24.747+0000] {logging_mixin.py:190} INFO - [2025-03-16T07:44:24.747+0000] {dag.py:3239} INFO - Sync 1 DAGs
[2025-03-16T07:44:24.775+0000] {logging_mixin.py:190} INFO - [2025-03-16T07:44:24.775+0000] {dag.py:4180} INFO - Setting next_dagrun for example_complex to None, run_after=None
[2025-03-16T07:44:24.810+0000] {processor.py:208} INFO - Processing /home/airflow/.local/lib/python3.12/site-packages/airflow/example_dags/example_complex.py took 0.144 seconds
[2025-03-16T07:44:55.511+0000] {processor.py:186} INFO - Started process (PID=38455) to work on /home/airflow/.local/lib/python3.12/site-packages/airflow/example_dags/example_complex.py
[2025-03-16T07:44:55.513+0000] {processor.py:914} INFO - Processing file /home/airflow/.local/lib/python3.12/site-packages/airflow/example_dags/example_complex.py for tasks to queue
[2025-03-16T07:44:55.518+0000] {logging_mixin.py:190} INFO - [2025-03-16T07:44:55.517+0000] {dagbag.py:588} INFO - Filling up the DagBag from /home/airflow/.local/lib/python3.12/site-packages/airflow/example_dags/example_complex.py
[2025-03-16T07:44:55.538+0000] {processor.py:925} INFO - DAG(s) 'example_complex' retrieved from /home/airflow/.local/lib/python3.12/site-packages/airflow/example_dags/example_complex.py
[2025-03-16T07:44:55.582+0000] {logging_mixin.py:190} INFO - [2025-03-16T07:44:55.582+0000] {dag.py:3239} INFO - Sync 1 DAGs
[2025-03-16T07:44:55.603+0000] {logging_mixin.py:190} INFO - [2025-03-16T07:44:55.602+0000] {dag.py:4180} INFO - Setting next_dagrun for example_complex to None, run_after=None
[2025-03-16T07:44:55.633+0000] {processor.py:208} INFO - Processing /home/airflow/.local/lib/python3.12/site-packages/airflow/example_dags/example_complex.py took 0.132 seconds
[2025-03-16T07:45:25.722+0000] {processor.py:186} INFO - Started process (PID=38507) to work on /home/airflow/.local/lib/python3.12/site-packages/airflow/example_dags/example_complex.py
[2025-03-16T07:45:25.724+0000] {processor.py:914} INFO - Processing file /home/airflow/.local/lib/python3.12/site-packages/airflow/example_dags/example_complex.py for tasks to queue
[2025-03-16T07:45:25.728+0000] {logging_mixin.py:190} INFO - [2025-03-16T07:45:25.727+0000] {dagbag.py:588} INFO - Filling up the DagBag from /home/airflow/.local/lib/python3.12/site-packages/airflow/example_dags/example_complex.py
[2025-03-16T07:45:25.744+0000] {processor.py:925} INFO - DAG(s) 'example_complex' retrieved from /home/airflow/.local/lib/python3.12/site-packages/airflow/example_dags/example_complex.py
[2025-03-16T07:45:25.806+0000] {logging_mixin.py:190} INFO - [2025-03-16T07:45:25.805+0000] {dag.py:3239} INFO - Sync 1 DAGs
[2025-03-16T07:45:25.826+0000] {logging_mixin.py:190} INFO - [2025-03-16T07:45:25.826+0000] {dag.py:4180} INFO - Setting next_dagrun for example_complex to None, run_after=None
[2025-03-16T07:45:25.875+0000] {processor.py:208} INFO - Processing /home/airflow/.local/lib/python3.12/site-packages/airflow/example_dags/example_complex.py took 0.162 seconds
[2025-03-16T07:45:56.374+0000] {processor.py:186} INFO - Started process (PID=38569) to work on /home/airflow/.local/lib/python3.12/site-packages/airflow/example_dags/example_complex.py
[2025-03-16T07:45:56.375+0000] {processor.py:914} INFO - Processing file /home/airflow/.local/lib/python3.12/site-packages/airflow/example_dags/example_complex.py for tasks to queue
[2025-03-16T07:45:56.380+0000] {logging_mixin.py:190} INFO - [2025-03-16T07:45:56.379+0000] {dagbag.py:588} INFO - Filling up the DagBag from /home/airflow/.local/lib/python3.12/site-packages/airflow/example_dags/example_complex.py
[2025-03-16T07:45:56.397+0000] {processor.py:925} INFO - DAG(s) 'example_complex' retrieved from /home/airflow/.local/lib/python3.12/site-packages/airflow/example_dags/example_complex.py
[2025-03-16T07:45:56.445+0000] {logging_mixin.py:190} INFO - [2025-03-16T07:45:56.444+0000] {dag.py:3239} INFO - Sync 1 DAGs
[2025-03-16T07:45:56.467+0000] {logging_mixin.py:190} INFO - [2025-03-16T07:45:56.467+0000] {dag.py:4180} INFO - Setting next_dagrun for example_complex to None, run_after=None
[2025-03-16T07:45:56.510+0000] {processor.py:208} INFO - Processing /home/airflow/.local/lib/python3.12/site-packages/airflow/example_dags/example_complex.py took 0.145 seconds
[2025-03-16T07:46:27.042+0000] {processor.py:186} INFO - Started process (PID=38634) to work on /home/airflow/.local/lib/python3.12/site-packages/airflow/example_dags/example_complex.py
[2025-03-16T07:46:27.044+0000] {processor.py:914} INFO - Processing file /home/airflow/.local/lib/python3.12/site-packages/airflow/example_dags/example_complex.py for tasks to queue
[2025-03-16T07:46:27.047+0000] {logging_mixin.py:190} INFO - [2025-03-16T07:46:27.047+0000] {dagbag.py:588} INFO - Filling up the DagBag from /home/airflow/.local/lib/python3.12/site-packages/airflow/example_dags/example_complex.py
[2025-03-16T07:46:27.065+0000] {processor.py:925} INFO - DAG(s) 'example_complex' retrieved from /home/airflow/.local/lib/python3.12/site-packages/airflow/example_dags/example_complex.py
[2025-03-16T07:46:27.109+0000] {logging_mixin.py:190} INFO - [2025-03-16T07:46:27.109+0000] {dag.py:3239} INFO - Sync 1 DAGs
[2025-03-16T07:46:27.129+0000] {logging_mixin.py:190} INFO - [2025-03-16T07:46:27.129+0000] {dag.py:4180} INFO - Setting next_dagrun for example_complex to None, run_after=None
[2025-03-16T07:46:27.161+0000] {processor.py:208} INFO - Processing /home/airflow/.local/lib/python3.12/site-packages/airflow/example_dags/example_complex.py took 0.127 seconds
[2025-03-16T07:46:57.273+0000] {processor.py:186} INFO - Started process (PID=38699) to work on /home/airflow/.local/lib/python3.12/site-packages/airflow/example_dags/example_complex.py
[2025-03-16T07:46:57.274+0000] {processor.py:914} INFO - Processing file /home/airflow/.local/lib/python3.12/site-packages/airflow/example_dags/example_complex.py for tasks to queue
[2025-03-16T07:46:57.279+0000] {logging_mixin.py:190} INFO - [2025-03-16T07:46:57.278+0000] {dagbag.py:588} INFO - Filling up the DagBag from /home/airflow/.local/lib/python3.12/site-packages/airflow/example_dags/example_complex.py
[2025-03-16T07:46:57.296+0000] {processor.py:925} INFO - DAG(s) 'example_complex' retrieved from /home/airflow/.local/lib/python3.12/site-packages/airflow/example_dags/example_complex.py
[2025-03-16T07:46:57.380+0000] {logging_mixin.py:190} INFO - [2025-03-16T07:46:57.380+0000] {dag.py:3239} INFO - Sync 1 DAGs
[2025-03-16T07:46:57.409+0000] {logging_mixin.py:190} INFO - [2025-03-16T07:46:57.408+0000] {dag.py:4180} INFO - Setting next_dagrun for example_complex to None, run_after=None
[2025-03-16T07:46:57.444+0000] {processor.py:208} INFO - Processing /home/airflow/.local/lib/python3.12/site-packages/airflow/example_dags/example_complex.py took 0.179 seconds
[2025-03-16T07:47:27.737+0000] {processor.py:186} INFO - Started process (PID=38764) to work on /home/airflow/.local/lib/python3.12/site-packages/airflow/example_dags/example_complex.py
[2025-03-16T07:47:27.739+0000] {processor.py:914} INFO - Processing file /home/airflow/.local/lib/python3.12/site-packages/airflow/example_dags/example_complex.py for tasks to queue
[2025-03-16T07:47:27.742+0000] {logging_mixin.py:190} INFO - [2025-03-16T07:47:27.742+0000] {dagbag.py:588} INFO - Filling up the DagBag from /home/airflow/.local/lib/python3.12/site-packages/airflow/example_dags/example_complex.py
[2025-03-16T07:47:27.758+0000] {processor.py:925} INFO - DAG(s) 'example_complex' retrieved from /home/airflow/.local/lib/python3.12/site-packages/airflow/example_dags/example_complex.py
[2025-03-16T07:47:27.801+0000] {logging_mixin.py:190} INFO - [2025-03-16T07:47:27.801+0000] {dag.py:3239} INFO - Sync 1 DAGs
[2025-03-16T07:47:27.820+0000] {logging_mixin.py:190} INFO - [2025-03-16T07:47:27.820+0000] {dag.py:4180} INFO - Setting next_dagrun for example_complex to None, run_after=None
[2025-03-16T07:47:27.850+0000] {processor.py:208} INFO - Processing /home/airflow/.local/lib/python3.12/site-packages/airflow/example_dags/example_complex.py took 0.120 seconds
[2025-03-16T07:47:58.067+0000] {processor.py:186} INFO - Started process (PID=38829) to work on /home/airflow/.local/lib/python3.12/site-packages/airflow/example_dags/example_complex.py
[2025-03-16T07:47:58.069+0000] {processor.py:914} INFO - Processing file /home/airflow/.local/lib/python3.12/site-packages/airflow/example_dags/example_complex.py for tasks to queue
[2025-03-16T07:47:58.073+0000] {logging_mixin.py:190} INFO - [2025-03-16T07:47:58.072+0000] {dagbag.py:588} INFO - Filling up the DagBag from /home/airflow/.local/lib/python3.12/site-packages/airflow/example_dags/example_complex.py
[2025-03-16T07:47:58.087+0000] {processor.py:925} INFO - DAG(s) 'example_complex' retrieved from /home/airflow/.local/lib/python3.12/site-packages/airflow/example_dags/example_complex.py
[2025-03-16T07:47:58.124+0000] {logging_mixin.py:190} INFO - [2025-03-16T07:47:58.124+0000] {dag.py:3239} INFO - Sync 1 DAGs
[2025-03-16T07:47:58.141+0000] {logging_mixin.py:190} INFO - [2025-03-16T07:47:58.141+0000] {dag.py:4180} INFO - Setting next_dagrun for example_complex to None, run_after=None
[2025-03-16T07:47:58.183+0000] {processor.py:208} INFO - Processing /home/airflow/.local/lib/python3.12/site-packages/airflow/example_dags/example_complex.py took 0.122 seconds
[2025-03-16T07:48:28.304+0000] {processor.py:186} INFO - Started process (PID=38894) to work on /home/airflow/.local/lib/python3.12/site-packages/airflow/example_dags/example_complex.py
[2025-03-16T07:48:28.306+0000] {processor.py:914} INFO - Processing file /home/airflow/.local/lib/python3.12/site-packages/airflow/example_dags/example_complex.py for tasks to queue
[2025-03-16T07:48:28.309+0000] {logging_mixin.py:190} INFO - [2025-03-16T07:48:28.309+0000] {dagbag.py:588} INFO - Filling up the DagBag from /home/airflow/.local/lib/python3.12/site-packages/airflow/example_dags/example_complex.py
[2025-03-16T07:48:28.324+0000] {processor.py:925} INFO - DAG(s) 'example_complex' retrieved from /home/airflow/.local/lib/python3.12/site-packages/airflow/example_dags/example_complex.py
[2025-03-16T07:48:28.375+0000] {logging_mixin.py:190} INFO - [2025-03-16T07:48:28.375+0000] {dag.py:3239} INFO - Sync 1 DAGs
[2025-03-16T07:48:28.404+0000] {logging_mixin.py:190} INFO - [2025-03-16T07:48:28.404+0000] {dag.py:4180} INFO - Setting next_dagrun for example_complex to None, run_after=None
[2025-03-16T07:48:28.438+0000] {processor.py:208} INFO - Processing /home/airflow/.local/lib/python3.12/site-packages/airflow/example_dags/example_complex.py took 0.141 seconds
[2025-03-16T07:48:58.857+0000] {processor.py:186} INFO - Started process (PID=38959) to work on /home/airflow/.local/lib/python3.12/site-packages/airflow/example_dags/example_complex.py
[2025-03-16T07:48:58.859+0000] {processor.py:914} INFO - Processing file /home/airflow/.local/lib/python3.12/site-packages/airflow/example_dags/example_complex.py for tasks to queue
[2025-03-16T07:48:58.863+0000] {logging_mixin.py:190} INFO - [2025-03-16T07:48:58.862+0000] {dagbag.py:588} INFO - Filling up the DagBag from /home/airflow/.local/lib/python3.12/site-packages/airflow/example_dags/example_complex.py
[2025-03-16T07:48:58.880+0000] {processor.py:925} INFO - DAG(s) 'example_complex' retrieved from /home/airflow/.local/lib/python3.12/site-packages/airflow/example_dags/example_complex.py
[2025-03-16T07:48:58.928+0000] {logging_mixin.py:190} INFO - [2025-03-16T07:48:58.928+0000] {dag.py:3239} INFO - Sync 1 DAGs
[2025-03-16T07:48:58.948+0000] {logging_mixin.py:190} INFO - [2025-03-16T07:48:58.947+0000] {dag.py:4180} INFO - Setting next_dagrun for example_complex to None, run_after=None
[2025-03-16T07:48:58.976+0000] {processor.py:208} INFO - Processing /home/airflow/.local/lib/python3.12/site-packages/airflow/example_dags/example_complex.py took 0.127 seconds
[2025-03-16T07:49:29.511+0000] {processor.py:186} INFO - Started process (PID=39024) to work on /home/airflow/.local/lib/python3.12/site-packages/airflow/example_dags/example_complex.py
[2025-03-16T07:49:29.513+0000] {processor.py:914} INFO - Processing file /home/airflow/.local/lib/python3.12/site-packages/airflow/example_dags/example_complex.py for tasks to queue
[2025-03-16T07:49:29.516+0000] {logging_mixin.py:190} INFO - [2025-03-16T07:49:29.515+0000] {dagbag.py:588} INFO - Filling up the DagBag from /home/airflow/.local/lib/python3.12/site-packages/airflow/example_dags/example_complex.py
[2025-03-16T07:49:29.530+0000] {processor.py:925} INFO - DAG(s) 'example_complex' retrieved from /home/airflow/.local/lib/python3.12/site-packages/airflow/example_dags/example_complex.py
[2025-03-16T07:49:29.570+0000] {logging_mixin.py:190} INFO - [2025-03-16T07:49:29.570+0000] {dag.py:3239} INFO - Sync 1 DAGs
[2025-03-16T07:49:29.592+0000] {logging_mixin.py:190} INFO - [2025-03-16T07:49:29.591+0000] {dag.py:4180} INFO - Setting next_dagrun for example_complex to None, run_after=None
[2025-03-16T07:49:29.619+0000] {processor.py:208} INFO - Processing /home/airflow/.local/lib/python3.12/site-packages/airflow/example_dags/example_complex.py took 0.115 seconds
[2025-03-16T07:50:00.195+0000] {processor.py:186} INFO - Started process (PID=39089) to work on /home/airflow/.local/lib/python3.12/site-packages/airflow/example_dags/example_complex.py
[2025-03-16T07:50:00.197+0000] {processor.py:914} INFO - Processing file /home/airflow/.local/lib/python3.12/site-packages/airflow/example_dags/example_complex.py for tasks to queue
[2025-03-16T07:50:00.200+0000] {logging_mixin.py:190} INFO - [2025-03-16T07:50:00.199+0000] {dagbag.py:588} INFO - Filling up the DagBag from /home/airflow/.local/lib/python3.12/site-packages/airflow/example_dags/example_complex.py
[2025-03-16T07:50:00.214+0000] {processor.py:925} INFO - DAG(s) 'example_complex' retrieved from /home/airflow/.local/lib/python3.12/site-packages/airflow/example_dags/example_complex.py
[2025-03-16T07:50:00.255+0000] {logging_mixin.py:190} INFO - [2025-03-16T07:50:00.255+0000] {dag.py:3239} INFO - Sync 1 DAGs
[2025-03-16T07:50:00.273+0000] {logging_mixin.py:190} INFO - [2025-03-16T07:50:00.273+0000] {dag.py:4180} INFO - Setting next_dagrun for example_complex to None, run_after=None
[2025-03-16T07:50:00.301+0000] {processor.py:208} INFO - Processing /home/airflow/.local/lib/python3.12/site-packages/airflow/example_dags/example_complex.py took 0.113 seconds
[2025-03-16T07:50:30.454+0000] {processor.py:186} INFO - Started process (PID=39154) to work on /home/airflow/.local/lib/python3.12/site-packages/airflow/example_dags/example_complex.py
[2025-03-16T07:50:30.456+0000] {processor.py:914} INFO - Processing file /home/airflow/.local/lib/python3.12/site-packages/airflow/example_dags/example_complex.py for tasks to queue
[2025-03-16T07:50:30.460+0000] {logging_mixin.py:190} INFO - [2025-03-16T07:50:30.459+0000] {dagbag.py:588} INFO - Filling up the DagBag from /home/airflow/.local/lib/python3.12/site-packages/airflow/example_dags/example_complex.py
[2025-03-16T07:50:30.476+0000] {processor.py:925} INFO - DAG(s) 'example_complex' retrieved from /home/airflow/.local/lib/python3.12/site-packages/airflow/example_dags/example_complex.py
[2025-03-16T07:50:30.518+0000] {logging_mixin.py:190} INFO - [2025-03-16T07:50:30.518+0000] {dag.py:3239} INFO - Sync 1 DAGs
[2025-03-16T07:50:30.536+0000] {logging_mixin.py:190} INFO - [2025-03-16T07:50:30.536+0000] {dag.py:4180} INFO - Setting next_dagrun for example_complex to None, run_after=None
[2025-03-16T07:50:30.568+0000] {processor.py:208} INFO - Processing /home/airflow/.local/lib/python3.12/site-packages/airflow/example_dags/example_complex.py took 0.121 seconds
[2025-03-16T07:51:00.993+0000] {processor.py:186} INFO - Started process (PID=39217) to work on /home/airflow/.local/lib/python3.12/site-packages/airflow/example_dags/example_complex.py
[2025-03-16T07:51:00.999+0000] {processor.py:914} INFO - Processing file /home/airflow/.local/lib/python3.12/site-packages/airflow/example_dags/example_complex.py for tasks to queue
[2025-03-16T07:51:01.006+0000] {logging_mixin.py:190} INFO - [2025-03-16T07:51:01.005+0000] {dagbag.py:588} INFO - Filling up the DagBag from /home/airflow/.local/lib/python3.12/site-packages/airflow/example_dags/example_complex.py
[2025-03-16T07:51:01.035+0000] {processor.py:925} INFO - DAG(s) 'example_complex' retrieved from /home/airflow/.local/lib/python3.12/site-packages/airflow/example_dags/example_complex.py
[2025-03-16T07:51:01.098+0000] {logging_mixin.py:190} INFO - [2025-03-16T07:51:01.098+0000] {dag.py:3239} INFO - Sync 1 DAGs
[2025-03-16T07:51:01.123+0000] {logging_mixin.py:190} INFO - [2025-03-16T07:51:01.122+0000] {dag.py:4180} INFO - Setting next_dagrun for example_complex to None, run_after=None
[2025-03-16T07:51:01.168+0000] {processor.py:208} INFO - Processing /home/airflow/.local/lib/python3.12/site-packages/airflow/example_dags/example_complex.py took 0.183 seconds
[2025-03-16T07:51:31.556+0000] {processor.py:186} INFO - Started process (PID=39283) to work on /home/airflow/.local/lib/python3.12/site-packages/airflow/example_dags/example_complex.py
[2025-03-16T07:51:31.558+0000] {processor.py:914} INFO - Processing file /home/airflow/.local/lib/python3.12/site-packages/airflow/example_dags/example_complex.py for tasks to queue
[2025-03-16T07:51:31.564+0000] {logging_mixin.py:190} INFO - [2025-03-16T07:51:31.563+0000] {dagbag.py:588} INFO - Filling up the DagBag from /home/airflow/.local/lib/python3.12/site-packages/airflow/example_dags/example_complex.py
[2025-03-16T07:51:31.586+0000] {processor.py:925} INFO - DAG(s) 'example_complex' retrieved from /home/airflow/.local/lib/python3.12/site-packages/airflow/example_dags/example_complex.py
[2025-03-16T07:51:31.636+0000] {logging_mixin.py:190} INFO - [2025-03-16T07:51:31.636+0000] {dag.py:3239} INFO - Sync 1 DAGs
[2025-03-16T07:51:31.658+0000] {logging_mixin.py:190} INFO - [2025-03-16T07:51:31.658+0000] {dag.py:4180} INFO - Setting next_dagrun for example_complex to None, run_after=None
[2025-03-16T07:51:31.692+0000] {processor.py:208} INFO - Processing /home/airflow/.local/lib/python3.12/site-packages/airflow/example_dags/example_complex.py took 0.146 seconds
[2025-03-16T07:52:02.328+0000] {processor.py:186} INFO - Started process (PID=39354) to work on /home/airflow/.local/lib/python3.12/site-packages/airflow/example_dags/example_complex.py
[2025-03-16T07:52:02.330+0000] {processor.py:914} INFO - Processing file /home/airflow/.local/lib/python3.12/site-packages/airflow/example_dags/example_complex.py for tasks to queue
[2025-03-16T07:52:02.334+0000] {logging_mixin.py:190} INFO - [2025-03-16T07:52:02.333+0000] {dagbag.py:588} INFO - Filling up the DagBag from /home/airflow/.local/lib/python3.12/site-packages/airflow/example_dags/example_complex.py
[2025-03-16T07:52:02.349+0000] {processor.py:925} INFO - DAG(s) 'example_complex' retrieved from /home/airflow/.local/lib/python3.12/site-packages/airflow/example_dags/example_complex.py
[2025-03-16T07:52:02.390+0000] {logging_mixin.py:190} INFO - [2025-03-16T07:52:02.389+0000] {dag.py:3239} INFO - Sync 1 DAGs
[2025-03-16T07:52:02.408+0000] {logging_mixin.py:190} INFO - [2025-03-16T07:52:02.407+0000] {dag.py:4180} INFO - Setting next_dagrun for example_complex to None, run_after=None
[2025-03-16T07:52:02.435+0000] {processor.py:208} INFO - Processing /home/airflow/.local/lib/python3.12/site-packages/airflow/example_dags/example_complex.py took 0.114 seconds
[2025-03-16T07:52:32.919+0000] {processor.py:186} INFO - Started process (PID=39419) to work on /home/airflow/.local/lib/python3.12/site-packages/airflow/example_dags/example_complex.py
[2025-03-16T07:52:32.920+0000] {processor.py:914} INFO - Processing file /home/airflow/.local/lib/python3.12/site-packages/airflow/example_dags/example_complex.py for tasks to queue
[2025-03-16T07:52:32.924+0000] {logging_mixin.py:190} INFO - [2025-03-16T07:52:32.923+0000] {dagbag.py:588} INFO - Filling up the DagBag from /home/airflow/.local/lib/python3.12/site-packages/airflow/example_dags/example_complex.py
[2025-03-16T07:52:32.938+0000] {processor.py:925} INFO - DAG(s) 'example_complex' retrieved from /home/airflow/.local/lib/python3.12/site-packages/airflow/example_dags/example_complex.py
[2025-03-16T07:52:32.981+0000] {logging_mixin.py:190} INFO - [2025-03-16T07:52:32.981+0000] {dag.py:3239} INFO - Sync 1 DAGs
[2025-03-16T07:52:32.999+0000] {logging_mixin.py:190} INFO - [2025-03-16T07:52:32.999+0000] {dag.py:4180} INFO - Setting next_dagrun for example_complex to None, run_after=None
[2025-03-16T07:52:33.028+0000] {processor.py:208} INFO - Processing /home/airflow/.local/lib/python3.12/site-packages/airflow/example_dags/example_complex.py took 0.116 seconds
[2025-03-16T07:53:03.694+0000] {processor.py:186} INFO - Started process (PID=39483) to work on /home/airflow/.local/lib/python3.12/site-packages/airflow/example_dags/example_complex.py
[2025-03-16T07:53:03.697+0000] {processor.py:914} INFO - Processing file /home/airflow/.local/lib/python3.12/site-packages/airflow/example_dags/example_complex.py for tasks to queue
[2025-03-16T07:53:03.702+0000] {logging_mixin.py:190} INFO - [2025-03-16T07:53:03.701+0000] {dagbag.py:588} INFO - Filling up the DagBag from /home/airflow/.local/lib/python3.12/site-packages/airflow/example_dags/example_complex.py
[2025-03-16T07:53:03.727+0000] {processor.py:925} INFO - DAG(s) 'example_complex' retrieved from /home/airflow/.local/lib/python3.12/site-packages/airflow/example_dags/example_complex.py
[2025-03-16T07:53:03.788+0000] {logging_mixin.py:190} INFO - [2025-03-16T07:53:03.788+0000] {dag.py:3239} INFO - Sync 1 DAGs
[2025-03-16T07:53:03.815+0000] {logging_mixin.py:190} INFO - [2025-03-16T07:53:03.814+0000] {dag.py:4180} INFO - Setting next_dagrun for example_complex to None, run_after=None
[2025-03-16T07:53:03.846+0000] {processor.py:208} INFO - Processing /home/airflow/.local/lib/python3.12/site-packages/airflow/example_dags/example_complex.py took 0.169 seconds
[2025-03-16T07:53:34.216+0000] {processor.py:186} INFO - Started process (PID=39548) to work on /home/airflow/.local/lib/python3.12/site-packages/airflow/example_dags/example_complex.py
[2025-03-16T07:53:34.218+0000] {processor.py:914} INFO - Processing file /home/airflow/.local/lib/python3.12/site-packages/airflow/example_dags/example_complex.py for tasks to queue
[2025-03-16T07:53:34.222+0000] {logging_mixin.py:190} INFO - [2025-03-16T07:53:34.221+0000] {dagbag.py:588} INFO - Filling up the DagBag from /home/airflow/.local/lib/python3.12/site-packages/airflow/example_dags/example_complex.py
[2025-03-16T07:53:34.238+0000] {processor.py:925} INFO - DAG(s) 'example_complex' retrieved from /home/airflow/.local/lib/python3.12/site-packages/airflow/example_dags/example_complex.py
[2025-03-16T07:53:34.281+0000] {logging_mixin.py:190} INFO - [2025-03-16T07:53:34.280+0000] {dag.py:3239} INFO - Sync 1 DAGs
[2025-03-16T07:53:34.303+0000] {logging_mixin.py:190} INFO - [2025-03-16T07:53:34.302+0000] {dag.py:4180} INFO - Setting next_dagrun for example_complex to None, run_after=None
[2025-03-16T07:53:34.334+0000] {processor.py:208} INFO - Processing /home/airflow/.local/lib/python3.12/site-packages/airflow/example_dags/example_complex.py took 0.126 seconds
[2025-03-16T07:54:04.820+0000] {processor.py:186} INFO - Started process (PID=39613) to work on /home/airflow/.local/lib/python3.12/site-packages/airflow/example_dags/example_complex.py
[2025-03-16T07:54:04.822+0000] {processor.py:914} INFO - Processing file /home/airflow/.local/lib/python3.12/site-packages/airflow/example_dags/example_complex.py for tasks to queue
[2025-03-16T07:54:04.825+0000] {logging_mixin.py:190} INFO - [2025-03-16T07:54:04.825+0000] {dagbag.py:588} INFO - Filling up the DagBag from /home/airflow/.local/lib/python3.12/site-packages/airflow/example_dags/example_complex.py
[2025-03-16T07:54:04.842+0000] {processor.py:925} INFO - DAG(s) 'example_complex' retrieved from /home/airflow/.local/lib/python3.12/site-packages/airflow/example_dags/example_complex.py
[2025-03-16T07:54:04.886+0000] {logging_mixin.py:190} INFO - [2025-03-16T07:54:04.886+0000] {dag.py:3239} INFO - Sync 1 DAGs
[2025-03-16T07:54:04.910+0000] {logging_mixin.py:190} INFO - [2025-03-16T07:54:04.910+0000] {dag.py:4180} INFO - Setting next_dagrun for example_complex to None, run_after=None
[2025-03-16T07:54:04.940+0000] {processor.py:208} INFO - Processing /home/airflow/.local/lib/python3.12/site-packages/airflow/example_dags/example_complex.py took 0.128 seconds
[2025-03-16T07:54:35.231+0000] {processor.py:186} INFO - Started process (PID=39678) to work on /home/airflow/.local/lib/python3.12/site-packages/airflow/example_dags/example_complex.py
[2025-03-16T07:54:35.233+0000] {processor.py:914} INFO - Processing file /home/airflow/.local/lib/python3.12/site-packages/airflow/example_dags/example_complex.py for tasks to queue
[2025-03-16T07:54:35.238+0000] {logging_mixin.py:190} INFO - [2025-03-16T07:54:35.237+0000] {dagbag.py:588} INFO - Filling up the DagBag from /home/airflow/.local/lib/python3.12/site-packages/airflow/example_dags/example_complex.py
[2025-03-16T07:54:35.260+0000] {processor.py:925} INFO - DAG(s) 'example_complex' retrieved from /home/airflow/.local/lib/python3.12/site-packages/airflow/example_dags/example_complex.py
[2025-03-16T07:54:35.312+0000] {logging_mixin.py:190} INFO - [2025-03-16T07:54:35.312+0000] {dag.py:3239} INFO - Sync 1 DAGs
[2025-03-16T07:54:35.332+0000] {logging_mixin.py:190} INFO - [2025-03-16T07:54:35.331+0000] {dag.py:4180} INFO - Setting next_dagrun for example_complex to None, run_after=None
[2025-03-16T07:54:35.376+0000] {processor.py:208} INFO - Processing /home/airflow/.local/lib/python3.12/site-packages/airflow/example_dags/example_complex.py took 0.155 seconds
[2025-03-16T07:55:05.694+0000] {processor.py:186} INFO - Started process (PID=39743) to work on /home/airflow/.local/lib/python3.12/site-packages/airflow/example_dags/example_complex.py
[2025-03-16T07:55:05.695+0000] {processor.py:914} INFO - Processing file /home/airflow/.local/lib/python3.12/site-packages/airflow/example_dags/example_complex.py for tasks to queue
[2025-03-16T07:55:05.698+0000] {logging_mixin.py:190} INFO - [2025-03-16T07:55:05.698+0000] {dagbag.py:588} INFO - Filling up the DagBag from /home/airflow/.local/lib/python3.12/site-packages/airflow/example_dags/example_complex.py
[2025-03-16T07:55:05.714+0000] {processor.py:925} INFO - DAG(s) 'example_complex' retrieved from /home/airflow/.local/lib/python3.12/site-packages/airflow/example_dags/example_complex.py
[2025-03-16T07:55:05.756+0000] {logging_mixin.py:190} INFO - [2025-03-16T07:55:05.755+0000] {dag.py:3239} INFO - Sync 1 DAGs
[2025-03-16T07:55:05.773+0000] {logging_mixin.py:190} INFO - [2025-03-16T07:55:05.773+0000] {dag.py:4180} INFO - Setting next_dagrun for example_complex to None, run_after=None
[2025-03-16T07:55:05.804+0000] {processor.py:208} INFO - Processing /home/airflow/.local/lib/python3.12/site-packages/airflow/example_dags/example_complex.py took 0.117 seconds
[2025-03-16T07:55:36.305+0000] {processor.py:186} INFO - Started process (PID=39809) to work on /home/airflow/.local/lib/python3.12/site-packages/airflow/example_dags/example_complex.py
[2025-03-16T07:55:36.307+0000] {processor.py:914} INFO - Processing file /home/airflow/.local/lib/python3.12/site-packages/airflow/example_dags/example_complex.py for tasks to queue
[2025-03-16T07:55:36.311+0000] {logging_mixin.py:190} INFO - [2025-03-16T07:55:36.310+0000] {dagbag.py:588} INFO - Filling up the DagBag from /home/airflow/.local/lib/python3.12/site-packages/airflow/example_dags/example_complex.py
[2025-03-16T07:55:36.327+0000] {processor.py:925} INFO - DAG(s) 'example_complex' retrieved from /home/airflow/.local/lib/python3.12/site-packages/airflow/example_dags/example_complex.py
[2025-03-16T07:55:36.371+0000] {logging_mixin.py:190} INFO - [2025-03-16T07:55:36.370+0000] {dag.py:3239} INFO - Sync 1 DAGs
[2025-03-16T07:55:36.392+0000] {logging_mixin.py:190} INFO - [2025-03-16T07:55:36.392+0000] {dag.py:4180} INFO - Setting next_dagrun for example_complex to None, run_after=None
[2025-03-16T07:55:36.424+0000] {processor.py:208} INFO - Processing /home/airflow/.local/lib/python3.12/site-packages/airflow/example_dags/example_complex.py took 0.127 seconds
[2025-03-16T07:56:06.560+0000] {processor.py:186} INFO - Started process (PID=39874) to work on /home/airflow/.local/lib/python3.12/site-packages/airflow/example_dags/example_complex.py
[2025-03-16T07:56:06.562+0000] {processor.py:914} INFO - Processing file /home/airflow/.local/lib/python3.12/site-packages/airflow/example_dags/example_complex.py for tasks to queue
[2025-03-16T07:56:06.565+0000] {logging_mixin.py:190} INFO - [2025-03-16T07:56:06.565+0000] {dagbag.py:588} INFO - Filling up the DagBag from /home/airflow/.local/lib/python3.12/site-packages/airflow/example_dags/example_complex.py
[2025-03-16T07:56:06.582+0000] {processor.py:925} INFO - DAG(s) 'example_complex' retrieved from /home/airflow/.local/lib/python3.12/site-packages/airflow/example_dags/example_complex.py
[2025-03-16T07:56:06.629+0000] {logging_mixin.py:190} INFO - [2025-03-16T07:56:06.629+0000] {dag.py:3239} INFO - Sync 1 DAGs
[2025-03-16T07:56:06.653+0000] {logging_mixin.py:190} INFO - [2025-03-16T07:56:06.653+0000] {dag.py:4180} INFO - Setting next_dagrun for example_complex to None, run_after=None
[2025-03-16T07:56:06.683+0000] {processor.py:208} INFO - Processing /home/airflow/.local/lib/python3.12/site-packages/airflow/example_dags/example_complex.py took 0.132 seconds
[2025-03-16T07:56:36.806+0000] {processor.py:186} INFO - Started process (PID=39939) to work on /home/airflow/.local/lib/python3.12/site-packages/airflow/example_dags/example_complex.py
[2025-03-16T07:56:36.808+0000] {processor.py:914} INFO - Processing file /home/airflow/.local/lib/python3.12/site-packages/airflow/example_dags/example_complex.py for tasks to queue
[2025-03-16T07:56:36.812+0000] {logging_mixin.py:190} INFO - [2025-03-16T07:56:36.812+0000] {dagbag.py:588} INFO - Filling up the DagBag from /home/airflow/.local/lib/python3.12/site-packages/airflow/example_dags/example_complex.py
[2025-03-16T07:56:36.831+0000] {processor.py:925} INFO - DAG(s) 'example_complex' retrieved from /home/airflow/.local/lib/python3.12/site-packages/airflow/example_dags/example_complex.py
[2025-03-16T07:56:36.877+0000] {logging_mixin.py:190} INFO - [2025-03-16T07:56:36.877+0000] {dag.py:3239} INFO - Sync 1 DAGs
[2025-03-16T07:56:36.898+0000] {logging_mixin.py:190} INFO - [2025-03-16T07:56:36.898+0000] {dag.py:4180} INFO - Setting next_dagrun for example_complex to None, run_after=None
[2025-03-16T07:56:36.929+0000] {processor.py:208} INFO - Processing /home/airflow/.local/lib/python3.12/site-packages/airflow/example_dags/example_complex.py took 0.133 seconds
[2025-03-16T07:57:07.582+0000] {processor.py:186} INFO - Started process (PID=40004) to work on /home/airflow/.local/lib/python3.12/site-packages/airflow/example_dags/example_complex.py
[2025-03-16T07:57:07.584+0000] {processor.py:914} INFO - Processing file /home/airflow/.local/lib/python3.12/site-packages/airflow/example_dags/example_complex.py for tasks to queue
[2025-03-16T07:57:07.588+0000] {logging_mixin.py:190} INFO - [2025-03-16T07:57:07.587+0000] {dagbag.py:588} INFO - Filling up the DagBag from /home/airflow/.local/lib/python3.12/site-packages/airflow/example_dags/example_complex.py
[2025-03-16T07:57:07.605+0000] {processor.py:925} INFO - DAG(s) 'example_complex' retrieved from /home/airflow/.local/lib/python3.12/site-packages/airflow/example_dags/example_complex.py
[2025-03-16T07:57:07.651+0000] {logging_mixin.py:190} INFO - [2025-03-16T07:57:07.651+0000] {dag.py:3239} INFO - Sync 1 DAGs
[2025-03-16T07:57:07.673+0000] {logging_mixin.py:190} INFO - [2025-03-16T07:57:07.672+0000] {dag.py:4180} INFO - Setting next_dagrun for example_complex to None, run_after=None
[2025-03-16T07:57:07.709+0000] {processor.py:208} INFO - Processing /home/airflow/.local/lib/python3.12/site-packages/airflow/example_dags/example_complex.py took 0.136 seconds
[2025-03-16T07:57:37.800+0000] {processor.py:186} INFO - Started process (PID=40069) to work on /home/airflow/.local/lib/python3.12/site-packages/airflow/example_dags/example_complex.py
[2025-03-16T07:57:37.802+0000] {processor.py:914} INFO - Processing file /home/airflow/.local/lib/python3.12/site-packages/airflow/example_dags/example_complex.py for tasks to queue
[2025-03-16T07:57:37.806+0000] {logging_mixin.py:190} INFO - [2025-03-16T07:57:37.805+0000] {dagbag.py:588} INFO - Filling up the DagBag from /home/airflow/.local/lib/python3.12/site-packages/airflow/example_dags/example_complex.py
[2025-03-16T07:57:37.822+0000] {processor.py:925} INFO - DAG(s) 'example_complex' retrieved from /home/airflow/.local/lib/python3.12/site-packages/airflow/example_dags/example_complex.py
[2025-03-16T07:57:37.866+0000] {logging_mixin.py:190} INFO - [2025-03-16T07:57:37.866+0000] {dag.py:3239} INFO - Sync 1 DAGs
[2025-03-16T07:57:37.885+0000] {logging_mixin.py:190} INFO - [2025-03-16T07:57:37.885+0000] {dag.py:4180} INFO - Setting next_dagrun for example_complex to None, run_after=None
[2025-03-16T07:57:37.921+0000] {processor.py:208} INFO - Processing /home/airflow/.local/lib/python3.12/site-packages/airflow/example_dags/example_complex.py took 0.128 seconds
[2025-03-16T07:58:08.485+0000] {processor.py:186} INFO - Started process (PID=40134) to work on /home/airflow/.local/lib/python3.12/site-packages/airflow/example_dags/example_complex.py
[2025-03-16T07:58:08.487+0000] {processor.py:914} INFO - Processing file /home/airflow/.local/lib/python3.12/site-packages/airflow/example_dags/example_complex.py for tasks to queue
[2025-03-16T07:58:08.490+0000] {logging_mixin.py:190} INFO - [2025-03-16T07:58:08.490+0000] {dagbag.py:588} INFO - Filling up the DagBag from /home/airflow/.local/lib/python3.12/site-packages/airflow/example_dags/example_complex.py
[2025-03-16T07:58:08.504+0000] {processor.py:925} INFO - DAG(s) 'example_complex' retrieved from /home/airflow/.local/lib/python3.12/site-packages/airflow/example_dags/example_complex.py
[2025-03-16T07:58:08.547+0000] {logging_mixin.py:190} INFO - [2025-03-16T07:58:08.547+0000] {dag.py:3239} INFO - Sync 1 DAGs
[2025-03-16T07:58:08.567+0000] {logging_mixin.py:190} INFO - [2025-03-16T07:58:08.567+0000] {dag.py:4180} INFO - Setting next_dagrun for example_complex to None, run_after=None
[2025-03-16T07:58:08.597+0000] {processor.py:208} INFO - Processing /home/airflow/.local/lib/python3.12/site-packages/airflow/example_dags/example_complex.py took 0.119 seconds
[2025-03-16T07:58:40.199+0000] {processor.py:186} INFO - Started process (PID=40194) to work on /home/airflow/.local/lib/python3.12/site-packages/airflow/example_dags/example_complex.py
[2025-03-16T07:58:40.201+0000] {processor.py:914} INFO - Processing file /home/airflow/.local/lib/python3.12/site-packages/airflow/example_dags/example_complex.py for tasks to queue
[2025-03-16T07:58:40.205+0000] {logging_mixin.py:190} INFO - [2025-03-16T07:58:40.205+0000] {dagbag.py:588} INFO - Filling up the DagBag from /home/airflow/.local/lib/python3.12/site-packages/airflow/example_dags/example_complex.py
[2025-03-16T07:58:40.222+0000] {processor.py:925} INFO - DAG(s) 'example_complex' retrieved from /home/airflow/.local/lib/python3.12/site-packages/airflow/example_dags/example_complex.py
[2025-03-16T07:58:40.267+0000] {logging_mixin.py:190} INFO - [2025-03-16T07:58:40.267+0000] {dag.py:3239} INFO - Sync 1 DAGs
[2025-03-16T07:58:40.286+0000] {logging_mixin.py:190} INFO - [2025-03-16T07:58:40.286+0000] {dag.py:4180} INFO - Setting next_dagrun for example_complex to None, run_after=None
[2025-03-16T07:58:40.316+0000] {processor.py:208} INFO - Processing /home/airflow/.local/lib/python3.12/site-packages/airflow/example_dags/example_complex.py took 0.125 seconds
[2025-03-16T07:59:10.528+0000] {processor.py:186} INFO - Started process (PID=40257) to work on /home/airflow/.local/lib/python3.12/site-packages/airflow/example_dags/example_complex.py
[2025-03-16T07:59:10.530+0000] {processor.py:914} INFO - Processing file /home/airflow/.local/lib/python3.12/site-packages/airflow/example_dags/example_complex.py for tasks to queue
[2025-03-16T07:59:10.534+0000] {logging_mixin.py:190} INFO - [2025-03-16T07:59:10.533+0000] {dagbag.py:588} INFO - Filling up the DagBag from /home/airflow/.local/lib/python3.12/site-packages/airflow/example_dags/example_complex.py
[2025-03-16T07:59:10.549+0000] {processor.py:925} INFO - DAG(s) 'example_complex' retrieved from /home/airflow/.local/lib/python3.12/site-packages/airflow/example_dags/example_complex.py
[2025-03-16T07:59:10.592+0000] {logging_mixin.py:190} INFO - [2025-03-16T07:59:10.592+0000] {dag.py:3239} INFO - Sync 1 DAGs
[2025-03-16T07:59:10.617+0000] {logging_mixin.py:190} INFO - [2025-03-16T07:59:10.616+0000] {dag.py:4180} INFO - Setting next_dagrun for example_complex to None, run_after=None
[2025-03-16T07:59:10.652+0000] {processor.py:208} INFO - Processing /home/airflow/.local/lib/python3.12/site-packages/airflow/example_dags/example_complex.py took 0.131 seconds
[2025-03-16T07:59:41.299+0000] {processor.py:186} INFO - Started process (PID=40319) to work on /home/airflow/.local/lib/python3.12/site-packages/airflow/example_dags/example_complex.py
[2025-03-16T07:59:41.301+0000] {processor.py:914} INFO - Processing file /home/airflow/.local/lib/python3.12/site-packages/airflow/example_dags/example_complex.py for tasks to queue
[2025-03-16T07:59:41.305+0000] {logging_mixin.py:190} INFO - [2025-03-16T07:59:41.304+0000] {dagbag.py:588} INFO - Filling up the DagBag from /home/airflow/.local/lib/python3.12/site-packages/airflow/example_dags/example_complex.py
[2025-03-16T07:59:41.321+0000] {processor.py:925} INFO - DAG(s) 'example_complex' retrieved from /home/airflow/.local/lib/python3.12/site-packages/airflow/example_dags/example_complex.py
[2025-03-16T07:59:41.369+0000] {logging_mixin.py:190} INFO - [2025-03-16T07:59:41.368+0000] {dag.py:3239} INFO - Sync 1 DAGs
[2025-03-16T07:59:41.389+0000] {logging_mixin.py:190} INFO - [2025-03-16T07:59:41.388+0000] {dag.py:4180} INFO - Setting next_dagrun for example_complex to None, run_after=None
[2025-03-16T07:59:41.425+0000] {processor.py:208} INFO - Processing /home/airflow/.local/lib/python3.12/site-packages/airflow/example_dags/example_complex.py took 0.136 seconds
[2025-03-16T08:00:11.850+0000] {processor.py:186} INFO - Started process (PID=40384) to work on /home/airflow/.local/lib/python3.12/site-packages/airflow/example_dags/example_complex.py
[2025-03-16T08:00:11.851+0000] {processor.py:914} INFO - Processing file /home/airflow/.local/lib/python3.12/site-packages/airflow/example_dags/example_complex.py for tasks to queue
[2025-03-16T08:00:11.856+0000] {logging_mixin.py:190} INFO - [2025-03-16T08:00:11.855+0000] {dagbag.py:588} INFO - Filling up the DagBag from /home/airflow/.local/lib/python3.12/site-packages/airflow/example_dags/example_complex.py
[2025-03-16T08:00:11.873+0000] {processor.py:925} INFO - DAG(s) 'example_complex' retrieved from /home/airflow/.local/lib/python3.12/site-packages/airflow/example_dags/example_complex.py
[2025-03-16T08:00:11.920+0000] {logging_mixin.py:190} INFO - [2025-03-16T08:00:11.919+0000] {dag.py:3239} INFO - Sync 1 DAGs
[2025-03-16T08:00:11.942+0000] {logging_mixin.py:190} INFO - [2025-03-16T08:00:11.941+0000] {dag.py:4180} INFO - Setting next_dagrun for example_complex to None, run_after=None
[2025-03-16T08:00:11.972+0000] {processor.py:208} INFO - Processing /home/airflow/.local/lib/python3.12/site-packages/airflow/example_dags/example_complex.py took 0.130 seconds
[2025-03-16T08:00:42.462+0000] {processor.py:186} INFO - Started process (PID=40447) to work on /home/airflow/.local/lib/python3.12/site-packages/airflow/example_dags/example_complex.py
[2025-03-16T08:00:42.463+0000] {processor.py:914} INFO - Processing file /home/airflow/.local/lib/python3.12/site-packages/airflow/example_dags/example_complex.py for tasks to queue
[2025-03-16T08:00:42.467+0000] {logging_mixin.py:190} INFO - [2025-03-16T08:00:42.467+0000] {dagbag.py:588} INFO - Filling up the DagBag from /home/airflow/.local/lib/python3.12/site-packages/airflow/example_dags/example_complex.py
[2025-03-16T08:00:42.488+0000] {processor.py:925} INFO - DAG(s) 'example_complex' retrieved from /home/airflow/.local/lib/python3.12/site-packages/airflow/example_dags/example_complex.py
[2025-03-16T08:00:42.543+0000] {logging_mixin.py:190} INFO - [2025-03-16T08:00:42.543+0000] {dag.py:3239} INFO - Sync 1 DAGs
[2025-03-16T08:00:42.566+0000] {logging_mixin.py:190} INFO - [2025-03-16T08:00:42.566+0000] {dag.py:4180} INFO - Setting next_dagrun for example_complex to None, run_after=None
[2025-03-16T08:00:42.599+0000] {processor.py:208} INFO - Processing /home/airflow/.local/lib/python3.12/site-packages/airflow/example_dags/example_complex.py took 0.148 seconds
[2025-03-16T08:01:13.419+0000] {processor.py:186} INFO - Started process (PID=40512) to work on /home/airflow/.local/lib/python3.12/site-packages/airflow/example_dags/example_complex.py
[2025-03-16T08:01:13.422+0000] {processor.py:914} INFO - Processing file /home/airflow/.local/lib/python3.12/site-packages/airflow/example_dags/example_complex.py for tasks to queue
[2025-03-16T08:01:13.426+0000] {logging_mixin.py:190} INFO - [2025-03-16T08:01:13.425+0000] {dagbag.py:588} INFO - Filling up the DagBag from /home/airflow/.local/lib/python3.12/site-packages/airflow/example_dags/example_complex.py
[2025-03-16T08:01:13.442+0000] {processor.py:925} INFO - DAG(s) 'example_complex' retrieved from /home/airflow/.local/lib/python3.12/site-packages/airflow/example_dags/example_complex.py
[2025-03-16T08:01:13.486+0000] {logging_mixin.py:190} INFO - [2025-03-16T08:01:13.486+0000] {dag.py:3239} INFO - Sync 1 DAGs
[2025-03-16T08:01:13.506+0000] {logging_mixin.py:190} INFO - [2025-03-16T08:01:13.506+0000] {dag.py:4180} INFO - Setting next_dagrun for example_complex to None, run_after=None
[2025-03-16T08:01:13.542+0000] {processor.py:208} INFO - Processing /home/airflow/.local/lib/python3.12/site-packages/airflow/example_dags/example_complex.py took 0.131 seconds
[2025-03-16T08:01:43.991+0000] {processor.py:186} INFO - Started process (PID=40578) to work on /home/airflow/.local/lib/python3.12/site-packages/airflow/example_dags/example_complex.py
[2025-03-16T08:01:43.993+0000] {processor.py:914} INFO - Processing file /home/airflow/.local/lib/python3.12/site-packages/airflow/example_dags/example_complex.py for tasks to queue
[2025-03-16T08:01:43.998+0000] {logging_mixin.py:190} INFO - [2025-03-16T08:01:43.997+0000] {dagbag.py:588} INFO - Filling up the DagBag from /home/airflow/.local/lib/python3.12/site-packages/airflow/example_dags/example_complex.py
[2025-03-16T08:01:44.025+0000] {processor.py:925} INFO - DAG(s) 'example_complex' retrieved from /home/airflow/.local/lib/python3.12/site-packages/airflow/example_dags/example_complex.py
[2025-03-16T08:01:44.096+0000] {logging_mixin.py:190} INFO - [2025-03-16T08:01:44.095+0000] {dag.py:3239} INFO - Sync 1 DAGs
[2025-03-16T08:01:44.120+0000] {logging_mixin.py:190} INFO - [2025-03-16T08:01:44.119+0000] {dag.py:4180} INFO - Setting next_dagrun for example_complex to None, run_after=None
[2025-03-16T08:01:44.159+0000] {processor.py:208} INFO - Processing /home/airflow/.local/lib/python3.12/site-packages/airflow/example_dags/example_complex.py took 0.178 seconds
[2025-03-16T08:02:14.922+0000] {processor.py:186} INFO - Started process (PID=40644) to work on /home/airflow/.local/lib/python3.12/site-packages/airflow/example_dags/example_complex.py
[2025-03-16T08:02:14.924+0000] {processor.py:914} INFO - Processing file /home/airflow/.local/lib/python3.12/site-packages/airflow/example_dags/example_complex.py for tasks to queue
[2025-03-16T08:02:14.929+0000] {logging_mixin.py:190} INFO - [2025-03-16T08:02:14.928+0000] {dagbag.py:588} INFO - Filling up the DagBag from /home/airflow/.local/lib/python3.12/site-packages/airflow/example_dags/example_complex.py
[2025-03-16T08:02:14.957+0000] {processor.py:925} INFO - DAG(s) 'example_complex' retrieved from /home/airflow/.local/lib/python3.12/site-packages/airflow/example_dags/example_complex.py
[2025-03-16T08:02:15.021+0000] {logging_mixin.py:190} INFO - [2025-03-16T08:02:15.020+0000] {dag.py:3239} INFO - Sync 1 DAGs
[2025-03-16T08:02:15.053+0000] {logging_mixin.py:190} INFO - [2025-03-16T08:02:15.053+0000] {dag.py:4180} INFO - Setting next_dagrun for example_complex to None, run_after=None
[2025-03-16T08:02:15.101+0000] {processor.py:208} INFO - Processing /home/airflow/.local/lib/python3.12/site-packages/airflow/example_dags/example_complex.py took 0.189 seconds
[2025-03-16T08:02:45.261+0000] {processor.py:186} INFO - Started process (PID=40707) to work on /home/airflow/.local/lib/python3.12/site-packages/airflow/example_dags/example_complex.py
[2025-03-16T08:02:45.265+0000] {processor.py:914} INFO - Processing file /home/airflow/.local/lib/python3.12/site-packages/airflow/example_dags/example_complex.py for tasks to queue
[2025-03-16T08:02:45.270+0000] {logging_mixin.py:190} INFO - [2025-03-16T08:02:45.269+0000] {dagbag.py:588} INFO - Filling up the DagBag from /home/airflow/.local/lib/python3.12/site-packages/airflow/example_dags/example_complex.py
[2025-03-16T08:02:45.297+0000] {processor.py:925} INFO - DAG(s) 'example_complex' retrieved from /home/airflow/.local/lib/python3.12/site-packages/airflow/example_dags/example_complex.py
[2025-03-16T08:02:45.368+0000] {logging_mixin.py:190} INFO - [2025-03-16T08:02:45.367+0000] {dag.py:3239} INFO - Sync 1 DAGs
[2025-03-16T08:02:45.398+0000] {logging_mixin.py:190} INFO - [2025-03-16T08:02:45.397+0000] {dag.py:4180} INFO - Setting next_dagrun for example_complex to None, run_after=None
[2025-03-16T08:02:45.442+0000] {processor.py:208} INFO - Processing /home/airflow/.local/lib/python3.12/site-packages/airflow/example_dags/example_complex.py took 0.194 seconds
[2025-03-16T08:03:16.004+0000] {processor.py:186} INFO - Started process (PID=40770) to work on /home/airflow/.local/lib/python3.12/site-packages/airflow/example_dags/example_complex.py
[2025-03-16T08:03:16.006+0000] {processor.py:914} INFO - Processing file /home/airflow/.local/lib/python3.12/site-packages/airflow/example_dags/example_complex.py for tasks to queue
[2025-03-16T08:03:16.010+0000] {logging_mixin.py:190} INFO - [2025-03-16T08:03:16.009+0000] {dagbag.py:588} INFO - Filling up the DagBag from /home/airflow/.local/lib/python3.12/site-packages/airflow/example_dags/example_complex.py
[2025-03-16T08:03:16.031+0000] {processor.py:925} INFO - DAG(s) 'example_complex' retrieved from /home/airflow/.local/lib/python3.12/site-packages/airflow/example_dags/example_complex.py
[2025-03-16T08:03:16.097+0000] {logging_mixin.py:190} INFO - [2025-03-16T08:03:16.097+0000] {dag.py:3239} INFO - Sync 1 DAGs
[2025-03-16T08:03:16.136+0000] {logging_mixin.py:190} INFO - [2025-03-16T08:03:16.136+0000] {dag.py:4180} INFO - Setting next_dagrun for example_complex to None, run_after=None
[2025-03-16T08:03:16.195+0000] {processor.py:208} INFO - Processing /home/airflow/.local/lib/python3.12/site-packages/airflow/example_dags/example_complex.py took 0.203 seconds
[2025-03-16T08:03:46.525+0000] {processor.py:186} INFO - Started process (PID=40835) to work on /home/airflow/.local/lib/python3.12/site-packages/airflow/example_dags/example_complex.py
[2025-03-16T08:03:46.528+0000] {processor.py:914} INFO - Processing file /home/airflow/.local/lib/python3.12/site-packages/airflow/example_dags/example_complex.py for tasks to queue
[2025-03-16T08:03:46.533+0000] {logging_mixin.py:190} INFO - [2025-03-16T08:03:46.532+0000] {dagbag.py:588} INFO - Filling up the DagBag from /home/airflow/.local/lib/python3.12/site-packages/airflow/example_dags/example_complex.py
[2025-03-16T08:03:46.557+0000] {processor.py:925} INFO - DAG(s) 'example_complex' retrieved from /home/airflow/.local/lib/python3.12/site-packages/airflow/example_dags/example_complex.py
[2025-03-16T08:03:46.615+0000] {logging_mixin.py:190} INFO - [2025-03-16T08:03:46.615+0000] {dag.py:3239} INFO - Sync 1 DAGs
[2025-03-16T08:03:46.647+0000] {logging_mixin.py:190} INFO - [2025-03-16T08:03:46.646+0000] {dag.py:4180} INFO - Setting next_dagrun for example_complex to None, run_after=None
[2025-03-16T08:03:46.692+0000] {processor.py:208} INFO - Processing /home/airflow/.local/lib/python3.12/site-packages/airflow/example_dags/example_complex.py took 0.177 seconds
[2025-03-16T08:04:17.416+0000] {processor.py:186} INFO - Started process (PID=40900) to work on /home/airflow/.local/lib/python3.12/site-packages/airflow/example_dags/example_complex.py
[2025-03-16T08:04:17.419+0000] {processor.py:914} INFO - Processing file /home/airflow/.local/lib/python3.12/site-packages/airflow/example_dags/example_complex.py for tasks to queue
[2025-03-16T08:04:17.423+0000] {logging_mixin.py:190} INFO - [2025-03-16T08:04:17.422+0000] {dagbag.py:588} INFO - Filling up the DagBag from /home/airflow/.local/lib/python3.12/site-packages/airflow/example_dags/example_complex.py
[2025-03-16T08:04:17.444+0000] {processor.py:925} INFO - DAG(s) 'example_complex' retrieved from /home/airflow/.local/lib/python3.12/site-packages/airflow/example_dags/example_complex.py
[2025-03-16T08:04:17.505+0000] {logging_mixin.py:190} INFO - [2025-03-16T08:04:17.505+0000] {dag.py:3239} INFO - Sync 1 DAGs
[2025-03-16T08:04:17.538+0000] {logging_mixin.py:190} INFO - [2025-03-16T08:04:17.537+0000] {dag.py:4180} INFO - Setting next_dagrun for example_complex to None, run_after=None
[2025-03-16T08:04:17.591+0000] {processor.py:208} INFO - Processing /home/airflow/.local/lib/python3.12/site-packages/airflow/example_dags/example_complex.py took 0.185 seconds
[2025-03-16T08:04:48.113+0000] {processor.py:186} INFO - Started process (PID=40965) to work on /home/airflow/.local/lib/python3.12/site-packages/airflow/example_dags/example_complex.py
[2025-03-16T08:04:48.116+0000] {processor.py:914} INFO - Processing file /home/airflow/.local/lib/python3.12/site-packages/airflow/example_dags/example_complex.py for tasks to queue
[2025-03-16T08:04:48.124+0000] {logging_mixin.py:190} INFO - [2025-03-16T08:04:48.123+0000] {dagbag.py:588} INFO - Filling up the DagBag from /home/airflow/.local/lib/python3.12/site-packages/airflow/example_dags/example_complex.py
[2025-03-16T08:04:48.155+0000] {processor.py:925} INFO - DAG(s) 'example_complex' retrieved from /home/airflow/.local/lib/python3.12/site-packages/airflow/example_dags/example_complex.py
[2025-03-16T08:04:48.214+0000] {logging_mixin.py:190} INFO - [2025-03-16T08:04:48.214+0000] {dag.py:3239} INFO - Sync 1 DAGs
[2025-03-16T08:04:48.242+0000] {logging_mixin.py:190} INFO - [2025-03-16T08:04:48.242+0000] {dag.py:4180} INFO - Setting next_dagrun for example_complex to None, run_after=None
[2025-03-16T08:04:48.294+0000] {processor.py:208} INFO - Processing /home/airflow/.local/lib/python3.12/site-packages/airflow/example_dags/example_complex.py took 0.195 seconds
[2025-03-16T08:05:18.944+0000] {processor.py:186} INFO - Started process (PID=41030) to work on /home/airflow/.local/lib/python3.12/site-packages/airflow/example_dags/example_complex.py
[2025-03-16T08:05:18.947+0000] {processor.py:914} INFO - Processing file /home/airflow/.local/lib/python3.12/site-packages/airflow/example_dags/example_complex.py for tasks to queue
[2025-03-16T08:05:18.953+0000] {logging_mixin.py:190} INFO - [2025-03-16T08:05:18.953+0000] {dagbag.py:588} INFO - Filling up the DagBag from /home/airflow/.local/lib/python3.12/site-packages/airflow/example_dags/example_complex.py
[2025-03-16T08:05:18.979+0000] {processor.py:925} INFO - DAG(s) 'example_complex' retrieved from /home/airflow/.local/lib/python3.12/site-packages/airflow/example_dags/example_complex.py
[2025-03-16T08:05:19.040+0000] {logging_mixin.py:190} INFO - [2025-03-16T08:05:19.039+0000] {dag.py:3239} INFO - Sync 1 DAGs
[2025-03-16T08:05:19.070+0000] {logging_mixin.py:190} INFO - [2025-03-16T08:05:19.069+0000] {dag.py:4180} INFO - Setting next_dagrun for example_complex to None, run_after=None
[2025-03-16T08:05:19.112+0000] {processor.py:208} INFO - Processing /home/airflow/.local/lib/python3.12/site-packages/airflow/example_dags/example_complex.py took 0.184 seconds
[2025-03-16T11:25:59.221+0000] {processor.py:186} INFO - Started process (PID=41097) to work on /home/airflow/.local/lib/python3.12/site-packages/airflow/example_dags/example_complex.py
[2025-03-16T11:25:59.224+0000] {processor.py:914} INFO - Processing file /home/airflow/.local/lib/python3.12/site-packages/airflow/example_dags/example_complex.py for tasks to queue
[2025-03-16T11:25:59.227+0000] {logging_mixin.py:190} INFO - [2025-03-16T11:25:59.226+0000] {dagbag.py:588} INFO - Filling up the DagBag from /home/airflow/.local/lib/python3.12/site-packages/airflow/example_dags/example_complex.py
[2025-03-16T11:25:59.279+0000] {processor.py:925} INFO - DAG(s) 'example_complex' retrieved from /home/airflow/.local/lib/python3.12/site-packages/airflow/example_dags/example_complex.py
[2025-03-16T11:25:59.396+0000] {logging_mixin.py:190} INFO - [2025-03-16T11:25:59.395+0000] {dag.py:3239} INFO - Sync 1 DAGs
[2025-03-16T11:25:59.451+0000] {logging_mixin.py:190} INFO - [2025-03-16T11:25:59.450+0000] {dag.py:4180} INFO - Setting next_dagrun for example_complex to None, run_after=None
[2025-03-16T11:26:00.170+0000] {processor.py:208} INFO - Processing /home/airflow/.local/lib/python3.12/site-packages/airflow/example_dags/example_complex.py took 0.969 seconds
[2025-03-16T11:26:31.064+0000] {processor.py:186} INFO - Started process (PID=41163) to work on /home/airflow/.local/lib/python3.12/site-packages/airflow/example_dags/example_complex.py
[2025-03-16T11:26:31.066+0000] {processor.py:914} INFO - Processing file /home/airflow/.local/lib/python3.12/site-packages/airflow/example_dags/example_complex.py for tasks to queue
[2025-03-16T11:26:31.069+0000] {logging_mixin.py:190} INFO - [2025-03-16T11:26:31.068+0000] {dagbag.py:588} INFO - Filling up the DagBag from /home/airflow/.local/lib/python3.12/site-packages/airflow/example_dags/example_complex.py
[2025-03-16T11:26:31.086+0000] {processor.py:925} INFO - DAG(s) 'example_complex' retrieved from /home/airflow/.local/lib/python3.12/site-packages/airflow/example_dags/example_complex.py
[2025-03-16T11:26:31.137+0000] {logging_mixin.py:190} INFO - [2025-03-16T11:26:31.137+0000] {dag.py:3239} INFO - Sync 1 DAGs
[2025-03-16T11:26:31.389+0000] {logging_mixin.py:190} INFO - [2025-03-16T11:26:31.388+0000] {dag.py:4180} INFO - Setting next_dagrun for example_complex to None, run_after=None
[2025-03-16T11:26:31.425+0000] {processor.py:208} INFO - Processing /home/airflow/.local/lib/python3.12/site-packages/airflow/example_dags/example_complex.py took 0.368 seconds
[2025-03-16T11:27:02.251+0000] {processor.py:186} INFO - Started process (PID=41228) to work on /home/airflow/.local/lib/python3.12/site-packages/airflow/example_dags/example_complex.py
[2025-03-16T11:27:02.253+0000] {processor.py:914} INFO - Processing file /home/airflow/.local/lib/python3.12/site-packages/airflow/example_dags/example_complex.py for tasks to queue
[2025-03-16T11:27:02.255+0000] {logging_mixin.py:190} INFO - [2025-03-16T11:27:02.254+0000] {dagbag.py:588} INFO - Filling up the DagBag from /home/airflow/.local/lib/python3.12/site-packages/airflow/example_dags/example_complex.py
[2025-03-16T11:27:02.276+0000] {processor.py:925} INFO - DAG(s) 'example_complex' retrieved from /home/airflow/.local/lib/python3.12/site-packages/airflow/example_dags/example_complex.py
[2025-03-16T11:27:02.327+0000] {logging_mixin.py:190} INFO - [2025-03-16T11:27:02.326+0000] {dag.py:3239} INFO - Sync 1 DAGs
[2025-03-16T11:27:02.351+0000] {logging_mixin.py:190} INFO - [2025-03-16T11:27:02.350+0000] {dag.py:4180} INFO - Setting next_dagrun for example_complex to None, run_after=None
[2025-03-16T11:27:02.384+0000] {processor.py:208} INFO - Processing /home/airflow/.local/lib/python3.12/site-packages/airflow/example_dags/example_complex.py took 0.142 seconds
[2025-03-16T11:27:32.935+0000] {processor.py:186} INFO - Started process (PID=41294) to work on /home/airflow/.local/lib/python3.12/site-packages/airflow/example_dags/example_complex.py
[2025-03-16T11:27:32.937+0000] {processor.py:914} INFO - Processing file /home/airflow/.local/lib/python3.12/site-packages/airflow/example_dags/example_complex.py for tasks to queue
[2025-03-16T11:27:32.940+0000] {logging_mixin.py:190} INFO - [2025-03-16T11:27:32.939+0000] {dagbag.py:588} INFO - Filling up the DagBag from /home/airflow/.local/lib/python3.12/site-packages/airflow/example_dags/example_complex.py
[2025-03-16T11:27:32.960+0000] {processor.py:925} INFO - DAG(s) 'example_complex' retrieved from /home/airflow/.local/lib/python3.12/site-packages/airflow/example_dags/example_complex.py
[2025-03-16T11:27:33.020+0000] {logging_mixin.py:190} INFO - [2025-03-16T11:27:33.020+0000] {dag.py:3239} INFO - Sync 1 DAGs
[2025-03-16T11:27:33.049+0000] {logging_mixin.py:190} INFO - [2025-03-16T11:27:33.049+0000] {dag.py:4180} INFO - Setting next_dagrun for example_complex to None, run_after=None
[2025-03-16T11:27:33.087+0000] {processor.py:208} INFO - Processing /home/airflow/.local/lib/python3.12/site-packages/airflow/example_dags/example_complex.py took 0.161 seconds
[2025-03-16T11:28:04.610+0000] {processor.py:186} INFO - Started process (PID=41358) to work on /home/airflow/.local/lib/python3.12/site-packages/airflow/example_dags/example_complex.py
[2025-03-16T11:28:04.622+0000] {processor.py:914} INFO - Processing file /home/airflow/.local/lib/python3.12/site-packages/airflow/example_dags/example_complex.py for tasks to queue
[2025-03-16T11:28:04.625+0000] {logging_mixin.py:190} INFO - [2025-03-16T11:28:04.624+0000] {dagbag.py:588} INFO - Filling up the DagBag from /home/airflow/.local/lib/python3.12/site-packages/airflow/example_dags/example_complex.py
[2025-03-16T11:28:04.705+0000] {processor.py:925} INFO - DAG(s) 'example_complex' retrieved from /home/airflow/.local/lib/python3.12/site-packages/airflow/example_dags/example_complex.py
[2025-03-16T11:28:04.877+0000] {logging_mixin.py:190} INFO - [2025-03-16T11:28:04.876+0000] {dag.py:3239} INFO - Sync 1 DAGs
[2025-03-16T11:28:04.941+0000] {logging_mixin.py:190} INFO - [2025-03-16T11:28:04.940+0000] {dag.py:4180} INFO - Setting next_dagrun for example_complex to None, run_after=None
[2025-03-16T11:28:05.032+0000] {processor.py:208} INFO - Processing /home/airflow/.local/lib/python3.12/site-packages/airflow/example_dags/example_complex.py took 0.443 seconds
[2025-03-16T11:28:35.331+0000] {processor.py:186} INFO - Started process (PID=41422) to work on /home/airflow/.local/lib/python3.12/site-packages/airflow/example_dags/example_complex.py
[2025-03-16T11:28:35.333+0000] {processor.py:914} INFO - Processing file /home/airflow/.local/lib/python3.12/site-packages/airflow/example_dags/example_complex.py for tasks to queue
[2025-03-16T11:28:35.346+0000] {logging_mixin.py:190} INFO - [2025-03-16T11:28:35.345+0000] {dagbag.py:588} INFO - Filling up the DagBag from /home/airflow/.local/lib/python3.12/site-packages/airflow/example_dags/example_complex.py
[2025-03-16T11:28:35.414+0000] {processor.py:925} INFO - DAG(s) 'example_complex' retrieved from /home/airflow/.local/lib/python3.12/site-packages/airflow/example_dags/example_complex.py
[2025-03-16T11:28:35.601+0000] {logging_mixin.py:190} INFO - [2025-03-16T11:28:35.601+0000] {dag.py:3239} INFO - Sync 1 DAGs
[2025-03-16T11:28:35.694+0000] {logging_mixin.py:190} INFO - [2025-03-16T11:28:35.688+0000] {dag.py:4180} INFO - Setting next_dagrun for example_complex to None, run_after=None
[2025-03-16T11:28:35.800+0000] {processor.py:208} INFO - Processing /home/airflow/.local/lib/python3.12/site-packages/airflow/example_dags/example_complex.py took 0.490 seconds
[2025-03-16T11:29:06.518+0000] {processor.py:186} INFO - Started process (PID=41487) to work on /home/airflow/.local/lib/python3.12/site-packages/airflow/example_dags/example_complex.py
[2025-03-16T11:29:06.521+0000] {processor.py:914} INFO - Processing file /home/airflow/.local/lib/python3.12/site-packages/airflow/example_dags/example_complex.py for tasks to queue
[2025-03-16T11:29:06.525+0000] {logging_mixin.py:190} INFO - [2025-03-16T11:29:06.523+0000] {dagbag.py:588} INFO - Filling up the DagBag from /home/airflow/.local/lib/python3.12/site-packages/airflow/example_dags/example_complex.py
[2025-03-16T11:29:06.545+0000] {processor.py:925} INFO - DAG(s) 'example_complex' retrieved from /home/airflow/.local/lib/python3.12/site-packages/airflow/example_dags/example_complex.py
[2025-03-16T11:29:06.601+0000] {logging_mixin.py:190} INFO - [2025-03-16T11:29:06.600+0000] {dag.py:3239} INFO - Sync 1 DAGs
[2025-03-16T11:29:06.629+0000] {logging_mixin.py:190} INFO - [2025-03-16T11:29:06.629+0000] {dag.py:4180} INFO - Setting next_dagrun for example_complex to None, run_after=None
[2025-03-16T11:29:06.671+0000] {processor.py:208} INFO - Processing /home/airflow/.local/lib/python3.12/site-packages/airflow/example_dags/example_complex.py took 0.162 seconds
[2025-03-16T11:29:36.892+0000] {processor.py:186} INFO - Started process (PID=41551) to work on /home/airflow/.local/lib/python3.12/site-packages/airflow/example_dags/example_complex.py
[2025-03-16T11:29:36.893+0000] {processor.py:914} INFO - Processing file /home/airflow/.local/lib/python3.12/site-packages/airflow/example_dags/example_complex.py for tasks to queue
[2025-03-16T11:29:36.896+0000] {logging_mixin.py:190} INFO - [2025-03-16T11:29:36.895+0000] {dagbag.py:588} INFO - Filling up the DagBag from /home/airflow/.local/lib/python3.12/site-packages/airflow/example_dags/example_complex.py
[2025-03-16T11:29:36.915+0000] {processor.py:925} INFO - DAG(s) 'example_complex' retrieved from /home/airflow/.local/lib/python3.12/site-packages/airflow/example_dags/example_complex.py
[2025-03-16T11:29:36.963+0000] {logging_mixin.py:190} INFO - [2025-03-16T11:29:36.962+0000] {dag.py:3239} INFO - Sync 1 DAGs
[2025-03-16T11:29:36.987+0000] {logging_mixin.py:190} INFO - [2025-03-16T11:29:36.987+0000] {dag.py:4180} INFO - Setting next_dagrun for example_complex to None, run_after=None
[2025-03-16T11:29:37.038+0000] {processor.py:208} INFO - Processing /home/airflow/.local/lib/python3.12/site-packages/airflow/example_dags/example_complex.py took 0.155 seconds
[2025-03-16T11:30:07.284+0000] {processor.py:186} INFO - Started process (PID=41622) to work on /home/airflow/.local/lib/python3.12/site-packages/airflow/example_dags/example_complex.py
[2025-03-16T11:30:07.286+0000] {processor.py:914} INFO - Processing file /home/airflow/.local/lib/python3.12/site-packages/airflow/example_dags/example_complex.py for tasks to queue
[2025-03-16T11:30:07.289+0000] {logging_mixin.py:190} INFO - [2025-03-16T11:30:07.288+0000] {dagbag.py:588} INFO - Filling up the DagBag from /home/airflow/.local/lib/python3.12/site-packages/airflow/example_dags/example_complex.py
[2025-03-16T11:30:07.309+0000] {processor.py:925} INFO - DAG(s) 'example_complex' retrieved from /home/airflow/.local/lib/python3.12/site-packages/airflow/example_dags/example_complex.py
[2025-03-16T11:30:07.358+0000] {logging_mixin.py:190} INFO - [2025-03-16T11:30:07.358+0000] {dag.py:3239} INFO - Sync 1 DAGs
[2025-03-16T11:30:07.383+0000] {logging_mixin.py:190} INFO - [2025-03-16T11:30:07.383+0000] {dag.py:4180} INFO - Setting next_dagrun for example_complex to None, run_after=None
[2025-03-16T11:30:07.431+0000] {processor.py:208} INFO - Processing /home/airflow/.local/lib/python3.12/site-packages/airflow/example_dags/example_complex.py took 0.157 seconds
[2025-03-16T11:30:37.804+0000] {processor.py:186} INFO - Started process (PID=41687) to work on /home/airflow/.local/lib/python3.12/site-packages/airflow/example_dags/example_complex.py
[2025-03-16T11:30:37.806+0000] {processor.py:914} INFO - Processing file /home/airflow/.local/lib/python3.12/site-packages/airflow/example_dags/example_complex.py for tasks to queue
[2025-03-16T11:30:37.809+0000] {logging_mixin.py:190} INFO - [2025-03-16T11:30:37.808+0000] {dagbag.py:588} INFO - Filling up the DagBag from /home/airflow/.local/lib/python3.12/site-packages/airflow/example_dags/example_complex.py
[2025-03-16T11:30:37.833+0000] {processor.py:925} INFO - DAG(s) 'example_complex' retrieved from /home/airflow/.local/lib/python3.12/site-packages/airflow/example_dags/example_complex.py
[2025-03-16T11:30:37.927+0000] {logging_mixin.py:190} INFO - [2025-03-16T11:30:37.926+0000] {dag.py:3239} INFO - Sync 1 DAGs
[2025-03-16T11:30:37.958+0000] {logging_mixin.py:190} INFO - [2025-03-16T11:30:37.957+0000] {dag.py:4180} INFO - Setting next_dagrun for example_complex to None, run_after=None
[2025-03-16T11:30:38.000+0000] {processor.py:208} INFO - Processing /home/airflow/.local/lib/python3.12/site-packages/airflow/example_dags/example_complex.py took 0.211 seconds
[2025-03-16T11:31:08.909+0000] {processor.py:186} INFO - Started process (PID=41753) to work on /home/airflow/.local/lib/python3.12/site-packages/airflow/example_dags/example_complex.py
[2025-03-16T11:31:08.911+0000] {processor.py:914} INFO - Processing file /home/airflow/.local/lib/python3.12/site-packages/airflow/example_dags/example_complex.py for tasks to queue
[2025-03-16T11:31:08.913+0000] {logging_mixin.py:190} INFO - [2025-03-16T11:31:08.913+0000] {dagbag.py:588} INFO - Filling up the DagBag from /home/airflow/.local/lib/python3.12/site-packages/airflow/example_dags/example_complex.py
[2025-03-16T11:31:08.934+0000] {processor.py:925} INFO - DAG(s) 'example_complex' retrieved from /home/airflow/.local/lib/python3.12/site-packages/airflow/example_dags/example_complex.py
[2025-03-16T11:31:08.984+0000] {logging_mixin.py:190} INFO - [2025-03-16T11:31:08.984+0000] {dag.py:3239} INFO - Sync 1 DAGs
[2025-03-16T11:31:09.012+0000] {logging_mixin.py:190} INFO - [2025-03-16T11:31:09.012+0000] {dag.py:4180} INFO - Setting next_dagrun for example_complex to None, run_after=None
[2025-03-16T11:31:09.052+0000] {processor.py:208} INFO - Processing /home/airflow/.local/lib/python3.12/site-packages/airflow/example_dags/example_complex.py took 0.152 seconds
[2025-03-16T11:31:39.455+0000] {processor.py:186} INFO - Started process (PID=41818) to work on /home/airflow/.local/lib/python3.12/site-packages/airflow/example_dags/example_complex.py
[2025-03-16T11:31:39.457+0000] {processor.py:914} INFO - Processing file /home/airflow/.local/lib/python3.12/site-packages/airflow/example_dags/example_complex.py for tasks to queue
[2025-03-16T11:31:39.460+0000] {logging_mixin.py:190} INFO - [2025-03-16T11:31:39.459+0000] {dagbag.py:588} INFO - Filling up the DagBag from /home/airflow/.local/lib/python3.12/site-packages/airflow/example_dags/example_complex.py
[2025-03-16T11:31:39.491+0000] {processor.py:925} INFO - DAG(s) 'example_complex' retrieved from /home/airflow/.local/lib/python3.12/site-packages/airflow/example_dags/example_complex.py
[2025-03-16T11:31:39.565+0000] {logging_mixin.py:190} INFO - [2025-03-16T11:31:39.565+0000] {dag.py:3239} INFO - Sync 1 DAGs
[2025-03-16T11:31:39.596+0000] {logging_mixin.py:190} INFO - [2025-03-16T11:31:39.595+0000] {dag.py:4180} INFO - Setting next_dagrun for example_complex to None, run_after=None
[2025-03-16T11:31:39.645+0000] {processor.py:208} INFO - Processing /home/airflow/.local/lib/python3.12/site-packages/airflow/example_dags/example_complex.py took 0.204 seconds
[2025-03-16T11:32:09.744+0000] {processor.py:186} INFO - Started process (PID=41882) to work on /home/airflow/.local/lib/python3.12/site-packages/airflow/example_dags/example_complex.py
[2025-03-16T11:32:09.746+0000] {processor.py:914} INFO - Processing file /home/airflow/.local/lib/python3.12/site-packages/airflow/example_dags/example_complex.py for tasks to queue
[2025-03-16T11:32:09.749+0000] {logging_mixin.py:190} INFO - [2025-03-16T11:32:09.748+0000] {dagbag.py:588} INFO - Filling up the DagBag from /home/airflow/.local/lib/python3.12/site-packages/airflow/example_dags/example_complex.py
[2025-03-16T11:32:09.768+0000] {processor.py:925} INFO - DAG(s) 'example_complex' retrieved from /home/airflow/.local/lib/python3.12/site-packages/airflow/example_dags/example_complex.py
[2025-03-16T11:32:09.832+0000] {logging_mixin.py:190} INFO - [2025-03-16T11:32:09.831+0000] {dag.py:3239} INFO - Sync 1 DAGs
[2025-03-16T11:32:09.859+0000] {logging_mixin.py:190} INFO - [2025-03-16T11:32:09.859+0000] {dag.py:4180} INFO - Setting next_dagrun for example_complex to None, run_after=None
[2025-03-16T11:32:09.899+0000] {processor.py:208} INFO - Processing /home/airflow/.local/lib/python3.12/site-packages/airflow/example_dags/example_complex.py took 0.163 seconds
[2025-03-16T11:32:40.518+0000] {processor.py:186} INFO - Started process (PID=41948) to work on /home/airflow/.local/lib/python3.12/site-packages/airflow/example_dags/example_complex.py
[2025-03-16T11:32:40.520+0000] {processor.py:914} INFO - Processing file /home/airflow/.local/lib/python3.12/site-packages/airflow/example_dags/example_complex.py for tasks to queue
[2025-03-16T11:32:40.522+0000] {logging_mixin.py:190} INFO - [2025-03-16T11:32:40.521+0000] {dagbag.py:588} INFO - Filling up the DagBag from /home/airflow/.local/lib/python3.12/site-packages/airflow/example_dags/example_complex.py
[2025-03-16T11:32:40.539+0000] {processor.py:925} INFO - DAG(s) 'example_complex' retrieved from /home/airflow/.local/lib/python3.12/site-packages/airflow/example_dags/example_complex.py
[2025-03-16T11:32:40.585+0000] {logging_mixin.py:190} INFO - [2025-03-16T11:32:40.584+0000] {dag.py:3239} INFO - Sync 1 DAGs
[2025-03-16T11:32:40.608+0000] {logging_mixin.py:190} INFO - [2025-03-16T11:32:40.607+0000] {dag.py:4180} INFO - Setting next_dagrun for example_complex to None, run_after=None
[2025-03-16T11:32:40.643+0000] {processor.py:208} INFO - Processing /home/airflow/.local/lib/python3.12/site-packages/airflow/example_dags/example_complex.py took 0.133 seconds
[2025-03-16T11:33:10.838+0000] {processor.py:186} INFO - Started process (PID=42012) to work on /home/airflow/.local/lib/python3.12/site-packages/airflow/example_dags/example_complex.py
[2025-03-16T11:33:10.840+0000] {processor.py:914} INFO - Processing file /home/airflow/.local/lib/python3.12/site-packages/airflow/example_dags/example_complex.py for tasks to queue
[2025-03-16T11:33:10.843+0000] {logging_mixin.py:190} INFO - [2025-03-16T11:33:10.842+0000] {dagbag.py:588} INFO - Filling up the DagBag from /home/airflow/.local/lib/python3.12/site-packages/airflow/example_dags/example_complex.py
[2025-03-16T11:33:10.862+0000] {processor.py:925} INFO - DAG(s) 'example_complex' retrieved from /home/airflow/.local/lib/python3.12/site-packages/airflow/example_dags/example_complex.py
[2025-03-16T11:33:10.909+0000] {logging_mixin.py:190} INFO - [2025-03-16T11:33:10.909+0000] {dag.py:3239} INFO - Sync 1 DAGs
[2025-03-16T11:33:10.932+0000] {logging_mixin.py:190} INFO - [2025-03-16T11:33:10.932+0000] {dag.py:4180} INFO - Setting next_dagrun for example_complex to None, run_after=None
[2025-03-16T11:33:10.964+0000] {processor.py:208} INFO - Processing /home/airflow/.local/lib/python3.12/site-packages/airflow/example_dags/example_complex.py took 0.137 seconds
[2025-03-16T11:33:41.270+0000] {processor.py:186} INFO - Started process (PID=42077) to work on /home/airflow/.local/lib/python3.12/site-packages/airflow/example_dags/example_complex.py
[2025-03-16T11:33:41.272+0000] {processor.py:914} INFO - Processing file /home/airflow/.local/lib/python3.12/site-packages/airflow/example_dags/example_complex.py for tasks to queue
[2025-03-16T11:33:41.274+0000] {logging_mixin.py:190} INFO - [2025-03-16T11:33:41.273+0000] {dagbag.py:588} INFO - Filling up the DagBag from /home/airflow/.local/lib/python3.12/site-packages/airflow/example_dags/example_complex.py
[2025-03-16T11:33:41.295+0000] {processor.py:925} INFO - DAG(s) 'example_complex' retrieved from /home/airflow/.local/lib/python3.12/site-packages/airflow/example_dags/example_complex.py
[2025-03-16T11:33:41.344+0000] {logging_mixin.py:190} INFO - [2025-03-16T11:33:41.343+0000] {dag.py:3239} INFO - Sync 1 DAGs
[2025-03-16T11:33:41.378+0000] {logging_mixin.py:190} INFO - [2025-03-16T11:33:41.377+0000] {dag.py:4180} INFO - Setting next_dagrun for example_complex to None, run_after=None
[2025-03-16T11:33:41.439+0000] {processor.py:208} INFO - Processing /home/airflow/.local/lib/python3.12/site-packages/airflow/example_dags/example_complex.py took 0.177 seconds
[2025-03-16T11:34:11.652+0000] {processor.py:186} INFO - Started process (PID=42142) to work on /home/airflow/.local/lib/python3.12/site-packages/airflow/example_dags/example_complex.py
[2025-03-16T11:34:11.653+0000] {processor.py:914} INFO - Processing file /home/airflow/.local/lib/python3.12/site-packages/airflow/example_dags/example_complex.py for tasks to queue
[2025-03-16T11:34:11.657+0000] {logging_mixin.py:190} INFO - [2025-03-16T11:34:11.656+0000] {dagbag.py:588} INFO - Filling up the DagBag from /home/airflow/.local/lib/python3.12/site-packages/airflow/example_dags/example_complex.py
[2025-03-16T11:34:11.700+0000] {processor.py:925} INFO - DAG(s) 'example_complex' retrieved from /home/airflow/.local/lib/python3.12/site-packages/airflow/example_dags/example_complex.py
[2025-03-16T11:34:11.772+0000] {logging_mixin.py:190} INFO - [2025-03-16T11:34:11.772+0000] {dag.py:3239} INFO - Sync 1 DAGs
[2025-03-16T11:34:11.813+0000] {logging_mixin.py:190} INFO - [2025-03-16T11:34:11.812+0000] {dag.py:4180} INFO - Setting next_dagrun for example_complex to None, run_after=None
[2025-03-16T11:34:11.851+0000] {processor.py:208} INFO - Processing /home/airflow/.local/lib/python3.12/site-packages/airflow/example_dags/example_complex.py took 0.210 seconds
[2025-03-16T11:34:41.932+0000] {processor.py:186} INFO - Started process (PID=42200) to work on /home/airflow/.local/lib/python3.12/site-packages/airflow/example_dags/example_complex.py
[2025-03-16T11:34:41.934+0000] {processor.py:914} INFO - Processing file /home/airflow/.local/lib/python3.12/site-packages/airflow/example_dags/example_complex.py for tasks to queue
[2025-03-16T11:34:41.936+0000] {logging_mixin.py:190} INFO - [2025-03-16T11:34:41.935+0000] {dagbag.py:588} INFO - Filling up the DagBag from /home/airflow/.local/lib/python3.12/site-packages/airflow/example_dags/example_complex.py
[2025-03-16T11:34:41.955+0000] {processor.py:925} INFO - DAG(s) 'example_complex' retrieved from /home/airflow/.local/lib/python3.12/site-packages/airflow/example_dags/example_complex.py
[2025-03-16T11:34:42.030+0000] {logging_mixin.py:190} INFO - [2025-03-16T11:34:42.029+0000] {dag.py:3239} INFO - Sync 1 DAGs
[2025-03-16T11:34:42.055+0000] {logging_mixin.py:190} INFO - [2025-03-16T11:34:42.055+0000] {dag.py:4180} INFO - Setting next_dagrun for example_complex to None, run_after=None
[2025-03-16T11:34:42.096+0000] {processor.py:208} INFO - Processing /home/airflow/.local/lib/python3.12/site-packages/airflow/example_dags/example_complex.py took 0.172 seconds
[2025-03-16T11:35:12.365+0000] {processor.py:186} INFO - Started process (PID=42262) to work on /home/airflow/.local/lib/python3.12/site-packages/airflow/example_dags/example_complex.py
[2025-03-16T11:35:12.367+0000] {processor.py:914} INFO - Processing file /home/airflow/.local/lib/python3.12/site-packages/airflow/example_dags/example_complex.py for tasks to queue
[2025-03-16T11:35:12.371+0000] {logging_mixin.py:190} INFO - [2025-03-16T11:35:12.370+0000] {dagbag.py:588} INFO - Filling up the DagBag from /home/airflow/.local/lib/python3.12/site-packages/airflow/example_dags/example_complex.py
[2025-03-16T11:35:12.389+0000] {processor.py:925} INFO - DAG(s) 'example_complex' retrieved from /home/airflow/.local/lib/python3.12/site-packages/airflow/example_dags/example_complex.py
[2025-03-16T11:35:12.446+0000] {logging_mixin.py:190} INFO - [2025-03-16T11:35:12.445+0000] {dag.py:3239} INFO - Sync 1 DAGs
[2025-03-16T11:35:12.469+0000] {logging_mixin.py:190} INFO - [2025-03-16T11:35:12.468+0000] {dag.py:4180} INFO - Setting next_dagrun for example_complex to None, run_after=None
[2025-03-16T11:35:12.500+0000] {processor.py:208} INFO - Processing /home/airflow/.local/lib/python3.12/site-packages/airflow/example_dags/example_complex.py took 0.148 seconds
[2025-03-16T11:35:42.814+0000] {processor.py:186} INFO - Started process (PID=42324) to work on /home/airflow/.local/lib/python3.12/site-packages/airflow/example_dags/example_complex.py
[2025-03-16T11:35:42.816+0000] {processor.py:914} INFO - Processing file /home/airflow/.local/lib/python3.12/site-packages/airflow/example_dags/example_complex.py for tasks to queue
[2025-03-16T11:35:42.819+0000] {logging_mixin.py:190} INFO - [2025-03-16T11:35:42.818+0000] {dagbag.py:588} INFO - Filling up the DagBag from /home/airflow/.local/lib/python3.12/site-packages/airflow/example_dags/example_complex.py
[2025-03-16T11:35:42.844+0000] {processor.py:925} INFO - DAG(s) 'example_complex' retrieved from /home/airflow/.local/lib/python3.12/site-packages/airflow/example_dags/example_complex.py
[2025-03-16T11:35:42.897+0000] {logging_mixin.py:190} INFO - [2025-03-16T11:35:42.896+0000] {dag.py:3239} INFO - Sync 1 DAGs
[2025-03-16T11:35:42.924+0000] {logging_mixin.py:190} INFO - [2025-03-16T11:35:42.924+0000] {dag.py:4180} INFO - Setting next_dagrun for example_complex to None, run_after=None
[2025-03-16T11:35:42.959+0000] {processor.py:208} INFO - Processing /home/airflow/.local/lib/python3.12/site-packages/airflow/example_dags/example_complex.py took 0.157 seconds
[2025-03-16T11:36:13.213+0000] {processor.py:186} INFO - Started process (PID=42389) to work on /home/airflow/.local/lib/python3.12/site-packages/airflow/example_dags/example_complex.py
[2025-03-16T11:36:13.215+0000] {processor.py:914} INFO - Processing file /home/airflow/.local/lib/python3.12/site-packages/airflow/example_dags/example_complex.py for tasks to queue
[2025-03-16T11:36:13.217+0000] {logging_mixin.py:190} INFO - [2025-03-16T11:36:13.216+0000] {dagbag.py:588} INFO - Filling up the DagBag from /home/airflow/.local/lib/python3.12/site-packages/airflow/example_dags/example_complex.py
[2025-03-16T11:36:13.245+0000] {processor.py:925} INFO - DAG(s) 'example_complex' retrieved from /home/airflow/.local/lib/python3.12/site-packages/airflow/example_dags/example_complex.py
[2025-03-16T11:36:13.297+0000] {logging_mixin.py:190} INFO - [2025-03-16T11:36:13.296+0000] {dag.py:3239} INFO - Sync 1 DAGs
[2025-03-16T11:36:13.323+0000] {logging_mixin.py:190} INFO - [2025-03-16T11:36:13.322+0000] {dag.py:4180} INFO - Setting next_dagrun for example_complex to None, run_after=None
[2025-03-16T11:36:13.362+0000] {processor.py:208} INFO - Processing /home/airflow/.local/lib/python3.12/site-packages/airflow/example_dags/example_complex.py took 0.157 seconds
[2025-03-16T11:36:44.396+0000] {processor.py:186} INFO - Started process (PID=42452) to work on /home/airflow/.local/lib/python3.12/site-packages/airflow/example_dags/example_complex.py
[2025-03-16T11:36:44.397+0000] {processor.py:914} INFO - Processing file /home/airflow/.local/lib/python3.12/site-packages/airflow/example_dags/example_complex.py for tasks to queue
[2025-03-16T11:36:44.400+0000] {logging_mixin.py:190} INFO - [2025-03-16T11:36:44.399+0000] {dagbag.py:588} INFO - Filling up the DagBag from /home/airflow/.local/lib/python3.12/site-packages/airflow/example_dags/example_complex.py
[2025-03-16T11:36:44.415+0000] {processor.py:925} INFO - DAG(s) 'example_complex' retrieved from /home/airflow/.local/lib/python3.12/site-packages/airflow/example_dags/example_complex.py
[2025-03-16T11:36:44.458+0000] {logging_mixin.py:190} INFO - [2025-03-16T11:36:44.458+0000] {dag.py:3239} INFO - Sync 1 DAGs
[2025-03-16T11:36:44.482+0000] {logging_mixin.py:190} INFO - [2025-03-16T11:36:44.482+0000] {dag.py:4180} INFO - Setting next_dagrun for example_complex to None, run_after=None
[2025-03-16T11:36:44.520+0000] {processor.py:208} INFO - Processing /home/airflow/.local/lib/python3.12/site-packages/airflow/example_dags/example_complex.py took 0.132 seconds
[2025-03-16T11:37:15.763+0000] {processor.py:186} INFO - Started process (PID=42517) to work on /home/airflow/.local/lib/python3.12/site-packages/airflow/example_dags/example_complex.py
[2025-03-16T11:37:15.765+0000] {processor.py:914} INFO - Processing file /home/airflow/.local/lib/python3.12/site-packages/airflow/example_dags/example_complex.py for tasks to queue
[2025-03-16T11:37:15.768+0000] {logging_mixin.py:190} INFO - [2025-03-16T11:37:15.767+0000] {dagbag.py:588} INFO - Filling up the DagBag from /home/airflow/.local/lib/python3.12/site-packages/airflow/example_dags/example_complex.py
[2025-03-16T11:37:15.789+0000] {processor.py:925} INFO - DAG(s) 'example_complex' retrieved from /home/airflow/.local/lib/python3.12/site-packages/airflow/example_dags/example_complex.py
[2025-03-16T11:37:15.838+0000] {logging_mixin.py:190} INFO - [2025-03-16T11:37:15.838+0000] {dag.py:3239} INFO - Sync 1 DAGs
[2025-03-16T11:37:15.870+0000] {logging_mixin.py:190} INFO - [2025-03-16T11:37:15.869+0000] {dag.py:4180} INFO - Setting next_dagrun for example_complex to None, run_after=None
[2025-03-16T11:37:15.911+0000] {processor.py:208} INFO - Processing /home/airflow/.local/lib/python3.12/site-packages/airflow/example_dags/example_complex.py took 0.157 seconds
[2025-03-16T11:37:47.069+0000] {processor.py:186} INFO - Started process (PID=42583) to work on /home/airflow/.local/lib/python3.12/site-packages/airflow/example_dags/example_complex.py
[2025-03-16T11:37:47.071+0000] {processor.py:914} INFO - Processing file /home/airflow/.local/lib/python3.12/site-packages/airflow/example_dags/example_complex.py for tasks to queue
[2025-03-16T11:37:47.074+0000] {logging_mixin.py:190} INFO - [2025-03-16T11:37:47.073+0000] {dagbag.py:588} INFO - Filling up the DagBag from /home/airflow/.local/lib/python3.12/site-packages/airflow/example_dags/example_complex.py
[2025-03-16T11:37:47.093+0000] {processor.py:925} INFO - DAG(s) 'example_complex' retrieved from /home/airflow/.local/lib/python3.12/site-packages/airflow/example_dags/example_complex.py
[2025-03-16T11:37:47.153+0000] {logging_mixin.py:190} INFO - [2025-03-16T11:37:47.153+0000] {dag.py:3239} INFO - Sync 1 DAGs
[2025-03-16T11:37:47.175+0000] {logging_mixin.py:190} INFO - [2025-03-16T11:37:47.175+0000] {dag.py:4180} INFO - Setting next_dagrun for example_complex to None, run_after=None
[2025-03-16T11:37:47.213+0000] {processor.py:208} INFO - Processing /home/airflow/.local/lib/python3.12/site-packages/airflow/example_dags/example_complex.py took 0.153 seconds
[2025-03-16T11:38:18.165+0000] {processor.py:186} INFO - Started process (PID=42648) to work on /home/airflow/.local/lib/python3.12/site-packages/airflow/example_dags/example_complex.py
[2025-03-16T11:38:18.166+0000] {processor.py:914} INFO - Processing file /home/airflow/.local/lib/python3.12/site-packages/airflow/example_dags/example_complex.py for tasks to queue
[2025-03-16T11:38:18.168+0000] {logging_mixin.py:190} INFO - [2025-03-16T11:38:18.168+0000] {dagbag.py:588} INFO - Filling up the DagBag from /home/airflow/.local/lib/python3.12/site-packages/airflow/example_dags/example_complex.py
[2025-03-16T11:38:18.189+0000] {processor.py:925} INFO - DAG(s) 'example_complex' retrieved from /home/airflow/.local/lib/python3.12/site-packages/airflow/example_dags/example_complex.py
[2025-03-16T11:38:18.241+0000] {logging_mixin.py:190} INFO - [2025-03-16T11:38:18.240+0000] {dag.py:3239} INFO - Sync 1 DAGs
[2025-03-16T11:38:18.264+0000] {logging_mixin.py:190} INFO - [2025-03-16T11:38:18.264+0000] {dag.py:4180} INFO - Setting next_dagrun for example_complex to None, run_after=None
[2025-03-16T11:38:18.297+0000] {processor.py:208} INFO - Processing /home/airflow/.local/lib/python3.12/site-packages/airflow/example_dags/example_complex.py took 0.141 seconds
[2025-03-16T11:38:48.652+0000] {processor.py:186} INFO - Started process (PID=42711) to work on /home/airflow/.local/lib/python3.12/site-packages/airflow/example_dags/example_complex.py
[2025-03-16T11:38:48.655+0000] {processor.py:914} INFO - Processing file /home/airflow/.local/lib/python3.12/site-packages/airflow/example_dags/example_complex.py for tasks to queue
[2025-03-16T11:38:48.660+0000] {logging_mixin.py:190} INFO - [2025-03-16T11:38:48.659+0000] {dagbag.py:588} INFO - Filling up the DagBag from /home/airflow/.local/lib/python3.12/site-packages/airflow/example_dags/example_complex.py
[2025-03-16T11:38:48.681+0000] {processor.py:925} INFO - DAG(s) 'example_complex' retrieved from /home/airflow/.local/lib/python3.12/site-packages/airflow/example_dags/example_complex.py
[2025-03-16T11:38:48.752+0000] {logging_mixin.py:190} INFO - [2025-03-16T11:38:48.751+0000] {dag.py:3239} INFO - Sync 1 DAGs
[2025-03-16T11:38:48.792+0000] {logging_mixin.py:190} INFO - [2025-03-16T11:38:48.791+0000] {dag.py:4180} INFO - Setting next_dagrun for example_complex to None, run_after=None
[2025-03-16T11:38:48.839+0000] {processor.py:208} INFO - Processing /home/airflow/.local/lib/python3.12/site-packages/airflow/example_dags/example_complex.py took 0.197 seconds
[2025-03-16T11:39:19.439+0000] {processor.py:186} INFO - Started process (PID=42776) to work on /home/airflow/.local/lib/python3.12/site-packages/airflow/example_dags/example_complex.py
[2025-03-16T11:39:19.440+0000] {processor.py:914} INFO - Processing file /home/airflow/.local/lib/python3.12/site-packages/airflow/example_dags/example_complex.py for tasks to queue
[2025-03-16T11:39:19.444+0000] {logging_mixin.py:190} INFO - [2025-03-16T11:39:19.444+0000] {dagbag.py:588} INFO - Filling up the DagBag from /home/airflow/.local/lib/python3.12/site-packages/airflow/example_dags/example_complex.py
[2025-03-16T11:39:19.460+0000] {processor.py:925} INFO - DAG(s) 'example_complex' retrieved from /home/airflow/.local/lib/python3.12/site-packages/airflow/example_dags/example_complex.py
[2025-03-16T11:39:19.504+0000] {logging_mixin.py:190} INFO - [2025-03-16T11:39:19.504+0000] {dag.py:3239} INFO - Sync 1 DAGs
[2025-03-16T11:39:19.524+0000] {logging_mixin.py:190} INFO - [2025-03-16T11:39:19.523+0000] {dag.py:4180} INFO - Setting next_dagrun for example_complex to None, run_after=None
[2025-03-16T11:39:19.562+0000] {processor.py:208} INFO - Processing /home/airflow/.local/lib/python3.12/site-packages/airflow/example_dags/example_complex.py took 0.134 seconds
[2025-03-16T11:39:49.991+0000] {processor.py:186} INFO - Started process (PID=42841) to work on /home/airflow/.local/lib/python3.12/site-packages/airflow/example_dags/example_complex.py
[2025-03-16T11:39:49.993+0000] {processor.py:914} INFO - Processing file /home/airflow/.local/lib/python3.12/site-packages/airflow/example_dags/example_complex.py for tasks to queue
[2025-03-16T11:39:49.995+0000] {logging_mixin.py:190} INFO - [2025-03-16T11:39:49.994+0000] {dagbag.py:588} INFO - Filling up the DagBag from /home/airflow/.local/lib/python3.12/site-packages/airflow/example_dags/example_complex.py
[2025-03-16T11:39:50.012+0000] {processor.py:925} INFO - DAG(s) 'example_complex' retrieved from /home/airflow/.local/lib/python3.12/site-packages/airflow/example_dags/example_complex.py
[2025-03-16T11:39:50.065+0000] {logging_mixin.py:190} INFO - [2025-03-16T11:39:50.065+0000] {dag.py:3239} INFO - Sync 1 DAGs
[2025-03-16T11:39:50.100+0000] {logging_mixin.py:190} INFO - [2025-03-16T11:39:50.100+0000] {dag.py:4180} INFO - Setting next_dagrun for example_complex to None, run_after=None
[2025-03-16T11:39:50.136+0000] {processor.py:208} INFO - Processing /home/airflow/.local/lib/python3.12/site-packages/airflow/example_dags/example_complex.py took 0.156 seconds
[2025-03-16T11:40:20.284+0000] {processor.py:186} INFO - Started process (PID=42906) to work on /home/airflow/.local/lib/python3.12/site-packages/airflow/example_dags/example_complex.py
[2025-03-16T11:40:20.286+0000] {processor.py:914} INFO - Processing file /home/airflow/.local/lib/python3.12/site-packages/airflow/example_dags/example_complex.py for tasks to queue
[2025-03-16T11:40:20.288+0000] {logging_mixin.py:190} INFO - [2025-03-16T11:40:20.288+0000] {dagbag.py:588} INFO - Filling up the DagBag from /home/airflow/.local/lib/python3.12/site-packages/airflow/example_dags/example_complex.py
[2025-03-16T11:40:20.312+0000] {processor.py:925} INFO - DAG(s) 'example_complex' retrieved from /home/airflow/.local/lib/python3.12/site-packages/airflow/example_dags/example_complex.py
[2025-03-16T11:40:20.358+0000] {logging_mixin.py:190} INFO - [2025-03-16T11:40:20.357+0000] {dag.py:3239} INFO - Sync 1 DAGs
[2025-03-16T11:40:20.380+0000] {logging_mixin.py:190} INFO - [2025-03-16T11:40:20.380+0000] {dag.py:4180} INFO - Setting next_dagrun for example_complex to None, run_after=None
[2025-03-16T11:40:20.419+0000] {processor.py:208} INFO - Processing /home/airflow/.local/lib/python3.12/site-packages/airflow/example_dags/example_complex.py took 0.143 seconds
[2025-03-16T11:40:51.147+0000] {processor.py:186} INFO - Started process (PID=42973) to work on /home/airflow/.local/lib/python3.12/site-packages/airflow/example_dags/example_complex.py
[2025-03-16T11:40:51.149+0000] {processor.py:914} INFO - Processing file /home/airflow/.local/lib/python3.12/site-packages/airflow/example_dags/example_complex.py for tasks to queue
[2025-03-16T11:40:51.153+0000] {logging_mixin.py:190} INFO - [2025-03-16T11:40:51.152+0000] {dagbag.py:588} INFO - Filling up the DagBag from /home/airflow/.local/lib/python3.12/site-packages/airflow/example_dags/example_complex.py
[2025-03-16T11:40:51.195+0000] {processor.py:925} INFO - DAG(s) 'example_complex' retrieved from /home/airflow/.local/lib/python3.12/site-packages/airflow/example_dags/example_complex.py
[2025-03-16T11:40:51.299+0000] {logging_mixin.py:190} INFO - [2025-03-16T11:40:51.299+0000] {dag.py:3239} INFO - Sync 1 DAGs
[2025-03-16T11:40:51.333+0000] {logging_mixin.py:190} INFO - [2025-03-16T11:40:51.333+0000] {dag.py:4180} INFO - Setting next_dagrun for example_complex to None, run_after=None
[2025-03-16T11:40:51.375+0000] {processor.py:208} INFO - Processing /home/airflow/.local/lib/python3.12/site-packages/airflow/example_dags/example_complex.py took 0.239 seconds
[2025-03-16T11:41:22.147+0000] {processor.py:186} INFO - Started process (PID=43038) to work on /home/airflow/.local/lib/python3.12/site-packages/airflow/example_dags/example_complex.py
[2025-03-16T11:41:22.148+0000] {processor.py:914} INFO - Processing file /home/airflow/.local/lib/python3.12/site-packages/airflow/example_dags/example_complex.py for tasks to queue
[2025-03-16T11:41:22.151+0000] {logging_mixin.py:190} INFO - [2025-03-16T11:41:22.150+0000] {dagbag.py:588} INFO - Filling up the DagBag from /home/airflow/.local/lib/python3.12/site-packages/airflow/example_dags/example_complex.py
[2025-03-16T11:41:22.170+0000] {processor.py:925} INFO - DAG(s) 'example_complex' retrieved from /home/airflow/.local/lib/python3.12/site-packages/airflow/example_dags/example_complex.py
[2025-03-16T11:41:22.222+0000] {logging_mixin.py:190} INFO - [2025-03-16T11:41:22.221+0000] {dag.py:3239} INFO - Sync 1 DAGs
[2025-03-16T11:41:22.248+0000] {logging_mixin.py:190} INFO - [2025-03-16T11:41:22.248+0000] {dag.py:4180} INFO - Setting next_dagrun for example_complex to None, run_after=None
[2025-03-16T11:41:22.295+0000] {processor.py:208} INFO - Processing /home/airflow/.local/lib/python3.12/site-packages/airflow/example_dags/example_complex.py took 0.158 seconds
[2025-03-16T11:41:52.480+0000] {processor.py:186} INFO - Started process (PID=43102) to work on /home/airflow/.local/lib/python3.12/site-packages/airflow/example_dags/example_complex.py
[2025-03-16T11:41:52.482+0000] {processor.py:914} INFO - Processing file /home/airflow/.local/lib/python3.12/site-packages/airflow/example_dags/example_complex.py for tasks to queue
[2025-03-16T11:41:52.484+0000] {logging_mixin.py:190} INFO - [2025-03-16T11:41:52.483+0000] {dagbag.py:588} INFO - Filling up the DagBag from /home/airflow/.local/lib/python3.12/site-packages/airflow/example_dags/example_complex.py
[2025-03-16T11:41:52.508+0000] {processor.py:925} INFO - DAG(s) 'example_complex' retrieved from /home/airflow/.local/lib/python3.12/site-packages/airflow/example_dags/example_complex.py
[2025-03-16T11:41:52.557+0000] {logging_mixin.py:190} INFO - [2025-03-16T11:41:52.556+0000] {dag.py:3239} INFO - Sync 1 DAGs
[2025-03-16T11:41:52.579+0000] {logging_mixin.py:190} INFO - [2025-03-16T11:41:52.579+0000] {dag.py:4180} INFO - Setting next_dagrun for example_complex to None, run_after=None
[2025-03-16T11:41:52.614+0000] {processor.py:208} INFO - Processing /home/airflow/.local/lib/python3.12/site-packages/airflow/example_dags/example_complex.py took 0.141 seconds
[2025-03-16T11:42:23.033+0000] {processor.py:186} INFO - Started process (PID=43167) to work on /home/airflow/.local/lib/python3.12/site-packages/airflow/example_dags/example_complex.py
[2025-03-16T11:42:23.034+0000] {processor.py:914} INFO - Processing file /home/airflow/.local/lib/python3.12/site-packages/airflow/example_dags/example_complex.py for tasks to queue
[2025-03-16T11:42:23.037+0000] {logging_mixin.py:190} INFO - [2025-03-16T11:42:23.036+0000] {dagbag.py:588} INFO - Filling up the DagBag from /home/airflow/.local/lib/python3.12/site-packages/airflow/example_dags/example_complex.py
[2025-03-16T11:42:23.060+0000] {processor.py:925} INFO - DAG(s) 'example_complex' retrieved from /home/airflow/.local/lib/python3.12/site-packages/airflow/example_dags/example_complex.py
[2025-03-16T11:42:23.118+0000] {logging_mixin.py:190} INFO - [2025-03-16T11:42:23.118+0000] {dag.py:3239} INFO - Sync 1 DAGs
[2025-03-16T11:42:23.140+0000] {logging_mixin.py:190} INFO - [2025-03-16T11:42:23.139+0000] {dag.py:4180} INFO - Setting next_dagrun for example_complex to None, run_after=None
[2025-03-16T11:42:23.178+0000] {processor.py:208} INFO - Processing /home/airflow/.local/lib/python3.12/site-packages/airflow/example_dags/example_complex.py took 0.155 seconds
[2025-03-16T11:42:53.956+0000] {processor.py:186} INFO - Started process (PID=43233) to work on /home/airflow/.local/lib/python3.12/site-packages/airflow/example_dags/example_complex.py
[2025-03-16T11:42:53.959+0000] {processor.py:914} INFO - Processing file /home/airflow/.local/lib/python3.12/site-packages/airflow/example_dags/example_complex.py for tasks to queue
[2025-03-16T11:42:53.962+0000] {logging_mixin.py:190} INFO - [2025-03-16T11:42:53.961+0000] {dagbag.py:588} INFO - Filling up the DagBag from /home/airflow/.local/lib/python3.12/site-packages/airflow/example_dags/example_complex.py
[2025-03-16T11:42:53.985+0000] {processor.py:925} INFO - DAG(s) 'example_complex' retrieved from /home/airflow/.local/lib/python3.12/site-packages/airflow/example_dags/example_complex.py
[2025-03-16T11:42:54.065+0000] {logging_mixin.py:190} INFO - [2025-03-16T11:42:54.064+0000] {dag.py:3239} INFO - Sync 1 DAGs
[2025-03-16T11:42:54.090+0000] {logging_mixin.py:190} INFO - [2025-03-16T11:42:54.090+0000] {dag.py:4180} INFO - Setting next_dagrun for example_complex to None, run_after=None
[2025-03-16T11:42:54.134+0000] {processor.py:208} INFO - Processing /home/airflow/.local/lib/python3.12/site-packages/airflow/example_dags/example_complex.py took 0.194 seconds
[2025-03-16T11:43:24.329+0000] {processor.py:186} INFO - Started process (PID=43297) to work on /home/airflow/.local/lib/python3.12/site-packages/airflow/example_dags/example_complex.py
[2025-03-16T11:43:24.330+0000] {processor.py:914} INFO - Processing file /home/airflow/.local/lib/python3.12/site-packages/airflow/example_dags/example_complex.py for tasks to queue
[2025-03-16T11:43:24.334+0000] {logging_mixin.py:190} INFO - [2025-03-16T11:43:24.333+0000] {dagbag.py:588} INFO - Filling up the DagBag from /home/airflow/.local/lib/python3.12/site-packages/airflow/example_dags/example_complex.py
[2025-03-16T11:43:24.352+0000] {processor.py:925} INFO - DAG(s) 'example_complex' retrieved from /home/airflow/.local/lib/python3.12/site-packages/airflow/example_dags/example_complex.py
[2025-03-16T11:43:24.404+0000] {logging_mixin.py:190} INFO - [2025-03-16T11:43:24.403+0000] {dag.py:3239} INFO - Sync 1 DAGs
[2025-03-16T11:43:24.433+0000] {logging_mixin.py:190} INFO - [2025-03-16T11:43:24.432+0000] {dag.py:4180} INFO - Setting next_dagrun for example_complex to None, run_after=None
[2025-03-16T11:43:24.482+0000] {processor.py:208} INFO - Processing /home/airflow/.local/lib/python3.12/site-packages/airflow/example_dags/example_complex.py took 0.161 seconds
[2025-03-16T11:43:54.781+0000] {processor.py:186} INFO - Started process (PID=43362) to work on /home/airflow/.local/lib/python3.12/site-packages/airflow/example_dags/example_complex.py
[2025-03-16T11:43:54.784+0000] {processor.py:914} INFO - Processing file /home/airflow/.local/lib/python3.12/site-packages/airflow/example_dags/example_complex.py for tasks to queue
[2025-03-16T11:43:54.787+0000] {logging_mixin.py:190} INFO - [2025-03-16T11:43:54.786+0000] {dagbag.py:588} INFO - Filling up the DagBag from /home/airflow/.local/lib/python3.12/site-packages/airflow/example_dags/example_complex.py
[2025-03-16T11:43:54.816+0000] {processor.py:925} INFO - DAG(s) 'example_complex' retrieved from /home/airflow/.local/lib/python3.12/site-packages/airflow/example_dags/example_complex.py
[2025-03-16T11:43:54.878+0000] {logging_mixin.py:190} INFO - [2025-03-16T11:43:54.878+0000] {dag.py:3239} INFO - Sync 1 DAGs
[2025-03-16T11:43:54.921+0000] {logging_mixin.py:190} INFO - [2025-03-16T11:43:54.920+0000] {dag.py:4180} INFO - Setting next_dagrun for example_complex to None, run_after=None
[2025-03-16T11:43:54.974+0000] {processor.py:208} INFO - Processing /home/airflow/.local/lib/python3.12/site-packages/airflow/example_dags/example_complex.py took 0.207 seconds
[2025-03-16T11:44:25.212+0000] {processor.py:186} INFO - Started process (PID=43426) to work on /home/airflow/.local/lib/python3.12/site-packages/airflow/example_dags/example_complex.py
[2025-03-16T11:44:25.214+0000] {processor.py:914} INFO - Processing file /home/airflow/.local/lib/python3.12/site-packages/airflow/example_dags/example_complex.py for tasks to queue
[2025-03-16T11:44:25.216+0000] {logging_mixin.py:190} INFO - [2025-03-16T11:44:25.216+0000] {dagbag.py:588} INFO - Filling up the DagBag from /home/airflow/.local/lib/python3.12/site-packages/airflow/example_dags/example_complex.py
[2025-03-16T11:44:25.240+0000] {processor.py:925} INFO - DAG(s) 'example_complex' retrieved from /home/airflow/.local/lib/python3.12/site-packages/airflow/example_dags/example_complex.py
[2025-03-16T11:44:25.293+0000] {logging_mixin.py:190} INFO - [2025-03-16T11:44:25.292+0000] {dag.py:3239} INFO - Sync 1 DAGs
[2025-03-16T11:44:25.323+0000] {logging_mixin.py:190} INFO - [2025-03-16T11:44:25.322+0000] {dag.py:4180} INFO - Setting next_dagrun for example_complex to None, run_after=None
[2025-03-16T11:44:25.364+0000] {processor.py:208} INFO - Processing /home/airflow/.local/lib/python3.12/site-packages/airflow/example_dags/example_complex.py took 0.163 seconds
[2025-03-16T11:44:55.547+0000] {processor.py:186} INFO - Started process (PID=43491) to work on /home/airflow/.local/lib/python3.12/site-packages/airflow/example_dags/example_complex.py
[2025-03-16T11:44:55.549+0000] {processor.py:914} INFO - Processing file /home/airflow/.local/lib/python3.12/site-packages/airflow/example_dags/example_complex.py for tasks to queue
[2025-03-16T11:44:55.552+0000] {logging_mixin.py:190} INFO - [2025-03-16T11:44:55.551+0000] {dagbag.py:588} INFO - Filling up the DagBag from /home/airflow/.local/lib/python3.12/site-packages/airflow/example_dags/example_complex.py
[2025-03-16T11:44:55.574+0000] {processor.py:925} INFO - DAG(s) 'example_complex' retrieved from /home/airflow/.local/lib/python3.12/site-packages/airflow/example_dags/example_complex.py
[2025-03-16T11:44:55.619+0000] {logging_mixin.py:190} INFO - [2025-03-16T11:44:55.618+0000] {dag.py:3239} INFO - Sync 1 DAGs
[2025-03-16T11:44:55.648+0000] {logging_mixin.py:190} INFO - [2025-03-16T11:44:55.648+0000] {dag.py:4180} INFO - Setting next_dagrun for example_complex to None, run_after=None
[2025-03-16T11:44:55.692+0000] {processor.py:208} INFO - Processing /home/airflow/.local/lib/python3.12/site-packages/airflow/example_dags/example_complex.py took 0.156 seconds
[2025-03-16T11:45:26.337+0000] {processor.py:186} INFO - Started process (PID=43556) to work on /home/airflow/.local/lib/python3.12/site-packages/airflow/example_dags/example_complex.py
[2025-03-16T11:45:26.339+0000] {processor.py:914} INFO - Processing file /home/airflow/.local/lib/python3.12/site-packages/airflow/example_dags/example_complex.py for tasks to queue
[2025-03-16T11:45:26.342+0000] {logging_mixin.py:190} INFO - [2025-03-16T11:45:26.341+0000] {dagbag.py:588} INFO - Filling up the DagBag from /home/airflow/.local/lib/python3.12/site-packages/airflow/example_dags/example_complex.py
[2025-03-16T11:45:26.361+0000] {processor.py:925} INFO - DAG(s) 'example_complex' retrieved from /home/airflow/.local/lib/python3.12/site-packages/airflow/example_dags/example_complex.py
[2025-03-16T11:45:26.412+0000] {logging_mixin.py:190} INFO - [2025-03-16T11:45:26.411+0000] {dag.py:3239} INFO - Sync 1 DAGs
[2025-03-16T11:45:26.436+0000] {logging_mixin.py:190} INFO - [2025-03-16T11:45:26.435+0000] {dag.py:4180} INFO - Setting next_dagrun for example_complex to None, run_after=None
[2025-03-16T11:45:26.478+0000] {processor.py:208} INFO - Processing /home/airflow/.local/lib/python3.12/site-packages/airflow/example_dags/example_complex.py took 0.151 seconds
[2025-03-16T11:45:56.710+0000] {processor.py:186} INFO - Started process (PID=43622) to work on /home/airflow/.local/lib/python3.12/site-packages/airflow/example_dags/example_complex.py
[2025-03-16T11:45:56.711+0000] {processor.py:914} INFO - Processing file /home/airflow/.local/lib/python3.12/site-packages/airflow/example_dags/example_complex.py for tasks to queue
[2025-03-16T11:45:56.714+0000] {logging_mixin.py:190} INFO - [2025-03-16T11:45:56.713+0000] {dagbag.py:588} INFO - Filling up the DagBag from /home/airflow/.local/lib/python3.12/site-packages/airflow/example_dags/example_complex.py
[2025-03-16T11:45:56.730+0000] {processor.py:925} INFO - DAG(s) 'example_complex' retrieved from /home/airflow/.local/lib/python3.12/site-packages/airflow/example_dags/example_complex.py
[2025-03-16T11:45:56.778+0000] {logging_mixin.py:190} INFO - [2025-03-16T11:45:56.777+0000] {dag.py:3239} INFO - Sync 1 DAGs
[2025-03-16T11:45:56.802+0000] {logging_mixin.py:190} INFO - [2025-03-16T11:45:56.801+0000] {dag.py:4180} INFO - Setting next_dagrun for example_complex to None, run_after=None
[2025-03-16T11:45:56.837+0000] {processor.py:208} INFO - Processing /home/airflow/.local/lib/python3.12/site-packages/airflow/example_dags/example_complex.py took 0.137 seconds
[2025-03-16T11:46:26.975+0000] {processor.py:186} INFO - Started process (PID=43688) to work on /home/airflow/.local/lib/python3.12/site-packages/airflow/example_dags/example_complex.py
[2025-03-16T11:46:26.977+0000] {processor.py:914} INFO - Processing file /home/airflow/.local/lib/python3.12/site-packages/airflow/example_dags/example_complex.py for tasks to queue
[2025-03-16T11:46:26.979+0000] {logging_mixin.py:190} INFO - [2025-03-16T11:46:26.979+0000] {dagbag.py:588} INFO - Filling up the DagBag from /home/airflow/.local/lib/python3.12/site-packages/airflow/example_dags/example_complex.py
[2025-03-16T11:46:26.996+0000] {processor.py:925} INFO - DAG(s) 'example_complex' retrieved from /home/airflow/.local/lib/python3.12/site-packages/airflow/example_dags/example_complex.py
[2025-03-16T11:46:27.042+0000] {logging_mixin.py:190} INFO - [2025-03-16T11:46:27.041+0000] {dag.py:3239} INFO - Sync 1 DAGs
[2025-03-16T11:46:27.067+0000] {logging_mixin.py:190} INFO - [2025-03-16T11:46:27.067+0000] {dag.py:4180} INFO - Setting next_dagrun for example_complex to None, run_after=None
[2025-03-16T11:46:27.100+0000] {processor.py:208} INFO - Processing /home/airflow/.local/lib/python3.12/site-packages/airflow/example_dags/example_complex.py took 0.135 seconds
[2025-03-16T11:46:57.549+0000] {processor.py:186} INFO - Started process (PID=43753) to work on /home/airflow/.local/lib/python3.12/site-packages/airflow/example_dags/example_complex.py
[2025-03-16T11:46:57.552+0000] {processor.py:914} INFO - Processing file /home/airflow/.local/lib/python3.12/site-packages/airflow/example_dags/example_complex.py for tasks to queue
[2025-03-16T11:46:57.555+0000] {logging_mixin.py:190} INFO - [2025-03-16T11:46:57.554+0000] {dagbag.py:588} INFO - Filling up the DagBag from /home/airflow/.local/lib/python3.12/site-packages/airflow/example_dags/example_complex.py
[2025-03-16T11:46:57.590+0000] {processor.py:925} INFO - DAG(s) 'example_complex' retrieved from /home/airflow/.local/lib/python3.12/site-packages/airflow/example_dags/example_complex.py
[2025-03-16T11:46:57.659+0000] {logging_mixin.py:190} INFO - [2025-03-16T11:46:57.658+0000] {dag.py:3239} INFO - Sync 1 DAGs
[2025-03-16T11:46:57.681+0000] {logging_mixin.py:190} INFO - [2025-03-16T11:46:57.680+0000] {dag.py:4180} INFO - Setting next_dagrun for example_complex to None, run_after=None
[2025-03-16T11:46:57.714+0000] {processor.py:208} INFO - Processing /home/airflow/.local/lib/python3.12/site-packages/airflow/example_dags/example_complex.py took 0.181 seconds
[2025-03-16T11:47:27.838+0000] {processor.py:186} INFO - Started process (PID=43818) to work on /home/airflow/.local/lib/python3.12/site-packages/airflow/example_dags/example_complex.py
[2025-03-16T11:47:27.839+0000] {processor.py:914} INFO - Processing file /home/airflow/.local/lib/python3.12/site-packages/airflow/example_dags/example_complex.py for tasks to queue
[2025-03-16T11:47:27.841+0000] {logging_mixin.py:190} INFO - [2025-03-16T11:47:27.841+0000] {dagbag.py:588} INFO - Filling up the DagBag from /home/airflow/.local/lib/python3.12/site-packages/airflow/example_dags/example_complex.py
[2025-03-16T11:47:27.863+0000] {processor.py:925} INFO - DAG(s) 'example_complex' retrieved from /home/airflow/.local/lib/python3.12/site-packages/airflow/example_dags/example_complex.py
[2025-03-16T11:47:27.912+0000] {logging_mixin.py:190} INFO - [2025-03-16T11:47:27.911+0000] {dag.py:3239} INFO - Sync 1 DAGs
[2025-03-16T11:47:27.934+0000] {logging_mixin.py:190} INFO - [2025-03-16T11:47:27.933+0000] {dag.py:4180} INFO - Setting next_dagrun for example_complex to None, run_after=None
[2025-03-16T11:47:27.967+0000] {processor.py:208} INFO - Processing /home/airflow/.local/lib/python3.12/site-packages/airflow/example_dags/example_complex.py took 0.143 seconds
[2025-03-16T11:47:58.204+0000] {processor.py:186} INFO - Started process (PID=43883) to work on /home/airflow/.local/lib/python3.12/site-packages/airflow/example_dags/example_complex.py
[2025-03-16T11:47:58.206+0000] {processor.py:914} INFO - Processing file /home/airflow/.local/lib/python3.12/site-packages/airflow/example_dags/example_complex.py for tasks to queue
[2025-03-16T11:47:58.209+0000] {logging_mixin.py:190} INFO - [2025-03-16T11:47:58.208+0000] {dagbag.py:588} INFO - Filling up the DagBag from /home/airflow/.local/lib/python3.12/site-packages/airflow/example_dags/example_complex.py
[2025-03-16T11:47:58.241+0000] {processor.py:925} INFO - DAG(s) 'example_complex' retrieved from /home/airflow/.local/lib/python3.12/site-packages/airflow/example_dags/example_complex.py
[2025-03-16T11:47:58.387+0000] {logging_mixin.py:190} INFO - [2025-03-16T11:47:58.386+0000] {dag.py:3239} INFO - Sync 1 DAGs
[2025-03-16T11:47:58.434+0000] {logging_mixin.py:190} INFO - [2025-03-16T11:47:58.433+0000] {dag.py:4180} INFO - Setting next_dagrun for example_complex to None, run_after=None
[2025-03-16T11:47:58.489+0000] {processor.py:208} INFO - Processing /home/airflow/.local/lib/python3.12/site-packages/airflow/example_dags/example_complex.py took 0.305 seconds
[2025-03-16T11:48:29.139+0000] {processor.py:186} INFO - Started process (PID=43948) to work on /home/airflow/.local/lib/python3.12/site-packages/airflow/example_dags/example_complex.py
[2025-03-16T11:48:29.141+0000] {processor.py:914} INFO - Processing file /home/airflow/.local/lib/python3.12/site-packages/airflow/example_dags/example_complex.py for tasks to queue
[2025-03-16T11:48:29.145+0000] {logging_mixin.py:190} INFO - [2025-03-16T11:48:29.144+0000] {dagbag.py:588} INFO - Filling up the DagBag from /home/airflow/.local/lib/python3.12/site-packages/airflow/example_dags/example_complex.py
[2025-03-16T11:48:29.176+0000] {processor.py:925} INFO - DAG(s) 'example_complex' retrieved from /home/airflow/.local/lib/python3.12/site-packages/airflow/example_dags/example_complex.py
[2025-03-16T11:48:29.271+0000] {logging_mixin.py:190} INFO - [2025-03-16T11:48:29.267+0000] {dag.py:3239} INFO - Sync 1 DAGs
[2025-03-16T11:48:29.332+0000] {logging_mixin.py:190} INFO - [2025-03-16T11:48:29.332+0000] {dag.py:4180} INFO - Setting next_dagrun for example_complex to None, run_after=None
[2025-03-16T11:48:29.405+0000] {processor.py:208} INFO - Processing /home/airflow/.local/lib/python3.12/site-packages/airflow/example_dags/example_complex.py took 0.284 seconds
[2025-03-16T11:49:00.057+0000] {processor.py:186} INFO - Started process (PID=44013) to work on /home/airflow/.local/lib/python3.12/site-packages/airflow/example_dags/example_complex.py
[2025-03-16T11:49:00.059+0000] {processor.py:914} INFO - Processing file /home/airflow/.local/lib/python3.12/site-packages/airflow/example_dags/example_complex.py for tasks to queue
[2025-03-16T11:49:00.061+0000] {logging_mixin.py:190} INFO - [2025-03-16T11:49:00.060+0000] {dagbag.py:588} INFO - Filling up the DagBag from /home/airflow/.local/lib/python3.12/site-packages/airflow/example_dags/example_complex.py
[2025-03-16T11:49:00.075+0000] {processor.py:925} INFO - DAG(s) 'example_complex' retrieved from /home/airflow/.local/lib/python3.12/site-packages/airflow/example_dags/example_complex.py
[2025-03-16T11:49:00.120+0000] {logging_mixin.py:190} INFO - [2025-03-16T11:49:00.120+0000] {dag.py:3239} INFO - Sync 1 DAGs
[2025-03-16T11:49:00.142+0000] {logging_mixin.py:190} INFO - [2025-03-16T11:49:00.141+0000] {dag.py:4180} INFO - Setting next_dagrun for example_complex to None, run_after=None
[2025-03-16T11:49:00.171+0000] {processor.py:208} INFO - Processing /home/airflow/.local/lib/python3.12/site-packages/airflow/example_dags/example_complex.py took 0.121 seconds
[2025-03-16T11:49:30.288+0000] {processor.py:186} INFO - Started process (PID=44078) to work on /home/airflow/.local/lib/python3.12/site-packages/airflow/example_dags/example_complex.py
[2025-03-16T11:49:30.290+0000] {processor.py:914} INFO - Processing file /home/airflow/.local/lib/python3.12/site-packages/airflow/example_dags/example_complex.py for tasks to queue
[2025-03-16T11:49:30.293+0000] {logging_mixin.py:190} INFO - [2025-03-16T11:49:30.292+0000] {dagbag.py:588} INFO - Filling up the DagBag from /home/airflow/.local/lib/python3.12/site-packages/airflow/example_dags/example_complex.py
[2025-03-16T11:49:30.312+0000] {processor.py:925} INFO - DAG(s) 'example_complex' retrieved from /home/airflow/.local/lib/python3.12/site-packages/airflow/example_dags/example_complex.py
[2025-03-16T11:49:30.374+0000] {logging_mixin.py:190} INFO - [2025-03-16T11:49:30.374+0000] {dag.py:3239} INFO - Sync 1 DAGs
[2025-03-16T11:49:30.396+0000] {logging_mixin.py:190} INFO - [2025-03-16T11:49:30.396+0000] {dag.py:4180} INFO - Setting next_dagrun for example_complex to None, run_after=None
[2025-03-16T11:49:30.430+0000] {processor.py:208} INFO - Processing /home/airflow/.local/lib/python3.12/site-packages/airflow/example_dags/example_complex.py took 0.151 seconds
[2025-03-16T11:50:00.539+0000] {processor.py:186} INFO - Started process (PID=44142) to work on /home/airflow/.local/lib/python3.12/site-packages/airflow/example_dags/example_complex.py
[2025-03-16T11:50:00.541+0000] {processor.py:914} INFO - Processing file /home/airflow/.local/lib/python3.12/site-packages/airflow/example_dags/example_complex.py for tasks to queue
[2025-03-16T11:50:00.543+0000] {logging_mixin.py:190} INFO - [2025-03-16T11:50:00.542+0000] {dagbag.py:588} INFO - Filling up the DagBag from /home/airflow/.local/lib/python3.12/site-packages/airflow/example_dags/example_complex.py
[2025-03-16T11:50:00.559+0000] {processor.py:925} INFO - DAG(s) 'example_complex' retrieved from /home/airflow/.local/lib/python3.12/site-packages/airflow/example_dags/example_complex.py
[2025-03-16T11:50:00.602+0000] {logging_mixin.py:190} INFO - [2025-03-16T11:50:00.601+0000] {dag.py:3239} INFO - Sync 1 DAGs
[2025-03-16T11:50:00.623+0000] {logging_mixin.py:190} INFO - [2025-03-16T11:50:00.623+0000] {dag.py:4180} INFO - Setting next_dagrun for example_complex to None, run_after=None
[2025-03-16T11:50:00.655+0000] {processor.py:208} INFO - Processing /home/airflow/.local/lib/python3.12/site-packages/airflow/example_dags/example_complex.py took 0.124 seconds
[2025-03-16T11:50:31.169+0000] {processor.py:186} INFO - Started process (PID=44207) to work on /home/airflow/.local/lib/python3.12/site-packages/airflow/example_dags/example_complex.py
[2025-03-16T11:50:31.171+0000] {processor.py:914} INFO - Processing file /home/airflow/.local/lib/python3.12/site-packages/airflow/example_dags/example_complex.py for tasks to queue
[2025-03-16T11:50:31.174+0000] {logging_mixin.py:190} INFO - [2025-03-16T11:50:31.173+0000] {dagbag.py:588} INFO - Filling up the DagBag from /home/airflow/.local/lib/python3.12/site-packages/airflow/example_dags/example_complex.py
[2025-03-16T11:50:31.199+0000] {processor.py:925} INFO - DAG(s) 'example_complex' retrieved from /home/airflow/.local/lib/python3.12/site-packages/airflow/example_dags/example_complex.py
[2025-03-16T11:50:31.268+0000] {logging_mixin.py:190} INFO - [2025-03-16T11:50:31.268+0000] {dag.py:3239} INFO - Sync 1 DAGs
[2025-03-16T11:50:31.293+0000] {logging_mixin.py:190} INFO - [2025-03-16T11:50:31.293+0000] {dag.py:4180} INFO - Setting next_dagrun for example_complex to None, run_after=None
[2025-03-16T11:50:31.327+0000] {processor.py:208} INFO - Processing /home/airflow/.local/lib/python3.12/site-packages/airflow/example_dags/example_complex.py took 0.168 seconds
[2025-03-16T11:51:01.481+0000] {processor.py:186} INFO - Started process (PID=44272) to work on /home/airflow/.local/lib/python3.12/site-packages/airflow/example_dags/example_complex.py
[2025-03-16T11:51:01.484+0000] {processor.py:914} INFO - Processing file /home/airflow/.local/lib/python3.12/site-packages/airflow/example_dags/example_complex.py for tasks to queue
[2025-03-16T11:51:01.487+0000] {logging_mixin.py:190} INFO - [2025-03-16T11:51:01.486+0000] {dagbag.py:588} INFO - Filling up the DagBag from /home/airflow/.local/lib/python3.12/site-packages/airflow/example_dags/example_complex.py
[2025-03-16T11:51:01.512+0000] {processor.py:925} INFO - DAG(s) 'example_complex' retrieved from /home/airflow/.local/lib/python3.12/site-packages/airflow/example_dags/example_complex.py
[2025-03-16T11:51:01.573+0000] {logging_mixin.py:190} INFO - [2025-03-16T11:51:01.573+0000] {dag.py:3239} INFO - Sync 1 DAGs
[2025-03-16T11:51:01.597+0000] {logging_mixin.py:190} INFO - [2025-03-16T11:51:01.596+0000] {dag.py:4180} INFO - Setting next_dagrun for example_complex to None, run_after=None
[2025-03-16T11:51:01.628+0000] {processor.py:208} INFO - Processing /home/airflow/.local/lib/python3.12/site-packages/airflow/example_dags/example_complex.py took 0.155 seconds
[2025-03-16T11:51:32.016+0000] {processor.py:186} INFO - Started process (PID=44328) to work on /home/airflow/.local/lib/python3.12/site-packages/airflow/example_dags/example_complex.py
[2025-03-16T11:51:32.019+0000] {processor.py:914} INFO - Processing file /home/airflow/.local/lib/python3.12/site-packages/airflow/example_dags/example_complex.py for tasks to queue
[2025-03-16T11:51:32.021+0000] {logging_mixin.py:190} INFO - [2025-03-16T11:51:32.020+0000] {dagbag.py:588} INFO - Filling up the DagBag from /home/airflow/.local/lib/python3.12/site-packages/airflow/example_dags/example_complex.py
[2025-03-16T11:51:32.043+0000] {processor.py:925} INFO - DAG(s) 'example_complex' retrieved from /home/airflow/.local/lib/python3.12/site-packages/airflow/example_dags/example_complex.py
[2025-03-16T11:51:32.110+0000] {logging_mixin.py:190} INFO - [2025-03-16T11:51:32.109+0000] {dag.py:3239} INFO - Sync 1 DAGs
[2025-03-16T11:51:32.137+0000] {logging_mixin.py:190} INFO - [2025-03-16T11:51:32.136+0000] {dag.py:4180} INFO - Setting next_dagrun for example_complex to None, run_after=None
[2025-03-16T11:51:32.177+0000] {processor.py:208} INFO - Processing /home/airflow/.local/lib/python3.12/site-packages/airflow/example_dags/example_complex.py took 0.173 seconds
[2025-03-16T11:52:03.731+0000] {processor.py:186} INFO - Started process (PID=44392) to work on /home/airflow/.local/lib/python3.12/site-packages/airflow/example_dags/example_complex.py
[2025-03-16T11:52:03.733+0000] {processor.py:914} INFO - Processing file /home/airflow/.local/lib/python3.12/site-packages/airflow/example_dags/example_complex.py for tasks to queue
[2025-03-16T11:52:03.735+0000] {logging_mixin.py:190} INFO - [2025-03-16T11:52:03.734+0000] {dagbag.py:588} INFO - Filling up the DagBag from /home/airflow/.local/lib/python3.12/site-packages/airflow/example_dags/example_complex.py
[2025-03-16T11:52:03.751+0000] {processor.py:925} INFO - DAG(s) 'example_complex' retrieved from /home/airflow/.local/lib/python3.12/site-packages/airflow/example_dags/example_complex.py
[2025-03-16T11:52:03.797+0000] {logging_mixin.py:190} INFO - [2025-03-16T11:52:03.796+0000] {dag.py:3239} INFO - Sync 1 DAGs
[2025-03-16T11:52:03.818+0000] {logging_mixin.py:190} INFO - [2025-03-16T11:52:03.818+0000] {dag.py:4180} INFO - Setting next_dagrun for example_complex to None, run_after=None
[2025-03-16T11:52:03.856+0000] {processor.py:208} INFO - Processing /home/airflow/.local/lib/python3.12/site-packages/airflow/example_dags/example_complex.py took 0.133 seconds
[2025-03-16T11:52:34.867+0000] {processor.py:186} INFO - Started process (PID=44456) to work on /home/airflow/.local/lib/python3.12/site-packages/airflow/example_dags/example_complex.py
[2025-03-16T11:52:34.869+0000] {processor.py:914} INFO - Processing file /home/airflow/.local/lib/python3.12/site-packages/airflow/example_dags/example_complex.py for tasks to queue
[2025-03-16T11:52:34.871+0000] {logging_mixin.py:190} INFO - [2025-03-16T11:52:34.871+0000] {dagbag.py:588} INFO - Filling up the DagBag from /home/airflow/.local/lib/python3.12/site-packages/airflow/example_dags/example_complex.py
[2025-03-16T11:52:34.891+0000] {processor.py:925} INFO - DAG(s) 'example_complex' retrieved from /home/airflow/.local/lib/python3.12/site-packages/airflow/example_dags/example_complex.py
[2025-03-16T11:52:34.945+0000] {logging_mixin.py:190} INFO - [2025-03-16T11:52:34.944+0000] {dag.py:3239} INFO - Sync 1 DAGs
[2025-03-16T11:52:34.988+0000] {logging_mixin.py:190} INFO - [2025-03-16T11:52:34.987+0000] {dag.py:4180} INFO - Setting next_dagrun for example_complex to None, run_after=None
[2025-03-16T11:52:35.019+0000] {processor.py:208} INFO - Processing /home/airflow/.local/lib/python3.12/site-packages/airflow/example_dags/example_complex.py took 0.161 seconds
[2025-03-16T11:53:06.405+0000] {processor.py:186} INFO - Started process (PID=44521) to work on /home/airflow/.local/lib/python3.12/site-packages/airflow/example_dags/example_complex.py
[2025-03-16T11:53:06.407+0000] {processor.py:914} INFO - Processing file /home/airflow/.local/lib/python3.12/site-packages/airflow/example_dags/example_complex.py for tasks to queue
[2025-03-16T11:53:06.409+0000] {logging_mixin.py:190} INFO - [2025-03-16T11:53:06.409+0000] {dagbag.py:588} INFO - Filling up the DagBag from /home/airflow/.local/lib/python3.12/site-packages/airflow/example_dags/example_complex.py
[2025-03-16T11:53:06.427+0000] {processor.py:925} INFO - DAG(s) 'example_complex' retrieved from /home/airflow/.local/lib/python3.12/site-packages/airflow/example_dags/example_complex.py
[2025-03-16T11:53:06.479+0000] {logging_mixin.py:190} INFO - [2025-03-16T11:53:06.479+0000] {dag.py:3239} INFO - Sync 1 DAGs
[2025-03-16T11:53:06.505+0000] {logging_mixin.py:190} INFO - [2025-03-16T11:53:06.504+0000] {dag.py:4180} INFO - Setting next_dagrun for example_complex to None, run_after=None
[2025-03-16T11:53:06.539+0000] {processor.py:208} INFO - Processing /home/airflow/.local/lib/python3.12/site-packages/airflow/example_dags/example_complex.py took 0.142 seconds
[2025-03-16T11:53:36.704+0000] {processor.py:186} INFO - Started process (PID=44583) to work on /home/airflow/.local/lib/python3.12/site-packages/airflow/example_dags/example_complex.py
[2025-03-16T11:53:36.706+0000] {processor.py:914} INFO - Processing file /home/airflow/.local/lib/python3.12/site-packages/airflow/example_dags/example_complex.py for tasks to queue
[2025-03-16T11:53:36.708+0000] {logging_mixin.py:190} INFO - [2025-03-16T11:53:36.708+0000] {dagbag.py:588} INFO - Filling up the DagBag from /home/airflow/.local/lib/python3.12/site-packages/airflow/example_dags/example_complex.py
[2025-03-16T11:53:36.733+0000] {processor.py:925} INFO - DAG(s) 'example_complex' retrieved from /home/airflow/.local/lib/python3.12/site-packages/airflow/example_dags/example_complex.py
[2025-03-16T11:53:36.788+0000] {logging_mixin.py:190} INFO - [2025-03-16T11:53:36.788+0000] {dag.py:3239} INFO - Sync 1 DAGs
[2025-03-16T11:53:36.814+0000] {logging_mixin.py:190} INFO - [2025-03-16T11:53:36.814+0000] {dag.py:4180} INFO - Setting next_dagrun for example_complex to None, run_after=None
[2025-03-16T11:53:36.860+0000] {processor.py:208} INFO - Processing /home/airflow/.local/lib/python3.12/site-packages/airflow/example_dags/example_complex.py took 0.165 seconds
[2025-03-16T11:54:07.625+0000] {processor.py:186} INFO - Started process (PID=44648) to work on /home/airflow/.local/lib/python3.12/site-packages/airflow/example_dags/example_complex.py
[2025-03-16T11:54:07.627+0000] {processor.py:914} INFO - Processing file /home/airflow/.local/lib/python3.12/site-packages/airflow/example_dags/example_complex.py for tasks to queue
[2025-03-16T11:54:07.631+0000] {logging_mixin.py:190} INFO - [2025-03-16T11:54:07.630+0000] {dagbag.py:588} INFO - Filling up the DagBag from /home/airflow/.local/lib/python3.12/site-packages/airflow/example_dags/example_complex.py
[2025-03-16T11:54:07.656+0000] {processor.py:925} INFO - DAG(s) 'example_complex' retrieved from /home/airflow/.local/lib/python3.12/site-packages/airflow/example_dags/example_complex.py
[2025-03-16T11:54:07.725+0000] {logging_mixin.py:190} INFO - [2025-03-16T11:54:07.725+0000] {dag.py:3239} INFO - Sync 1 DAGs
[2025-03-16T11:54:07.757+0000] {logging_mixin.py:190} INFO - [2025-03-16T11:54:07.757+0000] {dag.py:4180} INFO - Setting next_dagrun for example_complex to None, run_after=None
[2025-03-16T11:54:07.795+0000] {processor.py:208} INFO - Processing /home/airflow/.local/lib/python3.12/site-packages/airflow/example_dags/example_complex.py took 0.183 seconds
[2025-03-16T11:54:37.977+0000] {processor.py:186} INFO - Started process (PID=44714) to work on /home/airflow/.local/lib/python3.12/site-packages/airflow/example_dags/example_complex.py
[2025-03-16T11:54:37.979+0000] {processor.py:914} INFO - Processing file /home/airflow/.local/lib/python3.12/site-packages/airflow/example_dags/example_complex.py for tasks to queue
[2025-03-16T11:54:37.982+0000] {logging_mixin.py:190} INFO - [2025-03-16T11:54:37.981+0000] {dagbag.py:588} INFO - Filling up the DagBag from /home/airflow/.local/lib/python3.12/site-packages/airflow/example_dags/example_complex.py
[2025-03-16T11:54:38.018+0000] {processor.py:925} INFO - DAG(s) 'example_complex' retrieved from /home/airflow/.local/lib/python3.12/site-packages/airflow/example_dags/example_complex.py
[2025-03-16T11:54:38.077+0000] {logging_mixin.py:190} INFO - [2025-03-16T11:54:38.076+0000] {dag.py:3239} INFO - Sync 1 DAGs
[2025-03-16T11:54:38.105+0000] {logging_mixin.py:190} INFO - [2025-03-16T11:54:38.104+0000] {dag.py:4180} INFO - Setting next_dagrun for example_complex to None, run_after=None
[2025-03-16T11:54:38.141+0000] {processor.py:208} INFO - Processing /home/airflow/.local/lib/python3.12/site-packages/airflow/example_dags/example_complex.py took 0.176 seconds
[2025-03-16T11:55:08.292+0000] {processor.py:186} INFO - Started process (PID=44779) to work on /home/airflow/.local/lib/python3.12/site-packages/airflow/example_dags/example_complex.py
[2025-03-16T11:55:08.294+0000] {processor.py:914} INFO - Processing file /home/airflow/.local/lib/python3.12/site-packages/airflow/example_dags/example_complex.py for tasks to queue
[2025-03-16T11:55:08.296+0000] {logging_mixin.py:190} INFO - [2025-03-16T11:55:08.295+0000] {dagbag.py:588} INFO - Filling up the DagBag from /home/airflow/.local/lib/python3.12/site-packages/airflow/example_dags/example_complex.py
[2025-03-16T11:55:08.313+0000] {processor.py:925} INFO - DAG(s) 'example_complex' retrieved from /home/airflow/.local/lib/python3.12/site-packages/airflow/example_dags/example_complex.py
[2025-03-16T11:55:08.374+0000] {logging_mixin.py:190} INFO - [2025-03-16T11:55:08.374+0000] {dag.py:3239} INFO - Sync 1 DAGs
[2025-03-16T11:55:08.403+0000] {logging_mixin.py:190} INFO - [2025-03-16T11:55:08.402+0000] {dag.py:4180} INFO - Setting next_dagrun for example_complex to None, run_after=None
[2025-03-16T11:55:08.436+0000] {processor.py:208} INFO - Processing /home/airflow/.local/lib/python3.12/site-packages/airflow/example_dags/example_complex.py took 0.151 seconds
[2025-03-16T11:55:38.706+0000] {processor.py:186} INFO - Started process (PID=44844) to work on /home/airflow/.local/lib/python3.12/site-packages/airflow/example_dags/example_complex.py
[2025-03-16T11:55:38.709+0000] {processor.py:914} INFO - Processing file /home/airflow/.local/lib/python3.12/site-packages/airflow/example_dags/example_complex.py for tasks to queue
[2025-03-16T11:55:38.712+0000] {logging_mixin.py:190} INFO - [2025-03-16T11:55:38.711+0000] {dagbag.py:588} INFO - Filling up the DagBag from /home/airflow/.local/lib/python3.12/site-packages/airflow/example_dags/example_complex.py
[2025-03-16T11:55:38.740+0000] {processor.py:925} INFO - DAG(s) 'example_complex' retrieved from /home/airflow/.local/lib/python3.12/site-packages/airflow/example_dags/example_complex.py
[2025-03-16T11:55:38.792+0000] {logging_mixin.py:190} INFO - [2025-03-16T11:55:38.791+0000] {dag.py:3239} INFO - Sync 1 DAGs
[2025-03-16T11:55:38.819+0000] {logging_mixin.py:190} INFO - [2025-03-16T11:55:38.819+0000] {dag.py:4180} INFO - Setting next_dagrun for example_complex to None, run_after=None
[2025-03-16T11:55:38.857+0000] {processor.py:208} INFO - Processing /home/airflow/.local/lib/python3.12/site-packages/airflow/example_dags/example_complex.py took 0.160 seconds
[2025-03-16T11:56:09.176+0000] {processor.py:186} INFO - Started process (PID=44909) to work on /home/airflow/.local/lib/python3.12/site-packages/airflow/example_dags/example_complex.py
[2025-03-16T11:56:09.178+0000] {processor.py:914} INFO - Processing file /home/airflow/.local/lib/python3.12/site-packages/airflow/example_dags/example_complex.py for tasks to queue
[2025-03-16T11:56:09.181+0000] {logging_mixin.py:190} INFO - [2025-03-16T11:56:09.180+0000] {dagbag.py:588} INFO - Filling up the DagBag from /home/airflow/.local/lib/python3.12/site-packages/airflow/example_dags/example_complex.py
[2025-03-16T11:56:09.200+0000] {processor.py:925} INFO - DAG(s) 'example_complex' retrieved from /home/airflow/.local/lib/python3.12/site-packages/airflow/example_dags/example_complex.py
[2025-03-16T11:56:09.253+0000] {logging_mixin.py:190} INFO - [2025-03-16T11:56:09.253+0000] {dag.py:3239} INFO - Sync 1 DAGs
[2025-03-16T11:56:09.278+0000] {logging_mixin.py:190} INFO - [2025-03-16T11:56:09.277+0000] {dag.py:4180} INFO - Setting next_dagrun for example_complex to None, run_after=None
[2025-03-16T11:56:09.316+0000] {processor.py:208} INFO - Processing /home/airflow/.local/lib/python3.12/site-packages/airflow/example_dags/example_complex.py took 0.150 seconds
[2025-03-16T11:56:39.554+0000] {processor.py:186} INFO - Started process (PID=44974) to work on /home/airflow/.local/lib/python3.12/site-packages/airflow/example_dags/example_complex.py
[2025-03-16T11:56:39.556+0000] {processor.py:914} INFO - Processing file /home/airflow/.local/lib/python3.12/site-packages/airflow/example_dags/example_complex.py for tasks to queue
[2025-03-16T11:56:39.559+0000] {logging_mixin.py:190} INFO - [2025-03-16T11:56:39.559+0000] {dagbag.py:588} INFO - Filling up the DagBag from /home/airflow/.local/lib/python3.12/site-packages/airflow/example_dags/example_complex.py
[2025-03-16T11:56:39.577+0000] {processor.py:925} INFO - DAG(s) 'example_complex' retrieved from /home/airflow/.local/lib/python3.12/site-packages/airflow/example_dags/example_complex.py
[2025-03-16T11:56:39.625+0000] {logging_mixin.py:190} INFO - [2025-03-16T11:56:39.625+0000] {dag.py:3239} INFO - Sync 1 DAGs
[2025-03-16T11:56:39.651+0000] {logging_mixin.py:190} INFO - [2025-03-16T11:56:39.651+0000] {dag.py:4180} INFO - Setting next_dagrun for example_complex to None, run_after=None
[2025-03-16T11:56:39.692+0000] {processor.py:208} INFO - Processing /home/airflow/.local/lib/python3.12/site-packages/airflow/example_dags/example_complex.py took 0.146 seconds
[2025-03-16T11:57:10.639+0000] {processor.py:186} INFO - Started process (PID=45039) to work on /home/airflow/.local/lib/python3.12/site-packages/airflow/example_dags/example_complex.py
[2025-03-16T11:57:10.642+0000] {processor.py:914} INFO - Processing file /home/airflow/.local/lib/python3.12/site-packages/airflow/example_dags/example_complex.py for tasks to queue
[2025-03-16T11:57:10.647+0000] {logging_mixin.py:190} INFO - [2025-03-16T11:57:10.646+0000] {dagbag.py:588} INFO - Filling up the DagBag from /home/airflow/.local/lib/python3.12/site-packages/airflow/example_dags/example_complex.py
[2025-03-16T11:57:10.679+0000] {processor.py:925} INFO - DAG(s) 'example_complex' retrieved from /home/airflow/.local/lib/python3.12/site-packages/airflow/example_dags/example_complex.py
[2025-03-16T11:57:10.746+0000] {logging_mixin.py:190} INFO - [2025-03-16T11:57:10.746+0000] {dag.py:3239} INFO - Sync 1 DAGs
[2025-03-16T11:57:10.783+0000] {logging_mixin.py:190} INFO - [2025-03-16T11:57:10.782+0000] {dag.py:4180} INFO - Setting next_dagrun for example_complex to None, run_after=None
[2025-03-16T11:57:10.827+0000] {processor.py:208} INFO - Processing /home/airflow/.local/lib/python3.12/site-packages/airflow/example_dags/example_complex.py took 0.200 seconds
[2025-03-16T11:57:41.177+0000] {processor.py:186} INFO - Started process (PID=45104) to work on /home/airflow/.local/lib/python3.12/site-packages/airflow/example_dags/example_complex.py
[2025-03-16T11:57:41.180+0000] {processor.py:914} INFO - Processing file /home/airflow/.local/lib/python3.12/site-packages/airflow/example_dags/example_complex.py for tasks to queue
[2025-03-16T11:57:41.184+0000] {logging_mixin.py:190} INFO - [2025-03-16T11:57:41.183+0000] {dagbag.py:588} INFO - Filling up the DagBag from /home/airflow/.local/lib/python3.12/site-packages/airflow/example_dags/example_complex.py
[2025-03-16T11:57:41.222+0000] {processor.py:925} INFO - DAG(s) 'example_complex' retrieved from /home/airflow/.local/lib/python3.12/site-packages/airflow/example_dags/example_complex.py
[2025-03-16T11:57:41.294+0000] {logging_mixin.py:190} INFO - [2025-03-16T11:57:41.294+0000] {dag.py:3239} INFO - Sync 1 DAGs
[2025-03-16T11:57:41.327+0000] {logging_mixin.py:190} INFO - [2025-03-16T11:57:41.326+0000] {dag.py:4180} INFO - Setting next_dagrun for example_complex to None, run_after=None
[2025-03-16T11:57:41.362+0000] {processor.py:208} INFO - Processing /home/airflow/.local/lib/python3.12/site-packages/airflow/example_dags/example_complex.py took 0.212 seconds
[2025-03-16T11:58:11.926+0000] {processor.py:186} INFO - Started process (PID=45175) to work on /home/airflow/.local/lib/python3.12/site-packages/airflow/example_dags/example_complex.py
[2025-03-16T11:58:11.927+0000] {processor.py:914} INFO - Processing file /home/airflow/.local/lib/python3.12/site-packages/airflow/example_dags/example_complex.py for tasks to queue
[2025-03-16T11:58:11.930+0000] {logging_mixin.py:190} INFO - [2025-03-16T11:58:11.929+0000] {dagbag.py:588} INFO - Filling up the DagBag from /home/airflow/.local/lib/python3.12/site-packages/airflow/example_dags/example_complex.py
[2025-03-16T11:58:11.955+0000] {processor.py:925} INFO - DAG(s) 'example_complex' retrieved from /home/airflow/.local/lib/python3.12/site-packages/airflow/example_dags/example_complex.py
[2025-03-16T11:58:12.013+0000] {logging_mixin.py:190} INFO - [2025-03-16T11:58:12.012+0000] {dag.py:3239} INFO - Sync 1 DAGs
[2025-03-16T11:58:12.035+0000] {logging_mixin.py:190} INFO - [2025-03-16T11:58:12.035+0000] {dag.py:4180} INFO - Setting next_dagrun for example_complex to None, run_after=None
[2025-03-16T11:58:12.070+0000] {processor.py:208} INFO - Processing /home/airflow/.local/lib/python3.12/site-packages/airflow/example_dags/example_complex.py took 0.155 seconds
[2025-03-16T11:58:42.421+0000] {processor.py:186} INFO - Started process (PID=45240) to work on /home/airflow/.local/lib/python3.12/site-packages/airflow/example_dags/example_complex.py
[2025-03-16T11:58:42.423+0000] {processor.py:914} INFO - Processing file /home/airflow/.local/lib/python3.12/site-packages/airflow/example_dags/example_complex.py for tasks to queue
[2025-03-16T11:58:42.426+0000] {logging_mixin.py:190} INFO - [2025-03-16T11:58:42.425+0000] {dagbag.py:588} INFO - Filling up the DagBag from /home/airflow/.local/lib/python3.12/site-packages/airflow/example_dags/example_complex.py
[2025-03-16T11:58:42.449+0000] {processor.py:925} INFO - DAG(s) 'example_complex' retrieved from /home/airflow/.local/lib/python3.12/site-packages/airflow/example_dags/example_complex.py
[2025-03-16T11:58:42.511+0000] {logging_mixin.py:190} INFO - [2025-03-16T11:58:42.511+0000] {dag.py:3239} INFO - Sync 1 DAGs
[2025-03-16T11:58:42.540+0000] {logging_mixin.py:190} INFO - [2025-03-16T11:58:42.539+0000] {dag.py:4180} INFO - Setting next_dagrun for example_complex to None, run_after=None
[2025-03-16T11:58:42.582+0000] {processor.py:208} INFO - Processing /home/airflow/.local/lib/python3.12/site-packages/airflow/example_dags/example_complex.py took 0.170 seconds
[2025-03-16T11:59:12.870+0000] {processor.py:186} INFO - Started process (PID=45306) to work on /home/airflow/.local/lib/python3.12/site-packages/airflow/example_dags/example_complex.py
[2025-03-16T11:59:12.871+0000] {processor.py:914} INFO - Processing file /home/airflow/.local/lib/python3.12/site-packages/airflow/example_dags/example_complex.py for tasks to queue
[2025-03-16T11:59:12.874+0000] {logging_mixin.py:190} INFO - [2025-03-16T11:59:12.873+0000] {dagbag.py:588} INFO - Filling up the DagBag from /home/airflow/.local/lib/python3.12/site-packages/airflow/example_dags/example_complex.py
[2025-03-16T11:59:12.891+0000] {processor.py:925} INFO - DAG(s) 'example_complex' retrieved from /home/airflow/.local/lib/python3.12/site-packages/airflow/example_dags/example_complex.py
[2025-03-16T11:59:12.941+0000] {logging_mixin.py:190} INFO - [2025-03-16T11:59:12.940+0000] {dag.py:3239} INFO - Sync 1 DAGs
[2025-03-16T11:59:12.964+0000] {logging_mixin.py:190} INFO - [2025-03-16T11:59:12.964+0000] {dag.py:4180} INFO - Setting next_dagrun for example_complex to None, run_after=None
[2025-03-16T11:59:12.999+0000] {processor.py:208} INFO - Processing /home/airflow/.local/lib/python3.12/site-packages/airflow/example_dags/example_complex.py took 0.138 seconds
[2025-03-16T11:59:43.559+0000] {processor.py:186} INFO - Started process (PID=45370) to work on /home/airflow/.local/lib/python3.12/site-packages/airflow/example_dags/example_complex.py
[2025-03-16T11:59:43.562+0000] {processor.py:914} INFO - Processing file /home/airflow/.local/lib/python3.12/site-packages/airflow/example_dags/example_complex.py for tasks to queue
[2025-03-16T11:59:43.566+0000] {logging_mixin.py:190} INFO - [2025-03-16T11:59:43.565+0000] {dagbag.py:588} INFO - Filling up the DagBag from /home/airflow/.local/lib/python3.12/site-packages/airflow/example_dags/example_complex.py
[2025-03-16T11:59:43.596+0000] {processor.py:925} INFO - DAG(s) 'example_complex' retrieved from /home/airflow/.local/lib/python3.12/site-packages/airflow/example_dags/example_complex.py
[2025-03-16T11:59:43.666+0000] {logging_mixin.py:190} INFO - [2025-03-16T11:59:43.666+0000] {dag.py:3239} INFO - Sync 1 DAGs
[2025-03-16T11:59:43.704+0000] {logging_mixin.py:190} INFO - [2025-03-16T11:59:43.703+0000] {dag.py:4180} INFO - Setting next_dagrun for example_complex to None, run_after=None
[2025-03-16T11:59:43.759+0000] {processor.py:208} INFO - Processing /home/airflow/.local/lib/python3.12/site-packages/airflow/example_dags/example_complex.py took 0.211 seconds
[2025-03-16T12:00:13.914+0000] {processor.py:186} INFO - Started process (PID=45434) to work on /home/airflow/.local/lib/python3.12/site-packages/airflow/example_dags/example_complex.py
[2025-03-16T12:00:13.916+0000] {processor.py:914} INFO - Processing file /home/airflow/.local/lib/python3.12/site-packages/airflow/example_dags/example_complex.py for tasks to queue
[2025-03-16T12:00:13.918+0000] {logging_mixin.py:190} INFO - [2025-03-16T12:00:13.918+0000] {dagbag.py:588} INFO - Filling up the DagBag from /home/airflow/.local/lib/python3.12/site-packages/airflow/example_dags/example_complex.py
[2025-03-16T12:00:13.936+0000] {processor.py:925} INFO - DAG(s) 'example_complex' retrieved from /home/airflow/.local/lib/python3.12/site-packages/airflow/example_dags/example_complex.py
[2025-03-16T12:00:13.987+0000] {logging_mixin.py:190} INFO - [2025-03-16T12:00:13.986+0000] {dag.py:3239} INFO - Sync 1 DAGs
[2025-03-16T12:00:14.010+0000] {logging_mixin.py:190} INFO - [2025-03-16T12:00:14.010+0000] {dag.py:4180} INFO - Setting next_dagrun for example_complex to None, run_after=None
[2025-03-16T12:00:14.046+0000] {processor.py:208} INFO - Processing /home/airflow/.local/lib/python3.12/site-packages/airflow/example_dags/example_complex.py took 0.140 seconds
[2025-03-16T12:00:44.535+0000] {processor.py:186} INFO - Started process (PID=45499) to work on /home/airflow/.local/lib/python3.12/site-packages/airflow/example_dags/example_complex.py
[2025-03-16T12:00:44.537+0000] {processor.py:914} INFO - Processing file /home/airflow/.local/lib/python3.12/site-packages/airflow/example_dags/example_complex.py for tasks to queue
[2025-03-16T12:00:44.541+0000] {logging_mixin.py:190} INFO - [2025-03-16T12:00:44.540+0000] {dagbag.py:588} INFO - Filling up the DagBag from /home/airflow/.local/lib/python3.12/site-packages/airflow/example_dags/example_complex.py
[2025-03-16T12:00:44.564+0000] {processor.py:925} INFO - DAG(s) 'example_complex' retrieved from /home/airflow/.local/lib/python3.12/site-packages/airflow/example_dags/example_complex.py
[2025-03-16T12:00:44.629+0000] {logging_mixin.py:190} INFO - [2025-03-16T12:00:44.629+0000] {dag.py:3239} INFO - Sync 1 DAGs
[2025-03-16T12:00:44.652+0000] {logging_mixin.py:190} INFO - [2025-03-16T12:00:44.652+0000] {dag.py:4180} INFO - Setting next_dagrun for example_complex to None, run_after=None
[2025-03-16T12:00:44.690+0000] {processor.py:208} INFO - Processing /home/airflow/.local/lib/python3.12/site-packages/airflow/example_dags/example_complex.py took 0.163 seconds
[2025-03-16T12:01:14.981+0000] {processor.py:186} INFO - Started process (PID=45565) to work on /home/airflow/.local/lib/python3.12/site-packages/airflow/example_dags/example_complex.py
[2025-03-16T12:01:14.982+0000] {processor.py:914} INFO - Processing file /home/airflow/.local/lib/python3.12/site-packages/airflow/example_dags/example_complex.py for tasks to queue
[2025-03-16T12:01:14.985+0000] {logging_mixin.py:190} INFO - [2025-03-16T12:01:14.984+0000] {dagbag.py:588} INFO - Filling up the DagBag from /home/airflow/.local/lib/python3.12/site-packages/airflow/example_dags/example_complex.py
[2025-03-16T12:01:15.005+0000] {processor.py:925} INFO - DAG(s) 'example_complex' retrieved from /home/airflow/.local/lib/python3.12/site-packages/airflow/example_dags/example_complex.py
[2025-03-16T12:01:15.055+0000] {logging_mixin.py:190} INFO - [2025-03-16T12:01:15.055+0000] {dag.py:3239} INFO - Sync 1 DAGs
[2025-03-16T12:01:15.078+0000] {logging_mixin.py:190} INFO - [2025-03-16T12:01:15.077+0000] {dag.py:4180} INFO - Setting next_dagrun for example_complex to None, run_after=None
[2025-03-16T12:01:15.112+0000] {processor.py:208} INFO - Processing /home/airflow/.local/lib/python3.12/site-packages/airflow/example_dags/example_complex.py took 0.140 seconds
[2025-03-16T12:01:45.382+0000] {processor.py:186} INFO - Started process (PID=45629) to work on /home/airflow/.local/lib/python3.12/site-packages/airflow/example_dags/example_complex.py
[2025-03-16T12:01:45.385+0000] {processor.py:914} INFO - Processing file /home/airflow/.local/lib/python3.12/site-packages/airflow/example_dags/example_complex.py for tasks to queue
[2025-03-16T12:01:45.388+0000] {logging_mixin.py:190} INFO - [2025-03-16T12:01:45.387+0000] {dagbag.py:588} INFO - Filling up the DagBag from /home/airflow/.local/lib/python3.12/site-packages/airflow/example_dags/example_complex.py
[2025-03-16T12:01:45.409+0000] {processor.py:925} INFO - DAG(s) 'example_complex' retrieved from /home/airflow/.local/lib/python3.12/site-packages/airflow/example_dags/example_complex.py
[2025-03-16T12:01:45.467+0000] {logging_mixin.py:190} INFO - [2025-03-16T12:01:45.467+0000] {dag.py:3239} INFO - Sync 1 DAGs
[2025-03-16T12:01:45.494+0000] {logging_mixin.py:190} INFO - [2025-03-16T12:01:45.494+0000] {dag.py:4180} INFO - Setting next_dagrun for example_complex to None, run_after=None
[2025-03-16T12:01:45.529+0000] {processor.py:208} INFO - Processing /home/airflow/.local/lib/python3.12/site-packages/airflow/example_dags/example_complex.py took 0.155 seconds
[2025-03-16T12:02:15.700+0000] {processor.py:186} INFO - Started process (PID=45694) to work on /home/airflow/.local/lib/python3.12/site-packages/airflow/example_dags/example_complex.py
[2025-03-16T12:02:15.701+0000] {processor.py:914} INFO - Processing file /home/airflow/.local/lib/python3.12/site-packages/airflow/example_dags/example_complex.py for tasks to queue
[2025-03-16T12:02:15.704+0000] {logging_mixin.py:190} INFO - [2025-03-16T12:02:15.703+0000] {dagbag.py:588} INFO - Filling up the DagBag from /home/airflow/.local/lib/python3.12/site-packages/airflow/example_dags/example_complex.py
[2025-03-16T12:02:15.726+0000] {processor.py:925} INFO - DAG(s) 'example_complex' retrieved from /home/airflow/.local/lib/python3.12/site-packages/airflow/example_dags/example_complex.py
[2025-03-16T12:02:15.777+0000] {logging_mixin.py:190} INFO - [2025-03-16T12:02:15.776+0000] {dag.py:3239} INFO - Sync 1 DAGs
[2025-03-16T12:02:15.806+0000] {logging_mixin.py:190} INFO - [2025-03-16T12:02:15.805+0000] {dag.py:4180} INFO - Setting next_dagrun for example_complex to None, run_after=None
[2025-03-16T12:02:15.847+0000] {processor.py:208} INFO - Processing /home/airflow/.local/lib/python3.12/site-packages/airflow/example_dags/example_complex.py took 0.156 seconds
[2025-03-16T12:02:46.328+0000] {processor.py:186} INFO - Started process (PID=45759) to work on /home/airflow/.local/lib/python3.12/site-packages/airflow/example_dags/example_complex.py
[2025-03-16T12:02:46.330+0000] {processor.py:914} INFO - Processing file /home/airflow/.local/lib/python3.12/site-packages/airflow/example_dags/example_complex.py for tasks to queue
[2025-03-16T12:02:46.334+0000] {logging_mixin.py:190} INFO - [2025-03-16T12:02:46.332+0000] {dagbag.py:588} INFO - Filling up the DagBag from /home/airflow/.local/lib/python3.12/site-packages/airflow/example_dags/example_complex.py
[2025-03-16T12:02:46.357+0000] {processor.py:925} INFO - DAG(s) 'example_complex' retrieved from /home/airflow/.local/lib/python3.12/site-packages/airflow/example_dags/example_complex.py
[2025-03-16T12:02:46.418+0000] {logging_mixin.py:190} INFO - [2025-03-16T12:02:46.417+0000] {dag.py:3239} INFO - Sync 1 DAGs
[2025-03-16T12:02:46.441+0000] {logging_mixin.py:190} INFO - [2025-03-16T12:02:46.441+0000] {dag.py:4180} INFO - Setting next_dagrun for example_complex to None, run_after=None
[2025-03-16T12:02:46.477+0000] {processor.py:208} INFO - Processing /home/airflow/.local/lib/python3.12/site-packages/airflow/example_dags/example_complex.py took 0.159 seconds
[2025-03-16T12:03:17.183+0000] {processor.py:186} INFO - Started process (PID=45824) to work on /home/airflow/.local/lib/python3.12/site-packages/airflow/example_dags/example_complex.py
[2025-03-16T12:03:17.185+0000] {processor.py:914} INFO - Processing file /home/airflow/.local/lib/python3.12/site-packages/airflow/example_dags/example_complex.py for tasks to queue
[2025-03-16T12:03:17.188+0000] {logging_mixin.py:190} INFO - [2025-03-16T12:03:17.187+0000] {dagbag.py:588} INFO - Filling up the DagBag from /home/airflow/.local/lib/python3.12/site-packages/airflow/example_dags/example_complex.py
[2025-03-16T12:03:17.212+0000] {processor.py:925} INFO - DAG(s) 'example_complex' retrieved from /home/airflow/.local/lib/python3.12/site-packages/airflow/example_dags/example_complex.py
[2025-03-16T12:03:17.348+0000] {logging_mixin.py:190} INFO - [2025-03-16T12:03:17.348+0000] {dag.py:3239} INFO - Sync 1 DAGs
[2025-03-16T12:03:17.441+0000] {logging_mixin.py:190} INFO - [2025-03-16T12:03:17.441+0000] {dag.py:4180} INFO - Setting next_dagrun for example_complex to None, run_after=None
[2025-03-16T12:03:17.515+0000] {processor.py:208} INFO - Processing /home/airflow/.local/lib/python3.12/site-packages/airflow/example_dags/example_complex.py took 0.347 seconds
[2025-03-16T12:03:48.314+0000] {processor.py:186} INFO - Started process (PID=45889) to work on /home/airflow/.local/lib/python3.12/site-packages/airflow/example_dags/example_complex.py
[2025-03-16T12:03:48.316+0000] {processor.py:914} INFO - Processing file /home/airflow/.local/lib/python3.12/site-packages/airflow/example_dags/example_complex.py for tasks to queue
[2025-03-16T12:03:48.318+0000] {logging_mixin.py:190} INFO - [2025-03-16T12:03:48.317+0000] {dagbag.py:588} INFO - Filling up the DagBag from /home/airflow/.local/lib/python3.12/site-packages/airflow/example_dags/example_complex.py
[2025-03-16T12:03:48.335+0000] {processor.py:925} INFO - DAG(s) 'example_complex' retrieved from /home/airflow/.local/lib/python3.12/site-packages/airflow/example_dags/example_complex.py
[2025-03-16T12:03:48.381+0000] {logging_mixin.py:190} INFO - [2025-03-16T12:03:48.380+0000] {dag.py:3239} INFO - Sync 1 DAGs
[2025-03-16T12:03:48.407+0000] {logging_mixin.py:190} INFO - [2025-03-16T12:03:48.406+0000] {dag.py:4180} INFO - Setting next_dagrun for example_complex to None, run_after=None
[2025-03-16T12:03:48.450+0000] {processor.py:208} INFO - Processing /home/airflow/.local/lib/python3.12/site-packages/airflow/example_dags/example_complex.py took 0.145 seconds
[2025-03-16T12:04:18.837+0000] {processor.py:186} INFO - Started process (PID=45952) to work on /home/airflow/.local/lib/python3.12/site-packages/airflow/example_dags/example_complex.py
[2025-03-16T12:04:18.839+0000] {processor.py:914} INFO - Processing file /home/airflow/.local/lib/python3.12/site-packages/airflow/example_dags/example_complex.py for tasks to queue
[2025-03-16T12:04:18.843+0000] {logging_mixin.py:190} INFO - [2025-03-16T12:04:18.842+0000] {dagbag.py:588} INFO - Filling up the DagBag from /home/airflow/.local/lib/python3.12/site-packages/airflow/example_dags/example_complex.py
[2025-03-16T12:04:18.872+0000] {processor.py:925} INFO - DAG(s) 'example_complex' retrieved from /home/airflow/.local/lib/python3.12/site-packages/airflow/example_dags/example_complex.py
[2025-03-16T12:04:18.924+0000] {logging_mixin.py:190} INFO - [2025-03-16T12:04:18.924+0000] {dag.py:3239} INFO - Sync 1 DAGs
[2025-03-16T12:04:18.954+0000] {logging_mixin.py:190} INFO - [2025-03-16T12:04:18.953+0000] {dag.py:4180} INFO - Setting next_dagrun for example_complex to None, run_after=None
[2025-03-16T12:04:18.995+0000] {processor.py:208} INFO - Processing /home/airflow/.local/lib/python3.12/site-packages/airflow/example_dags/example_complex.py took 0.175 seconds
[2025-03-16T12:04:50.647+0000] {processor.py:186} INFO - Started process (PID=46017) to work on /home/airflow/.local/lib/python3.12/site-packages/airflow/example_dags/example_complex.py
[2025-03-16T12:04:50.648+0000] {processor.py:914} INFO - Processing file /home/airflow/.local/lib/python3.12/site-packages/airflow/example_dags/example_complex.py for tasks to queue
[2025-03-16T12:04:50.650+0000] {logging_mixin.py:190} INFO - [2025-03-16T12:04:50.650+0000] {dagbag.py:588} INFO - Filling up the DagBag from /home/airflow/.local/lib/python3.12/site-packages/airflow/example_dags/example_complex.py
[2025-03-16T12:04:50.666+0000] {processor.py:925} INFO - DAG(s) 'example_complex' retrieved from /home/airflow/.local/lib/python3.12/site-packages/airflow/example_dags/example_complex.py
[2025-03-16T12:04:50.711+0000] {logging_mixin.py:190} INFO - [2025-03-16T12:04:50.711+0000] {dag.py:3239} INFO - Sync 1 DAGs
[2025-03-16T12:04:50.731+0000] {logging_mixin.py:190} INFO - [2025-03-16T12:04:50.730+0000] {dag.py:4180} INFO - Setting next_dagrun for example_complex to None, run_after=None
[2025-03-16T12:04:50.776+0000] {processor.py:208} INFO - Processing /home/airflow/.local/lib/python3.12/site-packages/airflow/example_dags/example_complex.py took 0.137 seconds
[2025-03-16T12:05:21.891+0000] {processor.py:186} INFO - Started process (PID=46080) to work on /home/airflow/.local/lib/python3.12/site-packages/airflow/example_dags/example_complex.py
[2025-03-16T12:05:21.893+0000] {processor.py:914} INFO - Processing file /home/airflow/.local/lib/python3.12/site-packages/airflow/example_dags/example_complex.py for tasks to queue
[2025-03-16T12:05:21.896+0000] {logging_mixin.py:190} INFO - [2025-03-16T12:05:21.895+0000] {dagbag.py:588} INFO - Filling up the DagBag from /home/airflow/.local/lib/python3.12/site-packages/airflow/example_dags/example_complex.py
[2025-03-16T12:05:21.919+0000] {processor.py:925} INFO - DAG(s) 'example_complex' retrieved from /home/airflow/.local/lib/python3.12/site-packages/airflow/example_dags/example_complex.py
[2025-03-16T12:05:21.977+0000] {logging_mixin.py:190} INFO - [2025-03-16T12:05:21.976+0000] {dag.py:3239} INFO - Sync 1 DAGs
[2025-03-16T12:05:22.000+0000] {logging_mixin.py:190} INFO - [2025-03-16T12:05:21.999+0000] {dag.py:4180} INFO - Setting next_dagrun for example_complex to None, run_after=None
[2025-03-16T12:05:22.038+0000] {processor.py:208} INFO - Processing /home/airflow/.local/lib/python3.12/site-packages/airflow/example_dags/example_complex.py took 0.156 seconds
[2025-03-16T12:05:52.325+0000] {processor.py:186} INFO - Started process (PID=46143) to work on /home/airflow/.local/lib/python3.12/site-packages/airflow/example_dags/example_complex.py
[2025-03-16T12:05:52.327+0000] {processor.py:914} INFO - Processing file /home/airflow/.local/lib/python3.12/site-packages/airflow/example_dags/example_complex.py for tasks to queue
[2025-03-16T12:05:52.329+0000] {logging_mixin.py:190} INFO - [2025-03-16T12:05:52.328+0000] {dagbag.py:588} INFO - Filling up the DagBag from /home/airflow/.local/lib/python3.12/site-packages/airflow/example_dags/example_complex.py
[2025-03-16T12:05:52.348+0000] {processor.py:925} INFO - DAG(s) 'example_complex' retrieved from /home/airflow/.local/lib/python3.12/site-packages/airflow/example_dags/example_complex.py
[2025-03-16T12:05:52.409+0000] {logging_mixin.py:190} INFO - [2025-03-16T12:05:52.409+0000] {dag.py:3239} INFO - Sync 1 DAGs
[2025-03-16T12:05:52.436+0000] {logging_mixin.py:190} INFO - [2025-03-16T12:05:52.435+0000] {dag.py:4180} INFO - Setting next_dagrun for example_complex to None, run_after=None
[2025-03-16T12:05:52.468+0000] {processor.py:208} INFO - Processing /home/airflow/.local/lib/python3.12/site-packages/airflow/example_dags/example_complex.py took 0.152 seconds
[2025-03-16T12:06:22.576+0000] {processor.py:186} INFO - Started process (PID=46208) to work on /home/airflow/.local/lib/python3.12/site-packages/airflow/example_dags/example_complex.py
[2025-03-16T12:06:22.577+0000] {processor.py:914} INFO - Processing file /home/airflow/.local/lib/python3.12/site-packages/airflow/example_dags/example_complex.py for tasks to queue
[2025-03-16T12:06:22.581+0000] {logging_mixin.py:190} INFO - [2025-03-16T12:06:22.580+0000] {dagbag.py:588} INFO - Filling up the DagBag from /home/airflow/.local/lib/python3.12/site-packages/airflow/example_dags/example_complex.py
[2025-03-16T12:06:22.608+0000] {processor.py:925} INFO - DAG(s) 'example_complex' retrieved from /home/airflow/.local/lib/python3.12/site-packages/airflow/example_dags/example_complex.py
[2025-03-16T12:06:22.667+0000] {logging_mixin.py:190} INFO - [2025-03-16T12:06:22.667+0000] {dag.py:3239} INFO - Sync 1 DAGs
[2025-03-16T12:06:22.705+0000] {logging_mixin.py:190} INFO - [2025-03-16T12:06:22.704+0000] {dag.py:4180} INFO - Setting next_dagrun for example_complex to None, run_after=None
[2025-03-16T12:06:22.755+0000] {processor.py:208} INFO - Processing /home/airflow/.local/lib/python3.12/site-packages/airflow/example_dags/example_complex.py took 0.190 seconds
[2025-03-16T12:06:52.850+0000] {processor.py:186} INFO - Started process (PID=46272) to work on /home/airflow/.local/lib/python3.12/site-packages/airflow/example_dags/example_complex.py
[2025-03-16T12:06:52.852+0000] {processor.py:914} INFO - Processing file /home/airflow/.local/lib/python3.12/site-packages/airflow/example_dags/example_complex.py for tasks to queue
[2025-03-16T12:06:52.854+0000] {logging_mixin.py:190} INFO - [2025-03-16T12:06:52.854+0000] {dagbag.py:588} INFO - Filling up the DagBag from /home/airflow/.local/lib/python3.12/site-packages/airflow/example_dags/example_complex.py
[2025-03-16T12:06:52.872+0000] {processor.py:925} INFO - DAG(s) 'example_complex' retrieved from /home/airflow/.local/lib/python3.12/site-packages/airflow/example_dags/example_complex.py
[2025-03-16T12:06:52.921+0000] {logging_mixin.py:190} INFO - [2025-03-16T12:06:52.920+0000] {dag.py:3239} INFO - Sync 1 DAGs
[2025-03-16T12:06:52.947+0000] {logging_mixin.py:190} INFO - [2025-03-16T12:06:52.947+0000] {dag.py:4180} INFO - Setting next_dagrun for example_complex to None, run_after=None
[2025-03-16T12:06:52.986+0000] {processor.py:208} INFO - Processing /home/airflow/.local/lib/python3.12/site-packages/airflow/example_dags/example_complex.py took 0.144 seconds
[2025-03-16T12:07:23.363+0000] {processor.py:186} INFO - Started process (PID=46337) to work on /home/airflow/.local/lib/python3.12/site-packages/airflow/example_dags/example_complex.py
[2025-03-16T12:07:23.365+0000] {processor.py:914} INFO - Processing file /home/airflow/.local/lib/python3.12/site-packages/airflow/example_dags/example_complex.py for tasks to queue
[2025-03-16T12:07:23.367+0000] {logging_mixin.py:190} INFO - [2025-03-16T12:07:23.367+0000] {dagbag.py:588} INFO - Filling up the DagBag from /home/airflow/.local/lib/python3.12/site-packages/airflow/example_dags/example_complex.py
[2025-03-16T12:07:23.390+0000] {processor.py:925} INFO - DAG(s) 'example_complex' retrieved from /home/airflow/.local/lib/python3.12/site-packages/airflow/example_dags/example_complex.py
[2025-03-16T12:07:23.471+0000] {logging_mixin.py:190} INFO - [2025-03-16T12:07:23.470+0000] {dag.py:3239} INFO - Sync 1 DAGs
[2025-03-16T12:07:23.505+0000] {logging_mixin.py:190} INFO - [2025-03-16T12:07:23.505+0000] {dag.py:4180} INFO - Setting next_dagrun for example_complex to None, run_after=None
[2025-03-16T12:07:23.547+0000] {processor.py:208} INFO - Processing /home/airflow/.local/lib/python3.12/site-packages/airflow/example_dags/example_complex.py took 0.194 seconds
[2025-03-16T12:07:53.650+0000] {processor.py:186} INFO - Started process (PID=46402) to work on /home/airflow/.local/lib/python3.12/site-packages/airflow/example_dags/example_complex.py
[2025-03-16T12:07:53.652+0000] {processor.py:914} INFO - Processing file /home/airflow/.local/lib/python3.12/site-packages/airflow/example_dags/example_complex.py for tasks to queue
[2025-03-16T12:07:53.654+0000] {logging_mixin.py:190} INFO - [2025-03-16T12:07:53.653+0000] {dagbag.py:588} INFO - Filling up the DagBag from /home/airflow/.local/lib/python3.12/site-packages/airflow/example_dags/example_complex.py
[2025-03-16T12:07:53.671+0000] {processor.py:925} INFO - DAG(s) 'example_complex' retrieved from /home/airflow/.local/lib/python3.12/site-packages/airflow/example_dags/example_complex.py
[2025-03-16T12:07:53.715+0000] {logging_mixin.py:190} INFO - [2025-03-16T12:07:53.714+0000] {dag.py:3239} INFO - Sync 1 DAGs
[2025-03-16T12:07:53.739+0000] {logging_mixin.py:190} INFO - [2025-03-16T12:07:53.739+0000] {dag.py:4180} INFO - Setting next_dagrun for example_complex to None, run_after=None
[2025-03-16T12:07:53.776+0000] {processor.py:208} INFO - Processing /home/airflow/.local/lib/python3.12/site-packages/airflow/example_dags/example_complex.py took 0.134 seconds
[2025-03-16T12:08:23.931+0000] {processor.py:186} INFO - Started process (PID=46467) to work on /home/airflow/.local/lib/python3.12/site-packages/airflow/example_dags/example_complex.py
[2025-03-16T12:08:23.933+0000] {processor.py:914} INFO - Processing file /home/airflow/.local/lib/python3.12/site-packages/airflow/example_dags/example_complex.py for tasks to queue
[2025-03-16T12:08:23.935+0000] {logging_mixin.py:190} INFO - [2025-03-16T12:08:23.935+0000] {dagbag.py:588} INFO - Filling up the DagBag from /home/airflow/.local/lib/python3.12/site-packages/airflow/example_dags/example_complex.py
[2025-03-16T12:08:23.952+0000] {processor.py:925} INFO - DAG(s) 'example_complex' retrieved from /home/airflow/.local/lib/python3.12/site-packages/airflow/example_dags/example_complex.py
[2025-03-16T12:08:23.996+0000] {logging_mixin.py:190} INFO - [2025-03-16T12:08:23.995+0000] {dag.py:3239} INFO - Sync 1 DAGs
[2025-03-16T12:08:24.016+0000] {logging_mixin.py:190} INFO - [2025-03-16T12:08:24.015+0000] {dag.py:4180} INFO - Setting next_dagrun for example_complex to None, run_after=None
[2025-03-16T12:08:24.055+0000] {processor.py:208} INFO - Processing /home/airflow/.local/lib/python3.12/site-packages/airflow/example_dags/example_complex.py took 0.131 seconds
[2025-03-16T12:08:54.146+0000] {processor.py:186} INFO - Started process (PID=46531) to work on /home/airflow/.local/lib/python3.12/site-packages/airflow/example_dags/example_complex.py
[2025-03-16T12:08:54.148+0000] {processor.py:914} INFO - Processing file /home/airflow/.local/lib/python3.12/site-packages/airflow/example_dags/example_complex.py for tasks to queue
[2025-03-16T12:08:54.150+0000] {logging_mixin.py:190} INFO - [2025-03-16T12:08:54.150+0000] {dagbag.py:588} INFO - Filling up the DagBag from /home/airflow/.local/lib/python3.12/site-packages/airflow/example_dags/example_complex.py
[2025-03-16T12:08:54.172+0000] {processor.py:925} INFO - DAG(s) 'example_complex' retrieved from /home/airflow/.local/lib/python3.12/site-packages/airflow/example_dags/example_complex.py
[2025-03-16T12:08:54.230+0000] {logging_mixin.py:190} INFO - [2025-03-16T12:08:54.230+0000] {dag.py:3239} INFO - Sync 1 DAGs
[2025-03-16T12:08:54.260+0000] {logging_mixin.py:190} INFO - [2025-03-16T12:08:54.260+0000] {dag.py:4180} INFO - Setting next_dagrun for example_complex to None, run_after=None
[2025-03-16T12:08:54.309+0000] {processor.py:208} INFO - Processing /home/airflow/.local/lib/python3.12/site-packages/airflow/example_dags/example_complex.py took 0.174 seconds
[2025-03-16T12:09:24.545+0000] {processor.py:186} INFO - Started process (PID=46596) to work on /home/airflow/.local/lib/python3.12/site-packages/airflow/example_dags/example_complex.py
[2025-03-16T12:09:24.547+0000] {processor.py:914} INFO - Processing file /home/airflow/.local/lib/python3.12/site-packages/airflow/example_dags/example_complex.py for tasks to queue
[2025-03-16T12:09:24.550+0000] {logging_mixin.py:190} INFO - [2025-03-16T12:09:24.549+0000] {dagbag.py:588} INFO - Filling up the DagBag from /home/airflow/.local/lib/python3.12/site-packages/airflow/example_dags/example_complex.py
[2025-03-16T12:09:24.571+0000] {processor.py:925} INFO - DAG(s) 'example_complex' retrieved from /home/airflow/.local/lib/python3.12/site-packages/airflow/example_dags/example_complex.py
[2025-03-16T12:09:24.621+0000] {logging_mixin.py:190} INFO - [2025-03-16T12:09:24.621+0000] {dag.py:3239} INFO - Sync 1 DAGs
[2025-03-16T12:09:24.644+0000] {logging_mixin.py:190} INFO - [2025-03-16T12:09:24.644+0000] {dag.py:4180} INFO - Setting next_dagrun for example_complex to None, run_after=None
[2025-03-16T12:09:24.683+0000] {processor.py:208} INFO - Processing /home/airflow/.local/lib/python3.12/site-packages/airflow/example_dags/example_complex.py took 0.148 seconds
[2025-03-16T12:09:55.012+0000] {processor.py:186} INFO - Started process (PID=46661) to work on /home/airflow/.local/lib/python3.12/site-packages/airflow/example_dags/example_complex.py
[2025-03-16T12:09:55.014+0000] {processor.py:914} INFO - Processing file /home/airflow/.local/lib/python3.12/site-packages/airflow/example_dags/example_complex.py for tasks to queue
[2025-03-16T12:09:55.016+0000] {logging_mixin.py:190} INFO - [2025-03-16T12:09:55.015+0000] {dagbag.py:588} INFO - Filling up the DagBag from /home/airflow/.local/lib/python3.12/site-packages/airflow/example_dags/example_complex.py
[2025-03-16T12:09:55.038+0000] {processor.py:925} INFO - DAG(s) 'example_complex' retrieved from /home/airflow/.local/lib/python3.12/site-packages/airflow/example_dags/example_complex.py
[2025-03-16T12:09:55.096+0000] {logging_mixin.py:190} INFO - [2025-03-16T12:09:55.095+0000] {dag.py:3239} INFO - Sync 1 DAGs
[2025-03-16T12:09:55.118+0000] {logging_mixin.py:190} INFO - [2025-03-16T12:09:55.118+0000] {dag.py:4180} INFO - Setting next_dagrun for example_complex to None, run_after=None
[2025-03-16T12:09:55.150+0000] {processor.py:208} INFO - Processing /home/airflow/.local/lib/python3.12/site-packages/airflow/example_dags/example_complex.py took 0.145 seconds
[2025-03-16T12:10:25.806+0000] {processor.py:186} INFO - Started process (PID=46726) to work on /home/airflow/.local/lib/python3.12/site-packages/airflow/example_dags/example_complex.py
[2025-03-16T12:10:25.808+0000] {processor.py:914} INFO - Processing file /home/airflow/.local/lib/python3.12/site-packages/airflow/example_dags/example_complex.py for tasks to queue
[2025-03-16T12:10:25.810+0000] {logging_mixin.py:190} INFO - [2025-03-16T12:10:25.810+0000] {dagbag.py:588} INFO - Filling up the DagBag from /home/airflow/.local/lib/python3.12/site-packages/airflow/example_dags/example_complex.py
[2025-03-16T12:10:25.829+0000] {processor.py:925} INFO - DAG(s) 'example_complex' retrieved from /home/airflow/.local/lib/python3.12/site-packages/airflow/example_dags/example_complex.py
[2025-03-16T12:10:25.880+0000] {logging_mixin.py:190} INFO - [2025-03-16T12:10:25.879+0000] {dag.py:3239} INFO - Sync 1 DAGs
[2025-03-16T12:10:25.901+0000] {logging_mixin.py:190} INFO - [2025-03-16T12:10:25.900+0000] {dag.py:4180} INFO - Setting next_dagrun for example_complex to None, run_after=None
[2025-03-16T12:10:25.935+0000] {processor.py:208} INFO - Processing /home/airflow/.local/lib/python3.12/site-packages/airflow/example_dags/example_complex.py took 0.137 seconds
[2025-03-16T12:10:56.378+0000] {processor.py:186} INFO - Started process (PID=46791) to work on /home/airflow/.local/lib/python3.12/site-packages/airflow/example_dags/example_complex.py
[2025-03-16T12:10:56.380+0000] {processor.py:914} INFO - Processing file /home/airflow/.local/lib/python3.12/site-packages/airflow/example_dags/example_complex.py for tasks to queue
[2025-03-16T12:10:56.384+0000] {logging_mixin.py:190} INFO - [2025-03-16T12:10:56.383+0000] {dagbag.py:588} INFO - Filling up the DagBag from /home/airflow/.local/lib/python3.12/site-packages/airflow/example_dags/example_complex.py
[2025-03-16T12:10:56.406+0000] {processor.py:925} INFO - DAG(s) 'example_complex' retrieved from /home/airflow/.local/lib/python3.12/site-packages/airflow/example_dags/example_complex.py
[2025-03-16T12:10:56.470+0000] {logging_mixin.py:190} INFO - [2025-03-16T12:10:56.469+0000] {dag.py:3239} INFO - Sync 1 DAGs
[2025-03-16T12:10:56.495+0000] {logging_mixin.py:190} INFO - [2025-03-16T12:10:56.495+0000] {dag.py:4180} INFO - Setting next_dagrun for example_complex to None, run_after=None
[2025-03-16T12:10:56.529+0000] {processor.py:208} INFO - Processing /home/airflow/.local/lib/python3.12/site-packages/airflow/example_dags/example_complex.py took 0.161 seconds
[2025-03-16T12:11:27.072+0000] {processor.py:186} INFO - Started process (PID=46856) to work on /home/airflow/.local/lib/python3.12/site-packages/airflow/example_dags/example_complex.py
[2025-03-16T12:11:27.074+0000] {processor.py:914} INFO - Processing file /home/airflow/.local/lib/python3.12/site-packages/airflow/example_dags/example_complex.py for tasks to queue
[2025-03-16T12:11:27.076+0000] {logging_mixin.py:190} INFO - [2025-03-16T12:11:27.075+0000] {dagbag.py:588} INFO - Filling up the DagBag from /home/airflow/.local/lib/python3.12/site-packages/airflow/example_dags/example_complex.py
[2025-03-16T12:11:27.092+0000] {processor.py:925} INFO - DAG(s) 'example_complex' retrieved from /home/airflow/.local/lib/python3.12/site-packages/airflow/example_dags/example_complex.py
[2025-03-16T12:11:27.136+0000] {logging_mixin.py:190} INFO - [2025-03-16T12:11:27.135+0000] {dag.py:3239} INFO - Sync 1 DAGs
[2025-03-16T12:11:27.160+0000] {logging_mixin.py:190} INFO - [2025-03-16T12:11:27.160+0000] {dag.py:4180} INFO - Setting next_dagrun for example_complex to None, run_after=None
[2025-03-16T12:11:27.194+0000] {processor.py:208} INFO - Processing /home/airflow/.local/lib/python3.12/site-packages/airflow/example_dags/example_complex.py took 0.131 seconds
[2025-03-16T12:11:57.607+0000] {processor.py:186} INFO - Started process (PID=46919) to work on /home/airflow/.local/lib/python3.12/site-packages/airflow/example_dags/example_complex.py
[2025-03-16T12:11:57.610+0000] {processor.py:914} INFO - Processing file /home/airflow/.local/lib/python3.12/site-packages/airflow/example_dags/example_complex.py for tasks to queue
[2025-03-16T12:11:57.613+0000] {logging_mixin.py:190} INFO - [2025-03-16T12:11:57.612+0000] {dagbag.py:588} INFO - Filling up the DagBag from /home/airflow/.local/lib/python3.12/site-packages/airflow/example_dags/example_complex.py
[2025-03-16T12:11:57.635+0000] {processor.py:925} INFO - DAG(s) 'example_complex' retrieved from /home/airflow/.local/lib/python3.12/site-packages/airflow/example_dags/example_complex.py
[2025-03-16T12:11:57.691+0000] {logging_mixin.py:190} INFO - [2025-03-16T12:11:57.690+0000] {dag.py:3239} INFO - Sync 1 DAGs
[2025-03-16T12:11:57.718+0000] {logging_mixin.py:190} INFO - [2025-03-16T12:11:57.718+0000] {dag.py:4180} INFO - Setting next_dagrun for example_complex to None, run_after=None
[2025-03-16T12:11:57.762+0000] {processor.py:208} INFO - Processing /home/airflow/.local/lib/python3.12/site-packages/airflow/example_dags/example_complex.py took 0.168 seconds
[2025-03-16T12:12:27.950+0000] {processor.py:186} INFO - Started process (PID=46984) to work on /home/airflow/.local/lib/python3.12/site-packages/airflow/example_dags/example_complex.py
[2025-03-16T12:12:27.952+0000] {processor.py:914} INFO - Processing file /home/airflow/.local/lib/python3.12/site-packages/airflow/example_dags/example_complex.py for tasks to queue
[2025-03-16T12:12:27.954+0000] {logging_mixin.py:190} INFO - [2025-03-16T12:12:27.953+0000] {dagbag.py:588} INFO - Filling up the DagBag from /home/airflow/.local/lib/python3.12/site-packages/airflow/example_dags/example_complex.py
[2025-03-16T12:12:27.973+0000] {processor.py:925} INFO - DAG(s) 'example_complex' retrieved from /home/airflow/.local/lib/python3.12/site-packages/airflow/example_dags/example_complex.py
[2025-03-16T12:12:28.022+0000] {logging_mixin.py:190} INFO - [2025-03-16T12:12:28.021+0000] {dag.py:3239} INFO - Sync 1 DAGs
[2025-03-16T12:12:28.047+0000] {logging_mixin.py:190} INFO - [2025-03-16T12:12:28.047+0000] {dag.py:4180} INFO - Setting next_dagrun for example_complex to None, run_after=None
[2025-03-16T12:12:28.082+0000] {processor.py:208} INFO - Processing /home/airflow/.local/lib/python3.12/site-packages/airflow/example_dags/example_complex.py took 0.142 seconds
[2025-03-16T12:12:58.397+0000] {processor.py:186} INFO - Started process (PID=47049) to work on /home/airflow/.local/lib/python3.12/site-packages/airflow/example_dags/example_complex.py
[2025-03-16T12:12:58.399+0000] {processor.py:914} INFO - Processing file /home/airflow/.local/lib/python3.12/site-packages/airflow/example_dags/example_complex.py for tasks to queue
[2025-03-16T12:12:58.402+0000] {logging_mixin.py:190} INFO - [2025-03-16T12:12:58.401+0000] {dagbag.py:588} INFO - Filling up the DagBag from /home/airflow/.local/lib/python3.12/site-packages/airflow/example_dags/example_complex.py
[2025-03-16T12:12:58.431+0000] {processor.py:925} INFO - DAG(s) 'example_complex' retrieved from /home/airflow/.local/lib/python3.12/site-packages/airflow/example_dags/example_complex.py
[2025-03-16T12:12:58.496+0000] {logging_mixin.py:190} INFO - [2025-03-16T12:12:58.496+0000] {dag.py:3239} INFO - Sync 1 DAGs
[2025-03-16T12:12:58.528+0000] {logging_mixin.py:190} INFO - [2025-03-16T12:12:58.527+0000] {dag.py:4180} INFO - Setting next_dagrun for example_complex to None, run_after=None
[2025-03-16T12:12:58.573+0000] {processor.py:208} INFO - Processing /home/airflow/.local/lib/python3.12/site-packages/airflow/example_dags/example_complex.py took 0.191 seconds
[2025-03-16T12:13:28.759+0000] {processor.py:186} INFO - Started process (PID=47114) to work on /home/airflow/.local/lib/python3.12/site-packages/airflow/example_dags/example_complex.py
[2025-03-16T12:13:28.760+0000] {processor.py:914} INFO - Processing file /home/airflow/.local/lib/python3.12/site-packages/airflow/example_dags/example_complex.py for tasks to queue
[2025-03-16T12:13:28.762+0000] {logging_mixin.py:190} INFO - [2025-03-16T12:13:28.762+0000] {dagbag.py:588} INFO - Filling up the DagBag from /home/airflow/.local/lib/python3.12/site-packages/airflow/example_dags/example_complex.py
[2025-03-16T12:13:28.778+0000] {processor.py:925} INFO - DAG(s) 'example_complex' retrieved from /home/airflow/.local/lib/python3.12/site-packages/airflow/example_dags/example_complex.py
[2025-03-16T12:13:28.827+0000] {logging_mixin.py:190} INFO - [2025-03-16T12:13:28.826+0000] {dag.py:3239} INFO - Sync 1 DAGs
[2025-03-16T12:13:28.847+0000] {logging_mixin.py:190} INFO - [2025-03-16T12:13:28.847+0000] {dag.py:4180} INFO - Setting next_dagrun for example_complex to None, run_after=None
[2025-03-16T12:13:28.879+0000] {processor.py:208} INFO - Processing /home/airflow/.local/lib/python3.12/site-packages/airflow/example_dags/example_complex.py took 0.127 seconds
[2025-03-16T12:13:59.236+0000] {processor.py:186} INFO - Started process (PID=47179) to work on /home/airflow/.local/lib/python3.12/site-packages/airflow/example_dags/example_complex.py
[2025-03-16T12:13:59.239+0000] {processor.py:914} INFO - Processing file /home/airflow/.local/lib/python3.12/site-packages/airflow/example_dags/example_complex.py for tasks to queue
[2025-03-16T12:13:59.243+0000] {logging_mixin.py:190} INFO - [2025-03-16T12:13:59.242+0000] {dagbag.py:588} INFO - Filling up the DagBag from /home/airflow/.local/lib/python3.12/site-packages/airflow/example_dags/example_complex.py
[2025-03-16T12:13:59.277+0000] {processor.py:925} INFO - DAG(s) 'example_complex' retrieved from /home/airflow/.local/lib/python3.12/site-packages/airflow/example_dags/example_complex.py
[2025-03-16T12:13:59.340+0000] {logging_mixin.py:190} INFO - [2025-03-16T12:13:59.340+0000] {dag.py:3239} INFO - Sync 1 DAGs
[2025-03-16T12:13:59.376+0000] {logging_mixin.py:190} INFO - [2025-03-16T12:13:59.376+0000] {dag.py:4180} INFO - Setting next_dagrun for example_complex to None, run_after=None
[2025-03-16T12:13:59.414+0000] {processor.py:208} INFO - Processing /home/airflow/.local/lib/python3.12/site-packages/airflow/example_dags/example_complex.py took 0.195 seconds
[2025-03-16T12:14:29.994+0000] {processor.py:186} INFO - Started process (PID=47243) to work on /home/airflow/.local/lib/python3.12/site-packages/airflow/example_dags/example_complex.py
[2025-03-16T12:14:29.996+0000] {processor.py:914} INFO - Processing file /home/airflow/.local/lib/python3.12/site-packages/airflow/example_dags/example_complex.py for tasks to queue
[2025-03-16T12:14:29.999+0000] {logging_mixin.py:190} INFO - [2025-03-16T12:14:29.998+0000] {dagbag.py:588} INFO - Filling up the DagBag from /home/airflow/.local/lib/python3.12/site-packages/airflow/example_dags/example_complex.py
[2025-03-16T12:14:30.023+0000] {processor.py:925} INFO - DAG(s) 'example_complex' retrieved from /home/airflow/.local/lib/python3.12/site-packages/airflow/example_dags/example_complex.py
[2025-03-16T12:14:30.090+0000] {logging_mixin.py:190} INFO - [2025-03-16T12:14:30.089+0000] {dag.py:3239} INFO - Sync 1 DAGs
[2025-03-16T12:14:30.339+0000] {logging_mixin.py:190} INFO - [2025-03-16T12:14:30.339+0000] {dag.py:4180} INFO - Setting next_dagrun for example_complex to None, run_after=None
[2025-03-16T12:14:30.379+0000] {processor.py:208} INFO - Processing /home/airflow/.local/lib/python3.12/site-packages/airflow/example_dags/example_complex.py took 0.393 seconds
[2025-03-16T12:15:01.158+0000] {processor.py:186} INFO - Started process (PID=47308) to work on /home/airflow/.local/lib/python3.12/site-packages/airflow/example_dags/example_complex.py
[2025-03-16T12:15:01.160+0000] {processor.py:914} INFO - Processing file /home/airflow/.local/lib/python3.12/site-packages/airflow/example_dags/example_complex.py for tasks to queue
[2025-03-16T12:15:01.163+0000] {logging_mixin.py:190} INFO - [2025-03-16T12:15:01.162+0000] {dagbag.py:588} INFO - Filling up the DagBag from /home/airflow/.local/lib/python3.12/site-packages/airflow/example_dags/example_complex.py
[2025-03-16T12:15:01.183+0000] {processor.py:925} INFO - DAG(s) 'example_complex' retrieved from /home/airflow/.local/lib/python3.12/site-packages/airflow/example_dags/example_complex.py
[2025-03-16T12:15:01.248+0000] {logging_mixin.py:190} INFO - [2025-03-16T12:15:01.248+0000] {dag.py:3239} INFO - Sync 1 DAGs
[2025-03-16T12:15:01.519+0000] {logging_mixin.py:190} INFO - [2025-03-16T12:15:01.519+0000] {dag.py:4180} INFO - Setting next_dagrun for example_complex to None, run_after=None
[2025-03-16T12:15:01.557+0000] {processor.py:208} INFO - Processing /home/airflow/.local/lib/python3.12/site-packages/airflow/example_dags/example_complex.py took 0.408 seconds
[2025-03-16T12:15:31.855+0000] {processor.py:186} INFO - Started process (PID=47373) to work on /home/airflow/.local/lib/python3.12/site-packages/airflow/example_dags/example_complex.py
[2025-03-16T12:15:31.857+0000] {processor.py:914} INFO - Processing file /home/airflow/.local/lib/python3.12/site-packages/airflow/example_dags/example_complex.py for tasks to queue
[2025-03-16T12:15:31.860+0000] {logging_mixin.py:190} INFO - [2025-03-16T12:15:31.859+0000] {dagbag.py:588} INFO - Filling up the DagBag from /home/airflow/.local/lib/python3.12/site-packages/airflow/example_dags/example_complex.py
[2025-03-16T12:15:31.877+0000] {processor.py:925} INFO - DAG(s) 'example_complex' retrieved from /home/airflow/.local/lib/python3.12/site-packages/airflow/example_dags/example_complex.py
[2025-03-16T12:15:31.932+0000] {logging_mixin.py:190} INFO - [2025-03-16T12:15:31.932+0000] {dag.py:3239} INFO - Sync 1 DAGs
[2025-03-16T12:15:31.953+0000] {logging_mixin.py:190} INFO - [2025-03-16T12:15:31.953+0000] {dag.py:4180} INFO - Setting next_dagrun for example_complex to None, run_after=None
[2025-03-16T12:15:31.993+0000] {processor.py:208} INFO - Processing /home/airflow/.local/lib/python3.12/site-packages/airflow/example_dags/example_complex.py took 0.146 seconds
[2025-03-16T12:16:02.213+0000] {processor.py:186} INFO - Started process (PID=47439) to work on /home/airflow/.local/lib/python3.12/site-packages/airflow/example_dags/example_complex.py
[2025-03-16T12:16:02.217+0000] {processor.py:914} INFO - Processing file /home/airflow/.local/lib/python3.12/site-packages/airflow/example_dags/example_complex.py for tasks to queue
[2025-03-16T12:16:02.220+0000] {logging_mixin.py:190} INFO - [2025-03-16T12:16:02.219+0000] {dagbag.py:588} INFO - Filling up the DagBag from /home/airflow/.local/lib/python3.12/site-packages/airflow/example_dags/example_complex.py
[2025-03-16T12:16:02.237+0000] {processor.py:925} INFO - DAG(s) 'example_complex' retrieved from /home/airflow/.local/lib/python3.12/site-packages/airflow/example_dags/example_complex.py
[2025-03-16T12:16:02.293+0000] {logging_mixin.py:190} INFO - [2025-03-16T12:16:02.292+0000] {dag.py:3239} INFO - Sync 1 DAGs
[2025-03-16T12:16:02.316+0000] {logging_mixin.py:190} INFO - [2025-03-16T12:16:02.315+0000] {dag.py:4180} INFO - Setting next_dagrun for example_complex to None, run_after=None
[2025-03-16T12:16:02.351+0000] {processor.py:208} INFO - Processing /home/airflow/.local/lib/python3.12/site-packages/airflow/example_dags/example_complex.py took 0.148 seconds
[2025-03-16T12:16:32.792+0000] {processor.py:186} INFO - Started process (PID=47504) to work on /home/airflow/.local/lib/python3.12/site-packages/airflow/example_dags/example_complex.py
[2025-03-16T12:16:32.794+0000] {processor.py:914} INFO - Processing file /home/airflow/.local/lib/python3.12/site-packages/airflow/example_dags/example_complex.py for tasks to queue
[2025-03-16T12:16:32.797+0000] {logging_mixin.py:190} INFO - [2025-03-16T12:16:32.797+0000] {dagbag.py:588} INFO - Filling up the DagBag from /home/airflow/.local/lib/python3.12/site-packages/airflow/example_dags/example_complex.py
[2025-03-16T12:16:32.817+0000] {processor.py:925} INFO - DAG(s) 'example_complex' retrieved from /home/airflow/.local/lib/python3.12/site-packages/airflow/example_dags/example_complex.py
[2025-03-16T12:16:32.879+0000] {logging_mixin.py:190} INFO - [2025-03-16T12:16:32.878+0000] {dag.py:3239} INFO - Sync 1 DAGs
[2025-03-16T12:16:32.907+0000] {logging_mixin.py:190} INFO - [2025-03-16T12:16:32.906+0000] {dag.py:4180} INFO - Setting next_dagrun for example_complex to None, run_after=None
[2025-03-16T12:16:32.942+0000] {processor.py:208} INFO - Processing /home/airflow/.local/lib/python3.12/site-packages/airflow/example_dags/example_complex.py took 0.165 seconds
[2025-03-16T12:17:03.247+0000] {processor.py:186} INFO - Started process (PID=47569) to work on /home/airflow/.local/lib/python3.12/site-packages/airflow/example_dags/example_complex.py
[2025-03-16T12:17:03.249+0000] {processor.py:914} INFO - Processing file /home/airflow/.local/lib/python3.12/site-packages/airflow/example_dags/example_complex.py for tasks to queue
[2025-03-16T12:17:03.252+0000] {logging_mixin.py:190} INFO - [2025-03-16T12:17:03.251+0000] {dagbag.py:588} INFO - Filling up the DagBag from /home/airflow/.local/lib/python3.12/site-packages/airflow/example_dags/example_complex.py
[2025-03-16T12:17:03.269+0000] {processor.py:925} INFO - DAG(s) 'example_complex' retrieved from /home/airflow/.local/lib/python3.12/site-packages/airflow/example_dags/example_complex.py
[2025-03-16T12:17:03.328+0000] {logging_mixin.py:190} INFO - [2025-03-16T12:17:03.328+0000] {dag.py:3239} INFO - Sync 1 DAGs
[2025-03-16T12:17:03.356+0000] {logging_mixin.py:190} INFO - [2025-03-16T12:17:03.356+0000] {dag.py:4180} INFO - Setting next_dagrun for example_complex to None, run_after=None
[2025-03-16T12:17:03.388+0000] {processor.py:208} INFO - Processing /home/airflow/.local/lib/python3.12/site-packages/airflow/example_dags/example_complex.py took 0.152 seconds
[2025-03-16T12:17:33.596+0000] {processor.py:186} INFO - Started process (PID=47634) to work on /home/airflow/.local/lib/python3.12/site-packages/airflow/example_dags/example_complex.py
[2025-03-16T12:17:33.598+0000] {processor.py:914} INFO - Processing file /home/airflow/.local/lib/python3.12/site-packages/airflow/example_dags/example_complex.py for tasks to queue
[2025-03-16T12:17:33.601+0000] {logging_mixin.py:190} INFO - [2025-03-16T12:17:33.600+0000] {dagbag.py:588} INFO - Filling up the DagBag from /home/airflow/.local/lib/python3.12/site-packages/airflow/example_dags/example_complex.py
[2025-03-16T12:17:33.625+0000] {processor.py:925} INFO - DAG(s) 'example_complex' retrieved from /home/airflow/.local/lib/python3.12/site-packages/airflow/example_dags/example_complex.py
[2025-03-16T12:17:33.700+0000] {logging_mixin.py:190} INFO - [2025-03-16T12:17:33.699+0000] {dag.py:3239} INFO - Sync 1 DAGs
[2025-03-16T12:17:33.738+0000] {logging_mixin.py:190} INFO - [2025-03-16T12:17:33.737+0000] {dag.py:4180} INFO - Setting next_dagrun for example_complex to None, run_after=None
[2025-03-16T12:17:33.788+0000] {processor.py:208} INFO - Processing /home/airflow/.local/lib/python3.12/site-packages/airflow/example_dags/example_complex.py took 0.202 seconds
[2025-03-16T12:18:04.473+0000] {processor.py:186} INFO - Started process (PID=47699) to work on /home/airflow/.local/lib/python3.12/site-packages/airflow/example_dags/example_complex.py
[2025-03-16T12:18:04.475+0000] {processor.py:914} INFO - Processing file /home/airflow/.local/lib/python3.12/site-packages/airflow/example_dags/example_complex.py for tasks to queue
[2025-03-16T12:18:04.478+0000] {logging_mixin.py:190} INFO - [2025-03-16T12:18:04.478+0000] {dagbag.py:588} INFO - Filling up the DagBag from /home/airflow/.local/lib/python3.12/site-packages/airflow/example_dags/example_complex.py
[2025-03-16T12:18:04.498+0000] {processor.py:925} INFO - DAG(s) 'example_complex' retrieved from /home/airflow/.local/lib/python3.12/site-packages/airflow/example_dags/example_complex.py
[2025-03-16T12:18:04.559+0000] {logging_mixin.py:190} INFO - [2025-03-16T12:18:04.558+0000] {dag.py:3239} INFO - Sync 1 DAGs
[2025-03-16T12:18:04.585+0000] {logging_mixin.py:190} INFO - [2025-03-16T12:18:04.585+0000] {dag.py:4180} INFO - Setting next_dagrun for example_complex to None, run_after=None
[2025-03-16T12:18:04.630+0000] {processor.py:208} INFO - Processing /home/airflow/.local/lib/python3.12/site-packages/airflow/example_dags/example_complex.py took 0.167 seconds
[2025-03-16T12:18:34.862+0000] {processor.py:186} INFO - Started process (PID=47764) to work on /home/airflow/.local/lib/python3.12/site-packages/airflow/example_dags/example_complex.py
[2025-03-16T12:18:34.864+0000] {processor.py:914} INFO - Processing file /home/airflow/.local/lib/python3.12/site-packages/airflow/example_dags/example_complex.py for tasks to queue
[2025-03-16T12:18:34.866+0000] {logging_mixin.py:190} INFO - [2025-03-16T12:18:34.866+0000] {dagbag.py:588} INFO - Filling up the DagBag from /home/airflow/.local/lib/python3.12/site-packages/airflow/example_dags/example_complex.py
[2025-03-16T12:18:34.888+0000] {processor.py:925} INFO - DAG(s) 'example_complex' retrieved from /home/airflow/.local/lib/python3.12/site-packages/airflow/example_dags/example_complex.py
[2025-03-16T12:18:34.948+0000] {logging_mixin.py:190} INFO - [2025-03-16T12:18:34.948+0000] {dag.py:3239} INFO - Sync 1 DAGs
[2025-03-16T12:18:34.976+0000] {logging_mixin.py:190} INFO - [2025-03-16T12:18:34.976+0000] {dag.py:4180} INFO - Setting next_dagrun for example_complex to None, run_after=None
[2025-03-16T12:18:35.016+0000] {processor.py:208} INFO - Processing /home/airflow/.local/lib/python3.12/site-packages/airflow/example_dags/example_complex.py took 0.164 seconds
[2025-03-16T12:19:05.199+0000] {processor.py:186} INFO - Started process (PID=47829) to work on /home/airflow/.local/lib/python3.12/site-packages/airflow/example_dags/example_complex.py
[2025-03-16T12:19:05.200+0000] {processor.py:914} INFO - Processing file /home/airflow/.local/lib/python3.12/site-packages/airflow/example_dags/example_complex.py for tasks to queue
[2025-03-16T12:19:05.202+0000] {logging_mixin.py:190} INFO - [2025-03-16T12:19:05.202+0000] {dagbag.py:588} INFO - Filling up the DagBag from /home/airflow/.local/lib/python3.12/site-packages/airflow/example_dags/example_complex.py
[2025-03-16T12:19:05.222+0000] {processor.py:925} INFO - DAG(s) 'example_complex' retrieved from /home/airflow/.local/lib/python3.12/site-packages/airflow/example_dags/example_complex.py
[2025-03-16T12:19:05.289+0000] {logging_mixin.py:190} INFO - [2025-03-16T12:19:05.289+0000] {dag.py:3239} INFO - Sync 1 DAGs
[2025-03-16T12:19:05.313+0000] {logging_mixin.py:190} INFO - [2025-03-16T12:19:05.313+0000] {dag.py:4180} INFO - Setting next_dagrun for example_complex to None, run_after=None
[2025-03-16T12:19:05.353+0000] {processor.py:208} INFO - Processing /home/airflow/.local/lib/python3.12/site-packages/airflow/example_dags/example_complex.py took 0.165 seconds
[2025-03-16T12:19:35.535+0000] {processor.py:186} INFO - Started process (PID=47894) to work on /home/airflow/.local/lib/python3.12/site-packages/airflow/example_dags/example_complex.py
[2025-03-16T12:19:35.536+0000] {processor.py:914} INFO - Processing file /home/airflow/.local/lib/python3.12/site-packages/airflow/example_dags/example_complex.py for tasks to queue
[2025-03-16T12:19:35.539+0000] {logging_mixin.py:190} INFO - [2025-03-16T12:19:35.538+0000] {dagbag.py:588} INFO - Filling up the DagBag from /home/airflow/.local/lib/python3.12/site-packages/airflow/example_dags/example_complex.py
[2025-03-16T12:19:35.563+0000] {processor.py:925} INFO - DAG(s) 'example_complex' retrieved from /home/airflow/.local/lib/python3.12/site-packages/airflow/example_dags/example_complex.py
[2025-03-16T12:19:35.618+0000] {logging_mixin.py:190} INFO - [2025-03-16T12:19:35.618+0000] {dag.py:3239} INFO - Sync 1 DAGs
[2025-03-16T12:19:35.649+0000] {logging_mixin.py:190} INFO - [2025-03-16T12:19:35.648+0000] {dag.py:4180} INFO - Setting next_dagrun for example_complex to None, run_after=None
[2025-03-16T12:19:35.687+0000] {processor.py:208} INFO - Processing /home/airflow/.local/lib/python3.12/site-packages/airflow/example_dags/example_complex.py took 0.163 seconds
[2025-03-16T12:20:06.029+0000] {processor.py:186} INFO - Started process (PID=47958) to work on /home/airflow/.local/lib/python3.12/site-packages/airflow/example_dags/example_complex.py
[2025-03-16T12:20:06.031+0000] {processor.py:914} INFO - Processing file /home/airflow/.local/lib/python3.12/site-packages/airflow/example_dags/example_complex.py for tasks to queue
[2025-03-16T12:20:06.034+0000] {logging_mixin.py:190} INFO - [2025-03-16T12:20:06.033+0000] {dagbag.py:588} INFO - Filling up the DagBag from /home/airflow/.local/lib/python3.12/site-packages/airflow/example_dags/example_complex.py
[2025-03-16T12:20:06.061+0000] {processor.py:925} INFO - DAG(s) 'example_complex' retrieved from /home/airflow/.local/lib/python3.12/site-packages/airflow/example_dags/example_complex.py
[2025-03-16T12:20:06.139+0000] {logging_mixin.py:190} INFO - [2025-03-16T12:20:06.138+0000] {dag.py:3239} INFO - Sync 1 DAGs
[2025-03-16T12:20:06.173+0000] {logging_mixin.py:190} INFO - [2025-03-16T12:20:06.173+0000] {dag.py:4180} INFO - Setting next_dagrun for example_complex to None, run_after=None
[2025-03-16T12:20:06.217+0000] {processor.py:208} INFO - Processing /home/airflow/.local/lib/python3.12/site-packages/airflow/example_dags/example_complex.py took 0.206 seconds
[2025-03-16T12:20:36.477+0000] {processor.py:186} INFO - Started process (PID=48022) to work on /home/airflow/.local/lib/python3.12/site-packages/airflow/example_dags/example_complex.py
[2025-03-16T12:20:36.480+0000] {processor.py:914} INFO - Processing file /home/airflow/.local/lib/python3.12/site-packages/airflow/example_dags/example_complex.py for tasks to queue
[2025-03-16T12:20:36.482+0000] {logging_mixin.py:190} INFO - [2025-03-16T12:20:36.482+0000] {dagbag.py:588} INFO - Filling up the DagBag from /home/airflow/.local/lib/python3.12/site-packages/airflow/example_dags/example_complex.py
[2025-03-16T12:20:36.504+0000] {processor.py:925} INFO - DAG(s) 'example_complex' retrieved from /home/airflow/.local/lib/python3.12/site-packages/airflow/example_dags/example_complex.py
[2025-03-16T12:20:36.555+0000] {logging_mixin.py:190} INFO - [2025-03-16T12:20:36.555+0000] {dag.py:3239} INFO - Sync 1 DAGs
[2025-03-16T12:20:36.581+0000] {logging_mixin.py:190} INFO - [2025-03-16T12:20:36.581+0000] {dag.py:4180} INFO - Setting next_dagrun for example_complex to None, run_after=None
[2025-03-16T12:20:36.621+0000] {processor.py:208} INFO - Processing /home/airflow/.local/lib/python3.12/site-packages/airflow/example_dags/example_complex.py took 0.157 seconds
[2025-03-16T12:21:07.019+0000] {processor.py:186} INFO - Started process (PID=48087) to work on /home/airflow/.local/lib/python3.12/site-packages/airflow/example_dags/example_complex.py
[2025-03-16T12:21:07.021+0000] {processor.py:914} INFO - Processing file /home/airflow/.local/lib/python3.12/site-packages/airflow/example_dags/example_complex.py for tasks to queue
[2025-03-16T12:21:07.023+0000] {logging_mixin.py:190} INFO - [2025-03-16T12:21:07.022+0000] {dagbag.py:588} INFO - Filling up the DagBag from /home/airflow/.local/lib/python3.12/site-packages/airflow/example_dags/example_complex.py
[2025-03-16T12:21:07.041+0000] {processor.py:925} INFO - DAG(s) 'example_complex' retrieved from /home/airflow/.local/lib/python3.12/site-packages/airflow/example_dags/example_complex.py
[2025-03-16T12:21:07.091+0000] {logging_mixin.py:190} INFO - [2025-03-16T12:21:07.090+0000] {dag.py:3239} INFO - Sync 1 DAGs
[2025-03-16T12:21:07.125+0000] {logging_mixin.py:190} INFO - [2025-03-16T12:21:07.124+0000] {dag.py:4180} INFO - Setting next_dagrun for example_complex to None, run_after=None
[2025-03-16T12:21:07.159+0000] {processor.py:208} INFO - Processing /home/airflow/.local/lib/python3.12/site-packages/airflow/example_dags/example_complex.py took 0.148 seconds
[2025-03-16T12:21:37.559+0000] {processor.py:186} INFO - Started process (PID=48152) to work on /home/airflow/.local/lib/python3.12/site-packages/airflow/example_dags/example_complex.py
[2025-03-16T12:21:37.561+0000] {processor.py:914} INFO - Processing file /home/airflow/.local/lib/python3.12/site-packages/airflow/example_dags/example_complex.py for tasks to queue
[2025-03-16T12:21:37.564+0000] {logging_mixin.py:190} INFO - [2025-03-16T12:21:37.563+0000] {dagbag.py:588} INFO - Filling up the DagBag from /home/airflow/.local/lib/python3.12/site-packages/airflow/example_dags/example_complex.py
[2025-03-16T12:21:37.582+0000] {processor.py:925} INFO - DAG(s) 'example_complex' retrieved from /home/airflow/.local/lib/python3.12/site-packages/airflow/example_dags/example_complex.py
[2025-03-16T12:21:37.642+0000] {logging_mixin.py:190} INFO - [2025-03-16T12:21:37.642+0000] {dag.py:3239} INFO - Sync 1 DAGs
[2025-03-16T12:21:37.667+0000] {logging_mixin.py:190} INFO - [2025-03-16T12:21:37.667+0000] {dag.py:4180} INFO - Setting next_dagrun for example_complex to None, run_after=None
[2025-03-16T12:21:37.698+0000] {processor.py:208} INFO - Processing /home/airflow/.local/lib/python3.12/site-packages/airflow/example_dags/example_complex.py took 0.149 seconds
[2025-03-16T12:22:07.792+0000] {processor.py:186} INFO - Started process (PID=48216) to work on /home/airflow/.local/lib/python3.12/site-packages/airflow/example_dags/example_complex.py
[2025-03-16T12:22:07.794+0000] {processor.py:914} INFO - Processing file /home/airflow/.local/lib/python3.12/site-packages/airflow/example_dags/example_complex.py for tasks to queue
[2025-03-16T12:22:07.797+0000] {logging_mixin.py:190} INFO - [2025-03-16T12:22:07.796+0000] {dagbag.py:588} INFO - Filling up the DagBag from /home/airflow/.local/lib/python3.12/site-packages/airflow/example_dags/example_complex.py
[2025-03-16T12:22:07.814+0000] {processor.py:925} INFO - DAG(s) 'example_complex' retrieved from /home/airflow/.local/lib/python3.12/site-packages/airflow/example_dags/example_complex.py
[2025-03-16T12:22:07.872+0000] {logging_mixin.py:190} INFO - [2025-03-16T12:22:07.871+0000] {dag.py:3239} INFO - Sync 1 DAGs
[2025-03-16T12:22:07.896+0000] {logging_mixin.py:190} INFO - [2025-03-16T12:22:07.895+0000] {dag.py:4180} INFO - Setting next_dagrun for example_complex to None, run_after=None
[2025-03-16T12:22:07.929+0000] {processor.py:208} INFO - Processing /home/airflow/.local/lib/python3.12/site-packages/airflow/example_dags/example_complex.py took 0.148 seconds
[2025-03-16T12:22:38.034+0000] {processor.py:186} INFO - Started process (PID=48281) to work on /home/airflow/.local/lib/python3.12/site-packages/airflow/example_dags/example_complex.py
[2025-03-16T12:22:38.036+0000] {processor.py:914} INFO - Processing file /home/airflow/.local/lib/python3.12/site-packages/airflow/example_dags/example_complex.py for tasks to queue
[2025-03-16T12:22:38.039+0000] {logging_mixin.py:190} INFO - [2025-03-16T12:22:38.038+0000] {dagbag.py:588} INFO - Filling up the DagBag from /home/airflow/.local/lib/python3.12/site-packages/airflow/example_dags/example_complex.py
[2025-03-16T12:22:38.063+0000] {processor.py:925} INFO - DAG(s) 'example_complex' retrieved from /home/airflow/.local/lib/python3.12/site-packages/airflow/example_dags/example_complex.py
[2025-03-16T12:22:38.113+0000] {logging_mixin.py:190} INFO - [2025-03-16T12:22:38.113+0000] {dag.py:3239} INFO - Sync 1 DAGs
[2025-03-16T12:22:38.137+0000] {logging_mixin.py:190} INFO - [2025-03-16T12:22:38.137+0000] {dag.py:4180} INFO - Setting next_dagrun for example_complex to None, run_after=None
[2025-03-16T12:22:38.174+0000] {processor.py:208} INFO - Processing /home/airflow/.local/lib/python3.12/site-packages/airflow/example_dags/example_complex.py took 0.151 seconds
[2025-03-16T12:23:08.519+0000] {processor.py:186} INFO - Started process (PID=48346) to work on /home/airflow/.local/lib/python3.12/site-packages/airflow/example_dags/example_complex.py
[2025-03-16T12:23:08.521+0000] {processor.py:914} INFO - Processing file /home/airflow/.local/lib/python3.12/site-packages/airflow/example_dags/example_complex.py for tasks to queue
[2025-03-16T12:23:08.523+0000] {logging_mixin.py:190} INFO - [2025-03-16T12:23:08.523+0000] {dagbag.py:588} INFO - Filling up the DagBag from /home/airflow/.local/lib/python3.12/site-packages/airflow/example_dags/example_complex.py
[2025-03-16T12:23:08.541+0000] {processor.py:925} INFO - DAG(s) 'example_complex' retrieved from /home/airflow/.local/lib/python3.12/site-packages/airflow/example_dags/example_complex.py
[2025-03-16T12:23:08.592+0000] {logging_mixin.py:190} INFO - [2025-03-16T12:23:08.592+0000] {dag.py:3239} INFO - Sync 1 DAGs
[2025-03-16T12:23:08.617+0000] {logging_mixin.py:190} INFO - [2025-03-16T12:23:08.616+0000] {dag.py:4180} INFO - Setting next_dagrun for example_complex to None, run_after=None
[2025-03-16T12:23:08.650+0000] {processor.py:208} INFO - Processing /home/airflow/.local/lib/python3.12/site-packages/airflow/example_dags/example_complex.py took 0.140 seconds
[2025-03-16T12:23:38.884+0000] {processor.py:186} INFO - Started process (PID=48411) to work on /home/airflow/.local/lib/python3.12/site-packages/airflow/example_dags/example_complex.py
[2025-03-16T12:23:38.885+0000] {processor.py:914} INFO - Processing file /home/airflow/.local/lib/python3.12/site-packages/airflow/example_dags/example_complex.py for tasks to queue
[2025-03-16T12:23:38.888+0000] {logging_mixin.py:190} INFO - [2025-03-16T12:23:38.887+0000] {dagbag.py:588} INFO - Filling up the DagBag from /home/airflow/.local/lib/python3.12/site-packages/airflow/example_dags/example_complex.py
[2025-03-16T12:23:38.908+0000] {processor.py:925} INFO - DAG(s) 'example_complex' retrieved from /home/airflow/.local/lib/python3.12/site-packages/airflow/example_dags/example_complex.py
[2025-03-16T12:23:38.971+0000] {logging_mixin.py:190} INFO - [2025-03-16T12:23:38.970+0000] {dag.py:3239} INFO - Sync 1 DAGs
[2025-03-16T12:23:38.999+0000] {logging_mixin.py:190} INFO - [2025-03-16T12:23:38.998+0000] {dag.py:4180} INFO - Setting next_dagrun for example_complex to None, run_after=None
[2025-03-16T12:23:39.036+0000] {processor.py:208} INFO - Processing /home/airflow/.local/lib/python3.12/site-packages/airflow/example_dags/example_complex.py took 0.161 seconds
[2025-03-16T12:24:09.577+0000] {processor.py:186} INFO - Started process (PID=48476) to work on /home/airflow/.local/lib/python3.12/site-packages/airflow/example_dags/example_complex.py
[2025-03-16T12:24:09.579+0000] {processor.py:914} INFO - Processing file /home/airflow/.local/lib/python3.12/site-packages/airflow/example_dags/example_complex.py for tasks to queue
[2025-03-16T12:24:09.583+0000] {logging_mixin.py:190} INFO - [2025-03-16T12:24:09.582+0000] {dagbag.py:588} INFO - Filling up the DagBag from /home/airflow/.local/lib/python3.12/site-packages/airflow/example_dags/example_complex.py
[2025-03-16T12:24:09.611+0000] {processor.py:925} INFO - DAG(s) 'example_complex' retrieved from /home/airflow/.local/lib/python3.12/site-packages/airflow/example_dags/example_complex.py
[2025-03-16T12:24:09.679+0000] {logging_mixin.py:190} INFO - [2025-03-16T12:24:09.679+0000] {dag.py:3239} INFO - Sync 1 DAGs
[2025-03-16T12:24:09.705+0000] {logging_mixin.py:190} INFO - [2025-03-16T12:24:09.705+0000] {dag.py:4180} INFO - Setting next_dagrun for example_complex to None, run_after=None
[2025-03-16T12:24:09.850+0000] {processor.py:208} INFO - Processing /home/airflow/.local/lib/python3.12/site-packages/airflow/example_dags/example_complex.py took 0.282 seconds
[2025-03-16T12:24:40.062+0000] {processor.py:186} INFO - Started process (PID=48541) to work on /home/airflow/.local/lib/python3.12/site-packages/airflow/example_dags/example_complex.py
[2025-03-16T12:24:40.065+0000] {processor.py:914} INFO - Processing file /home/airflow/.local/lib/python3.12/site-packages/airflow/example_dags/example_complex.py for tasks to queue
[2025-03-16T12:24:40.068+0000] {logging_mixin.py:190} INFO - [2025-03-16T12:24:40.067+0000] {dagbag.py:588} INFO - Filling up the DagBag from /home/airflow/.local/lib/python3.12/site-packages/airflow/example_dags/example_complex.py
[2025-03-16T12:24:40.099+0000] {processor.py:925} INFO - DAG(s) 'example_complex' retrieved from /home/airflow/.local/lib/python3.12/site-packages/airflow/example_dags/example_complex.py
[2025-03-16T12:24:40.157+0000] {logging_mixin.py:190} INFO - [2025-03-16T12:24:40.156+0000] {dag.py:3239} INFO - Sync 1 DAGs
[2025-03-16T12:24:40.183+0000] {logging_mixin.py:190} INFO - [2025-03-16T12:24:40.183+0000] {dag.py:4180} INFO - Setting next_dagrun for example_complex to None, run_after=None
[2025-03-16T12:24:40.227+0000] {processor.py:208} INFO - Processing /home/airflow/.local/lib/python3.12/site-packages/airflow/example_dags/example_complex.py took 0.177 seconds
[2025-03-16T12:42:23.084+0000] {processor.py:186} INFO - Started process (PID=48560) to work on /home/airflow/.local/lib/python3.12/site-packages/airflow/example_dags/example_complex.py
[2025-03-16T12:42:23.086+0000] {processor.py:914} INFO - Processing file /home/airflow/.local/lib/python3.12/site-packages/airflow/example_dags/example_complex.py for tasks to queue
[2025-03-16T12:42:23.090+0000] {logging_mixin.py:190} INFO - [2025-03-16T12:42:23.089+0000] {dagbag.py:588} INFO - Filling up the DagBag from /home/airflow/.local/lib/python3.12/site-packages/airflow/example_dags/example_complex.py
[2025-03-16T12:42:23.164+0000] {processor.py:925} INFO - DAG(s) 'example_complex' retrieved from /home/airflow/.local/lib/python3.12/site-packages/airflow/example_dags/example_complex.py
[2025-03-16T12:42:23.359+0000] {logging_mixin.py:190} INFO - [2025-03-16T12:42:23.359+0000] {dag.py:3239} INFO - Sync 1 DAGs
[2025-03-16T12:42:23.471+0000] {logging_mixin.py:190} INFO - [2025-03-16T12:42:23.470+0000] {dag.py:4180} INFO - Setting next_dagrun for example_complex to None, run_after=None
[2025-03-16T12:42:23.593+0000] {processor.py:208} INFO - Processing /home/airflow/.local/lib/python3.12/site-packages/airflow/example_dags/example_complex.py took 0.542 seconds
[2025-03-16T12:42:54.504+0000] {processor.py:186} INFO - Started process (PID=48625) to work on /home/airflow/.local/lib/python3.12/site-packages/airflow/example_dags/example_complex.py
[2025-03-16T12:42:54.506+0000] {processor.py:914} INFO - Processing file /home/airflow/.local/lib/python3.12/site-packages/airflow/example_dags/example_complex.py for tasks to queue
[2025-03-16T12:42:54.508+0000] {logging_mixin.py:190} INFO - [2025-03-16T12:42:54.508+0000] {dagbag.py:588} INFO - Filling up the DagBag from /home/airflow/.local/lib/python3.12/site-packages/airflow/example_dags/example_complex.py
[2025-03-16T12:42:54.529+0000] {processor.py:925} INFO - DAG(s) 'example_complex' retrieved from /home/airflow/.local/lib/python3.12/site-packages/airflow/example_dags/example_complex.py
[2025-03-16T12:42:54.606+0000] {logging_mixin.py:190} INFO - [2025-03-16T12:42:54.606+0000] {dag.py:3239} INFO - Sync 1 DAGs
[2025-03-16T12:42:54.639+0000] {logging_mixin.py:190} INFO - [2025-03-16T12:42:54.638+0000] {dag.py:4180} INFO - Setting next_dagrun for example_complex to None, run_after=None
[2025-03-16T12:42:54.679+0000] {processor.py:208} INFO - Processing /home/airflow/.local/lib/python3.12/site-packages/airflow/example_dags/example_complex.py took 0.183 seconds
[2025-03-16T12:43:26.013+0000] {processor.py:186} INFO - Started process (PID=48690) to work on /home/airflow/.local/lib/python3.12/site-packages/airflow/example_dags/example_complex.py
[2025-03-16T12:43:26.015+0000] {processor.py:914} INFO - Processing file /home/airflow/.local/lib/python3.12/site-packages/airflow/example_dags/example_complex.py for tasks to queue
[2025-03-16T12:43:26.018+0000] {logging_mixin.py:190} INFO - [2025-03-16T12:43:26.017+0000] {dagbag.py:588} INFO - Filling up the DagBag from /home/airflow/.local/lib/python3.12/site-packages/airflow/example_dags/example_complex.py
[2025-03-16T12:43:26.038+0000] {processor.py:925} INFO - DAG(s) 'example_complex' retrieved from /home/airflow/.local/lib/python3.12/site-packages/airflow/example_dags/example_complex.py
[2025-03-16T12:43:26.094+0000] {logging_mixin.py:190} INFO - [2025-03-16T12:43:26.094+0000] {dag.py:3239} INFO - Sync 1 DAGs
[2025-03-16T12:43:26.119+0000] {logging_mixin.py:190} INFO - [2025-03-16T12:43:26.118+0000] {dag.py:4180} INFO - Setting next_dagrun for example_complex to None, run_after=None
[2025-03-16T12:43:26.160+0000] {processor.py:208} INFO - Processing /home/airflow/.local/lib/python3.12/site-packages/airflow/example_dags/example_complex.py took 0.157 seconds
[2025-03-16T12:43:56.386+0000] {processor.py:186} INFO - Started process (PID=48754) to work on /home/airflow/.local/lib/python3.12/site-packages/airflow/example_dags/example_complex.py
[2025-03-16T12:43:56.388+0000] {processor.py:914} INFO - Processing file /home/airflow/.local/lib/python3.12/site-packages/airflow/example_dags/example_complex.py for tasks to queue
[2025-03-16T12:43:56.390+0000] {logging_mixin.py:190} INFO - [2025-03-16T12:43:56.389+0000] {dagbag.py:588} INFO - Filling up the DagBag from /home/airflow/.local/lib/python3.12/site-packages/airflow/example_dags/example_complex.py
[2025-03-16T12:43:56.406+0000] {processor.py:925} INFO - DAG(s) 'example_complex' retrieved from /home/airflow/.local/lib/python3.12/site-packages/airflow/example_dags/example_complex.py
[2025-03-16T12:43:56.456+0000] {logging_mixin.py:190} INFO - [2025-03-16T12:43:56.455+0000] {dag.py:3239} INFO - Sync 1 DAGs
[2025-03-16T12:43:56.477+0000] {logging_mixin.py:190} INFO - [2025-03-16T12:43:56.477+0000] {dag.py:4180} INFO - Setting next_dagrun for example_complex to None, run_after=None
[2025-03-16T12:43:56.516+0000] {processor.py:208} INFO - Processing /home/airflow/.local/lib/python3.12/site-packages/airflow/example_dags/example_complex.py took 0.140 seconds
[2025-03-16T12:44:26.589+0000] {processor.py:186} INFO - Started process (PID=48818) to work on /home/airflow/.local/lib/python3.12/site-packages/airflow/example_dags/example_complex.py
[2025-03-16T12:44:26.590+0000] {processor.py:914} INFO - Processing file /home/airflow/.local/lib/python3.12/site-packages/airflow/example_dags/example_complex.py for tasks to queue
[2025-03-16T12:44:26.593+0000] {logging_mixin.py:190} INFO - [2025-03-16T12:44:26.592+0000] {dagbag.py:588} INFO - Filling up the DagBag from /home/airflow/.local/lib/python3.12/site-packages/airflow/example_dags/example_complex.py
[2025-03-16T12:44:26.611+0000] {processor.py:925} INFO - DAG(s) 'example_complex' retrieved from /home/airflow/.local/lib/python3.12/site-packages/airflow/example_dags/example_complex.py
[2025-03-16T12:44:26.659+0000] {logging_mixin.py:190} INFO - [2025-03-16T12:44:26.658+0000] {dag.py:3239} INFO - Sync 1 DAGs
[2025-03-16T12:44:26.681+0000] {logging_mixin.py:190} INFO - [2025-03-16T12:44:26.680+0000] {dag.py:4180} INFO - Setting next_dagrun for example_complex to None, run_after=None
[2025-03-16T12:44:26.723+0000] {processor.py:208} INFO - Processing /home/airflow/.local/lib/python3.12/site-packages/airflow/example_dags/example_complex.py took 0.143 seconds
[2025-03-16T12:44:56.886+0000] {processor.py:186} INFO - Started process (PID=48883) to work on /home/airflow/.local/lib/python3.12/site-packages/airflow/example_dags/example_complex.py
[2025-03-16T12:44:56.888+0000] {processor.py:914} INFO - Processing file /home/airflow/.local/lib/python3.12/site-packages/airflow/example_dags/example_complex.py for tasks to queue
[2025-03-16T12:44:56.893+0000] {logging_mixin.py:190} INFO - [2025-03-16T12:44:56.892+0000] {dagbag.py:588} INFO - Filling up the DagBag from /home/airflow/.local/lib/python3.12/site-packages/airflow/example_dags/example_complex.py
[2025-03-16T12:44:56.915+0000] {processor.py:925} INFO - DAG(s) 'example_complex' retrieved from /home/airflow/.local/lib/python3.12/site-packages/airflow/example_dags/example_complex.py
[2025-03-16T12:44:56.957+0000] {logging_mixin.py:190} INFO - [2025-03-16T12:44:56.957+0000] {dag.py:3239} INFO - Sync 1 DAGs
[2025-03-16T12:44:56.978+0000] {logging_mixin.py:190} INFO - [2025-03-16T12:44:56.978+0000] {dag.py:4180} INFO - Setting next_dagrun for example_complex to None, run_after=None
[2025-03-16T12:44:57.010+0000] {processor.py:208} INFO - Processing /home/airflow/.local/lib/python3.12/site-packages/airflow/example_dags/example_complex.py took 0.136 seconds
[2025-03-16T12:45:27.118+0000] {processor.py:186} INFO - Started process (PID=48948) to work on /home/airflow/.local/lib/python3.12/site-packages/airflow/example_dags/example_complex.py
[2025-03-16T12:45:27.120+0000] {processor.py:914} INFO - Processing file /home/airflow/.local/lib/python3.12/site-packages/airflow/example_dags/example_complex.py for tasks to queue
[2025-03-16T12:45:27.122+0000] {logging_mixin.py:190} INFO - [2025-03-16T12:45:27.121+0000] {dagbag.py:588} INFO - Filling up the DagBag from /home/airflow/.local/lib/python3.12/site-packages/airflow/example_dags/example_complex.py
[2025-03-16T12:45:27.137+0000] {processor.py:925} INFO - DAG(s) 'example_complex' retrieved from /home/airflow/.local/lib/python3.12/site-packages/airflow/example_dags/example_complex.py
[2025-03-16T12:45:27.180+0000] {logging_mixin.py:190} INFO - [2025-03-16T12:45:27.180+0000] {dag.py:3239} INFO - Sync 1 DAGs
[2025-03-16T12:45:27.207+0000] {logging_mixin.py:190} INFO - [2025-03-16T12:45:27.207+0000] {dag.py:4180} INFO - Setting next_dagrun for example_complex to None, run_after=None
[2025-03-16T12:45:27.246+0000] {processor.py:208} INFO - Processing /home/airflow/.local/lib/python3.12/site-packages/airflow/example_dags/example_complex.py took 0.135 seconds
[2025-03-16T12:45:57.418+0000] {processor.py:186} INFO - Started process (PID=49013) to work on /home/airflow/.local/lib/python3.12/site-packages/airflow/example_dags/example_complex.py
[2025-03-16T12:45:57.420+0000] {processor.py:914} INFO - Processing file /home/airflow/.local/lib/python3.12/site-packages/airflow/example_dags/example_complex.py for tasks to queue
[2025-03-16T12:45:57.422+0000] {logging_mixin.py:190} INFO - [2025-03-16T12:45:57.422+0000] {dagbag.py:588} INFO - Filling up the DagBag from /home/airflow/.local/lib/python3.12/site-packages/airflow/example_dags/example_complex.py
[2025-03-16T12:45:57.437+0000] {processor.py:925} INFO - DAG(s) 'example_complex' retrieved from /home/airflow/.local/lib/python3.12/site-packages/airflow/example_dags/example_complex.py
[2025-03-16T12:45:57.478+0000] {logging_mixin.py:190} INFO - [2025-03-16T12:45:57.477+0000] {dag.py:3239} INFO - Sync 1 DAGs
[2025-03-16T12:45:57.498+0000] {logging_mixin.py:190} INFO - [2025-03-16T12:45:57.498+0000] {dag.py:4180} INFO - Setting next_dagrun for example_complex to None, run_after=None
[2025-03-16T12:45:57.530+0000] {processor.py:208} INFO - Processing /home/airflow/.local/lib/python3.12/site-packages/airflow/example_dags/example_complex.py took 0.118 seconds
[2025-03-16T12:46:27.753+0000] {processor.py:186} INFO - Started process (PID=49078) to work on /home/airflow/.local/lib/python3.12/site-packages/airflow/example_dags/example_complex.py
[2025-03-16T12:46:27.755+0000] {processor.py:914} INFO - Processing file /home/airflow/.local/lib/python3.12/site-packages/airflow/example_dags/example_complex.py for tasks to queue
[2025-03-16T12:46:27.758+0000] {logging_mixin.py:190} INFO - [2025-03-16T12:46:27.757+0000] {dagbag.py:588} INFO - Filling up the DagBag from /home/airflow/.local/lib/python3.12/site-packages/airflow/example_dags/example_complex.py
[2025-03-16T12:46:27.781+0000] {processor.py:925} INFO - DAG(s) 'example_complex' retrieved from /home/airflow/.local/lib/python3.12/site-packages/airflow/example_dags/example_complex.py
[2025-03-16T12:46:27.836+0000] {logging_mixin.py:190} INFO - [2025-03-16T12:46:27.836+0000] {dag.py:3239} INFO - Sync 1 DAGs
[2025-03-16T12:46:27.857+0000] {logging_mixin.py:190} INFO - [2025-03-16T12:46:27.857+0000] {dag.py:4180} INFO - Setting next_dagrun for example_complex to None, run_after=None
[2025-03-16T12:46:27.890+0000] {processor.py:208} INFO - Processing /home/airflow/.local/lib/python3.12/site-packages/airflow/example_dags/example_complex.py took 0.146 seconds
[2025-03-16T12:46:58.454+0000] {processor.py:186} INFO - Started process (PID=49143) to work on /home/airflow/.local/lib/python3.12/site-packages/airflow/example_dags/example_complex.py
[2025-03-16T12:46:58.457+0000] {processor.py:914} INFO - Processing file /home/airflow/.local/lib/python3.12/site-packages/airflow/example_dags/example_complex.py for tasks to queue
[2025-03-16T12:46:58.468+0000] {logging_mixin.py:190} INFO - [2025-03-16T12:46:58.460+0000] {dagbag.py:588} INFO - Filling up the DagBag from /home/airflow/.local/lib/python3.12/site-packages/airflow/example_dags/example_complex.py
[2025-03-16T12:46:58.532+0000] {processor.py:925} INFO - DAG(s) 'example_complex' retrieved from /home/airflow/.local/lib/python3.12/site-packages/airflow/example_dags/example_complex.py
[2025-03-16T12:46:58.623+0000] {logging_mixin.py:190} INFO - [2025-03-16T12:46:58.622+0000] {dag.py:3239} INFO - Sync 1 DAGs
[2025-03-16T12:46:58.661+0000] {logging_mixin.py:190} INFO - [2025-03-16T12:46:58.660+0000] {dag.py:4180} INFO - Setting next_dagrun for example_complex to None, run_after=None
[2025-03-16T12:46:58.723+0000] {processor.py:208} INFO - Processing /home/airflow/.local/lib/python3.12/site-packages/airflow/example_dags/example_complex.py took 0.291 seconds
[2025-03-16T12:47:29.083+0000] {processor.py:186} INFO - Started process (PID=49208) to work on /home/airflow/.local/lib/python3.12/site-packages/airflow/example_dags/example_complex.py
[2025-03-16T12:47:29.084+0000] {processor.py:914} INFO - Processing file /home/airflow/.local/lib/python3.12/site-packages/airflow/example_dags/example_complex.py for tasks to queue
[2025-03-16T12:47:29.086+0000] {logging_mixin.py:190} INFO - [2025-03-16T12:47:29.086+0000] {dagbag.py:588} INFO - Filling up the DagBag from /home/airflow/.local/lib/python3.12/site-packages/airflow/example_dags/example_complex.py
[2025-03-16T12:47:29.103+0000] {processor.py:925} INFO - DAG(s) 'example_complex' retrieved from /home/airflow/.local/lib/python3.12/site-packages/airflow/example_dags/example_complex.py
[2025-03-16T12:47:29.146+0000] {logging_mixin.py:190} INFO - [2025-03-16T12:47:29.146+0000] {dag.py:3239} INFO - Sync 1 DAGs
[2025-03-16T12:47:29.167+0000] {logging_mixin.py:190} INFO - [2025-03-16T12:47:29.167+0000] {dag.py:4180} INFO - Setting next_dagrun for example_complex to None, run_after=None
[2025-03-16T12:47:29.201+0000] {processor.py:208} INFO - Processing /home/airflow/.local/lib/python3.12/site-packages/airflow/example_dags/example_complex.py took 0.126 seconds
[2025-03-16T12:47:59.900+0000] {processor.py:186} INFO - Started process (PID=49273) to work on /home/airflow/.local/lib/python3.12/site-packages/airflow/example_dags/example_complex.py
[2025-03-16T12:47:59.902+0000] {processor.py:914} INFO - Processing file /home/airflow/.local/lib/python3.12/site-packages/airflow/example_dags/example_complex.py for tasks to queue
[2025-03-16T12:47:59.905+0000] {logging_mixin.py:190} INFO - [2025-03-16T12:47:59.904+0000] {dagbag.py:588} INFO - Filling up the DagBag from /home/airflow/.local/lib/python3.12/site-packages/airflow/example_dags/example_complex.py
[2025-03-16T12:47:59.920+0000] {processor.py:925} INFO - DAG(s) 'example_complex' retrieved from /home/airflow/.local/lib/python3.12/site-packages/airflow/example_dags/example_complex.py
[2025-03-16T12:47:59.962+0000] {logging_mixin.py:190} INFO - [2025-03-16T12:47:59.962+0000] {dag.py:3239} INFO - Sync 1 DAGs
[2025-03-16T12:47:59.983+0000] {logging_mixin.py:190} INFO - [2025-03-16T12:47:59.983+0000] {dag.py:4180} INFO - Setting next_dagrun for example_complex to None, run_after=None
[2025-03-16T12:48:00.012+0000] {processor.py:208} INFO - Processing /home/airflow/.local/lib/python3.12/site-packages/airflow/example_dags/example_complex.py took 0.119 seconds
[2025-03-16T15:33:33.609+0000] {processor.py:186} INFO - Started process (PID=49285) to work on /home/airflow/.local/lib/python3.12/site-packages/airflow/example_dags/example_complex.py
[2025-03-16T15:33:33.611+0000] {processor.py:914} INFO - Processing file /home/airflow/.local/lib/python3.12/site-packages/airflow/example_dags/example_complex.py for tasks to queue
[2025-03-16T15:33:33.614+0000] {logging_mixin.py:190} INFO - [2025-03-16T15:33:33.613+0000] {dagbag.py:588} INFO - Filling up the DagBag from /home/airflow/.local/lib/python3.12/site-packages/airflow/example_dags/example_complex.py
[2025-03-16T15:33:33.689+0000] {processor.py:925} INFO - DAG(s) 'example_complex' retrieved from /home/airflow/.local/lib/python3.12/site-packages/airflow/example_dags/example_complex.py
[2025-03-16T15:33:33.854+0000] {logging_mixin.py:190} INFO - [2025-03-16T15:33:33.853+0000] {dag.py:3239} INFO - Sync 1 DAGs
[2025-03-16T15:33:33.946+0000] {logging_mixin.py:190} INFO - [2025-03-16T15:33:33.945+0000] {dag.py:4180} INFO - Setting next_dagrun for example_complex to None, run_after=None
[2025-03-16T15:33:34.083+0000] {processor.py:208} INFO - Processing /home/airflow/.local/lib/python3.12/site-packages/airflow/example_dags/example_complex.py took 0.497 seconds
[2025-03-16T15:34:04.650+0000] {processor.py:186} INFO - Started process (PID=49350) to work on /home/airflow/.local/lib/python3.12/site-packages/airflow/example_dags/example_complex.py
[2025-03-16T15:34:04.655+0000] {processor.py:914} INFO - Processing file /home/airflow/.local/lib/python3.12/site-packages/airflow/example_dags/example_complex.py for tasks to queue
[2025-03-16T15:34:04.659+0000] {logging_mixin.py:190} INFO - [2025-03-16T15:34:04.658+0000] {dagbag.py:588} INFO - Filling up the DagBag from /home/airflow/.local/lib/python3.12/site-packages/airflow/example_dags/example_complex.py
[2025-03-16T15:34:04.685+0000] {processor.py:925} INFO - DAG(s) 'example_complex' retrieved from /home/airflow/.local/lib/python3.12/site-packages/airflow/example_dags/example_complex.py
[2025-03-16T15:34:04.784+0000] {logging_mixin.py:190} INFO - [2025-03-16T15:34:04.783+0000] {dag.py:3239} INFO - Sync 1 DAGs
[2025-03-16T15:34:04.819+0000] {logging_mixin.py:190} INFO - [2025-03-16T15:34:04.819+0000] {dag.py:4180} INFO - Setting next_dagrun for example_complex to None, run_after=None
[2025-03-16T15:34:04.879+0000] {processor.py:208} INFO - Processing /home/airflow/.local/lib/python3.12/site-packages/airflow/example_dags/example_complex.py took 0.243 seconds
[2025-03-16T15:34:35.026+0000] {processor.py:186} INFO - Started process (PID=49414) to work on /home/airflow/.local/lib/python3.12/site-packages/airflow/example_dags/example_complex.py
[2025-03-16T15:34:35.028+0000] {processor.py:914} INFO - Processing file /home/airflow/.local/lib/python3.12/site-packages/airflow/example_dags/example_complex.py for tasks to queue
[2025-03-16T15:34:35.031+0000] {logging_mixin.py:190} INFO - [2025-03-16T15:34:35.030+0000] {dagbag.py:588} INFO - Filling up the DagBag from /home/airflow/.local/lib/python3.12/site-packages/airflow/example_dags/example_complex.py
[2025-03-16T15:34:35.047+0000] {processor.py:925} INFO - DAG(s) 'example_complex' retrieved from /home/airflow/.local/lib/python3.12/site-packages/airflow/example_dags/example_complex.py
[2025-03-16T15:34:35.091+0000] {logging_mixin.py:190} INFO - [2025-03-16T15:34:35.091+0000] {dag.py:3239} INFO - Sync 1 DAGs
[2025-03-16T15:34:35.113+0000] {logging_mixin.py:190} INFO - [2025-03-16T15:34:35.113+0000] {dag.py:4180} INFO - Setting next_dagrun for example_complex to None, run_after=None
[2025-03-16T15:34:35.157+0000] {processor.py:208} INFO - Processing /home/airflow/.local/lib/python3.12/site-packages/airflow/example_dags/example_complex.py took 0.139 seconds
[2025-03-16T15:35:05.537+0000] {processor.py:186} INFO - Started process (PID=49479) to work on /home/airflow/.local/lib/python3.12/site-packages/airflow/example_dags/example_complex.py
[2025-03-16T15:35:05.539+0000] {processor.py:914} INFO - Processing file /home/airflow/.local/lib/python3.12/site-packages/airflow/example_dags/example_complex.py for tasks to queue
[2025-03-16T15:35:05.544+0000] {logging_mixin.py:190} INFO - [2025-03-16T15:35:05.543+0000] {dagbag.py:588} INFO - Filling up the DagBag from /home/airflow/.local/lib/python3.12/site-packages/airflow/example_dags/example_complex.py
[2025-03-16T15:35:05.566+0000] {processor.py:925} INFO - DAG(s) 'example_complex' retrieved from /home/airflow/.local/lib/python3.12/site-packages/airflow/example_dags/example_complex.py
[2025-03-16T15:35:05.617+0000] {logging_mixin.py:190} INFO - [2025-03-16T15:35:05.616+0000] {dag.py:3239} INFO - Sync 1 DAGs
[2025-03-16T15:35:05.639+0000] {logging_mixin.py:190} INFO - [2025-03-16T15:35:05.638+0000] {dag.py:4180} INFO - Setting next_dagrun for example_complex to None, run_after=None
[2025-03-16T15:35:05.671+0000] {processor.py:208} INFO - Processing /home/airflow/.local/lib/python3.12/site-packages/airflow/example_dags/example_complex.py took 0.146 seconds
[2025-03-16T15:35:36.421+0000] {processor.py:186} INFO - Started process (PID=49545) to work on /home/airflow/.local/lib/python3.12/site-packages/airflow/example_dags/example_complex.py
[2025-03-16T15:35:36.423+0000] {processor.py:914} INFO - Processing file /home/airflow/.local/lib/python3.12/site-packages/airflow/example_dags/example_complex.py for tasks to queue
[2025-03-16T15:35:36.425+0000] {logging_mixin.py:190} INFO - [2025-03-16T15:35:36.424+0000] {dagbag.py:588} INFO - Filling up the DagBag from /home/airflow/.local/lib/python3.12/site-packages/airflow/example_dags/example_complex.py
[2025-03-16T15:35:36.442+0000] {processor.py:925} INFO - DAG(s) 'example_complex' retrieved from /home/airflow/.local/lib/python3.12/site-packages/airflow/example_dags/example_complex.py
[2025-03-16T15:35:36.487+0000] {logging_mixin.py:190} INFO - [2025-03-16T15:35:36.487+0000] {dag.py:3239} INFO - Sync 1 DAGs
[2025-03-16T15:35:36.507+0000] {logging_mixin.py:190} INFO - [2025-03-16T15:35:36.507+0000] {dag.py:4180} INFO - Setting next_dagrun for example_complex to None, run_after=None
[2025-03-16T15:35:36.542+0000] {processor.py:208} INFO - Processing /home/airflow/.local/lib/python3.12/site-packages/airflow/example_dags/example_complex.py took 0.130 seconds
[2025-03-16T15:36:07.178+0000] {processor.py:186} INFO - Started process (PID=49610) to work on /home/airflow/.local/lib/python3.12/site-packages/airflow/example_dags/example_complex.py
[2025-03-16T15:36:07.180+0000] {processor.py:914} INFO - Processing file /home/airflow/.local/lib/python3.12/site-packages/airflow/example_dags/example_complex.py for tasks to queue
[2025-03-16T15:36:07.183+0000] {logging_mixin.py:190} INFO - [2025-03-16T15:36:07.182+0000] {dagbag.py:588} INFO - Filling up the DagBag from /home/airflow/.local/lib/python3.12/site-packages/airflow/example_dags/example_complex.py
[2025-03-16T15:36:07.209+0000] {processor.py:925} INFO - DAG(s) 'example_complex' retrieved from /home/airflow/.local/lib/python3.12/site-packages/airflow/example_dags/example_complex.py
[2025-03-16T15:36:07.261+0000] {logging_mixin.py:190} INFO - [2025-03-16T15:36:07.261+0000] {dag.py:3239} INFO - Sync 1 DAGs
[2025-03-16T15:36:07.282+0000] {logging_mixin.py:190} INFO - [2025-03-16T15:36:07.281+0000] {dag.py:4180} INFO - Setting next_dagrun for example_complex to None, run_after=None
[2025-03-16T15:36:07.313+0000] {processor.py:208} INFO - Processing /home/airflow/.local/lib/python3.12/site-packages/airflow/example_dags/example_complex.py took 0.148 seconds
[2025-03-16T15:36:37.961+0000] {processor.py:186} INFO - Started process (PID=49675) to work on /home/airflow/.local/lib/python3.12/site-packages/airflow/example_dags/example_complex.py
[2025-03-16T15:36:37.962+0000] {processor.py:914} INFO - Processing file /home/airflow/.local/lib/python3.12/site-packages/airflow/example_dags/example_complex.py for tasks to queue
[2025-03-16T15:36:37.965+0000] {logging_mixin.py:190} INFO - [2025-03-16T15:36:37.964+0000] {dagbag.py:588} INFO - Filling up the DagBag from /home/airflow/.local/lib/python3.12/site-packages/airflow/example_dags/example_complex.py
[2025-03-16T15:36:37.982+0000] {processor.py:925} INFO - DAG(s) 'example_complex' retrieved from /home/airflow/.local/lib/python3.12/site-packages/airflow/example_dags/example_complex.py
[2025-03-16T15:36:38.026+0000] {logging_mixin.py:190} INFO - [2025-03-16T15:36:38.026+0000] {dag.py:3239} INFO - Sync 1 DAGs
[2025-03-16T15:36:38.048+0000] {logging_mixin.py:190} INFO - [2025-03-16T15:36:38.047+0000] {dag.py:4180} INFO - Setting next_dagrun for example_complex to None, run_after=None
[2025-03-16T15:36:38.083+0000] {processor.py:208} INFO - Processing /home/airflow/.local/lib/python3.12/site-packages/airflow/example_dags/example_complex.py took 0.133 seconds
[2025-03-16T16:39:13.707+0000] {processor.py:186} INFO - Started process (PID=49731) to work on /home/airflow/.local/lib/python3.12/site-packages/airflow/example_dags/example_complex.py
[2025-03-16T16:39:13.709+0000] {processor.py:914} INFO - Processing file /home/airflow/.local/lib/python3.12/site-packages/airflow/example_dags/example_complex.py for tasks to queue
[2025-03-16T16:39:13.723+0000] {logging_mixin.py:190} INFO - [2025-03-16T16:39:13.722+0000] {dagbag.py:588} INFO - Filling up the DagBag from /home/airflow/.local/lib/python3.12/site-packages/airflow/example_dags/example_complex.py
[2025-03-16T16:39:13.804+0000] {processor.py:925} INFO - DAG(s) 'example_complex' retrieved from /home/airflow/.local/lib/python3.12/site-packages/airflow/example_dags/example_complex.py
[2025-03-16T16:39:14.024+0000] {logging_mixin.py:190} INFO - [2025-03-16T16:39:14.024+0000] {dag.py:3239} INFO - Sync 1 DAGs
[2025-03-16T16:39:14.122+0000] {logging_mixin.py:190} INFO - [2025-03-16T16:39:14.122+0000] {dag.py:4180} INFO - Setting next_dagrun for example_complex to None, run_after=None
[2025-03-16T16:39:14.255+0000] {processor.py:208} INFO - Processing /home/airflow/.local/lib/python3.12/site-packages/airflow/example_dags/example_complex.py took 0.572 seconds
[2025-03-16T16:39:44.389+0000] {processor.py:186} INFO - Started process (PID=49795) to work on /home/airflow/.local/lib/python3.12/site-packages/airflow/example_dags/example_complex.py
[2025-03-16T16:39:44.391+0000] {processor.py:914} INFO - Processing file /home/airflow/.local/lib/python3.12/site-packages/airflow/example_dags/example_complex.py for tasks to queue
[2025-03-16T16:39:44.394+0000] {logging_mixin.py:190} INFO - [2025-03-16T16:39:44.393+0000] {dagbag.py:588} INFO - Filling up the DagBag from /home/airflow/.local/lib/python3.12/site-packages/airflow/example_dags/example_complex.py
[2025-03-16T16:39:44.417+0000] {processor.py:925} INFO - DAG(s) 'example_complex' retrieved from /home/airflow/.local/lib/python3.12/site-packages/airflow/example_dags/example_complex.py
[2025-03-16T16:39:44.459+0000] {logging_mixin.py:190} INFO - [2025-03-16T16:39:44.459+0000] {dag.py:3239} INFO - Sync 1 DAGs
[2025-03-16T16:39:44.482+0000] {logging_mixin.py:190} INFO - [2025-03-16T16:39:44.481+0000] {dag.py:4180} INFO - Setting next_dagrun for example_complex to None, run_after=None
[2025-03-16T16:39:44.515+0000] {processor.py:208} INFO - Processing /home/airflow/.local/lib/python3.12/site-packages/airflow/example_dags/example_complex.py took 0.139 seconds
[2025-03-16T16:40:15.344+0000] {processor.py:186} INFO - Started process (PID=49861) to work on /home/airflow/.local/lib/python3.12/site-packages/airflow/example_dags/example_complex.py
[2025-03-16T16:40:15.346+0000] {processor.py:914} INFO - Processing file /home/airflow/.local/lib/python3.12/site-packages/airflow/example_dags/example_complex.py for tasks to queue
[2025-03-16T16:40:15.349+0000] {logging_mixin.py:190} INFO - [2025-03-16T16:40:15.348+0000] {dagbag.py:588} INFO - Filling up the DagBag from /home/airflow/.local/lib/python3.12/site-packages/airflow/example_dags/example_complex.py
[2025-03-16T16:40:15.369+0000] {processor.py:925} INFO - DAG(s) 'example_complex' retrieved from /home/airflow/.local/lib/python3.12/site-packages/airflow/example_dags/example_complex.py
[2025-03-16T16:40:15.428+0000] {logging_mixin.py:190} INFO - [2025-03-16T16:40:15.427+0000] {dag.py:3239} INFO - Sync 1 DAGs
[2025-03-16T16:40:15.453+0000] {logging_mixin.py:190} INFO - [2025-03-16T16:40:15.452+0000] {dag.py:4180} INFO - Setting next_dagrun for example_complex to None, run_after=None
[2025-03-16T16:40:15.490+0000] {processor.py:208} INFO - Processing /home/airflow/.local/lib/python3.12/site-packages/airflow/example_dags/example_complex.py took 0.154 seconds
[2025-03-16T16:40:46.429+0000] {processor.py:186} INFO - Started process (PID=49926) to work on /home/airflow/.local/lib/python3.12/site-packages/airflow/example_dags/example_complex.py
[2025-03-16T16:40:46.431+0000] {processor.py:914} INFO - Processing file /home/airflow/.local/lib/python3.12/site-packages/airflow/example_dags/example_complex.py for tasks to queue
[2025-03-16T16:40:46.434+0000] {logging_mixin.py:190} INFO - [2025-03-16T16:40:46.433+0000] {dagbag.py:588} INFO - Filling up the DagBag from /home/airflow/.local/lib/python3.12/site-packages/airflow/example_dags/example_complex.py
[2025-03-16T16:40:46.454+0000] {processor.py:925} INFO - DAG(s) 'example_complex' retrieved from /home/airflow/.local/lib/python3.12/site-packages/airflow/example_dags/example_complex.py
[2025-03-16T16:40:46.506+0000] {logging_mixin.py:190} INFO - [2025-03-16T16:40:46.505+0000] {dag.py:3239} INFO - Sync 1 DAGs
[2025-03-16T16:40:46.529+0000] {logging_mixin.py:190} INFO - [2025-03-16T16:40:46.529+0000] {dag.py:4180} INFO - Setting next_dagrun for example_complex to None, run_after=None
[2025-03-16T16:40:46.558+0000] {processor.py:208} INFO - Processing /home/airflow/.local/lib/python3.12/site-packages/airflow/example_dags/example_complex.py took 0.140 seconds
[2025-03-16T16:41:16.882+0000] {processor.py:186} INFO - Started process (PID=49991) to work on /home/airflow/.local/lib/python3.12/site-packages/airflow/example_dags/example_complex.py
[2025-03-16T16:41:16.884+0000] {processor.py:914} INFO - Processing file /home/airflow/.local/lib/python3.12/site-packages/airflow/example_dags/example_complex.py for tasks to queue
[2025-03-16T16:41:16.886+0000] {logging_mixin.py:190} INFO - [2025-03-16T16:41:16.886+0000] {dagbag.py:588} INFO - Filling up the DagBag from /home/airflow/.local/lib/python3.12/site-packages/airflow/example_dags/example_complex.py
[2025-03-16T16:41:16.903+0000] {processor.py:925} INFO - DAG(s) 'example_complex' retrieved from /home/airflow/.local/lib/python3.12/site-packages/airflow/example_dags/example_complex.py
[2025-03-16T16:41:16.946+0000] {logging_mixin.py:190} INFO - [2025-03-16T16:41:16.946+0000] {dag.py:3239} INFO - Sync 1 DAGs
[2025-03-16T16:41:16.970+0000] {logging_mixin.py:190} INFO - [2025-03-16T16:41:16.970+0000] {dag.py:4180} INFO - Setting next_dagrun for example_complex to None, run_after=None
[2025-03-16T16:41:17.001+0000] {processor.py:208} INFO - Processing /home/airflow/.local/lib/python3.12/site-packages/airflow/example_dags/example_complex.py took 0.127 seconds
[2025-03-16T16:41:47.538+0000] {processor.py:186} INFO - Started process (PID=50056) to work on /home/airflow/.local/lib/python3.12/site-packages/airflow/example_dags/example_complex.py
[2025-03-16T16:41:47.539+0000] {processor.py:914} INFO - Processing file /home/airflow/.local/lib/python3.12/site-packages/airflow/example_dags/example_complex.py for tasks to queue
[2025-03-16T16:41:47.542+0000] {logging_mixin.py:190} INFO - [2025-03-16T16:41:47.541+0000] {dagbag.py:588} INFO - Filling up the DagBag from /home/airflow/.local/lib/python3.12/site-packages/airflow/example_dags/example_complex.py
[2025-03-16T16:41:47.559+0000] {processor.py:925} INFO - DAG(s) 'example_complex' retrieved from /home/airflow/.local/lib/python3.12/site-packages/airflow/example_dags/example_complex.py
[2025-03-16T16:41:47.603+0000] {logging_mixin.py:190} INFO - [2025-03-16T16:41:47.602+0000] {dag.py:3239} INFO - Sync 1 DAGs
[2025-03-16T16:41:47.621+0000] {logging_mixin.py:190} INFO - [2025-03-16T16:41:47.621+0000] {dag.py:4180} INFO - Setting next_dagrun for example_complex to None, run_after=None
[2025-03-16T16:41:47.652+0000] {processor.py:208} INFO - Processing /home/airflow/.local/lib/python3.12/site-packages/airflow/example_dags/example_complex.py took 0.122 seconds
