[2025-03-09T08:58:17.123+0000] {processor.py:186} INFO - Started process (PID=110) to work on /home/airflow/.local/lib/python3.12/site-packages/airflow/example_dags/example_setup_teardown.py
[2025-03-09T08:58:17.125+0000] {processor.py:914} INFO - Processing file /home/airflow/.local/lib/python3.12/site-packages/airflow/example_dags/example_setup_teardown.py for tasks to queue
[2025-03-09T08:58:17.128+0000] {logging_mixin.py:190} INFO - [2025-03-09T08:58:17.128+0000] {dagbag.py:588} INFO - Filling up the DagBag from /home/airflow/.local/lib/python3.12/site-packages/airflow/example_dags/example_setup_teardown.py
[2025-03-09T08:58:17.145+0000] {processor.py:925} INFO - DAG(s) 'example_setup_teardown' retrieved from /home/airflow/.local/lib/python3.12/site-packages/airflow/example_dags/example_setup_teardown.py
[2025-03-09T08:58:17.325+0000] {logging_mixin.py:190} INFO - [2025-03-09T08:58:17.324+0000] {override.py:1912} INFO - Created Permission View: can edit on DAG:example_setup_teardown
[2025-03-09T08:58:17.346+0000] {logging_mixin.py:190} INFO - [2025-03-09T08:58:17.345+0000] {override.py:1912} INFO - Created Permission View: can delete on DAG:example_setup_teardown
[2025-03-09T08:58:17.361+0000] {logging_mixin.py:190} INFO - [2025-03-09T08:58:17.360+0000] {override.py:1912} INFO - Created Permission View: can read on DAG:example_setup_teardown
[2025-03-09T08:58:17.378+0000] {logging_mixin.py:190} INFO - [2025-03-09T08:58:17.377+0000] {override.py:1912} INFO - Created Permission View: menu access on DAG Run:example_setup_teardown
[2025-03-09T08:58:17.393+0000] {logging_mixin.py:190} INFO - [2025-03-09T08:58:17.392+0000] {override.py:1912} INFO - Created Permission View: can delete on DAG Run:example_setup_teardown
[2025-03-09T08:58:17.411+0000] {logging_mixin.py:190} INFO - [2025-03-09T08:58:17.410+0000] {override.py:1912} INFO - Created Permission View: can create on DAG Run:example_setup_teardown
[2025-03-09T08:58:17.430+0000] {logging_mixin.py:190} INFO - [2025-03-09T08:58:17.429+0000] {override.py:1912} INFO - Created Permission View: can read on DAG Run:example_setup_teardown
[2025-03-09T08:58:17.431+0000] {logging_mixin.py:190} INFO - [2025-03-09T08:58:17.431+0000] {dag.py:3239} INFO - Sync 1 DAGs
[2025-03-09T08:58:17.454+0000] {logging_mixin.py:190} INFO - [2025-03-09T08:58:17.454+0000] {dag.py:3262} INFO - Creating ORM DAG for example_setup_teardown
[2025-03-09T08:58:17.456+0000] {logging_mixin.py:190} INFO - [2025-03-09T08:58:17.456+0000] {dag.py:4180} INFO - Setting next_dagrun for example_setup_teardown to None, run_after=None
[2025-03-09T08:58:17.486+0000] {processor.py:208} INFO - Processing /home/airflow/.local/lib/python3.12/site-packages/airflow/example_dags/example_setup_teardown.py took 0.371 seconds
[2025-03-09T08:58:48.349+0000] {processor.py:186} INFO - Started process (PID=175) to work on /home/airflow/.local/lib/python3.12/site-packages/airflow/example_dags/example_setup_teardown.py
[2025-03-09T08:58:48.350+0000] {processor.py:914} INFO - Processing file /home/airflow/.local/lib/python3.12/site-packages/airflow/example_dags/example_setup_teardown.py for tasks to queue
[2025-03-09T08:58:48.354+0000] {logging_mixin.py:190} INFO - [2025-03-09T08:58:48.353+0000] {dagbag.py:588} INFO - Filling up the DagBag from /home/airflow/.local/lib/python3.12/site-packages/airflow/example_dags/example_setup_teardown.py
[2025-03-09T08:58:48.367+0000] {processor.py:925} INFO - DAG(s) 'example_setup_teardown' retrieved from /home/airflow/.local/lib/python3.12/site-packages/airflow/example_dags/example_setup_teardown.py
[2025-03-09T08:58:48.400+0000] {logging_mixin.py:190} INFO - [2025-03-09T08:58:48.400+0000] {dag.py:3239} INFO - Sync 1 DAGs
[2025-03-09T08:58:48.424+0000] {logging_mixin.py:190} INFO - [2025-03-09T08:58:48.423+0000] {dag.py:4180} INFO - Setting next_dagrun for example_setup_teardown to None, run_after=None
[2025-03-09T08:58:48.474+0000] {processor.py:208} INFO - Processing /home/airflow/.local/lib/python3.12/site-packages/airflow/example_dags/example_setup_teardown.py took 0.133 seconds
[2025-03-09T08:59:18.796+0000] {processor.py:186} INFO - Started process (PID=239) to work on /home/airflow/.local/lib/python3.12/site-packages/airflow/example_dags/example_setup_teardown.py
[2025-03-09T08:59:18.798+0000] {processor.py:914} INFO - Processing file /home/airflow/.local/lib/python3.12/site-packages/airflow/example_dags/example_setup_teardown.py for tasks to queue
[2025-03-09T08:59:18.801+0000] {logging_mixin.py:190} INFO - [2025-03-09T08:59:18.800+0000] {dagbag.py:588} INFO - Filling up the DagBag from /home/airflow/.local/lib/python3.12/site-packages/airflow/example_dags/example_setup_teardown.py
[2025-03-09T08:59:18.817+0000] {processor.py:925} INFO - DAG(s) 'example_setup_teardown' retrieved from /home/airflow/.local/lib/python3.12/site-packages/airflow/example_dags/example_setup_teardown.py
[2025-03-09T08:59:18.853+0000] {logging_mixin.py:190} INFO - [2025-03-09T08:59:18.853+0000] {dag.py:3239} INFO - Sync 1 DAGs
[2025-03-09T08:59:18.879+0000] {logging_mixin.py:190} INFO - [2025-03-09T08:59:18.879+0000] {dag.py:4180} INFO - Setting next_dagrun for example_setup_teardown to None, run_after=None
[2025-03-09T08:59:18.919+0000] {processor.py:208} INFO - Processing /home/airflow/.local/lib/python3.12/site-packages/airflow/example_dags/example_setup_teardown.py took 0.130 seconds
[2025-03-09T08:59:49.075+0000] {processor.py:186} INFO - Started process (PID=304) to work on /home/airflow/.local/lib/python3.12/site-packages/airflow/example_dags/example_setup_teardown.py
[2025-03-09T08:59:49.077+0000] {processor.py:914} INFO - Processing file /home/airflow/.local/lib/python3.12/site-packages/airflow/example_dags/example_setup_teardown.py for tasks to queue
[2025-03-09T08:59:49.082+0000] {logging_mixin.py:190} INFO - [2025-03-09T08:59:49.081+0000] {dagbag.py:588} INFO - Filling up the DagBag from /home/airflow/.local/lib/python3.12/site-packages/airflow/example_dags/example_setup_teardown.py
[2025-03-09T08:59:49.094+0000] {processor.py:925} INFO - DAG(s) 'example_setup_teardown' retrieved from /home/airflow/.local/lib/python3.12/site-packages/airflow/example_dags/example_setup_teardown.py
[2025-03-09T08:59:49.125+0000] {logging_mixin.py:190} INFO - [2025-03-09T08:59:49.125+0000] {dag.py:3239} INFO - Sync 1 DAGs
[2025-03-09T08:59:49.148+0000] {logging_mixin.py:190} INFO - [2025-03-09T08:59:49.148+0000] {dag.py:4180} INFO - Setting next_dagrun for example_setup_teardown to None, run_after=None
[2025-03-09T08:59:49.188+0000] {processor.py:208} INFO - Processing /home/airflow/.local/lib/python3.12/site-packages/airflow/example_dags/example_setup_teardown.py took 0.121 seconds
[2025-03-09T09:00:19.309+0000] {processor.py:186} INFO - Started process (PID=368) to work on /home/airflow/.local/lib/python3.12/site-packages/airflow/example_dags/example_setup_teardown.py
[2025-03-09T09:00:19.311+0000] {processor.py:914} INFO - Processing file /home/airflow/.local/lib/python3.12/site-packages/airflow/example_dags/example_setup_teardown.py for tasks to queue
[2025-03-09T09:00:19.316+0000] {logging_mixin.py:190} INFO - [2025-03-09T09:00:19.316+0000] {dagbag.py:588} INFO - Filling up the DagBag from /home/airflow/.local/lib/python3.12/site-packages/airflow/example_dags/example_setup_teardown.py
[2025-03-09T09:00:19.336+0000] {processor.py:925} INFO - DAG(s) 'example_setup_teardown' retrieved from /home/airflow/.local/lib/python3.12/site-packages/airflow/example_dags/example_setup_teardown.py
[2025-03-09T09:00:19.382+0000] {logging_mixin.py:190} INFO - [2025-03-09T09:00:19.382+0000] {dag.py:3239} INFO - Sync 1 DAGs
[2025-03-09T09:00:19.405+0000] {logging_mixin.py:190} INFO - [2025-03-09T09:00:19.404+0000] {dag.py:4180} INFO - Setting next_dagrun for example_setup_teardown to None, run_after=None
[2025-03-09T09:00:19.436+0000] {processor.py:208} INFO - Processing /home/airflow/.local/lib/python3.12/site-packages/airflow/example_dags/example_setup_teardown.py took 0.139 seconds
[2025-03-09T09:16:49.891+0000] {processor.py:186} INFO - Started process (PID=109) to work on /home/airflow/.local/lib/python3.12/site-packages/airflow/example_dags/example_setup_teardown.py
[2025-03-09T09:16:49.894+0000] {processor.py:914} INFO - Processing file /home/airflow/.local/lib/python3.12/site-packages/airflow/example_dags/example_setup_teardown.py for tasks to queue
[2025-03-09T09:16:49.898+0000] {logging_mixin.py:190} INFO - [2025-03-09T09:16:49.897+0000] {dagbag.py:588} INFO - Filling up the DagBag from /home/airflow/.local/lib/python3.12/site-packages/airflow/example_dags/example_setup_teardown.py
[2025-03-09T09:16:49.922+0000] {processor.py:925} INFO - DAG(s) 'example_setup_teardown' retrieved from /home/airflow/.local/lib/python3.12/site-packages/airflow/example_dags/example_setup_teardown.py
[2025-03-09T09:16:50.189+0000] {logging_mixin.py:190} INFO - [2025-03-09T09:16:50.187+0000] {override.py:1912} INFO - Created Permission View: can delete on DAG:example_setup_teardown
[2025-03-09T09:16:50.210+0000] {logging_mixin.py:190} INFO - [2025-03-09T09:16:50.209+0000] {override.py:1912} INFO - Created Permission View: can edit on DAG:example_setup_teardown
[2025-03-09T09:16:50.224+0000] {logging_mixin.py:190} INFO - [2025-03-09T09:16:50.224+0000] {override.py:1912} INFO - Created Permission View: can read on DAG:example_setup_teardown
[2025-03-09T09:16:50.243+0000] {logging_mixin.py:190} INFO - [2025-03-09T09:16:50.242+0000] {override.py:1912} INFO - Created Permission View: can delete on DAG Run:example_setup_teardown
[2025-03-09T09:16:50.258+0000] {logging_mixin.py:190} INFO - [2025-03-09T09:16:50.257+0000] {override.py:1912} INFO - Created Permission View: menu access on DAG Run:example_setup_teardown
[2025-03-09T09:16:50.274+0000] {logging_mixin.py:190} INFO - [2025-03-09T09:16:50.273+0000] {override.py:1912} INFO - Created Permission View: can create on DAG Run:example_setup_teardown
[2025-03-09T09:16:50.291+0000] {logging_mixin.py:190} INFO - [2025-03-09T09:16:50.290+0000] {override.py:1912} INFO - Created Permission View: can read on DAG Run:example_setup_teardown
[2025-03-09T09:16:50.293+0000] {logging_mixin.py:190} INFO - [2025-03-09T09:16:50.293+0000] {dag.py:3239} INFO - Sync 1 DAGs
[2025-03-09T09:16:50.321+0000] {logging_mixin.py:190} INFO - [2025-03-09T09:16:50.321+0000] {dag.py:3262} INFO - Creating ORM DAG for example_setup_teardown
[2025-03-09T09:16:50.323+0000] {logging_mixin.py:190} INFO - [2025-03-09T09:16:50.323+0000] {dag.py:4180} INFO - Setting next_dagrun for example_setup_teardown to None, run_after=None
[2025-03-09T09:16:50.358+0000] {processor.py:208} INFO - Processing /home/airflow/.local/lib/python3.12/site-packages/airflow/example_dags/example_setup_teardown.py took 0.476 seconds
[2025-03-09T09:17:21.044+0000] {processor.py:186} INFO - Started process (PID=174) to work on /home/airflow/.local/lib/python3.12/site-packages/airflow/example_dags/example_setup_teardown.py
[2025-03-09T09:17:21.045+0000] {processor.py:914} INFO - Processing file /home/airflow/.local/lib/python3.12/site-packages/airflow/example_dags/example_setup_teardown.py for tasks to queue
[2025-03-09T09:17:21.050+0000] {logging_mixin.py:190} INFO - [2025-03-09T09:17:21.049+0000] {dagbag.py:588} INFO - Filling up the DagBag from /home/airflow/.local/lib/python3.12/site-packages/airflow/example_dags/example_setup_teardown.py
[2025-03-09T09:17:21.066+0000] {processor.py:925} INFO - DAG(s) 'example_setup_teardown' retrieved from /home/airflow/.local/lib/python3.12/site-packages/airflow/example_dags/example_setup_teardown.py
[2025-03-09T09:17:21.104+0000] {logging_mixin.py:190} INFO - [2025-03-09T09:17:21.104+0000] {dag.py:3239} INFO - Sync 1 DAGs
[2025-03-09T09:17:21.133+0000] {logging_mixin.py:190} INFO - [2025-03-09T09:17:21.133+0000] {dag.py:4180} INFO - Setting next_dagrun for example_setup_teardown to None, run_after=None
[2025-03-09T09:17:21.185+0000] {processor.py:208} INFO - Processing /home/airflow/.local/lib/python3.12/site-packages/airflow/example_dags/example_setup_teardown.py took 0.153 seconds
[2025-03-09T09:17:51.503+0000] {processor.py:186} INFO - Started process (PID=238) to work on /home/airflow/.local/lib/python3.12/site-packages/airflow/example_dags/example_setup_teardown.py
[2025-03-09T09:17:51.505+0000] {processor.py:914} INFO - Processing file /home/airflow/.local/lib/python3.12/site-packages/airflow/example_dags/example_setup_teardown.py for tasks to queue
[2025-03-09T09:17:51.509+0000] {logging_mixin.py:190} INFO - [2025-03-09T09:17:51.508+0000] {dagbag.py:588} INFO - Filling up the DagBag from /home/airflow/.local/lib/python3.12/site-packages/airflow/example_dags/example_setup_teardown.py
[2025-03-09T09:17:51.523+0000] {processor.py:925} INFO - DAG(s) 'example_setup_teardown' retrieved from /home/airflow/.local/lib/python3.12/site-packages/airflow/example_dags/example_setup_teardown.py
[2025-03-09T09:17:51.556+0000] {logging_mixin.py:190} INFO - [2025-03-09T09:17:51.555+0000] {dag.py:3239} INFO - Sync 1 DAGs
[2025-03-09T09:17:51.577+0000] {logging_mixin.py:190} INFO - [2025-03-09T09:17:51.576+0000] {dag.py:4180} INFO - Setting next_dagrun for example_setup_teardown to None, run_after=None
[2025-03-09T09:17:51.611+0000] {processor.py:208} INFO - Processing /home/airflow/.local/lib/python3.12/site-packages/airflow/example_dags/example_setup_teardown.py took 0.116 seconds
[2025-03-09T09:18:22.471+0000] {processor.py:186} INFO - Started process (PID=304) to work on /home/airflow/.local/lib/python3.12/site-packages/airflow/example_dags/example_setup_teardown.py
[2025-03-09T09:18:22.474+0000] {processor.py:914} INFO - Processing file /home/airflow/.local/lib/python3.12/site-packages/airflow/example_dags/example_setup_teardown.py for tasks to queue
[2025-03-09T09:18:22.481+0000] {logging_mixin.py:190} INFO - [2025-03-09T09:18:22.480+0000] {dagbag.py:588} INFO - Filling up the DagBag from /home/airflow/.local/lib/python3.12/site-packages/airflow/example_dags/example_setup_teardown.py
[2025-03-09T09:18:22.501+0000] {processor.py:925} INFO - DAG(s) 'example_setup_teardown' retrieved from /home/airflow/.local/lib/python3.12/site-packages/airflow/example_dags/example_setup_teardown.py
[2025-03-09T09:18:22.545+0000] {logging_mixin.py:190} INFO - [2025-03-09T09:18:22.544+0000] {dag.py:3239} INFO - Sync 1 DAGs
[2025-03-09T09:18:22.584+0000] {logging_mixin.py:190} INFO - [2025-03-09T09:18:22.582+0000] {dag.py:4180} INFO - Setting next_dagrun for example_setup_teardown to None, run_after=None
[2025-03-09T09:18:22.631+0000] {processor.py:208} INFO - Processing /home/airflow/.local/lib/python3.12/site-packages/airflow/example_dags/example_setup_teardown.py took 0.170 seconds
[2025-03-09T09:18:52.787+0000] {processor.py:186} INFO - Started process (PID=367) to work on /home/airflow/.local/lib/python3.12/site-packages/airflow/example_dags/example_setup_teardown.py
[2025-03-09T09:18:52.789+0000] {processor.py:914} INFO - Processing file /home/airflow/.local/lib/python3.12/site-packages/airflow/example_dags/example_setup_teardown.py for tasks to queue
[2025-03-09T09:18:52.793+0000] {logging_mixin.py:190} INFO - [2025-03-09T09:18:52.792+0000] {dagbag.py:588} INFO - Filling up the DagBag from /home/airflow/.local/lib/python3.12/site-packages/airflow/example_dags/example_setup_teardown.py
[2025-03-09T09:18:52.807+0000] {processor.py:925} INFO - DAG(s) 'example_setup_teardown' retrieved from /home/airflow/.local/lib/python3.12/site-packages/airflow/example_dags/example_setup_teardown.py
[2025-03-09T09:18:52.863+0000] {logging_mixin.py:190} INFO - [2025-03-09T09:18:52.862+0000] {dag.py:3239} INFO - Sync 1 DAGs
[2025-03-09T09:18:52.891+0000] {logging_mixin.py:190} INFO - [2025-03-09T09:18:52.891+0000] {dag.py:4180} INFO - Setting next_dagrun for example_setup_teardown to None, run_after=None
[2025-03-09T09:18:52.935+0000] {processor.py:208} INFO - Processing /home/airflow/.local/lib/python3.12/site-packages/airflow/example_dags/example_setup_teardown.py took 0.158 seconds
[2025-03-09T09:19:23.615+0000] {processor.py:186} INFO - Started process (PID=432) to work on /home/airflow/.local/lib/python3.12/site-packages/airflow/example_dags/example_setup_teardown.py
[2025-03-09T09:19:23.616+0000] {processor.py:914} INFO - Processing file /home/airflow/.local/lib/python3.12/site-packages/airflow/example_dags/example_setup_teardown.py for tasks to queue
[2025-03-09T09:19:23.621+0000] {logging_mixin.py:190} INFO - [2025-03-09T09:19:23.621+0000] {dagbag.py:588} INFO - Filling up the DagBag from /home/airflow/.local/lib/python3.12/site-packages/airflow/example_dags/example_setup_teardown.py
[2025-03-09T09:19:23.634+0000] {processor.py:925} INFO - DAG(s) 'example_setup_teardown' retrieved from /home/airflow/.local/lib/python3.12/site-packages/airflow/example_dags/example_setup_teardown.py
[2025-03-09T09:19:23.667+0000] {logging_mixin.py:190} INFO - [2025-03-09T09:19:23.667+0000] {dag.py:3239} INFO - Sync 1 DAGs
[2025-03-09T09:19:23.698+0000] {logging_mixin.py:190} INFO - [2025-03-09T09:19:23.697+0000] {dag.py:4180} INFO - Setting next_dagrun for example_setup_teardown to None, run_after=None
[2025-03-09T09:19:23.734+0000] {processor.py:208} INFO - Processing /home/airflow/.local/lib/python3.12/site-packages/airflow/example_dags/example_setup_teardown.py took 0.130 seconds
[2025-03-09T09:19:54.243+0000] {processor.py:186} INFO - Started process (PID=497) to work on /home/airflow/.local/lib/python3.12/site-packages/airflow/example_dags/example_setup_teardown.py
[2025-03-09T09:19:54.245+0000] {processor.py:914} INFO - Processing file /home/airflow/.local/lib/python3.12/site-packages/airflow/example_dags/example_setup_teardown.py for tasks to queue
[2025-03-09T09:19:54.249+0000] {logging_mixin.py:190} INFO - [2025-03-09T09:19:54.248+0000] {dagbag.py:588} INFO - Filling up the DagBag from /home/airflow/.local/lib/python3.12/site-packages/airflow/example_dags/example_setup_teardown.py
[2025-03-09T09:19:54.268+0000] {processor.py:925} INFO - DAG(s) 'example_setup_teardown' retrieved from /home/airflow/.local/lib/python3.12/site-packages/airflow/example_dags/example_setup_teardown.py
[2025-03-09T09:19:54.317+0000] {logging_mixin.py:190} INFO - [2025-03-09T09:19:54.317+0000] {dag.py:3239} INFO - Sync 1 DAGs
[2025-03-09T09:19:54.352+0000] {logging_mixin.py:190} INFO - [2025-03-09T09:19:54.351+0000] {dag.py:4180} INFO - Setting next_dagrun for example_setup_teardown to None, run_after=None
[2025-03-09T09:19:54.444+0000] {processor.py:208} INFO - Processing /home/airflow/.local/lib/python3.12/site-packages/airflow/example_dags/example_setup_teardown.py took 0.213 seconds
[2025-03-09T09:20:25.487+0000] {processor.py:186} INFO - Started process (PID=567) to work on /home/airflow/.local/lib/python3.12/site-packages/airflow/example_dags/example_setup_teardown.py
[2025-03-09T09:20:25.489+0000] {processor.py:914} INFO - Processing file /home/airflow/.local/lib/python3.12/site-packages/airflow/example_dags/example_setup_teardown.py for tasks to queue
[2025-03-09T09:20:25.494+0000] {logging_mixin.py:190} INFO - [2025-03-09T09:20:25.493+0000] {dagbag.py:588} INFO - Filling up the DagBag from /home/airflow/.local/lib/python3.12/site-packages/airflow/example_dags/example_setup_teardown.py
[2025-03-09T09:20:25.509+0000] {processor.py:925} INFO - DAG(s) 'example_setup_teardown' retrieved from /home/airflow/.local/lib/python3.12/site-packages/airflow/example_dags/example_setup_teardown.py
[2025-03-09T09:20:25.550+0000] {logging_mixin.py:190} INFO - [2025-03-09T09:20:25.550+0000] {dag.py:3239} INFO - Sync 1 DAGs
[2025-03-09T09:20:25.578+0000] {logging_mixin.py:190} INFO - [2025-03-09T09:20:25.577+0000] {dag.py:4180} INFO - Setting next_dagrun for example_setup_teardown to None, run_after=None
[2025-03-09T09:20:25.626+0000] {processor.py:208} INFO - Processing /home/airflow/.local/lib/python3.12/site-packages/airflow/example_dags/example_setup_teardown.py took 0.151 seconds
[2025-03-09T09:20:56.074+0000] {processor.py:186} INFO - Started process (PID=632) to work on /home/airflow/.local/lib/python3.12/site-packages/airflow/example_dags/example_setup_teardown.py
[2025-03-09T09:20:56.077+0000] {processor.py:914} INFO - Processing file /home/airflow/.local/lib/python3.12/site-packages/airflow/example_dags/example_setup_teardown.py for tasks to queue
[2025-03-09T09:20:56.081+0000] {logging_mixin.py:190} INFO - [2025-03-09T09:20:56.080+0000] {dagbag.py:588} INFO - Filling up the DagBag from /home/airflow/.local/lib/python3.12/site-packages/airflow/example_dags/example_setup_teardown.py
[2025-03-09T09:20:56.097+0000] {processor.py:925} INFO - DAG(s) 'example_setup_teardown' retrieved from /home/airflow/.local/lib/python3.12/site-packages/airflow/example_dags/example_setup_teardown.py
[2025-03-09T09:20:56.133+0000] {logging_mixin.py:190} INFO - [2025-03-09T09:20:56.133+0000] {dag.py:3239} INFO - Sync 1 DAGs
[2025-03-09T09:20:56.157+0000] {logging_mixin.py:190} INFO - [2025-03-09T09:20:56.157+0000] {dag.py:4180} INFO - Setting next_dagrun for example_setup_teardown to None, run_after=None
[2025-03-09T09:20:56.196+0000] {processor.py:208} INFO - Processing /home/airflow/.local/lib/python3.12/site-packages/airflow/example_dags/example_setup_teardown.py took 0.130 seconds
[2025-03-09T09:21:26.432+0000] {processor.py:186} INFO - Started process (PID=697) to work on /home/airflow/.local/lib/python3.12/site-packages/airflow/example_dags/example_setup_teardown.py
[2025-03-09T09:21:26.435+0000] {processor.py:914} INFO - Processing file /home/airflow/.local/lib/python3.12/site-packages/airflow/example_dags/example_setup_teardown.py for tasks to queue
[2025-03-09T09:21:26.441+0000] {logging_mixin.py:190} INFO - [2025-03-09T09:21:26.440+0000] {dagbag.py:588} INFO - Filling up the DagBag from /home/airflow/.local/lib/python3.12/site-packages/airflow/example_dags/example_setup_teardown.py
[2025-03-09T09:21:26.454+0000] {processor.py:925} INFO - DAG(s) 'example_setup_teardown' retrieved from /home/airflow/.local/lib/python3.12/site-packages/airflow/example_dags/example_setup_teardown.py
[2025-03-09T09:21:26.485+0000] {logging_mixin.py:190} INFO - [2025-03-09T09:21:26.484+0000] {dag.py:3239} INFO - Sync 1 DAGs
[2025-03-09T09:21:26.505+0000] {logging_mixin.py:190} INFO - [2025-03-09T09:21:26.505+0000] {dag.py:4180} INFO - Setting next_dagrun for example_setup_teardown to None, run_after=None
[2025-03-09T09:21:26.542+0000] {processor.py:208} INFO - Processing /home/airflow/.local/lib/python3.12/site-packages/airflow/example_dags/example_setup_teardown.py took 0.119 seconds
[2025-03-09T09:21:56.861+0000] {processor.py:186} INFO - Started process (PID=762) to work on /home/airflow/.local/lib/python3.12/site-packages/airflow/example_dags/example_setup_teardown.py
[2025-03-09T09:21:56.863+0000] {processor.py:914} INFO - Processing file /home/airflow/.local/lib/python3.12/site-packages/airflow/example_dags/example_setup_teardown.py for tasks to queue
[2025-03-09T09:21:56.868+0000] {logging_mixin.py:190} INFO - [2025-03-09T09:21:56.867+0000] {dagbag.py:588} INFO - Filling up the DagBag from /home/airflow/.local/lib/python3.12/site-packages/airflow/example_dags/example_setup_teardown.py
[2025-03-09T09:21:56.881+0000] {processor.py:925} INFO - DAG(s) 'example_setup_teardown' retrieved from /home/airflow/.local/lib/python3.12/site-packages/airflow/example_dags/example_setup_teardown.py
[2025-03-09T09:21:56.942+0000] {logging_mixin.py:190} INFO - [2025-03-09T09:21:56.941+0000] {dag.py:3239} INFO - Sync 1 DAGs
[2025-03-09T09:21:57.006+0000] {logging_mixin.py:190} INFO - [2025-03-09T09:21:57.006+0000] {dag.py:4180} INFO - Setting next_dagrun for example_setup_teardown to None, run_after=None
[2025-03-09T09:21:57.052+0000] {processor.py:208} INFO - Processing /home/airflow/.local/lib/python3.12/site-packages/airflow/example_dags/example_setup_teardown.py took 0.202 seconds
[2025-03-09T09:22:27.433+0000] {processor.py:186} INFO - Started process (PID=827) to work on /home/airflow/.local/lib/python3.12/site-packages/airflow/example_dags/example_setup_teardown.py
[2025-03-09T09:22:27.435+0000] {processor.py:914} INFO - Processing file /home/airflow/.local/lib/python3.12/site-packages/airflow/example_dags/example_setup_teardown.py for tasks to queue
[2025-03-09T09:22:27.439+0000] {logging_mixin.py:190} INFO - [2025-03-09T09:22:27.438+0000] {dagbag.py:588} INFO - Filling up the DagBag from /home/airflow/.local/lib/python3.12/site-packages/airflow/example_dags/example_setup_teardown.py
[2025-03-09T09:22:27.453+0000] {processor.py:925} INFO - DAG(s) 'example_setup_teardown' retrieved from /home/airflow/.local/lib/python3.12/site-packages/airflow/example_dags/example_setup_teardown.py
[2025-03-09T09:22:27.494+0000] {logging_mixin.py:190} INFO - [2025-03-09T09:22:27.493+0000] {dag.py:3239} INFO - Sync 1 DAGs
[2025-03-09T09:22:27.522+0000] {logging_mixin.py:190} INFO - [2025-03-09T09:22:27.522+0000] {dag.py:4180} INFO - Setting next_dagrun for example_setup_teardown to None, run_after=None
[2025-03-09T09:22:27.583+0000] {processor.py:208} INFO - Processing /home/airflow/.local/lib/python3.12/site-packages/airflow/example_dags/example_setup_teardown.py took 0.157 seconds
[2025-03-09T09:22:57.897+0000] {processor.py:186} INFO - Started process (PID=892) to work on /home/airflow/.local/lib/python3.12/site-packages/airflow/example_dags/example_setup_teardown.py
[2025-03-09T09:22:57.899+0000] {processor.py:914} INFO - Processing file /home/airflow/.local/lib/python3.12/site-packages/airflow/example_dags/example_setup_teardown.py for tasks to queue
[2025-03-09T09:22:57.903+0000] {logging_mixin.py:190} INFO - [2025-03-09T09:22:57.903+0000] {dagbag.py:588} INFO - Filling up the DagBag from /home/airflow/.local/lib/python3.12/site-packages/airflow/example_dags/example_setup_teardown.py
[2025-03-09T09:22:57.918+0000] {processor.py:925} INFO - DAG(s) 'example_setup_teardown' retrieved from /home/airflow/.local/lib/python3.12/site-packages/airflow/example_dags/example_setup_teardown.py
[2025-03-09T09:22:57.962+0000] {logging_mixin.py:190} INFO - [2025-03-09T09:22:57.962+0000] {dag.py:3239} INFO - Sync 1 DAGs
[2025-03-09T09:22:57.997+0000] {logging_mixin.py:190} INFO - [2025-03-09T09:22:57.997+0000] {dag.py:4180} INFO - Setting next_dagrun for example_setup_teardown to None, run_after=None
[2025-03-09T09:22:58.040+0000] {processor.py:208} INFO - Processing /home/airflow/.local/lib/python3.12/site-packages/airflow/example_dags/example_setup_teardown.py took 0.150 seconds
[2025-03-09T09:23:28.253+0000] {processor.py:186} INFO - Started process (PID=957) to work on /home/airflow/.local/lib/python3.12/site-packages/airflow/example_dags/example_setup_teardown.py
[2025-03-09T09:23:28.255+0000] {processor.py:914} INFO - Processing file /home/airflow/.local/lib/python3.12/site-packages/airflow/example_dags/example_setup_teardown.py for tasks to queue
[2025-03-09T09:23:28.260+0000] {logging_mixin.py:190} INFO - [2025-03-09T09:23:28.259+0000] {dagbag.py:588} INFO - Filling up the DagBag from /home/airflow/.local/lib/python3.12/site-packages/airflow/example_dags/example_setup_teardown.py
[2025-03-09T09:23:28.277+0000] {processor.py:925} INFO - DAG(s) 'example_setup_teardown' retrieved from /home/airflow/.local/lib/python3.12/site-packages/airflow/example_dags/example_setup_teardown.py
[2025-03-09T09:23:28.310+0000] {logging_mixin.py:190} INFO - [2025-03-09T09:23:28.310+0000] {dag.py:3239} INFO - Sync 1 DAGs
[2025-03-09T09:23:28.332+0000] {logging_mixin.py:190} INFO - [2025-03-09T09:23:28.332+0000] {dag.py:4180} INFO - Setting next_dagrun for example_setup_teardown to None, run_after=None
[2025-03-09T09:23:28.365+0000] {processor.py:208} INFO - Processing /home/airflow/.local/lib/python3.12/site-packages/airflow/example_dags/example_setup_teardown.py took 0.122 seconds
[2025-03-09T09:23:58.449+0000] {processor.py:186} INFO - Started process (PID=1022) to work on /home/airflow/.local/lib/python3.12/site-packages/airflow/example_dags/example_setup_teardown.py
[2025-03-09T09:23:58.451+0000] {processor.py:914} INFO - Processing file /home/airflow/.local/lib/python3.12/site-packages/airflow/example_dags/example_setup_teardown.py for tasks to queue
[2025-03-09T09:23:58.455+0000] {logging_mixin.py:190} INFO - [2025-03-09T09:23:58.454+0000] {dagbag.py:588} INFO - Filling up the DagBag from /home/airflow/.local/lib/python3.12/site-packages/airflow/example_dags/example_setup_teardown.py
[2025-03-09T09:23:58.475+0000] {processor.py:925} INFO - DAG(s) 'example_setup_teardown' retrieved from /home/airflow/.local/lib/python3.12/site-packages/airflow/example_dags/example_setup_teardown.py
[2025-03-09T09:23:58.520+0000] {logging_mixin.py:190} INFO - [2025-03-09T09:23:58.520+0000] {dag.py:3239} INFO - Sync 1 DAGs
[2025-03-09T09:23:58.567+0000] {logging_mixin.py:190} INFO - [2025-03-09T09:23:58.566+0000] {dag.py:4180} INFO - Setting next_dagrun for example_setup_teardown to None, run_after=None
[2025-03-09T09:23:58.618+0000] {processor.py:208} INFO - Processing /home/airflow/.local/lib/python3.12/site-packages/airflow/example_dags/example_setup_teardown.py took 0.181 seconds
[2025-03-09T09:24:28.772+0000] {processor.py:186} INFO - Started process (PID=1087) to work on /home/airflow/.local/lib/python3.12/site-packages/airflow/example_dags/example_setup_teardown.py
[2025-03-09T09:24:28.774+0000] {processor.py:914} INFO - Processing file /home/airflow/.local/lib/python3.12/site-packages/airflow/example_dags/example_setup_teardown.py for tasks to queue
[2025-03-09T09:24:28.778+0000] {logging_mixin.py:190} INFO - [2025-03-09T09:24:28.777+0000] {dagbag.py:588} INFO - Filling up the DagBag from /home/airflow/.local/lib/python3.12/site-packages/airflow/example_dags/example_setup_teardown.py
[2025-03-09T09:24:28.797+0000] {processor.py:925} INFO - DAG(s) 'example_setup_teardown' retrieved from /home/airflow/.local/lib/python3.12/site-packages/airflow/example_dags/example_setup_teardown.py
[2025-03-09T09:24:28.834+0000] {logging_mixin.py:190} INFO - [2025-03-09T09:24:28.834+0000] {dag.py:3239} INFO - Sync 1 DAGs
[2025-03-09T09:24:28.857+0000] {logging_mixin.py:190} INFO - [2025-03-09T09:24:28.856+0000] {dag.py:4180} INFO - Setting next_dagrun for example_setup_teardown to None, run_after=None
[2025-03-09T09:24:28.891+0000] {processor.py:208} INFO - Processing /home/airflow/.local/lib/python3.12/site-packages/airflow/example_dags/example_setup_teardown.py took 0.130 seconds
[2025-03-09T09:24:59.564+0000] {processor.py:186} INFO - Started process (PID=1152) to work on /home/airflow/.local/lib/python3.12/site-packages/airflow/example_dags/example_setup_teardown.py
[2025-03-09T09:24:59.566+0000] {processor.py:914} INFO - Processing file /home/airflow/.local/lib/python3.12/site-packages/airflow/example_dags/example_setup_teardown.py for tasks to queue
[2025-03-09T09:24:59.570+0000] {logging_mixin.py:190} INFO - [2025-03-09T09:24:59.569+0000] {dagbag.py:588} INFO - Filling up the DagBag from /home/airflow/.local/lib/python3.12/site-packages/airflow/example_dags/example_setup_teardown.py
[2025-03-09T09:24:59.584+0000] {processor.py:925} INFO - DAG(s) 'example_setup_teardown' retrieved from /home/airflow/.local/lib/python3.12/site-packages/airflow/example_dags/example_setup_teardown.py
[2025-03-09T09:24:59.623+0000] {logging_mixin.py:190} INFO - [2025-03-09T09:24:59.623+0000] {dag.py:3239} INFO - Sync 1 DAGs
[2025-03-09T09:24:59.648+0000] {logging_mixin.py:190} INFO - [2025-03-09T09:24:59.648+0000] {dag.py:4180} INFO - Setting next_dagrun for example_setup_teardown to None, run_after=None
[2025-03-09T09:24:59.684+0000] {processor.py:208} INFO - Processing /home/airflow/.local/lib/python3.12/site-packages/airflow/example_dags/example_setup_teardown.py took 0.128 seconds
[2025-03-09T09:25:29.829+0000] {processor.py:186} INFO - Started process (PID=1217) to work on /home/airflow/.local/lib/python3.12/site-packages/airflow/example_dags/example_setup_teardown.py
[2025-03-09T09:25:29.831+0000] {processor.py:914} INFO - Processing file /home/airflow/.local/lib/python3.12/site-packages/airflow/example_dags/example_setup_teardown.py for tasks to queue
[2025-03-09T09:25:29.835+0000] {logging_mixin.py:190} INFO - [2025-03-09T09:25:29.834+0000] {dagbag.py:588} INFO - Filling up the DagBag from /home/airflow/.local/lib/python3.12/site-packages/airflow/example_dags/example_setup_teardown.py
[2025-03-09T09:25:29.850+0000] {processor.py:925} INFO - DAG(s) 'example_setup_teardown' retrieved from /home/airflow/.local/lib/python3.12/site-packages/airflow/example_dags/example_setup_teardown.py
[2025-03-09T09:25:29.889+0000] {logging_mixin.py:190} INFO - [2025-03-09T09:25:29.889+0000] {dag.py:3239} INFO - Sync 1 DAGs
[2025-03-09T09:25:29.922+0000] {logging_mixin.py:190} INFO - [2025-03-09T09:25:29.921+0000] {dag.py:4180} INFO - Setting next_dagrun for example_setup_teardown to None, run_after=None
[2025-03-09T09:25:29.970+0000] {processor.py:208} INFO - Processing /home/airflow/.local/lib/python3.12/site-packages/airflow/example_dags/example_setup_teardown.py took 0.150 seconds
[2025-03-09T09:26:00.394+0000] {processor.py:186} INFO - Started process (PID=1282) to work on /home/airflow/.local/lib/python3.12/site-packages/airflow/example_dags/example_setup_teardown.py
[2025-03-09T09:26:00.395+0000] {processor.py:914} INFO - Processing file /home/airflow/.local/lib/python3.12/site-packages/airflow/example_dags/example_setup_teardown.py for tasks to queue
[2025-03-09T09:26:00.399+0000] {logging_mixin.py:190} INFO - [2025-03-09T09:26:00.398+0000] {dagbag.py:588} INFO - Filling up the DagBag from /home/airflow/.local/lib/python3.12/site-packages/airflow/example_dags/example_setup_teardown.py
[2025-03-09T09:26:00.416+0000] {processor.py:925} INFO - DAG(s) 'example_setup_teardown' retrieved from /home/airflow/.local/lib/python3.12/site-packages/airflow/example_dags/example_setup_teardown.py
[2025-03-09T09:26:00.462+0000] {logging_mixin.py:190} INFO - [2025-03-09T09:26:00.461+0000] {dag.py:3239} INFO - Sync 1 DAGs
[2025-03-09T09:26:00.488+0000] {logging_mixin.py:190} INFO - [2025-03-09T09:26:00.488+0000] {dag.py:4180} INFO - Setting next_dagrun for example_setup_teardown to None, run_after=None
[2025-03-09T09:26:00.531+0000] {processor.py:208} INFO - Processing /home/airflow/.local/lib/python3.12/site-packages/airflow/example_dags/example_setup_teardown.py took 0.145 seconds
[2025-03-09T09:26:31.409+0000] {processor.py:186} INFO - Started process (PID=1347) to work on /home/airflow/.local/lib/python3.12/site-packages/airflow/example_dags/example_setup_teardown.py
[2025-03-09T09:26:31.413+0000] {processor.py:914} INFO - Processing file /home/airflow/.local/lib/python3.12/site-packages/airflow/example_dags/example_setup_teardown.py for tasks to queue
[2025-03-09T09:26:31.419+0000] {logging_mixin.py:190} INFO - [2025-03-09T09:26:31.418+0000] {dagbag.py:588} INFO - Filling up the DagBag from /home/airflow/.local/lib/python3.12/site-packages/airflow/example_dags/example_setup_teardown.py
[2025-03-09T09:26:31.438+0000] {processor.py:925} INFO - DAG(s) 'example_setup_teardown' retrieved from /home/airflow/.local/lib/python3.12/site-packages/airflow/example_dags/example_setup_teardown.py
[2025-03-09T09:26:31.491+0000] {logging_mixin.py:190} INFO - [2025-03-09T09:26:31.490+0000] {dag.py:3239} INFO - Sync 1 DAGs
[2025-03-09T09:26:31.523+0000] {logging_mixin.py:190} INFO - [2025-03-09T09:26:31.522+0000] {dag.py:4180} INFO - Setting next_dagrun for example_setup_teardown to None, run_after=None
[2025-03-09T09:26:31.559+0000] {processor.py:208} INFO - Processing /home/airflow/.local/lib/python3.12/site-packages/airflow/example_dags/example_setup_teardown.py took 0.163 seconds
[2025-03-09T09:27:02.356+0000] {processor.py:186} INFO - Started process (PID=1412) to work on /home/airflow/.local/lib/python3.12/site-packages/airflow/example_dags/example_setup_teardown.py
[2025-03-09T09:27:02.361+0000] {processor.py:914} INFO - Processing file /home/airflow/.local/lib/python3.12/site-packages/airflow/example_dags/example_setup_teardown.py for tasks to queue
[2025-03-09T09:27:02.372+0000] {logging_mixin.py:190} INFO - [2025-03-09T09:27:02.371+0000] {dagbag.py:588} INFO - Filling up the DagBag from /home/airflow/.local/lib/python3.12/site-packages/airflow/example_dags/example_setup_teardown.py
[2025-03-09T09:27:02.411+0000] {processor.py:925} INFO - DAG(s) 'example_setup_teardown' retrieved from /home/airflow/.local/lib/python3.12/site-packages/airflow/example_dags/example_setup_teardown.py
[2025-03-09T09:27:02.509+0000] {logging_mixin.py:190} INFO - [2025-03-09T09:27:02.508+0000] {dag.py:3239} INFO - Sync 1 DAGs
[2025-03-09T09:27:02.551+0000] {logging_mixin.py:190} INFO - [2025-03-09T09:27:02.550+0000] {dag.py:4180} INFO - Setting next_dagrun for example_setup_teardown to None, run_after=None
[2025-03-09T09:27:02.587+0000] {processor.py:208} INFO - Processing /home/airflow/.local/lib/python3.12/site-packages/airflow/example_dags/example_setup_teardown.py took 0.265 seconds
[2025-03-09T09:27:33.217+0000] {processor.py:186} INFO - Started process (PID=1478) to work on /home/airflow/.local/lib/python3.12/site-packages/airflow/example_dags/example_setup_teardown.py
[2025-03-09T09:27:33.219+0000] {processor.py:914} INFO - Processing file /home/airflow/.local/lib/python3.12/site-packages/airflow/example_dags/example_setup_teardown.py for tasks to queue
[2025-03-09T09:27:33.224+0000] {logging_mixin.py:190} INFO - [2025-03-09T09:27:33.224+0000] {dagbag.py:588} INFO - Filling up the DagBag from /home/airflow/.local/lib/python3.12/site-packages/airflow/example_dags/example_setup_teardown.py
[2025-03-09T09:27:33.244+0000] {processor.py:925} INFO - DAG(s) 'example_setup_teardown' retrieved from /home/airflow/.local/lib/python3.12/site-packages/airflow/example_dags/example_setup_teardown.py
[2025-03-09T09:27:33.297+0000] {logging_mixin.py:190} INFO - [2025-03-09T09:27:33.296+0000] {dag.py:3239} INFO - Sync 1 DAGs
[2025-03-09T09:27:33.327+0000] {logging_mixin.py:190} INFO - [2025-03-09T09:27:33.327+0000] {dag.py:4180} INFO - Setting next_dagrun for example_setup_teardown to None, run_after=None
[2025-03-09T09:27:33.374+0000] {processor.py:208} INFO - Processing /home/airflow/.local/lib/python3.12/site-packages/airflow/example_dags/example_setup_teardown.py took 0.170 seconds
[2025-03-09T09:28:04.247+0000] {processor.py:186} INFO - Started process (PID=1543) to work on /home/airflow/.local/lib/python3.12/site-packages/airflow/example_dags/example_setup_teardown.py
[2025-03-09T09:28:04.248+0000] {processor.py:914} INFO - Processing file /home/airflow/.local/lib/python3.12/site-packages/airflow/example_dags/example_setup_teardown.py for tasks to queue
[2025-03-09T09:28:04.251+0000] {logging_mixin.py:190} INFO - [2025-03-09T09:28:04.250+0000] {dagbag.py:588} INFO - Filling up the DagBag from /home/airflow/.local/lib/python3.12/site-packages/airflow/example_dags/example_setup_teardown.py
[2025-03-09T09:28:04.261+0000] {processor.py:925} INFO - DAG(s) 'example_setup_teardown' retrieved from /home/airflow/.local/lib/python3.12/site-packages/airflow/example_dags/example_setup_teardown.py
[2025-03-09T09:28:04.297+0000] {logging_mixin.py:190} INFO - [2025-03-09T09:28:04.297+0000] {dag.py:3239} INFO - Sync 1 DAGs
[2025-03-09T09:28:04.325+0000] {logging_mixin.py:190} INFO - [2025-03-09T09:28:04.324+0000] {dag.py:4180} INFO - Setting next_dagrun for example_setup_teardown to None, run_after=None
[2025-03-09T09:28:04.363+0000] {processor.py:208} INFO - Processing /home/airflow/.local/lib/python3.12/site-packages/airflow/example_dags/example_setup_teardown.py took 0.123 seconds
[2025-03-09T09:28:34.788+0000] {processor.py:186} INFO - Started process (PID=1608) to work on /home/airflow/.local/lib/python3.12/site-packages/airflow/example_dags/example_setup_teardown.py
[2025-03-09T09:28:34.789+0000] {processor.py:914} INFO - Processing file /home/airflow/.local/lib/python3.12/site-packages/airflow/example_dags/example_setup_teardown.py for tasks to queue
[2025-03-09T09:28:34.793+0000] {logging_mixin.py:190} INFO - [2025-03-09T09:28:34.793+0000] {dagbag.py:588} INFO - Filling up the DagBag from /home/airflow/.local/lib/python3.12/site-packages/airflow/example_dags/example_setup_teardown.py
[2025-03-09T09:28:34.807+0000] {processor.py:925} INFO - DAG(s) 'example_setup_teardown' retrieved from /home/airflow/.local/lib/python3.12/site-packages/airflow/example_dags/example_setup_teardown.py
[2025-03-09T09:28:34.839+0000] {logging_mixin.py:190} INFO - [2025-03-09T09:28:34.839+0000] {dag.py:3239} INFO - Sync 1 DAGs
[2025-03-09T09:28:34.859+0000] {logging_mixin.py:190} INFO - [2025-03-09T09:28:34.859+0000] {dag.py:4180} INFO - Setting next_dagrun for example_setup_teardown to None, run_after=None
[2025-03-09T09:28:34.891+0000] {processor.py:208} INFO - Processing /home/airflow/.local/lib/python3.12/site-packages/airflow/example_dags/example_setup_teardown.py took 0.111 seconds
[2025-03-09T09:29:05.491+0000] {processor.py:186} INFO - Started process (PID=1673) to work on /home/airflow/.local/lib/python3.12/site-packages/airflow/example_dags/example_setup_teardown.py
[2025-03-09T09:29:05.494+0000] {processor.py:914} INFO - Processing file /home/airflow/.local/lib/python3.12/site-packages/airflow/example_dags/example_setup_teardown.py for tasks to queue
[2025-03-09T09:29:05.499+0000] {logging_mixin.py:190} INFO - [2025-03-09T09:29:05.498+0000] {dagbag.py:588} INFO - Filling up the DagBag from /home/airflow/.local/lib/python3.12/site-packages/airflow/example_dags/example_setup_teardown.py
[2025-03-09T09:29:05.537+0000] {processor.py:925} INFO - DAG(s) 'example_setup_teardown' retrieved from /home/airflow/.local/lib/python3.12/site-packages/airflow/example_dags/example_setup_teardown.py
[2025-03-09T09:29:05.602+0000] {logging_mixin.py:190} INFO - [2025-03-09T09:29:05.602+0000] {dag.py:3239} INFO - Sync 1 DAGs
[2025-03-09T09:29:05.657+0000] {logging_mixin.py:190} INFO - [2025-03-09T09:29:05.656+0000] {dag.py:4180} INFO - Setting next_dagrun for example_setup_teardown to None, run_after=None
[2025-03-09T09:29:05.726+0000] {processor.py:208} INFO - Processing /home/airflow/.local/lib/python3.12/site-packages/airflow/example_dags/example_setup_teardown.py took 0.259 seconds
[2025-03-09T09:29:35.905+0000] {processor.py:186} INFO - Started process (PID=1738) to work on /home/airflow/.local/lib/python3.12/site-packages/airflow/example_dags/example_setup_teardown.py
[2025-03-09T09:29:35.907+0000] {processor.py:914} INFO - Processing file /home/airflow/.local/lib/python3.12/site-packages/airflow/example_dags/example_setup_teardown.py for tasks to queue
[2025-03-09T09:29:35.912+0000] {logging_mixin.py:190} INFO - [2025-03-09T09:29:35.911+0000] {dagbag.py:588} INFO - Filling up the DagBag from /home/airflow/.local/lib/python3.12/site-packages/airflow/example_dags/example_setup_teardown.py
[2025-03-09T09:29:35.928+0000] {processor.py:925} INFO - DAG(s) 'example_setup_teardown' retrieved from /home/airflow/.local/lib/python3.12/site-packages/airflow/example_dags/example_setup_teardown.py
[2025-03-09T09:29:35.963+0000] {logging_mixin.py:190} INFO - [2025-03-09T09:29:35.963+0000] {dag.py:3239} INFO - Sync 1 DAGs
[2025-03-09T09:29:35.982+0000] {logging_mixin.py:190} INFO - [2025-03-09T09:29:35.982+0000] {dag.py:4180} INFO - Setting next_dagrun for example_setup_teardown to None, run_after=None
[2025-03-09T09:29:36.013+0000] {processor.py:208} INFO - Processing /home/airflow/.local/lib/python3.12/site-packages/airflow/example_dags/example_setup_teardown.py took 0.117 seconds
[2025-03-09T09:30:06.259+0000] {processor.py:186} INFO - Started process (PID=1802) to work on /home/airflow/.local/lib/python3.12/site-packages/airflow/example_dags/example_setup_teardown.py
[2025-03-09T09:30:06.261+0000] {processor.py:914} INFO - Processing file /home/airflow/.local/lib/python3.12/site-packages/airflow/example_dags/example_setup_teardown.py for tasks to queue
[2025-03-09T09:30:06.267+0000] {logging_mixin.py:190} INFO - [2025-03-09T09:30:06.266+0000] {dagbag.py:588} INFO - Filling up the DagBag from /home/airflow/.local/lib/python3.12/site-packages/airflow/example_dags/example_setup_teardown.py
[2025-03-09T09:30:06.308+0000] {processor.py:925} INFO - DAG(s) 'example_setup_teardown' retrieved from /home/airflow/.local/lib/python3.12/site-packages/airflow/example_dags/example_setup_teardown.py
[2025-03-09T09:30:06.370+0000] {logging_mixin.py:190} INFO - [2025-03-09T09:30:06.369+0000] {dag.py:3239} INFO - Sync 1 DAGs
[2025-03-09T09:30:06.403+0000] {logging_mixin.py:190} INFO - [2025-03-09T09:30:06.403+0000] {dag.py:4180} INFO - Setting next_dagrun for example_setup_teardown to None, run_after=None
[2025-03-09T09:30:06.439+0000] {processor.py:208} INFO - Processing /home/airflow/.local/lib/python3.12/site-packages/airflow/example_dags/example_setup_teardown.py took 0.194 seconds
[2025-03-09T09:30:36.992+0000] {processor.py:186} INFO - Started process (PID=1867) to work on /home/airflow/.local/lib/python3.12/site-packages/airflow/example_dags/example_setup_teardown.py
[2025-03-09T09:30:36.994+0000] {processor.py:914} INFO - Processing file /home/airflow/.local/lib/python3.12/site-packages/airflow/example_dags/example_setup_teardown.py for tasks to queue
[2025-03-09T09:30:36.998+0000] {logging_mixin.py:190} INFO - [2025-03-09T09:30:36.998+0000] {dagbag.py:588} INFO - Filling up the DagBag from /home/airflow/.local/lib/python3.12/site-packages/airflow/example_dags/example_setup_teardown.py
[2025-03-09T09:30:37.011+0000] {processor.py:925} INFO - DAG(s) 'example_setup_teardown' retrieved from /home/airflow/.local/lib/python3.12/site-packages/airflow/example_dags/example_setup_teardown.py
[2025-03-09T09:30:37.040+0000] {logging_mixin.py:190} INFO - [2025-03-09T09:30:37.040+0000] {dag.py:3239} INFO - Sync 1 DAGs
[2025-03-09T09:30:37.060+0000] {logging_mixin.py:190} INFO - [2025-03-09T09:30:37.059+0000] {dag.py:4180} INFO - Setting next_dagrun for example_setup_teardown to None, run_after=None
[2025-03-09T09:30:37.097+0000] {processor.py:208} INFO - Processing /home/airflow/.local/lib/python3.12/site-packages/airflow/example_dags/example_setup_teardown.py took 0.113 seconds
[2025-03-09T09:31:07.815+0000] {processor.py:186} INFO - Started process (PID=1932) to work on /home/airflow/.local/lib/python3.12/site-packages/airflow/example_dags/example_setup_teardown.py
[2025-03-09T09:31:07.816+0000] {processor.py:914} INFO - Processing file /home/airflow/.local/lib/python3.12/site-packages/airflow/example_dags/example_setup_teardown.py for tasks to queue
[2025-03-09T09:31:07.820+0000] {logging_mixin.py:190} INFO - [2025-03-09T09:31:07.820+0000] {dagbag.py:588} INFO - Filling up the DagBag from /home/airflow/.local/lib/python3.12/site-packages/airflow/example_dags/example_setup_teardown.py
[2025-03-09T09:31:07.834+0000] {processor.py:925} INFO - DAG(s) 'example_setup_teardown' retrieved from /home/airflow/.local/lib/python3.12/site-packages/airflow/example_dags/example_setup_teardown.py
[2025-03-09T09:31:07.874+0000] {logging_mixin.py:190} INFO - [2025-03-09T09:31:07.873+0000] {dag.py:3239} INFO - Sync 1 DAGs
[2025-03-09T09:31:07.914+0000] {logging_mixin.py:190} INFO - [2025-03-09T09:31:07.913+0000] {dag.py:4180} INFO - Setting next_dagrun for example_setup_teardown to None, run_after=None
[2025-03-09T09:31:07.983+0000] {processor.py:208} INFO - Processing /home/airflow/.local/lib/python3.12/site-packages/airflow/example_dags/example_setup_teardown.py took 0.177 seconds
[2025-03-09T09:31:39.649+0000] {processor.py:186} INFO - Started process (PID=1997) to work on /home/airflow/.local/lib/python3.12/site-packages/airflow/example_dags/example_setup_teardown.py
[2025-03-09T09:31:39.651+0000] {processor.py:914} INFO - Processing file /home/airflow/.local/lib/python3.12/site-packages/airflow/example_dags/example_setup_teardown.py for tasks to queue
[2025-03-09T09:31:39.655+0000] {logging_mixin.py:190} INFO - [2025-03-09T09:31:39.654+0000] {dagbag.py:588} INFO - Filling up the DagBag from /home/airflow/.local/lib/python3.12/site-packages/airflow/example_dags/example_setup_teardown.py
[2025-03-09T09:31:39.670+0000] {processor.py:925} INFO - DAG(s) 'example_setup_teardown' retrieved from /home/airflow/.local/lib/python3.12/site-packages/airflow/example_dags/example_setup_teardown.py
[2025-03-09T09:31:39.704+0000] {logging_mixin.py:190} INFO - [2025-03-09T09:31:39.704+0000] {dag.py:3239} INFO - Sync 1 DAGs
[2025-03-09T09:31:39.726+0000] {logging_mixin.py:190} INFO - [2025-03-09T09:31:39.726+0000] {dag.py:4180} INFO - Setting next_dagrun for example_setup_teardown to None, run_after=None
[2025-03-09T09:31:39.759+0000] {processor.py:208} INFO - Processing /home/airflow/.local/lib/python3.12/site-packages/airflow/example_dags/example_setup_teardown.py took 0.118 seconds
[2025-03-09T09:32:12.640+0000] {processor.py:186} INFO - Started process (PID=2062) to work on /home/airflow/.local/lib/python3.12/site-packages/airflow/example_dags/example_setup_teardown.py
[2025-03-09T09:32:12.642+0000] {processor.py:914} INFO - Processing file /home/airflow/.local/lib/python3.12/site-packages/airflow/example_dags/example_setup_teardown.py for tasks to queue
[2025-03-09T09:32:12.646+0000] {logging_mixin.py:190} INFO - [2025-03-09T09:32:12.645+0000] {dagbag.py:588} INFO - Filling up the DagBag from /home/airflow/.local/lib/python3.12/site-packages/airflow/example_dags/example_setup_teardown.py
[2025-03-09T09:32:12.662+0000] {processor.py:925} INFO - DAG(s) 'example_setup_teardown' retrieved from /home/airflow/.local/lib/python3.12/site-packages/airflow/example_dags/example_setup_teardown.py
[2025-03-09T09:32:12.694+0000] {logging_mixin.py:190} INFO - [2025-03-09T09:32:12.694+0000] {dag.py:3239} INFO - Sync 1 DAGs
[2025-03-09T09:32:12.724+0000] {logging_mixin.py:190} INFO - [2025-03-09T09:32:12.723+0000] {dag.py:4180} INFO - Setting next_dagrun for example_setup_teardown to None, run_after=None
[2025-03-09T09:32:12.765+0000] {processor.py:208} INFO - Processing /home/airflow/.local/lib/python3.12/site-packages/airflow/example_dags/example_setup_teardown.py took 0.134 seconds
[2025-03-09T09:32:43.972+0000] {processor.py:186} INFO - Started process (PID=2126) to work on /home/airflow/.local/lib/python3.12/site-packages/airflow/example_dags/example_setup_teardown.py
[2025-03-09T09:32:43.974+0000] {processor.py:914} INFO - Processing file /home/airflow/.local/lib/python3.12/site-packages/airflow/example_dags/example_setup_teardown.py for tasks to queue
[2025-03-09T09:32:43.978+0000] {logging_mixin.py:190} INFO - [2025-03-09T09:32:43.978+0000] {dagbag.py:588} INFO - Filling up the DagBag from /home/airflow/.local/lib/python3.12/site-packages/airflow/example_dags/example_setup_teardown.py
[2025-03-09T09:32:43.995+0000] {processor.py:925} INFO - DAG(s) 'example_setup_teardown' retrieved from /home/airflow/.local/lib/python3.12/site-packages/airflow/example_dags/example_setup_teardown.py
[2025-03-09T09:32:44.032+0000] {logging_mixin.py:190} INFO - [2025-03-09T09:32:44.031+0000] {dag.py:3239} INFO - Sync 1 DAGs
[2025-03-09T09:32:44.060+0000] {logging_mixin.py:190} INFO - [2025-03-09T09:32:44.059+0000] {dag.py:4180} INFO - Setting next_dagrun for example_setup_teardown to None, run_after=None
[2025-03-09T09:32:44.103+0000] {processor.py:208} INFO - Processing /home/airflow/.local/lib/python3.12/site-packages/airflow/example_dags/example_setup_teardown.py took 0.150 seconds
[2025-03-09T09:33:16.083+0000] {processor.py:186} INFO - Started process (PID=2191) to work on /home/airflow/.local/lib/python3.12/site-packages/airflow/example_dags/example_setup_teardown.py
[2025-03-09T09:33:16.086+0000] {processor.py:914} INFO - Processing file /home/airflow/.local/lib/python3.12/site-packages/airflow/example_dags/example_setup_teardown.py for tasks to queue
[2025-03-09T09:33:16.090+0000] {logging_mixin.py:190} INFO - [2025-03-09T09:33:16.089+0000] {dagbag.py:588} INFO - Filling up the DagBag from /home/airflow/.local/lib/python3.12/site-packages/airflow/example_dags/example_setup_teardown.py
[2025-03-09T09:33:16.109+0000] {processor.py:925} INFO - DAG(s) 'example_setup_teardown' retrieved from /home/airflow/.local/lib/python3.12/site-packages/airflow/example_dags/example_setup_teardown.py
[2025-03-09T09:33:16.150+0000] {logging_mixin.py:190} INFO - [2025-03-09T09:33:16.150+0000] {dag.py:3239} INFO - Sync 1 DAGs
[2025-03-09T09:33:16.182+0000] {logging_mixin.py:190} INFO - [2025-03-09T09:33:16.182+0000] {dag.py:4180} INFO - Setting next_dagrun for example_setup_teardown to None, run_after=None
[2025-03-09T09:33:16.219+0000] {processor.py:208} INFO - Processing /home/airflow/.local/lib/python3.12/site-packages/airflow/example_dags/example_setup_teardown.py took 0.146 seconds
[2025-03-09T09:33:47.775+0000] {processor.py:186} INFO - Started process (PID=2256) to work on /home/airflow/.local/lib/python3.12/site-packages/airflow/example_dags/example_setup_teardown.py
[2025-03-09T09:33:47.777+0000] {processor.py:914} INFO - Processing file /home/airflow/.local/lib/python3.12/site-packages/airflow/example_dags/example_setup_teardown.py for tasks to queue
[2025-03-09T09:33:47.783+0000] {logging_mixin.py:190} INFO - [2025-03-09T09:33:47.782+0000] {dagbag.py:588} INFO - Filling up the DagBag from /home/airflow/.local/lib/python3.12/site-packages/airflow/example_dags/example_setup_teardown.py
[2025-03-09T09:33:47.813+0000] {processor.py:925} INFO - DAG(s) 'example_setup_teardown' retrieved from /home/airflow/.local/lib/python3.12/site-packages/airflow/example_dags/example_setup_teardown.py
[2025-03-09T09:33:47.896+0000] {logging_mixin.py:190} INFO - [2025-03-09T09:33:47.896+0000] {dag.py:3239} INFO - Sync 1 DAGs
[2025-03-09T09:33:47.934+0000] {logging_mixin.py:190} INFO - [2025-03-09T09:33:47.933+0000] {dag.py:4180} INFO - Setting next_dagrun for example_setup_teardown to None, run_after=None
[2025-03-09T09:33:47.981+0000] {processor.py:208} INFO - Processing /home/airflow/.local/lib/python3.12/site-packages/airflow/example_dags/example_setup_teardown.py took 0.215 seconds
[2025-03-09T09:34:18.862+0000] {processor.py:186} INFO - Started process (PID=2321) to work on /home/airflow/.local/lib/python3.12/site-packages/airflow/example_dags/example_setup_teardown.py
[2025-03-09T09:34:18.863+0000] {processor.py:914} INFO - Processing file /home/airflow/.local/lib/python3.12/site-packages/airflow/example_dags/example_setup_teardown.py for tasks to queue
[2025-03-09T09:34:18.869+0000] {logging_mixin.py:190} INFO - [2025-03-09T09:34:18.868+0000] {dagbag.py:588} INFO - Filling up the DagBag from /home/airflow/.local/lib/python3.12/site-packages/airflow/example_dags/example_setup_teardown.py
[2025-03-09T09:34:18.896+0000] {processor.py:925} INFO - DAG(s) 'example_setup_teardown' retrieved from /home/airflow/.local/lib/python3.12/site-packages/airflow/example_dags/example_setup_teardown.py
[2025-03-09T09:34:18.957+0000] {logging_mixin.py:190} INFO - [2025-03-09T09:34:18.956+0000] {dag.py:3239} INFO - Sync 1 DAGs
[2025-03-09T09:34:19.016+0000] {logging_mixin.py:190} INFO - [2025-03-09T09:34:19.015+0000] {dag.py:4180} INFO - Setting next_dagrun for example_setup_teardown to None, run_after=None
[2025-03-09T09:34:19.095+0000] {processor.py:208} INFO - Processing /home/airflow/.local/lib/python3.12/site-packages/airflow/example_dags/example_setup_teardown.py took 0.245 seconds
[2025-03-09T09:34:49.304+0000] {processor.py:186} INFO - Started process (PID=2386) to work on /home/airflow/.local/lib/python3.12/site-packages/airflow/example_dags/example_setup_teardown.py
[2025-03-09T09:34:49.306+0000] {processor.py:914} INFO - Processing file /home/airflow/.local/lib/python3.12/site-packages/airflow/example_dags/example_setup_teardown.py for tasks to queue
[2025-03-09T09:34:49.310+0000] {logging_mixin.py:190} INFO - [2025-03-09T09:34:49.309+0000] {dagbag.py:588} INFO - Filling up the DagBag from /home/airflow/.local/lib/python3.12/site-packages/airflow/example_dags/example_setup_teardown.py
[2025-03-09T09:34:49.322+0000] {processor.py:925} INFO - DAG(s) 'example_setup_teardown' retrieved from /home/airflow/.local/lib/python3.12/site-packages/airflow/example_dags/example_setup_teardown.py
[2025-03-09T09:34:49.358+0000] {logging_mixin.py:190} INFO - [2025-03-09T09:34:49.358+0000] {dag.py:3239} INFO - Sync 1 DAGs
[2025-03-09T09:34:49.380+0000] {logging_mixin.py:190} INFO - [2025-03-09T09:34:49.380+0000] {dag.py:4180} INFO - Setting next_dagrun for example_setup_teardown to None, run_after=None
[2025-03-09T09:34:49.419+0000] {processor.py:208} INFO - Processing /home/airflow/.local/lib/python3.12/site-packages/airflow/example_dags/example_setup_teardown.py took 0.123 seconds
[2025-03-09T09:35:19.532+0000] {processor.py:186} INFO - Started process (PID=2450) to work on /home/airflow/.local/lib/python3.12/site-packages/airflow/example_dags/example_setup_teardown.py
[2025-03-09T09:35:19.535+0000] {processor.py:914} INFO - Processing file /home/airflow/.local/lib/python3.12/site-packages/airflow/example_dags/example_setup_teardown.py for tasks to queue
[2025-03-09T09:35:19.539+0000] {logging_mixin.py:190} INFO - [2025-03-09T09:35:19.538+0000] {dagbag.py:588} INFO - Filling up the DagBag from /home/airflow/.local/lib/python3.12/site-packages/airflow/example_dags/example_setup_teardown.py
[2025-03-09T09:35:19.553+0000] {processor.py:925} INFO - DAG(s) 'example_setup_teardown' retrieved from /home/airflow/.local/lib/python3.12/site-packages/airflow/example_dags/example_setup_teardown.py
[2025-03-09T09:35:19.587+0000] {logging_mixin.py:190} INFO - [2025-03-09T09:35:19.587+0000] {dag.py:3239} INFO - Sync 1 DAGs
[2025-03-09T09:35:19.609+0000] {logging_mixin.py:190} INFO - [2025-03-09T09:35:19.609+0000] {dag.py:4180} INFO - Setting next_dagrun for example_setup_teardown to None, run_after=None
[2025-03-09T09:35:19.651+0000] {processor.py:208} INFO - Processing /home/airflow/.local/lib/python3.12/site-packages/airflow/example_dags/example_setup_teardown.py took 0.127 seconds
[2025-03-09T09:35:50.381+0000] {processor.py:186} INFO - Started process (PID=2515) to work on /home/airflow/.local/lib/python3.12/site-packages/airflow/example_dags/example_setup_teardown.py
[2025-03-09T09:35:50.383+0000] {processor.py:914} INFO - Processing file /home/airflow/.local/lib/python3.12/site-packages/airflow/example_dags/example_setup_teardown.py for tasks to queue
[2025-03-09T09:35:50.389+0000] {logging_mixin.py:190} INFO - [2025-03-09T09:35:50.388+0000] {dagbag.py:588} INFO - Filling up the DagBag from /home/airflow/.local/lib/python3.12/site-packages/airflow/example_dags/example_setup_teardown.py
[2025-03-09T09:35:50.408+0000] {processor.py:925} INFO - DAG(s) 'example_setup_teardown' retrieved from /home/airflow/.local/lib/python3.12/site-packages/airflow/example_dags/example_setup_teardown.py
[2025-03-09T09:35:50.455+0000] {logging_mixin.py:190} INFO - [2025-03-09T09:35:50.454+0000] {dag.py:3239} INFO - Sync 1 DAGs
[2025-03-09T09:35:50.481+0000] {logging_mixin.py:190} INFO - [2025-03-09T09:35:50.481+0000] {dag.py:4180} INFO - Setting next_dagrun for example_setup_teardown to None, run_after=None
[2025-03-09T09:35:50.525+0000] {processor.py:208} INFO - Processing /home/airflow/.local/lib/python3.12/site-packages/airflow/example_dags/example_setup_teardown.py took 0.155 seconds
[2025-03-09T09:36:21.003+0000] {processor.py:186} INFO - Started process (PID=2580) to work on /home/airflow/.local/lib/python3.12/site-packages/airflow/example_dags/example_setup_teardown.py
[2025-03-09T09:36:21.005+0000] {processor.py:914} INFO - Processing file /home/airflow/.local/lib/python3.12/site-packages/airflow/example_dags/example_setup_teardown.py for tasks to queue
[2025-03-09T09:36:21.008+0000] {logging_mixin.py:190} INFO - [2025-03-09T09:36:21.007+0000] {dagbag.py:588} INFO - Filling up the DagBag from /home/airflow/.local/lib/python3.12/site-packages/airflow/example_dags/example_setup_teardown.py
[2025-03-09T09:36:21.020+0000] {processor.py:925} INFO - DAG(s) 'example_setup_teardown' retrieved from /home/airflow/.local/lib/python3.12/site-packages/airflow/example_dags/example_setup_teardown.py
[2025-03-09T09:36:21.050+0000] {logging_mixin.py:190} INFO - [2025-03-09T09:36:21.049+0000] {dag.py:3239} INFO - Sync 1 DAGs
[2025-03-09T09:36:21.074+0000] {logging_mixin.py:190} INFO - [2025-03-09T09:36:21.073+0000] {dag.py:4180} INFO - Setting next_dagrun for example_setup_teardown to None, run_after=None
[2025-03-09T09:36:21.107+0000] {processor.py:208} INFO - Processing /home/airflow/.local/lib/python3.12/site-packages/airflow/example_dags/example_setup_teardown.py took 0.111 seconds
[2025-03-09T09:36:51.385+0000] {processor.py:186} INFO - Started process (PID=2644) to work on /home/airflow/.local/lib/python3.12/site-packages/airflow/example_dags/example_setup_teardown.py
[2025-03-09T09:36:51.387+0000] {processor.py:914} INFO - Processing file /home/airflow/.local/lib/python3.12/site-packages/airflow/example_dags/example_setup_teardown.py for tasks to queue
[2025-03-09T09:36:51.391+0000] {logging_mixin.py:190} INFO - [2025-03-09T09:36:51.391+0000] {dagbag.py:588} INFO - Filling up the DagBag from /home/airflow/.local/lib/python3.12/site-packages/airflow/example_dags/example_setup_teardown.py
[2025-03-09T09:36:51.407+0000] {processor.py:925} INFO - DAG(s) 'example_setup_teardown' retrieved from /home/airflow/.local/lib/python3.12/site-packages/airflow/example_dags/example_setup_teardown.py
[2025-03-09T09:36:51.442+0000] {logging_mixin.py:190} INFO - [2025-03-09T09:36:51.442+0000] {dag.py:3239} INFO - Sync 1 DAGs
[2025-03-09T09:36:51.469+0000] {logging_mixin.py:190} INFO - [2025-03-09T09:36:51.469+0000] {dag.py:4180} INFO - Setting next_dagrun for example_setup_teardown to None, run_after=None
[2025-03-09T09:36:51.502+0000] {processor.py:208} INFO - Processing /home/airflow/.local/lib/python3.12/site-packages/airflow/example_dags/example_setup_teardown.py took 0.127 seconds
[2025-03-09T09:37:22.193+0000] {processor.py:186} INFO - Started process (PID=2709) to work on /home/airflow/.local/lib/python3.12/site-packages/airflow/example_dags/example_setup_teardown.py
[2025-03-09T09:37:22.195+0000] {processor.py:914} INFO - Processing file /home/airflow/.local/lib/python3.12/site-packages/airflow/example_dags/example_setup_teardown.py for tasks to queue
[2025-03-09T09:37:22.200+0000] {logging_mixin.py:190} INFO - [2025-03-09T09:37:22.199+0000] {dagbag.py:588} INFO - Filling up the DagBag from /home/airflow/.local/lib/python3.12/site-packages/airflow/example_dags/example_setup_teardown.py
[2025-03-09T09:37:22.219+0000] {processor.py:925} INFO - DAG(s) 'example_setup_teardown' retrieved from /home/airflow/.local/lib/python3.12/site-packages/airflow/example_dags/example_setup_teardown.py
[2025-03-09T09:37:22.277+0000] {logging_mixin.py:190} INFO - [2025-03-09T09:37:22.276+0000] {dag.py:3239} INFO - Sync 1 DAGs
[2025-03-09T09:37:22.308+0000] {logging_mixin.py:190} INFO - [2025-03-09T09:37:22.307+0000] {dag.py:4180} INFO - Setting next_dagrun for example_setup_teardown to None, run_after=None
[2025-03-09T09:37:22.347+0000] {processor.py:208} INFO - Processing /home/airflow/.local/lib/python3.12/site-packages/airflow/example_dags/example_setup_teardown.py took 0.171 seconds
[2025-03-09T09:37:52.689+0000] {processor.py:186} INFO - Started process (PID=2774) to work on /home/airflow/.local/lib/python3.12/site-packages/airflow/example_dags/example_setup_teardown.py
[2025-03-09T09:37:52.691+0000] {processor.py:914} INFO - Processing file /home/airflow/.local/lib/python3.12/site-packages/airflow/example_dags/example_setup_teardown.py for tasks to queue
[2025-03-09T09:37:52.698+0000] {logging_mixin.py:190} INFO - [2025-03-09T09:37:52.697+0000] {dagbag.py:588} INFO - Filling up the DagBag from /home/airflow/.local/lib/python3.12/site-packages/airflow/example_dags/example_setup_teardown.py
[2025-03-09T09:37:52.720+0000] {processor.py:925} INFO - DAG(s) 'example_setup_teardown' retrieved from /home/airflow/.local/lib/python3.12/site-packages/airflow/example_dags/example_setup_teardown.py
[2025-03-09T09:37:52.753+0000] {logging_mixin.py:190} INFO - [2025-03-09T09:37:52.752+0000] {dag.py:3239} INFO - Sync 1 DAGs
[2025-03-09T09:37:52.778+0000] {logging_mixin.py:190} INFO - [2025-03-09T09:37:52.777+0000] {dag.py:4180} INFO - Setting next_dagrun for example_setup_teardown to None, run_after=None
[2025-03-09T09:37:52.816+0000] {processor.py:208} INFO - Processing /home/airflow/.local/lib/python3.12/site-packages/airflow/example_dags/example_setup_teardown.py took 0.142 seconds
[2025-03-09T09:38:23.331+0000] {processor.py:186} INFO - Started process (PID=2840) to work on /home/airflow/.local/lib/python3.12/site-packages/airflow/example_dags/example_setup_teardown.py
[2025-03-09T09:38:23.333+0000] {processor.py:914} INFO - Processing file /home/airflow/.local/lib/python3.12/site-packages/airflow/example_dags/example_setup_teardown.py for tasks to queue
[2025-03-09T09:38:23.338+0000] {logging_mixin.py:190} INFO - [2025-03-09T09:38:23.337+0000] {dagbag.py:588} INFO - Filling up the DagBag from /home/airflow/.local/lib/python3.12/site-packages/airflow/example_dags/example_setup_teardown.py
[2025-03-09T09:38:23.358+0000] {processor.py:925} INFO - DAG(s) 'example_setup_teardown' retrieved from /home/airflow/.local/lib/python3.12/site-packages/airflow/example_dags/example_setup_teardown.py
[2025-03-09T09:38:23.407+0000] {logging_mixin.py:190} INFO - [2025-03-09T09:38:23.406+0000] {dag.py:3239} INFO - Sync 1 DAGs
[2025-03-09T09:38:23.432+0000] {logging_mixin.py:190} INFO - [2025-03-09T09:38:23.432+0000] {dag.py:4180} INFO - Setting next_dagrun for example_setup_teardown to None, run_after=None
[2025-03-09T09:38:23.470+0000] {processor.py:208} INFO - Processing /home/airflow/.local/lib/python3.12/site-packages/airflow/example_dags/example_setup_teardown.py took 0.150 seconds
[2025-03-09T09:38:53.906+0000] {processor.py:186} INFO - Started process (PID=2905) to work on /home/airflow/.local/lib/python3.12/site-packages/airflow/example_dags/example_setup_teardown.py
[2025-03-09T09:38:53.908+0000] {processor.py:914} INFO - Processing file /home/airflow/.local/lib/python3.12/site-packages/airflow/example_dags/example_setup_teardown.py for tasks to queue
[2025-03-09T09:38:53.911+0000] {logging_mixin.py:190} INFO - [2025-03-09T09:38:53.911+0000] {dagbag.py:588} INFO - Filling up the DagBag from /home/airflow/.local/lib/python3.12/site-packages/airflow/example_dags/example_setup_teardown.py
[2025-03-09T09:38:53.923+0000] {processor.py:925} INFO - DAG(s) 'example_setup_teardown' retrieved from /home/airflow/.local/lib/python3.12/site-packages/airflow/example_dags/example_setup_teardown.py
[2025-03-09T09:38:53.955+0000] {logging_mixin.py:190} INFO - [2025-03-09T09:38:53.954+0000] {dag.py:3239} INFO - Sync 1 DAGs
[2025-03-09T09:38:53.981+0000] {logging_mixin.py:190} INFO - [2025-03-09T09:38:53.981+0000] {dag.py:4180} INFO - Setting next_dagrun for example_setup_teardown to None, run_after=None
[2025-03-09T09:38:54.012+0000] {processor.py:208} INFO - Processing /home/airflow/.local/lib/python3.12/site-packages/airflow/example_dags/example_setup_teardown.py took 0.115 seconds
[2025-03-09T09:39:24.663+0000] {processor.py:186} INFO - Started process (PID=2970) to work on /home/airflow/.local/lib/python3.12/site-packages/airflow/example_dags/example_setup_teardown.py
[2025-03-09T09:39:24.673+0000] {processor.py:914} INFO - Processing file /home/airflow/.local/lib/python3.12/site-packages/airflow/example_dags/example_setup_teardown.py for tasks to queue
[2025-03-09T09:39:24.679+0000] {logging_mixin.py:190} INFO - [2025-03-09T09:39:24.678+0000] {dagbag.py:588} INFO - Filling up the DagBag from /home/airflow/.local/lib/python3.12/site-packages/airflow/example_dags/example_setup_teardown.py
[2025-03-09T09:39:24.708+0000] {processor.py:925} INFO - DAG(s) 'example_setup_teardown' retrieved from /home/airflow/.local/lib/python3.12/site-packages/airflow/example_dags/example_setup_teardown.py
[2025-03-09T09:39:24.777+0000] {logging_mixin.py:190} INFO - [2025-03-09T09:39:24.776+0000] {dag.py:3239} INFO - Sync 1 DAGs
[2025-03-09T09:39:24.829+0000] {logging_mixin.py:190} INFO - [2025-03-09T09:39:24.829+0000] {dag.py:4180} INFO - Setting next_dagrun for example_setup_teardown to None, run_after=None
[2025-03-09T09:39:24.887+0000] {processor.py:208} INFO - Processing /home/airflow/.local/lib/python3.12/site-packages/airflow/example_dags/example_setup_teardown.py took 0.262 seconds
[2025-03-09T09:39:55.077+0000] {processor.py:186} INFO - Started process (PID=3036) to work on /home/airflow/.local/lib/python3.12/site-packages/airflow/example_dags/example_setup_teardown.py
[2025-03-09T09:39:55.080+0000] {processor.py:914} INFO - Processing file /home/airflow/.local/lib/python3.12/site-packages/airflow/example_dags/example_setup_teardown.py for tasks to queue
[2025-03-09T09:39:55.086+0000] {logging_mixin.py:190} INFO - [2025-03-09T09:39:55.083+0000] {dagbag.py:588} INFO - Filling up the DagBag from /home/airflow/.local/lib/python3.12/site-packages/airflow/example_dags/example_setup_teardown.py
[2025-03-09T09:39:55.107+0000] {processor.py:925} INFO - DAG(s) 'example_setup_teardown' retrieved from /home/airflow/.local/lib/python3.12/site-packages/airflow/example_dags/example_setup_teardown.py
[2025-03-09T09:39:55.153+0000] {logging_mixin.py:190} INFO - [2025-03-09T09:39:55.152+0000] {dag.py:3239} INFO - Sync 1 DAGs
[2025-03-09T09:39:55.180+0000] {logging_mixin.py:190} INFO - [2025-03-09T09:39:55.179+0000] {dag.py:4180} INFO - Setting next_dagrun for example_setup_teardown to None, run_after=None
[2025-03-09T09:39:55.221+0000] {processor.py:208} INFO - Processing /home/airflow/.local/lib/python3.12/site-packages/airflow/example_dags/example_setup_teardown.py took 0.158 seconds
[2025-03-09T09:40:25.524+0000] {processor.py:186} INFO - Started process (PID=3101) to work on /home/airflow/.local/lib/python3.12/site-packages/airflow/example_dags/example_setup_teardown.py
[2025-03-09T09:40:25.526+0000] {processor.py:914} INFO - Processing file /home/airflow/.local/lib/python3.12/site-packages/airflow/example_dags/example_setup_teardown.py for tasks to queue
[2025-03-09T09:40:25.530+0000] {logging_mixin.py:190} INFO - [2025-03-09T09:40:25.530+0000] {dagbag.py:588} INFO - Filling up the DagBag from /home/airflow/.local/lib/python3.12/site-packages/airflow/example_dags/example_setup_teardown.py
[2025-03-09T09:40:25.549+0000] {processor.py:925} INFO - DAG(s) 'example_setup_teardown' retrieved from /home/airflow/.local/lib/python3.12/site-packages/airflow/example_dags/example_setup_teardown.py
[2025-03-09T09:40:25.591+0000] {logging_mixin.py:190} INFO - [2025-03-09T09:40:25.590+0000] {dag.py:3239} INFO - Sync 1 DAGs
[2025-03-09T09:40:25.627+0000] {logging_mixin.py:190} INFO - [2025-03-09T09:40:25.626+0000] {dag.py:4180} INFO - Setting next_dagrun for example_setup_teardown to None, run_after=None
[2025-03-09T09:40:25.671+0000] {processor.py:208} INFO - Processing /home/airflow/.local/lib/python3.12/site-packages/airflow/example_dags/example_setup_teardown.py took 0.155 seconds
[2025-03-09T09:40:56.401+0000] {processor.py:186} INFO - Started process (PID=3166) to work on /home/airflow/.local/lib/python3.12/site-packages/airflow/example_dags/example_setup_teardown.py
[2025-03-09T09:40:56.402+0000] {processor.py:914} INFO - Processing file /home/airflow/.local/lib/python3.12/site-packages/airflow/example_dags/example_setup_teardown.py for tasks to queue
[2025-03-09T09:40:56.407+0000] {logging_mixin.py:190} INFO - [2025-03-09T09:40:56.406+0000] {dagbag.py:588} INFO - Filling up the DagBag from /home/airflow/.local/lib/python3.12/site-packages/airflow/example_dags/example_setup_teardown.py
[2025-03-09T09:40:56.419+0000] {processor.py:925} INFO - DAG(s) 'example_setup_teardown' retrieved from /home/airflow/.local/lib/python3.12/site-packages/airflow/example_dags/example_setup_teardown.py
[2025-03-09T09:40:56.456+0000] {logging_mixin.py:190} INFO - [2025-03-09T09:40:56.455+0000] {dag.py:3239} INFO - Sync 1 DAGs
[2025-03-09T09:40:56.481+0000] {logging_mixin.py:190} INFO - [2025-03-09T09:40:56.480+0000] {dag.py:4180} INFO - Setting next_dagrun for example_setup_teardown to None, run_after=None
[2025-03-09T09:40:56.515+0000] {processor.py:208} INFO - Processing /home/airflow/.local/lib/python3.12/site-packages/airflow/example_dags/example_setup_teardown.py took 0.123 seconds
[2025-03-09T09:41:26.930+0000] {processor.py:186} INFO - Started process (PID=3231) to work on /home/airflow/.local/lib/python3.12/site-packages/airflow/example_dags/example_setup_teardown.py
[2025-03-09T09:41:26.932+0000] {processor.py:914} INFO - Processing file /home/airflow/.local/lib/python3.12/site-packages/airflow/example_dags/example_setup_teardown.py for tasks to queue
[2025-03-09T09:41:26.936+0000] {logging_mixin.py:190} INFO - [2025-03-09T09:41:26.935+0000] {dagbag.py:588} INFO - Filling up the DagBag from /home/airflow/.local/lib/python3.12/site-packages/airflow/example_dags/example_setup_teardown.py
[2025-03-09T09:41:26.949+0000] {processor.py:925} INFO - DAG(s) 'example_setup_teardown' retrieved from /home/airflow/.local/lib/python3.12/site-packages/airflow/example_dags/example_setup_teardown.py
[2025-03-09T09:41:26.994+0000] {logging_mixin.py:190} INFO - [2025-03-09T09:41:26.994+0000] {dag.py:3239} INFO - Sync 1 DAGs
[2025-03-09T09:41:27.025+0000] {logging_mixin.py:190} INFO - [2025-03-09T09:41:27.025+0000] {dag.py:4180} INFO - Setting next_dagrun for example_setup_teardown to None, run_after=None
[2025-03-09T09:41:27.067+0000] {processor.py:208} INFO - Processing /home/airflow/.local/lib/python3.12/site-packages/airflow/example_dags/example_setup_teardown.py took 0.146 seconds
[2025-03-09T09:41:57.848+0000] {processor.py:186} INFO - Started process (PID=3296) to work on /home/airflow/.local/lib/python3.12/site-packages/airflow/example_dags/example_setup_teardown.py
[2025-03-09T09:41:57.850+0000] {processor.py:914} INFO - Processing file /home/airflow/.local/lib/python3.12/site-packages/airflow/example_dags/example_setup_teardown.py for tasks to queue
[2025-03-09T09:41:57.853+0000] {logging_mixin.py:190} INFO - [2025-03-09T09:41:57.853+0000] {dagbag.py:588} INFO - Filling up the DagBag from /home/airflow/.local/lib/python3.12/site-packages/airflow/example_dags/example_setup_teardown.py
[2025-03-09T09:41:57.866+0000] {processor.py:925} INFO - DAG(s) 'example_setup_teardown' retrieved from /home/airflow/.local/lib/python3.12/site-packages/airflow/example_dags/example_setup_teardown.py
[2025-03-09T09:41:57.897+0000] {logging_mixin.py:190} INFO - [2025-03-09T09:41:57.897+0000] {dag.py:3239} INFO - Sync 1 DAGs
[2025-03-09T09:41:57.918+0000] {logging_mixin.py:190} INFO - [2025-03-09T09:41:57.917+0000] {dag.py:4180} INFO - Setting next_dagrun for example_setup_teardown to None, run_after=None
[2025-03-09T09:41:57.948+0000] {processor.py:208} INFO - Processing /home/airflow/.local/lib/python3.12/site-packages/airflow/example_dags/example_setup_teardown.py took 0.114 seconds
[2025-03-09T09:42:28.176+0000] {processor.py:186} INFO - Started process (PID=3360) to work on /home/airflow/.local/lib/python3.12/site-packages/airflow/example_dags/example_setup_teardown.py
[2025-03-09T09:42:28.177+0000] {processor.py:914} INFO - Processing file /home/airflow/.local/lib/python3.12/site-packages/airflow/example_dags/example_setup_teardown.py for tasks to queue
[2025-03-09T09:42:28.181+0000] {logging_mixin.py:190} INFO - [2025-03-09T09:42:28.180+0000] {dagbag.py:588} INFO - Filling up the DagBag from /home/airflow/.local/lib/python3.12/site-packages/airflow/example_dags/example_setup_teardown.py
[2025-03-09T09:42:28.194+0000] {processor.py:925} INFO - DAG(s) 'example_setup_teardown' retrieved from /home/airflow/.local/lib/python3.12/site-packages/airflow/example_dags/example_setup_teardown.py
[2025-03-09T09:42:28.227+0000] {logging_mixin.py:190} INFO - [2025-03-09T09:42:28.227+0000] {dag.py:3239} INFO - Sync 1 DAGs
[2025-03-09T09:42:28.249+0000] {logging_mixin.py:190} INFO - [2025-03-09T09:42:28.248+0000] {dag.py:4180} INFO - Setting next_dagrun for example_setup_teardown to None, run_after=None
[2025-03-09T09:42:28.287+0000] {processor.py:208} INFO - Processing /home/airflow/.local/lib/python3.12/site-packages/airflow/example_dags/example_setup_teardown.py took 0.118 seconds
[2025-03-09T09:42:58.449+0000] {processor.py:186} INFO - Started process (PID=3425) to work on /home/airflow/.local/lib/python3.12/site-packages/airflow/example_dags/example_setup_teardown.py
[2025-03-09T09:42:58.452+0000] {processor.py:914} INFO - Processing file /home/airflow/.local/lib/python3.12/site-packages/airflow/example_dags/example_setup_teardown.py for tasks to queue
[2025-03-09T09:42:58.459+0000] {logging_mixin.py:190} INFO - [2025-03-09T09:42:58.458+0000] {dagbag.py:588} INFO - Filling up the DagBag from /home/airflow/.local/lib/python3.12/site-packages/airflow/example_dags/example_setup_teardown.py
[2025-03-09T09:42:58.479+0000] {processor.py:925} INFO - DAG(s) 'example_setup_teardown' retrieved from /home/airflow/.local/lib/python3.12/site-packages/airflow/example_dags/example_setup_teardown.py
[2025-03-09T09:42:58.552+0000] {logging_mixin.py:190} INFO - [2025-03-09T09:42:58.552+0000] {dag.py:3239} INFO - Sync 1 DAGs
[2025-03-09T09:42:58.594+0000] {logging_mixin.py:190} INFO - [2025-03-09T09:42:58.594+0000] {dag.py:4180} INFO - Setting next_dagrun for example_setup_teardown to None, run_after=None
[2025-03-09T09:42:58.671+0000] {processor.py:208} INFO - Processing /home/airflow/.local/lib/python3.12/site-packages/airflow/example_dags/example_setup_teardown.py took 0.237 seconds
[2025-03-09T09:43:29.343+0000] {processor.py:186} INFO - Started process (PID=3497) to work on /home/airflow/.local/lib/python3.12/site-packages/airflow/example_dags/example_setup_teardown.py
[2025-03-09T09:43:29.348+0000] {processor.py:914} INFO - Processing file /home/airflow/.local/lib/python3.12/site-packages/airflow/example_dags/example_setup_teardown.py for tasks to queue
[2025-03-09T09:43:29.354+0000] {logging_mixin.py:190} INFO - [2025-03-09T09:43:29.352+0000] {dagbag.py:588} INFO - Filling up the DagBag from /home/airflow/.local/lib/python3.12/site-packages/airflow/example_dags/example_setup_teardown.py
[2025-03-09T09:43:29.372+0000] {processor.py:925} INFO - DAG(s) 'example_setup_teardown' retrieved from /home/airflow/.local/lib/python3.12/site-packages/airflow/example_dags/example_setup_teardown.py
[2025-03-09T09:43:29.432+0000] {logging_mixin.py:190} INFO - [2025-03-09T09:43:29.432+0000] {dag.py:3239} INFO - Sync 1 DAGs
[2025-03-09T09:43:29.459+0000] {logging_mixin.py:190} INFO - [2025-03-09T09:43:29.459+0000] {dag.py:4180} INFO - Setting next_dagrun for example_setup_teardown to None, run_after=None
[2025-03-09T09:43:29.496+0000] {processor.py:208} INFO - Processing /home/airflow/.local/lib/python3.12/site-packages/airflow/example_dags/example_setup_teardown.py took 0.170 seconds
[2025-03-09T09:43:59.751+0000] {processor.py:186} INFO - Started process (PID=3562) to work on /home/airflow/.local/lib/python3.12/site-packages/airflow/example_dags/example_setup_teardown.py
[2025-03-09T09:43:59.753+0000] {processor.py:914} INFO - Processing file /home/airflow/.local/lib/python3.12/site-packages/airflow/example_dags/example_setup_teardown.py for tasks to queue
[2025-03-09T09:43:59.757+0000] {logging_mixin.py:190} INFO - [2025-03-09T09:43:59.756+0000] {dagbag.py:588} INFO - Filling up the DagBag from /home/airflow/.local/lib/python3.12/site-packages/airflow/example_dags/example_setup_teardown.py
[2025-03-09T09:43:59.774+0000] {processor.py:925} INFO - DAG(s) 'example_setup_teardown' retrieved from /home/airflow/.local/lib/python3.12/site-packages/airflow/example_dags/example_setup_teardown.py
[2025-03-09T09:43:59.820+0000] {logging_mixin.py:190} INFO - [2025-03-09T09:43:59.819+0000] {dag.py:3239} INFO - Sync 1 DAGs
[2025-03-09T09:43:59.845+0000] {logging_mixin.py:190} INFO - [2025-03-09T09:43:59.845+0000] {dag.py:4180} INFO - Setting next_dagrun for example_setup_teardown to None, run_after=None
[2025-03-09T09:43:59.888+0000] {processor.py:208} INFO - Processing /home/airflow/.local/lib/python3.12/site-packages/airflow/example_dags/example_setup_teardown.py took 0.146 seconds
[2025-03-09T09:44:30.113+0000] {processor.py:186} INFO - Started process (PID=3627) to work on /home/airflow/.local/lib/python3.12/site-packages/airflow/example_dags/example_setup_teardown.py
[2025-03-09T09:44:30.115+0000] {processor.py:914} INFO - Processing file /home/airflow/.local/lib/python3.12/site-packages/airflow/example_dags/example_setup_teardown.py for tasks to queue
[2025-03-09T09:44:30.119+0000] {logging_mixin.py:190} INFO - [2025-03-09T09:44:30.119+0000] {dagbag.py:588} INFO - Filling up the DagBag from /home/airflow/.local/lib/python3.12/site-packages/airflow/example_dags/example_setup_teardown.py
[2025-03-09T09:44:30.130+0000] {processor.py:925} INFO - DAG(s) 'example_setup_teardown' retrieved from /home/airflow/.local/lib/python3.12/site-packages/airflow/example_dags/example_setup_teardown.py
[2025-03-09T09:44:30.166+0000] {logging_mixin.py:190} INFO - [2025-03-09T09:44:30.166+0000] {dag.py:3239} INFO - Sync 1 DAGs
[2025-03-09T09:44:30.197+0000] {logging_mixin.py:190} INFO - [2025-03-09T09:44:30.196+0000] {dag.py:4180} INFO - Setting next_dagrun for example_setup_teardown to None, run_after=None
[2025-03-09T09:44:30.241+0000] {processor.py:208} INFO - Processing /home/airflow/.local/lib/python3.12/site-packages/airflow/example_dags/example_setup_teardown.py took 0.135 seconds
[2025-03-09T09:45:01.231+0000] {processor.py:186} INFO - Started process (PID=3692) to work on /home/airflow/.local/lib/python3.12/site-packages/airflow/example_dags/example_setup_teardown.py
[2025-03-09T09:45:01.234+0000] {processor.py:914} INFO - Processing file /home/airflow/.local/lib/python3.12/site-packages/airflow/example_dags/example_setup_teardown.py for tasks to queue
[2025-03-09T09:45:01.240+0000] {logging_mixin.py:190} INFO - [2025-03-09T09:45:01.239+0000] {dagbag.py:588} INFO - Filling up the DagBag from /home/airflow/.local/lib/python3.12/site-packages/airflow/example_dags/example_setup_teardown.py
[2025-03-09T09:45:01.260+0000] {processor.py:925} INFO - DAG(s) 'example_setup_teardown' retrieved from /home/airflow/.local/lib/python3.12/site-packages/airflow/example_dags/example_setup_teardown.py
[2025-03-09T09:45:01.310+0000] {logging_mixin.py:190} INFO - [2025-03-09T09:45:01.310+0000] {dag.py:3239} INFO - Sync 1 DAGs
[2025-03-09T09:45:01.346+0000] {logging_mixin.py:190} INFO - [2025-03-09T09:45:01.345+0000] {dag.py:4180} INFO - Setting next_dagrun for example_setup_teardown to None, run_after=None
[2025-03-09T09:45:01.396+0000] {processor.py:208} INFO - Processing /home/airflow/.local/lib/python3.12/site-packages/airflow/example_dags/example_setup_teardown.py took 0.175 seconds
[2025-03-09T09:45:32.285+0000] {processor.py:186} INFO - Started process (PID=3756) to work on /home/airflow/.local/lib/python3.12/site-packages/airflow/example_dags/example_setup_teardown.py
[2025-03-09T09:45:32.287+0000] {processor.py:914} INFO - Processing file /home/airflow/.local/lib/python3.12/site-packages/airflow/example_dags/example_setup_teardown.py for tasks to queue
[2025-03-09T09:45:32.290+0000] {logging_mixin.py:190} INFO - [2025-03-09T09:45:32.290+0000] {dagbag.py:588} INFO - Filling up the DagBag from /home/airflow/.local/lib/python3.12/site-packages/airflow/example_dags/example_setup_teardown.py
[2025-03-09T09:45:32.304+0000] {processor.py:925} INFO - DAG(s) 'example_setup_teardown' retrieved from /home/airflow/.local/lib/python3.12/site-packages/airflow/example_dags/example_setup_teardown.py
[2025-03-09T09:45:32.337+0000] {logging_mixin.py:190} INFO - [2025-03-09T09:45:32.337+0000] {dag.py:3239} INFO - Sync 1 DAGs
[2025-03-09T09:45:32.363+0000] {logging_mixin.py:190} INFO - [2025-03-09T09:45:32.363+0000] {dag.py:4180} INFO - Setting next_dagrun for example_setup_teardown to None, run_after=None
[2025-03-09T09:45:32.398+0000] {processor.py:208} INFO - Processing /home/airflow/.local/lib/python3.12/site-packages/airflow/example_dags/example_setup_teardown.py took 0.121 seconds
[2025-03-09T09:46:02.541+0000] {processor.py:186} INFO - Started process (PID=3821) to work on /home/airflow/.local/lib/python3.12/site-packages/airflow/example_dags/example_setup_teardown.py
[2025-03-09T09:46:02.543+0000] {processor.py:914} INFO - Processing file /home/airflow/.local/lib/python3.12/site-packages/airflow/example_dags/example_setup_teardown.py for tasks to queue
[2025-03-09T09:46:02.546+0000] {logging_mixin.py:190} INFO - [2025-03-09T09:46:02.546+0000] {dagbag.py:588} INFO - Filling up the DagBag from /home/airflow/.local/lib/python3.12/site-packages/airflow/example_dags/example_setup_teardown.py
[2025-03-09T09:46:02.559+0000] {processor.py:925} INFO - DAG(s) 'example_setup_teardown' retrieved from /home/airflow/.local/lib/python3.12/site-packages/airflow/example_dags/example_setup_teardown.py
[2025-03-09T09:46:02.598+0000] {logging_mixin.py:190} INFO - [2025-03-09T09:46:02.598+0000] {dag.py:3239} INFO - Sync 1 DAGs
[2025-03-09T09:46:02.623+0000] {logging_mixin.py:190} INFO - [2025-03-09T09:46:02.623+0000] {dag.py:4180} INFO - Setting next_dagrun for example_setup_teardown to None, run_after=None
[2025-03-09T09:46:02.673+0000] {processor.py:208} INFO - Processing /home/airflow/.local/lib/python3.12/site-packages/airflow/example_dags/example_setup_teardown.py took 0.139 seconds
[2025-03-09T09:46:34.213+0000] {processor.py:186} INFO - Started process (PID=3887) to work on /home/airflow/.local/lib/python3.12/site-packages/airflow/example_dags/example_setup_teardown.py
[2025-03-09T09:46:34.221+0000] {processor.py:914} INFO - Processing file /home/airflow/.local/lib/python3.12/site-packages/airflow/example_dags/example_setup_teardown.py for tasks to queue
[2025-03-09T09:46:34.231+0000] {logging_mixin.py:190} INFO - [2025-03-09T09:46:34.229+0000] {dagbag.py:588} INFO - Filling up the DagBag from /home/airflow/.local/lib/python3.12/site-packages/airflow/example_dags/example_setup_teardown.py
[2025-03-09T09:46:34.261+0000] {processor.py:925} INFO - DAG(s) 'example_setup_teardown' retrieved from /home/airflow/.local/lib/python3.12/site-packages/airflow/example_dags/example_setup_teardown.py
[2025-03-09T09:46:34.307+0000] {logging_mixin.py:190} INFO - [2025-03-09T09:46:34.306+0000] {dag.py:3239} INFO - Sync 1 DAGs
[2025-03-09T09:46:34.336+0000] {logging_mixin.py:190} INFO - [2025-03-09T09:46:34.335+0000] {dag.py:4180} INFO - Setting next_dagrun for example_setup_teardown to None, run_after=None
[2025-03-09T09:46:34.377+0000] {processor.py:208} INFO - Processing /home/airflow/.local/lib/python3.12/site-packages/airflow/example_dags/example_setup_teardown.py took 0.181 seconds
[2025-03-09T09:47:04.997+0000] {processor.py:186} INFO - Started process (PID=3951) to work on /home/airflow/.local/lib/python3.12/site-packages/airflow/example_dags/example_setup_teardown.py
[2025-03-09T09:47:04.999+0000] {processor.py:914} INFO - Processing file /home/airflow/.local/lib/python3.12/site-packages/airflow/example_dags/example_setup_teardown.py for tasks to queue
[2025-03-09T09:47:05.004+0000] {logging_mixin.py:190} INFO - [2025-03-09T09:47:05.003+0000] {dagbag.py:588} INFO - Filling up the DagBag from /home/airflow/.local/lib/python3.12/site-packages/airflow/example_dags/example_setup_teardown.py
[2025-03-09T09:47:05.020+0000] {processor.py:925} INFO - DAG(s) 'example_setup_teardown' retrieved from /home/airflow/.local/lib/python3.12/site-packages/airflow/example_dags/example_setup_teardown.py
[2025-03-09T09:47:05.057+0000] {logging_mixin.py:190} INFO - [2025-03-09T09:47:05.057+0000] {dag.py:3239} INFO - Sync 1 DAGs
[2025-03-09T09:47:05.091+0000] {logging_mixin.py:190} INFO - [2025-03-09T09:47:05.090+0000] {dag.py:4180} INFO - Setting next_dagrun for example_setup_teardown to None, run_after=None
[2025-03-09T09:47:05.136+0000] {processor.py:208} INFO - Processing /home/airflow/.local/lib/python3.12/site-packages/airflow/example_dags/example_setup_teardown.py took 0.150 seconds
[2025-03-09T09:47:36.867+0000] {processor.py:186} INFO - Started process (PID=4015) to work on /home/airflow/.local/lib/python3.12/site-packages/airflow/example_dags/example_setup_teardown.py
[2025-03-09T09:47:36.869+0000] {processor.py:914} INFO - Processing file /home/airflow/.local/lib/python3.12/site-packages/airflow/example_dags/example_setup_teardown.py for tasks to queue
[2025-03-09T09:47:36.874+0000] {logging_mixin.py:190} INFO - [2025-03-09T09:47:36.873+0000] {dagbag.py:588} INFO - Filling up the DagBag from /home/airflow/.local/lib/python3.12/site-packages/airflow/example_dags/example_setup_teardown.py
[2025-03-09T09:47:36.902+0000] {processor.py:925} INFO - DAG(s) 'example_setup_teardown' retrieved from /home/airflow/.local/lib/python3.12/site-packages/airflow/example_dags/example_setup_teardown.py
[2025-03-09T09:47:36.949+0000] {logging_mixin.py:190} INFO - [2025-03-09T09:47:36.949+0000] {dag.py:3239} INFO - Sync 1 DAGs
[2025-03-09T09:47:36.974+0000] {logging_mixin.py:190} INFO - [2025-03-09T09:47:36.973+0000] {dag.py:4180} INFO - Setting next_dagrun for example_setup_teardown to None, run_after=None
[2025-03-09T09:47:37.011+0000] {processor.py:208} INFO - Processing /home/airflow/.local/lib/python3.12/site-packages/airflow/example_dags/example_setup_teardown.py took 0.160 seconds
[2025-03-09T09:48:08.153+0000] {processor.py:186} INFO - Started process (PID=4080) to work on /home/airflow/.local/lib/python3.12/site-packages/airflow/example_dags/example_setup_teardown.py
[2025-03-09T09:48:08.158+0000] {processor.py:914} INFO - Processing file /home/airflow/.local/lib/python3.12/site-packages/airflow/example_dags/example_setup_teardown.py for tasks to queue
[2025-03-09T09:48:08.175+0000] {logging_mixin.py:190} INFO - [2025-03-09T09:48:08.174+0000] {dagbag.py:588} INFO - Filling up the DagBag from /home/airflow/.local/lib/python3.12/site-packages/airflow/example_dags/example_setup_teardown.py
[2025-03-09T09:48:08.199+0000] {processor.py:925} INFO - DAG(s) 'example_setup_teardown' retrieved from /home/airflow/.local/lib/python3.12/site-packages/airflow/example_dags/example_setup_teardown.py
[2025-03-09T09:48:08.239+0000] {logging_mixin.py:190} INFO - [2025-03-09T09:48:08.238+0000] {dag.py:3239} INFO - Sync 1 DAGs
[2025-03-09T09:48:08.263+0000] {logging_mixin.py:190} INFO - [2025-03-09T09:48:08.262+0000] {dag.py:4180} INFO - Setting next_dagrun for example_setup_teardown to None, run_after=None
[2025-03-09T09:48:08.296+0000] {processor.py:208} INFO - Processing /home/airflow/.local/lib/python3.12/site-packages/airflow/example_dags/example_setup_teardown.py took 0.162 seconds
[2025-03-09T09:48:40.860+0000] {processor.py:186} INFO - Started process (PID=4145) to work on /home/airflow/.local/lib/python3.12/site-packages/airflow/example_dags/example_setup_teardown.py
[2025-03-09T09:48:40.861+0000] {processor.py:914} INFO - Processing file /home/airflow/.local/lib/python3.12/site-packages/airflow/example_dags/example_setup_teardown.py for tasks to queue
[2025-03-09T09:48:40.866+0000] {logging_mixin.py:190} INFO - [2025-03-09T09:48:40.865+0000] {dagbag.py:588} INFO - Filling up the DagBag from /home/airflow/.local/lib/python3.12/site-packages/airflow/example_dags/example_setup_teardown.py
[2025-03-09T09:48:40.883+0000] {processor.py:925} INFO - DAG(s) 'example_setup_teardown' retrieved from /home/airflow/.local/lib/python3.12/site-packages/airflow/example_dags/example_setup_teardown.py
[2025-03-09T09:48:40.931+0000] {logging_mixin.py:190} INFO - [2025-03-09T09:48:40.930+0000] {dag.py:3239} INFO - Sync 1 DAGs
[2025-03-09T09:48:40.964+0000] {logging_mixin.py:190} INFO - [2025-03-09T09:48:40.963+0000] {dag.py:4180} INFO - Setting next_dagrun for example_setup_teardown to None, run_after=None
[2025-03-09T09:48:41.011+0000] {processor.py:208} INFO - Processing /home/airflow/.local/lib/python3.12/site-packages/airflow/example_dags/example_setup_teardown.py took 0.161 seconds
[2025-03-09T09:49:12.179+0000] {processor.py:186} INFO - Started process (PID=4210) to work on /home/airflow/.local/lib/python3.12/site-packages/airflow/example_dags/example_setup_teardown.py
[2025-03-09T09:49:12.181+0000] {processor.py:914} INFO - Processing file /home/airflow/.local/lib/python3.12/site-packages/airflow/example_dags/example_setup_teardown.py for tasks to queue
[2025-03-09T09:49:12.185+0000] {logging_mixin.py:190} INFO - [2025-03-09T09:49:12.184+0000] {dagbag.py:588} INFO - Filling up the DagBag from /home/airflow/.local/lib/python3.12/site-packages/airflow/example_dags/example_setup_teardown.py
[2025-03-09T09:49:12.200+0000] {processor.py:925} INFO - DAG(s) 'example_setup_teardown' retrieved from /home/airflow/.local/lib/python3.12/site-packages/airflow/example_dags/example_setup_teardown.py
[2025-03-09T09:49:12.236+0000] {logging_mixin.py:190} INFO - [2025-03-09T09:49:12.236+0000] {dag.py:3239} INFO - Sync 1 DAGs
[2025-03-09T09:49:12.264+0000] {logging_mixin.py:190} INFO - [2025-03-09T09:49:12.263+0000] {dag.py:4180} INFO - Setting next_dagrun for example_setup_teardown to None, run_after=None
[2025-03-09T09:49:12.306+0000] {processor.py:208} INFO - Processing /home/airflow/.local/lib/python3.12/site-packages/airflow/example_dags/example_setup_teardown.py took 0.144 seconds
[2025-03-09T09:49:43.906+0000] {processor.py:186} INFO - Started process (PID=4275) to work on /home/airflow/.local/lib/python3.12/site-packages/airflow/example_dags/example_setup_teardown.py
[2025-03-09T09:49:43.909+0000] {processor.py:914} INFO - Processing file /home/airflow/.local/lib/python3.12/site-packages/airflow/example_dags/example_setup_teardown.py for tasks to queue
[2025-03-09T09:49:43.913+0000] {logging_mixin.py:190} INFO - [2025-03-09T09:49:43.912+0000] {dagbag.py:588} INFO - Filling up the DagBag from /home/airflow/.local/lib/python3.12/site-packages/airflow/example_dags/example_setup_teardown.py
[2025-03-09T09:49:43.926+0000] {processor.py:925} INFO - DAG(s) 'example_setup_teardown' retrieved from /home/airflow/.local/lib/python3.12/site-packages/airflow/example_dags/example_setup_teardown.py
[2025-03-09T09:49:44.001+0000] {logging_mixin.py:190} INFO - [2025-03-09T09:49:44.001+0000] {dag.py:3239} INFO - Sync 1 DAGs
[2025-03-09T09:49:44.353+0000] {logging_mixin.py:190} INFO - [2025-03-09T09:49:44.353+0000] {dag.py:4180} INFO - Setting next_dagrun for example_setup_teardown to None, run_after=None
[2025-03-09T09:49:44.390+0000] {processor.py:208} INFO - Processing /home/airflow/.local/lib/python3.12/site-packages/airflow/example_dags/example_setup_teardown.py took 0.494 seconds
[2025-03-09T09:50:15.120+0000] {processor.py:186} INFO - Started process (PID=4340) to work on /home/airflow/.local/lib/python3.12/site-packages/airflow/example_dags/example_setup_teardown.py
[2025-03-09T09:50:15.122+0000] {processor.py:914} INFO - Processing file /home/airflow/.local/lib/python3.12/site-packages/airflow/example_dags/example_setup_teardown.py for tasks to queue
[2025-03-09T09:50:15.127+0000] {logging_mixin.py:190} INFO - [2025-03-09T09:50:15.126+0000] {dagbag.py:588} INFO - Filling up the DagBag from /home/airflow/.local/lib/python3.12/site-packages/airflow/example_dags/example_setup_teardown.py
[2025-03-09T09:50:15.140+0000] {processor.py:925} INFO - DAG(s) 'example_setup_teardown' retrieved from /home/airflow/.local/lib/python3.12/site-packages/airflow/example_dags/example_setup_teardown.py
[2025-03-09T09:50:15.178+0000] {logging_mixin.py:190} INFO - [2025-03-09T09:50:15.178+0000] {dag.py:3239} INFO - Sync 1 DAGs
[2025-03-09T09:50:15.210+0000] {logging_mixin.py:190} INFO - [2025-03-09T09:50:15.209+0000] {dag.py:4180} INFO - Setting next_dagrun for example_setup_teardown to None, run_after=None
[2025-03-09T09:50:15.251+0000] {processor.py:208} INFO - Processing /home/airflow/.local/lib/python3.12/site-packages/airflow/example_dags/example_setup_teardown.py took 0.140 seconds
[2025-03-09T09:50:45.457+0000] {processor.py:186} INFO - Started process (PID=4404) to work on /home/airflow/.local/lib/python3.12/site-packages/airflow/example_dags/example_setup_teardown.py
[2025-03-09T09:50:45.458+0000] {processor.py:914} INFO - Processing file /home/airflow/.local/lib/python3.12/site-packages/airflow/example_dags/example_setup_teardown.py for tasks to queue
[2025-03-09T09:50:45.462+0000] {logging_mixin.py:190} INFO - [2025-03-09T09:50:45.462+0000] {dagbag.py:588} INFO - Filling up the DagBag from /home/airflow/.local/lib/python3.12/site-packages/airflow/example_dags/example_setup_teardown.py
[2025-03-09T09:50:45.476+0000] {processor.py:925} INFO - DAG(s) 'example_setup_teardown' retrieved from /home/airflow/.local/lib/python3.12/site-packages/airflow/example_dags/example_setup_teardown.py
[2025-03-09T09:50:45.515+0000] {logging_mixin.py:190} INFO - [2025-03-09T09:50:45.515+0000] {dag.py:3239} INFO - Sync 1 DAGs
[2025-03-09T09:50:45.539+0000] {logging_mixin.py:190} INFO - [2025-03-09T09:50:45.538+0000] {dag.py:4180} INFO - Setting next_dagrun for example_setup_teardown to None, run_after=None
[2025-03-09T09:50:45.572+0000] {processor.py:208} INFO - Processing /home/airflow/.local/lib/python3.12/site-packages/airflow/example_dags/example_setup_teardown.py took 0.126 seconds
[2025-03-09T09:51:16.337+0000] {processor.py:186} INFO - Started process (PID=4470) to work on /home/airflow/.local/lib/python3.12/site-packages/airflow/example_dags/example_setup_teardown.py
[2025-03-09T09:51:16.344+0000] {processor.py:914} INFO - Processing file /home/airflow/.local/lib/python3.12/site-packages/airflow/example_dags/example_setup_teardown.py for tasks to queue
[2025-03-09T09:51:16.356+0000] {logging_mixin.py:190} INFO - [2025-03-09T09:51:16.355+0000] {dagbag.py:588} INFO - Filling up the DagBag from /home/airflow/.local/lib/python3.12/site-packages/airflow/example_dags/example_setup_teardown.py
[2025-03-09T09:51:16.383+0000] {processor.py:925} INFO - DAG(s) 'example_setup_teardown' retrieved from /home/airflow/.local/lib/python3.12/site-packages/airflow/example_dags/example_setup_teardown.py
[2025-03-09T09:51:16.433+0000] {logging_mixin.py:190} INFO - [2025-03-09T09:51:16.433+0000] {dag.py:3239} INFO - Sync 1 DAGs
[2025-03-09T09:51:16.474+0000] {logging_mixin.py:190} INFO - [2025-03-09T09:51:16.473+0000] {dag.py:4180} INFO - Setting next_dagrun for example_setup_teardown to None, run_after=None
[2025-03-09T09:51:16.525+0000] {processor.py:208} INFO - Processing /home/airflow/.local/lib/python3.12/site-packages/airflow/example_dags/example_setup_teardown.py took 0.211 seconds
[2025-03-09T09:51:47.500+0000] {processor.py:186} INFO - Started process (PID=4536) to work on /home/airflow/.local/lib/python3.12/site-packages/airflow/example_dags/example_setup_teardown.py
[2025-03-09T09:51:47.502+0000] {processor.py:914} INFO - Processing file /home/airflow/.local/lib/python3.12/site-packages/airflow/example_dags/example_setup_teardown.py for tasks to queue
[2025-03-09T09:51:47.509+0000] {logging_mixin.py:190} INFO - [2025-03-09T09:51:47.508+0000] {dagbag.py:588} INFO - Filling up the DagBag from /home/airflow/.local/lib/python3.12/site-packages/airflow/example_dags/example_setup_teardown.py
[2025-03-09T09:51:47.529+0000] {processor.py:925} INFO - DAG(s) 'example_setup_teardown' retrieved from /home/airflow/.local/lib/python3.12/site-packages/airflow/example_dags/example_setup_teardown.py
[2025-03-09T09:51:47.578+0000] {logging_mixin.py:190} INFO - [2025-03-09T09:51:47.578+0000] {dag.py:3239} INFO - Sync 1 DAGs
[2025-03-09T09:51:47.621+0000] {logging_mixin.py:190} INFO - [2025-03-09T09:51:47.620+0000] {dag.py:4180} INFO - Setting next_dagrun for example_setup_teardown to None, run_after=None
[2025-03-09T09:51:47.685+0000] {processor.py:208} INFO - Processing /home/airflow/.local/lib/python3.12/site-packages/airflow/example_dags/example_setup_teardown.py took 0.198 seconds
[2025-03-09T09:52:18.350+0000] {processor.py:186} INFO - Started process (PID=4600) to work on /home/airflow/.local/lib/python3.12/site-packages/airflow/example_dags/example_setup_teardown.py
[2025-03-09T09:52:18.362+0000] {processor.py:914} INFO - Processing file /home/airflow/.local/lib/python3.12/site-packages/airflow/example_dags/example_setup_teardown.py for tasks to queue
[2025-03-09T09:52:18.396+0000] {logging_mixin.py:190} INFO - [2025-03-09T09:52:18.395+0000] {dagbag.py:588} INFO - Filling up the DagBag from /home/airflow/.local/lib/python3.12/site-packages/airflow/example_dags/example_setup_teardown.py
[2025-03-09T09:52:18.436+0000] {processor.py:925} INFO - DAG(s) 'example_setup_teardown' retrieved from /home/airflow/.local/lib/python3.12/site-packages/airflow/example_dags/example_setup_teardown.py
[2025-03-09T09:52:18.505+0000] {logging_mixin.py:190} INFO - [2025-03-09T09:52:18.499+0000] {dag.py:3239} INFO - Sync 1 DAGs
[2025-03-09T09:52:18.568+0000] {logging_mixin.py:190} INFO - [2025-03-09T09:52:18.568+0000] {dag.py:4180} INFO - Setting next_dagrun for example_setup_teardown to None, run_after=None
[2025-03-09T09:52:18.651+0000] {processor.py:208} INFO - Processing /home/airflow/.local/lib/python3.12/site-packages/airflow/example_dags/example_setup_teardown.py took 0.325 seconds
[2025-03-09T09:52:49.606+0000] {processor.py:186} INFO - Started process (PID=4665) to work on /home/airflow/.local/lib/python3.12/site-packages/airflow/example_dags/example_setup_teardown.py
[2025-03-09T09:52:49.608+0000] {processor.py:914} INFO - Processing file /home/airflow/.local/lib/python3.12/site-packages/airflow/example_dags/example_setup_teardown.py for tasks to queue
[2025-03-09T09:52:49.613+0000] {logging_mixin.py:190} INFO - [2025-03-09T09:52:49.612+0000] {dagbag.py:588} INFO - Filling up the DagBag from /home/airflow/.local/lib/python3.12/site-packages/airflow/example_dags/example_setup_teardown.py
[2025-03-09T09:52:49.649+0000] {processor.py:925} INFO - DAG(s) 'example_setup_teardown' retrieved from /home/airflow/.local/lib/python3.12/site-packages/airflow/example_dags/example_setup_teardown.py
[2025-03-09T09:52:49.738+0000] {logging_mixin.py:190} INFO - [2025-03-09T09:52:49.737+0000] {dag.py:3239} INFO - Sync 1 DAGs
[2025-03-09T09:52:49.799+0000] {logging_mixin.py:190} INFO - [2025-03-09T09:52:49.798+0000] {dag.py:4180} INFO - Setting next_dagrun for example_setup_teardown to None, run_after=None
[2025-03-09T09:52:49.995+0000] {processor.py:208} INFO - Processing /home/airflow/.local/lib/python3.12/site-packages/airflow/example_dags/example_setup_teardown.py took 0.403 seconds
[2025-03-09T09:53:20.930+0000] {processor.py:186} INFO - Started process (PID=4730) to work on /home/airflow/.local/lib/python3.12/site-packages/airflow/example_dags/example_setup_teardown.py
[2025-03-09T09:53:20.932+0000] {processor.py:914} INFO - Processing file /home/airflow/.local/lib/python3.12/site-packages/airflow/example_dags/example_setup_teardown.py for tasks to queue
[2025-03-09T09:53:20.937+0000] {logging_mixin.py:190} INFO - [2025-03-09T09:53:20.936+0000] {dagbag.py:588} INFO - Filling up the DagBag from /home/airflow/.local/lib/python3.12/site-packages/airflow/example_dags/example_setup_teardown.py
[2025-03-09T09:53:20.955+0000] {processor.py:925} INFO - DAG(s) 'example_setup_teardown' retrieved from /home/airflow/.local/lib/python3.12/site-packages/airflow/example_dags/example_setup_teardown.py
[2025-03-09T09:53:21.000+0000] {logging_mixin.py:190} INFO - [2025-03-09T09:53:20.998+0000] {dag.py:3239} INFO - Sync 1 DAGs
[2025-03-09T09:53:21.040+0000] {logging_mixin.py:190} INFO - [2025-03-09T09:53:21.040+0000] {dag.py:4180} INFO - Setting next_dagrun for example_setup_teardown to None, run_after=None
[2025-03-09T09:53:21.081+0000] {processor.py:208} INFO - Processing /home/airflow/.local/lib/python3.12/site-packages/airflow/example_dags/example_setup_teardown.py took 0.162 seconds
[2025-03-09T09:53:51.239+0000] {processor.py:186} INFO - Started process (PID=4795) to work on /home/airflow/.local/lib/python3.12/site-packages/airflow/example_dags/example_setup_teardown.py
[2025-03-09T09:53:51.241+0000] {processor.py:914} INFO - Processing file /home/airflow/.local/lib/python3.12/site-packages/airflow/example_dags/example_setup_teardown.py for tasks to queue
[2025-03-09T09:53:51.245+0000] {logging_mixin.py:190} INFO - [2025-03-09T09:53:51.244+0000] {dagbag.py:588} INFO - Filling up the DagBag from /home/airflow/.local/lib/python3.12/site-packages/airflow/example_dags/example_setup_teardown.py
[2025-03-09T09:53:51.259+0000] {processor.py:925} INFO - DAG(s) 'example_setup_teardown' retrieved from /home/airflow/.local/lib/python3.12/site-packages/airflow/example_dags/example_setup_teardown.py
[2025-03-09T09:53:51.293+0000] {logging_mixin.py:190} INFO - [2025-03-09T09:53:51.293+0000] {dag.py:3239} INFO - Sync 1 DAGs
[2025-03-09T09:53:51.315+0000] {logging_mixin.py:190} INFO - [2025-03-09T09:53:51.315+0000] {dag.py:4180} INFO - Setting next_dagrun for example_setup_teardown to None, run_after=None
[2025-03-09T09:53:51.350+0000] {processor.py:208} INFO - Processing /home/airflow/.local/lib/python3.12/site-packages/airflow/example_dags/example_setup_teardown.py took 0.121 seconds
[2025-03-09T09:54:22.286+0000] {processor.py:186} INFO - Started process (PID=4860) to work on /home/airflow/.local/lib/python3.12/site-packages/airflow/example_dags/example_setup_teardown.py
[2025-03-09T09:54:22.289+0000] {processor.py:914} INFO - Processing file /home/airflow/.local/lib/python3.12/site-packages/airflow/example_dags/example_setup_teardown.py for tasks to queue
[2025-03-09T09:54:22.294+0000] {logging_mixin.py:190} INFO - [2025-03-09T09:54:22.293+0000] {dagbag.py:588} INFO - Filling up the DagBag from /home/airflow/.local/lib/python3.12/site-packages/airflow/example_dags/example_setup_teardown.py
[2025-03-09T09:54:22.313+0000] {processor.py:925} INFO - DAG(s) 'example_setup_teardown' retrieved from /home/airflow/.local/lib/python3.12/site-packages/airflow/example_dags/example_setup_teardown.py
[2025-03-09T09:54:22.370+0000] {logging_mixin.py:190} INFO - [2025-03-09T09:54:22.368+0000] {dag.py:3239} INFO - Sync 1 DAGs
[2025-03-09T09:54:22.412+0000] {logging_mixin.py:190} INFO - [2025-03-09T09:54:22.411+0000] {dag.py:4180} INFO - Setting next_dagrun for example_setup_teardown to None, run_after=None
[2025-03-09T09:54:22.468+0000] {processor.py:208} INFO - Processing /home/airflow/.local/lib/python3.12/site-packages/airflow/example_dags/example_setup_teardown.py took 0.192 seconds
[2025-03-09T09:54:53.009+0000] {processor.py:186} INFO - Started process (PID=4925) to work on /home/airflow/.local/lib/python3.12/site-packages/airflow/example_dags/example_setup_teardown.py
[2025-03-09T09:54:53.011+0000] {processor.py:914} INFO - Processing file /home/airflow/.local/lib/python3.12/site-packages/airflow/example_dags/example_setup_teardown.py for tasks to queue
[2025-03-09T09:54:53.015+0000] {logging_mixin.py:190} INFO - [2025-03-09T09:54:53.014+0000] {dagbag.py:588} INFO - Filling up the DagBag from /home/airflow/.local/lib/python3.12/site-packages/airflow/example_dags/example_setup_teardown.py
[2025-03-09T09:54:53.031+0000] {processor.py:925} INFO - DAG(s) 'example_setup_teardown' retrieved from /home/airflow/.local/lib/python3.12/site-packages/airflow/example_dags/example_setup_teardown.py
[2025-03-09T09:54:53.091+0000] {logging_mixin.py:190} INFO - [2025-03-09T09:54:53.090+0000] {dag.py:3239} INFO - Sync 1 DAGs
[2025-03-09T09:54:53.114+0000] {logging_mixin.py:190} INFO - [2025-03-09T09:54:53.114+0000] {dag.py:4180} INFO - Setting next_dagrun for example_setup_teardown to None, run_after=None
[2025-03-09T09:54:53.157+0000] {processor.py:208} INFO - Processing /home/airflow/.local/lib/python3.12/site-packages/airflow/example_dags/example_setup_teardown.py took 0.157 seconds
[2025-03-09T09:55:23.453+0000] {processor.py:186} INFO - Started process (PID=4990) to work on /home/airflow/.local/lib/python3.12/site-packages/airflow/example_dags/example_setup_teardown.py
[2025-03-09T09:55:23.455+0000] {processor.py:914} INFO - Processing file /home/airflow/.local/lib/python3.12/site-packages/airflow/example_dags/example_setup_teardown.py for tasks to queue
[2025-03-09T09:55:23.459+0000] {logging_mixin.py:190} INFO - [2025-03-09T09:55:23.458+0000] {dagbag.py:588} INFO - Filling up the DagBag from /home/airflow/.local/lib/python3.12/site-packages/airflow/example_dags/example_setup_teardown.py
[2025-03-09T09:55:23.473+0000] {processor.py:925} INFO - DAG(s) 'example_setup_teardown' retrieved from /home/airflow/.local/lib/python3.12/site-packages/airflow/example_dags/example_setup_teardown.py
[2025-03-09T09:55:23.514+0000] {logging_mixin.py:190} INFO - [2025-03-09T09:55:23.513+0000] {dag.py:3239} INFO - Sync 1 DAGs
[2025-03-09T09:55:23.536+0000] {logging_mixin.py:190} INFO - [2025-03-09T09:55:23.536+0000] {dag.py:4180} INFO - Setting next_dagrun for example_setup_teardown to None, run_after=None
[2025-03-09T09:55:23.569+0000] {processor.py:208} INFO - Processing /home/airflow/.local/lib/python3.12/site-packages/airflow/example_dags/example_setup_teardown.py took 0.127 seconds
[2025-03-09T09:55:53.844+0000] {processor.py:186} INFO - Started process (PID=5055) to work on /home/airflow/.local/lib/python3.12/site-packages/airflow/example_dags/example_setup_teardown.py
[2025-03-09T09:55:53.846+0000] {processor.py:914} INFO - Processing file /home/airflow/.local/lib/python3.12/site-packages/airflow/example_dags/example_setup_teardown.py for tasks to queue
[2025-03-09T09:55:53.851+0000] {logging_mixin.py:190} INFO - [2025-03-09T09:55:53.850+0000] {dagbag.py:588} INFO - Filling up the DagBag from /home/airflow/.local/lib/python3.12/site-packages/airflow/example_dags/example_setup_teardown.py
[2025-03-09T09:55:53.865+0000] {processor.py:925} INFO - DAG(s) 'example_setup_teardown' retrieved from /home/airflow/.local/lib/python3.12/site-packages/airflow/example_dags/example_setup_teardown.py
[2025-03-09T09:55:53.901+0000] {logging_mixin.py:190} INFO - [2025-03-09T09:55:53.901+0000] {dag.py:3239} INFO - Sync 1 DAGs
[2025-03-09T09:55:53.924+0000] {logging_mixin.py:190} INFO - [2025-03-09T09:55:53.923+0000] {dag.py:4180} INFO - Setting next_dagrun for example_setup_teardown to None, run_after=None
[2025-03-09T09:55:53.965+0000] {processor.py:208} INFO - Processing /home/airflow/.local/lib/python3.12/site-packages/airflow/example_dags/example_setup_teardown.py took 0.129 seconds
[2025-03-09T09:56:24.186+0000] {processor.py:186} INFO - Started process (PID=5120) to work on /home/airflow/.local/lib/python3.12/site-packages/airflow/example_dags/example_setup_teardown.py
[2025-03-09T09:56:24.188+0000] {processor.py:914} INFO - Processing file /home/airflow/.local/lib/python3.12/site-packages/airflow/example_dags/example_setup_teardown.py for tasks to queue
[2025-03-09T09:56:24.192+0000] {logging_mixin.py:190} INFO - [2025-03-09T09:56:24.191+0000] {dagbag.py:588} INFO - Filling up the DagBag from /home/airflow/.local/lib/python3.12/site-packages/airflow/example_dags/example_setup_teardown.py
[2025-03-09T09:56:24.210+0000] {processor.py:925} INFO - DAG(s) 'example_setup_teardown' retrieved from /home/airflow/.local/lib/python3.12/site-packages/airflow/example_dags/example_setup_teardown.py
[2025-03-09T09:56:24.251+0000] {logging_mixin.py:190} INFO - [2025-03-09T09:56:24.250+0000] {dag.py:3239} INFO - Sync 1 DAGs
[2025-03-09T09:56:24.274+0000] {logging_mixin.py:190} INFO - [2025-03-09T09:56:24.274+0000] {dag.py:4180} INFO - Setting next_dagrun for example_setup_teardown to None, run_after=None
[2025-03-09T09:56:24.319+0000] {processor.py:208} INFO - Processing /home/airflow/.local/lib/python3.12/site-packages/airflow/example_dags/example_setup_teardown.py took 0.144 seconds
[2025-03-09T09:56:54.616+0000] {processor.py:186} INFO - Started process (PID=5185) to work on /home/airflow/.local/lib/python3.12/site-packages/airflow/example_dags/example_setup_teardown.py
[2025-03-09T09:56:54.618+0000] {processor.py:914} INFO - Processing file /home/airflow/.local/lib/python3.12/site-packages/airflow/example_dags/example_setup_teardown.py for tasks to queue
[2025-03-09T09:56:54.621+0000] {logging_mixin.py:190} INFO - [2025-03-09T09:56:54.621+0000] {dagbag.py:588} INFO - Filling up the DagBag from /home/airflow/.local/lib/python3.12/site-packages/airflow/example_dags/example_setup_teardown.py
[2025-03-09T09:56:54.635+0000] {processor.py:925} INFO - DAG(s) 'example_setup_teardown' retrieved from /home/airflow/.local/lib/python3.12/site-packages/airflow/example_dags/example_setup_teardown.py
[2025-03-09T09:56:54.672+0000] {logging_mixin.py:190} INFO - [2025-03-09T09:56:54.672+0000] {dag.py:3239} INFO - Sync 1 DAGs
[2025-03-09T09:56:54.694+0000] {logging_mixin.py:190} INFO - [2025-03-09T09:56:54.693+0000] {dag.py:4180} INFO - Setting next_dagrun for example_setup_teardown to None, run_after=None
[2025-03-09T09:56:54.725+0000] {processor.py:208} INFO - Processing /home/airflow/.local/lib/python3.12/site-packages/airflow/example_dags/example_setup_teardown.py took 0.118 seconds
[2025-03-09T09:57:25.623+0000] {processor.py:186} INFO - Started process (PID=5252) to work on /home/airflow/.local/lib/python3.12/site-packages/airflow/example_dags/example_setup_teardown.py
[2025-03-09T09:57:25.625+0000] {processor.py:914} INFO - Processing file /home/airflow/.local/lib/python3.12/site-packages/airflow/example_dags/example_setup_teardown.py for tasks to queue
[2025-03-09T09:57:25.628+0000] {logging_mixin.py:190} INFO - [2025-03-09T09:57:25.628+0000] {dagbag.py:588} INFO - Filling up the DagBag from /home/airflow/.local/lib/python3.12/site-packages/airflow/example_dags/example_setup_teardown.py
[2025-03-09T09:57:25.643+0000] {processor.py:925} INFO - DAG(s) 'example_setup_teardown' retrieved from /home/airflow/.local/lib/python3.12/site-packages/airflow/example_dags/example_setup_teardown.py
[2025-03-09T09:57:25.679+0000] {logging_mixin.py:190} INFO - [2025-03-09T09:57:25.678+0000] {dag.py:3239} INFO - Sync 1 DAGs
[2025-03-09T09:57:25.701+0000] {logging_mixin.py:190} INFO - [2025-03-09T09:57:25.700+0000] {dag.py:4180} INFO - Setting next_dagrun for example_setup_teardown to None, run_after=None
[2025-03-09T09:57:25.734+0000] {processor.py:208} INFO - Processing /home/airflow/.local/lib/python3.12/site-packages/airflow/example_dags/example_setup_teardown.py took 0.118 seconds
[2025-03-09T09:57:56.423+0000] {processor.py:186} INFO - Started process (PID=5317) to work on /home/airflow/.local/lib/python3.12/site-packages/airflow/example_dags/example_setup_teardown.py
[2025-03-09T09:57:56.425+0000] {processor.py:914} INFO - Processing file /home/airflow/.local/lib/python3.12/site-packages/airflow/example_dags/example_setup_teardown.py for tasks to queue
[2025-03-09T09:57:56.430+0000] {logging_mixin.py:190} INFO - [2025-03-09T09:57:56.429+0000] {dagbag.py:588} INFO - Filling up the DagBag from /home/airflow/.local/lib/python3.12/site-packages/airflow/example_dags/example_setup_teardown.py
[2025-03-09T09:57:56.449+0000] {processor.py:925} INFO - DAG(s) 'example_setup_teardown' retrieved from /home/airflow/.local/lib/python3.12/site-packages/airflow/example_dags/example_setup_teardown.py
[2025-03-09T09:57:56.498+0000] {logging_mixin.py:190} INFO - [2025-03-09T09:57:56.498+0000] {dag.py:3239} INFO - Sync 1 DAGs
[2025-03-09T09:57:56.542+0000] {logging_mixin.py:190} INFO - [2025-03-09T09:57:56.541+0000] {dag.py:4180} INFO - Setting next_dagrun for example_setup_teardown to None, run_after=None
[2025-03-09T09:57:56.588+0000] {processor.py:208} INFO - Processing /home/airflow/.local/lib/python3.12/site-packages/airflow/example_dags/example_setup_teardown.py took 0.180 seconds
[2025-03-09T09:58:26.785+0000] {processor.py:186} INFO - Started process (PID=5382) to work on /home/airflow/.local/lib/python3.12/site-packages/airflow/example_dags/example_setup_teardown.py
[2025-03-09T09:58:26.787+0000] {processor.py:914} INFO - Processing file /home/airflow/.local/lib/python3.12/site-packages/airflow/example_dags/example_setup_teardown.py for tasks to queue
[2025-03-09T09:58:26.792+0000] {logging_mixin.py:190} INFO - [2025-03-09T09:58:26.790+0000] {dagbag.py:588} INFO - Filling up the DagBag from /home/airflow/.local/lib/python3.12/site-packages/airflow/example_dags/example_setup_teardown.py
[2025-03-09T09:58:26.812+0000] {processor.py:925} INFO - DAG(s) 'example_setup_teardown' retrieved from /home/airflow/.local/lib/python3.12/site-packages/airflow/example_dags/example_setup_teardown.py
[2025-03-09T09:58:26.850+0000] {logging_mixin.py:190} INFO - [2025-03-09T09:58:26.849+0000] {dag.py:3239} INFO - Sync 1 DAGs
[2025-03-09T09:58:26.875+0000] {logging_mixin.py:190} INFO - [2025-03-09T09:58:26.875+0000] {dag.py:4180} INFO - Setting next_dagrun for example_setup_teardown to None, run_after=None
[2025-03-09T09:58:26.910+0000] {processor.py:208} INFO - Processing /home/airflow/.local/lib/python3.12/site-packages/airflow/example_dags/example_setup_teardown.py took 0.135 seconds
[2025-03-09T09:58:57.353+0000] {processor.py:186} INFO - Started process (PID=5447) to work on /home/airflow/.local/lib/python3.12/site-packages/airflow/example_dags/example_setup_teardown.py
[2025-03-09T09:58:57.354+0000] {processor.py:914} INFO - Processing file /home/airflow/.local/lib/python3.12/site-packages/airflow/example_dags/example_setup_teardown.py for tasks to queue
[2025-03-09T09:58:57.357+0000] {logging_mixin.py:190} INFO - [2025-03-09T09:58:57.357+0000] {dagbag.py:588} INFO - Filling up the DagBag from /home/airflow/.local/lib/python3.12/site-packages/airflow/example_dags/example_setup_teardown.py
[2025-03-09T09:58:57.368+0000] {processor.py:925} INFO - DAG(s) 'example_setup_teardown' retrieved from /home/airflow/.local/lib/python3.12/site-packages/airflow/example_dags/example_setup_teardown.py
[2025-03-09T09:58:57.403+0000] {logging_mixin.py:190} INFO - [2025-03-09T09:58:57.402+0000] {dag.py:3239} INFO - Sync 1 DAGs
[2025-03-09T09:58:57.431+0000] {logging_mixin.py:190} INFO - [2025-03-09T09:58:57.430+0000] {dag.py:4180} INFO - Setting next_dagrun for example_setup_teardown to None, run_after=None
[2025-03-09T09:58:57.472+0000] {processor.py:208} INFO - Processing /home/airflow/.local/lib/python3.12/site-packages/airflow/example_dags/example_setup_teardown.py took 0.126 seconds
[2025-03-09T09:59:27.981+0000] {processor.py:186} INFO - Started process (PID=5512) to work on /home/airflow/.local/lib/python3.12/site-packages/airflow/example_dags/example_setup_teardown.py
[2025-03-09T09:59:27.982+0000] {processor.py:914} INFO - Processing file /home/airflow/.local/lib/python3.12/site-packages/airflow/example_dags/example_setup_teardown.py for tasks to queue
[2025-03-09T09:59:27.986+0000] {logging_mixin.py:190} INFO - [2025-03-09T09:59:27.986+0000] {dagbag.py:588} INFO - Filling up the DagBag from /home/airflow/.local/lib/python3.12/site-packages/airflow/example_dags/example_setup_teardown.py
[2025-03-09T09:59:28.002+0000] {processor.py:925} INFO - DAG(s) 'example_setup_teardown' retrieved from /home/airflow/.local/lib/python3.12/site-packages/airflow/example_dags/example_setup_teardown.py
[2025-03-09T09:59:28.052+0000] {logging_mixin.py:190} INFO - [2025-03-09T09:59:28.051+0000] {dag.py:3239} INFO - Sync 1 DAGs
[2025-03-09T09:59:28.075+0000] {logging_mixin.py:190} INFO - [2025-03-09T09:59:28.075+0000] {dag.py:4180} INFO - Setting next_dagrun for example_setup_teardown to None, run_after=None
[2025-03-09T09:59:28.114+0000] {processor.py:208} INFO - Processing /home/airflow/.local/lib/python3.12/site-packages/airflow/example_dags/example_setup_teardown.py took 0.142 seconds
[2025-03-09T09:59:58.916+0000] {processor.py:186} INFO - Started process (PID=5578) to work on /home/airflow/.local/lib/python3.12/site-packages/airflow/example_dags/example_setup_teardown.py
[2025-03-09T09:59:58.917+0000] {processor.py:914} INFO - Processing file /home/airflow/.local/lib/python3.12/site-packages/airflow/example_dags/example_setup_teardown.py for tasks to queue
[2025-03-09T09:59:58.922+0000] {logging_mixin.py:190} INFO - [2025-03-09T09:59:58.922+0000] {dagbag.py:588} INFO - Filling up the DagBag from /home/airflow/.local/lib/python3.12/site-packages/airflow/example_dags/example_setup_teardown.py
[2025-03-09T09:59:58.939+0000] {processor.py:925} INFO - DAG(s) 'example_setup_teardown' retrieved from /home/airflow/.local/lib/python3.12/site-packages/airflow/example_dags/example_setup_teardown.py
[2025-03-09T09:59:58.975+0000] {logging_mixin.py:190} INFO - [2025-03-09T09:59:58.975+0000] {dag.py:3239} INFO - Sync 1 DAGs
[2025-03-09T09:59:58.999+0000] {logging_mixin.py:190} INFO - [2025-03-09T09:59:58.999+0000] {dag.py:4180} INFO - Setting next_dagrun for example_setup_teardown to None, run_after=None
[2025-03-09T09:59:59.036+0000] {processor.py:208} INFO - Processing /home/airflow/.local/lib/python3.12/site-packages/airflow/example_dags/example_setup_teardown.py took 0.131 seconds
[2025-03-09T10:00:29.217+0000] {processor.py:186} INFO - Started process (PID=5643) to work on /home/airflow/.local/lib/python3.12/site-packages/airflow/example_dags/example_setup_teardown.py
[2025-03-09T10:00:29.218+0000] {processor.py:914} INFO - Processing file /home/airflow/.local/lib/python3.12/site-packages/airflow/example_dags/example_setup_teardown.py for tasks to queue
[2025-03-09T10:00:29.222+0000] {logging_mixin.py:190} INFO - [2025-03-09T10:00:29.222+0000] {dagbag.py:588} INFO - Filling up the DagBag from /home/airflow/.local/lib/python3.12/site-packages/airflow/example_dags/example_setup_teardown.py
[2025-03-09T10:00:29.238+0000] {processor.py:925} INFO - DAG(s) 'example_setup_teardown' retrieved from /home/airflow/.local/lib/python3.12/site-packages/airflow/example_dags/example_setup_teardown.py
[2025-03-09T10:00:29.289+0000] {logging_mixin.py:190} INFO - [2025-03-09T10:00:29.288+0000] {dag.py:3239} INFO - Sync 1 DAGs
[2025-03-09T10:00:29.325+0000] {logging_mixin.py:190} INFO - [2025-03-09T10:00:29.324+0000] {dag.py:4180} INFO - Setting next_dagrun for example_setup_teardown to None, run_after=None
[2025-03-09T10:00:29.377+0000] {processor.py:208} INFO - Processing /home/airflow/.local/lib/python3.12/site-packages/airflow/example_dags/example_setup_teardown.py took 0.169 seconds
[2025-03-09T10:01:00.122+0000] {processor.py:186} INFO - Started process (PID=5708) to work on /home/airflow/.local/lib/python3.12/site-packages/airflow/example_dags/example_setup_teardown.py
[2025-03-09T10:01:00.124+0000] {processor.py:914} INFO - Processing file /home/airflow/.local/lib/python3.12/site-packages/airflow/example_dags/example_setup_teardown.py for tasks to queue
[2025-03-09T10:01:00.129+0000] {logging_mixin.py:190} INFO - [2025-03-09T10:01:00.128+0000] {dagbag.py:588} INFO - Filling up the DagBag from /home/airflow/.local/lib/python3.12/site-packages/airflow/example_dags/example_setup_teardown.py
[2025-03-09T10:01:00.143+0000] {processor.py:925} INFO - DAG(s) 'example_setup_teardown' retrieved from /home/airflow/.local/lib/python3.12/site-packages/airflow/example_dags/example_setup_teardown.py
[2025-03-09T10:01:00.182+0000] {logging_mixin.py:190} INFO - [2025-03-09T10:01:00.182+0000] {dag.py:3239} INFO - Sync 1 DAGs
[2025-03-09T10:01:00.204+0000] {logging_mixin.py:190} INFO - [2025-03-09T10:01:00.204+0000] {dag.py:4180} INFO - Setting next_dagrun for example_setup_teardown to None, run_after=None
[2025-03-09T10:01:00.242+0000] {processor.py:208} INFO - Processing /home/airflow/.local/lib/python3.12/site-packages/airflow/example_dags/example_setup_teardown.py took 0.130 seconds
[2025-03-09T10:01:30.401+0000] {processor.py:186} INFO - Started process (PID=5773) to work on /home/airflow/.local/lib/python3.12/site-packages/airflow/example_dags/example_setup_teardown.py
[2025-03-09T10:01:30.403+0000] {processor.py:914} INFO - Processing file /home/airflow/.local/lib/python3.12/site-packages/airflow/example_dags/example_setup_teardown.py for tasks to queue
[2025-03-09T10:01:30.406+0000] {logging_mixin.py:190} INFO - [2025-03-09T10:01:30.406+0000] {dagbag.py:588} INFO - Filling up the DagBag from /home/airflow/.local/lib/python3.12/site-packages/airflow/example_dags/example_setup_teardown.py
[2025-03-09T10:01:30.421+0000] {processor.py:925} INFO - DAG(s) 'example_setup_teardown' retrieved from /home/airflow/.local/lib/python3.12/site-packages/airflow/example_dags/example_setup_teardown.py
[2025-03-09T10:01:30.454+0000] {logging_mixin.py:190} INFO - [2025-03-09T10:01:30.453+0000] {dag.py:3239} INFO - Sync 1 DAGs
[2025-03-09T10:01:30.494+0000] {logging_mixin.py:190} INFO - [2025-03-09T10:01:30.493+0000] {dag.py:4180} INFO - Setting next_dagrun for example_setup_teardown to None, run_after=None
[2025-03-09T10:01:30.539+0000] {processor.py:208} INFO - Processing /home/airflow/.local/lib/python3.12/site-packages/airflow/example_dags/example_setup_teardown.py took 0.147 seconds
[2025-03-09T10:02:01.146+0000] {processor.py:186} INFO - Started process (PID=5837) to work on /home/airflow/.local/lib/python3.12/site-packages/airflow/example_dags/example_setup_teardown.py
[2025-03-09T10:02:01.148+0000] {processor.py:914} INFO - Processing file /home/airflow/.local/lib/python3.12/site-packages/airflow/example_dags/example_setup_teardown.py for tasks to queue
[2025-03-09T10:02:01.153+0000] {logging_mixin.py:190} INFO - [2025-03-09T10:02:01.152+0000] {dagbag.py:588} INFO - Filling up the DagBag from /home/airflow/.local/lib/python3.12/site-packages/airflow/example_dags/example_setup_teardown.py
[2025-03-09T10:02:01.172+0000] {processor.py:925} INFO - DAG(s) 'example_setup_teardown' retrieved from /home/airflow/.local/lib/python3.12/site-packages/airflow/example_dags/example_setup_teardown.py
[2025-03-09T10:02:01.206+0000] {logging_mixin.py:190} INFO - [2025-03-09T10:02:01.206+0000] {dag.py:3239} INFO - Sync 1 DAGs
[2025-03-09T10:02:01.232+0000] {logging_mixin.py:190} INFO - [2025-03-09T10:02:01.231+0000] {dag.py:4180} INFO - Setting next_dagrun for example_setup_teardown to None, run_after=None
[2025-03-09T10:02:01.269+0000] {processor.py:208} INFO - Processing /home/airflow/.local/lib/python3.12/site-packages/airflow/example_dags/example_setup_teardown.py took 0.135 seconds
[2025-03-09T10:02:31.736+0000] {processor.py:186} INFO - Started process (PID=5902) to work on /home/airflow/.local/lib/python3.12/site-packages/airflow/example_dags/example_setup_teardown.py
[2025-03-09T10:02:31.738+0000] {processor.py:914} INFO - Processing file /home/airflow/.local/lib/python3.12/site-packages/airflow/example_dags/example_setup_teardown.py for tasks to queue
[2025-03-09T10:02:31.741+0000] {logging_mixin.py:190} INFO - [2025-03-09T10:02:31.741+0000] {dagbag.py:588} INFO - Filling up the DagBag from /home/airflow/.local/lib/python3.12/site-packages/airflow/example_dags/example_setup_teardown.py
[2025-03-09T10:02:31.754+0000] {processor.py:925} INFO - DAG(s) 'example_setup_teardown' retrieved from /home/airflow/.local/lib/python3.12/site-packages/airflow/example_dags/example_setup_teardown.py
[2025-03-09T10:02:31.786+0000] {logging_mixin.py:190} INFO - [2025-03-09T10:02:31.786+0000] {dag.py:3239} INFO - Sync 1 DAGs
[2025-03-09T10:02:31.808+0000] {logging_mixin.py:190} INFO - [2025-03-09T10:02:31.808+0000] {dag.py:4180} INFO - Setting next_dagrun for example_setup_teardown to None, run_after=None
[2025-03-09T10:02:31.841+0000] {processor.py:208} INFO - Processing /home/airflow/.local/lib/python3.12/site-packages/airflow/example_dags/example_setup_teardown.py took 0.113 seconds
[2025-03-09T10:03:02.379+0000] {processor.py:186} INFO - Started process (PID=5973) to work on /home/airflow/.local/lib/python3.12/site-packages/airflow/example_dags/example_setup_teardown.py
[2025-03-09T10:03:02.381+0000] {processor.py:914} INFO - Processing file /home/airflow/.local/lib/python3.12/site-packages/airflow/example_dags/example_setup_teardown.py for tasks to queue
[2025-03-09T10:03:02.385+0000] {logging_mixin.py:190} INFO - [2025-03-09T10:03:02.384+0000] {dagbag.py:588} INFO - Filling up the DagBag from /home/airflow/.local/lib/python3.12/site-packages/airflow/example_dags/example_setup_teardown.py
[2025-03-09T10:03:02.399+0000] {processor.py:925} INFO - DAG(s) 'example_setup_teardown' retrieved from /home/airflow/.local/lib/python3.12/site-packages/airflow/example_dags/example_setup_teardown.py
[2025-03-09T10:03:02.435+0000] {logging_mixin.py:190} INFO - [2025-03-09T10:03:02.434+0000] {dag.py:3239} INFO - Sync 1 DAGs
[2025-03-09T10:03:02.474+0000] {logging_mixin.py:190} INFO - [2025-03-09T10:03:02.474+0000] {dag.py:4180} INFO - Setting next_dagrun for example_setup_teardown to None, run_after=None
[2025-03-09T10:03:02.507+0000] {processor.py:208} INFO - Processing /home/airflow/.local/lib/python3.12/site-packages/airflow/example_dags/example_setup_teardown.py took 0.137 seconds
[2025-03-09T10:03:34.389+0000] {processor.py:186} INFO - Started process (PID=6038) to work on /home/airflow/.local/lib/python3.12/site-packages/airflow/example_dags/example_setup_teardown.py
[2025-03-09T10:03:34.391+0000] {processor.py:914} INFO - Processing file /home/airflow/.local/lib/python3.12/site-packages/airflow/example_dags/example_setup_teardown.py for tasks to queue
[2025-03-09T10:03:34.396+0000] {logging_mixin.py:190} INFO - [2025-03-09T10:03:34.395+0000] {dagbag.py:588} INFO - Filling up the DagBag from /home/airflow/.local/lib/python3.12/site-packages/airflow/example_dags/example_setup_teardown.py
[2025-03-09T10:03:34.412+0000] {processor.py:925} INFO - DAG(s) 'example_setup_teardown' retrieved from /home/airflow/.local/lib/python3.12/site-packages/airflow/example_dags/example_setup_teardown.py
[2025-03-09T10:03:34.446+0000] {logging_mixin.py:190} INFO - [2025-03-09T10:03:34.446+0000] {dag.py:3239} INFO - Sync 1 DAGs
[2025-03-09T10:03:34.467+0000] {logging_mixin.py:190} INFO - [2025-03-09T10:03:34.466+0000] {dag.py:4180} INFO - Setting next_dagrun for example_setup_teardown to None, run_after=None
[2025-03-09T10:03:34.499+0000] {processor.py:208} INFO - Processing /home/airflow/.local/lib/python3.12/site-packages/airflow/example_dags/example_setup_teardown.py took 0.119 seconds
[2025-03-09T10:04:06.228+0000] {processor.py:186} INFO - Started process (PID=6103) to work on /home/airflow/.local/lib/python3.12/site-packages/airflow/example_dags/example_setup_teardown.py
[2025-03-09T10:04:06.229+0000] {processor.py:914} INFO - Processing file /home/airflow/.local/lib/python3.12/site-packages/airflow/example_dags/example_setup_teardown.py for tasks to queue
[2025-03-09T10:04:06.233+0000] {logging_mixin.py:190} INFO - [2025-03-09T10:04:06.233+0000] {dagbag.py:588} INFO - Filling up the DagBag from /home/airflow/.local/lib/python3.12/site-packages/airflow/example_dags/example_setup_teardown.py
[2025-03-09T10:04:06.246+0000] {processor.py:925} INFO - DAG(s) 'example_setup_teardown' retrieved from /home/airflow/.local/lib/python3.12/site-packages/airflow/example_dags/example_setup_teardown.py
[2025-03-09T10:04:06.287+0000] {logging_mixin.py:190} INFO - [2025-03-09T10:04:06.286+0000] {dag.py:3239} INFO - Sync 1 DAGs
[2025-03-09T10:04:06.313+0000] {logging_mixin.py:190} INFO - [2025-03-09T10:04:06.313+0000] {dag.py:4180} INFO - Setting next_dagrun for example_setup_teardown to None, run_after=None
[2025-03-09T10:04:06.346+0000] {processor.py:208} INFO - Processing /home/airflow/.local/lib/python3.12/site-packages/airflow/example_dags/example_setup_teardown.py took 0.125 seconds
[2025-03-09T10:04:37.307+0000] {processor.py:186} INFO - Started process (PID=6168) to work on /home/airflow/.local/lib/python3.12/site-packages/airflow/example_dags/example_setup_teardown.py
[2025-03-09T10:04:37.309+0000] {processor.py:914} INFO - Processing file /home/airflow/.local/lib/python3.12/site-packages/airflow/example_dags/example_setup_teardown.py for tasks to queue
[2025-03-09T10:04:37.312+0000] {logging_mixin.py:190} INFO - [2025-03-09T10:04:37.311+0000] {dagbag.py:588} INFO - Filling up the DagBag from /home/airflow/.local/lib/python3.12/site-packages/airflow/example_dags/example_setup_teardown.py
[2025-03-09T10:04:37.324+0000] {processor.py:925} INFO - DAG(s) 'example_setup_teardown' retrieved from /home/airflow/.local/lib/python3.12/site-packages/airflow/example_dags/example_setup_teardown.py
[2025-03-09T10:04:37.355+0000] {logging_mixin.py:190} INFO - [2025-03-09T10:04:37.354+0000] {dag.py:3239} INFO - Sync 1 DAGs
[2025-03-09T10:04:37.376+0000] {logging_mixin.py:190} INFO - [2025-03-09T10:04:37.375+0000] {dag.py:4180} INFO - Setting next_dagrun for example_setup_teardown to None, run_after=None
[2025-03-09T10:04:37.407+0000] {processor.py:208} INFO - Processing /home/airflow/.local/lib/python3.12/site-packages/airflow/example_dags/example_setup_teardown.py took 0.109 seconds
[2025-03-09T10:05:07.732+0000] {processor.py:186} INFO - Started process (PID=6231) to work on /home/airflow/.local/lib/python3.12/site-packages/airflow/example_dags/example_setup_teardown.py
[2025-03-09T10:05:07.734+0000] {processor.py:914} INFO - Processing file /home/airflow/.local/lib/python3.12/site-packages/airflow/example_dags/example_setup_teardown.py for tasks to queue
[2025-03-09T10:05:07.737+0000] {logging_mixin.py:190} INFO - [2025-03-09T10:05:07.737+0000] {dagbag.py:588} INFO - Filling up the DagBag from /home/airflow/.local/lib/python3.12/site-packages/airflow/example_dags/example_setup_teardown.py
[2025-03-09T10:05:07.750+0000] {processor.py:925} INFO - DAG(s) 'example_setup_teardown' retrieved from /home/airflow/.local/lib/python3.12/site-packages/airflow/example_dags/example_setup_teardown.py
[2025-03-09T10:05:07.782+0000] {logging_mixin.py:190} INFO - [2025-03-09T10:05:07.782+0000] {dag.py:3239} INFO - Sync 1 DAGs
[2025-03-09T10:05:07.804+0000] {logging_mixin.py:190} INFO - [2025-03-09T10:05:07.804+0000] {dag.py:4180} INFO - Setting next_dagrun for example_setup_teardown to None, run_after=None
[2025-03-09T10:05:07.838+0000] {processor.py:208} INFO - Processing /home/airflow/.local/lib/python3.12/site-packages/airflow/example_dags/example_setup_teardown.py took 0.113 seconds
[2025-03-09T10:05:38.756+0000] {processor.py:186} INFO - Started process (PID=6296) to work on /home/airflow/.local/lib/python3.12/site-packages/airflow/example_dags/example_setup_teardown.py
[2025-03-09T10:05:38.758+0000] {processor.py:914} INFO - Processing file /home/airflow/.local/lib/python3.12/site-packages/airflow/example_dags/example_setup_teardown.py for tasks to queue
[2025-03-09T10:05:38.763+0000] {logging_mixin.py:190} INFO - [2025-03-09T10:05:38.762+0000] {dagbag.py:588} INFO - Filling up the DagBag from /home/airflow/.local/lib/python3.12/site-packages/airflow/example_dags/example_setup_teardown.py
[2025-03-09T10:05:38.776+0000] {processor.py:925} INFO - DAG(s) 'example_setup_teardown' retrieved from /home/airflow/.local/lib/python3.12/site-packages/airflow/example_dags/example_setup_teardown.py
[2025-03-09T10:05:38.810+0000] {logging_mixin.py:190} INFO - [2025-03-09T10:05:38.810+0000] {dag.py:3239} INFO - Sync 1 DAGs
[2025-03-09T10:05:38.830+0000] {logging_mixin.py:190} INFO - [2025-03-09T10:05:38.830+0000] {dag.py:4180} INFO - Setting next_dagrun for example_setup_teardown to None, run_after=None
[2025-03-09T10:05:38.863+0000] {processor.py:208} INFO - Processing /home/airflow/.local/lib/python3.12/site-packages/airflow/example_dags/example_setup_teardown.py took 0.117 seconds
[2025-03-09T10:06:09.445+0000] {processor.py:186} INFO - Started process (PID=6360) to work on /home/airflow/.local/lib/python3.12/site-packages/airflow/example_dags/example_setup_teardown.py
[2025-03-09T10:06:09.446+0000] {processor.py:914} INFO - Processing file /home/airflow/.local/lib/python3.12/site-packages/airflow/example_dags/example_setup_teardown.py for tasks to queue
[2025-03-09T10:06:09.451+0000] {logging_mixin.py:190} INFO - [2025-03-09T10:06:09.450+0000] {dagbag.py:588} INFO - Filling up the DagBag from /home/airflow/.local/lib/python3.12/site-packages/airflow/example_dags/example_setup_teardown.py
[2025-03-09T10:06:09.465+0000] {processor.py:925} INFO - DAG(s) 'example_setup_teardown' retrieved from /home/airflow/.local/lib/python3.12/site-packages/airflow/example_dags/example_setup_teardown.py
[2025-03-09T10:06:09.502+0000] {logging_mixin.py:190} INFO - [2025-03-09T10:06:09.501+0000] {dag.py:3239} INFO - Sync 1 DAGs
[2025-03-09T10:06:09.532+0000] {logging_mixin.py:190} INFO - [2025-03-09T10:06:09.531+0000] {dag.py:4180} INFO - Setting next_dagrun for example_setup_teardown to None, run_after=None
[2025-03-09T10:06:09.588+0000] {processor.py:208} INFO - Processing /home/airflow/.local/lib/python3.12/site-packages/airflow/example_dags/example_setup_teardown.py took 0.153 seconds
[2025-03-09T10:06:39.910+0000] {processor.py:186} INFO - Started process (PID=6424) to work on /home/airflow/.local/lib/python3.12/site-packages/airflow/example_dags/example_setup_teardown.py
[2025-03-09T10:06:39.916+0000] {processor.py:914} INFO - Processing file /home/airflow/.local/lib/python3.12/site-packages/airflow/example_dags/example_setup_teardown.py for tasks to queue
[2025-03-09T10:06:39.925+0000] {logging_mixin.py:190} INFO - [2025-03-09T10:06:39.925+0000] {dagbag.py:588} INFO - Filling up the DagBag from /home/airflow/.local/lib/python3.12/site-packages/airflow/example_dags/example_setup_teardown.py
[2025-03-09T10:06:39.968+0000] {processor.py:925} INFO - DAG(s) 'example_setup_teardown' retrieved from /home/airflow/.local/lib/python3.12/site-packages/airflow/example_dags/example_setup_teardown.py
[2025-03-09T10:06:40.063+0000] {logging_mixin.py:190} INFO - [2025-03-09T10:06:40.063+0000] {dag.py:3239} INFO - Sync 1 DAGs
[2025-03-09T10:06:40.122+0000] {logging_mixin.py:190} INFO - [2025-03-09T10:06:40.122+0000] {dag.py:4180} INFO - Setting next_dagrun for example_setup_teardown to None, run_after=None
[2025-03-09T10:06:40.209+0000] {processor.py:208} INFO - Processing /home/airflow/.local/lib/python3.12/site-packages/airflow/example_dags/example_setup_teardown.py took 0.317 seconds
[2025-03-09T10:07:11.282+0000] {processor.py:186} INFO - Started process (PID=6489) to work on /home/airflow/.local/lib/python3.12/site-packages/airflow/example_dags/example_setup_teardown.py
[2025-03-09T10:07:11.284+0000] {processor.py:914} INFO - Processing file /home/airflow/.local/lib/python3.12/site-packages/airflow/example_dags/example_setup_teardown.py for tasks to queue
[2025-03-09T10:07:11.288+0000] {logging_mixin.py:190} INFO - [2025-03-09T10:07:11.287+0000] {dagbag.py:588} INFO - Filling up the DagBag from /home/airflow/.local/lib/python3.12/site-packages/airflow/example_dags/example_setup_teardown.py
[2025-03-09T10:07:11.302+0000] {processor.py:925} INFO - DAG(s) 'example_setup_teardown' retrieved from /home/airflow/.local/lib/python3.12/site-packages/airflow/example_dags/example_setup_teardown.py
[2025-03-09T10:07:11.337+0000] {logging_mixin.py:190} INFO - [2025-03-09T10:07:11.337+0000] {dag.py:3239} INFO - Sync 1 DAGs
[2025-03-09T10:07:11.360+0000] {logging_mixin.py:190} INFO - [2025-03-09T10:07:11.359+0000] {dag.py:4180} INFO - Setting next_dagrun for example_setup_teardown to None, run_after=None
[2025-03-09T10:07:11.394+0000] {processor.py:208} INFO - Processing /home/airflow/.local/lib/python3.12/site-packages/airflow/example_dags/example_setup_teardown.py took 0.122 seconds
[2025-03-09T10:07:41.618+0000] {processor.py:186} INFO - Started process (PID=6554) to work on /home/airflow/.local/lib/python3.12/site-packages/airflow/example_dags/example_setup_teardown.py
[2025-03-09T10:07:41.620+0000] {processor.py:914} INFO - Processing file /home/airflow/.local/lib/python3.12/site-packages/airflow/example_dags/example_setup_teardown.py for tasks to queue
[2025-03-09T10:07:41.623+0000] {logging_mixin.py:190} INFO - [2025-03-09T10:07:41.623+0000] {dagbag.py:588} INFO - Filling up the DagBag from /home/airflow/.local/lib/python3.12/site-packages/airflow/example_dags/example_setup_teardown.py
[2025-03-09T10:07:41.639+0000] {processor.py:925} INFO - DAG(s) 'example_setup_teardown' retrieved from /home/airflow/.local/lib/python3.12/site-packages/airflow/example_dags/example_setup_teardown.py
[2025-03-09T10:07:41.677+0000] {logging_mixin.py:190} INFO - [2025-03-09T10:07:41.677+0000] {dag.py:3239} INFO - Sync 1 DAGs
[2025-03-09T10:07:41.701+0000] {logging_mixin.py:190} INFO - [2025-03-09T10:07:41.700+0000] {dag.py:4180} INFO - Setting next_dagrun for example_setup_teardown to None, run_after=None
[2025-03-09T10:07:41.736+0000] {processor.py:208} INFO - Processing /home/airflow/.local/lib/python3.12/site-packages/airflow/example_dags/example_setup_teardown.py took 0.126 seconds
[2025-03-09T10:08:13.671+0000] {processor.py:186} INFO - Started process (PID=6619) to work on /home/airflow/.local/lib/python3.12/site-packages/airflow/example_dags/example_setup_teardown.py
[2025-03-09T10:08:13.672+0000] {processor.py:914} INFO - Processing file /home/airflow/.local/lib/python3.12/site-packages/airflow/example_dags/example_setup_teardown.py for tasks to queue
[2025-03-09T10:08:13.675+0000] {logging_mixin.py:190} INFO - [2025-03-09T10:08:13.675+0000] {dagbag.py:588} INFO - Filling up the DagBag from /home/airflow/.local/lib/python3.12/site-packages/airflow/example_dags/example_setup_teardown.py
[2025-03-09T10:08:13.688+0000] {processor.py:925} INFO - DAG(s) 'example_setup_teardown' retrieved from /home/airflow/.local/lib/python3.12/site-packages/airflow/example_dags/example_setup_teardown.py
[2025-03-09T10:08:13.717+0000] {logging_mixin.py:190} INFO - [2025-03-09T10:08:13.717+0000] {dag.py:3239} INFO - Sync 1 DAGs
[2025-03-09T10:08:13.742+0000] {logging_mixin.py:190} INFO - [2025-03-09T10:08:13.742+0000] {dag.py:4180} INFO - Setting next_dagrun for example_setup_teardown to None, run_after=None
[2025-03-09T10:08:13.772+0000] {processor.py:208} INFO - Processing /home/airflow/.local/lib/python3.12/site-packages/airflow/example_dags/example_setup_teardown.py took 0.109 seconds
[2025-03-09T10:08:44.335+0000] {processor.py:186} INFO - Started process (PID=6684) to work on /home/airflow/.local/lib/python3.12/site-packages/airflow/example_dags/example_setup_teardown.py
[2025-03-09T10:08:44.336+0000] {processor.py:914} INFO - Processing file /home/airflow/.local/lib/python3.12/site-packages/airflow/example_dags/example_setup_teardown.py for tasks to queue
[2025-03-09T10:08:44.340+0000] {logging_mixin.py:190} INFO - [2025-03-09T10:08:44.340+0000] {dagbag.py:588} INFO - Filling up the DagBag from /home/airflow/.local/lib/python3.12/site-packages/airflow/example_dags/example_setup_teardown.py
[2025-03-09T10:08:44.352+0000] {processor.py:925} INFO - DAG(s) 'example_setup_teardown' retrieved from /home/airflow/.local/lib/python3.12/site-packages/airflow/example_dags/example_setup_teardown.py
[2025-03-09T10:08:44.384+0000] {logging_mixin.py:190} INFO - [2025-03-09T10:08:44.384+0000] {dag.py:3239} INFO - Sync 1 DAGs
[2025-03-09T10:08:44.405+0000] {logging_mixin.py:190} INFO - [2025-03-09T10:08:44.404+0000] {dag.py:4180} INFO - Setting next_dagrun for example_setup_teardown to None, run_after=None
[2025-03-09T10:08:44.437+0000] {processor.py:208} INFO - Processing /home/airflow/.local/lib/python3.12/site-packages/airflow/example_dags/example_setup_teardown.py took 0.111 seconds
[2025-03-09T10:09:14.753+0000] {processor.py:186} INFO - Started process (PID=6749) to work on /home/airflow/.local/lib/python3.12/site-packages/airflow/example_dags/example_setup_teardown.py
[2025-03-09T10:09:14.754+0000] {processor.py:914} INFO - Processing file /home/airflow/.local/lib/python3.12/site-packages/airflow/example_dags/example_setup_teardown.py for tasks to queue
[2025-03-09T10:09:14.758+0000] {logging_mixin.py:190} INFO - [2025-03-09T10:09:14.757+0000] {dagbag.py:588} INFO - Filling up the DagBag from /home/airflow/.local/lib/python3.12/site-packages/airflow/example_dags/example_setup_teardown.py
[2025-03-09T10:09:14.771+0000] {processor.py:925} INFO - DAG(s) 'example_setup_teardown' retrieved from /home/airflow/.local/lib/python3.12/site-packages/airflow/example_dags/example_setup_teardown.py
[2025-03-09T10:09:14.803+0000] {logging_mixin.py:190} INFO - [2025-03-09T10:09:14.803+0000] {dag.py:3239} INFO - Sync 1 DAGs
[2025-03-09T10:09:14.827+0000] {logging_mixin.py:190} INFO - [2025-03-09T10:09:14.827+0000] {dag.py:4180} INFO - Setting next_dagrun for example_setup_teardown to None, run_after=None
[2025-03-09T10:09:14.865+0000] {processor.py:208} INFO - Processing /home/airflow/.local/lib/python3.12/site-packages/airflow/example_dags/example_setup_teardown.py took 0.122 seconds
[2025-03-09T10:09:45.256+0000] {processor.py:186} INFO - Started process (PID=6813) to work on /home/airflow/.local/lib/python3.12/site-packages/airflow/example_dags/example_setup_teardown.py
[2025-03-09T10:09:45.258+0000] {processor.py:914} INFO - Processing file /home/airflow/.local/lib/python3.12/site-packages/airflow/example_dags/example_setup_teardown.py for tasks to queue
[2025-03-09T10:09:45.263+0000] {logging_mixin.py:190} INFO - [2025-03-09T10:09:45.262+0000] {dagbag.py:588} INFO - Filling up the DagBag from /home/airflow/.local/lib/python3.12/site-packages/airflow/example_dags/example_setup_teardown.py
[2025-03-09T10:09:45.278+0000] {processor.py:925} INFO - DAG(s) 'example_setup_teardown' retrieved from /home/airflow/.local/lib/python3.12/site-packages/airflow/example_dags/example_setup_teardown.py
[2025-03-09T10:09:45.313+0000] {logging_mixin.py:190} INFO - [2025-03-09T10:09:45.312+0000] {dag.py:3239} INFO - Sync 1 DAGs
[2025-03-09T10:09:45.340+0000] {logging_mixin.py:190} INFO - [2025-03-09T10:09:45.340+0000] {dag.py:4180} INFO - Setting next_dagrun for example_setup_teardown to None, run_after=None
[2025-03-09T10:09:45.385+0000] {processor.py:208} INFO - Processing /home/airflow/.local/lib/python3.12/site-packages/airflow/example_dags/example_setup_teardown.py took 0.136 seconds
[2025-03-09T10:10:15.502+0000] {processor.py:186} INFO - Started process (PID=6878) to work on /home/airflow/.local/lib/python3.12/site-packages/airflow/example_dags/example_setup_teardown.py
[2025-03-09T10:10:15.503+0000] {processor.py:914} INFO - Processing file /home/airflow/.local/lib/python3.12/site-packages/airflow/example_dags/example_setup_teardown.py for tasks to queue
[2025-03-09T10:10:15.508+0000] {logging_mixin.py:190} INFO - [2025-03-09T10:10:15.507+0000] {dagbag.py:588} INFO - Filling up the DagBag from /home/airflow/.local/lib/python3.12/site-packages/airflow/example_dags/example_setup_teardown.py
[2025-03-09T10:10:15.522+0000] {processor.py:925} INFO - DAG(s) 'example_setup_teardown' retrieved from /home/airflow/.local/lib/python3.12/site-packages/airflow/example_dags/example_setup_teardown.py
[2025-03-09T10:10:15.555+0000] {logging_mixin.py:190} INFO - [2025-03-09T10:10:15.555+0000] {dag.py:3239} INFO - Sync 1 DAGs
[2025-03-09T10:10:15.578+0000] {logging_mixin.py:190} INFO - [2025-03-09T10:10:15.578+0000] {dag.py:4180} INFO - Setting next_dagrun for example_setup_teardown to None, run_after=None
[2025-03-09T10:10:15.612+0000] {processor.py:208} INFO - Processing /home/airflow/.local/lib/python3.12/site-packages/airflow/example_dags/example_setup_teardown.py took 0.121 seconds
[2025-03-09T10:10:45.929+0000] {processor.py:186} INFO - Started process (PID=6943) to work on /home/airflow/.local/lib/python3.12/site-packages/airflow/example_dags/example_setup_teardown.py
[2025-03-09T10:10:45.931+0000] {processor.py:914} INFO - Processing file /home/airflow/.local/lib/python3.12/site-packages/airflow/example_dags/example_setup_teardown.py for tasks to queue
[2025-03-09T10:10:45.937+0000] {logging_mixin.py:190} INFO - [2025-03-09T10:10:45.937+0000] {dagbag.py:588} INFO - Filling up the DagBag from /home/airflow/.local/lib/python3.12/site-packages/airflow/example_dags/example_setup_teardown.py
[2025-03-09T10:10:45.969+0000] {processor.py:925} INFO - DAG(s) 'example_setup_teardown' retrieved from /home/airflow/.local/lib/python3.12/site-packages/airflow/example_dags/example_setup_teardown.py
[2025-03-09T10:10:45.999+0000] {logging_mixin.py:190} INFO - [2025-03-09T10:10:45.999+0000] {dag.py:3239} INFO - Sync 1 DAGs
[2025-03-09T10:10:46.020+0000] {logging_mixin.py:190} INFO - [2025-03-09T10:10:46.019+0000] {dag.py:4180} INFO - Setting next_dagrun for example_setup_teardown to None, run_after=None
[2025-03-09T10:10:46.050+0000] {processor.py:208} INFO - Processing /home/airflow/.local/lib/python3.12/site-packages/airflow/example_dags/example_setup_teardown.py took 0.129 seconds
[2025-03-09T10:11:16.363+0000] {processor.py:186} INFO - Started process (PID=7008) to work on /home/airflow/.local/lib/python3.12/site-packages/airflow/example_dags/example_setup_teardown.py
[2025-03-09T10:11:16.368+0000] {processor.py:914} INFO - Processing file /home/airflow/.local/lib/python3.12/site-packages/airflow/example_dags/example_setup_teardown.py for tasks to queue
[2025-03-09T10:11:16.375+0000] {logging_mixin.py:190} INFO - [2025-03-09T10:11:16.374+0000] {dagbag.py:588} INFO - Filling up the DagBag from /home/airflow/.local/lib/python3.12/site-packages/airflow/example_dags/example_setup_teardown.py
[2025-03-09T10:11:16.401+0000] {processor.py:925} INFO - DAG(s) 'example_setup_teardown' retrieved from /home/airflow/.local/lib/python3.12/site-packages/airflow/example_dags/example_setup_teardown.py
[2025-03-09T10:11:16.454+0000] {logging_mixin.py:190} INFO - [2025-03-09T10:11:16.453+0000] {dag.py:3239} INFO - Sync 1 DAGs
[2025-03-09T10:11:16.492+0000] {logging_mixin.py:190} INFO - [2025-03-09T10:11:16.491+0000] {dag.py:4180} INFO - Setting next_dagrun for example_setup_teardown to None, run_after=None
[2025-03-09T10:11:16.546+0000] {processor.py:208} INFO - Processing /home/airflow/.local/lib/python3.12/site-packages/airflow/example_dags/example_setup_teardown.py took 0.197 seconds
[2025-03-09T10:11:47.091+0000] {processor.py:186} INFO - Started process (PID=7073) to work on /home/airflow/.local/lib/python3.12/site-packages/airflow/example_dags/example_setup_teardown.py
[2025-03-09T10:11:47.093+0000] {processor.py:914} INFO - Processing file /home/airflow/.local/lib/python3.12/site-packages/airflow/example_dags/example_setup_teardown.py for tasks to queue
[2025-03-09T10:11:47.097+0000] {logging_mixin.py:190} INFO - [2025-03-09T10:11:47.096+0000] {dagbag.py:588} INFO - Filling up the DagBag from /home/airflow/.local/lib/python3.12/site-packages/airflow/example_dags/example_setup_teardown.py
[2025-03-09T10:11:47.111+0000] {processor.py:925} INFO - DAG(s) 'example_setup_teardown' retrieved from /home/airflow/.local/lib/python3.12/site-packages/airflow/example_dags/example_setup_teardown.py
[2025-03-09T10:11:47.159+0000] {logging_mixin.py:190} INFO - [2025-03-09T10:11:47.158+0000] {dag.py:3239} INFO - Sync 1 DAGs
[2025-03-09T10:11:47.203+0000] {logging_mixin.py:190} INFO - [2025-03-09T10:11:47.203+0000] {dag.py:4180} INFO - Setting next_dagrun for example_setup_teardown to None, run_after=None
[2025-03-09T10:11:47.261+0000] {processor.py:208} INFO - Processing /home/airflow/.local/lib/python3.12/site-packages/airflow/example_dags/example_setup_teardown.py took 0.181 seconds
[2025-03-09T10:12:17.673+0000] {processor.py:186} INFO - Started process (PID=7138) to work on /home/airflow/.local/lib/python3.12/site-packages/airflow/example_dags/example_setup_teardown.py
[2025-03-09T10:12:17.675+0000] {processor.py:914} INFO - Processing file /home/airflow/.local/lib/python3.12/site-packages/airflow/example_dags/example_setup_teardown.py for tasks to queue
[2025-03-09T10:12:17.679+0000] {logging_mixin.py:190} INFO - [2025-03-09T10:12:17.678+0000] {dagbag.py:588} INFO - Filling up the DagBag from /home/airflow/.local/lib/python3.12/site-packages/airflow/example_dags/example_setup_teardown.py
[2025-03-09T10:12:17.691+0000] {processor.py:925} INFO - DAG(s) 'example_setup_teardown' retrieved from /home/airflow/.local/lib/python3.12/site-packages/airflow/example_dags/example_setup_teardown.py
[2025-03-09T10:12:17.724+0000] {logging_mixin.py:190} INFO - [2025-03-09T10:12:17.723+0000] {dag.py:3239} INFO - Sync 1 DAGs
[2025-03-09T10:12:17.752+0000] {logging_mixin.py:190} INFO - [2025-03-09T10:12:17.752+0000] {dag.py:4180} INFO - Setting next_dagrun for example_setup_teardown to None, run_after=None
[2025-03-09T10:12:17.791+0000] {processor.py:208} INFO - Processing /home/airflow/.local/lib/python3.12/site-packages/airflow/example_dags/example_setup_teardown.py took 0.127 seconds
[2025-03-09T10:12:48.218+0000] {processor.py:186} INFO - Started process (PID=7203) to work on /home/airflow/.local/lib/python3.12/site-packages/airflow/example_dags/example_setup_teardown.py
[2025-03-09T10:12:48.221+0000] {processor.py:914} INFO - Processing file /home/airflow/.local/lib/python3.12/site-packages/airflow/example_dags/example_setup_teardown.py for tasks to queue
[2025-03-09T10:12:48.226+0000] {logging_mixin.py:190} INFO - [2025-03-09T10:12:48.225+0000] {dagbag.py:588} INFO - Filling up the DagBag from /home/airflow/.local/lib/python3.12/site-packages/airflow/example_dags/example_setup_teardown.py
[2025-03-09T10:12:48.244+0000] {processor.py:925} INFO - DAG(s) 'example_setup_teardown' retrieved from /home/airflow/.local/lib/python3.12/site-packages/airflow/example_dags/example_setup_teardown.py
[2025-03-09T10:12:48.300+0000] {logging_mixin.py:190} INFO - [2025-03-09T10:12:48.299+0000] {dag.py:3239} INFO - Sync 1 DAGs
[2025-03-09T10:12:48.347+0000] {logging_mixin.py:190} INFO - [2025-03-09T10:12:48.346+0000] {dag.py:4180} INFO - Setting next_dagrun for example_setup_teardown to None, run_after=None
[2025-03-09T10:12:48.383+0000] {processor.py:208} INFO - Processing /home/airflow/.local/lib/python3.12/site-packages/airflow/example_dags/example_setup_teardown.py took 0.173 seconds
[2025-03-09T10:13:18.471+0000] {processor.py:186} INFO - Started process (PID=7268) to work on /home/airflow/.local/lib/python3.12/site-packages/airflow/example_dags/example_setup_teardown.py
[2025-03-09T10:13:18.473+0000] {processor.py:914} INFO - Processing file /home/airflow/.local/lib/python3.12/site-packages/airflow/example_dags/example_setup_teardown.py for tasks to queue
[2025-03-09T10:13:18.477+0000] {logging_mixin.py:190} INFO - [2025-03-09T10:13:18.476+0000] {dagbag.py:588} INFO - Filling up the DagBag from /home/airflow/.local/lib/python3.12/site-packages/airflow/example_dags/example_setup_teardown.py
[2025-03-09T10:13:18.488+0000] {processor.py:925} INFO - DAG(s) 'example_setup_teardown' retrieved from /home/airflow/.local/lib/python3.12/site-packages/airflow/example_dags/example_setup_teardown.py
[2025-03-09T10:13:18.518+0000] {logging_mixin.py:190} INFO - [2025-03-09T10:13:18.517+0000] {dag.py:3239} INFO - Sync 1 DAGs
[2025-03-09T10:13:18.541+0000] {logging_mixin.py:190} INFO - [2025-03-09T10:13:18.540+0000] {dag.py:4180} INFO - Setting next_dagrun for example_setup_teardown to None, run_after=None
[2025-03-09T10:13:18.574+0000] {processor.py:208} INFO - Processing /home/airflow/.local/lib/python3.12/site-packages/airflow/example_dags/example_setup_teardown.py took 0.109 seconds
[2025-03-09T10:13:48.866+0000] {processor.py:186} INFO - Started process (PID=7333) to work on /home/airflow/.local/lib/python3.12/site-packages/airflow/example_dags/example_setup_teardown.py
[2025-03-09T10:13:48.868+0000] {processor.py:914} INFO - Processing file /home/airflow/.local/lib/python3.12/site-packages/airflow/example_dags/example_setup_teardown.py for tasks to queue
[2025-03-09T10:13:48.872+0000] {logging_mixin.py:190} INFO - [2025-03-09T10:13:48.871+0000] {dagbag.py:588} INFO - Filling up the DagBag from /home/airflow/.local/lib/python3.12/site-packages/airflow/example_dags/example_setup_teardown.py
[2025-03-09T10:13:48.884+0000] {processor.py:925} INFO - DAG(s) 'example_setup_teardown' retrieved from /home/airflow/.local/lib/python3.12/site-packages/airflow/example_dags/example_setup_teardown.py
[2025-03-09T10:13:48.916+0000] {logging_mixin.py:190} INFO - [2025-03-09T10:13:48.916+0000] {dag.py:3239} INFO - Sync 1 DAGs
[2025-03-09T10:13:48.939+0000] {logging_mixin.py:190} INFO - [2025-03-09T10:13:48.938+0000] {dag.py:4180} INFO - Setting next_dagrun for example_setup_teardown to None, run_after=None
[2025-03-09T10:13:48.978+0000] {processor.py:208} INFO - Processing /home/airflow/.local/lib/python3.12/site-packages/airflow/example_dags/example_setup_teardown.py took 0.120 seconds
[2025-03-09T10:14:19.093+0000] {processor.py:186} INFO - Started process (PID=7398) to work on /home/airflow/.local/lib/python3.12/site-packages/airflow/example_dags/example_setup_teardown.py
[2025-03-09T10:14:19.095+0000] {processor.py:914} INFO - Processing file /home/airflow/.local/lib/python3.12/site-packages/airflow/example_dags/example_setup_teardown.py for tasks to queue
[2025-03-09T10:14:19.100+0000] {logging_mixin.py:190} INFO - [2025-03-09T10:14:19.099+0000] {dagbag.py:588} INFO - Filling up the DagBag from /home/airflow/.local/lib/python3.12/site-packages/airflow/example_dags/example_setup_teardown.py
[2025-03-09T10:14:19.114+0000] {processor.py:925} INFO - DAG(s) 'example_setup_teardown' retrieved from /home/airflow/.local/lib/python3.12/site-packages/airflow/example_dags/example_setup_teardown.py
[2025-03-09T10:14:19.145+0000] {logging_mixin.py:190} INFO - [2025-03-09T10:14:19.144+0000] {dag.py:3239} INFO - Sync 1 DAGs
[2025-03-09T10:14:19.181+0000] {logging_mixin.py:190} INFO - [2025-03-09T10:14:19.180+0000] {dag.py:4180} INFO - Setting next_dagrun for example_setup_teardown to None, run_after=None
[2025-03-09T10:14:19.216+0000] {processor.py:208} INFO - Processing /home/airflow/.local/lib/python3.12/site-packages/airflow/example_dags/example_setup_teardown.py took 0.130 seconds
[2025-03-09T10:14:49.336+0000] {processor.py:186} INFO - Started process (PID=7464) to work on /home/airflow/.local/lib/python3.12/site-packages/airflow/example_dags/example_setup_teardown.py
[2025-03-09T10:14:49.338+0000] {processor.py:914} INFO - Processing file /home/airflow/.local/lib/python3.12/site-packages/airflow/example_dags/example_setup_teardown.py for tasks to queue
[2025-03-09T10:14:49.341+0000] {logging_mixin.py:190} INFO - [2025-03-09T10:14:49.341+0000] {dagbag.py:588} INFO - Filling up the DagBag from /home/airflow/.local/lib/python3.12/site-packages/airflow/example_dags/example_setup_teardown.py
[2025-03-09T10:14:49.354+0000] {processor.py:925} INFO - DAG(s) 'example_setup_teardown' retrieved from /home/airflow/.local/lib/python3.12/site-packages/airflow/example_dags/example_setup_teardown.py
[2025-03-09T10:14:49.384+0000] {logging_mixin.py:190} INFO - [2025-03-09T10:14:49.383+0000] {dag.py:3239} INFO - Sync 1 DAGs
[2025-03-09T10:14:49.403+0000] {logging_mixin.py:190} INFO - [2025-03-09T10:14:49.402+0000] {dag.py:4180} INFO - Setting next_dagrun for example_setup_teardown to None, run_after=None
[2025-03-09T10:14:49.445+0000] {processor.py:208} INFO - Processing /home/airflow/.local/lib/python3.12/site-packages/airflow/example_dags/example_setup_teardown.py took 0.115 seconds
[2025-03-09T10:15:20.063+0000] {processor.py:186} INFO - Started process (PID=7530) to work on /home/airflow/.local/lib/python3.12/site-packages/airflow/example_dags/example_setup_teardown.py
[2025-03-09T10:15:20.065+0000] {processor.py:914} INFO - Processing file /home/airflow/.local/lib/python3.12/site-packages/airflow/example_dags/example_setup_teardown.py for tasks to queue
[2025-03-09T10:15:20.070+0000] {logging_mixin.py:190} INFO - [2025-03-09T10:15:20.069+0000] {dagbag.py:588} INFO - Filling up the DagBag from /home/airflow/.local/lib/python3.12/site-packages/airflow/example_dags/example_setup_teardown.py
[2025-03-09T10:15:20.089+0000] {processor.py:925} INFO - DAG(s) 'example_setup_teardown' retrieved from /home/airflow/.local/lib/python3.12/site-packages/airflow/example_dags/example_setup_teardown.py
[2025-03-09T10:15:20.152+0000] {logging_mixin.py:190} INFO - [2025-03-09T10:15:20.151+0000] {dag.py:3239} INFO - Sync 1 DAGs
[2025-03-09T10:15:20.205+0000] {logging_mixin.py:190} INFO - [2025-03-09T10:15:20.204+0000] {dag.py:4180} INFO - Setting next_dagrun for example_setup_teardown to None, run_after=None
[2025-03-09T10:15:20.267+0000] {processor.py:208} INFO - Processing /home/airflow/.local/lib/python3.12/site-packages/airflow/example_dags/example_setup_teardown.py took 0.217 seconds
[2025-03-09T10:15:50.578+0000] {processor.py:186} INFO - Started process (PID=7595) to work on /home/airflow/.local/lib/python3.12/site-packages/airflow/example_dags/example_setup_teardown.py
[2025-03-09T10:15:50.580+0000] {processor.py:914} INFO - Processing file /home/airflow/.local/lib/python3.12/site-packages/airflow/example_dags/example_setup_teardown.py for tasks to queue
[2025-03-09T10:15:50.585+0000] {logging_mixin.py:190} INFO - [2025-03-09T10:15:50.584+0000] {dagbag.py:588} INFO - Filling up the DagBag from /home/airflow/.local/lib/python3.12/site-packages/airflow/example_dags/example_setup_teardown.py
[2025-03-09T10:15:50.610+0000] {processor.py:925} INFO - DAG(s) 'example_setup_teardown' retrieved from /home/airflow/.local/lib/python3.12/site-packages/airflow/example_dags/example_setup_teardown.py
[2025-03-09T10:15:50.713+0000] {logging_mixin.py:190} INFO - [2025-03-09T10:15:50.713+0000] {dag.py:3239} INFO - Sync 1 DAGs
[2025-03-09T10:15:50.788+0000] {logging_mixin.py:190} INFO - [2025-03-09T10:15:50.787+0000] {dag.py:4180} INFO - Setting next_dagrun for example_setup_teardown to None, run_after=None
[2025-03-09T10:15:50.837+0000] {processor.py:208} INFO - Processing /home/airflow/.local/lib/python3.12/site-packages/airflow/example_dags/example_setup_teardown.py took 0.270 seconds
[2025-03-09T10:16:21.677+0000] {processor.py:186} INFO - Started process (PID=7659) to work on /home/airflow/.local/lib/python3.12/site-packages/airflow/example_dags/example_setup_teardown.py
[2025-03-09T10:16:21.679+0000] {processor.py:914} INFO - Processing file /home/airflow/.local/lib/python3.12/site-packages/airflow/example_dags/example_setup_teardown.py for tasks to queue
[2025-03-09T10:16:21.683+0000] {logging_mixin.py:190} INFO - [2025-03-09T10:16:21.682+0000] {dagbag.py:588} INFO - Filling up the DagBag from /home/airflow/.local/lib/python3.12/site-packages/airflow/example_dags/example_setup_teardown.py
[2025-03-09T10:16:21.701+0000] {processor.py:925} INFO - DAG(s) 'example_setup_teardown' retrieved from /home/airflow/.local/lib/python3.12/site-packages/airflow/example_dags/example_setup_teardown.py
[2025-03-09T10:16:21.759+0000] {logging_mixin.py:190} INFO - [2025-03-09T10:16:21.758+0000] {dag.py:3239} INFO - Sync 1 DAGs
[2025-03-09T10:16:21.798+0000] {logging_mixin.py:190} INFO - [2025-03-09T10:16:21.798+0000] {dag.py:4180} INFO - Setting next_dagrun for example_setup_teardown to None, run_after=None
[2025-03-09T10:16:21.836+0000] {processor.py:208} INFO - Processing /home/airflow/.local/lib/python3.12/site-packages/airflow/example_dags/example_setup_teardown.py took 0.169 seconds
[2025-03-09T10:16:52.083+0000] {processor.py:186} INFO - Started process (PID=7724) to work on /home/airflow/.local/lib/python3.12/site-packages/airflow/example_dags/example_setup_teardown.py
[2025-03-09T10:16:52.085+0000] {processor.py:914} INFO - Processing file /home/airflow/.local/lib/python3.12/site-packages/airflow/example_dags/example_setup_teardown.py for tasks to queue
[2025-03-09T10:16:52.090+0000] {logging_mixin.py:190} INFO - [2025-03-09T10:16:52.089+0000] {dagbag.py:588} INFO - Filling up the DagBag from /home/airflow/.local/lib/python3.12/site-packages/airflow/example_dags/example_setup_teardown.py
[2025-03-09T10:16:52.104+0000] {processor.py:925} INFO - DAG(s) 'example_setup_teardown' retrieved from /home/airflow/.local/lib/python3.12/site-packages/airflow/example_dags/example_setup_teardown.py
[2025-03-09T10:16:52.136+0000] {logging_mixin.py:190} INFO - [2025-03-09T10:16:52.135+0000] {dag.py:3239} INFO - Sync 1 DAGs
[2025-03-09T10:16:52.161+0000] {logging_mixin.py:190} INFO - [2025-03-09T10:16:52.160+0000] {dag.py:4180} INFO - Setting next_dagrun for example_setup_teardown to None, run_after=None
[2025-03-09T10:16:52.201+0000] {processor.py:208} INFO - Processing /home/airflow/.local/lib/python3.12/site-packages/airflow/example_dags/example_setup_teardown.py took 0.126 seconds
[2025-03-09T10:17:22.691+0000] {processor.py:186} INFO - Started process (PID=7789) to work on /home/airflow/.local/lib/python3.12/site-packages/airflow/example_dags/example_setup_teardown.py
[2025-03-09T10:17:22.694+0000] {processor.py:914} INFO - Processing file /home/airflow/.local/lib/python3.12/site-packages/airflow/example_dags/example_setup_teardown.py for tasks to queue
[2025-03-09T10:17:22.697+0000] {logging_mixin.py:190} INFO - [2025-03-09T10:17:22.697+0000] {dagbag.py:588} INFO - Filling up the DagBag from /home/airflow/.local/lib/python3.12/site-packages/airflow/example_dags/example_setup_teardown.py
[2025-03-09T10:17:22.711+0000] {processor.py:925} INFO - DAG(s) 'example_setup_teardown' retrieved from /home/airflow/.local/lib/python3.12/site-packages/airflow/example_dags/example_setup_teardown.py
[2025-03-09T10:17:22.743+0000] {logging_mixin.py:190} INFO - [2025-03-09T10:17:22.742+0000] {dag.py:3239} INFO - Sync 1 DAGs
[2025-03-09T10:17:22.765+0000] {logging_mixin.py:190} INFO - [2025-03-09T10:17:22.765+0000] {dag.py:4180} INFO - Setting next_dagrun for example_setup_teardown to None, run_after=None
[2025-03-09T10:17:22.798+0000] {processor.py:208} INFO - Processing /home/airflow/.local/lib/python3.12/site-packages/airflow/example_dags/example_setup_teardown.py took 0.116 seconds
[2025-03-09T10:17:53.311+0000] {processor.py:186} INFO - Started process (PID=7854) to work on /home/airflow/.local/lib/python3.12/site-packages/airflow/example_dags/example_setup_teardown.py
[2025-03-09T10:17:53.313+0000] {processor.py:914} INFO - Processing file /home/airflow/.local/lib/python3.12/site-packages/airflow/example_dags/example_setup_teardown.py for tasks to queue
[2025-03-09T10:17:53.317+0000] {logging_mixin.py:190} INFO - [2025-03-09T10:17:53.316+0000] {dagbag.py:588} INFO - Filling up the DagBag from /home/airflow/.local/lib/python3.12/site-packages/airflow/example_dags/example_setup_teardown.py
[2025-03-09T10:17:53.333+0000] {processor.py:925} INFO - DAG(s) 'example_setup_teardown' retrieved from /home/airflow/.local/lib/python3.12/site-packages/airflow/example_dags/example_setup_teardown.py
[2025-03-09T10:17:53.370+0000] {logging_mixin.py:190} INFO - [2025-03-09T10:17:53.369+0000] {dag.py:3239} INFO - Sync 1 DAGs
[2025-03-09T10:17:53.398+0000] {logging_mixin.py:190} INFO - [2025-03-09T10:17:53.398+0000] {dag.py:4180} INFO - Setting next_dagrun for example_setup_teardown to None, run_after=None
[2025-03-09T10:17:53.436+0000] {processor.py:208} INFO - Processing /home/airflow/.local/lib/python3.12/site-packages/airflow/example_dags/example_setup_teardown.py took 0.135 seconds
[2025-03-09T10:18:23.540+0000] {processor.py:186} INFO - Started process (PID=7919) to work on /home/airflow/.local/lib/python3.12/site-packages/airflow/example_dags/example_setup_teardown.py
[2025-03-09T10:18:23.542+0000] {processor.py:914} INFO - Processing file /home/airflow/.local/lib/python3.12/site-packages/airflow/example_dags/example_setup_teardown.py for tasks to queue
[2025-03-09T10:18:23.546+0000] {logging_mixin.py:190} INFO - [2025-03-09T10:18:23.546+0000] {dagbag.py:588} INFO - Filling up the DagBag from /home/airflow/.local/lib/python3.12/site-packages/airflow/example_dags/example_setup_teardown.py
[2025-03-09T10:18:23.558+0000] {processor.py:925} INFO - DAG(s) 'example_setup_teardown' retrieved from /home/airflow/.local/lib/python3.12/site-packages/airflow/example_dags/example_setup_teardown.py
[2025-03-09T10:18:23.587+0000] {logging_mixin.py:190} INFO - [2025-03-09T10:18:23.587+0000] {dag.py:3239} INFO - Sync 1 DAGs
[2025-03-09T10:18:23.609+0000] {logging_mixin.py:190} INFO - [2025-03-09T10:18:23.609+0000] {dag.py:4180} INFO - Setting next_dagrun for example_setup_teardown to None, run_after=None
[2025-03-09T10:18:23.647+0000] {processor.py:208} INFO - Processing /home/airflow/.local/lib/python3.12/site-packages/airflow/example_dags/example_setup_teardown.py took 0.113 seconds
[2025-03-09T10:18:54.451+0000] {processor.py:186} INFO - Started process (PID=7982) to work on /home/airflow/.local/lib/python3.12/site-packages/airflow/example_dags/example_setup_teardown.py
[2025-03-09T10:18:54.452+0000] {processor.py:914} INFO - Processing file /home/airflow/.local/lib/python3.12/site-packages/airflow/example_dags/example_setup_teardown.py for tasks to queue
[2025-03-09T10:18:54.457+0000] {logging_mixin.py:190} INFO - [2025-03-09T10:18:54.455+0000] {dagbag.py:588} INFO - Filling up the DagBag from /home/airflow/.local/lib/python3.12/site-packages/airflow/example_dags/example_setup_teardown.py
[2025-03-09T10:18:54.471+0000] {processor.py:925} INFO - DAG(s) 'example_setup_teardown' retrieved from /home/airflow/.local/lib/python3.12/site-packages/airflow/example_dags/example_setup_teardown.py
[2025-03-09T10:18:54.505+0000] {logging_mixin.py:190} INFO - [2025-03-09T10:18:54.504+0000] {dag.py:3239} INFO - Sync 1 DAGs
[2025-03-09T10:18:54.528+0000] {logging_mixin.py:190} INFO - [2025-03-09T10:18:54.527+0000] {dag.py:4180} INFO - Setting next_dagrun for example_setup_teardown to None, run_after=None
[2025-03-09T10:18:54.576+0000] {processor.py:208} INFO - Processing /home/airflow/.local/lib/python3.12/site-packages/airflow/example_dags/example_setup_teardown.py took 0.133 seconds
[2025-03-09T10:19:24.651+0000] {processor.py:186} INFO - Started process (PID=8044) to work on /home/airflow/.local/lib/python3.12/site-packages/airflow/example_dags/example_setup_teardown.py
[2025-03-09T10:19:24.654+0000] {processor.py:914} INFO - Processing file /home/airflow/.local/lib/python3.12/site-packages/airflow/example_dags/example_setup_teardown.py for tasks to queue
[2025-03-09T10:19:24.657+0000] {logging_mixin.py:190} INFO - [2025-03-09T10:19:24.657+0000] {dagbag.py:588} INFO - Filling up the DagBag from /home/airflow/.local/lib/python3.12/site-packages/airflow/example_dags/example_setup_teardown.py
[2025-03-09T10:19:24.673+0000] {processor.py:925} INFO - DAG(s) 'example_setup_teardown' retrieved from /home/airflow/.local/lib/python3.12/site-packages/airflow/example_dags/example_setup_teardown.py
[2025-03-09T10:19:24.714+0000] {logging_mixin.py:190} INFO - [2025-03-09T10:19:24.714+0000] {dag.py:3239} INFO - Sync 1 DAGs
[2025-03-09T10:19:24.742+0000] {logging_mixin.py:190} INFO - [2025-03-09T10:19:24.741+0000] {dag.py:4180} INFO - Setting next_dagrun for example_setup_teardown to None, run_after=None
[2025-03-09T10:19:24.775+0000] {processor.py:208} INFO - Processing /home/airflow/.local/lib/python3.12/site-packages/airflow/example_dags/example_setup_teardown.py took 0.133 seconds
[2025-03-09T10:19:54.906+0000] {processor.py:186} INFO - Started process (PID=8108) to work on /home/airflow/.local/lib/python3.12/site-packages/airflow/example_dags/example_setup_teardown.py
[2025-03-09T10:19:54.908+0000] {processor.py:914} INFO - Processing file /home/airflow/.local/lib/python3.12/site-packages/airflow/example_dags/example_setup_teardown.py for tasks to queue
[2025-03-09T10:19:54.912+0000] {logging_mixin.py:190} INFO - [2025-03-09T10:19:54.912+0000] {dagbag.py:588} INFO - Filling up the DagBag from /home/airflow/.local/lib/python3.12/site-packages/airflow/example_dags/example_setup_teardown.py
[2025-03-09T10:19:54.928+0000] {processor.py:925} INFO - DAG(s) 'example_setup_teardown' retrieved from /home/airflow/.local/lib/python3.12/site-packages/airflow/example_dags/example_setup_teardown.py
[2025-03-09T10:19:54.963+0000] {logging_mixin.py:190} INFO - [2025-03-09T10:19:54.962+0000] {dag.py:3239} INFO - Sync 1 DAGs
[2025-03-09T10:19:54.987+0000] {logging_mixin.py:190} INFO - [2025-03-09T10:19:54.987+0000] {dag.py:4180} INFO - Setting next_dagrun for example_setup_teardown to None, run_after=None
[2025-03-09T10:19:55.024+0000] {processor.py:208} INFO - Processing /home/airflow/.local/lib/python3.12/site-packages/airflow/example_dags/example_setup_teardown.py took 0.126 seconds
[2025-03-09T10:20:25.235+0000] {processor.py:186} INFO - Started process (PID=8173) to work on /home/airflow/.local/lib/python3.12/site-packages/airflow/example_dags/example_setup_teardown.py
[2025-03-09T10:20:25.237+0000] {processor.py:914} INFO - Processing file /home/airflow/.local/lib/python3.12/site-packages/airflow/example_dags/example_setup_teardown.py for tasks to queue
[2025-03-09T10:20:25.242+0000] {logging_mixin.py:190} INFO - [2025-03-09T10:20:25.242+0000] {dagbag.py:588} INFO - Filling up the DagBag from /home/airflow/.local/lib/python3.12/site-packages/airflow/example_dags/example_setup_teardown.py
[2025-03-09T10:20:25.262+0000] {processor.py:925} INFO - DAG(s) 'example_setup_teardown' retrieved from /home/airflow/.local/lib/python3.12/site-packages/airflow/example_dags/example_setup_teardown.py
[2025-03-09T10:20:25.307+0000] {logging_mixin.py:190} INFO - [2025-03-09T10:20:25.306+0000] {dag.py:3239} INFO - Sync 1 DAGs
[2025-03-09T10:20:25.336+0000] {logging_mixin.py:190} INFO - [2025-03-09T10:20:25.335+0000] {dag.py:4180} INFO - Setting next_dagrun for example_setup_teardown to None, run_after=None
[2025-03-09T10:20:25.378+0000] {processor.py:208} INFO - Processing /home/airflow/.local/lib/python3.12/site-packages/airflow/example_dags/example_setup_teardown.py took 0.155 seconds
[2025-03-09T10:20:56.132+0000] {processor.py:186} INFO - Started process (PID=8237) to work on /home/airflow/.local/lib/python3.12/site-packages/airflow/example_dags/example_setup_teardown.py
[2025-03-09T10:20:56.134+0000] {processor.py:914} INFO - Processing file /home/airflow/.local/lib/python3.12/site-packages/airflow/example_dags/example_setup_teardown.py for tasks to queue
[2025-03-09T10:20:56.138+0000] {logging_mixin.py:190} INFO - [2025-03-09T10:20:56.138+0000] {dagbag.py:588} INFO - Filling up the DagBag from /home/airflow/.local/lib/python3.12/site-packages/airflow/example_dags/example_setup_teardown.py
[2025-03-09T10:20:56.155+0000] {processor.py:925} INFO - DAG(s) 'example_setup_teardown' retrieved from /home/airflow/.local/lib/python3.12/site-packages/airflow/example_dags/example_setup_teardown.py
[2025-03-09T10:20:56.190+0000] {logging_mixin.py:190} INFO - [2025-03-09T10:20:56.190+0000] {dag.py:3239} INFO - Sync 1 DAGs
[2025-03-09T10:20:56.214+0000] {logging_mixin.py:190} INFO - [2025-03-09T10:20:56.214+0000] {dag.py:4180} INFO - Setting next_dagrun for example_setup_teardown to None, run_after=None
[2025-03-09T10:20:56.253+0000] {processor.py:208} INFO - Processing /home/airflow/.local/lib/python3.12/site-packages/airflow/example_dags/example_setup_teardown.py took 0.130 seconds
[2025-03-09T10:21:27.469+0000] {processor.py:186} INFO - Started process (PID=8302) to work on /home/airflow/.local/lib/python3.12/site-packages/airflow/example_dags/example_setup_teardown.py
[2025-03-09T10:21:27.471+0000] {processor.py:914} INFO - Processing file /home/airflow/.local/lib/python3.12/site-packages/airflow/example_dags/example_setup_teardown.py for tasks to queue
[2025-03-09T10:21:27.475+0000] {logging_mixin.py:190} INFO - [2025-03-09T10:21:27.475+0000] {dagbag.py:588} INFO - Filling up the DagBag from /home/airflow/.local/lib/python3.12/site-packages/airflow/example_dags/example_setup_teardown.py
[2025-03-09T10:21:27.488+0000] {processor.py:925} INFO - DAG(s) 'example_setup_teardown' retrieved from /home/airflow/.local/lib/python3.12/site-packages/airflow/example_dags/example_setup_teardown.py
[2025-03-09T10:21:27.521+0000] {logging_mixin.py:190} INFO - [2025-03-09T10:21:27.520+0000] {dag.py:3239} INFO - Sync 1 DAGs
[2025-03-09T10:21:27.544+0000] {logging_mixin.py:190} INFO - [2025-03-09T10:21:27.543+0000] {dag.py:4180} INFO - Setting next_dagrun for example_setup_teardown to None, run_after=None
[2025-03-09T10:21:27.578+0000] {processor.py:208} INFO - Processing /home/airflow/.local/lib/python3.12/site-packages/airflow/example_dags/example_setup_teardown.py took 0.117 seconds
[2025-03-09T10:21:58.332+0000] {processor.py:186} INFO - Started process (PID=8366) to work on /home/airflow/.local/lib/python3.12/site-packages/airflow/example_dags/example_setup_teardown.py
[2025-03-09T10:21:58.335+0000] {processor.py:914} INFO - Processing file /home/airflow/.local/lib/python3.12/site-packages/airflow/example_dags/example_setup_teardown.py for tasks to queue
[2025-03-09T10:21:58.342+0000] {logging_mixin.py:190} INFO - [2025-03-09T10:21:58.341+0000] {dagbag.py:588} INFO - Filling up the DagBag from /home/airflow/.local/lib/python3.12/site-packages/airflow/example_dags/example_setup_teardown.py
[2025-03-09T10:21:58.365+0000] {processor.py:925} INFO - DAG(s) 'example_setup_teardown' retrieved from /home/airflow/.local/lib/python3.12/site-packages/airflow/example_dags/example_setup_teardown.py
[2025-03-09T10:21:58.413+0000] {logging_mixin.py:190} INFO - [2025-03-09T10:21:58.413+0000] {dag.py:3239} INFO - Sync 1 DAGs
[2025-03-09T10:21:58.439+0000] {logging_mixin.py:190} INFO - [2025-03-09T10:21:58.439+0000] {dag.py:4180} INFO - Setting next_dagrun for example_setup_teardown to None, run_after=None
[2025-03-09T10:21:58.482+0000] {processor.py:208} INFO - Processing /home/airflow/.local/lib/python3.12/site-packages/airflow/example_dags/example_setup_teardown.py took 0.162 seconds
[2025-03-09T10:22:28.574+0000] {processor.py:186} INFO - Started process (PID=8431) to work on /home/airflow/.local/lib/python3.12/site-packages/airflow/example_dags/example_setup_teardown.py
[2025-03-09T10:22:28.576+0000] {processor.py:914} INFO - Processing file /home/airflow/.local/lib/python3.12/site-packages/airflow/example_dags/example_setup_teardown.py for tasks to queue
[2025-03-09T10:22:28.580+0000] {logging_mixin.py:190} INFO - [2025-03-09T10:22:28.579+0000] {dagbag.py:588} INFO - Filling up the DagBag from /home/airflow/.local/lib/python3.12/site-packages/airflow/example_dags/example_setup_teardown.py
[2025-03-09T10:22:28.593+0000] {processor.py:925} INFO - DAG(s) 'example_setup_teardown' retrieved from /home/airflow/.local/lib/python3.12/site-packages/airflow/example_dags/example_setup_teardown.py
[2025-03-09T10:22:28.632+0000] {logging_mixin.py:190} INFO - [2025-03-09T10:22:28.632+0000] {dag.py:3239} INFO - Sync 1 DAGs
[2025-03-09T10:22:28.674+0000] {logging_mixin.py:190} INFO - [2025-03-09T10:22:28.673+0000] {dag.py:4180} INFO - Setting next_dagrun for example_setup_teardown to None, run_after=None
[2025-03-09T10:22:28.731+0000] {processor.py:208} INFO - Processing /home/airflow/.local/lib/python3.12/site-packages/airflow/example_dags/example_setup_teardown.py took 0.164 seconds
[2025-03-09T10:25:11.613+0000] {processor.py:186} INFO - Started process (PID=8511) to work on /home/airflow/.local/lib/python3.12/site-packages/airflow/example_dags/example_setup_teardown.py
[2025-03-09T10:25:11.616+0000] {processor.py:914} INFO - Processing file /home/airflow/.local/lib/python3.12/site-packages/airflow/example_dags/example_setup_teardown.py for tasks to queue
[2025-03-09T10:25:11.619+0000] {logging_mixin.py:190} INFO - [2025-03-09T10:25:11.619+0000] {dagbag.py:588} INFO - Filling up the DagBag from /home/airflow/.local/lib/python3.12/site-packages/airflow/example_dags/example_setup_teardown.py
[2025-03-09T10:25:11.638+0000] {processor.py:925} INFO - DAG(s) 'example_setup_teardown' retrieved from /home/airflow/.local/lib/python3.12/site-packages/airflow/example_dags/example_setup_teardown.py
[2025-03-09T10:25:11.685+0000] {logging_mixin.py:190} INFO - [2025-03-09T10:25:11.684+0000] {dag.py:3239} INFO - Sync 1 DAGs
[2025-03-09T10:25:11.731+0000] {logging_mixin.py:190} INFO - [2025-03-09T10:25:11.730+0000] {dag.py:4180} INFO - Setting next_dagrun for example_setup_teardown to None, run_after=None
[2025-03-09T10:25:11.798+0000] {processor.py:208} INFO - Processing /home/airflow/.local/lib/python3.12/site-packages/airflow/example_dags/example_setup_teardown.py took 0.197 seconds
[2025-03-09T10:25:42.577+0000] {processor.py:186} INFO - Started process (PID=8576) to work on /home/airflow/.local/lib/python3.12/site-packages/airflow/example_dags/example_setup_teardown.py
[2025-03-09T10:25:42.579+0000] {processor.py:914} INFO - Processing file /home/airflow/.local/lib/python3.12/site-packages/airflow/example_dags/example_setup_teardown.py for tasks to queue
[2025-03-09T10:25:42.583+0000] {logging_mixin.py:190} INFO - [2025-03-09T10:25:42.582+0000] {dagbag.py:588} INFO - Filling up the DagBag from /home/airflow/.local/lib/python3.12/site-packages/airflow/example_dags/example_setup_teardown.py
[2025-03-09T10:25:42.595+0000] {processor.py:925} INFO - DAG(s) 'example_setup_teardown' retrieved from /home/airflow/.local/lib/python3.12/site-packages/airflow/example_dags/example_setup_teardown.py
[2025-03-09T10:25:42.631+0000] {logging_mixin.py:190} INFO - [2025-03-09T10:25:42.630+0000] {dag.py:3239} INFO - Sync 1 DAGs
[2025-03-09T10:25:42.654+0000] {logging_mixin.py:190} INFO - [2025-03-09T10:25:42.654+0000] {dag.py:4180} INFO - Setting next_dagrun for example_setup_teardown to None, run_after=None
[2025-03-09T10:25:42.688+0000] {processor.py:208} INFO - Processing /home/airflow/.local/lib/python3.12/site-packages/airflow/example_dags/example_setup_teardown.py took 0.120 seconds
[2025-03-09T10:26:12.885+0000] {processor.py:186} INFO - Started process (PID=8640) to work on /home/airflow/.local/lib/python3.12/site-packages/airflow/example_dags/example_setup_teardown.py
[2025-03-09T10:26:12.887+0000] {processor.py:914} INFO - Processing file /home/airflow/.local/lib/python3.12/site-packages/airflow/example_dags/example_setup_teardown.py for tasks to queue
[2025-03-09T10:26:12.892+0000] {logging_mixin.py:190} INFO - [2025-03-09T10:26:12.891+0000] {dagbag.py:588} INFO - Filling up the DagBag from /home/airflow/.local/lib/python3.12/site-packages/airflow/example_dags/example_setup_teardown.py
[2025-03-09T10:26:12.905+0000] {processor.py:925} INFO - DAG(s) 'example_setup_teardown' retrieved from /home/airflow/.local/lib/python3.12/site-packages/airflow/example_dags/example_setup_teardown.py
[2025-03-09T10:26:12.935+0000] {logging_mixin.py:190} INFO - [2025-03-09T10:26:12.934+0000] {dag.py:3239} INFO - Sync 1 DAGs
[2025-03-09T10:26:12.958+0000] {logging_mixin.py:190} INFO - [2025-03-09T10:26:12.958+0000] {dag.py:4180} INFO - Setting next_dagrun for example_setup_teardown to None, run_after=None
[2025-03-09T10:26:12.989+0000] {processor.py:208} INFO - Processing /home/airflow/.local/lib/python3.12/site-packages/airflow/example_dags/example_setup_teardown.py took 0.114 seconds
[2025-03-09T10:26:44.336+0000] {processor.py:186} INFO - Started process (PID=8705) to work on /home/airflow/.local/lib/python3.12/site-packages/airflow/example_dags/example_setup_teardown.py
[2025-03-09T10:26:44.339+0000] {processor.py:914} INFO - Processing file /home/airflow/.local/lib/python3.12/site-packages/airflow/example_dags/example_setup_teardown.py for tasks to queue
[2025-03-09T10:26:44.343+0000] {logging_mixin.py:190} INFO - [2025-03-09T10:26:44.342+0000] {dagbag.py:588} INFO - Filling up the DagBag from /home/airflow/.local/lib/python3.12/site-packages/airflow/example_dags/example_setup_teardown.py
[2025-03-09T10:26:44.359+0000] {processor.py:925} INFO - DAG(s) 'example_setup_teardown' retrieved from /home/airflow/.local/lib/python3.12/site-packages/airflow/example_dags/example_setup_teardown.py
[2025-03-09T10:26:44.395+0000] {logging_mixin.py:190} INFO - [2025-03-09T10:26:44.395+0000] {dag.py:3239} INFO - Sync 1 DAGs
[2025-03-09T10:26:44.423+0000] {logging_mixin.py:190} INFO - [2025-03-09T10:26:44.423+0000] {dag.py:4180} INFO - Setting next_dagrun for example_setup_teardown to None, run_after=None
[2025-03-09T10:26:44.457+0000] {processor.py:208} INFO - Processing /home/airflow/.local/lib/python3.12/site-packages/airflow/example_dags/example_setup_teardown.py took 0.129 seconds
[2025-03-09T10:27:14.738+0000] {processor.py:186} INFO - Started process (PID=8770) to work on /home/airflow/.local/lib/python3.12/site-packages/airflow/example_dags/example_setup_teardown.py
[2025-03-09T10:27:14.741+0000] {processor.py:914} INFO - Processing file /home/airflow/.local/lib/python3.12/site-packages/airflow/example_dags/example_setup_teardown.py for tasks to queue
[2025-03-09T10:27:14.747+0000] {logging_mixin.py:190} INFO - [2025-03-09T10:27:14.747+0000] {dagbag.py:588} INFO - Filling up the DagBag from /home/airflow/.local/lib/python3.12/site-packages/airflow/example_dags/example_setup_teardown.py
[2025-03-09T10:27:14.764+0000] {processor.py:925} INFO - DAG(s) 'example_setup_teardown' retrieved from /home/airflow/.local/lib/python3.12/site-packages/airflow/example_dags/example_setup_teardown.py
[2025-03-09T10:27:14.808+0000] {logging_mixin.py:190} INFO - [2025-03-09T10:27:14.807+0000] {dag.py:3239} INFO - Sync 1 DAGs
[2025-03-09T10:27:14.838+0000] {logging_mixin.py:190} INFO - [2025-03-09T10:27:14.837+0000] {dag.py:4180} INFO - Setting next_dagrun for example_setup_teardown to None, run_after=None
[2025-03-09T10:27:14.876+0000] {processor.py:208} INFO - Processing /home/airflow/.local/lib/python3.12/site-packages/airflow/example_dags/example_setup_teardown.py took 0.150 seconds
[2025-03-09T10:27:45.225+0000] {processor.py:186} INFO - Started process (PID=8834) to work on /home/airflow/.local/lib/python3.12/site-packages/airflow/example_dags/example_setup_teardown.py
[2025-03-09T10:27:45.227+0000] {processor.py:914} INFO - Processing file /home/airflow/.local/lib/python3.12/site-packages/airflow/example_dags/example_setup_teardown.py for tasks to queue
[2025-03-09T10:27:45.232+0000] {logging_mixin.py:190} INFO - [2025-03-09T10:27:45.231+0000] {dagbag.py:588} INFO - Filling up the DagBag from /home/airflow/.local/lib/python3.12/site-packages/airflow/example_dags/example_setup_teardown.py
[2025-03-09T10:27:45.259+0000] {processor.py:925} INFO - DAG(s) 'example_setup_teardown' retrieved from /home/airflow/.local/lib/python3.12/site-packages/airflow/example_dags/example_setup_teardown.py
[2025-03-09T10:27:45.302+0000] {logging_mixin.py:190} INFO - [2025-03-09T10:27:45.302+0000] {dag.py:3239} INFO - Sync 1 DAGs
[2025-03-09T10:27:45.344+0000] {logging_mixin.py:190} INFO - [2025-03-09T10:27:45.343+0000] {dag.py:4180} INFO - Setting next_dagrun for example_setup_teardown to None, run_after=None
[2025-03-09T10:27:45.429+0000] {processor.py:208} INFO - Processing /home/airflow/.local/lib/python3.12/site-packages/airflow/example_dags/example_setup_teardown.py took 0.212 seconds
[2025-03-09T10:28:16.051+0000] {processor.py:186} INFO - Started process (PID=8906) to work on /home/airflow/.local/lib/python3.12/site-packages/airflow/example_dags/example_setup_teardown.py
[2025-03-09T10:28:16.053+0000] {processor.py:914} INFO - Processing file /home/airflow/.local/lib/python3.12/site-packages/airflow/example_dags/example_setup_teardown.py for tasks to queue
[2025-03-09T10:28:16.058+0000] {logging_mixin.py:190} INFO - [2025-03-09T10:28:16.057+0000] {dagbag.py:588} INFO - Filling up the DagBag from /home/airflow/.local/lib/python3.12/site-packages/airflow/example_dags/example_setup_teardown.py
[2025-03-09T10:28:16.076+0000] {processor.py:925} INFO - DAG(s) 'example_setup_teardown' retrieved from /home/airflow/.local/lib/python3.12/site-packages/airflow/example_dags/example_setup_teardown.py
[2025-03-09T10:28:16.123+0000] {logging_mixin.py:190} INFO - [2025-03-09T10:28:16.123+0000] {dag.py:3239} INFO - Sync 1 DAGs
[2025-03-09T10:28:16.158+0000] {logging_mixin.py:190} INFO - [2025-03-09T10:28:16.157+0000] {dag.py:4180} INFO - Setting next_dagrun for example_setup_teardown to None, run_after=None
[2025-03-09T10:28:16.216+0000] {processor.py:208} INFO - Processing /home/airflow/.local/lib/python3.12/site-packages/airflow/example_dags/example_setup_teardown.py took 0.175 seconds
[2025-03-09T10:28:46.681+0000] {processor.py:186} INFO - Started process (PID=8971) to work on /home/airflow/.local/lib/python3.12/site-packages/airflow/example_dags/example_setup_teardown.py
[2025-03-09T10:28:46.682+0000] {processor.py:914} INFO - Processing file /home/airflow/.local/lib/python3.12/site-packages/airflow/example_dags/example_setup_teardown.py for tasks to queue
[2025-03-09T10:28:46.687+0000] {logging_mixin.py:190} INFO - [2025-03-09T10:28:46.686+0000] {dagbag.py:588} INFO - Filling up the DagBag from /home/airflow/.local/lib/python3.12/site-packages/airflow/example_dags/example_setup_teardown.py
[2025-03-09T10:28:46.700+0000] {processor.py:925} INFO - DAG(s) 'example_setup_teardown' retrieved from /home/airflow/.local/lib/python3.12/site-packages/airflow/example_dags/example_setup_teardown.py
[2025-03-09T10:28:46.736+0000] {logging_mixin.py:190} INFO - [2025-03-09T10:28:46.735+0000] {dag.py:3239} INFO - Sync 1 DAGs
[2025-03-09T10:28:46.760+0000] {logging_mixin.py:190} INFO - [2025-03-09T10:28:46.760+0000] {dag.py:4180} INFO - Setting next_dagrun for example_setup_teardown to None, run_after=None
[2025-03-09T10:28:46.796+0000] {processor.py:208} INFO - Processing /home/airflow/.local/lib/python3.12/site-packages/airflow/example_dags/example_setup_teardown.py took 0.123 seconds
[2025-03-09T10:29:17.132+0000] {processor.py:186} INFO - Started process (PID=9036) to work on /home/airflow/.local/lib/python3.12/site-packages/airflow/example_dags/example_setup_teardown.py
[2025-03-09T10:29:17.134+0000] {processor.py:914} INFO - Processing file /home/airflow/.local/lib/python3.12/site-packages/airflow/example_dags/example_setup_teardown.py for tasks to queue
[2025-03-09T10:29:17.138+0000] {logging_mixin.py:190} INFO - [2025-03-09T10:29:17.137+0000] {dagbag.py:588} INFO - Filling up the DagBag from /home/airflow/.local/lib/python3.12/site-packages/airflow/example_dags/example_setup_teardown.py
[2025-03-09T10:29:17.150+0000] {processor.py:925} INFO - DAG(s) 'example_setup_teardown' retrieved from /home/airflow/.local/lib/python3.12/site-packages/airflow/example_dags/example_setup_teardown.py
[2025-03-09T10:29:17.186+0000] {logging_mixin.py:190} INFO - [2025-03-09T10:29:17.186+0000] {dag.py:3239} INFO - Sync 1 DAGs
[2025-03-09T10:29:17.207+0000] {logging_mixin.py:190} INFO - [2025-03-09T10:29:17.206+0000] {dag.py:4180} INFO - Setting next_dagrun for example_setup_teardown to None, run_after=None
[2025-03-09T10:29:17.237+0000] {processor.py:208} INFO - Processing /home/airflow/.local/lib/python3.12/site-packages/airflow/example_dags/example_setup_teardown.py took 0.112 seconds
[2025-03-09T10:29:47.489+0000] {processor.py:186} INFO - Started process (PID=9101) to work on /home/airflow/.local/lib/python3.12/site-packages/airflow/example_dags/example_setup_teardown.py
[2025-03-09T10:29:47.491+0000] {processor.py:914} INFO - Processing file /home/airflow/.local/lib/python3.12/site-packages/airflow/example_dags/example_setup_teardown.py for tasks to queue
[2025-03-09T10:29:47.495+0000] {logging_mixin.py:190} INFO - [2025-03-09T10:29:47.494+0000] {dagbag.py:588} INFO - Filling up the DagBag from /home/airflow/.local/lib/python3.12/site-packages/airflow/example_dags/example_setup_teardown.py
[2025-03-09T10:29:47.509+0000] {processor.py:925} INFO - DAG(s) 'example_setup_teardown' retrieved from /home/airflow/.local/lib/python3.12/site-packages/airflow/example_dags/example_setup_teardown.py
[2025-03-09T10:29:47.544+0000] {logging_mixin.py:190} INFO - [2025-03-09T10:29:47.544+0000] {dag.py:3239} INFO - Sync 1 DAGs
[2025-03-09T10:29:47.570+0000] {logging_mixin.py:190} INFO - [2025-03-09T10:29:47.570+0000] {dag.py:4180} INFO - Setting next_dagrun for example_setup_teardown to None, run_after=None
[2025-03-09T10:29:47.605+0000] {processor.py:208} INFO - Processing /home/airflow/.local/lib/python3.12/site-packages/airflow/example_dags/example_setup_teardown.py took 0.126 seconds
[2025-03-09T10:30:17.768+0000] {processor.py:186} INFO - Started process (PID=9165) to work on /home/airflow/.local/lib/python3.12/site-packages/airflow/example_dags/example_setup_teardown.py
[2025-03-09T10:30:17.770+0000] {processor.py:914} INFO - Processing file /home/airflow/.local/lib/python3.12/site-packages/airflow/example_dags/example_setup_teardown.py for tasks to queue
[2025-03-09T10:30:17.774+0000] {logging_mixin.py:190} INFO - [2025-03-09T10:30:17.774+0000] {dagbag.py:588} INFO - Filling up the DagBag from /home/airflow/.local/lib/python3.12/site-packages/airflow/example_dags/example_setup_teardown.py
[2025-03-09T10:30:17.787+0000] {processor.py:925} INFO - DAG(s) 'example_setup_teardown' retrieved from /home/airflow/.local/lib/python3.12/site-packages/airflow/example_dags/example_setup_teardown.py
[2025-03-09T10:30:17.817+0000] {logging_mixin.py:190} INFO - [2025-03-09T10:30:17.816+0000] {dag.py:3239} INFO - Sync 1 DAGs
[2025-03-09T10:30:17.837+0000] {logging_mixin.py:190} INFO - [2025-03-09T10:30:17.837+0000] {dag.py:4180} INFO - Setting next_dagrun for example_setup_teardown to None, run_after=None
[2025-03-09T10:30:17.869+0000] {processor.py:208} INFO - Processing /home/airflow/.local/lib/python3.12/site-packages/airflow/example_dags/example_setup_teardown.py took 0.109 seconds
[2025-03-09T10:30:48.238+0000] {processor.py:186} INFO - Started process (PID=9230) to work on /home/airflow/.local/lib/python3.12/site-packages/airflow/example_dags/example_setup_teardown.py
[2025-03-09T10:30:48.241+0000] {processor.py:914} INFO - Processing file /home/airflow/.local/lib/python3.12/site-packages/airflow/example_dags/example_setup_teardown.py for tasks to queue
[2025-03-09T10:30:48.248+0000] {logging_mixin.py:190} INFO - [2025-03-09T10:30:48.247+0000] {dagbag.py:588} INFO - Filling up the DagBag from /home/airflow/.local/lib/python3.12/site-packages/airflow/example_dags/example_setup_teardown.py
[2025-03-09T10:30:48.274+0000] {processor.py:925} INFO - DAG(s) 'example_setup_teardown' retrieved from /home/airflow/.local/lib/python3.12/site-packages/airflow/example_dags/example_setup_teardown.py
[2025-03-09T10:30:48.318+0000] {logging_mixin.py:190} INFO - [2025-03-09T10:30:48.318+0000] {dag.py:3239} INFO - Sync 1 DAGs
[2025-03-09T10:30:48.352+0000] {logging_mixin.py:190} INFO - [2025-03-09T10:30:48.352+0000] {dag.py:4180} INFO - Setting next_dagrun for example_setup_teardown to None, run_after=None
[2025-03-09T10:30:48.401+0000] {processor.py:208} INFO - Processing /home/airflow/.local/lib/python3.12/site-packages/airflow/example_dags/example_setup_teardown.py took 0.180 seconds
[2025-03-09T10:31:18.476+0000] {processor.py:186} INFO - Started process (PID=9295) to work on /home/airflow/.local/lib/python3.12/site-packages/airflow/example_dags/example_setup_teardown.py
[2025-03-09T10:31:18.477+0000] {processor.py:914} INFO - Processing file /home/airflow/.local/lib/python3.12/site-packages/airflow/example_dags/example_setup_teardown.py for tasks to queue
[2025-03-09T10:31:18.482+0000] {logging_mixin.py:190} INFO - [2025-03-09T10:31:18.481+0000] {dagbag.py:588} INFO - Filling up the DagBag from /home/airflow/.local/lib/python3.12/site-packages/airflow/example_dags/example_setup_teardown.py
[2025-03-09T10:31:18.496+0000] {processor.py:925} INFO - DAG(s) 'example_setup_teardown' retrieved from /home/airflow/.local/lib/python3.12/site-packages/airflow/example_dags/example_setup_teardown.py
[2025-03-09T10:31:18.526+0000] {logging_mixin.py:190} INFO - [2025-03-09T10:31:18.525+0000] {dag.py:3239} INFO - Sync 1 DAGs
[2025-03-09T10:31:18.547+0000] {logging_mixin.py:190} INFO - [2025-03-09T10:31:18.546+0000] {dag.py:4180} INFO - Setting next_dagrun for example_setup_teardown to None, run_after=None
[2025-03-09T10:31:18.580+0000] {processor.py:208} INFO - Processing /home/airflow/.local/lib/python3.12/site-packages/airflow/example_dags/example_setup_teardown.py took 0.112 seconds
[2025-03-09T10:31:48.677+0000] {processor.py:186} INFO - Started process (PID=9361) to work on /home/airflow/.local/lib/python3.12/site-packages/airflow/example_dags/example_setup_teardown.py
[2025-03-09T10:31:48.678+0000] {processor.py:914} INFO - Processing file /home/airflow/.local/lib/python3.12/site-packages/airflow/example_dags/example_setup_teardown.py for tasks to queue
[2025-03-09T10:31:48.683+0000] {logging_mixin.py:190} INFO - [2025-03-09T10:31:48.682+0000] {dagbag.py:588} INFO - Filling up the DagBag from /home/airflow/.local/lib/python3.12/site-packages/airflow/example_dags/example_setup_teardown.py
[2025-03-09T10:31:48.698+0000] {processor.py:925} INFO - DAG(s) 'example_setup_teardown' retrieved from /home/airflow/.local/lib/python3.12/site-packages/airflow/example_dags/example_setup_teardown.py
[2025-03-09T10:31:48.741+0000] {logging_mixin.py:190} INFO - [2025-03-09T10:31:48.740+0000] {dag.py:3239} INFO - Sync 1 DAGs
[2025-03-09T10:31:48.772+0000] {logging_mixin.py:190} INFO - [2025-03-09T10:31:48.771+0000] {dag.py:4180} INFO - Setting next_dagrun for example_setup_teardown to None, run_after=None
[2025-03-09T10:31:48.808+0000] {processor.py:208} INFO - Processing /home/airflow/.local/lib/python3.12/site-packages/airflow/example_dags/example_setup_teardown.py took 0.141 seconds
[2025-03-09T10:32:18.989+0000] {processor.py:186} INFO - Started process (PID=9425) to work on /home/airflow/.local/lib/python3.12/site-packages/airflow/example_dags/example_setup_teardown.py
[2025-03-09T10:32:18.991+0000] {processor.py:914} INFO - Processing file /home/airflow/.local/lib/python3.12/site-packages/airflow/example_dags/example_setup_teardown.py for tasks to queue
[2025-03-09T10:32:18.996+0000] {logging_mixin.py:190} INFO - [2025-03-09T10:32:18.996+0000] {dagbag.py:588} INFO - Filling up the DagBag from /home/airflow/.local/lib/python3.12/site-packages/airflow/example_dags/example_setup_teardown.py
[2025-03-09T10:32:19.014+0000] {processor.py:925} INFO - DAG(s) 'example_setup_teardown' retrieved from /home/airflow/.local/lib/python3.12/site-packages/airflow/example_dags/example_setup_teardown.py
[2025-03-09T10:32:19.065+0000] {logging_mixin.py:190} INFO - [2025-03-09T10:32:19.064+0000] {dag.py:3239} INFO - Sync 1 DAGs
[2025-03-09T10:32:19.099+0000] {logging_mixin.py:190} INFO - [2025-03-09T10:32:19.099+0000] {dag.py:4180} INFO - Setting next_dagrun for example_setup_teardown to None, run_after=None
[2025-03-09T10:32:19.136+0000] {processor.py:208} INFO - Processing /home/airflow/.local/lib/python3.12/site-packages/airflow/example_dags/example_setup_teardown.py took 0.159 seconds
[2025-03-09T10:32:49.708+0000] {processor.py:186} INFO - Started process (PID=9491) to work on /home/airflow/.local/lib/python3.12/site-packages/airflow/example_dags/example_setup_teardown.py
[2025-03-09T10:32:49.710+0000] {processor.py:914} INFO - Processing file /home/airflow/.local/lib/python3.12/site-packages/airflow/example_dags/example_setup_teardown.py for tasks to queue
[2025-03-09T10:32:49.714+0000] {logging_mixin.py:190} INFO - [2025-03-09T10:32:49.714+0000] {dagbag.py:588} INFO - Filling up the DagBag from /home/airflow/.local/lib/python3.12/site-packages/airflow/example_dags/example_setup_teardown.py
[2025-03-09T10:32:49.728+0000] {processor.py:925} INFO - DAG(s) 'example_setup_teardown' retrieved from /home/airflow/.local/lib/python3.12/site-packages/airflow/example_dags/example_setup_teardown.py
[2025-03-09T10:32:49.762+0000] {logging_mixin.py:190} INFO - [2025-03-09T10:32:49.761+0000] {dag.py:3239} INFO - Sync 1 DAGs
[2025-03-09T10:32:49.785+0000] {logging_mixin.py:190} INFO - [2025-03-09T10:32:49.785+0000] {dag.py:4180} INFO - Setting next_dagrun for example_setup_teardown to None, run_after=None
[2025-03-09T10:32:49.819+0000] {processor.py:208} INFO - Processing /home/airflow/.local/lib/python3.12/site-packages/airflow/example_dags/example_setup_teardown.py took 0.119 seconds
[2025-03-09T10:33:20.379+0000] {processor.py:186} INFO - Started process (PID=9556) to work on /home/airflow/.local/lib/python3.12/site-packages/airflow/example_dags/example_setup_teardown.py
[2025-03-09T10:33:20.381+0000] {processor.py:914} INFO - Processing file /home/airflow/.local/lib/python3.12/site-packages/airflow/example_dags/example_setup_teardown.py for tasks to queue
[2025-03-09T10:33:20.386+0000] {logging_mixin.py:190} INFO - [2025-03-09T10:33:20.386+0000] {dagbag.py:588} INFO - Filling up the DagBag from /home/airflow/.local/lib/python3.12/site-packages/airflow/example_dags/example_setup_teardown.py
[2025-03-09T10:33:20.401+0000] {processor.py:925} INFO - DAG(s) 'example_setup_teardown' retrieved from /home/airflow/.local/lib/python3.12/site-packages/airflow/example_dags/example_setup_teardown.py
[2025-03-09T10:33:20.436+0000] {logging_mixin.py:190} INFO - [2025-03-09T10:33:20.436+0000] {dag.py:3239} INFO - Sync 1 DAGs
[2025-03-09T10:33:20.458+0000] {logging_mixin.py:190} INFO - [2025-03-09T10:33:20.457+0000] {dag.py:4180} INFO - Setting next_dagrun for example_setup_teardown to None, run_after=None
[2025-03-09T10:33:20.490+0000] {processor.py:208} INFO - Processing /home/airflow/.local/lib/python3.12/site-packages/airflow/example_dags/example_setup_teardown.py took 0.121 seconds
[2025-03-09T10:33:50.801+0000] {processor.py:186} INFO - Started process (PID=9621) to work on /home/airflow/.local/lib/python3.12/site-packages/airflow/example_dags/example_setup_teardown.py
[2025-03-09T10:33:50.802+0000] {processor.py:914} INFO - Processing file /home/airflow/.local/lib/python3.12/site-packages/airflow/example_dags/example_setup_teardown.py for tasks to queue
[2025-03-09T10:33:50.806+0000] {logging_mixin.py:190} INFO - [2025-03-09T10:33:50.806+0000] {dagbag.py:588} INFO - Filling up the DagBag from /home/airflow/.local/lib/python3.12/site-packages/airflow/example_dags/example_setup_teardown.py
[2025-03-09T10:33:50.819+0000] {processor.py:925} INFO - DAG(s) 'example_setup_teardown' retrieved from /home/airflow/.local/lib/python3.12/site-packages/airflow/example_dags/example_setup_teardown.py
[2025-03-09T10:33:50.866+0000] {logging_mixin.py:190} INFO - [2025-03-09T10:33:50.866+0000] {dag.py:3239} INFO - Sync 1 DAGs
[2025-03-09T10:33:50.903+0000] {logging_mixin.py:190} INFO - [2025-03-09T10:33:50.903+0000] {dag.py:4180} INFO - Setting next_dagrun for example_setup_teardown to None, run_after=None
[2025-03-09T10:33:50.943+0000] {processor.py:208} INFO - Processing /home/airflow/.local/lib/python3.12/site-packages/airflow/example_dags/example_setup_teardown.py took 0.150 seconds
[2025-03-09T11:36:23.163+0000] {processor.py:186} INFO - Started process (PID=9685) to work on /home/airflow/.local/lib/python3.12/site-packages/airflow/example_dags/example_setup_teardown.py
[2025-03-09T11:36:23.172+0000] {processor.py:914} INFO - Processing file /home/airflow/.local/lib/python3.12/site-packages/airflow/example_dags/example_setup_teardown.py for tasks to queue
[2025-03-09T11:36:23.181+0000] {logging_mixin.py:190} INFO - [2025-03-09T11:36:23.180+0000] {dagbag.py:588} INFO - Filling up the DagBag from /home/airflow/.local/lib/python3.12/site-packages/airflow/example_dags/example_setup_teardown.py
[2025-03-09T11:36:23.232+0000] {processor.py:925} INFO - DAG(s) 'example_setup_teardown' retrieved from /home/airflow/.local/lib/python3.12/site-packages/airflow/example_dags/example_setup_teardown.py
[2025-03-09T11:36:23.352+0000] {logging_mixin.py:190} INFO - [2025-03-09T11:36:23.352+0000] {dag.py:3239} INFO - Sync 1 DAGs
[2025-03-09T11:36:23.444+0000] {logging_mixin.py:190} INFO - [2025-03-09T11:36:23.443+0000] {dag.py:4180} INFO - Setting next_dagrun for example_setup_teardown to None, run_after=None
[2025-03-09T11:36:23.516+0000] {processor.py:208} INFO - Processing /home/airflow/.local/lib/python3.12/site-packages/airflow/example_dags/example_setup_teardown.py took 0.385 seconds
[2025-03-09T11:36:54.301+0000] {processor.py:186} INFO - Started process (PID=9750) to work on /home/airflow/.local/lib/python3.12/site-packages/airflow/example_dags/example_setup_teardown.py
[2025-03-09T11:36:54.304+0000] {processor.py:914} INFO - Processing file /home/airflow/.local/lib/python3.12/site-packages/airflow/example_dags/example_setup_teardown.py for tasks to queue
[2025-03-09T11:36:54.317+0000] {logging_mixin.py:190} INFO - [2025-03-09T11:36:54.315+0000] {dagbag.py:588} INFO - Filling up the DagBag from /home/airflow/.local/lib/python3.12/site-packages/airflow/example_dags/example_setup_teardown.py
[2025-03-09T11:36:54.360+0000] {processor.py:925} INFO - DAG(s) 'example_setup_teardown' retrieved from /home/airflow/.local/lib/python3.12/site-packages/airflow/example_dags/example_setup_teardown.py
[2025-03-09T11:36:54.438+0000] {logging_mixin.py:190} INFO - [2025-03-09T11:36:54.438+0000] {dag.py:3239} INFO - Sync 1 DAGs
[2025-03-09T11:36:54.489+0000] {logging_mixin.py:190} INFO - [2025-03-09T11:36:54.488+0000] {dag.py:4180} INFO - Setting next_dagrun for example_setup_teardown to None, run_after=None
[2025-03-09T11:36:54.567+0000] {processor.py:208} INFO - Processing /home/airflow/.local/lib/python3.12/site-packages/airflow/example_dags/example_setup_teardown.py took 0.295 seconds
[2025-03-09T11:37:25.103+0000] {processor.py:186} INFO - Started process (PID=9815) to work on /home/airflow/.local/lib/python3.12/site-packages/airflow/example_dags/example_setup_teardown.py
[2025-03-09T11:37:25.105+0000] {processor.py:914} INFO - Processing file /home/airflow/.local/lib/python3.12/site-packages/airflow/example_dags/example_setup_teardown.py for tasks to queue
[2025-03-09T11:37:25.110+0000] {logging_mixin.py:190} INFO - [2025-03-09T11:37:25.109+0000] {dagbag.py:588} INFO - Filling up the DagBag from /home/airflow/.local/lib/python3.12/site-packages/airflow/example_dags/example_setup_teardown.py
[2025-03-09T11:37:25.124+0000] {processor.py:925} INFO - DAG(s) 'example_setup_teardown' retrieved from /home/airflow/.local/lib/python3.12/site-packages/airflow/example_dags/example_setup_teardown.py
[2025-03-09T11:37:25.177+0000] {logging_mixin.py:190} INFO - [2025-03-09T11:37:25.177+0000] {dag.py:3239} INFO - Sync 1 DAGs
[2025-03-09T11:37:25.211+0000] {logging_mixin.py:190} INFO - [2025-03-09T11:37:25.211+0000] {dag.py:4180} INFO - Setting next_dagrun for example_setup_teardown to None, run_after=None
[2025-03-09T11:37:25.266+0000] {processor.py:208} INFO - Processing /home/airflow/.local/lib/python3.12/site-packages/airflow/example_dags/example_setup_teardown.py took 0.173 seconds
[2025-03-09T11:37:55.796+0000] {processor.py:186} INFO - Started process (PID=9880) to work on /home/airflow/.local/lib/python3.12/site-packages/airflow/example_dags/example_setup_teardown.py
[2025-03-09T11:37:55.798+0000] {processor.py:914} INFO - Processing file /home/airflow/.local/lib/python3.12/site-packages/airflow/example_dags/example_setup_teardown.py for tasks to queue
[2025-03-09T11:37:55.801+0000] {logging_mixin.py:190} INFO - [2025-03-09T11:37:55.800+0000] {dagbag.py:588} INFO - Filling up the DagBag from /home/airflow/.local/lib/python3.12/site-packages/airflow/example_dags/example_setup_teardown.py
[2025-03-09T11:37:55.818+0000] {processor.py:925} INFO - DAG(s) 'example_setup_teardown' retrieved from /home/airflow/.local/lib/python3.12/site-packages/airflow/example_dags/example_setup_teardown.py
[2025-03-09T11:37:55.854+0000] {logging_mixin.py:190} INFO - [2025-03-09T11:37:55.854+0000] {dag.py:3239} INFO - Sync 1 DAGs
[2025-03-09T11:37:55.892+0000] {logging_mixin.py:190} INFO - [2025-03-09T11:37:55.892+0000] {dag.py:4180} INFO - Setting next_dagrun for example_setup_teardown to None, run_after=None
[2025-03-09T11:37:55.933+0000] {processor.py:208} INFO - Processing /home/airflow/.local/lib/python3.12/site-packages/airflow/example_dags/example_setup_teardown.py took 0.146 seconds
[2025-03-09T11:38:26.298+0000] {processor.py:186} INFO - Started process (PID=9945) to work on /home/airflow/.local/lib/python3.12/site-packages/airflow/example_dags/example_setup_teardown.py
[2025-03-09T11:38:26.300+0000] {processor.py:914} INFO - Processing file /home/airflow/.local/lib/python3.12/site-packages/airflow/example_dags/example_setup_teardown.py for tasks to queue
[2025-03-09T11:38:26.303+0000] {logging_mixin.py:190} INFO - [2025-03-09T11:38:26.302+0000] {dagbag.py:588} INFO - Filling up the DagBag from /home/airflow/.local/lib/python3.12/site-packages/airflow/example_dags/example_setup_teardown.py
[2025-03-09T11:38:26.323+0000] {processor.py:925} INFO - DAG(s) 'example_setup_teardown' retrieved from /home/airflow/.local/lib/python3.12/site-packages/airflow/example_dags/example_setup_teardown.py
[2025-03-09T11:38:26.386+0000] {logging_mixin.py:190} INFO - [2025-03-09T11:38:26.386+0000] {dag.py:3239} INFO - Sync 1 DAGs
[2025-03-09T11:38:26.411+0000] {logging_mixin.py:190} INFO - [2025-03-09T11:38:26.411+0000] {dag.py:4180} INFO - Setting next_dagrun for example_setup_teardown to None, run_after=None
[2025-03-09T11:38:26.449+0000] {processor.py:208} INFO - Processing /home/airflow/.local/lib/python3.12/site-packages/airflow/example_dags/example_setup_teardown.py took 0.162 seconds
[2025-03-09T11:38:57.071+0000] {processor.py:186} INFO - Started process (PID=10010) to work on /home/airflow/.local/lib/python3.12/site-packages/airflow/example_dags/example_setup_teardown.py
[2025-03-09T11:38:57.073+0000] {processor.py:914} INFO - Processing file /home/airflow/.local/lib/python3.12/site-packages/airflow/example_dags/example_setup_teardown.py for tasks to queue
[2025-03-09T11:38:57.076+0000] {logging_mixin.py:190} INFO - [2025-03-09T11:38:57.076+0000] {dagbag.py:588} INFO - Filling up the DagBag from /home/airflow/.local/lib/python3.12/site-packages/airflow/example_dags/example_setup_teardown.py
[2025-03-09T11:38:57.092+0000] {processor.py:925} INFO - DAG(s) 'example_setup_teardown' retrieved from /home/airflow/.local/lib/python3.12/site-packages/airflow/example_dags/example_setup_teardown.py
[2025-03-09T11:38:57.132+0000] {logging_mixin.py:190} INFO - [2025-03-09T11:38:57.132+0000] {dag.py:3239} INFO - Sync 1 DAGs
[2025-03-09T11:38:57.160+0000] {logging_mixin.py:190} INFO - [2025-03-09T11:38:57.160+0000] {dag.py:4180} INFO - Setting next_dagrun for example_setup_teardown to None, run_after=None
[2025-03-09T11:38:57.203+0000] {processor.py:208} INFO - Processing /home/airflow/.local/lib/python3.12/site-packages/airflow/example_dags/example_setup_teardown.py took 0.141 seconds
[2025-03-09T11:39:27.430+0000] {processor.py:186} INFO - Started process (PID=10075) to work on /home/airflow/.local/lib/python3.12/site-packages/airflow/example_dags/example_setup_teardown.py
[2025-03-09T11:39:27.432+0000] {processor.py:914} INFO - Processing file /home/airflow/.local/lib/python3.12/site-packages/airflow/example_dags/example_setup_teardown.py for tasks to queue
[2025-03-09T11:39:27.435+0000] {logging_mixin.py:190} INFO - [2025-03-09T11:39:27.434+0000] {dagbag.py:588} INFO - Filling up the DagBag from /home/airflow/.local/lib/python3.12/site-packages/airflow/example_dags/example_setup_teardown.py
[2025-03-09T11:39:27.449+0000] {processor.py:925} INFO - DAG(s) 'example_setup_teardown' retrieved from /home/airflow/.local/lib/python3.12/site-packages/airflow/example_dags/example_setup_teardown.py
[2025-03-09T11:39:27.482+0000] {logging_mixin.py:190} INFO - [2025-03-09T11:39:27.481+0000] {dag.py:3239} INFO - Sync 1 DAGs
[2025-03-09T11:39:27.502+0000] {logging_mixin.py:190} INFO - [2025-03-09T11:39:27.502+0000] {dag.py:4180} INFO - Setting next_dagrun for example_setup_teardown to None, run_after=None
[2025-03-09T11:39:27.540+0000] {processor.py:208} INFO - Processing /home/airflow/.local/lib/python3.12/site-packages/airflow/example_dags/example_setup_teardown.py took 0.119 seconds
[2025-03-09T11:39:57.672+0000] {processor.py:186} INFO - Started process (PID=10139) to work on /home/airflow/.local/lib/python3.12/site-packages/airflow/example_dags/example_setup_teardown.py
[2025-03-09T11:39:57.674+0000] {processor.py:914} INFO - Processing file /home/airflow/.local/lib/python3.12/site-packages/airflow/example_dags/example_setup_teardown.py for tasks to queue
[2025-03-09T11:39:57.677+0000] {logging_mixin.py:190} INFO - [2025-03-09T11:39:57.676+0000] {dagbag.py:588} INFO - Filling up the DagBag from /home/airflow/.local/lib/python3.12/site-packages/airflow/example_dags/example_setup_teardown.py
[2025-03-09T11:39:57.694+0000] {processor.py:925} INFO - DAG(s) 'example_setup_teardown' retrieved from /home/airflow/.local/lib/python3.12/site-packages/airflow/example_dags/example_setup_teardown.py
[2025-03-09T11:39:57.730+0000] {logging_mixin.py:190} INFO - [2025-03-09T11:39:57.730+0000] {dag.py:3239} INFO - Sync 1 DAGs
[2025-03-09T11:39:57.764+0000] {logging_mixin.py:190} INFO - [2025-03-09T11:39:57.764+0000] {dag.py:4180} INFO - Setting next_dagrun for example_setup_teardown to None, run_after=None
[2025-03-09T11:39:57.810+0000] {processor.py:208} INFO - Processing /home/airflow/.local/lib/python3.12/site-packages/airflow/example_dags/example_setup_teardown.py took 0.148 seconds
[2025-03-09T11:40:28.332+0000] {processor.py:186} INFO - Started process (PID=10204) to work on /home/airflow/.local/lib/python3.12/site-packages/airflow/example_dags/example_setup_teardown.py
[2025-03-09T11:40:28.334+0000] {processor.py:914} INFO - Processing file /home/airflow/.local/lib/python3.12/site-packages/airflow/example_dags/example_setup_teardown.py for tasks to queue
[2025-03-09T11:40:28.336+0000] {logging_mixin.py:190} INFO - [2025-03-09T11:40:28.336+0000] {dagbag.py:588} INFO - Filling up the DagBag from /home/airflow/.local/lib/python3.12/site-packages/airflow/example_dags/example_setup_teardown.py
[2025-03-09T11:40:28.351+0000] {processor.py:925} INFO - DAG(s) 'example_setup_teardown' retrieved from /home/airflow/.local/lib/python3.12/site-packages/airflow/example_dags/example_setup_teardown.py
[2025-03-09T11:40:28.389+0000] {logging_mixin.py:190} INFO - [2025-03-09T11:40:28.389+0000] {dag.py:3239} INFO - Sync 1 DAGs
[2025-03-09T11:40:28.418+0000] {logging_mixin.py:190} INFO - [2025-03-09T11:40:28.417+0000] {dag.py:4180} INFO - Setting next_dagrun for example_setup_teardown to None, run_after=None
[2025-03-09T11:40:28.737+0000] {processor.py:208} INFO - Processing /home/airflow/.local/lib/python3.12/site-packages/airflow/example_dags/example_setup_teardown.py took 0.414 seconds
[2025-03-09T11:40:59.539+0000] {processor.py:186} INFO - Started process (PID=10269) to work on /home/airflow/.local/lib/python3.12/site-packages/airflow/example_dags/example_setup_teardown.py
[2025-03-09T11:40:59.542+0000] {processor.py:914} INFO - Processing file /home/airflow/.local/lib/python3.12/site-packages/airflow/example_dags/example_setup_teardown.py for tasks to queue
[2025-03-09T11:40:59.547+0000] {logging_mixin.py:190} INFO - [2025-03-09T11:40:59.544+0000] {dagbag.py:588} INFO - Filling up the DagBag from /home/airflow/.local/lib/python3.12/site-packages/airflow/example_dags/example_setup_teardown.py
[2025-03-09T11:40:59.572+0000] {processor.py:925} INFO - DAG(s) 'example_setup_teardown' retrieved from /home/airflow/.local/lib/python3.12/site-packages/airflow/example_dags/example_setup_teardown.py
[2025-03-09T11:40:59.649+0000] {logging_mixin.py:190} INFO - [2025-03-09T11:40:59.649+0000] {dag.py:3239} INFO - Sync 1 DAGs
[2025-03-09T11:40:59.721+0000] {logging_mixin.py:190} INFO - [2025-03-09T11:40:59.720+0000] {dag.py:4180} INFO - Setting next_dagrun for example_setup_teardown to None, run_after=None
[2025-03-09T11:40:59.830+0000] {processor.py:208} INFO - Processing /home/airflow/.local/lib/python3.12/site-packages/airflow/example_dags/example_setup_teardown.py took 0.302 seconds
[2025-03-09T11:41:30.186+0000] {processor.py:186} INFO - Started process (PID=10334) to work on /home/airflow/.local/lib/python3.12/site-packages/airflow/example_dags/example_setup_teardown.py
[2025-03-09T11:41:30.188+0000] {processor.py:914} INFO - Processing file /home/airflow/.local/lib/python3.12/site-packages/airflow/example_dags/example_setup_teardown.py for tasks to queue
[2025-03-09T11:41:30.191+0000] {logging_mixin.py:190} INFO - [2025-03-09T11:41:30.190+0000] {dagbag.py:588} INFO - Filling up the DagBag from /home/airflow/.local/lib/python3.12/site-packages/airflow/example_dags/example_setup_teardown.py
[2025-03-09T11:41:30.206+0000] {processor.py:925} INFO - DAG(s) 'example_setup_teardown' retrieved from /home/airflow/.local/lib/python3.12/site-packages/airflow/example_dags/example_setup_teardown.py
[2025-03-09T11:41:30.247+0000] {logging_mixin.py:190} INFO - [2025-03-09T11:41:30.246+0000] {dag.py:3239} INFO - Sync 1 DAGs
[2025-03-09T11:41:30.275+0000] {logging_mixin.py:190} INFO - [2025-03-09T11:41:30.275+0000] {dag.py:4180} INFO - Setting next_dagrun for example_setup_teardown to None, run_after=None
[2025-03-09T11:41:30.379+0000] {processor.py:208} INFO - Processing /home/airflow/.local/lib/python3.12/site-packages/airflow/example_dags/example_setup_teardown.py took 0.202 seconds
[2025-03-09T11:42:01.748+0000] {processor.py:186} INFO - Started process (PID=10398) to work on /home/airflow/.local/lib/python3.12/site-packages/airflow/example_dags/example_setup_teardown.py
[2025-03-09T11:42:01.753+0000] {processor.py:914} INFO - Processing file /home/airflow/.local/lib/python3.12/site-packages/airflow/example_dags/example_setup_teardown.py for tasks to queue
[2025-03-09T11:42:01.756+0000] {logging_mixin.py:190} INFO - [2025-03-09T11:42:01.755+0000] {dagbag.py:588} INFO - Filling up the DagBag from /home/airflow/.local/lib/python3.12/site-packages/airflow/example_dags/example_setup_teardown.py
[2025-03-09T11:42:01.775+0000] {processor.py:925} INFO - DAG(s) 'example_setup_teardown' retrieved from /home/airflow/.local/lib/python3.12/site-packages/airflow/example_dags/example_setup_teardown.py
[2025-03-09T11:42:01.812+0000] {logging_mixin.py:190} INFO - [2025-03-09T11:42:01.811+0000] {dag.py:3239} INFO - Sync 1 DAGs
[2025-03-09T11:42:01.837+0000] {logging_mixin.py:190} INFO - [2025-03-09T11:42:01.836+0000] {dag.py:4180} INFO - Setting next_dagrun for example_setup_teardown to None, run_after=None
[2025-03-09T11:42:01.877+0000] {processor.py:208} INFO - Processing /home/airflow/.local/lib/python3.12/site-packages/airflow/example_dags/example_setup_teardown.py took 0.141 seconds
[2025-03-09T11:42:32.075+0000] {processor.py:186} INFO - Started process (PID=10462) to work on /home/airflow/.local/lib/python3.12/site-packages/airflow/example_dags/example_setup_teardown.py
[2025-03-09T11:42:32.076+0000] {processor.py:914} INFO - Processing file /home/airflow/.local/lib/python3.12/site-packages/airflow/example_dags/example_setup_teardown.py for tasks to queue
[2025-03-09T11:42:32.079+0000] {logging_mixin.py:190} INFO - [2025-03-09T11:42:32.078+0000] {dagbag.py:588} INFO - Filling up the DagBag from /home/airflow/.local/lib/python3.12/site-packages/airflow/example_dags/example_setup_teardown.py
[2025-03-09T11:42:32.092+0000] {processor.py:925} INFO - DAG(s) 'example_setup_teardown' retrieved from /home/airflow/.local/lib/python3.12/site-packages/airflow/example_dags/example_setup_teardown.py
[2025-03-09T11:42:32.130+0000] {logging_mixin.py:190} INFO - [2025-03-09T11:42:32.129+0000] {dag.py:3239} INFO - Sync 1 DAGs
[2025-03-09T11:42:32.158+0000] {logging_mixin.py:190} INFO - [2025-03-09T11:42:32.157+0000] {dag.py:4180} INFO - Setting next_dagrun for example_setup_teardown to None, run_after=None
[2025-03-09T11:42:32.210+0000] {processor.py:208} INFO - Processing /home/airflow/.local/lib/python3.12/site-packages/airflow/example_dags/example_setup_teardown.py took 0.145 seconds
[2025-03-09T11:43:03.009+0000] {processor.py:186} INFO - Started process (PID=10528) to work on /home/airflow/.local/lib/python3.12/site-packages/airflow/example_dags/example_setup_teardown.py
[2025-03-09T11:43:03.011+0000] {processor.py:914} INFO - Processing file /home/airflow/.local/lib/python3.12/site-packages/airflow/example_dags/example_setup_teardown.py for tasks to queue
[2025-03-09T11:43:03.015+0000] {logging_mixin.py:190} INFO - [2025-03-09T11:43:03.014+0000] {dagbag.py:588} INFO - Filling up the DagBag from /home/airflow/.local/lib/python3.12/site-packages/airflow/example_dags/example_setup_teardown.py
[2025-03-09T11:43:03.036+0000] {processor.py:925} INFO - DAG(s) 'example_setup_teardown' retrieved from /home/airflow/.local/lib/python3.12/site-packages/airflow/example_dags/example_setup_teardown.py
[2025-03-09T11:43:03.085+0000] {logging_mixin.py:190} INFO - [2025-03-09T11:43:03.085+0000] {dag.py:3239} INFO - Sync 1 DAGs
[2025-03-09T11:43:03.122+0000] {logging_mixin.py:190} INFO - [2025-03-09T11:43:03.121+0000] {dag.py:4180} INFO - Setting next_dagrun for example_setup_teardown to None, run_after=None
[2025-03-09T11:43:03.178+0000] {processor.py:208} INFO - Processing /home/airflow/.local/lib/python3.12/site-packages/airflow/example_dags/example_setup_teardown.py took 0.188 seconds
[2025-03-09T11:43:33.964+0000] {processor.py:186} INFO - Started process (PID=10593) to work on /home/airflow/.local/lib/python3.12/site-packages/airflow/example_dags/example_setup_teardown.py
[2025-03-09T11:43:33.970+0000] {processor.py:914} INFO - Processing file /home/airflow/.local/lib/python3.12/site-packages/airflow/example_dags/example_setup_teardown.py for tasks to queue
[2025-03-09T11:43:33.972+0000] {logging_mixin.py:190} INFO - [2025-03-09T11:43:33.971+0000] {dagbag.py:588} INFO - Filling up the DagBag from /home/airflow/.local/lib/python3.12/site-packages/airflow/example_dags/example_setup_teardown.py
[2025-03-09T11:43:33.993+0000] {processor.py:925} INFO - DAG(s) 'example_setup_teardown' retrieved from /home/airflow/.local/lib/python3.12/site-packages/airflow/example_dags/example_setup_teardown.py
[2025-03-09T11:43:34.046+0000] {logging_mixin.py:190} INFO - [2025-03-09T11:43:34.045+0000] {dag.py:3239} INFO - Sync 1 DAGs
[2025-03-09T11:43:34.101+0000] {logging_mixin.py:190} INFO - [2025-03-09T11:43:34.101+0000] {dag.py:4180} INFO - Setting next_dagrun for example_setup_teardown to None, run_after=None
[2025-03-09T11:43:34.173+0000] {processor.py:208} INFO - Processing /home/airflow/.local/lib/python3.12/site-packages/airflow/example_dags/example_setup_teardown.py took 0.220 seconds
[2025-03-09T11:44:05.229+0000] {processor.py:186} INFO - Started process (PID=10659) to work on /home/airflow/.local/lib/python3.12/site-packages/airflow/example_dags/example_setup_teardown.py
[2025-03-09T11:44:05.233+0000] {processor.py:914} INFO - Processing file /home/airflow/.local/lib/python3.12/site-packages/airflow/example_dags/example_setup_teardown.py for tasks to queue
[2025-03-09T11:44:05.236+0000] {logging_mixin.py:190} INFO - [2025-03-09T11:44:05.235+0000] {dagbag.py:588} INFO - Filling up the DagBag from /home/airflow/.local/lib/python3.12/site-packages/airflow/example_dags/example_setup_teardown.py
[2025-03-09T11:44:05.256+0000] {processor.py:925} INFO - DAG(s) 'example_setup_teardown' retrieved from /home/airflow/.local/lib/python3.12/site-packages/airflow/example_dags/example_setup_teardown.py
[2025-03-09T11:44:05.298+0000] {logging_mixin.py:190} INFO - [2025-03-09T11:44:05.298+0000] {dag.py:3239} INFO - Sync 1 DAGs
[2025-03-09T11:44:05.333+0000] {logging_mixin.py:190} INFO - [2025-03-09T11:44:05.332+0000] {dag.py:4180} INFO - Setting next_dagrun for example_setup_teardown to None, run_after=None
[2025-03-09T11:44:05.370+0000] {processor.py:208} INFO - Processing /home/airflow/.local/lib/python3.12/site-packages/airflow/example_dags/example_setup_teardown.py took 0.150 seconds
[2025-03-09T11:44:36.995+0000] {processor.py:186} INFO - Started process (PID=10724) to work on /home/airflow/.local/lib/python3.12/site-packages/airflow/example_dags/example_setup_teardown.py
[2025-03-09T11:44:36.997+0000] {processor.py:914} INFO - Processing file /home/airflow/.local/lib/python3.12/site-packages/airflow/example_dags/example_setup_teardown.py for tasks to queue
[2025-03-09T11:44:37.000+0000] {logging_mixin.py:190} INFO - [2025-03-09T11:44:36.999+0000] {dagbag.py:588} INFO - Filling up the DagBag from /home/airflow/.local/lib/python3.12/site-packages/airflow/example_dags/example_setup_teardown.py
[2025-03-09T11:44:37.016+0000] {processor.py:925} INFO - DAG(s) 'example_setup_teardown' retrieved from /home/airflow/.local/lib/python3.12/site-packages/airflow/example_dags/example_setup_teardown.py
[2025-03-09T11:44:37.050+0000] {logging_mixin.py:190} INFO - [2025-03-09T11:44:37.049+0000] {dag.py:3239} INFO - Sync 1 DAGs
[2025-03-09T11:44:37.072+0000] {logging_mixin.py:190} INFO - [2025-03-09T11:44:37.072+0000] {dag.py:4180} INFO - Setting next_dagrun for example_setup_teardown to None, run_after=None
[2025-03-09T11:44:37.112+0000] {processor.py:208} INFO - Processing /home/airflow/.local/lib/python3.12/site-packages/airflow/example_dags/example_setup_teardown.py took 0.125 seconds
[2025-03-09T11:45:08.552+0000] {processor.py:186} INFO - Started process (PID=10789) to work on /home/airflow/.local/lib/python3.12/site-packages/airflow/example_dags/example_setup_teardown.py
[2025-03-09T11:45:08.554+0000] {processor.py:914} INFO - Processing file /home/airflow/.local/lib/python3.12/site-packages/airflow/example_dags/example_setup_teardown.py for tasks to queue
[2025-03-09T11:45:08.557+0000] {logging_mixin.py:190} INFO - [2025-03-09T11:45:08.557+0000] {dagbag.py:588} INFO - Filling up the DagBag from /home/airflow/.local/lib/python3.12/site-packages/airflow/example_dags/example_setup_teardown.py
[2025-03-09T11:45:08.576+0000] {processor.py:925} INFO - DAG(s) 'example_setup_teardown' retrieved from /home/airflow/.local/lib/python3.12/site-packages/airflow/example_dags/example_setup_teardown.py
[2025-03-09T11:45:08.614+0000] {logging_mixin.py:190} INFO - [2025-03-09T11:45:08.614+0000] {dag.py:3239} INFO - Sync 1 DAGs
[2025-03-09T11:45:08.642+0000] {logging_mixin.py:190} INFO - [2025-03-09T11:45:08.641+0000] {dag.py:4180} INFO - Setting next_dagrun for example_setup_teardown to None, run_after=None
[2025-03-09T11:45:08.691+0000] {processor.py:208} INFO - Processing /home/airflow/.local/lib/python3.12/site-packages/airflow/example_dags/example_setup_teardown.py took 0.149 seconds
[2025-03-09T11:45:39.495+0000] {processor.py:186} INFO - Started process (PID=10854) to work on /home/airflow/.local/lib/python3.12/site-packages/airflow/example_dags/example_setup_teardown.py
[2025-03-09T11:45:39.497+0000] {processor.py:914} INFO - Processing file /home/airflow/.local/lib/python3.12/site-packages/airflow/example_dags/example_setup_teardown.py for tasks to queue
[2025-03-09T11:45:39.504+0000] {logging_mixin.py:190} INFO - [2025-03-09T11:45:39.503+0000] {dagbag.py:588} INFO - Filling up the DagBag from /home/airflow/.local/lib/python3.12/site-packages/airflow/example_dags/example_setup_teardown.py
[2025-03-09T11:45:39.542+0000] {processor.py:925} INFO - DAG(s) 'example_setup_teardown' retrieved from /home/airflow/.local/lib/python3.12/site-packages/airflow/example_dags/example_setup_teardown.py
[2025-03-09T11:45:39.585+0000] {logging_mixin.py:190} INFO - [2025-03-09T11:45:39.584+0000] {dag.py:3239} INFO - Sync 1 DAGs
[2025-03-09T11:45:39.609+0000] {logging_mixin.py:190} INFO - [2025-03-09T11:45:39.609+0000] {dag.py:4180} INFO - Setting next_dagrun for example_setup_teardown to None, run_after=None
[2025-03-09T11:45:39.652+0000] {processor.py:208} INFO - Processing /home/airflow/.local/lib/python3.12/site-packages/airflow/example_dags/example_setup_teardown.py took 0.175 seconds
[2025-03-09T11:46:09.797+0000] {processor.py:186} INFO - Started process (PID=10919) to work on /home/airflow/.local/lib/python3.12/site-packages/airflow/example_dags/example_setup_teardown.py
[2025-03-09T11:46:09.799+0000] {processor.py:914} INFO - Processing file /home/airflow/.local/lib/python3.12/site-packages/airflow/example_dags/example_setup_teardown.py for tasks to queue
[2025-03-09T11:46:09.802+0000] {logging_mixin.py:190} INFO - [2025-03-09T11:46:09.801+0000] {dagbag.py:588} INFO - Filling up the DagBag from /home/airflow/.local/lib/python3.12/site-packages/airflow/example_dags/example_setup_teardown.py
[2025-03-09T11:46:09.815+0000] {processor.py:925} INFO - DAG(s) 'example_setup_teardown' retrieved from /home/airflow/.local/lib/python3.12/site-packages/airflow/example_dags/example_setup_teardown.py
[2025-03-09T11:46:09.852+0000] {logging_mixin.py:190} INFO - [2025-03-09T11:46:09.852+0000] {dag.py:3239} INFO - Sync 1 DAGs
[2025-03-09T11:46:09.882+0000] {logging_mixin.py:190} INFO - [2025-03-09T11:46:09.882+0000] {dag.py:4180} INFO - Setting next_dagrun for example_setup_teardown to None, run_after=None
[2025-03-09T11:46:09.916+0000] {processor.py:208} INFO - Processing /home/airflow/.local/lib/python3.12/site-packages/airflow/example_dags/example_setup_teardown.py took 0.127 seconds
[2025-03-09T11:46:40.839+0000] {processor.py:186} INFO - Started process (PID=10984) to work on /home/airflow/.local/lib/python3.12/site-packages/airflow/example_dags/example_setup_teardown.py
[2025-03-09T11:46:40.842+0000] {processor.py:914} INFO - Processing file /home/airflow/.local/lib/python3.12/site-packages/airflow/example_dags/example_setup_teardown.py for tasks to queue
[2025-03-09T11:46:40.845+0000] {logging_mixin.py:190} INFO - [2025-03-09T11:46:40.844+0000] {dagbag.py:588} INFO - Filling up the DagBag from /home/airflow/.local/lib/python3.12/site-packages/airflow/example_dags/example_setup_teardown.py
[2025-03-09T11:46:40.861+0000] {processor.py:925} INFO - DAG(s) 'example_setup_teardown' retrieved from /home/airflow/.local/lib/python3.12/site-packages/airflow/example_dags/example_setup_teardown.py
[2025-03-09T11:46:40.894+0000] {logging_mixin.py:190} INFO - [2025-03-09T11:46:40.894+0000] {dag.py:3239} INFO - Sync 1 DAGs
[2025-03-09T11:46:40.916+0000] {logging_mixin.py:190} INFO - [2025-03-09T11:46:40.915+0000] {dag.py:4180} INFO - Setting next_dagrun for example_setup_teardown to None, run_after=None
[2025-03-09T11:46:40.948+0000] {processor.py:208} INFO - Processing /home/airflow/.local/lib/python3.12/site-packages/airflow/example_dags/example_setup_teardown.py took 0.124 seconds
[2025-03-09T11:47:12.483+0000] {processor.py:186} INFO - Started process (PID=11049) to work on /home/airflow/.local/lib/python3.12/site-packages/airflow/example_dags/example_setup_teardown.py
[2025-03-09T11:47:12.485+0000] {processor.py:914} INFO - Processing file /home/airflow/.local/lib/python3.12/site-packages/airflow/example_dags/example_setup_teardown.py for tasks to queue
[2025-03-09T11:47:12.487+0000] {logging_mixin.py:190} INFO - [2025-03-09T11:47:12.487+0000] {dagbag.py:588} INFO - Filling up the DagBag from /home/airflow/.local/lib/python3.12/site-packages/airflow/example_dags/example_setup_teardown.py
[2025-03-09T11:47:12.499+0000] {processor.py:925} INFO - DAG(s) 'example_setup_teardown' retrieved from /home/airflow/.local/lib/python3.12/site-packages/airflow/example_dags/example_setup_teardown.py
[2025-03-09T11:47:12.536+0000] {logging_mixin.py:190} INFO - [2025-03-09T11:47:12.536+0000] {dag.py:3239} INFO - Sync 1 DAGs
[2025-03-09T11:47:12.565+0000] {logging_mixin.py:190} INFO - [2025-03-09T11:47:12.565+0000] {dag.py:4180} INFO - Setting next_dagrun for example_setup_teardown to None, run_after=None
[2025-03-09T11:47:12.601+0000] {processor.py:208} INFO - Processing /home/airflow/.local/lib/python3.12/site-packages/airflow/example_dags/example_setup_teardown.py took 0.124 seconds
[2025-03-09T11:47:43.485+0000] {processor.py:186} INFO - Started process (PID=11113) to work on /home/airflow/.local/lib/python3.12/site-packages/airflow/example_dags/example_setup_teardown.py
[2025-03-09T11:47:43.487+0000] {processor.py:914} INFO - Processing file /home/airflow/.local/lib/python3.12/site-packages/airflow/example_dags/example_setup_teardown.py for tasks to queue
[2025-03-09T11:47:43.490+0000] {logging_mixin.py:190} INFO - [2025-03-09T11:47:43.489+0000] {dagbag.py:588} INFO - Filling up the DagBag from /home/airflow/.local/lib/python3.12/site-packages/airflow/example_dags/example_setup_teardown.py
[2025-03-09T11:47:43.510+0000] {processor.py:925} INFO - DAG(s) 'example_setup_teardown' retrieved from /home/airflow/.local/lib/python3.12/site-packages/airflow/example_dags/example_setup_teardown.py
[2025-03-09T11:47:43.578+0000] {logging_mixin.py:190} INFO - [2025-03-09T11:47:43.577+0000] {dag.py:3239} INFO - Sync 1 DAGs
[2025-03-09T11:47:43.606+0000] {logging_mixin.py:190} INFO - [2025-03-09T11:47:43.606+0000] {dag.py:4180} INFO - Setting next_dagrun for example_setup_teardown to None, run_after=None
[2025-03-09T11:47:43.644+0000] {processor.py:208} INFO - Processing /home/airflow/.local/lib/python3.12/site-packages/airflow/example_dags/example_setup_teardown.py took 0.172 seconds
[2025-03-09T11:48:13.896+0000] {processor.py:186} INFO - Started process (PID=11178) to work on /home/airflow/.local/lib/python3.12/site-packages/airflow/example_dags/example_setup_teardown.py
[2025-03-09T11:48:13.898+0000] {processor.py:914} INFO - Processing file /home/airflow/.local/lib/python3.12/site-packages/airflow/example_dags/example_setup_teardown.py for tasks to queue
[2025-03-09T11:48:13.900+0000] {logging_mixin.py:190} INFO - [2025-03-09T11:48:13.900+0000] {dagbag.py:588} INFO - Filling up the DagBag from /home/airflow/.local/lib/python3.12/site-packages/airflow/example_dags/example_setup_teardown.py
[2025-03-09T11:48:13.919+0000] {processor.py:925} INFO - DAG(s) 'example_setup_teardown' retrieved from /home/airflow/.local/lib/python3.12/site-packages/airflow/example_dags/example_setup_teardown.py
[2025-03-09T11:48:13.963+0000] {logging_mixin.py:190} INFO - [2025-03-09T11:48:13.963+0000] {dag.py:3239} INFO - Sync 1 DAGs
[2025-03-09T11:48:13.993+0000] {logging_mixin.py:190} INFO - [2025-03-09T11:48:13.993+0000] {dag.py:4180} INFO - Setting next_dagrun for example_setup_teardown to None, run_after=None
[2025-03-09T11:48:14.038+0000] {processor.py:208} INFO - Processing /home/airflow/.local/lib/python3.12/site-packages/airflow/example_dags/example_setup_teardown.py took 0.150 seconds
[2025-03-09T11:48:44.780+0000] {processor.py:186} INFO - Started process (PID=11249) to work on /home/airflow/.local/lib/python3.12/site-packages/airflow/example_dags/example_setup_teardown.py
[2025-03-09T11:48:44.796+0000] {processor.py:914} INFO - Processing file /home/airflow/.local/lib/python3.12/site-packages/airflow/example_dags/example_setup_teardown.py for tasks to queue
[2025-03-09T11:48:44.806+0000] {logging_mixin.py:190} INFO - [2025-03-09T11:48:44.805+0000] {dagbag.py:588} INFO - Filling up the DagBag from /home/airflow/.local/lib/python3.12/site-packages/airflow/example_dags/example_setup_teardown.py
[2025-03-09T11:48:44.832+0000] {processor.py:925} INFO - DAG(s) 'example_setup_teardown' retrieved from /home/airflow/.local/lib/python3.12/site-packages/airflow/example_dags/example_setup_teardown.py
[2025-03-09T11:48:44.892+0000] {logging_mixin.py:190} INFO - [2025-03-09T11:48:44.892+0000] {dag.py:3239} INFO - Sync 1 DAGs
[2025-03-09T11:48:44.940+0000] {logging_mixin.py:190} INFO - [2025-03-09T11:48:44.939+0000] {dag.py:4180} INFO - Setting next_dagrun for example_setup_teardown to None, run_after=None
[2025-03-09T11:48:44.988+0000] {processor.py:208} INFO - Processing /home/airflow/.local/lib/python3.12/site-packages/airflow/example_dags/example_setup_teardown.py took 0.227 seconds
[2025-03-09T11:49:15.118+0000] {processor.py:186} INFO - Started process (PID=11314) to work on /home/airflow/.local/lib/python3.12/site-packages/airflow/example_dags/example_setup_teardown.py
[2025-03-09T11:49:15.120+0000] {processor.py:914} INFO - Processing file /home/airflow/.local/lib/python3.12/site-packages/airflow/example_dags/example_setup_teardown.py for tasks to queue
[2025-03-09T11:49:15.122+0000] {logging_mixin.py:190} INFO - [2025-03-09T11:49:15.121+0000] {dagbag.py:588} INFO - Filling up the DagBag from /home/airflow/.local/lib/python3.12/site-packages/airflow/example_dags/example_setup_teardown.py
[2025-03-09T11:49:15.136+0000] {processor.py:925} INFO - DAG(s) 'example_setup_teardown' retrieved from /home/airflow/.local/lib/python3.12/site-packages/airflow/example_dags/example_setup_teardown.py
[2025-03-09T11:49:15.190+0000] {logging_mixin.py:190} INFO - [2025-03-09T11:49:15.190+0000] {dag.py:3239} INFO - Sync 1 DAGs
[2025-03-09T11:49:15.233+0000] {logging_mixin.py:190} INFO - [2025-03-09T11:49:15.232+0000] {dag.py:4180} INFO - Setting next_dagrun for example_setup_teardown to None, run_after=None
[2025-03-09T11:49:15.270+0000] {processor.py:208} INFO - Processing /home/airflow/.local/lib/python3.12/site-packages/airflow/example_dags/example_setup_teardown.py took 0.160 seconds
[2025-03-09T11:49:45.375+0000] {processor.py:186} INFO - Started process (PID=11379) to work on /home/airflow/.local/lib/python3.12/site-packages/airflow/example_dags/example_setup_teardown.py
[2025-03-09T11:49:45.377+0000] {processor.py:914} INFO - Processing file /home/airflow/.local/lib/python3.12/site-packages/airflow/example_dags/example_setup_teardown.py for tasks to queue
[2025-03-09T11:49:45.380+0000] {logging_mixin.py:190} INFO - [2025-03-09T11:49:45.379+0000] {dagbag.py:588} INFO - Filling up the DagBag from /home/airflow/.local/lib/python3.12/site-packages/airflow/example_dags/example_setup_teardown.py
[2025-03-09T11:49:45.391+0000] {processor.py:925} INFO - DAG(s) 'example_setup_teardown' retrieved from /home/airflow/.local/lib/python3.12/site-packages/airflow/example_dags/example_setup_teardown.py
[2025-03-09T11:49:45.427+0000] {logging_mixin.py:190} INFO - [2025-03-09T11:49:45.426+0000] {dag.py:3239} INFO - Sync 1 DAGs
[2025-03-09T11:49:45.462+0000] {logging_mixin.py:190} INFO - [2025-03-09T11:49:45.461+0000] {dag.py:4180} INFO - Setting next_dagrun for example_setup_teardown to None, run_after=None
[2025-03-09T11:49:45.503+0000] {processor.py:208} INFO - Processing /home/airflow/.local/lib/python3.12/site-packages/airflow/example_dags/example_setup_teardown.py took 0.134 seconds
[2025-03-09T11:50:15.950+0000] {processor.py:186} INFO - Started process (PID=11443) to work on /home/airflow/.local/lib/python3.12/site-packages/airflow/example_dags/example_setup_teardown.py
[2025-03-09T11:50:15.952+0000] {processor.py:914} INFO - Processing file /home/airflow/.local/lib/python3.12/site-packages/airflow/example_dags/example_setup_teardown.py for tasks to queue
[2025-03-09T11:50:15.954+0000] {logging_mixin.py:190} INFO - [2025-03-09T11:50:15.953+0000] {dagbag.py:588} INFO - Filling up the DagBag from /home/airflow/.local/lib/python3.12/site-packages/airflow/example_dags/example_setup_teardown.py
[2025-03-09T11:50:15.967+0000] {processor.py:925} INFO - DAG(s) 'example_setup_teardown' retrieved from /home/airflow/.local/lib/python3.12/site-packages/airflow/example_dags/example_setup_teardown.py
[2025-03-09T11:50:15.999+0000] {logging_mixin.py:190} INFO - [2025-03-09T11:50:15.999+0000] {dag.py:3239} INFO - Sync 1 DAGs
[2025-03-09T11:50:16.026+0000] {logging_mixin.py:190} INFO - [2025-03-09T11:50:16.026+0000] {dag.py:4180} INFO - Setting next_dagrun for example_setup_teardown to None, run_after=None
[2025-03-09T11:50:16.061+0000] {processor.py:208} INFO - Processing /home/airflow/.local/lib/python3.12/site-packages/airflow/example_dags/example_setup_teardown.py took 0.120 seconds
[2025-03-09T11:50:46.203+0000] {processor.py:186} INFO - Started process (PID=11508) to work on /home/airflow/.local/lib/python3.12/site-packages/airflow/example_dags/example_setup_teardown.py
[2025-03-09T11:50:46.204+0000] {processor.py:914} INFO - Processing file /home/airflow/.local/lib/python3.12/site-packages/airflow/example_dags/example_setup_teardown.py for tasks to queue
[2025-03-09T11:50:46.206+0000] {logging_mixin.py:190} INFO - [2025-03-09T11:50:46.206+0000] {dagbag.py:588} INFO - Filling up the DagBag from /home/airflow/.local/lib/python3.12/site-packages/airflow/example_dags/example_setup_teardown.py
[2025-03-09T11:50:46.219+0000] {processor.py:925} INFO - DAG(s) 'example_setup_teardown' retrieved from /home/airflow/.local/lib/python3.12/site-packages/airflow/example_dags/example_setup_teardown.py
[2025-03-09T11:50:46.256+0000] {logging_mixin.py:190} INFO - [2025-03-09T11:50:46.255+0000] {dag.py:3239} INFO - Sync 1 DAGs
[2025-03-09T11:50:46.285+0000] {logging_mixin.py:190} INFO - [2025-03-09T11:50:46.285+0000] {dag.py:4180} INFO - Setting next_dagrun for example_setup_teardown to None, run_after=None
[2025-03-09T11:50:46.325+0000] {processor.py:208} INFO - Processing /home/airflow/.local/lib/python3.12/site-packages/airflow/example_dags/example_setup_teardown.py took 0.130 seconds
[2025-03-09T11:51:16.641+0000] {processor.py:186} INFO - Started process (PID=11573) to work on /home/airflow/.local/lib/python3.12/site-packages/airflow/example_dags/example_setup_teardown.py
[2025-03-09T11:51:16.642+0000] {processor.py:914} INFO - Processing file /home/airflow/.local/lib/python3.12/site-packages/airflow/example_dags/example_setup_teardown.py for tasks to queue
[2025-03-09T11:51:16.645+0000] {logging_mixin.py:190} INFO - [2025-03-09T11:51:16.644+0000] {dagbag.py:588} INFO - Filling up the DagBag from /home/airflow/.local/lib/python3.12/site-packages/airflow/example_dags/example_setup_teardown.py
[2025-03-09T11:51:16.659+0000] {processor.py:925} INFO - DAG(s) 'example_setup_teardown' retrieved from /home/airflow/.local/lib/python3.12/site-packages/airflow/example_dags/example_setup_teardown.py
[2025-03-09T11:51:16.688+0000] {logging_mixin.py:190} INFO - [2025-03-09T11:51:16.688+0000] {dag.py:3239} INFO - Sync 1 DAGs
[2025-03-09T11:51:16.709+0000] {logging_mixin.py:190} INFO - [2025-03-09T11:51:16.709+0000] {dag.py:4180} INFO - Setting next_dagrun for example_setup_teardown to None, run_after=None
[2025-03-09T11:51:16.741+0000] {processor.py:208} INFO - Processing /home/airflow/.local/lib/python3.12/site-packages/airflow/example_dags/example_setup_teardown.py took 0.108 seconds
[2025-03-09T11:53:58.426+0000] {processor.py:186} INFO - Started process (PID=11656) to work on /home/airflow/.local/lib/python3.12/site-packages/airflow/example_dags/example_setup_teardown.py
[2025-03-09T11:53:58.428+0000] {processor.py:914} INFO - Processing file /home/airflow/.local/lib/python3.12/site-packages/airflow/example_dags/example_setup_teardown.py for tasks to queue
[2025-03-09T11:53:58.431+0000] {logging_mixin.py:190} INFO - [2025-03-09T11:53:58.430+0000] {dagbag.py:588} INFO - Filling up the DagBag from /home/airflow/.local/lib/python3.12/site-packages/airflow/example_dags/example_setup_teardown.py
[2025-03-09T11:53:58.443+0000] {processor.py:925} INFO - DAG(s) 'example_setup_teardown' retrieved from /home/airflow/.local/lib/python3.12/site-packages/airflow/example_dags/example_setup_teardown.py
[2025-03-09T11:53:58.472+0000] {logging_mixin.py:190} INFO - [2025-03-09T11:53:58.472+0000] {dag.py:3239} INFO - Sync 1 DAGs
[2025-03-09T11:53:58.492+0000] {logging_mixin.py:190} INFO - [2025-03-09T11:53:58.492+0000] {dag.py:4180} INFO - Setting next_dagrun for example_setup_teardown to None, run_after=None
[2025-03-09T11:53:58.522+0000] {processor.py:208} INFO - Processing /home/airflow/.local/lib/python3.12/site-packages/airflow/example_dags/example_setup_teardown.py took 0.105 seconds
[2025-03-09T11:54:29.079+0000] {processor.py:186} INFO - Started process (PID=11721) to work on /home/airflow/.local/lib/python3.12/site-packages/airflow/example_dags/example_setup_teardown.py
[2025-03-09T11:54:29.080+0000] {processor.py:914} INFO - Processing file /home/airflow/.local/lib/python3.12/site-packages/airflow/example_dags/example_setup_teardown.py for tasks to queue
[2025-03-09T11:54:29.083+0000] {logging_mixin.py:190} INFO - [2025-03-09T11:54:29.082+0000] {dagbag.py:588} INFO - Filling up the DagBag from /home/airflow/.local/lib/python3.12/site-packages/airflow/example_dags/example_setup_teardown.py
[2025-03-09T11:54:29.098+0000] {processor.py:925} INFO - DAG(s) 'example_setup_teardown' retrieved from /home/airflow/.local/lib/python3.12/site-packages/airflow/example_dags/example_setup_teardown.py
[2025-03-09T11:54:29.132+0000] {logging_mixin.py:190} INFO - [2025-03-09T11:54:29.131+0000] {dag.py:3239} INFO - Sync 1 DAGs
[2025-03-09T11:54:29.158+0000] {logging_mixin.py:190} INFO - [2025-03-09T11:54:29.157+0000] {dag.py:4180} INFO - Setting next_dagrun for example_setup_teardown to None, run_after=None
[2025-03-09T11:54:29.197+0000] {processor.py:208} INFO - Processing /home/airflow/.local/lib/python3.12/site-packages/airflow/example_dags/example_setup_teardown.py took 0.126 seconds
[2025-03-09T11:54:59.464+0000] {processor.py:186} INFO - Started process (PID=11787) to work on /home/airflow/.local/lib/python3.12/site-packages/airflow/example_dags/example_setup_teardown.py
[2025-03-09T11:54:59.466+0000] {processor.py:914} INFO - Processing file /home/airflow/.local/lib/python3.12/site-packages/airflow/example_dags/example_setup_teardown.py for tasks to queue
[2025-03-09T11:54:59.468+0000] {logging_mixin.py:190} INFO - [2025-03-09T11:54:59.468+0000] {dagbag.py:588} INFO - Filling up the DagBag from /home/airflow/.local/lib/python3.12/site-packages/airflow/example_dags/example_setup_teardown.py
[2025-03-09T11:54:59.483+0000] {processor.py:925} INFO - DAG(s) 'example_setup_teardown' retrieved from /home/airflow/.local/lib/python3.12/site-packages/airflow/example_dags/example_setup_teardown.py
[2025-03-09T11:54:59.521+0000] {logging_mixin.py:190} INFO - [2025-03-09T11:54:59.520+0000] {dag.py:3239} INFO - Sync 1 DAGs
[2025-03-09T11:54:59.552+0000] {logging_mixin.py:190} INFO - [2025-03-09T11:54:59.551+0000] {dag.py:4180} INFO - Setting next_dagrun for example_setup_teardown to None, run_after=None
[2025-03-09T11:54:59.590+0000] {processor.py:208} INFO - Processing /home/airflow/.local/lib/python3.12/site-packages/airflow/example_dags/example_setup_teardown.py took 0.135 seconds
[2025-03-09T11:55:30.586+0000] {processor.py:186} INFO - Started process (PID=11851) to work on /home/airflow/.local/lib/python3.12/site-packages/airflow/example_dags/example_setup_teardown.py
[2025-03-09T11:55:30.588+0000] {processor.py:914} INFO - Processing file /home/airflow/.local/lib/python3.12/site-packages/airflow/example_dags/example_setup_teardown.py for tasks to queue
[2025-03-09T11:55:30.590+0000] {logging_mixin.py:190} INFO - [2025-03-09T11:55:30.590+0000] {dagbag.py:588} INFO - Filling up the DagBag from /home/airflow/.local/lib/python3.12/site-packages/airflow/example_dags/example_setup_teardown.py
[2025-03-09T11:55:30.602+0000] {processor.py:925} INFO - DAG(s) 'example_setup_teardown' retrieved from /home/airflow/.local/lib/python3.12/site-packages/airflow/example_dags/example_setup_teardown.py
[2025-03-09T11:55:30.630+0000] {logging_mixin.py:190} INFO - [2025-03-09T11:55:30.629+0000] {dag.py:3239} INFO - Sync 1 DAGs
[2025-03-09T11:55:30.674+0000] {logging_mixin.py:190} INFO - [2025-03-09T11:55:30.673+0000] {dag.py:4180} INFO - Setting next_dagrun for example_setup_teardown to None, run_after=None
[2025-03-09T11:55:30.712+0000] {processor.py:208} INFO - Processing /home/airflow/.local/lib/python3.12/site-packages/airflow/example_dags/example_setup_teardown.py took 0.133 seconds
[2025-03-09T11:56:01.794+0000] {processor.py:186} INFO - Started process (PID=11916) to work on /home/airflow/.local/lib/python3.12/site-packages/airflow/example_dags/example_setup_teardown.py
[2025-03-09T11:56:01.796+0000] {processor.py:914} INFO - Processing file /home/airflow/.local/lib/python3.12/site-packages/airflow/example_dags/example_setup_teardown.py for tasks to queue
[2025-03-09T11:56:01.799+0000] {logging_mixin.py:190} INFO - [2025-03-09T11:56:01.798+0000] {dagbag.py:588} INFO - Filling up the DagBag from /home/airflow/.local/lib/python3.12/site-packages/airflow/example_dags/example_setup_teardown.py
[2025-03-09T11:56:01.819+0000] {processor.py:925} INFO - DAG(s) 'example_setup_teardown' retrieved from /home/airflow/.local/lib/python3.12/site-packages/airflow/example_dags/example_setup_teardown.py
[2025-03-09T11:56:01.859+0000] {logging_mixin.py:190} INFO - [2025-03-09T11:56:01.859+0000] {dag.py:3239} INFO - Sync 1 DAGs
[2025-03-09T11:56:01.887+0000] {logging_mixin.py:190} INFO - [2025-03-09T11:56:01.887+0000] {dag.py:4180} INFO - Setting next_dagrun for example_setup_teardown to None, run_after=None
[2025-03-09T11:56:01.926+0000] {processor.py:208} INFO - Processing /home/airflow/.local/lib/python3.12/site-packages/airflow/example_dags/example_setup_teardown.py took 0.144 seconds
[2025-03-09T11:56:32.971+0000] {processor.py:186} INFO - Started process (PID=11981) to work on /home/airflow/.local/lib/python3.12/site-packages/airflow/example_dags/example_setup_teardown.py
[2025-03-09T11:56:32.973+0000] {processor.py:914} INFO - Processing file /home/airflow/.local/lib/python3.12/site-packages/airflow/example_dags/example_setup_teardown.py for tasks to queue
[2025-03-09T11:56:32.976+0000] {logging_mixin.py:190} INFO - [2025-03-09T11:56:32.975+0000] {dagbag.py:588} INFO - Filling up the DagBag from /home/airflow/.local/lib/python3.12/site-packages/airflow/example_dags/example_setup_teardown.py
[2025-03-09T11:56:32.991+0000] {processor.py:925} INFO - DAG(s) 'example_setup_teardown' retrieved from /home/airflow/.local/lib/python3.12/site-packages/airflow/example_dags/example_setup_teardown.py
[2025-03-09T11:56:33.032+0000] {logging_mixin.py:190} INFO - [2025-03-09T11:56:33.031+0000] {dag.py:3239} INFO - Sync 1 DAGs
[2025-03-09T11:56:33.059+0000] {logging_mixin.py:190} INFO - [2025-03-09T11:56:33.059+0000] {dag.py:4180} INFO - Setting next_dagrun for example_setup_teardown to None, run_after=None
[2025-03-09T11:56:33.093+0000] {processor.py:208} INFO - Processing /home/airflow/.local/lib/python3.12/site-packages/airflow/example_dags/example_setup_teardown.py took 0.132 seconds
[2025-03-09T11:57:04.354+0000] {processor.py:186} INFO - Started process (PID=12046) to work on /home/airflow/.local/lib/python3.12/site-packages/airflow/example_dags/example_setup_teardown.py
[2025-03-09T11:57:04.356+0000] {processor.py:914} INFO - Processing file /home/airflow/.local/lib/python3.12/site-packages/airflow/example_dags/example_setup_teardown.py for tasks to queue
[2025-03-09T11:57:04.359+0000] {logging_mixin.py:190} INFO - [2025-03-09T11:57:04.358+0000] {dagbag.py:588} INFO - Filling up the DagBag from /home/airflow/.local/lib/python3.12/site-packages/airflow/example_dags/example_setup_teardown.py
[2025-03-09T11:57:04.377+0000] {processor.py:925} INFO - DAG(s) 'example_setup_teardown' retrieved from /home/airflow/.local/lib/python3.12/site-packages/airflow/example_dags/example_setup_teardown.py
[2025-03-09T11:57:04.422+0000] {logging_mixin.py:190} INFO - [2025-03-09T11:57:04.421+0000] {dag.py:3239} INFO - Sync 1 DAGs
[2025-03-09T11:57:04.451+0000] {logging_mixin.py:190} INFO - [2025-03-09T11:57:04.450+0000] {dag.py:4180} INFO - Setting next_dagrun for example_setup_teardown to None, run_after=None
[2025-03-09T11:57:04.491+0000] {processor.py:208} INFO - Processing /home/airflow/.local/lib/python3.12/site-packages/airflow/example_dags/example_setup_teardown.py took 0.146 seconds
[2025-03-09T11:57:34.730+0000] {processor.py:186} INFO - Started process (PID=12110) to work on /home/airflow/.local/lib/python3.12/site-packages/airflow/example_dags/example_setup_teardown.py
[2025-03-09T11:57:34.737+0000] {processor.py:914} INFO - Processing file /home/airflow/.local/lib/python3.12/site-packages/airflow/example_dags/example_setup_teardown.py for tasks to queue
[2025-03-09T11:57:34.741+0000] {logging_mixin.py:190} INFO - [2025-03-09T11:57:34.740+0000] {dagbag.py:588} INFO - Filling up the DagBag from /home/airflow/.local/lib/python3.12/site-packages/airflow/example_dags/example_setup_teardown.py
[2025-03-09T11:57:34.776+0000] {processor.py:925} INFO - DAG(s) 'example_setup_teardown' retrieved from /home/airflow/.local/lib/python3.12/site-packages/airflow/example_dags/example_setup_teardown.py
[2025-03-09T11:57:34.817+0000] {logging_mixin.py:190} INFO - [2025-03-09T11:57:34.816+0000] {dag.py:3239} INFO - Sync 1 DAGs
[2025-03-09T11:57:34.855+0000] {logging_mixin.py:190} INFO - [2025-03-09T11:57:34.854+0000] {dag.py:4180} INFO - Setting next_dagrun for example_setup_teardown to None, run_after=None
[2025-03-09T11:57:34.896+0000] {processor.py:208} INFO - Processing /home/airflow/.local/lib/python3.12/site-packages/airflow/example_dags/example_setup_teardown.py took 0.179 seconds
[2025-03-09T11:58:06.071+0000] {processor.py:186} INFO - Started process (PID=12174) to work on /home/airflow/.local/lib/python3.12/site-packages/airflow/example_dags/example_setup_teardown.py
[2025-03-09T11:58:06.075+0000] {processor.py:914} INFO - Processing file /home/airflow/.local/lib/python3.12/site-packages/airflow/example_dags/example_setup_teardown.py for tasks to queue
[2025-03-09T11:58:06.078+0000] {logging_mixin.py:190} INFO - [2025-03-09T11:58:06.077+0000] {dagbag.py:588} INFO - Filling up the DagBag from /home/airflow/.local/lib/python3.12/site-packages/airflow/example_dags/example_setup_teardown.py
[2025-03-09T11:58:06.101+0000] {processor.py:925} INFO - DAG(s) 'example_setup_teardown' retrieved from /home/airflow/.local/lib/python3.12/site-packages/airflow/example_dags/example_setup_teardown.py
[2025-03-09T11:58:06.168+0000] {logging_mixin.py:190} INFO - [2025-03-09T11:58:06.167+0000] {dag.py:3239} INFO - Sync 1 DAGs
[2025-03-09T11:58:06.213+0000] {logging_mixin.py:190} INFO - [2025-03-09T11:58:06.213+0000] {dag.py:4180} INFO - Setting next_dagrun for example_setup_teardown to None, run_after=None
[2025-03-09T11:58:06.274+0000] {processor.py:208} INFO - Processing /home/airflow/.local/lib/python3.12/site-packages/airflow/example_dags/example_setup_teardown.py took 0.217 seconds
[2025-03-09T11:58:36.984+0000] {processor.py:186} INFO - Started process (PID=12239) to work on /home/airflow/.local/lib/python3.12/site-packages/airflow/example_dags/example_setup_teardown.py
[2025-03-09T11:58:36.986+0000] {processor.py:914} INFO - Processing file /home/airflow/.local/lib/python3.12/site-packages/airflow/example_dags/example_setup_teardown.py for tasks to queue
[2025-03-09T11:58:36.989+0000] {logging_mixin.py:190} INFO - [2025-03-09T11:58:36.989+0000] {dagbag.py:588} INFO - Filling up the DagBag from /home/airflow/.local/lib/python3.12/site-packages/airflow/example_dags/example_setup_teardown.py
[2025-03-09T11:58:37.004+0000] {processor.py:925} INFO - DAG(s) 'example_setup_teardown' retrieved from /home/airflow/.local/lib/python3.12/site-packages/airflow/example_dags/example_setup_teardown.py
[2025-03-09T11:58:37.041+0000] {logging_mixin.py:190} INFO - [2025-03-09T11:58:37.040+0000] {dag.py:3239} INFO - Sync 1 DAGs
[2025-03-09T11:58:37.074+0000] {logging_mixin.py:190} INFO - [2025-03-09T11:58:37.074+0000] {dag.py:4180} INFO - Setting next_dagrun for example_setup_teardown to None, run_after=None
[2025-03-09T11:58:37.117+0000] {processor.py:208} INFO - Processing /home/airflow/.local/lib/python3.12/site-packages/airflow/example_dags/example_setup_teardown.py took 0.145 seconds
[2025-03-09T11:59:07.625+0000] {processor.py:186} INFO - Started process (PID=12304) to work on /home/airflow/.local/lib/python3.12/site-packages/airflow/example_dags/example_setup_teardown.py
[2025-03-09T11:59:07.627+0000] {processor.py:914} INFO - Processing file /home/airflow/.local/lib/python3.12/site-packages/airflow/example_dags/example_setup_teardown.py for tasks to queue
[2025-03-09T11:59:07.630+0000] {logging_mixin.py:190} INFO - [2025-03-09T11:59:07.630+0000] {dagbag.py:588} INFO - Filling up the DagBag from /home/airflow/.local/lib/python3.12/site-packages/airflow/example_dags/example_setup_teardown.py
[2025-03-09T11:59:07.647+0000] {processor.py:925} INFO - DAG(s) 'example_setup_teardown' retrieved from /home/airflow/.local/lib/python3.12/site-packages/airflow/example_dags/example_setup_teardown.py
[2025-03-09T11:59:07.686+0000] {logging_mixin.py:190} INFO - [2025-03-09T11:59:07.686+0000] {dag.py:3239} INFO - Sync 1 DAGs
[2025-03-09T11:59:07.714+0000] {logging_mixin.py:190} INFO - [2025-03-09T11:59:07.713+0000] {dag.py:4180} INFO - Setting next_dagrun for example_setup_teardown to None, run_after=None
[2025-03-09T11:59:07.750+0000] {processor.py:208} INFO - Processing /home/airflow/.local/lib/python3.12/site-packages/airflow/example_dags/example_setup_teardown.py took 0.134 seconds
[2025-03-09T11:59:37.942+0000] {processor.py:186} INFO - Started process (PID=12369) to work on /home/airflow/.local/lib/python3.12/site-packages/airflow/example_dags/example_setup_teardown.py
[2025-03-09T11:59:37.944+0000] {processor.py:914} INFO - Processing file /home/airflow/.local/lib/python3.12/site-packages/airflow/example_dags/example_setup_teardown.py for tasks to queue
[2025-03-09T11:59:37.948+0000] {logging_mixin.py:190} INFO - [2025-03-09T11:59:37.947+0000] {dagbag.py:588} INFO - Filling up the DagBag from /home/airflow/.local/lib/python3.12/site-packages/airflow/example_dags/example_setup_teardown.py
[2025-03-09T11:59:37.966+0000] {processor.py:925} INFO - DAG(s) 'example_setup_teardown' retrieved from /home/airflow/.local/lib/python3.12/site-packages/airflow/example_dags/example_setup_teardown.py
[2025-03-09T11:59:38.002+0000] {logging_mixin.py:190} INFO - [2025-03-09T11:59:38.001+0000] {dag.py:3239} INFO - Sync 1 DAGs
[2025-03-09T11:59:38.029+0000] {logging_mixin.py:190} INFO - [2025-03-09T11:59:38.029+0000] {dag.py:4180} INFO - Setting next_dagrun for example_setup_teardown to None, run_after=None
[2025-03-09T11:59:38.066+0000] {processor.py:208} INFO - Processing /home/airflow/.local/lib/python3.12/site-packages/airflow/example_dags/example_setup_teardown.py took 0.134 seconds
[2025-03-09T12:00:09.138+0000] {processor.py:186} INFO - Started process (PID=12434) to work on /home/airflow/.local/lib/python3.12/site-packages/airflow/example_dags/example_setup_teardown.py
[2025-03-09T12:00:09.140+0000] {processor.py:914} INFO - Processing file /home/airflow/.local/lib/python3.12/site-packages/airflow/example_dags/example_setup_teardown.py for tasks to queue
[2025-03-09T12:00:09.143+0000] {logging_mixin.py:190} INFO - [2025-03-09T12:00:09.142+0000] {dagbag.py:588} INFO - Filling up the DagBag from /home/airflow/.local/lib/python3.12/site-packages/airflow/example_dags/example_setup_teardown.py
[2025-03-09T12:00:09.166+0000] {processor.py:925} INFO - DAG(s) 'example_setup_teardown' retrieved from /home/airflow/.local/lib/python3.12/site-packages/airflow/example_dags/example_setup_teardown.py
[2025-03-09T12:00:09.223+0000] {logging_mixin.py:190} INFO - [2025-03-09T12:00:09.222+0000] {dag.py:3239} INFO - Sync 1 DAGs
[2025-03-09T12:00:09.261+0000] {logging_mixin.py:190} INFO - [2025-03-09T12:00:09.261+0000] {dag.py:4180} INFO - Setting next_dagrun for example_setup_teardown to None, run_after=None
[2025-03-09T12:00:09.308+0000] {processor.py:208} INFO - Processing /home/airflow/.local/lib/python3.12/site-packages/airflow/example_dags/example_setup_teardown.py took 0.179 seconds
[2025-03-09T12:00:39.997+0000] {processor.py:186} INFO - Started process (PID=12499) to work on /home/airflow/.local/lib/python3.12/site-packages/airflow/example_dags/example_setup_teardown.py
[2025-03-09T12:00:40.000+0000] {processor.py:914} INFO - Processing file /home/airflow/.local/lib/python3.12/site-packages/airflow/example_dags/example_setup_teardown.py for tasks to queue
[2025-03-09T12:00:40.004+0000] {logging_mixin.py:190} INFO - [2025-03-09T12:00:40.003+0000] {dagbag.py:588} INFO - Filling up the DagBag from /home/airflow/.local/lib/python3.12/site-packages/airflow/example_dags/example_setup_teardown.py
[2025-03-09T12:00:40.032+0000] {processor.py:925} INFO - DAG(s) 'example_setup_teardown' retrieved from /home/airflow/.local/lib/python3.12/site-packages/airflow/example_dags/example_setup_teardown.py
[2025-03-09T12:00:40.098+0000] {logging_mixin.py:190} INFO - [2025-03-09T12:00:40.097+0000] {dag.py:3239} INFO - Sync 1 DAGs
[2025-03-09T12:00:40.185+0000] {logging_mixin.py:190} INFO - [2025-03-09T12:00:40.184+0000] {dag.py:4180} INFO - Setting next_dagrun for example_setup_teardown to None, run_after=None
[2025-03-09T12:00:40.282+0000] {processor.py:208} INFO - Processing /home/airflow/.local/lib/python3.12/site-packages/airflow/example_dags/example_setup_teardown.py took 0.300 seconds
[2025-03-09T12:01:11.006+0000] {processor.py:186} INFO - Started process (PID=12564) to work on /home/airflow/.local/lib/python3.12/site-packages/airflow/example_dags/example_setup_teardown.py
[2025-03-09T12:01:11.014+0000] {processor.py:914} INFO - Processing file /home/airflow/.local/lib/python3.12/site-packages/airflow/example_dags/example_setup_teardown.py for tasks to queue
[2025-03-09T12:01:11.020+0000] {logging_mixin.py:190} INFO - [2025-03-09T12:01:11.019+0000] {dagbag.py:588} INFO - Filling up the DagBag from /home/airflow/.local/lib/python3.12/site-packages/airflow/example_dags/example_setup_teardown.py
[2025-03-09T12:01:11.084+0000] {processor.py:925} INFO - DAG(s) 'example_setup_teardown' retrieved from /home/airflow/.local/lib/python3.12/site-packages/airflow/example_dags/example_setup_teardown.py
[2025-03-09T12:01:11.198+0000] {logging_mixin.py:190} INFO - [2025-03-09T12:01:11.198+0000] {dag.py:3239} INFO - Sync 1 DAGs
[2025-03-09T12:01:11.286+0000] {logging_mixin.py:190} INFO - [2025-03-09T12:01:11.286+0000] {dag.py:4180} INFO - Setting next_dagrun for example_setup_teardown to None, run_after=None
[2025-03-09T12:01:11.389+0000] {processor.py:208} INFO - Processing /home/airflow/.local/lib/python3.12/site-packages/airflow/example_dags/example_setup_teardown.py took 0.405 seconds
[2025-03-09T12:01:41.970+0000] {processor.py:186} INFO - Started process (PID=12629) to work on /home/airflow/.local/lib/python3.12/site-packages/airflow/example_dags/example_setup_teardown.py
[2025-03-09T12:01:41.972+0000] {processor.py:914} INFO - Processing file /home/airflow/.local/lib/python3.12/site-packages/airflow/example_dags/example_setup_teardown.py for tasks to queue
[2025-03-09T12:01:41.974+0000] {logging_mixin.py:190} INFO - [2025-03-09T12:01:41.974+0000] {dagbag.py:588} INFO - Filling up the DagBag from /home/airflow/.local/lib/python3.12/site-packages/airflow/example_dags/example_setup_teardown.py
[2025-03-09T12:01:41.989+0000] {processor.py:925} INFO - DAG(s) 'example_setup_teardown' retrieved from /home/airflow/.local/lib/python3.12/site-packages/airflow/example_dags/example_setup_teardown.py
[2025-03-09T12:01:42.025+0000] {logging_mixin.py:190} INFO - [2025-03-09T12:01:42.024+0000] {dag.py:3239} INFO - Sync 1 DAGs
[2025-03-09T12:01:42.050+0000] {logging_mixin.py:190} INFO - [2025-03-09T12:01:42.049+0000] {dag.py:4180} INFO - Setting next_dagrun for example_setup_teardown to None, run_after=None
[2025-03-09T12:01:42.084+0000] {processor.py:208} INFO - Processing /home/airflow/.local/lib/python3.12/site-packages/airflow/example_dags/example_setup_teardown.py took 0.122 seconds
[2025-03-09T12:02:12.224+0000] {processor.py:186} INFO - Started process (PID=12694) to work on /home/airflow/.local/lib/python3.12/site-packages/airflow/example_dags/example_setup_teardown.py
[2025-03-09T12:02:12.226+0000] {processor.py:914} INFO - Processing file /home/airflow/.local/lib/python3.12/site-packages/airflow/example_dags/example_setup_teardown.py for tasks to queue
[2025-03-09T12:02:12.229+0000] {logging_mixin.py:190} INFO - [2025-03-09T12:02:12.228+0000] {dagbag.py:588} INFO - Filling up the DagBag from /home/airflow/.local/lib/python3.12/site-packages/airflow/example_dags/example_setup_teardown.py
[2025-03-09T12:02:12.248+0000] {processor.py:925} INFO - DAG(s) 'example_setup_teardown' retrieved from /home/airflow/.local/lib/python3.12/site-packages/airflow/example_dags/example_setup_teardown.py
[2025-03-09T12:02:12.286+0000] {logging_mixin.py:190} INFO - [2025-03-09T12:02:12.285+0000] {dag.py:3239} INFO - Sync 1 DAGs
[2025-03-09T12:02:12.313+0000] {logging_mixin.py:190} INFO - [2025-03-09T12:02:12.313+0000] {dag.py:4180} INFO - Setting next_dagrun for example_setup_teardown to None, run_after=None
[2025-03-09T12:02:12.346+0000] {processor.py:208} INFO - Processing /home/airflow/.local/lib/python3.12/site-packages/airflow/example_dags/example_setup_teardown.py took 0.134 seconds
[2025-03-09T12:02:42.657+0000] {processor.py:186} INFO - Started process (PID=12759) to work on /home/airflow/.local/lib/python3.12/site-packages/airflow/example_dags/example_setup_teardown.py
[2025-03-09T12:02:42.659+0000] {processor.py:914} INFO - Processing file /home/airflow/.local/lib/python3.12/site-packages/airflow/example_dags/example_setup_teardown.py for tasks to queue
[2025-03-09T12:02:42.662+0000] {logging_mixin.py:190} INFO - [2025-03-09T12:02:42.661+0000] {dagbag.py:588} INFO - Filling up the DagBag from /home/airflow/.local/lib/python3.12/site-packages/airflow/example_dags/example_setup_teardown.py
[2025-03-09T12:02:42.682+0000] {processor.py:925} INFO - DAG(s) 'example_setup_teardown' retrieved from /home/airflow/.local/lib/python3.12/site-packages/airflow/example_dags/example_setup_teardown.py
[2025-03-09T12:02:42.731+0000] {logging_mixin.py:190} INFO - [2025-03-09T12:02:42.730+0000] {dag.py:3239} INFO - Sync 1 DAGs
[2025-03-09T12:02:42.785+0000] {logging_mixin.py:190} INFO - [2025-03-09T12:02:42.784+0000] {dag.py:4180} INFO - Setting next_dagrun for example_setup_teardown to None, run_after=None
[2025-03-09T12:02:42.847+0000] {processor.py:208} INFO - Processing /home/airflow/.local/lib/python3.12/site-packages/airflow/example_dags/example_setup_teardown.py took 0.204 seconds
[2025-03-09T12:03:13.914+0000] {processor.py:186} INFO - Started process (PID=12824) to work on /home/airflow/.local/lib/python3.12/site-packages/airflow/example_dags/example_setup_teardown.py
[2025-03-09T12:03:13.916+0000] {processor.py:914} INFO - Processing file /home/airflow/.local/lib/python3.12/site-packages/airflow/example_dags/example_setup_teardown.py for tasks to queue
[2025-03-09T12:03:13.919+0000] {logging_mixin.py:190} INFO - [2025-03-09T12:03:13.918+0000] {dagbag.py:588} INFO - Filling up the DagBag from /home/airflow/.local/lib/python3.12/site-packages/airflow/example_dags/example_setup_teardown.py
[2025-03-09T12:03:13.933+0000] {processor.py:925} INFO - DAG(s) 'example_setup_teardown' retrieved from /home/airflow/.local/lib/python3.12/site-packages/airflow/example_dags/example_setup_teardown.py
[2025-03-09T12:03:13.972+0000] {logging_mixin.py:190} INFO - [2025-03-09T12:03:13.971+0000] {dag.py:3239} INFO - Sync 1 DAGs
[2025-03-09T12:03:14.007+0000] {logging_mixin.py:190} INFO - [2025-03-09T12:03:14.007+0000] {dag.py:4180} INFO - Setting next_dagrun for example_setup_teardown to None, run_after=None
[2025-03-09T12:03:14.044+0000] {processor.py:208} INFO - Processing /home/airflow/.local/lib/python3.12/site-packages/airflow/example_dags/example_setup_teardown.py took 0.138 seconds
[2025-03-09T12:03:44.376+0000] {processor.py:186} INFO - Started process (PID=12889) to work on /home/airflow/.local/lib/python3.12/site-packages/airflow/example_dags/example_setup_teardown.py
[2025-03-09T12:03:44.378+0000] {processor.py:914} INFO - Processing file /home/airflow/.local/lib/python3.12/site-packages/airflow/example_dags/example_setup_teardown.py for tasks to queue
[2025-03-09T12:03:44.381+0000] {logging_mixin.py:190} INFO - [2025-03-09T12:03:44.380+0000] {dagbag.py:588} INFO - Filling up the DagBag from /home/airflow/.local/lib/python3.12/site-packages/airflow/example_dags/example_setup_teardown.py
[2025-03-09T12:03:44.394+0000] {processor.py:925} INFO - DAG(s) 'example_setup_teardown' retrieved from /home/airflow/.local/lib/python3.12/site-packages/airflow/example_dags/example_setup_teardown.py
[2025-03-09T12:03:44.428+0000] {logging_mixin.py:190} INFO - [2025-03-09T12:03:44.428+0000] {dag.py:3239} INFO - Sync 1 DAGs
[2025-03-09T12:03:44.455+0000] {logging_mixin.py:190} INFO - [2025-03-09T12:03:44.454+0000] {dag.py:4180} INFO - Setting next_dagrun for example_setup_teardown to None, run_after=None
[2025-03-09T12:03:44.521+0000] {processor.py:208} INFO - Processing /home/airflow/.local/lib/python3.12/site-packages/airflow/example_dags/example_setup_teardown.py took 0.152 seconds
[2025-03-09T12:04:14.840+0000] {processor.py:186} INFO - Started process (PID=12954) to work on /home/airflow/.local/lib/python3.12/site-packages/airflow/example_dags/example_setup_teardown.py
[2025-03-09T12:04:14.842+0000] {processor.py:914} INFO - Processing file /home/airflow/.local/lib/python3.12/site-packages/airflow/example_dags/example_setup_teardown.py for tasks to queue
[2025-03-09T12:04:14.845+0000] {logging_mixin.py:190} INFO - [2025-03-09T12:04:14.845+0000] {dagbag.py:588} INFO - Filling up the DagBag from /home/airflow/.local/lib/python3.12/site-packages/airflow/example_dags/example_setup_teardown.py
[2025-03-09T12:04:14.864+0000] {processor.py:925} INFO - DAG(s) 'example_setup_teardown' retrieved from /home/airflow/.local/lib/python3.12/site-packages/airflow/example_dags/example_setup_teardown.py
[2025-03-09T12:04:14.916+0000] {logging_mixin.py:190} INFO - [2025-03-09T12:04:14.915+0000] {dag.py:3239} INFO - Sync 1 DAGs
[2025-03-09T12:04:14.961+0000] {logging_mixin.py:190} INFO - [2025-03-09T12:04:14.960+0000] {dag.py:4180} INFO - Setting next_dagrun for example_setup_teardown to None, run_after=None
[2025-03-09T12:04:15.007+0000] {processor.py:208} INFO - Processing /home/airflow/.local/lib/python3.12/site-packages/airflow/example_dags/example_setup_teardown.py took 0.176 seconds
[2025-03-09T12:04:45.353+0000] {processor.py:186} INFO - Started process (PID=13019) to work on /home/airflow/.local/lib/python3.12/site-packages/airflow/example_dags/example_setup_teardown.py
[2025-03-09T12:04:45.358+0000] {processor.py:914} INFO - Processing file /home/airflow/.local/lib/python3.12/site-packages/airflow/example_dags/example_setup_teardown.py for tasks to queue
[2025-03-09T12:04:45.361+0000] {logging_mixin.py:190} INFO - [2025-03-09T12:04:45.360+0000] {dagbag.py:588} INFO - Filling up the DagBag from /home/airflow/.local/lib/python3.12/site-packages/airflow/example_dags/example_setup_teardown.py
[2025-03-09T12:04:45.381+0000] {processor.py:925} INFO - DAG(s) 'example_setup_teardown' retrieved from /home/airflow/.local/lib/python3.12/site-packages/airflow/example_dags/example_setup_teardown.py
[2025-03-09T12:04:45.426+0000] {logging_mixin.py:190} INFO - [2025-03-09T12:04:45.425+0000] {dag.py:3239} INFO - Sync 1 DAGs
[2025-03-09T12:04:45.455+0000] {logging_mixin.py:190} INFO - [2025-03-09T12:04:45.455+0000] {dag.py:4180} INFO - Setting next_dagrun for example_setup_teardown to None, run_after=None
[2025-03-09T12:04:45.506+0000] {processor.py:208} INFO - Processing /home/airflow/.local/lib/python3.12/site-packages/airflow/example_dags/example_setup_teardown.py took 0.165 seconds
[2025-03-09T12:05:15.721+0000] {processor.py:186} INFO - Started process (PID=13084) to work on /home/airflow/.local/lib/python3.12/site-packages/airflow/example_dags/example_setup_teardown.py
[2025-03-09T12:05:15.723+0000] {processor.py:914} INFO - Processing file /home/airflow/.local/lib/python3.12/site-packages/airflow/example_dags/example_setup_teardown.py for tasks to queue
[2025-03-09T12:05:15.726+0000] {logging_mixin.py:190} INFO - [2025-03-09T12:05:15.725+0000] {dagbag.py:588} INFO - Filling up the DagBag from /home/airflow/.local/lib/python3.12/site-packages/airflow/example_dags/example_setup_teardown.py
[2025-03-09T12:05:15.741+0000] {processor.py:925} INFO - DAG(s) 'example_setup_teardown' retrieved from /home/airflow/.local/lib/python3.12/site-packages/airflow/example_dags/example_setup_teardown.py
[2025-03-09T12:05:15.778+0000] {logging_mixin.py:190} INFO - [2025-03-09T12:05:15.777+0000] {dag.py:3239} INFO - Sync 1 DAGs
[2025-03-09T12:05:15.806+0000] {logging_mixin.py:190} INFO - [2025-03-09T12:05:15.805+0000] {dag.py:4180} INFO - Setting next_dagrun for example_setup_teardown to None, run_after=None
[2025-03-09T12:05:15.841+0000] {processor.py:208} INFO - Processing /home/airflow/.local/lib/python3.12/site-packages/airflow/example_dags/example_setup_teardown.py took 0.129 seconds
[2025-03-09T12:05:46.211+0000] {processor.py:186} INFO - Started process (PID=13149) to work on /home/airflow/.local/lib/python3.12/site-packages/airflow/example_dags/example_setup_teardown.py
[2025-03-09T12:05:46.213+0000] {processor.py:914} INFO - Processing file /home/airflow/.local/lib/python3.12/site-packages/airflow/example_dags/example_setup_teardown.py for tasks to queue
[2025-03-09T12:05:46.215+0000] {logging_mixin.py:190} INFO - [2025-03-09T12:05:46.215+0000] {dagbag.py:588} INFO - Filling up the DagBag from /home/airflow/.local/lib/python3.12/site-packages/airflow/example_dags/example_setup_teardown.py
[2025-03-09T12:05:46.230+0000] {processor.py:925} INFO - DAG(s) 'example_setup_teardown' retrieved from /home/airflow/.local/lib/python3.12/site-packages/airflow/example_dags/example_setup_teardown.py
[2025-03-09T12:05:46.263+0000] {logging_mixin.py:190} INFO - [2025-03-09T12:05:46.262+0000] {dag.py:3239} INFO - Sync 1 DAGs
[2025-03-09T12:05:46.287+0000] {logging_mixin.py:190} INFO - [2025-03-09T12:05:46.286+0000] {dag.py:4180} INFO - Setting next_dagrun for example_setup_teardown to None, run_after=None
[2025-03-09T12:05:46.331+0000] {processor.py:208} INFO - Processing /home/airflow/.local/lib/python3.12/site-packages/airflow/example_dags/example_setup_teardown.py took 0.127 seconds
[2025-03-09T12:06:18.359+0000] {processor.py:186} INFO - Started process (PID=13213) to work on /home/airflow/.local/lib/python3.12/site-packages/airflow/example_dags/example_setup_teardown.py
[2025-03-09T12:06:18.360+0000] {processor.py:914} INFO - Processing file /home/airflow/.local/lib/python3.12/site-packages/airflow/example_dags/example_setup_teardown.py for tasks to queue
[2025-03-09T12:06:18.362+0000] {logging_mixin.py:190} INFO - [2025-03-09T12:06:18.362+0000] {dagbag.py:588} INFO - Filling up the DagBag from /home/airflow/.local/lib/python3.12/site-packages/airflow/example_dags/example_setup_teardown.py
[2025-03-09T12:06:18.377+0000] {processor.py:925} INFO - DAG(s) 'example_setup_teardown' retrieved from /home/airflow/.local/lib/python3.12/site-packages/airflow/example_dags/example_setup_teardown.py
[2025-03-09T12:06:18.408+0000] {logging_mixin.py:190} INFO - [2025-03-09T12:06:18.408+0000] {dag.py:3239} INFO - Sync 1 DAGs
[2025-03-09T12:06:18.430+0000] {logging_mixin.py:190} INFO - [2025-03-09T12:06:18.429+0000] {dag.py:4180} INFO - Setting next_dagrun for example_setup_teardown to None, run_after=None
[2025-03-09T12:06:18.466+0000] {processor.py:208} INFO - Processing /home/airflow/.local/lib/python3.12/site-packages/airflow/example_dags/example_setup_teardown.py took 0.116 seconds
[2025-03-09T12:06:52.343+0000] {processor.py:186} INFO - Started process (PID=13285) to work on /home/airflow/.local/lib/python3.12/site-packages/airflow/example_dags/example_setup_teardown.py
[2025-03-09T12:06:52.348+0000] {processor.py:914} INFO - Processing file /home/airflow/.local/lib/python3.12/site-packages/airflow/example_dags/example_setup_teardown.py for tasks to queue
[2025-03-09T12:06:52.350+0000] {logging_mixin.py:190} INFO - [2025-03-09T12:06:52.350+0000] {dagbag.py:588} INFO - Filling up the DagBag from /home/airflow/.local/lib/python3.12/site-packages/airflow/example_dags/example_setup_teardown.py
[2025-03-09T12:06:52.369+0000] {processor.py:925} INFO - DAG(s) 'example_setup_teardown' retrieved from /home/airflow/.local/lib/python3.12/site-packages/airflow/example_dags/example_setup_teardown.py
[2025-03-09T12:06:52.414+0000] {logging_mixin.py:190} INFO - [2025-03-09T12:06:52.413+0000] {dag.py:3239} INFO - Sync 1 DAGs
[2025-03-09T12:06:52.452+0000] {logging_mixin.py:190} INFO - [2025-03-09T12:06:52.451+0000] {dag.py:4180} INFO - Setting next_dagrun for example_setup_teardown to None, run_after=None
[2025-03-09T12:06:52.503+0000] {processor.py:208} INFO - Processing /home/airflow/.local/lib/python3.12/site-packages/airflow/example_dags/example_setup_teardown.py took 0.168 seconds
[2025-03-09T12:07:23.142+0000] {processor.py:186} INFO - Started process (PID=13350) to work on /home/airflow/.local/lib/python3.12/site-packages/airflow/example_dags/example_setup_teardown.py
[2025-03-09T12:07:23.144+0000] {processor.py:914} INFO - Processing file /home/airflow/.local/lib/python3.12/site-packages/airflow/example_dags/example_setup_teardown.py for tasks to queue
[2025-03-09T12:07:23.147+0000] {logging_mixin.py:190} INFO - [2025-03-09T12:07:23.147+0000] {dagbag.py:588} INFO - Filling up the DagBag from /home/airflow/.local/lib/python3.12/site-packages/airflow/example_dags/example_setup_teardown.py
[2025-03-09T12:07:23.174+0000] {processor.py:925} INFO - DAG(s) 'example_setup_teardown' retrieved from /home/airflow/.local/lib/python3.12/site-packages/airflow/example_dags/example_setup_teardown.py
[2025-03-09T12:07:23.220+0000] {logging_mixin.py:190} INFO - [2025-03-09T12:07:23.219+0000] {dag.py:3239} INFO - Sync 1 DAGs
[2025-03-09T12:07:23.251+0000] {logging_mixin.py:190} INFO - [2025-03-09T12:07:23.250+0000] {dag.py:4180} INFO - Setting next_dagrun for example_setup_teardown to None, run_after=None
[2025-03-09T12:07:23.299+0000] {processor.py:208} INFO - Processing /home/airflow/.local/lib/python3.12/site-packages/airflow/example_dags/example_setup_teardown.py took 0.172 seconds
[2025-03-09T12:07:53.918+0000] {processor.py:186} INFO - Started process (PID=13415) to work on /home/airflow/.local/lib/python3.12/site-packages/airflow/example_dags/example_setup_teardown.py
[2025-03-09T12:07:53.920+0000] {processor.py:914} INFO - Processing file /home/airflow/.local/lib/python3.12/site-packages/airflow/example_dags/example_setup_teardown.py for tasks to queue
[2025-03-09T12:07:53.923+0000] {logging_mixin.py:190} INFO - [2025-03-09T12:07:53.922+0000] {dagbag.py:588} INFO - Filling up the DagBag from /home/airflow/.local/lib/python3.12/site-packages/airflow/example_dags/example_setup_teardown.py
[2025-03-09T12:07:53.940+0000] {processor.py:925} INFO - DAG(s) 'example_setup_teardown' retrieved from /home/airflow/.local/lib/python3.12/site-packages/airflow/example_dags/example_setup_teardown.py
[2025-03-09T12:07:53.982+0000] {logging_mixin.py:190} INFO - [2025-03-09T12:07:53.981+0000] {dag.py:3239} INFO - Sync 1 DAGs
[2025-03-09T12:07:54.008+0000] {logging_mixin.py:190} INFO - [2025-03-09T12:07:54.007+0000] {dag.py:4180} INFO - Setting next_dagrun for example_setup_teardown to None, run_after=None
[2025-03-09T12:07:54.047+0000] {processor.py:208} INFO - Processing /home/airflow/.local/lib/python3.12/site-packages/airflow/example_dags/example_setup_teardown.py took 0.138 seconds
[2025-03-09T12:08:24.305+0000] {processor.py:186} INFO - Started process (PID=13481) to work on /home/airflow/.local/lib/python3.12/site-packages/airflow/example_dags/example_setup_teardown.py
[2025-03-09T12:08:24.308+0000] {processor.py:914} INFO - Processing file /home/airflow/.local/lib/python3.12/site-packages/airflow/example_dags/example_setup_teardown.py for tasks to queue
[2025-03-09T12:08:24.310+0000] {logging_mixin.py:190} INFO - [2025-03-09T12:08:24.309+0000] {dagbag.py:588} INFO - Filling up the DagBag from /home/airflow/.local/lib/python3.12/site-packages/airflow/example_dags/example_setup_teardown.py
[2025-03-09T12:08:24.325+0000] {processor.py:925} INFO - DAG(s) 'example_setup_teardown' retrieved from /home/airflow/.local/lib/python3.12/site-packages/airflow/example_dags/example_setup_teardown.py
[2025-03-09T12:08:24.373+0000] {logging_mixin.py:190} INFO - [2025-03-09T12:08:24.372+0000] {dag.py:3239} INFO - Sync 1 DAGs
[2025-03-09T12:08:24.403+0000] {logging_mixin.py:190} INFO - [2025-03-09T12:08:24.402+0000] {dag.py:4180} INFO - Setting next_dagrun for example_setup_teardown to None, run_after=None
[2025-03-09T12:08:24.438+0000] {processor.py:208} INFO - Processing /home/airflow/.local/lib/python3.12/site-packages/airflow/example_dags/example_setup_teardown.py took 0.142 seconds
[2025-03-09T12:08:55.505+0000] {processor.py:186} INFO - Started process (PID=13546) to work on /home/airflow/.local/lib/python3.12/site-packages/airflow/example_dags/example_setup_teardown.py
[2025-03-09T12:08:55.507+0000] {processor.py:914} INFO - Processing file /home/airflow/.local/lib/python3.12/site-packages/airflow/example_dags/example_setup_teardown.py for tasks to queue
[2025-03-09T12:08:55.510+0000] {logging_mixin.py:190} INFO - [2025-03-09T12:08:55.509+0000] {dagbag.py:588} INFO - Filling up the DagBag from /home/airflow/.local/lib/python3.12/site-packages/airflow/example_dags/example_setup_teardown.py
[2025-03-09T12:08:55.523+0000] {processor.py:925} INFO - DAG(s) 'example_setup_teardown' retrieved from /home/airflow/.local/lib/python3.12/site-packages/airflow/example_dags/example_setup_teardown.py
[2025-03-09T12:08:55.559+0000] {logging_mixin.py:190} INFO - [2025-03-09T12:08:55.558+0000] {dag.py:3239} INFO - Sync 1 DAGs
[2025-03-09T12:08:55.586+0000] {logging_mixin.py:190} INFO - [2025-03-09T12:08:55.585+0000] {dag.py:4180} INFO - Setting next_dagrun for example_setup_teardown to None, run_after=None
[2025-03-09T12:08:55.634+0000] {processor.py:208} INFO - Processing /home/airflow/.local/lib/python3.12/site-packages/airflow/example_dags/example_setup_teardown.py took 0.136 seconds
[2025-03-09T12:09:27.360+0000] {processor.py:186} INFO - Started process (PID=13606) to work on /home/airflow/.local/lib/python3.12/site-packages/airflow/example_dags/example_setup_teardown.py
[2025-03-09T12:09:27.362+0000] {processor.py:914} INFO - Processing file /home/airflow/.local/lib/python3.12/site-packages/airflow/example_dags/example_setup_teardown.py for tasks to queue
[2025-03-09T12:09:27.365+0000] {logging_mixin.py:190} INFO - [2025-03-09T12:09:27.365+0000] {dagbag.py:588} INFO - Filling up the DagBag from /home/airflow/.local/lib/python3.12/site-packages/airflow/example_dags/example_setup_teardown.py
[2025-03-09T12:09:27.378+0000] {processor.py:925} INFO - DAG(s) 'example_setup_teardown' retrieved from /home/airflow/.local/lib/python3.12/site-packages/airflow/example_dags/example_setup_teardown.py
[2025-03-09T12:09:27.409+0000] {logging_mixin.py:190} INFO - [2025-03-09T12:09:27.409+0000] {dag.py:3239} INFO - Sync 1 DAGs
[2025-03-09T12:09:27.433+0000] {logging_mixin.py:190} INFO - [2025-03-09T12:09:27.432+0000] {dag.py:4180} INFO - Setting next_dagrun for example_setup_teardown to None, run_after=None
[2025-03-09T12:09:27.479+0000] {processor.py:208} INFO - Processing /home/airflow/.local/lib/python3.12/site-packages/airflow/example_dags/example_setup_teardown.py took 0.129 seconds
[2025-03-09T12:09:58.248+0000] {processor.py:186} INFO - Started process (PID=13672) to work on /home/airflow/.local/lib/python3.12/site-packages/airflow/example_dags/example_setup_teardown.py
[2025-03-09T12:09:58.250+0000] {processor.py:914} INFO - Processing file /home/airflow/.local/lib/python3.12/site-packages/airflow/example_dags/example_setup_teardown.py for tasks to queue
[2025-03-09T12:09:58.253+0000] {logging_mixin.py:190} INFO - [2025-03-09T12:09:58.252+0000] {dagbag.py:588} INFO - Filling up the DagBag from /home/airflow/.local/lib/python3.12/site-packages/airflow/example_dags/example_setup_teardown.py
[2025-03-09T12:09:58.264+0000] {processor.py:925} INFO - DAG(s) 'example_setup_teardown' retrieved from /home/airflow/.local/lib/python3.12/site-packages/airflow/example_dags/example_setup_teardown.py
[2025-03-09T12:09:58.301+0000] {logging_mixin.py:190} INFO - [2025-03-09T12:09:58.300+0000] {dag.py:3239} INFO - Sync 1 DAGs
[2025-03-09T12:09:58.323+0000] {logging_mixin.py:190} INFO - [2025-03-09T12:09:58.323+0000] {dag.py:4180} INFO - Setting next_dagrun for example_setup_teardown to None, run_after=None
[2025-03-09T12:09:58.356+0000] {processor.py:208} INFO - Processing /home/airflow/.local/lib/python3.12/site-packages/airflow/example_dags/example_setup_teardown.py took 0.116 seconds
[2025-03-09T12:10:29.461+0000] {processor.py:186} INFO - Started process (PID=13736) to work on /home/airflow/.local/lib/python3.12/site-packages/airflow/example_dags/example_setup_teardown.py
[2025-03-09T12:10:29.462+0000] {processor.py:914} INFO - Processing file /home/airflow/.local/lib/python3.12/site-packages/airflow/example_dags/example_setup_teardown.py for tasks to queue
[2025-03-09T12:10:29.464+0000] {logging_mixin.py:190} INFO - [2025-03-09T12:10:29.464+0000] {dagbag.py:588} INFO - Filling up the DagBag from /home/airflow/.local/lib/python3.12/site-packages/airflow/example_dags/example_setup_teardown.py
[2025-03-09T12:10:29.477+0000] {processor.py:925} INFO - DAG(s) 'example_setup_teardown' retrieved from /home/airflow/.local/lib/python3.12/site-packages/airflow/example_dags/example_setup_teardown.py
[2025-03-09T12:10:29.508+0000] {logging_mixin.py:190} INFO - [2025-03-09T12:10:29.508+0000] {dag.py:3239} INFO - Sync 1 DAGs
[2025-03-09T12:10:29.530+0000] {logging_mixin.py:190} INFO - [2025-03-09T12:10:29.530+0000] {dag.py:4180} INFO - Setting next_dagrun for example_setup_teardown to None, run_after=None
[2025-03-09T12:10:29.574+0000] {processor.py:208} INFO - Processing /home/airflow/.local/lib/python3.12/site-packages/airflow/example_dags/example_setup_teardown.py took 0.121 seconds
[2025-03-09T12:11:00.366+0000] {processor.py:186} INFO - Started process (PID=13801) to work on /home/airflow/.local/lib/python3.12/site-packages/airflow/example_dags/example_setup_teardown.py
[2025-03-09T12:11:00.367+0000] {processor.py:914} INFO - Processing file /home/airflow/.local/lib/python3.12/site-packages/airflow/example_dags/example_setup_teardown.py for tasks to queue
[2025-03-09T12:11:00.371+0000] {logging_mixin.py:190} INFO - [2025-03-09T12:11:00.370+0000] {dagbag.py:588} INFO - Filling up the DagBag from /home/airflow/.local/lib/python3.12/site-packages/airflow/example_dags/example_setup_teardown.py
[2025-03-09T12:11:00.390+0000] {processor.py:925} INFO - DAG(s) 'example_setup_teardown' retrieved from /home/airflow/.local/lib/python3.12/site-packages/airflow/example_dags/example_setup_teardown.py
[2025-03-09T12:11:00.452+0000] {logging_mixin.py:190} INFO - [2025-03-09T12:11:00.451+0000] {dag.py:3239} INFO - Sync 1 DAGs
[2025-03-09T12:11:00.532+0000] {logging_mixin.py:190} INFO - [2025-03-09T12:11:00.531+0000] {dag.py:4180} INFO - Setting next_dagrun for example_setup_teardown to None, run_after=None
[2025-03-09T12:11:00.664+0000] {processor.py:208} INFO - Processing /home/airflow/.local/lib/python3.12/site-packages/airflow/example_dags/example_setup_teardown.py took 0.306 seconds
[2025-03-09T12:11:31.526+0000] {processor.py:186} INFO - Started process (PID=13866) to work on /home/airflow/.local/lib/python3.12/site-packages/airflow/example_dags/example_setup_teardown.py
[2025-03-09T12:11:31.529+0000] {processor.py:914} INFO - Processing file /home/airflow/.local/lib/python3.12/site-packages/airflow/example_dags/example_setup_teardown.py for tasks to queue
[2025-03-09T12:11:31.532+0000] {logging_mixin.py:190} INFO - [2025-03-09T12:11:31.531+0000] {dagbag.py:588} INFO - Filling up the DagBag from /home/airflow/.local/lib/python3.12/site-packages/airflow/example_dags/example_setup_teardown.py
[2025-03-09T12:11:31.556+0000] {processor.py:925} INFO - DAG(s) 'example_setup_teardown' retrieved from /home/airflow/.local/lib/python3.12/site-packages/airflow/example_dags/example_setup_teardown.py
[2025-03-09T12:11:31.608+0000] {logging_mixin.py:190} INFO - [2025-03-09T12:11:31.608+0000] {dag.py:3239} INFO - Sync 1 DAGs
[2025-03-09T12:11:31.642+0000] {logging_mixin.py:190} INFO - [2025-03-09T12:11:31.642+0000] {dag.py:4180} INFO - Setting next_dagrun for example_setup_teardown to None, run_after=None
[2025-03-09T12:11:31.690+0000] {processor.py:208} INFO - Processing /home/airflow/.local/lib/python3.12/site-packages/airflow/example_dags/example_setup_teardown.py took 0.178 seconds
[2025-03-09T12:12:02.281+0000] {processor.py:186} INFO - Started process (PID=13930) to work on /home/airflow/.local/lib/python3.12/site-packages/airflow/example_dags/example_setup_teardown.py
[2025-03-09T12:12:02.283+0000] {processor.py:914} INFO - Processing file /home/airflow/.local/lib/python3.12/site-packages/airflow/example_dags/example_setup_teardown.py for tasks to queue
[2025-03-09T12:12:02.285+0000] {logging_mixin.py:190} INFO - [2025-03-09T12:12:02.285+0000] {dagbag.py:588} INFO - Filling up the DagBag from /home/airflow/.local/lib/python3.12/site-packages/airflow/example_dags/example_setup_teardown.py
[2025-03-09T12:12:02.297+0000] {processor.py:925} INFO - DAG(s) 'example_setup_teardown' retrieved from /home/airflow/.local/lib/python3.12/site-packages/airflow/example_dags/example_setup_teardown.py
[2025-03-09T12:12:02.333+0000] {logging_mixin.py:190} INFO - [2025-03-09T12:12:02.333+0000] {dag.py:3239} INFO - Sync 1 DAGs
[2025-03-09T12:12:02.357+0000] {logging_mixin.py:190} INFO - [2025-03-09T12:12:02.356+0000] {dag.py:4180} INFO - Setting next_dagrun for example_setup_teardown to None, run_after=None
[2025-03-09T12:12:02.395+0000] {processor.py:208} INFO - Processing /home/airflow/.local/lib/python3.12/site-packages/airflow/example_dags/example_setup_teardown.py took 0.120 seconds
[2025-03-09T12:12:33.229+0000] {processor.py:186} INFO - Started process (PID=13995) to work on /home/airflow/.local/lib/python3.12/site-packages/airflow/example_dags/example_setup_teardown.py
[2025-03-09T12:12:33.231+0000] {processor.py:914} INFO - Processing file /home/airflow/.local/lib/python3.12/site-packages/airflow/example_dags/example_setup_teardown.py for tasks to queue
[2025-03-09T12:12:33.235+0000] {logging_mixin.py:190} INFO - [2025-03-09T12:12:33.235+0000] {dagbag.py:588} INFO - Filling up the DagBag from /home/airflow/.local/lib/python3.12/site-packages/airflow/example_dags/example_setup_teardown.py
[2025-03-09T12:12:33.254+0000] {processor.py:925} INFO - DAG(s) 'example_setup_teardown' retrieved from /home/airflow/.local/lib/python3.12/site-packages/airflow/example_dags/example_setup_teardown.py
[2025-03-09T12:12:33.320+0000] {logging_mixin.py:190} INFO - [2025-03-09T12:12:33.318+0000] {dag.py:3239} INFO - Sync 1 DAGs
[2025-03-09T12:12:33.359+0000] {logging_mixin.py:190} INFO - [2025-03-09T12:12:33.358+0000] {dag.py:4180} INFO - Setting next_dagrun for example_setup_teardown to None, run_after=None
[2025-03-09T12:12:33.402+0000] {processor.py:208} INFO - Processing /home/airflow/.local/lib/python3.12/site-packages/airflow/example_dags/example_setup_teardown.py took 0.184 seconds
[2025-03-09T12:13:04.586+0000] {processor.py:186} INFO - Started process (PID=14060) to work on /home/airflow/.local/lib/python3.12/site-packages/airflow/example_dags/example_setup_teardown.py
[2025-03-09T12:13:04.588+0000] {processor.py:914} INFO - Processing file /home/airflow/.local/lib/python3.12/site-packages/airflow/example_dags/example_setup_teardown.py for tasks to queue
[2025-03-09T12:13:04.591+0000] {logging_mixin.py:190} INFO - [2025-03-09T12:13:04.590+0000] {dagbag.py:588} INFO - Filling up the DagBag from /home/airflow/.local/lib/python3.12/site-packages/airflow/example_dags/example_setup_teardown.py
[2025-03-09T12:13:04.603+0000] {processor.py:925} INFO - DAG(s) 'example_setup_teardown' retrieved from /home/airflow/.local/lib/python3.12/site-packages/airflow/example_dags/example_setup_teardown.py
[2025-03-09T12:13:04.634+0000] {logging_mixin.py:190} INFO - [2025-03-09T12:13:04.634+0000] {dag.py:3239} INFO - Sync 1 DAGs
[2025-03-09T12:13:04.656+0000] {logging_mixin.py:190} INFO - [2025-03-09T12:13:04.656+0000] {dag.py:4180} INFO - Setting next_dagrun for example_setup_teardown to None, run_after=None
[2025-03-09T12:13:04.687+0000] {processor.py:208} INFO - Processing /home/airflow/.local/lib/python3.12/site-packages/airflow/example_dags/example_setup_teardown.py took 0.109 seconds
[2025-03-09T12:13:36.645+0000] {processor.py:186} INFO - Started process (PID=14125) to work on /home/airflow/.local/lib/python3.12/site-packages/airflow/example_dags/example_setup_teardown.py
[2025-03-09T12:13:36.649+0000] {processor.py:914} INFO - Processing file /home/airflow/.local/lib/python3.12/site-packages/airflow/example_dags/example_setup_teardown.py for tasks to queue
[2025-03-09T12:13:36.653+0000] {logging_mixin.py:190} INFO - [2025-03-09T12:13:36.652+0000] {dagbag.py:588} INFO - Filling up the DagBag from /home/airflow/.local/lib/python3.12/site-packages/airflow/example_dags/example_setup_teardown.py
[2025-03-09T12:13:36.676+0000] {processor.py:925} INFO - DAG(s) 'example_setup_teardown' retrieved from /home/airflow/.local/lib/python3.12/site-packages/airflow/example_dags/example_setup_teardown.py
[2025-03-09T12:13:36.730+0000] {logging_mixin.py:190} INFO - [2025-03-09T12:13:36.729+0000] {dag.py:3239} INFO - Sync 1 DAGs
[2025-03-09T12:13:36.759+0000] {logging_mixin.py:190} INFO - [2025-03-09T12:13:36.758+0000] {dag.py:4180} INFO - Setting next_dagrun for example_setup_teardown to None, run_after=None
[2025-03-09T12:13:36.797+0000] {processor.py:208} INFO - Processing /home/airflow/.local/lib/python3.12/site-packages/airflow/example_dags/example_setup_teardown.py took 0.167 seconds
[2025-03-09T12:14:09.065+0000] {processor.py:186} INFO - Started process (PID=14190) to work on /home/airflow/.local/lib/python3.12/site-packages/airflow/example_dags/example_setup_teardown.py
[2025-03-09T12:14:09.067+0000] {processor.py:914} INFO - Processing file /home/airflow/.local/lib/python3.12/site-packages/airflow/example_dags/example_setup_teardown.py for tasks to queue
[2025-03-09T12:14:09.069+0000] {logging_mixin.py:190} INFO - [2025-03-09T12:14:09.069+0000] {dagbag.py:588} INFO - Filling up the DagBag from /home/airflow/.local/lib/python3.12/site-packages/airflow/example_dags/example_setup_teardown.py
[2025-03-09T12:14:09.100+0000] {processor.py:925} INFO - DAG(s) 'example_setup_teardown' retrieved from /home/airflow/.local/lib/python3.12/site-packages/airflow/example_dags/example_setup_teardown.py
[2025-03-09T12:14:09.156+0000] {logging_mixin.py:190} INFO - [2025-03-09T12:14:09.156+0000] {dag.py:3239} INFO - Sync 1 DAGs
[2025-03-09T12:14:09.193+0000] {logging_mixin.py:190} INFO - [2025-03-09T12:14:09.192+0000] {dag.py:4180} INFO - Setting next_dagrun for example_setup_teardown to None, run_after=None
[2025-03-09T12:14:09.233+0000] {processor.py:208} INFO - Processing /home/airflow/.local/lib/python3.12/site-packages/airflow/example_dags/example_setup_teardown.py took 0.176 seconds
[2025-03-09T12:14:40.770+0000] {processor.py:186} INFO - Started process (PID=14256) to work on /home/airflow/.local/lib/python3.12/site-packages/airflow/example_dags/example_setup_teardown.py
[2025-03-09T12:14:40.772+0000] {processor.py:914} INFO - Processing file /home/airflow/.local/lib/python3.12/site-packages/airflow/example_dags/example_setup_teardown.py for tasks to queue
[2025-03-09T12:14:40.777+0000] {logging_mixin.py:190} INFO - [2025-03-09T12:14:40.776+0000] {dagbag.py:588} INFO - Filling up the DagBag from /home/airflow/.local/lib/python3.12/site-packages/airflow/example_dags/example_setup_teardown.py
[2025-03-09T12:14:40.813+0000] {processor.py:925} INFO - DAG(s) 'example_setup_teardown' retrieved from /home/airflow/.local/lib/python3.12/site-packages/airflow/example_dags/example_setup_teardown.py
[2025-03-09T12:14:40.880+0000] {logging_mixin.py:190} INFO - [2025-03-09T12:14:40.880+0000] {dag.py:3239} INFO - Sync 1 DAGs
[2025-03-09T12:14:40.921+0000] {logging_mixin.py:190} INFO - [2025-03-09T12:14:40.920+0000] {dag.py:4180} INFO - Setting next_dagrun for example_setup_teardown to None, run_after=None
[2025-03-09T12:14:40.974+0000] {processor.py:208} INFO - Processing /home/airflow/.local/lib/python3.12/site-packages/airflow/example_dags/example_setup_teardown.py took 0.223 seconds
[2025-03-09T12:15:12.652+0000] {processor.py:186} INFO - Started process (PID=14321) to work on /home/airflow/.local/lib/python3.12/site-packages/airflow/example_dags/example_setup_teardown.py
[2025-03-09T12:15:12.654+0000] {processor.py:914} INFO - Processing file /home/airflow/.local/lib/python3.12/site-packages/airflow/example_dags/example_setup_teardown.py for tasks to queue
[2025-03-09T12:15:12.658+0000] {logging_mixin.py:190} INFO - [2025-03-09T12:15:12.657+0000] {dagbag.py:588} INFO - Filling up the DagBag from /home/airflow/.local/lib/python3.12/site-packages/airflow/example_dags/example_setup_teardown.py
[2025-03-09T12:15:12.679+0000] {processor.py:925} INFO - DAG(s) 'example_setup_teardown' retrieved from /home/airflow/.local/lib/python3.12/site-packages/airflow/example_dags/example_setup_teardown.py
[2025-03-09T12:15:12.725+0000] {logging_mixin.py:190} INFO - [2025-03-09T12:15:12.724+0000] {dag.py:3239} INFO - Sync 1 DAGs
[2025-03-09T12:15:12.759+0000] {logging_mixin.py:190} INFO - [2025-03-09T12:15:12.759+0000] {dag.py:4180} INFO - Setting next_dagrun for example_setup_teardown to None, run_after=None
[2025-03-09T12:15:12.818+0000] {processor.py:208} INFO - Processing /home/airflow/.local/lib/python3.12/site-packages/airflow/example_dags/example_setup_teardown.py took 0.186 seconds
[2025-03-09T12:15:44.544+0000] {processor.py:186} INFO - Started process (PID=14387) to work on /home/airflow/.local/lib/python3.12/site-packages/airflow/example_dags/example_setup_teardown.py
[2025-03-09T12:15:44.546+0000] {processor.py:914} INFO - Processing file /home/airflow/.local/lib/python3.12/site-packages/airflow/example_dags/example_setup_teardown.py for tasks to queue
[2025-03-09T12:15:44.548+0000] {logging_mixin.py:190} INFO - [2025-03-09T12:15:44.548+0000] {dagbag.py:588} INFO - Filling up the DagBag from /home/airflow/.local/lib/python3.12/site-packages/airflow/example_dags/example_setup_teardown.py
[2025-03-09T12:15:44.560+0000] {processor.py:925} INFO - DAG(s) 'example_setup_teardown' retrieved from /home/airflow/.local/lib/python3.12/site-packages/airflow/example_dags/example_setup_teardown.py
[2025-03-09T12:15:44.590+0000] {logging_mixin.py:190} INFO - [2025-03-09T12:15:44.590+0000] {dag.py:3239} INFO - Sync 1 DAGs
[2025-03-09T12:15:44.618+0000] {logging_mixin.py:190} INFO - [2025-03-09T12:15:44.618+0000] {dag.py:4180} INFO - Setting next_dagrun for example_setup_teardown to None, run_after=None
[2025-03-09T12:15:44.656+0000] {processor.py:208} INFO - Processing /home/airflow/.local/lib/python3.12/site-packages/airflow/example_dags/example_setup_teardown.py took 0.118 seconds
[2025-03-09T12:16:16.319+0000] {processor.py:186} INFO - Started process (PID=14452) to work on /home/airflow/.local/lib/python3.12/site-packages/airflow/example_dags/example_setup_teardown.py
[2025-03-09T12:16:16.321+0000] {processor.py:914} INFO - Processing file /home/airflow/.local/lib/python3.12/site-packages/airflow/example_dags/example_setup_teardown.py for tasks to queue
[2025-03-09T12:16:16.323+0000] {logging_mixin.py:190} INFO - [2025-03-09T12:16:16.323+0000] {dagbag.py:588} INFO - Filling up the DagBag from /home/airflow/.local/lib/python3.12/site-packages/airflow/example_dags/example_setup_teardown.py
[2025-03-09T12:16:16.337+0000] {processor.py:925} INFO - DAG(s) 'example_setup_teardown' retrieved from /home/airflow/.local/lib/python3.12/site-packages/airflow/example_dags/example_setup_teardown.py
[2025-03-09T12:16:16.369+0000] {logging_mixin.py:190} INFO - [2025-03-09T12:16:16.368+0000] {dag.py:3239} INFO - Sync 1 DAGs
[2025-03-09T12:16:16.390+0000] {logging_mixin.py:190} INFO - [2025-03-09T12:16:16.390+0000] {dag.py:4180} INFO - Setting next_dagrun for example_setup_teardown to None, run_after=None
[2025-03-09T12:16:16.421+0000] {processor.py:208} INFO - Processing /home/airflow/.local/lib/python3.12/site-packages/airflow/example_dags/example_setup_teardown.py took 0.111 seconds
[2025-03-09T12:16:47.617+0000] {processor.py:186} INFO - Started process (PID=14517) to work on /home/airflow/.local/lib/python3.12/site-packages/airflow/example_dags/example_setup_teardown.py
[2025-03-09T12:16:47.619+0000] {processor.py:914} INFO - Processing file /home/airflow/.local/lib/python3.12/site-packages/airflow/example_dags/example_setup_teardown.py for tasks to queue
[2025-03-09T12:16:47.623+0000] {logging_mixin.py:190} INFO - [2025-03-09T12:16:47.622+0000] {dagbag.py:588} INFO - Filling up the DagBag from /home/airflow/.local/lib/python3.12/site-packages/airflow/example_dags/example_setup_teardown.py
[2025-03-09T12:16:47.637+0000] {processor.py:925} INFO - DAG(s) 'example_setup_teardown' retrieved from /home/airflow/.local/lib/python3.12/site-packages/airflow/example_dags/example_setup_teardown.py
[2025-03-09T12:16:47.669+0000] {logging_mixin.py:190} INFO - [2025-03-09T12:16:47.668+0000] {dag.py:3239} INFO - Sync 1 DAGs
[2025-03-09T12:16:47.693+0000] {logging_mixin.py:190} INFO - [2025-03-09T12:16:47.693+0000] {dag.py:4180} INFO - Setting next_dagrun for example_setup_teardown to None, run_after=None
[2025-03-09T12:16:47.732+0000] {processor.py:208} INFO - Processing /home/airflow/.local/lib/python3.12/site-packages/airflow/example_dags/example_setup_teardown.py took 0.125 seconds
[2025-03-09T12:17:19.619+0000] {processor.py:186} INFO - Started process (PID=14582) to work on /home/airflow/.local/lib/python3.12/site-packages/airflow/example_dags/example_setup_teardown.py
[2025-03-09T12:17:19.621+0000] {processor.py:914} INFO - Processing file /home/airflow/.local/lib/python3.12/site-packages/airflow/example_dags/example_setup_teardown.py for tasks to queue
[2025-03-09T12:17:19.623+0000] {logging_mixin.py:190} INFO - [2025-03-09T12:17:19.623+0000] {dagbag.py:588} INFO - Filling up the DagBag from /home/airflow/.local/lib/python3.12/site-packages/airflow/example_dags/example_setup_teardown.py
[2025-03-09T12:17:19.637+0000] {processor.py:925} INFO - DAG(s) 'example_setup_teardown' retrieved from /home/airflow/.local/lib/python3.12/site-packages/airflow/example_dags/example_setup_teardown.py
[2025-03-09T12:17:19.670+0000] {logging_mixin.py:190} INFO - [2025-03-09T12:17:19.670+0000] {dag.py:3239} INFO - Sync 1 DAGs
[2025-03-09T12:17:19.691+0000] {logging_mixin.py:190} INFO - [2025-03-09T12:17:19.690+0000] {dag.py:4180} INFO - Setting next_dagrun for example_setup_teardown to None, run_after=None
[2025-03-09T12:17:19.724+0000] {processor.py:208} INFO - Processing /home/airflow/.local/lib/python3.12/site-packages/airflow/example_dags/example_setup_teardown.py took 0.113 seconds
[2025-03-09T12:17:51.148+0000] {processor.py:186} INFO - Started process (PID=14647) to work on /home/airflow/.local/lib/python3.12/site-packages/airflow/example_dags/example_setup_teardown.py
[2025-03-09T12:17:51.150+0000] {processor.py:914} INFO - Processing file /home/airflow/.local/lib/python3.12/site-packages/airflow/example_dags/example_setup_teardown.py for tasks to queue
[2025-03-09T12:17:51.153+0000] {logging_mixin.py:190} INFO - [2025-03-09T12:17:51.152+0000] {dagbag.py:588} INFO - Filling up the DagBag from /home/airflow/.local/lib/python3.12/site-packages/airflow/example_dags/example_setup_teardown.py
[2025-03-09T12:17:51.167+0000] {processor.py:925} INFO - DAG(s) 'example_setup_teardown' retrieved from /home/airflow/.local/lib/python3.12/site-packages/airflow/example_dags/example_setup_teardown.py
[2025-03-09T12:17:51.206+0000] {logging_mixin.py:190} INFO - [2025-03-09T12:17:51.205+0000] {dag.py:3239} INFO - Sync 1 DAGs
[2025-03-09T12:17:51.258+0000] {logging_mixin.py:190} INFO - [2025-03-09T12:17:51.258+0000] {dag.py:4180} INFO - Setting next_dagrun for example_setup_teardown to None, run_after=None
[2025-03-09T12:17:51.324+0000] {processor.py:208} INFO - Processing /home/airflow/.local/lib/python3.12/site-packages/airflow/example_dags/example_setup_teardown.py took 0.185 seconds
[2025-03-09T12:18:24.860+0000] {processor.py:186} INFO - Started process (PID=14719) to work on /home/airflow/.local/lib/python3.12/site-packages/airflow/example_dags/example_setup_teardown.py
[2025-03-09T12:18:24.862+0000] {processor.py:914} INFO - Processing file /home/airflow/.local/lib/python3.12/site-packages/airflow/example_dags/example_setup_teardown.py for tasks to queue
[2025-03-09T12:18:24.865+0000] {logging_mixin.py:190} INFO - [2025-03-09T12:18:24.864+0000] {dagbag.py:588} INFO - Filling up the DagBag from /home/airflow/.local/lib/python3.12/site-packages/airflow/example_dags/example_setup_teardown.py
[2025-03-09T12:18:24.887+0000] {processor.py:925} INFO - DAG(s) 'example_setup_teardown' retrieved from /home/airflow/.local/lib/python3.12/site-packages/airflow/example_dags/example_setup_teardown.py
[2025-03-09T12:18:24.926+0000] {logging_mixin.py:190} INFO - [2025-03-09T12:18:24.926+0000] {dag.py:3239} INFO - Sync 1 DAGs
[2025-03-09T12:18:24.962+0000] {logging_mixin.py:190} INFO - [2025-03-09T12:18:24.962+0000] {dag.py:4180} INFO - Setting next_dagrun for example_setup_teardown to None, run_after=None
[2025-03-09T12:18:25.010+0000] {processor.py:208} INFO - Processing /home/airflow/.local/lib/python3.12/site-packages/airflow/example_dags/example_setup_teardown.py took 0.165 seconds
[2025-03-09T12:18:55.940+0000] {processor.py:186} INFO - Started process (PID=14784) to work on /home/airflow/.local/lib/python3.12/site-packages/airflow/example_dags/example_setup_teardown.py
[2025-03-09T12:18:55.942+0000] {processor.py:914} INFO - Processing file /home/airflow/.local/lib/python3.12/site-packages/airflow/example_dags/example_setup_teardown.py for tasks to queue
[2025-03-09T12:18:55.944+0000] {logging_mixin.py:190} INFO - [2025-03-09T12:18:55.944+0000] {dagbag.py:588} INFO - Filling up the DagBag from /home/airflow/.local/lib/python3.12/site-packages/airflow/example_dags/example_setup_teardown.py
[2025-03-09T12:18:55.961+0000] {processor.py:925} INFO - DAG(s) 'example_setup_teardown' retrieved from /home/airflow/.local/lib/python3.12/site-packages/airflow/example_dags/example_setup_teardown.py
[2025-03-09T12:18:56.029+0000] {logging_mixin.py:190} INFO - [2025-03-09T12:18:56.027+0000] {dag.py:3239} INFO - Sync 1 DAGs
[2025-03-09T12:18:56.077+0000] {logging_mixin.py:190} INFO - [2025-03-09T12:18:56.076+0000] {dag.py:4180} INFO - Setting next_dagrun for example_setup_teardown to None, run_after=None
[2025-03-09T12:18:56.131+0000] {processor.py:208} INFO - Processing /home/airflow/.local/lib/python3.12/site-packages/airflow/example_dags/example_setup_teardown.py took 0.200 seconds
[2025-03-09T12:19:27.748+0000] {processor.py:186} INFO - Started process (PID=14849) to work on /home/airflow/.local/lib/python3.12/site-packages/airflow/example_dags/example_setup_teardown.py
[2025-03-09T12:19:27.750+0000] {processor.py:914} INFO - Processing file /home/airflow/.local/lib/python3.12/site-packages/airflow/example_dags/example_setup_teardown.py for tasks to queue
[2025-03-09T12:19:27.752+0000] {logging_mixin.py:190} INFO - [2025-03-09T12:19:27.752+0000] {dagbag.py:588} INFO - Filling up the DagBag from /home/airflow/.local/lib/python3.12/site-packages/airflow/example_dags/example_setup_teardown.py
[2025-03-09T12:19:27.766+0000] {processor.py:925} INFO - DAG(s) 'example_setup_teardown' retrieved from /home/airflow/.local/lib/python3.12/site-packages/airflow/example_dags/example_setup_teardown.py
[2025-03-09T12:19:27.796+0000] {logging_mixin.py:190} INFO - [2025-03-09T12:19:27.796+0000] {dag.py:3239} INFO - Sync 1 DAGs
[2025-03-09T12:19:27.817+0000] {logging_mixin.py:190} INFO - [2025-03-09T12:19:27.817+0000] {dag.py:4180} INFO - Setting next_dagrun for example_setup_teardown to None, run_after=None
[2025-03-09T12:19:27.851+0000] {processor.py:208} INFO - Processing /home/airflow/.local/lib/python3.12/site-packages/airflow/example_dags/example_setup_teardown.py took 0.112 seconds
[2025-03-09T12:19:58.650+0000] {processor.py:186} INFO - Started process (PID=14913) to work on /home/airflow/.local/lib/python3.12/site-packages/airflow/example_dags/example_setup_teardown.py
[2025-03-09T12:19:58.651+0000] {processor.py:914} INFO - Processing file /home/airflow/.local/lib/python3.12/site-packages/airflow/example_dags/example_setup_teardown.py for tasks to queue
[2025-03-09T12:19:58.654+0000] {logging_mixin.py:190} INFO - [2025-03-09T12:19:58.653+0000] {dagbag.py:588} INFO - Filling up the DagBag from /home/airflow/.local/lib/python3.12/site-packages/airflow/example_dags/example_setup_teardown.py
[2025-03-09T12:19:58.670+0000] {processor.py:925} INFO - DAG(s) 'example_setup_teardown' retrieved from /home/airflow/.local/lib/python3.12/site-packages/airflow/example_dags/example_setup_teardown.py
[2025-03-09T12:19:58.720+0000] {logging_mixin.py:190} INFO - [2025-03-09T12:19:58.719+0000] {dag.py:3239} INFO - Sync 1 DAGs
[2025-03-09T12:19:58.744+0000] {logging_mixin.py:190} INFO - [2025-03-09T12:19:58.744+0000] {dag.py:4180} INFO - Setting next_dagrun for example_setup_teardown to None, run_after=None
[2025-03-09T12:19:58.777+0000] {processor.py:208} INFO - Processing /home/airflow/.local/lib/python3.12/site-packages/airflow/example_dags/example_setup_teardown.py took 0.137 seconds
[2025-03-09T12:20:28.919+0000] {processor.py:186} INFO - Started process (PID=14977) to work on /home/airflow/.local/lib/python3.12/site-packages/airflow/example_dags/example_setup_teardown.py
[2025-03-09T12:20:28.921+0000] {processor.py:914} INFO - Processing file /home/airflow/.local/lib/python3.12/site-packages/airflow/example_dags/example_setup_teardown.py for tasks to queue
[2025-03-09T12:20:28.924+0000] {logging_mixin.py:190} INFO - [2025-03-09T12:20:28.923+0000] {dagbag.py:588} INFO - Filling up the DagBag from /home/airflow/.local/lib/python3.12/site-packages/airflow/example_dags/example_setup_teardown.py
[2025-03-09T12:20:28.939+0000] {processor.py:925} INFO - DAG(s) 'example_setup_teardown' retrieved from /home/airflow/.local/lib/python3.12/site-packages/airflow/example_dags/example_setup_teardown.py
[2025-03-09T12:20:28.979+0000] {logging_mixin.py:190} INFO - [2025-03-09T12:20:28.978+0000] {dag.py:3239} INFO - Sync 1 DAGs
[2025-03-09T12:20:29.007+0000] {logging_mixin.py:190} INFO - [2025-03-09T12:20:29.006+0000] {dag.py:4180} INFO - Setting next_dagrun for example_setup_teardown to None, run_after=None
[2025-03-09T12:20:29.044+0000] {processor.py:208} INFO - Processing /home/airflow/.local/lib/python3.12/site-packages/airflow/example_dags/example_setup_teardown.py took 0.134 seconds
[2025-03-09T12:20:59.122+0000] {processor.py:186} INFO - Started process (PID=15041) to work on /home/airflow/.local/lib/python3.12/site-packages/airflow/example_dags/example_setup_teardown.py
[2025-03-09T12:20:59.124+0000] {processor.py:914} INFO - Processing file /home/airflow/.local/lib/python3.12/site-packages/airflow/example_dags/example_setup_teardown.py for tasks to queue
[2025-03-09T12:20:59.126+0000] {logging_mixin.py:190} INFO - [2025-03-09T12:20:59.126+0000] {dagbag.py:588} INFO - Filling up the DagBag from /home/airflow/.local/lib/python3.12/site-packages/airflow/example_dags/example_setup_teardown.py
[2025-03-09T12:20:59.140+0000] {processor.py:925} INFO - DAG(s) 'example_setup_teardown' retrieved from /home/airflow/.local/lib/python3.12/site-packages/airflow/example_dags/example_setup_teardown.py
[2025-03-09T12:20:59.176+0000] {logging_mixin.py:190} INFO - [2025-03-09T12:20:59.175+0000] {dag.py:3239} INFO - Sync 1 DAGs
[2025-03-09T12:20:59.196+0000] {logging_mixin.py:190} INFO - [2025-03-09T12:20:59.195+0000] {dag.py:4180} INFO - Setting next_dagrun for example_setup_teardown to None, run_after=None
[2025-03-09T12:20:59.226+0000] {processor.py:208} INFO - Processing /home/airflow/.local/lib/python3.12/site-packages/airflow/example_dags/example_setup_teardown.py took 0.112 seconds
[2025-03-09T12:21:29.928+0000] {processor.py:186} INFO - Started process (PID=15106) to work on /home/airflow/.local/lib/python3.12/site-packages/airflow/example_dags/example_setup_teardown.py
[2025-03-09T12:21:29.929+0000] {processor.py:914} INFO - Processing file /home/airflow/.local/lib/python3.12/site-packages/airflow/example_dags/example_setup_teardown.py for tasks to queue
[2025-03-09T12:21:29.931+0000] {logging_mixin.py:190} INFO - [2025-03-09T12:21:29.931+0000] {dagbag.py:588} INFO - Filling up the DagBag from /home/airflow/.local/lib/python3.12/site-packages/airflow/example_dags/example_setup_teardown.py
[2025-03-09T12:21:29.946+0000] {processor.py:925} INFO - DAG(s) 'example_setup_teardown' retrieved from /home/airflow/.local/lib/python3.12/site-packages/airflow/example_dags/example_setup_teardown.py
[2025-03-09T12:21:29.980+0000] {logging_mixin.py:190} INFO - [2025-03-09T12:21:29.980+0000] {dag.py:3239} INFO - Sync 1 DAGs
[2025-03-09T12:21:30.002+0000] {logging_mixin.py:190} INFO - [2025-03-09T12:21:30.002+0000] {dag.py:4180} INFO - Setting next_dagrun for example_setup_teardown to None, run_after=None
[2025-03-09T12:21:30.038+0000] {processor.py:208} INFO - Processing /home/airflow/.local/lib/python3.12/site-packages/airflow/example_dags/example_setup_teardown.py took 0.119 seconds
[2025-03-09T12:22:00.936+0000] {processor.py:186} INFO - Started process (PID=15172) to work on /home/airflow/.local/lib/python3.12/site-packages/airflow/example_dags/example_setup_teardown.py
[2025-03-09T12:22:00.938+0000] {processor.py:914} INFO - Processing file /home/airflow/.local/lib/python3.12/site-packages/airflow/example_dags/example_setup_teardown.py for tasks to queue
[2025-03-09T12:22:00.941+0000] {logging_mixin.py:190} INFO - [2025-03-09T12:22:00.941+0000] {dagbag.py:588} INFO - Filling up the DagBag from /home/airflow/.local/lib/python3.12/site-packages/airflow/example_dags/example_setup_teardown.py
[2025-03-09T12:22:00.954+0000] {processor.py:925} INFO - DAG(s) 'example_setup_teardown' retrieved from /home/airflow/.local/lib/python3.12/site-packages/airflow/example_dags/example_setup_teardown.py
[2025-03-09T12:22:00.983+0000] {logging_mixin.py:190} INFO - [2025-03-09T12:22:00.982+0000] {dag.py:3239} INFO - Sync 1 DAGs
[2025-03-09T12:22:01.020+0000] {logging_mixin.py:190} INFO - [2025-03-09T12:22:01.019+0000] {dag.py:4180} INFO - Setting next_dagrun for example_setup_teardown to None, run_after=None
[2025-03-09T12:22:01.063+0000] {processor.py:208} INFO - Processing /home/airflow/.local/lib/python3.12/site-packages/airflow/example_dags/example_setup_teardown.py took 0.136 seconds
[2025-03-09T12:22:31.402+0000] {processor.py:186} INFO - Started process (PID=15237) to work on /home/airflow/.local/lib/python3.12/site-packages/airflow/example_dags/example_setup_teardown.py
[2025-03-09T12:22:31.405+0000] {processor.py:914} INFO - Processing file /home/airflow/.local/lib/python3.12/site-packages/airflow/example_dags/example_setup_teardown.py for tasks to queue
[2025-03-09T12:22:31.408+0000] {logging_mixin.py:190} INFO - [2025-03-09T12:22:31.407+0000] {dagbag.py:588} INFO - Filling up the DagBag from /home/airflow/.local/lib/python3.12/site-packages/airflow/example_dags/example_setup_teardown.py
[2025-03-09T12:22:31.442+0000] {processor.py:925} INFO - DAG(s) 'example_setup_teardown' retrieved from /home/airflow/.local/lib/python3.12/site-packages/airflow/example_dags/example_setup_teardown.py
[2025-03-09T12:22:31.518+0000] {logging_mixin.py:190} INFO - [2025-03-09T12:22:31.518+0000] {dag.py:3239} INFO - Sync 1 DAGs
[2025-03-09T12:22:31.615+0000] {logging_mixin.py:190} INFO - [2025-03-09T12:22:31.614+0000] {dag.py:4180} INFO - Setting next_dagrun for example_setup_teardown to None, run_after=None
[2025-03-09T12:22:31.723+0000] {processor.py:208} INFO - Processing /home/airflow/.local/lib/python3.12/site-packages/airflow/example_dags/example_setup_teardown.py took 0.344 seconds
[2025-03-09T12:23:02.349+0000] {processor.py:186} INFO - Started process (PID=15302) to work on /home/airflow/.local/lib/python3.12/site-packages/airflow/example_dags/example_setup_teardown.py
[2025-03-09T12:23:02.350+0000] {processor.py:914} INFO - Processing file /home/airflow/.local/lib/python3.12/site-packages/airflow/example_dags/example_setup_teardown.py for tasks to queue
[2025-03-09T12:23:02.353+0000] {logging_mixin.py:190} INFO - [2025-03-09T12:23:02.352+0000] {dagbag.py:588} INFO - Filling up the DagBag from /home/airflow/.local/lib/python3.12/site-packages/airflow/example_dags/example_setup_teardown.py
[2025-03-09T12:23:02.368+0000] {processor.py:925} INFO - DAG(s) 'example_setup_teardown' retrieved from /home/airflow/.local/lib/python3.12/site-packages/airflow/example_dags/example_setup_teardown.py
[2025-03-09T12:23:02.401+0000] {logging_mixin.py:190} INFO - [2025-03-09T12:23:02.401+0000] {dag.py:3239} INFO - Sync 1 DAGs
[2025-03-09T12:23:02.427+0000] {logging_mixin.py:190} INFO - [2025-03-09T12:23:02.426+0000] {dag.py:4180} INFO - Setting next_dagrun for example_setup_teardown to None, run_after=None
[2025-03-09T12:23:02.467+0000] {processor.py:208} INFO - Processing /home/airflow/.local/lib/python3.12/site-packages/airflow/example_dags/example_setup_teardown.py took 0.127 seconds
[2025-03-09T12:23:33.076+0000] {processor.py:186} INFO - Started process (PID=15367) to work on /home/airflow/.local/lib/python3.12/site-packages/airflow/example_dags/example_setup_teardown.py
[2025-03-09T12:23:33.078+0000] {processor.py:914} INFO - Processing file /home/airflow/.local/lib/python3.12/site-packages/airflow/example_dags/example_setup_teardown.py for tasks to queue
[2025-03-09T12:23:33.080+0000] {logging_mixin.py:190} INFO - [2025-03-09T12:23:33.080+0000] {dagbag.py:588} INFO - Filling up the DagBag from /home/airflow/.local/lib/python3.12/site-packages/airflow/example_dags/example_setup_teardown.py
[2025-03-09T12:23:33.094+0000] {processor.py:925} INFO - DAG(s) 'example_setup_teardown' retrieved from /home/airflow/.local/lib/python3.12/site-packages/airflow/example_dags/example_setup_teardown.py
[2025-03-09T12:23:33.131+0000] {logging_mixin.py:190} INFO - [2025-03-09T12:23:33.130+0000] {dag.py:3239} INFO - Sync 1 DAGs
[2025-03-09T12:23:33.153+0000] {logging_mixin.py:190} INFO - [2025-03-09T12:23:33.152+0000] {dag.py:4180} INFO - Setting next_dagrun for example_setup_teardown to None, run_after=None
[2025-03-09T12:23:33.190+0000] {processor.py:208} INFO - Processing /home/airflow/.local/lib/python3.12/site-packages/airflow/example_dags/example_setup_teardown.py took 0.122 seconds
[2025-03-09T12:24:03.455+0000] {processor.py:186} INFO - Started process (PID=15432) to work on /home/airflow/.local/lib/python3.12/site-packages/airflow/example_dags/example_setup_teardown.py
[2025-03-09T12:24:03.457+0000] {processor.py:914} INFO - Processing file /home/airflow/.local/lib/python3.12/site-packages/airflow/example_dags/example_setup_teardown.py for tasks to queue
[2025-03-09T12:24:03.461+0000] {logging_mixin.py:190} INFO - [2025-03-09T12:24:03.460+0000] {dagbag.py:588} INFO - Filling up the DagBag from /home/airflow/.local/lib/python3.12/site-packages/airflow/example_dags/example_setup_teardown.py
[2025-03-09T12:24:03.489+0000] {processor.py:925} INFO - DAG(s) 'example_setup_teardown' retrieved from /home/airflow/.local/lib/python3.12/site-packages/airflow/example_dags/example_setup_teardown.py
[2025-03-09T12:24:03.567+0000] {logging_mixin.py:190} INFO - [2025-03-09T12:24:03.566+0000] {dag.py:3239} INFO - Sync 1 DAGs
[2025-03-09T12:24:03.620+0000] {logging_mixin.py:190} INFO - [2025-03-09T12:24:03.619+0000] {dag.py:4180} INFO - Setting next_dagrun for example_setup_teardown to None, run_after=None
[2025-03-09T12:24:03.671+0000] {processor.py:208} INFO - Processing /home/airflow/.local/lib/python3.12/site-packages/airflow/example_dags/example_setup_teardown.py took 0.230 seconds
[2025-03-09T12:24:33.989+0000] {processor.py:186} INFO - Started process (PID=15498) to work on /home/airflow/.local/lib/python3.12/site-packages/airflow/example_dags/example_setup_teardown.py
[2025-03-09T12:24:33.991+0000] {processor.py:914} INFO - Processing file /home/airflow/.local/lib/python3.12/site-packages/airflow/example_dags/example_setup_teardown.py for tasks to queue
[2025-03-09T12:24:33.994+0000] {logging_mixin.py:190} INFO - [2025-03-09T12:24:33.994+0000] {dagbag.py:588} INFO - Filling up the DagBag from /home/airflow/.local/lib/python3.12/site-packages/airflow/example_dags/example_setup_teardown.py
[2025-03-09T12:24:34.010+0000] {processor.py:925} INFO - DAG(s) 'example_setup_teardown' retrieved from /home/airflow/.local/lib/python3.12/site-packages/airflow/example_dags/example_setup_teardown.py
[2025-03-09T12:24:34.050+0000] {logging_mixin.py:190} INFO - [2025-03-09T12:24:34.050+0000] {dag.py:3239} INFO - Sync 1 DAGs
[2025-03-09T12:24:34.074+0000] {logging_mixin.py:190} INFO - [2025-03-09T12:24:34.073+0000] {dag.py:4180} INFO - Setting next_dagrun for example_setup_teardown to None, run_after=None
[2025-03-09T12:24:34.115+0000] {processor.py:208} INFO - Processing /home/airflow/.local/lib/python3.12/site-packages/airflow/example_dags/example_setup_teardown.py took 0.135 seconds
[2025-03-09T12:25:04.676+0000] {processor.py:186} INFO - Started process (PID=15563) to work on /home/airflow/.local/lib/python3.12/site-packages/airflow/example_dags/example_setup_teardown.py
[2025-03-09T12:25:04.677+0000] {processor.py:914} INFO - Processing file /home/airflow/.local/lib/python3.12/site-packages/airflow/example_dags/example_setup_teardown.py for tasks to queue
[2025-03-09T12:25:04.681+0000] {logging_mixin.py:190} INFO - [2025-03-09T12:25:04.680+0000] {dagbag.py:588} INFO - Filling up the DagBag from /home/airflow/.local/lib/python3.12/site-packages/airflow/example_dags/example_setup_teardown.py
[2025-03-09T12:25:04.702+0000] {processor.py:925} INFO - DAG(s) 'example_setup_teardown' retrieved from /home/airflow/.local/lib/python3.12/site-packages/airflow/example_dags/example_setup_teardown.py
[2025-03-09T12:25:04.743+0000] {logging_mixin.py:190} INFO - [2025-03-09T12:25:04.743+0000] {dag.py:3239} INFO - Sync 1 DAGs
[2025-03-09T12:25:04.774+0000] {logging_mixin.py:190} INFO - [2025-03-09T12:25:04.773+0000] {dag.py:4180} INFO - Setting next_dagrun for example_setup_teardown to None, run_after=None
[2025-03-09T12:25:04.843+0000] {processor.py:208} INFO - Processing /home/airflow/.local/lib/python3.12/site-packages/airflow/example_dags/example_setup_teardown.py took 0.187 seconds
[2025-03-09T12:25:35.258+0000] {processor.py:186} INFO - Started process (PID=15628) to work on /home/airflow/.local/lib/python3.12/site-packages/airflow/example_dags/example_setup_teardown.py
[2025-03-09T12:25:35.260+0000] {processor.py:914} INFO - Processing file /home/airflow/.local/lib/python3.12/site-packages/airflow/example_dags/example_setup_teardown.py for tasks to queue
[2025-03-09T12:25:35.263+0000] {logging_mixin.py:190} INFO - [2025-03-09T12:25:35.263+0000] {dagbag.py:588} INFO - Filling up the DagBag from /home/airflow/.local/lib/python3.12/site-packages/airflow/example_dags/example_setup_teardown.py
[2025-03-09T12:25:35.281+0000] {processor.py:925} INFO - DAG(s) 'example_setup_teardown' retrieved from /home/airflow/.local/lib/python3.12/site-packages/airflow/example_dags/example_setup_teardown.py
[2025-03-09T12:25:35.326+0000] {logging_mixin.py:190} INFO - [2025-03-09T12:25:35.325+0000] {dag.py:3239} INFO - Sync 1 DAGs
[2025-03-09T12:25:35.353+0000] {logging_mixin.py:190} INFO - [2025-03-09T12:25:35.353+0000] {dag.py:4180} INFO - Setting next_dagrun for example_setup_teardown to None, run_after=None
[2025-03-09T12:25:35.403+0000] {processor.py:208} INFO - Processing /home/airflow/.local/lib/python3.12/site-packages/airflow/example_dags/example_setup_teardown.py took 0.157 seconds
[2025-03-09T12:26:05.710+0000] {processor.py:186} INFO - Started process (PID=15693) to work on /home/airflow/.local/lib/python3.12/site-packages/airflow/example_dags/example_setup_teardown.py
[2025-03-09T12:26:05.713+0000] {processor.py:914} INFO - Processing file /home/airflow/.local/lib/python3.12/site-packages/airflow/example_dags/example_setup_teardown.py for tasks to queue
[2025-03-09T12:26:05.716+0000] {logging_mixin.py:190} INFO - [2025-03-09T12:26:05.715+0000] {dagbag.py:588} INFO - Filling up the DagBag from /home/airflow/.local/lib/python3.12/site-packages/airflow/example_dags/example_setup_teardown.py
[2025-03-09T12:26:05.729+0000] {processor.py:925} INFO - DAG(s) 'example_setup_teardown' retrieved from /home/airflow/.local/lib/python3.12/site-packages/airflow/example_dags/example_setup_teardown.py
[2025-03-09T12:26:05.765+0000] {logging_mixin.py:190} INFO - [2025-03-09T12:26:05.764+0000] {dag.py:3239} INFO - Sync 1 DAGs
[2025-03-09T12:26:05.787+0000] {logging_mixin.py:190} INFO - [2025-03-09T12:26:05.787+0000] {dag.py:4180} INFO - Setting next_dagrun for example_setup_teardown to None, run_after=None
[2025-03-09T12:26:05.822+0000] {processor.py:208} INFO - Processing /home/airflow/.local/lib/python3.12/site-packages/airflow/example_dags/example_setup_teardown.py took 0.121 seconds
[2025-03-09T12:26:36.125+0000] {processor.py:186} INFO - Started process (PID=15758) to work on /home/airflow/.local/lib/python3.12/site-packages/airflow/example_dags/example_setup_teardown.py
[2025-03-09T12:26:36.129+0000] {processor.py:914} INFO - Processing file /home/airflow/.local/lib/python3.12/site-packages/airflow/example_dags/example_setup_teardown.py for tasks to queue
[2025-03-09T12:26:36.133+0000] {logging_mixin.py:190} INFO - [2025-03-09T12:26:36.132+0000] {dagbag.py:588} INFO - Filling up the DagBag from /home/airflow/.local/lib/python3.12/site-packages/airflow/example_dags/example_setup_teardown.py
[2025-03-09T12:26:36.156+0000] {processor.py:925} INFO - DAG(s) 'example_setup_teardown' retrieved from /home/airflow/.local/lib/python3.12/site-packages/airflow/example_dags/example_setup_teardown.py
[2025-03-09T12:26:36.204+0000] {logging_mixin.py:190} INFO - [2025-03-09T12:26:36.204+0000] {dag.py:3239} INFO - Sync 1 DAGs
[2025-03-09T12:26:36.231+0000] {logging_mixin.py:190} INFO - [2025-03-09T12:26:36.230+0000] {dag.py:4180} INFO - Setting next_dagrun for example_setup_teardown to None, run_after=None
[2025-03-09T12:26:36.270+0000] {processor.py:208} INFO - Processing /home/airflow/.local/lib/python3.12/site-packages/airflow/example_dags/example_setup_teardown.py took 0.164 seconds
[2025-03-09T12:27:06.617+0000] {processor.py:186} INFO - Started process (PID=15823) to work on /home/airflow/.local/lib/python3.12/site-packages/airflow/example_dags/example_setup_teardown.py
[2025-03-09T12:27:06.620+0000] {processor.py:914} INFO - Processing file /home/airflow/.local/lib/python3.12/site-packages/airflow/example_dags/example_setup_teardown.py for tasks to queue
[2025-03-09T12:27:06.624+0000] {logging_mixin.py:190} INFO - [2025-03-09T12:27:06.623+0000] {dagbag.py:588} INFO - Filling up the DagBag from /home/airflow/.local/lib/python3.12/site-packages/airflow/example_dags/example_setup_teardown.py
[2025-03-09T12:27:06.683+0000] {processor.py:925} INFO - DAG(s) 'example_setup_teardown' retrieved from /home/airflow/.local/lib/python3.12/site-packages/airflow/example_dags/example_setup_teardown.py
[2025-03-09T12:27:06.787+0000] {logging_mixin.py:190} INFO - [2025-03-09T12:27:06.786+0000] {dag.py:3239} INFO - Sync 1 DAGs
[2025-03-09T12:27:06.887+0000] {logging_mixin.py:190} INFO - [2025-03-09T12:27:06.886+0000] {dag.py:4180} INFO - Setting next_dagrun for example_setup_teardown to None, run_after=None
[2025-03-09T12:27:06.986+0000] {processor.py:208} INFO - Processing /home/airflow/.local/lib/python3.12/site-packages/airflow/example_dags/example_setup_teardown.py took 0.389 seconds
[2025-03-09T12:27:37.169+0000] {processor.py:186} INFO - Started process (PID=15888) to work on /home/airflow/.local/lib/python3.12/site-packages/airflow/example_dags/example_setup_teardown.py
[2025-03-09T12:27:37.170+0000] {processor.py:914} INFO - Processing file /home/airflow/.local/lib/python3.12/site-packages/airflow/example_dags/example_setup_teardown.py for tasks to queue
[2025-03-09T12:27:37.174+0000] {logging_mixin.py:190} INFO - [2025-03-09T12:27:37.173+0000] {dagbag.py:588} INFO - Filling up the DagBag from /home/airflow/.local/lib/python3.12/site-packages/airflow/example_dags/example_setup_teardown.py
[2025-03-09T12:27:37.204+0000] {processor.py:925} INFO - DAG(s) 'example_setup_teardown' retrieved from /home/airflow/.local/lib/python3.12/site-packages/airflow/example_dags/example_setup_teardown.py
[2025-03-09T12:27:37.256+0000] {logging_mixin.py:190} INFO - [2025-03-09T12:27:37.256+0000] {dag.py:3239} INFO - Sync 1 DAGs
[2025-03-09T12:27:37.285+0000] {logging_mixin.py:190} INFO - [2025-03-09T12:27:37.284+0000] {dag.py:4180} INFO - Setting next_dagrun for example_setup_teardown to None, run_after=None
[2025-03-09T12:27:37.350+0000] {processor.py:208} INFO - Processing /home/airflow/.local/lib/python3.12/site-packages/airflow/example_dags/example_setup_teardown.py took 0.192 seconds
[2025-03-09T12:28:07.809+0000] {processor.py:186} INFO - Started process (PID=15953) to work on /home/airflow/.local/lib/python3.12/site-packages/airflow/example_dags/example_setup_teardown.py
[2025-03-09T12:28:07.811+0000] {processor.py:914} INFO - Processing file /home/airflow/.local/lib/python3.12/site-packages/airflow/example_dags/example_setup_teardown.py for tasks to queue
[2025-03-09T12:28:07.814+0000] {logging_mixin.py:190} INFO - [2025-03-09T12:28:07.813+0000] {dagbag.py:588} INFO - Filling up the DagBag from /home/airflow/.local/lib/python3.12/site-packages/airflow/example_dags/example_setup_teardown.py
[2025-03-09T12:28:07.832+0000] {processor.py:925} INFO - DAG(s) 'example_setup_teardown' retrieved from /home/airflow/.local/lib/python3.12/site-packages/airflow/example_dags/example_setup_teardown.py
[2025-03-09T12:28:07.873+0000] {logging_mixin.py:190} INFO - [2025-03-09T12:28:07.873+0000] {dag.py:3239} INFO - Sync 1 DAGs
[2025-03-09T12:28:07.909+0000] {logging_mixin.py:190} INFO - [2025-03-09T12:28:07.909+0000] {dag.py:4180} INFO - Setting next_dagrun for example_setup_teardown to None, run_after=None
[2025-03-09T12:28:07.943+0000] {processor.py:208} INFO - Processing /home/airflow/.local/lib/python3.12/site-packages/airflow/example_dags/example_setup_teardown.py took 0.151 seconds
[2025-03-09T12:28:38.519+0000] {processor.py:186} INFO - Started process (PID=16017) to work on /home/airflow/.local/lib/python3.12/site-packages/airflow/example_dags/example_setup_teardown.py
[2025-03-09T12:28:38.521+0000] {processor.py:914} INFO - Processing file /home/airflow/.local/lib/python3.12/site-packages/airflow/example_dags/example_setup_teardown.py for tasks to queue
[2025-03-09T12:28:38.524+0000] {logging_mixin.py:190} INFO - [2025-03-09T12:28:38.523+0000] {dagbag.py:588} INFO - Filling up the DagBag from /home/airflow/.local/lib/python3.12/site-packages/airflow/example_dags/example_setup_teardown.py
[2025-03-09T12:28:38.539+0000] {processor.py:925} INFO - DAG(s) 'example_setup_teardown' retrieved from /home/airflow/.local/lib/python3.12/site-packages/airflow/example_dags/example_setup_teardown.py
[2025-03-09T12:28:38.571+0000] {logging_mixin.py:190} INFO - [2025-03-09T12:28:38.571+0000] {dag.py:3239} INFO - Sync 1 DAGs
[2025-03-09T12:28:38.598+0000] {logging_mixin.py:190} INFO - [2025-03-09T12:28:38.597+0000] {dag.py:4180} INFO - Setting next_dagrun for example_setup_teardown to None, run_after=None
[2025-03-09T12:28:38.634+0000] {processor.py:208} INFO - Processing /home/airflow/.local/lib/python3.12/site-packages/airflow/example_dags/example_setup_teardown.py took 0.123 seconds
[2025-03-09T12:29:08.970+0000] {processor.py:186} INFO - Started process (PID=16082) to work on /home/airflow/.local/lib/python3.12/site-packages/airflow/example_dags/example_setup_teardown.py
[2025-03-09T12:29:08.972+0000] {processor.py:914} INFO - Processing file /home/airflow/.local/lib/python3.12/site-packages/airflow/example_dags/example_setup_teardown.py for tasks to queue
[2025-03-09T12:29:08.977+0000] {logging_mixin.py:190} INFO - [2025-03-09T12:29:08.976+0000] {dagbag.py:588} INFO - Filling up the DagBag from /home/airflow/.local/lib/python3.12/site-packages/airflow/example_dags/example_setup_teardown.py
[2025-03-09T12:29:08.993+0000] {processor.py:925} INFO - DAG(s) 'example_setup_teardown' retrieved from /home/airflow/.local/lib/python3.12/site-packages/airflow/example_dags/example_setup_teardown.py
[2025-03-09T12:29:09.030+0000] {logging_mixin.py:190} INFO - [2025-03-09T12:29:09.029+0000] {dag.py:3239} INFO - Sync 1 DAGs
[2025-03-09T12:29:09.054+0000] {logging_mixin.py:190} INFO - [2025-03-09T12:29:09.053+0000] {dag.py:4180} INFO - Setting next_dagrun for example_setup_teardown to None, run_after=None
[2025-03-09T12:29:09.094+0000] {processor.py:208} INFO - Processing /home/airflow/.local/lib/python3.12/site-packages/airflow/example_dags/example_setup_teardown.py took 0.138 seconds
[2025-03-09T12:29:39.534+0000] {processor.py:186} INFO - Started process (PID=16146) to work on /home/airflow/.local/lib/python3.12/site-packages/airflow/example_dags/example_setup_teardown.py
[2025-03-09T12:29:39.536+0000] {processor.py:914} INFO - Processing file /home/airflow/.local/lib/python3.12/site-packages/airflow/example_dags/example_setup_teardown.py for tasks to queue
[2025-03-09T12:29:39.539+0000] {logging_mixin.py:190} INFO - [2025-03-09T12:29:39.538+0000] {dagbag.py:588} INFO - Filling up the DagBag from /home/airflow/.local/lib/python3.12/site-packages/airflow/example_dags/example_setup_teardown.py
[2025-03-09T12:29:39.555+0000] {processor.py:925} INFO - DAG(s) 'example_setup_teardown' retrieved from /home/airflow/.local/lib/python3.12/site-packages/airflow/example_dags/example_setup_teardown.py
[2025-03-09T12:29:39.593+0000] {logging_mixin.py:190} INFO - [2025-03-09T12:29:39.592+0000] {dag.py:3239} INFO - Sync 1 DAGs
[2025-03-09T12:29:39.616+0000] {logging_mixin.py:190} INFO - [2025-03-09T12:29:39.616+0000] {dag.py:4180} INFO - Setting next_dagrun for example_setup_teardown to None, run_after=None
[2025-03-09T12:29:39.651+0000] {processor.py:208} INFO - Processing /home/airflow/.local/lib/python3.12/site-packages/airflow/example_dags/example_setup_teardown.py took 0.127 seconds
[2025-03-09T12:30:10.183+0000] {processor.py:186} INFO - Started process (PID=16211) to work on /home/airflow/.local/lib/python3.12/site-packages/airflow/example_dags/example_setup_teardown.py
[2025-03-09T12:30:10.185+0000] {processor.py:914} INFO - Processing file /home/airflow/.local/lib/python3.12/site-packages/airflow/example_dags/example_setup_teardown.py for tasks to queue
[2025-03-09T12:30:10.188+0000] {logging_mixin.py:190} INFO - [2025-03-09T12:30:10.187+0000] {dagbag.py:588} INFO - Filling up the DagBag from /home/airflow/.local/lib/python3.12/site-packages/airflow/example_dags/example_setup_teardown.py
[2025-03-09T12:30:10.206+0000] {processor.py:925} INFO - DAG(s) 'example_setup_teardown' retrieved from /home/airflow/.local/lib/python3.12/site-packages/airflow/example_dags/example_setup_teardown.py
[2025-03-09T12:30:10.243+0000] {logging_mixin.py:190} INFO - [2025-03-09T12:30:10.242+0000] {dag.py:3239} INFO - Sync 1 DAGs
[2025-03-09T12:30:10.267+0000] {logging_mixin.py:190} INFO - [2025-03-09T12:30:10.267+0000] {dag.py:4180} INFO - Setting next_dagrun for example_setup_teardown to None, run_after=None
[2025-03-09T12:30:10.302+0000] {processor.py:208} INFO - Processing /home/airflow/.local/lib/python3.12/site-packages/airflow/example_dags/example_setup_teardown.py took 0.130 seconds
[2025-03-09T12:30:40.527+0000] {processor.py:186} INFO - Started process (PID=16276) to work on /home/airflow/.local/lib/python3.12/site-packages/airflow/example_dags/example_setup_teardown.py
[2025-03-09T12:30:40.529+0000] {processor.py:914} INFO - Processing file /home/airflow/.local/lib/python3.12/site-packages/airflow/example_dags/example_setup_teardown.py for tasks to queue
[2025-03-09T12:30:40.531+0000] {logging_mixin.py:190} INFO - [2025-03-09T12:30:40.531+0000] {dagbag.py:588} INFO - Filling up the DagBag from /home/airflow/.local/lib/python3.12/site-packages/airflow/example_dags/example_setup_teardown.py
[2025-03-09T12:30:40.545+0000] {processor.py:925} INFO - DAG(s) 'example_setup_teardown' retrieved from /home/airflow/.local/lib/python3.12/site-packages/airflow/example_dags/example_setup_teardown.py
[2025-03-09T12:30:40.581+0000] {logging_mixin.py:190} INFO - [2025-03-09T12:30:40.581+0000] {dag.py:3239} INFO - Sync 1 DAGs
[2025-03-09T12:30:40.602+0000] {logging_mixin.py:190} INFO - [2025-03-09T12:30:40.602+0000] {dag.py:4180} INFO - Setting next_dagrun for example_setup_teardown to None, run_after=None
[2025-03-09T12:30:40.634+0000] {processor.py:208} INFO - Processing /home/airflow/.local/lib/python3.12/site-packages/airflow/example_dags/example_setup_teardown.py took 0.114 seconds
[2025-03-09T12:31:11.428+0000] {processor.py:186} INFO - Started process (PID=16339) to work on /home/airflow/.local/lib/python3.12/site-packages/airflow/example_dags/example_setup_teardown.py
[2025-03-09T12:31:11.429+0000] {processor.py:914} INFO - Processing file /home/airflow/.local/lib/python3.12/site-packages/airflow/example_dags/example_setup_teardown.py for tasks to queue
[2025-03-09T12:31:11.432+0000] {logging_mixin.py:190} INFO - [2025-03-09T12:31:11.431+0000] {dagbag.py:588} INFO - Filling up the DagBag from /home/airflow/.local/lib/python3.12/site-packages/airflow/example_dags/example_setup_teardown.py
[2025-03-09T12:31:11.459+0000] {processor.py:925} INFO - DAG(s) 'example_setup_teardown' retrieved from /home/airflow/.local/lib/python3.12/site-packages/airflow/example_dags/example_setup_teardown.py
[2025-03-09T12:31:11.491+0000] {logging_mixin.py:190} INFO - [2025-03-09T12:31:11.490+0000] {dag.py:3239} INFO - Sync 1 DAGs
[2025-03-09T12:31:11.528+0000] {logging_mixin.py:190} INFO - [2025-03-09T12:31:11.527+0000] {dag.py:4180} INFO - Setting next_dagrun for example_setup_teardown to None, run_after=None
[2025-03-09T12:31:11.572+0000] {processor.py:208} INFO - Processing /home/airflow/.local/lib/python3.12/site-packages/airflow/example_dags/example_setup_teardown.py took 0.152 seconds
[2025-03-09T12:31:43.220+0000] {processor.py:186} INFO - Started process (PID=16404) to work on /home/airflow/.local/lib/python3.12/site-packages/airflow/example_dags/example_setup_teardown.py
[2025-03-09T12:31:43.222+0000] {processor.py:914} INFO - Processing file /home/airflow/.local/lib/python3.12/site-packages/airflow/example_dags/example_setup_teardown.py for tasks to queue
[2025-03-09T12:31:43.225+0000] {logging_mixin.py:190} INFO - [2025-03-09T12:31:43.224+0000] {dagbag.py:588} INFO - Filling up the DagBag from /home/airflow/.local/lib/python3.12/site-packages/airflow/example_dags/example_setup_teardown.py
[2025-03-09T12:31:43.242+0000] {processor.py:925} INFO - DAG(s) 'example_setup_teardown' retrieved from /home/airflow/.local/lib/python3.12/site-packages/airflow/example_dags/example_setup_teardown.py
[2025-03-09T12:31:43.286+0000] {logging_mixin.py:190} INFO - [2025-03-09T12:31:43.285+0000] {dag.py:3239} INFO - Sync 1 DAGs
[2025-03-09T12:31:43.310+0000] {logging_mixin.py:190} INFO - [2025-03-09T12:31:43.310+0000] {dag.py:4180} INFO - Setting next_dagrun for example_setup_teardown to None, run_after=None
[2025-03-09T12:31:43.350+0000] {processor.py:208} INFO - Processing /home/airflow/.local/lib/python3.12/site-packages/airflow/example_dags/example_setup_teardown.py took 0.138 seconds
[2025-03-09T12:32:14.990+0000] {processor.py:186} INFO - Started process (PID=16469) to work on /home/airflow/.local/lib/python3.12/site-packages/airflow/example_dags/example_setup_teardown.py
[2025-03-09T12:32:14.992+0000] {processor.py:914} INFO - Processing file /home/airflow/.local/lib/python3.12/site-packages/airflow/example_dags/example_setup_teardown.py for tasks to queue
[2025-03-09T12:32:14.995+0000] {logging_mixin.py:190} INFO - [2025-03-09T12:32:14.994+0000] {dagbag.py:588} INFO - Filling up the DagBag from /home/airflow/.local/lib/python3.12/site-packages/airflow/example_dags/example_setup_teardown.py
[2025-03-09T12:32:15.016+0000] {processor.py:925} INFO - DAG(s) 'example_setup_teardown' retrieved from /home/airflow/.local/lib/python3.12/site-packages/airflow/example_dags/example_setup_teardown.py
[2025-03-09T12:32:15.046+0000] {logging_mixin.py:190} INFO - [2025-03-09T12:32:15.046+0000] {dag.py:3239} INFO - Sync 1 DAGs
[2025-03-09T12:32:15.068+0000] {logging_mixin.py:190} INFO - [2025-03-09T12:32:15.068+0000] {dag.py:4180} INFO - Setting next_dagrun for example_setup_teardown to None, run_after=None
[2025-03-09T12:32:15.098+0000] {processor.py:208} INFO - Processing /home/airflow/.local/lib/python3.12/site-packages/airflow/example_dags/example_setup_teardown.py took 0.118 seconds
[2025-03-09T12:32:47.365+0000] {processor.py:186} INFO - Started process (PID=16536) to work on /home/airflow/.local/lib/python3.12/site-packages/airflow/example_dags/example_setup_teardown.py
[2025-03-09T12:32:47.367+0000] {processor.py:914} INFO - Processing file /home/airflow/.local/lib/python3.12/site-packages/airflow/example_dags/example_setup_teardown.py for tasks to queue
[2025-03-09T12:32:47.370+0000] {logging_mixin.py:190} INFO - [2025-03-09T12:32:47.369+0000] {dagbag.py:588} INFO - Filling up the DagBag from /home/airflow/.local/lib/python3.12/site-packages/airflow/example_dags/example_setup_teardown.py
[2025-03-09T12:32:47.386+0000] {processor.py:925} INFO - DAG(s) 'example_setup_teardown' retrieved from /home/airflow/.local/lib/python3.12/site-packages/airflow/example_dags/example_setup_teardown.py
[2025-03-09T12:32:47.417+0000] {logging_mixin.py:190} INFO - [2025-03-09T12:32:47.417+0000] {dag.py:3239} INFO - Sync 1 DAGs
[2025-03-09T12:32:47.441+0000] {logging_mixin.py:190} INFO - [2025-03-09T12:32:47.441+0000] {dag.py:4180} INFO - Setting next_dagrun for example_setup_teardown to None, run_after=None
[2025-03-09T12:32:47.483+0000] {processor.py:208} INFO - Processing /home/airflow/.local/lib/python3.12/site-packages/airflow/example_dags/example_setup_teardown.py took 0.126 seconds
[2025-03-09T12:33:19.386+0000] {processor.py:186} INFO - Started process (PID=16601) to work on /home/airflow/.local/lib/python3.12/site-packages/airflow/example_dags/example_setup_teardown.py
[2025-03-09T12:33:19.387+0000] {processor.py:914} INFO - Processing file /home/airflow/.local/lib/python3.12/site-packages/airflow/example_dags/example_setup_teardown.py for tasks to queue
[2025-03-09T12:33:19.390+0000] {logging_mixin.py:190} INFO - [2025-03-09T12:33:19.389+0000] {dagbag.py:588} INFO - Filling up the DagBag from /home/airflow/.local/lib/python3.12/site-packages/airflow/example_dags/example_setup_teardown.py
[2025-03-09T12:33:19.403+0000] {processor.py:925} INFO - DAG(s) 'example_setup_teardown' retrieved from /home/airflow/.local/lib/python3.12/site-packages/airflow/example_dags/example_setup_teardown.py
[2025-03-09T12:33:19.435+0000] {logging_mixin.py:190} INFO - [2025-03-09T12:33:19.435+0000] {dag.py:3239} INFO - Sync 1 DAGs
[2025-03-09T12:33:19.459+0000] {logging_mixin.py:190} INFO - [2025-03-09T12:33:19.458+0000] {dag.py:4180} INFO - Setting next_dagrun for example_setup_teardown to None, run_after=None
[2025-03-09T12:33:19.497+0000] {processor.py:208} INFO - Processing /home/airflow/.local/lib/python3.12/site-packages/airflow/example_dags/example_setup_teardown.py took 0.119 seconds
[2025-03-09T12:33:52.765+0000] {processor.py:186} INFO - Started process (PID=16666) to work on /home/airflow/.local/lib/python3.12/site-packages/airflow/example_dags/example_setup_teardown.py
[2025-03-09T12:33:52.768+0000] {processor.py:914} INFO - Processing file /home/airflow/.local/lib/python3.12/site-packages/airflow/example_dags/example_setup_teardown.py for tasks to queue
[2025-03-09T12:33:52.776+0000] {logging_mixin.py:190} INFO - [2025-03-09T12:33:52.772+0000] {dagbag.py:588} INFO - Filling up the DagBag from /home/airflow/.local/lib/python3.12/site-packages/airflow/example_dags/example_setup_teardown.py
[2025-03-09T12:33:52.812+0000] {processor.py:925} INFO - DAG(s) 'example_setup_teardown' retrieved from /home/airflow/.local/lib/python3.12/site-packages/airflow/example_dags/example_setup_teardown.py
[2025-03-09T12:33:52.862+0000] {logging_mixin.py:190} INFO - [2025-03-09T12:33:52.862+0000] {dag.py:3239} INFO - Sync 1 DAGs
[2025-03-09T12:33:53.232+0000] {logging_mixin.py:190} INFO - [2025-03-09T12:33:53.232+0000] {dag.py:4180} INFO - Setting next_dagrun for example_setup_teardown to None, run_after=None
[2025-03-09T12:33:53.266+0000] {processor.py:208} INFO - Processing /home/airflow/.local/lib/python3.12/site-packages/airflow/example_dags/example_setup_teardown.py took 0.520 seconds
[2025-03-09T12:34:24.394+0000] {processor.py:186} INFO - Started process (PID=16731) to work on /home/airflow/.local/lib/python3.12/site-packages/airflow/example_dags/example_setup_teardown.py
[2025-03-09T12:34:24.396+0000] {processor.py:914} INFO - Processing file /home/airflow/.local/lib/python3.12/site-packages/airflow/example_dags/example_setup_teardown.py for tasks to queue
[2025-03-09T12:34:24.400+0000] {logging_mixin.py:190} INFO - [2025-03-09T12:34:24.399+0000] {dagbag.py:588} INFO - Filling up the DagBag from /home/airflow/.local/lib/python3.12/site-packages/airflow/example_dags/example_setup_teardown.py
[2025-03-09T12:34:24.417+0000] {processor.py:925} INFO - DAG(s) 'example_setup_teardown' retrieved from /home/airflow/.local/lib/python3.12/site-packages/airflow/example_dags/example_setup_teardown.py
[2025-03-09T12:34:24.477+0000] {logging_mixin.py:190} INFO - [2025-03-09T12:34:24.476+0000] {dag.py:3239} INFO - Sync 1 DAGs
[2025-03-09T12:34:24.547+0000] {logging_mixin.py:190} INFO - [2025-03-09T12:34:24.546+0000] {dag.py:4180} INFO - Setting next_dagrun for example_setup_teardown to None, run_after=None
[2025-03-09T12:34:24.925+0000] {processor.py:208} INFO - Processing /home/airflow/.local/lib/python3.12/site-packages/airflow/example_dags/example_setup_teardown.py took 0.543 seconds
[2025-03-09T12:34:55.408+0000] {processor.py:186} INFO - Started process (PID=16796) to work on /home/airflow/.local/lib/python3.12/site-packages/airflow/example_dags/example_setup_teardown.py
[2025-03-09T12:34:55.410+0000] {processor.py:914} INFO - Processing file /home/airflow/.local/lib/python3.12/site-packages/airflow/example_dags/example_setup_teardown.py for tasks to queue
[2025-03-09T12:34:55.413+0000] {logging_mixin.py:190} INFO - [2025-03-09T12:34:55.412+0000] {dagbag.py:588} INFO - Filling up the DagBag from /home/airflow/.local/lib/python3.12/site-packages/airflow/example_dags/example_setup_teardown.py
[2025-03-09T12:34:55.430+0000] {processor.py:925} INFO - DAG(s) 'example_setup_teardown' retrieved from /home/airflow/.local/lib/python3.12/site-packages/airflow/example_dags/example_setup_teardown.py
[2025-03-09T12:34:55.464+0000] {logging_mixin.py:190} INFO - [2025-03-09T12:34:55.463+0000] {dag.py:3239} INFO - Sync 1 DAGs
[2025-03-09T12:34:55.488+0000] {logging_mixin.py:190} INFO - [2025-03-09T12:34:55.488+0000] {dag.py:4180} INFO - Setting next_dagrun for example_setup_teardown to None, run_after=None
[2025-03-09T12:34:55.761+0000] {processor.py:208} INFO - Processing /home/airflow/.local/lib/python3.12/site-packages/airflow/example_dags/example_setup_teardown.py took 0.365 seconds
[2025-03-09T12:35:26.542+0000] {processor.py:186} INFO - Started process (PID=16863) to work on /home/airflow/.local/lib/python3.12/site-packages/airflow/example_dags/example_setup_teardown.py
[2025-03-09T12:35:26.544+0000] {processor.py:914} INFO - Processing file /home/airflow/.local/lib/python3.12/site-packages/airflow/example_dags/example_setup_teardown.py for tasks to queue
[2025-03-09T12:35:26.546+0000] {logging_mixin.py:190} INFO - [2025-03-09T12:35:26.546+0000] {dagbag.py:588} INFO - Filling up the DagBag from /home/airflow/.local/lib/python3.12/site-packages/airflow/example_dags/example_setup_teardown.py
[2025-03-09T12:35:26.560+0000] {processor.py:925} INFO - DAG(s) 'example_setup_teardown' retrieved from /home/airflow/.local/lib/python3.12/site-packages/airflow/example_dags/example_setup_teardown.py
[2025-03-09T12:35:26.596+0000] {logging_mixin.py:190} INFO - [2025-03-09T12:35:26.596+0000] {dag.py:3239} INFO - Sync 1 DAGs
[2025-03-09T12:35:26.632+0000] {logging_mixin.py:190} INFO - [2025-03-09T12:35:26.630+0000] {dag.py:4180} INFO - Setting next_dagrun for example_setup_teardown to None, run_after=None
[2025-03-09T12:35:26.682+0000] {processor.py:208} INFO - Processing /home/airflow/.local/lib/python3.12/site-packages/airflow/example_dags/example_setup_teardown.py took 0.148 seconds
[2025-03-09T12:35:56.839+0000] {processor.py:186} INFO - Started process (PID=16927) to work on /home/airflow/.local/lib/python3.12/site-packages/airflow/example_dags/example_setup_teardown.py
[2025-03-09T12:35:56.841+0000] {processor.py:914} INFO - Processing file /home/airflow/.local/lib/python3.12/site-packages/airflow/example_dags/example_setup_teardown.py for tasks to queue
[2025-03-09T12:35:56.843+0000] {logging_mixin.py:190} INFO - [2025-03-09T12:35:56.842+0000] {dagbag.py:588} INFO - Filling up the DagBag from /home/airflow/.local/lib/python3.12/site-packages/airflow/example_dags/example_setup_teardown.py
[2025-03-09T12:35:56.857+0000] {processor.py:925} INFO - DAG(s) 'example_setup_teardown' retrieved from /home/airflow/.local/lib/python3.12/site-packages/airflow/example_dags/example_setup_teardown.py
[2025-03-09T12:35:56.887+0000] {logging_mixin.py:190} INFO - [2025-03-09T12:35:56.886+0000] {dag.py:3239} INFO - Sync 1 DAGs
[2025-03-09T12:35:56.908+0000] {logging_mixin.py:190} INFO - [2025-03-09T12:35:56.908+0000] {dag.py:4180} INFO - Setting next_dagrun for example_setup_teardown to None, run_after=None
[2025-03-09T12:35:56.949+0000] {processor.py:208} INFO - Processing /home/airflow/.local/lib/python3.12/site-packages/airflow/example_dags/example_setup_teardown.py took 0.118 seconds
[2025-03-09T12:36:27.902+0000] {processor.py:186} INFO - Started process (PID=16999) to work on /home/airflow/.local/lib/python3.12/site-packages/airflow/example_dags/example_setup_teardown.py
[2025-03-09T12:36:27.905+0000] {processor.py:914} INFO - Processing file /home/airflow/.local/lib/python3.12/site-packages/airflow/example_dags/example_setup_teardown.py for tasks to queue
[2025-03-09T12:36:27.908+0000] {logging_mixin.py:190} INFO - [2025-03-09T12:36:27.907+0000] {dagbag.py:588} INFO - Filling up the DagBag from /home/airflow/.local/lib/python3.12/site-packages/airflow/example_dags/example_setup_teardown.py
[2025-03-09T12:36:27.926+0000] {processor.py:925} INFO - DAG(s) 'example_setup_teardown' retrieved from /home/airflow/.local/lib/python3.12/site-packages/airflow/example_dags/example_setup_teardown.py
[2025-03-09T12:36:27.972+0000] {logging_mixin.py:190} INFO - [2025-03-09T12:36:27.971+0000] {dag.py:3239} INFO - Sync 1 DAGs
[2025-03-09T12:36:28.007+0000] {logging_mixin.py:190} INFO - [2025-03-09T12:36:28.006+0000] {dag.py:4180} INFO - Setting next_dagrun for example_setup_teardown to None, run_after=None
[2025-03-09T12:36:28.051+0000] {processor.py:208} INFO - Processing /home/airflow/.local/lib/python3.12/site-packages/airflow/example_dags/example_setup_teardown.py took 0.160 seconds
[2025-03-09T12:36:58.168+0000] {processor.py:186} INFO - Started process (PID=17063) to work on /home/airflow/.local/lib/python3.12/site-packages/airflow/example_dags/example_setup_teardown.py
[2025-03-09T12:36:58.171+0000] {processor.py:914} INFO - Processing file /home/airflow/.local/lib/python3.12/site-packages/airflow/example_dags/example_setup_teardown.py for tasks to queue
[2025-03-09T12:36:58.174+0000] {logging_mixin.py:190} INFO - [2025-03-09T12:36:58.173+0000] {dagbag.py:588} INFO - Filling up the DagBag from /home/airflow/.local/lib/python3.12/site-packages/airflow/example_dags/example_setup_teardown.py
[2025-03-09T12:36:58.189+0000] {processor.py:925} INFO - DAG(s) 'example_setup_teardown' retrieved from /home/airflow/.local/lib/python3.12/site-packages/airflow/example_dags/example_setup_teardown.py
[2025-03-09T12:36:58.225+0000] {logging_mixin.py:190} INFO - [2025-03-09T12:36:58.224+0000] {dag.py:3239} INFO - Sync 1 DAGs
[2025-03-09T12:36:58.246+0000] {logging_mixin.py:190} INFO - [2025-03-09T12:36:58.245+0000] {dag.py:4180} INFO - Setting next_dagrun for example_setup_teardown to None, run_after=None
[2025-03-09T12:36:58.294+0000] {processor.py:208} INFO - Processing /home/airflow/.local/lib/python3.12/site-packages/airflow/example_dags/example_setup_teardown.py took 0.138 seconds
[2025-03-09T12:37:28.453+0000] {processor.py:186} INFO - Started process (PID=17129) to work on /home/airflow/.local/lib/python3.12/site-packages/airflow/example_dags/example_setup_teardown.py
[2025-03-09T12:37:28.455+0000] {processor.py:914} INFO - Processing file /home/airflow/.local/lib/python3.12/site-packages/airflow/example_dags/example_setup_teardown.py for tasks to queue
[2025-03-09T12:37:28.458+0000] {logging_mixin.py:190} INFO - [2025-03-09T12:37:28.457+0000] {dagbag.py:588} INFO - Filling up the DagBag from /home/airflow/.local/lib/python3.12/site-packages/airflow/example_dags/example_setup_teardown.py
[2025-03-09T12:37:28.471+0000] {processor.py:925} INFO - DAG(s) 'example_setup_teardown' retrieved from /home/airflow/.local/lib/python3.12/site-packages/airflow/example_dags/example_setup_teardown.py
[2025-03-09T12:37:28.503+0000] {logging_mixin.py:190} INFO - [2025-03-09T12:37:28.502+0000] {dag.py:3239} INFO - Sync 1 DAGs
[2025-03-09T12:37:28.525+0000] {logging_mixin.py:190} INFO - [2025-03-09T12:37:28.525+0000] {dag.py:4180} INFO - Setting next_dagrun for example_setup_teardown to None, run_after=None
[2025-03-09T12:37:28.562+0000] {processor.py:208} INFO - Processing /home/airflow/.local/lib/python3.12/site-packages/airflow/example_dags/example_setup_teardown.py took 0.117 seconds
[2025-03-09T12:37:58.760+0000] {processor.py:186} INFO - Started process (PID=17194) to work on /home/airflow/.local/lib/python3.12/site-packages/airflow/example_dags/example_setup_teardown.py
[2025-03-09T12:37:58.762+0000] {processor.py:914} INFO - Processing file /home/airflow/.local/lib/python3.12/site-packages/airflow/example_dags/example_setup_teardown.py for tasks to queue
[2025-03-09T12:37:58.765+0000] {logging_mixin.py:190} INFO - [2025-03-09T12:37:58.764+0000] {dagbag.py:588} INFO - Filling up the DagBag from /home/airflow/.local/lib/python3.12/site-packages/airflow/example_dags/example_setup_teardown.py
[2025-03-09T12:37:58.780+0000] {processor.py:925} INFO - DAG(s) 'example_setup_teardown' retrieved from /home/airflow/.local/lib/python3.12/site-packages/airflow/example_dags/example_setup_teardown.py
[2025-03-09T12:37:58.810+0000] {logging_mixin.py:190} INFO - [2025-03-09T12:37:58.810+0000] {dag.py:3239} INFO - Sync 1 DAGs
[2025-03-09T12:37:58.834+0000] {logging_mixin.py:190} INFO - [2025-03-09T12:37:58.833+0000] {dag.py:4180} INFO - Setting next_dagrun for example_setup_teardown to None, run_after=None
[2025-03-09T12:37:58.878+0000] {processor.py:208} INFO - Processing /home/airflow/.local/lib/python3.12/site-packages/airflow/example_dags/example_setup_teardown.py took 0.127 seconds
[2025-03-09T12:38:28.990+0000] {processor.py:186} INFO - Started process (PID=17259) to work on /home/airflow/.local/lib/python3.12/site-packages/airflow/example_dags/example_setup_teardown.py
[2025-03-09T12:38:28.991+0000] {processor.py:914} INFO - Processing file /home/airflow/.local/lib/python3.12/site-packages/airflow/example_dags/example_setup_teardown.py for tasks to queue
[2025-03-09T12:38:28.994+0000] {logging_mixin.py:190} INFO - [2025-03-09T12:38:28.993+0000] {dagbag.py:588} INFO - Filling up the DagBag from /home/airflow/.local/lib/python3.12/site-packages/airflow/example_dags/example_setup_teardown.py
[2025-03-09T12:38:29.006+0000] {processor.py:925} INFO - DAG(s) 'example_setup_teardown' retrieved from /home/airflow/.local/lib/python3.12/site-packages/airflow/example_dags/example_setup_teardown.py
[2025-03-09T12:38:29.036+0000] {logging_mixin.py:190} INFO - [2025-03-09T12:38:29.035+0000] {dag.py:3239} INFO - Sync 1 DAGs
[2025-03-09T12:38:29.057+0000] {logging_mixin.py:190} INFO - [2025-03-09T12:38:29.056+0000] {dag.py:4180} INFO - Setting next_dagrun for example_setup_teardown to None, run_after=None
[2025-03-09T12:38:29.088+0000] {processor.py:208} INFO - Processing /home/airflow/.local/lib/python3.12/site-packages/airflow/example_dags/example_setup_teardown.py took 0.106 seconds
[2025-03-09T12:38:59.679+0000] {processor.py:186} INFO - Started process (PID=17324) to work on /home/airflow/.local/lib/python3.12/site-packages/airflow/example_dags/example_setup_teardown.py
[2025-03-09T12:38:59.681+0000] {processor.py:914} INFO - Processing file /home/airflow/.local/lib/python3.12/site-packages/airflow/example_dags/example_setup_teardown.py for tasks to queue
[2025-03-09T12:38:59.684+0000] {logging_mixin.py:190} INFO - [2025-03-09T12:38:59.683+0000] {dagbag.py:588} INFO - Filling up the DagBag from /home/airflow/.local/lib/python3.12/site-packages/airflow/example_dags/example_setup_teardown.py
[2025-03-09T12:38:59.696+0000] {processor.py:925} INFO - DAG(s) 'example_setup_teardown' retrieved from /home/airflow/.local/lib/python3.12/site-packages/airflow/example_dags/example_setup_teardown.py
[2025-03-09T12:38:59.728+0000] {logging_mixin.py:190} INFO - [2025-03-09T12:38:59.728+0000] {dag.py:3239} INFO - Sync 1 DAGs
[2025-03-09T12:38:59.752+0000] {logging_mixin.py:190} INFO - [2025-03-09T12:38:59.751+0000] {dag.py:4180} INFO - Setting next_dagrun for example_setup_teardown to None, run_after=None
[2025-03-09T12:38:59.788+0000] {processor.py:208} INFO - Processing /home/airflow/.local/lib/python3.12/site-packages/airflow/example_dags/example_setup_teardown.py took 0.120 seconds
[2025-03-09T12:39:29.990+0000] {processor.py:186} INFO - Started process (PID=17388) to work on /home/airflow/.local/lib/python3.12/site-packages/airflow/example_dags/example_setup_teardown.py
[2025-03-09T12:39:29.992+0000] {processor.py:914} INFO - Processing file /home/airflow/.local/lib/python3.12/site-packages/airflow/example_dags/example_setup_teardown.py for tasks to queue
[2025-03-09T12:39:29.994+0000] {logging_mixin.py:190} INFO - [2025-03-09T12:39:29.994+0000] {dagbag.py:588} INFO - Filling up the DagBag from /home/airflow/.local/lib/python3.12/site-packages/airflow/example_dags/example_setup_teardown.py
[2025-03-09T12:39:30.012+0000] {processor.py:925} INFO - DAG(s) 'example_setup_teardown' retrieved from /home/airflow/.local/lib/python3.12/site-packages/airflow/example_dags/example_setup_teardown.py
[2025-03-09T12:39:30.052+0000] {logging_mixin.py:190} INFO - [2025-03-09T12:39:30.051+0000] {dag.py:3239} INFO - Sync 1 DAGs
[2025-03-09T12:39:30.082+0000] {logging_mixin.py:190} INFO - [2025-03-09T12:39:30.082+0000] {dag.py:4180} INFO - Setting next_dagrun for example_setup_teardown to None, run_after=None
[2025-03-09T12:39:30.121+0000] {processor.py:208} INFO - Processing /home/airflow/.local/lib/python3.12/site-packages/airflow/example_dags/example_setup_teardown.py took 0.140 seconds
[2025-03-09T12:40:00.945+0000] {processor.py:186} INFO - Started process (PID=17453) to work on /home/airflow/.local/lib/python3.12/site-packages/airflow/example_dags/example_setup_teardown.py
[2025-03-09T12:40:00.947+0000] {processor.py:914} INFO - Processing file /home/airflow/.local/lib/python3.12/site-packages/airflow/example_dags/example_setup_teardown.py for tasks to queue
[2025-03-09T12:40:00.950+0000] {logging_mixin.py:190} INFO - [2025-03-09T12:40:00.949+0000] {dagbag.py:588} INFO - Filling up the DagBag from /home/airflow/.local/lib/python3.12/site-packages/airflow/example_dags/example_setup_teardown.py
[2025-03-09T12:40:00.965+0000] {processor.py:925} INFO - DAG(s) 'example_setup_teardown' retrieved from /home/airflow/.local/lib/python3.12/site-packages/airflow/example_dags/example_setup_teardown.py
[2025-03-09T12:40:01.001+0000] {logging_mixin.py:190} INFO - [2025-03-09T12:40:01.000+0000] {dag.py:3239} INFO - Sync 1 DAGs
[2025-03-09T12:40:01.024+0000] {logging_mixin.py:190} INFO - [2025-03-09T12:40:01.023+0000] {dag.py:4180} INFO - Setting next_dagrun for example_setup_teardown to None, run_after=None
[2025-03-09T12:40:01.065+0000] {processor.py:208} INFO - Processing /home/airflow/.local/lib/python3.12/site-packages/airflow/example_dags/example_setup_teardown.py took 0.128 seconds
[2025-03-09T12:40:31.730+0000] {processor.py:186} INFO - Started process (PID=17518) to work on /home/airflow/.local/lib/python3.12/site-packages/airflow/example_dags/example_setup_teardown.py
[2025-03-09T12:40:31.732+0000] {processor.py:914} INFO - Processing file /home/airflow/.local/lib/python3.12/site-packages/airflow/example_dags/example_setup_teardown.py for tasks to queue
[2025-03-09T12:40:31.735+0000] {logging_mixin.py:190} INFO - [2025-03-09T12:40:31.734+0000] {dagbag.py:588} INFO - Filling up the DagBag from /home/airflow/.local/lib/python3.12/site-packages/airflow/example_dags/example_setup_teardown.py
[2025-03-09T12:40:31.748+0000] {processor.py:925} INFO - DAG(s) 'example_setup_teardown' retrieved from /home/airflow/.local/lib/python3.12/site-packages/airflow/example_dags/example_setup_teardown.py
[2025-03-09T12:40:31.790+0000] {logging_mixin.py:190} INFO - [2025-03-09T12:40:31.790+0000] {dag.py:3239} INFO - Sync 1 DAGs
[2025-03-09T12:40:31.816+0000] {logging_mixin.py:190} INFO - [2025-03-09T12:40:31.815+0000] {dag.py:4180} INFO - Setting next_dagrun for example_setup_teardown to None, run_after=None
[2025-03-09T12:40:31.852+0000] {processor.py:208} INFO - Processing /home/airflow/.local/lib/python3.12/site-packages/airflow/example_dags/example_setup_teardown.py took 0.132 seconds
[2025-03-09T12:41:02.010+0000] {processor.py:186} INFO - Started process (PID=17583) to work on /home/airflow/.local/lib/python3.12/site-packages/airflow/example_dags/example_setup_teardown.py
[2025-03-09T12:41:02.016+0000] {processor.py:914} INFO - Processing file /home/airflow/.local/lib/python3.12/site-packages/airflow/example_dags/example_setup_teardown.py for tasks to queue
[2025-03-09T12:41:02.019+0000] {logging_mixin.py:190} INFO - [2025-03-09T12:41:02.018+0000] {dagbag.py:588} INFO - Filling up the DagBag from /home/airflow/.local/lib/python3.12/site-packages/airflow/example_dags/example_setup_teardown.py
[2025-03-09T12:41:02.035+0000] {processor.py:925} INFO - DAG(s) 'example_setup_teardown' retrieved from /home/airflow/.local/lib/python3.12/site-packages/airflow/example_dags/example_setup_teardown.py
[2025-03-09T12:41:02.078+0000] {logging_mixin.py:190} INFO - [2025-03-09T12:41:02.078+0000] {dag.py:3239} INFO - Sync 1 DAGs
[2025-03-09T12:41:02.111+0000] {logging_mixin.py:190} INFO - [2025-03-09T12:41:02.110+0000] {dag.py:4180} INFO - Setting next_dagrun for example_setup_teardown to None, run_after=None
[2025-03-09T12:41:02.155+0000] {processor.py:208} INFO - Processing /home/airflow/.local/lib/python3.12/site-packages/airflow/example_dags/example_setup_teardown.py took 0.160 seconds
[2025-03-09T12:41:32.408+0000] {processor.py:186} INFO - Started process (PID=17648) to work on /home/airflow/.local/lib/python3.12/site-packages/airflow/example_dags/example_setup_teardown.py
[2025-03-09T12:41:32.410+0000] {processor.py:914} INFO - Processing file /home/airflow/.local/lib/python3.12/site-packages/airflow/example_dags/example_setup_teardown.py for tasks to queue
[2025-03-09T12:41:32.413+0000] {logging_mixin.py:190} INFO - [2025-03-09T12:41:32.412+0000] {dagbag.py:588} INFO - Filling up the DagBag from /home/airflow/.local/lib/python3.12/site-packages/airflow/example_dags/example_setup_teardown.py
[2025-03-09T12:41:32.430+0000] {processor.py:925} INFO - DAG(s) 'example_setup_teardown' retrieved from /home/airflow/.local/lib/python3.12/site-packages/airflow/example_dags/example_setup_teardown.py
[2025-03-09T12:41:32.467+0000] {logging_mixin.py:190} INFO - [2025-03-09T12:41:32.467+0000] {dag.py:3239} INFO - Sync 1 DAGs
[2025-03-09T12:41:32.489+0000] {logging_mixin.py:190} INFO - [2025-03-09T12:41:32.489+0000] {dag.py:4180} INFO - Setting next_dagrun for example_setup_teardown to None, run_after=None
[2025-03-09T12:41:32.523+0000] {processor.py:208} INFO - Processing /home/airflow/.local/lib/python3.12/site-packages/airflow/example_dags/example_setup_teardown.py took 0.126 seconds
[2025-03-09T12:42:03.374+0000] {processor.py:186} INFO - Started process (PID=17713) to work on /home/airflow/.local/lib/python3.12/site-packages/airflow/example_dags/example_setup_teardown.py
[2025-03-09T12:42:03.375+0000] {processor.py:914} INFO - Processing file /home/airflow/.local/lib/python3.12/site-packages/airflow/example_dags/example_setup_teardown.py for tasks to queue
[2025-03-09T12:42:03.377+0000] {logging_mixin.py:190} INFO - [2025-03-09T12:42:03.377+0000] {dagbag.py:588} INFO - Filling up the DagBag from /home/airflow/.local/lib/python3.12/site-packages/airflow/example_dags/example_setup_teardown.py
[2025-03-09T12:42:03.392+0000] {processor.py:925} INFO - DAG(s) 'example_setup_teardown' retrieved from /home/airflow/.local/lib/python3.12/site-packages/airflow/example_dags/example_setup_teardown.py
[2025-03-09T12:42:03.427+0000] {logging_mixin.py:190} INFO - [2025-03-09T12:42:03.426+0000] {dag.py:3239} INFO - Sync 1 DAGs
[2025-03-09T12:42:03.454+0000] {logging_mixin.py:190} INFO - [2025-03-09T12:42:03.453+0000] {dag.py:4180} INFO - Setting next_dagrun for example_setup_teardown to None, run_after=None
[2025-03-09T12:42:03.497+0000] {processor.py:208} INFO - Processing /home/airflow/.local/lib/python3.12/site-packages/airflow/example_dags/example_setup_teardown.py took 0.131 seconds
[2025-03-09T12:42:33.963+0000] {processor.py:186} INFO - Started process (PID=17778) to work on /home/airflow/.local/lib/python3.12/site-packages/airflow/example_dags/example_setup_teardown.py
[2025-03-09T12:42:33.965+0000] {processor.py:914} INFO - Processing file /home/airflow/.local/lib/python3.12/site-packages/airflow/example_dags/example_setup_teardown.py for tasks to queue
[2025-03-09T12:42:33.967+0000] {logging_mixin.py:190} INFO - [2025-03-09T12:42:33.967+0000] {dagbag.py:588} INFO - Filling up the DagBag from /home/airflow/.local/lib/python3.12/site-packages/airflow/example_dags/example_setup_teardown.py
[2025-03-09T12:42:33.983+0000] {processor.py:925} INFO - DAG(s) 'example_setup_teardown' retrieved from /home/airflow/.local/lib/python3.12/site-packages/airflow/example_dags/example_setup_teardown.py
[2025-03-09T12:42:34.023+0000] {logging_mixin.py:190} INFO - [2025-03-09T12:42:34.023+0000] {dag.py:3239} INFO - Sync 1 DAGs
[2025-03-09T12:42:34.049+0000] {logging_mixin.py:190} INFO - [2025-03-09T12:42:34.049+0000] {dag.py:4180} INFO - Setting next_dagrun for example_setup_teardown to None, run_after=None
[2025-03-09T12:42:34.085+0000] {processor.py:208} INFO - Processing /home/airflow/.local/lib/python3.12/site-packages/airflow/example_dags/example_setup_teardown.py took 0.132 seconds
[2025-03-09T12:43:04.359+0000] {processor.py:186} INFO - Started process (PID=17843) to work on /home/airflow/.local/lib/python3.12/site-packages/airflow/example_dags/example_setup_teardown.py
[2025-03-09T12:43:04.360+0000] {processor.py:914} INFO - Processing file /home/airflow/.local/lib/python3.12/site-packages/airflow/example_dags/example_setup_teardown.py for tasks to queue
[2025-03-09T12:43:04.363+0000] {logging_mixin.py:190} INFO - [2025-03-09T12:43:04.362+0000] {dagbag.py:588} INFO - Filling up the DagBag from /home/airflow/.local/lib/python3.12/site-packages/airflow/example_dags/example_setup_teardown.py
[2025-03-09T12:43:04.379+0000] {processor.py:925} INFO - DAG(s) 'example_setup_teardown' retrieved from /home/airflow/.local/lib/python3.12/site-packages/airflow/example_dags/example_setup_teardown.py
[2025-03-09T12:43:04.426+0000] {logging_mixin.py:190} INFO - [2025-03-09T12:43:04.426+0000] {dag.py:3239} INFO - Sync 1 DAGs
[2025-03-09T12:43:04.457+0000] {logging_mixin.py:190} INFO - [2025-03-09T12:43:04.457+0000] {dag.py:4180} INFO - Setting next_dagrun for example_setup_teardown to None, run_after=None
[2025-03-09T12:43:04.501+0000] {processor.py:208} INFO - Processing /home/airflow/.local/lib/python3.12/site-packages/airflow/example_dags/example_setup_teardown.py took 0.151 seconds
[2025-03-09T12:43:35.046+0000] {processor.py:186} INFO - Started process (PID=17908) to work on /home/airflow/.local/lib/python3.12/site-packages/airflow/example_dags/example_setup_teardown.py
[2025-03-09T12:43:35.048+0000] {processor.py:914} INFO - Processing file /home/airflow/.local/lib/python3.12/site-packages/airflow/example_dags/example_setup_teardown.py for tasks to queue
[2025-03-09T12:43:35.050+0000] {logging_mixin.py:190} INFO - [2025-03-09T12:43:35.050+0000] {dagbag.py:588} INFO - Filling up the DagBag from /home/airflow/.local/lib/python3.12/site-packages/airflow/example_dags/example_setup_teardown.py
[2025-03-09T12:43:35.063+0000] {processor.py:925} INFO - DAG(s) 'example_setup_teardown' retrieved from /home/airflow/.local/lib/python3.12/site-packages/airflow/example_dags/example_setup_teardown.py
[2025-03-09T12:43:35.098+0000] {logging_mixin.py:190} INFO - [2025-03-09T12:43:35.097+0000] {dag.py:3239} INFO - Sync 1 DAGs
[2025-03-09T12:43:35.127+0000] {logging_mixin.py:190} INFO - [2025-03-09T12:43:35.126+0000] {dag.py:4180} INFO - Setting next_dagrun for example_setup_teardown to None, run_after=None
[2025-03-09T12:43:35.170+0000] {processor.py:208} INFO - Processing /home/airflow/.local/lib/python3.12/site-packages/airflow/example_dags/example_setup_teardown.py took 0.132 seconds
[2025-03-09T12:51:39.376+0000] {processor.py:186} INFO - Started process (PID=17960) to work on /home/airflow/.local/lib/python3.12/site-packages/airflow/example_dags/example_setup_teardown.py
[2025-03-09T12:51:39.377+0000] {processor.py:914} INFO - Processing file /home/airflow/.local/lib/python3.12/site-packages/airflow/example_dags/example_setup_teardown.py for tasks to queue
[2025-03-09T12:51:39.380+0000] {logging_mixin.py:190} INFO - [2025-03-09T12:51:39.379+0000] {dagbag.py:588} INFO - Filling up the DagBag from /home/airflow/.local/lib/python3.12/site-packages/airflow/example_dags/example_setup_teardown.py
[2025-03-09T12:51:39.397+0000] {processor.py:925} INFO - DAG(s) 'example_setup_teardown' retrieved from /home/airflow/.local/lib/python3.12/site-packages/airflow/example_dags/example_setup_teardown.py
[2025-03-09T12:51:39.456+0000] {logging_mixin.py:190} INFO - [2025-03-09T12:51:39.455+0000] {dag.py:3239} INFO - Sync 1 DAGs
[2025-03-09T12:51:39.488+0000] {logging_mixin.py:190} INFO - [2025-03-09T12:51:39.488+0000] {dag.py:4180} INFO - Setting next_dagrun for example_setup_teardown to None, run_after=None
[2025-03-09T12:51:39.537+0000] {processor.py:208} INFO - Processing /home/airflow/.local/lib/python3.12/site-packages/airflow/example_dags/example_setup_teardown.py took 0.175 seconds
[2025-03-09T12:52:10.211+0000] {processor.py:186} INFO - Started process (PID=18025) to work on /home/airflow/.local/lib/python3.12/site-packages/airflow/example_dags/example_setup_teardown.py
[2025-03-09T12:52:10.213+0000] {processor.py:914} INFO - Processing file /home/airflow/.local/lib/python3.12/site-packages/airflow/example_dags/example_setup_teardown.py for tasks to queue
[2025-03-09T12:52:10.215+0000] {logging_mixin.py:190} INFO - [2025-03-09T12:52:10.215+0000] {dagbag.py:588} INFO - Filling up the DagBag from /home/airflow/.local/lib/python3.12/site-packages/airflow/example_dags/example_setup_teardown.py
[2025-03-09T12:52:10.231+0000] {processor.py:925} INFO - DAG(s) 'example_setup_teardown' retrieved from /home/airflow/.local/lib/python3.12/site-packages/airflow/example_dags/example_setup_teardown.py
[2025-03-09T12:52:10.267+0000] {logging_mixin.py:190} INFO - [2025-03-09T12:52:10.266+0000] {dag.py:3239} INFO - Sync 1 DAGs
[2025-03-09T12:52:10.291+0000] {logging_mixin.py:190} INFO - [2025-03-09T12:52:10.291+0000] {dag.py:4180} INFO - Setting next_dagrun for example_setup_teardown to None, run_after=None
[2025-03-09T12:52:10.327+0000] {processor.py:208} INFO - Processing /home/airflow/.local/lib/python3.12/site-packages/airflow/example_dags/example_setup_teardown.py took 0.124 seconds
[2025-03-09T12:52:40.679+0000] {processor.py:186} INFO - Started process (PID=18090) to work on /home/airflow/.local/lib/python3.12/site-packages/airflow/example_dags/example_setup_teardown.py
[2025-03-09T12:52:40.681+0000] {processor.py:914} INFO - Processing file /home/airflow/.local/lib/python3.12/site-packages/airflow/example_dags/example_setup_teardown.py for tasks to queue
[2025-03-09T12:52:40.683+0000] {logging_mixin.py:190} INFO - [2025-03-09T12:52:40.683+0000] {dagbag.py:588} INFO - Filling up the DagBag from /home/airflow/.local/lib/python3.12/site-packages/airflow/example_dags/example_setup_teardown.py
[2025-03-09T12:52:40.697+0000] {processor.py:925} INFO - DAG(s) 'example_setup_teardown' retrieved from /home/airflow/.local/lib/python3.12/site-packages/airflow/example_dags/example_setup_teardown.py
[2025-03-09T12:52:40.731+0000] {logging_mixin.py:190} INFO - [2025-03-09T12:52:40.731+0000] {dag.py:3239} INFO - Sync 1 DAGs
[2025-03-09T12:52:40.754+0000] {logging_mixin.py:190} INFO - [2025-03-09T12:52:40.753+0000] {dag.py:4180} INFO - Setting next_dagrun for example_setup_teardown to None, run_after=None
[2025-03-09T12:52:40.785+0000] {processor.py:208} INFO - Processing /home/airflow/.local/lib/python3.12/site-packages/airflow/example_dags/example_setup_teardown.py took 0.114 seconds
[2025-03-09T12:53:10.890+0000] {processor.py:186} INFO - Started process (PID=18154) to work on /home/airflow/.local/lib/python3.12/site-packages/airflow/example_dags/example_setup_teardown.py
[2025-03-09T12:53:10.892+0000] {processor.py:914} INFO - Processing file /home/airflow/.local/lib/python3.12/site-packages/airflow/example_dags/example_setup_teardown.py for tasks to queue
[2025-03-09T12:53:10.895+0000] {logging_mixin.py:190} INFO - [2025-03-09T12:53:10.894+0000] {dagbag.py:588} INFO - Filling up the DagBag from /home/airflow/.local/lib/python3.12/site-packages/airflow/example_dags/example_setup_teardown.py
[2025-03-09T12:53:10.909+0000] {processor.py:925} INFO - DAG(s) 'example_setup_teardown' retrieved from /home/airflow/.local/lib/python3.12/site-packages/airflow/example_dags/example_setup_teardown.py
[2025-03-09T12:53:10.947+0000] {logging_mixin.py:190} INFO - [2025-03-09T12:53:10.947+0000] {dag.py:3239} INFO - Sync 1 DAGs
[2025-03-09T12:53:10.971+0000] {logging_mixin.py:190} INFO - [2025-03-09T12:53:10.970+0000] {dag.py:4180} INFO - Setting next_dagrun for example_setup_teardown to None, run_after=None
[2025-03-09T12:53:11.004+0000] {processor.py:208} INFO - Processing /home/airflow/.local/lib/python3.12/site-packages/airflow/example_dags/example_setup_teardown.py took 0.123 seconds
[2025-03-09T12:53:41.167+0000] {processor.py:186} INFO - Started process (PID=18219) to work on /home/airflow/.local/lib/python3.12/site-packages/airflow/example_dags/example_setup_teardown.py
[2025-03-09T12:53:41.168+0000] {processor.py:914} INFO - Processing file /home/airflow/.local/lib/python3.12/site-packages/airflow/example_dags/example_setup_teardown.py for tasks to queue
[2025-03-09T12:53:41.170+0000] {logging_mixin.py:190} INFO - [2025-03-09T12:53:41.170+0000] {dagbag.py:588} INFO - Filling up the DagBag from /home/airflow/.local/lib/python3.12/site-packages/airflow/example_dags/example_setup_teardown.py
[2025-03-09T12:53:41.182+0000] {processor.py:925} INFO - DAG(s) 'example_setup_teardown' retrieved from /home/airflow/.local/lib/python3.12/site-packages/airflow/example_dags/example_setup_teardown.py
[2025-03-09T12:53:41.220+0000] {logging_mixin.py:190} INFO - [2025-03-09T12:53:41.220+0000] {dag.py:3239} INFO - Sync 1 DAGs
[2025-03-09T12:53:41.241+0000] {logging_mixin.py:190} INFO - [2025-03-09T12:53:41.241+0000] {dag.py:4180} INFO - Setting next_dagrun for example_setup_teardown to None, run_after=None
[2025-03-09T12:53:41.276+0000] {processor.py:208} INFO - Processing /home/airflow/.local/lib/python3.12/site-packages/airflow/example_dags/example_setup_teardown.py took 0.118 seconds
[2025-03-09T12:54:11.982+0000] {processor.py:186} INFO - Started process (PID=18285) to work on /home/airflow/.local/lib/python3.12/site-packages/airflow/example_dags/example_setup_teardown.py
[2025-03-09T12:54:11.985+0000] {processor.py:914} INFO - Processing file /home/airflow/.local/lib/python3.12/site-packages/airflow/example_dags/example_setup_teardown.py for tasks to queue
[2025-03-09T12:54:11.988+0000] {logging_mixin.py:190} INFO - [2025-03-09T12:54:11.987+0000] {dagbag.py:588} INFO - Filling up the DagBag from /home/airflow/.local/lib/python3.12/site-packages/airflow/example_dags/example_setup_teardown.py
[2025-03-09T12:54:12.009+0000] {processor.py:925} INFO - DAG(s) 'example_setup_teardown' retrieved from /home/airflow/.local/lib/python3.12/site-packages/airflow/example_dags/example_setup_teardown.py
[2025-03-09T12:54:12.047+0000] {logging_mixin.py:190} INFO - [2025-03-09T12:54:12.047+0000] {dag.py:3239} INFO - Sync 1 DAGs
[2025-03-09T12:54:12.075+0000] {logging_mixin.py:190} INFO - [2025-03-09T12:54:12.074+0000] {dag.py:4180} INFO - Setting next_dagrun for example_setup_teardown to None, run_after=None
[2025-03-09T12:54:12.113+0000] {processor.py:208} INFO - Processing /home/airflow/.local/lib/python3.12/site-packages/airflow/example_dags/example_setup_teardown.py took 0.145 seconds
[2025-03-09T12:54:42.363+0000] {processor.py:186} INFO - Started process (PID=18350) to work on /home/airflow/.local/lib/python3.12/site-packages/airflow/example_dags/example_setup_teardown.py
[2025-03-09T12:54:42.365+0000] {processor.py:914} INFO - Processing file /home/airflow/.local/lib/python3.12/site-packages/airflow/example_dags/example_setup_teardown.py for tasks to queue
[2025-03-09T12:54:42.367+0000] {logging_mixin.py:190} INFO - [2025-03-09T12:54:42.367+0000] {dagbag.py:588} INFO - Filling up the DagBag from /home/airflow/.local/lib/python3.12/site-packages/airflow/example_dags/example_setup_teardown.py
[2025-03-09T12:54:42.382+0000] {processor.py:925} INFO - DAG(s) 'example_setup_teardown' retrieved from /home/airflow/.local/lib/python3.12/site-packages/airflow/example_dags/example_setup_teardown.py
[2025-03-09T12:54:42.421+0000] {logging_mixin.py:190} INFO - [2025-03-09T12:54:42.420+0000] {dag.py:3239} INFO - Sync 1 DAGs
[2025-03-09T12:54:42.446+0000] {logging_mixin.py:190} INFO - [2025-03-09T12:54:42.445+0000] {dag.py:4180} INFO - Setting next_dagrun for example_setup_teardown to None, run_after=None
[2025-03-09T12:54:42.480+0000] {processor.py:208} INFO - Processing /home/airflow/.local/lib/python3.12/site-packages/airflow/example_dags/example_setup_teardown.py took 0.125 seconds
[2025-03-09T12:55:12.893+0000] {processor.py:186} INFO - Started process (PID=18414) to work on /home/airflow/.local/lib/python3.12/site-packages/airflow/example_dags/example_setup_teardown.py
[2025-03-09T12:55:12.894+0000] {processor.py:914} INFO - Processing file /home/airflow/.local/lib/python3.12/site-packages/airflow/example_dags/example_setup_teardown.py for tasks to queue
[2025-03-09T12:55:12.897+0000] {logging_mixin.py:190} INFO - [2025-03-09T12:55:12.897+0000] {dagbag.py:588} INFO - Filling up the DagBag from /home/airflow/.local/lib/python3.12/site-packages/airflow/example_dags/example_setup_teardown.py
[2025-03-09T12:55:12.917+0000] {processor.py:925} INFO - DAG(s) 'example_setup_teardown' retrieved from /home/airflow/.local/lib/python3.12/site-packages/airflow/example_dags/example_setup_teardown.py
[2025-03-09T12:55:12.963+0000] {logging_mixin.py:190} INFO - [2025-03-09T12:55:12.962+0000] {dag.py:3239} INFO - Sync 1 DAGs
[2025-03-09T12:55:12.990+0000] {logging_mixin.py:190} INFO - [2025-03-09T12:55:12.990+0000] {dag.py:4180} INFO - Setting next_dagrun for example_setup_teardown to None, run_after=None
[2025-03-09T12:55:13.024+0000] {processor.py:208} INFO - Processing /home/airflow/.local/lib/python3.12/site-packages/airflow/example_dags/example_setup_teardown.py took 0.141 seconds
[2025-03-09T12:55:43.752+0000] {processor.py:186} INFO - Started process (PID=18479) to work on /home/airflow/.local/lib/python3.12/site-packages/airflow/example_dags/example_setup_teardown.py
[2025-03-09T12:55:43.753+0000] {processor.py:914} INFO - Processing file /home/airflow/.local/lib/python3.12/site-packages/airflow/example_dags/example_setup_teardown.py for tasks to queue
[2025-03-09T12:55:43.756+0000] {logging_mixin.py:190} INFO - [2025-03-09T12:55:43.755+0000] {dagbag.py:588} INFO - Filling up the DagBag from /home/airflow/.local/lib/python3.12/site-packages/airflow/example_dags/example_setup_teardown.py
[2025-03-09T12:55:43.772+0000] {processor.py:925} INFO - DAG(s) 'example_setup_teardown' retrieved from /home/airflow/.local/lib/python3.12/site-packages/airflow/example_dags/example_setup_teardown.py
[2025-03-09T12:55:43.805+0000] {logging_mixin.py:190} INFO - [2025-03-09T12:55:43.805+0000] {dag.py:3239} INFO - Sync 1 DAGs
[2025-03-09T12:55:43.829+0000] {logging_mixin.py:190} INFO - [2025-03-09T12:55:43.828+0000] {dag.py:4180} INFO - Setting next_dagrun for example_setup_teardown to None, run_after=None
[2025-03-09T12:55:43.861+0000] {processor.py:208} INFO - Processing /home/airflow/.local/lib/python3.12/site-packages/airflow/example_dags/example_setup_teardown.py took 0.117 seconds
[2025-03-09T13:18:32.554+0000] {processor.py:186} INFO - Started process (PID=18518) to work on /home/airflow/.local/lib/python3.12/site-packages/airflow/example_dags/example_setup_teardown.py
[2025-03-09T13:18:32.556+0000] {processor.py:914} INFO - Processing file /home/airflow/.local/lib/python3.12/site-packages/airflow/example_dags/example_setup_teardown.py for tasks to queue
[2025-03-09T13:18:32.558+0000] {logging_mixin.py:190} INFO - [2025-03-09T13:18:32.557+0000] {dagbag.py:588} INFO - Filling up the DagBag from /home/airflow/.local/lib/python3.12/site-packages/airflow/example_dags/example_setup_teardown.py
[2025-03-09T13:18:32.571+0000] {processor.py:925} INFO - DAG(s) 'example_setup_teardown' retrieved from /home/airflow/.local/lib/python3.12/site-packages/airflow/example_dags/example_setup_teardown.py
[2025-03-09T13:18:32.608+0000] {logging_mixin.py:190} INFO - [2025-03-09T13:18:32.608+0000] {dag.py:3239} INFO - Sync 1 DAGs
[2025-03-09T13:18:32.638+0000] {logging_mixin.py:190} INFO - [2025-03-09T13:18:32.637+0000] {dag.py:4180} INFO - Setting next_dagrun for example_setup_teardown to None, run_after=None
[2025-03-09T13:18:32.681+0000] {processor.py:208} INFO - Processing /home/airflow/.local/lib/python3.12/site-packages/airflow/example_dags/example_setup_teardown.py took 0.135 seconds
[2025-03-09T13:19:04.043+0000] {processor.py:186} INFO - Started process (PID=18583) to work on /home/airflow/.local/lib/python3.12/site-packages/airflow/example_dags/example_setup_teardown.py
[2025-03-09T13:19:04.044+0000] {processor.py:914} INFO - Processing file /home/airflow/.local/lib/python3.12/site-packages/airflow/example_dags/example_setup_teardown.py for tasks to queue
[2025-03-09T13:19:04.047+0000] {logging_mixin.py:190} INFO - [2025-03-09T13:19:04.046+0000] {dagbag.py:588} INFO - Filling up the DagBag from /home/airflow/.local/lib/python3.12/site-packages/airflow/example_dags/example_setup_teardown.py
[2025-03-09T13:19:04.061+0000] {processor.py:925} INFO - DAG(s) 'example_setup_teardown' retrieved from /home/airflow/.local/lib/python3.12/site-packages/airflow/example_dags/example_setup_teardown.py
[2025-03-09T13:19:04.089+0000] {logging_mixin.py:190} INFO - [2025-03-09T13:19:04.089+0000] {dag.py:3239} INFO - Sync 1 DAGs
[2025-03-09T13:19:04.109+0000] {logging_mixin.py:190} INFO - [2025-03-09T13:19:04.109+0000] {dag.py:4180} INFO - Setting next_dagrun for example_setup_teardown to None, run_after=None
[2025-03-09T13:19:04.141+0000] {processor.py:208} INFO - Processing /home/airflow/.local/lib/python3.12/site-packages/airflow/example_dags/example_setup_teardown.py took 0.106 seconds
[2025-03-09T13:19:35.910+0000] {processor.py:186} INFO - Started process (PID=18648) to work on /home/airflow/.local/lib/python3.12/site-packages/airflow/example_dags/example_setup_teardown.py
[2025-03-09T13:19:35.912+0000] {processor.py:914} INFO - Processing file /home/airflow/.local/lib/python3.12/site-packages/airflow/example_dags/example_setup_teardown.py for tasks to queue
[2025-03-09T13:19:35.914+0000] {logging_mixin.py:190} INFO - [2025-03-09T13:19:35.913+0000] {dagbag.py:588} INFO - Filling up the DagBag from /home/airflow/.local/lib/python3.12/site-packages/airflow/example_dags/example_setup_teardown.py
[2025-03-09T13:19:35.926+0000] {processor.py:925} INFO - DAG(s) 'example_setup_teardown' retrieved from /home/airflow/.local/lib/python3.12/site-packages/airflow/example_dags/example_setup_teardown.py
[2025-03-09T13:19:35.959+0000] {logging_mixin.py:190} INFO - [2025-03-09T13:19:35.958+0000] {dag.py:3239} INFO - Sync 1 DAGs
[2025-03-09T13:19:35.984+0000] {logging_mixin.py:190} INFO - [2025-03-09T13:19:35.983+0000] {dag.py:4180} INFO - Setting next_dagrun for example_setup_teardown to None, run_after=None
[2025-03-09T13:19:36.017+0000] {processor.py:208} INFO - Processing /home/airflow/.local/lib/python3.12/site-packages/airflow/example_dags/example_setup_teardown.py took 0.116 seconds
[2025-03-09T13:20:07.060+0000] {processor.py:186} INFO - Started process (PID=18713) to work on /home/airflow/.local/lib/python3.12/site-packages/airflow/example_dags/example_setup_teardown.py
[2025-03-09T13:20:07.061+0000] {processor.py:914} INFO - Processing file /home/airflow/.local/lib/python3.12/site-packages/airflow/example_dags/example_setup_teardown.py for tasks to queue
[2025-03-09T13:20:07.063+0000] {logging_mixin.py:190} INFO - [2025-03-09T13:20:07.063+0000] {dagbag.py:588} INFO - Filling up the DagBag from /home/airflow/.local/lib/python3.12/site-packages/airflow/example_dags/example_setup_teardown.py
[2025-03-09T13:20:07.074+0000] {processor.py:925} INFO - DAG(s) 'example_setup_teardown' retrieved from /home/airflow/.local/lib/python3.12/site-packages/airflow/example_dags/example_setup_teardown.py
[2025-03-09T13:20:07.105+0000] {logging_mixin.py:190} INFO - [2025-03-09T13:20:07.105+0000] {dag.py:3239} INFO - Sync 1 DAGs
[2025-03-09T13:20:07.129+0000] {logging_mixin.py:190} INFO - [2025-03-09T13:20:07.129+0000] {dag.py:4180} INFO - Setting next_dagrun for example_setup_teardown to None, run_after=None
[2025-03-09T13:20:07.165+0000] {processor.py:208} INFO - Processing /home/airflow/.local/lib/python3.12/site-packages/airflow/example_dags/example_setup_teardown.py took 0.113 seconds
[2025-03-09T13:20:38.573+0000] {processor.py:186} INFO - Started process (PID=18778) to work on /home/airflow/.local/lib/python3.12/site-packages/airflow/example_dags/example_setup_teardown.py
[2025-03-09T13:20:38.574+0000] {processor.py:914} INFO - Processing file /home/airflow/.local/lib/python3.12/site-packages/airflow/example_dags/example_setup_teardown.py for tasks to queue
[2025-03-09T13:20:38.576+0000] {logging_mixin.py:190} INFO - [2025-03-09T13:20:38.576+0000] {dagbag.py:588} INFO - Filling up the DagBag from /home/airflow/.local/lib/python3.12/site-packages/airflow/example_dags/example_setup_teardown.py
[2025-03-09T13:20:38.589+0000] {processor.py:925} INFO - DAG(s) 'example_setup_teardown' retrieved from /home/airflow/.local/lib/python3.12/site-packages/airflow/example_dags/example_setup_teardown.py
[2025-03-09T13:20:38.621+0000] {logging_mixin.py:190} INFO - [2025-03-09T13:20:38.621+0000] {dag.py:3239} INFO - Sync 1 DAGs
[2025-03-09T13:20:38.642+0000] {logging_mixin.py:190} INFO - [2025-03-09T13:20:38.642+0000] {dag.py:4180} INFO - Setting next_dagrun for example_setup_teardown to None, run_after=None
[2025-03-09T13:20:38.675+0000] {processor.py:208} INFO - Processing /home/airflow/.local/lib/python3.12/site-packages/airflow/example_dags/example_setup_teardown.py took 0.111 seconds
[2025-03-09T13:21:09.988+0000] {processor.py:186} INFO - Started process (PID=18843) to work on /home/airflow/.local/lib/python3.12/site-packages/airflow/example_dags/example_setup_teardown.py
[2025-03-09T13:21:09.990+0000] {processor.py:914} INFO - Processing file /home/airflow/.local/lib/python3.12/site-packages/airflow/example_dags/example_setup_teardown.py for tasks to queue
[2025-03-09T13:21:09.992+0000] {logging_mixin.py:190} INFO - [2025-03-09T13:21:09.991+0000] {dagbag.py:588} INFO - Filling up the DagBag from /home/airflow/.local/lib/python3.12/site-packages/airflow/example_dags/example_setup_teardown.py
[2025-03-09T13:21:10.005+0000] {processor.py:925} INFO - DAG(s) 'example_setup_teardown' retrieved from /home/airflow/.local/lib/python3.12/site-packages/airflow/example_dags/example_setup_teardown.py
[2025-03-09T13:21:10.037+0000] {logging_mixin.py:190} INFO - [2025-03-09T13:21:10.036+0000] {dag.py:3239} INFO - Sync 1 DAGs
[2025-03-09T13:21:10.059+0000] {logging_mixin.py:190} INFO - [2025-03-09T13:21:10.058+0000] {dag.py:4180} INFO - Setting next_dagrun for example_setup_teardown to None, run_after=None
[2025-03-09T13:21:10.089+0000] {processor.py:208} INFO - Processing /home/airflow/.local/lib/python3.12/site-packages/airflow/example_dags/example_setup_teardown.py took 0.109 seconds
[2025-03-09T13:21:41.799+0000] {processor.py:186} INFO - Started process (PID=18909) to work on /home/airflow/.local/lib/python3.12/site-packages/airflow/example_dags/example_setup_teardown.py
[2025-03-09T13:21:41.800+0000] {processor.py:914} INFO - Processing file /home/airflow/.local/lib/python3.12/site-packages/airflow/example_dags/example_setup_teardown.py for tasks to queue
[2025-03-09T13:21:41.803+0000] {logging_mixin.py:190} INFO - [2025-03-09T13:21:41.803+0000] {dagbag.py:588} INFO - Filling up the DagBag from /home/airflow/.local/lib/python3.12/site-packages/airflow/example_dags/example_setup_teardown.py
[2025-03-09T13:21:41.817+0000] {processor.py:925} INFO - DAG(s) 'example_setup_teardown' retrieved from /home/airflow/.local/lib/python3.12/site-packages/airflow/example_dags/example_setup_teardown.py
[2025-03-09T13:21:41.853+0000] {logging_mixin.py:190} INFO - [2025-03-09T13:21:41.853+0000] {dag.py:3239} INFO - Sync 1 DAGs
[2025-03-09T13:21:41.877+0000] {logging_mixin.py:190} INFO - [2025-03-09T13:21:41.877+0000] {dag.py:4180} INFO - Setting next_dagrun for example_setup_teardown to None, run_after=None
[2025-03-09T13:21:41.911+0000] {processor.py:208} INFO - Processing /home/airflow/.local/lib/python3.12/site-packages/airflow/example_dags/example_setup_teardown.py took 0.121 seconds
[2025-03-09T15:10:21.852+0000] {processor.py:186} INFO - Started process (PID=18982) to work on /home/airflow/.local/lib/python3.12/site-packages/airflow/example_dags/example_setup_teardown.py
[2025-03-09T15:10:21.854+0000] {processor.py:914} INFO - Processing file /home/airflow/.local/lib/python3.12/site-packages/airflow/example_dags/example_setup_teardown.py for tasks to queue
[2025-03-09T15:10:21.858+0000] {logging_mixin.py:190} INFO - [2025-03-09T15:10:21.857+0000] {dagbag.py:588} INFO - Filling up the DagBag from /home/airflow/.local/lib/python3.12/site-packages/airflow/example_dags/example_setup_teardown.py
[2025-03-09T15:10:21.894+0000] {processor.py:925} INFO - DAG(s) 'example_setup_teardown' retrieved from /home/airflow/.local/lib/python3.12/site-packages/airflow/example_dags/example_setup_teardown.py
[2025-03-09T15:10:21.996+0000] {logging_mixin.py:190} INFO - [2025-03-09T15:10:21.995+0000] {dag.py:3239} INFO - Sync 1 DAGs
[2025-03-09T15:10:22.064+0000] {logging_mixin.py:190} INFO - [2025-03-09T15:10:22.064+0000] {dag.py:4180} INFO - Setting next_dagrun for example_setup_teardown to None, run_after=None
[2025-03-09T15:10:22.150+0000] {processor.py:208} INFO - Processing /home/airflow/.local/lib/python3.12/site-packages/airflow/example_dags/example_setup_teardown.py took 0.319 seconds
[2025-03-09T15:10:52.443+0000] {processor.py:186} INFO - Started process (PID=19048) to work on /home/airflow/.local/lib/python3.12/site-packages/airflow/example_dags/example_setup_teardown.py
[2025-03-09T15:10:52.454+0000] {processor.py:914} INFO - Processing file /home/airflow/.local/lib/python3.12/site-packages/airflow/example_dags/example_setup_teardown.py for tasks to queue
[2025-03-09T15:10:52.458+0000] {logging_mixin.py:190} INFO - [2025-03-09T15:10:52.456+0000] {dagbag.py:588} INFO - Filling up the DagBag from /home/airflow/.local/lib/python3.12/site-packages/airflow/example_dags/example_setup_teardown.py
[2025-03-09T15:10:52.487+0000] {processor.py:925} INFO - DAG(s) 'example_setup_teardown' retrieved from /home/airflow/.local/lib/python3.12/site-packages/airflow/example_dags/example_setup_teardown.py
[2025-03-09T15:10:52.541+0000] {logging_mixin.py:190} INFO - [2025-03-09T15:10:52.541+0000] {dag.py:3239} INFO - Sync 1 DAGs
[2025-03-09T15:10:52.579+0000] {logging_mixin.py:190} INFO - [2025-03-09T15:10:52.579+0000] {dag.py:4180} INFO - Setting next_dagrun for example_setup_teardown to None, run_after=None
[2025-03-09T15:10:52.627+0000] {processor.py:208} INFO - Processing /home/airflow/.local/lib/python3.12/site-packages/airflow/example_dags/example_setup_teardown.py took 0.194 seconds
[2025-03-09T15:11:23.273+0000] {processor.py:186} INFO - Started process (PID=19112) to work on /home/airflow/.local/lib/python3.12/site-packages/airflow/example_dags/example_setup_teardown.py
[2025-03-09T15:11:23.276+0000] {processor.py:914} INFO - Processing file /home/airflow/.local/lib/python3.12/site-packages/airflow/example_dags/example_setup_teardown.py for tasks to queue
[2025-03-09T15:11:23.279+0000] {logging_mixin.py:190} INFO - [2025-03-09T15:11:23.278+0000] {dagbag.py:588} INFO - Filling up the DagBag from /home/airflow/.local/lib/python3.12/site-packages/airflow/example_dags/example_setup_teardown.py
[2025-03-09T15:11:23.315+0000] {processor.py:925} INFO - DAG(s) 'example_setup_teardown' retrieved from /home/airflow/.local/lib/python3.12/site-packages/airflow/example_dags/example_setup_teardown.py
[2025-03-09T15:11:23.366+0000] {logging_mixin.py:190} INFO - [2025-03-09T15:11:23.365+0000] {dag.py:3239} INFO - Sync 1 DAGs
[2025-03-09T15:11:23.387+0000] {logging_mixin.py:190} INFO - [2025-03-09T15:11:23.387+0000] {dag.py:4180} INFO - Setting next_dagrun for example_setup_teardown to None, run_after=None
[2025-03-09T15:11:23.419+0000] {processor.py:208} INFO - Processing /home/airflow/.local/lib/python3.12/site-packages/airflow/example_dags/example_setup_teardown.py took 0.162 seconds
[2025-03-09T15:11:53.960+0000] {processor.py:186} INFO - Started process (PID=19177) to work on /home/airflow/.local/lib/python3.12/site-packages/airflow/example_dags/example_setup_teardown.py
[2025-03-09T15:11:53.962+0000] {processor.py:914} INFO - Processing file /home/airflow/.local/lib/python3.12/site-packages/airflow/example_dags/example_setup_teardown.py for tasks to queue
[2025-03-09T15:11:53.971+0000] {logging_mixin.py:190} INFO - [2025-03-09T15:11:53.966+0000] {dagbag.py:588} INFO - Filling up the DagBag from /home/airflow/.local/lib/python3.12/site-packages/airflow/example_dags/example_setup_teardown.py
[2025-03-09T15:11:53.998+0000] {processor.py:925} INFO - DAG(s) 'example_setup_teardown' retrieved from /home/airflow/.local/lib/python3.12/site-packages/airflow/example_dags/example_setup_teardown.py
[2025-03-09T15:11:54.037+0000] {logging_mixin.py:190} INFO - [2025-03-09T15:11:54.037+0000] {dag.py:3239} INFO - Sync 1 DAGs
[2025-03-09T15:11:54.060+0000] {logging_mixin.py:190} INFO - [2025-03-09T15:11:54.060+0000] {dag.py:4180} INFO - Setting next_dagrun for example_setup_teardown to None, run_after=None
[2025-03-09T15:11:54.098+0000] {processor.py:208} INFO - Processing /home/airflow/.local/lib/python3.12/site-packages/airflow/example_dags/example_setup_teardown.py took 0.150 seconds
[2025-03-09T15:12:24.410+0000] {processor.py:186} INFO - Started process (PID=19241) to work on /home/airflow/.local/lib/python3.12/site-packages/airflow/example_dags/example_setup_teardown.py
[2025-03-09T15:12:24.412+0000] {processor.py:914} INFO - Processing file /home/airflow/.local/lib/python3.12/site-packages/airflow/example_dags/example_setup_teardown.py for tasks to queue
[2025-03-09T15:12:24.415+0000] {logging_mixin.py:190} INFO - [2025-03-09T15:12:24.415+0000] {dagbag.py:588} INFO - Filling up the DagBag from /home/airflow/.local/lib/python3.12/site-packages/airflow/example_dags/example_setup_teardown.py
[2025-03-09T15:12:24.428+0000] {processor.py:925} INFO - DAG(s) 'example_setup_teardown' retrieved from /home/airflow/.local/lib/python3.12/site-packages/airflow/example_dags/example_setup_teardown.py
[2025-03-09T15:12:24.463+0000] {logging_mixin.py:190} INFO - [2025-03-09T15:12:24.462+0000] {dag.py:3239} INFO - Sync 1 DAGs
[2025-03-09T15:12:24.486+0000] {logging_mixin.py:190} INFO - [2025-03-09T15:12:24.486+0000] {dag.py:4180} INFO - Setting next_dagrun for example_setup_teardown to None, run_after=None
[2025-03-09T15:12:24.523+0000] {processor.py:208} INFO - Processing /home/airflow/.local/lib/python3.12/site-packages/airflow/example_dags/example_setup_teardown.py took 0.122 seconds
[2025-03-09T15:12:54.629+0000] {processor.py:186} INFO - Started process (PID=19306) to work on /home/airflow/.local/lib/python3.12/site-packages/airflow/example_dags/example_setup_teardown.py
[2025-03-09T15:12:54.632+0000] {processor.py:914} INFO - Processing file /home/airflow/.local/lib/python3.12/site-packages/airflow/example_dags/example_setup_teardown.py for tasks to queue
[2025-03-09T15:12:54.635+0000] {logging_mixin.py:190} INFO - [2025-03-09T15:12:54.634+0000] {dagbag.py:588} INFO - Filling up the DagBag from /home/airflow/.local/lib/python3.12/site-packages/airflow/example_dags/example_setup_teardown.py
[2025-03-09T15:12:54.651+0000] {processor.py:925} INFO - DAG(s) 'example_setup_teardown' retrieved from /home/airflow/.local/lib/python3.12/site-packages/airflow/example_dags/example_setup_teardown.py
[2025-03-09T15:12:54.689+0000] {logging_mixin.py:190} INFO - [2025-03-09T15:12:54.688+0000] {dag.py:3239} INFO - Sync 1 DAGs
[2025-03-09T15:12:54.721+0000] {logging_mixin.py:190} INFO - [2025-03-09T15:12:54.720+0000] {dag.py:4180} INFO - Setting next_dagrun for example_setup_teardown to None, run_after=None
[2025-03-09T15:12:54.769+0000] {processor.py:208} INFO - Processing /home/airflow/.local/lib/python3.12/site-packages/airflow/example_dags/example_setup_teardown.py took 0.149 seconds
[2025-03-09T15:13:24.939+0000] {processor.py:186} INFO - Started process (PID=19371) to work on /home/airflow/.local/lib/python3.12/site-packages/airflow/example_dags/example_setup_teardown.py
[2025-03-09T15:13:24.941+0000] {processor.py:914} INFO - Processing file /home/airflow/.local/lib/python3.12/site-packages/airflow/example_dags/example_setup_teardown.py for tasks to queue
[2025-03-09T15:13:24.944+0000] {logging_mixin.py:190} INFO - [2025-03-09T15:13:24.943+0000] {dagbag.py:588} INFO - Filling up the DagBag from /home/airflow/.local/lib/python3.12/site-packages/airflow/example_dags/example_setup_teardown.py
[2025-03-09T15:13:24.962+0000] {processor.py:925} INFO - DAG(s) 'example_setup_teardown' retrieved from /home/airflow/.local/lib/python3.12/site-packages/airflow/example_dags/example_setup_teardown.py
[2025-03-09T15:13:25.000+0000] {logging_mixin.py:190} INFO - [2025-03-09T15:13:25.000+0000] {dag.py:3239} INFO - Sync 1 DAGs
[2025-03-09T15:13:25.026+0000] {logging_mixin.py:190} INFO - [2025-03-09T15:13:25.026+0000] {dag.py:4180} INFO - Setting next_dagrun for example_setup_teardown to None, run_after=None
[2025-03-09T15:13:25.062+0000] {processor.py:208} INFO - Processing /home/airflow/.local/lib/python3.12/site-packages/airflow/example_dags/example_setup_teardown.py took 0.135 seconds
[2025-03-09T15:13:55.310+0000] {processor.py:186} INFO - Started process (PID=19436) to work on /home/airflow/.local/lib/python3.12/site-packages/airflow/example_dags/example_setup_teardown.py
[2025-03-09T15:13:55.312+0000] {processor.py:914} INFO - Processing file /home/airflow/.local/lib/python3.12/site-packages/airflow/example_dags/example_setup_teardown.py for tasks to queue
[2025-03-09T15:13:55.314+0000] {logging_mixin.py:190} INFO - [2025-03-09T15:13:55.314+0000] {dagbag.py:588} INFO - Filling up the DagBag from /home/airflow/.local/lib/python3.12/site-packages/airflow/example_dags/example_setup_teardown.py
[2025-03-09T15:13:55.328+0000] {processor.py:925} INFO - DAG(s) 'example_setup_teardown' retrieved from /home/airflow/.local/lib/python3.12/site-packages/airflow/example_dags/example_setup_teardown.py
[2025-03-09T15:13:55.360+0000] {logging_mixin.py:190} INFO - [2025-03-09T15:13:55.360+0000] {dag.py:3239} INFO - Sync 1 DAGs
[2025-03-09T15:13:55.383+0000] {logging_mixin.py:190} INFO - [2025-03-09T15:13:55.383+0000] {dag.py:4180} INFO - Setting next_dagrun for example_setup_teardown to None, run_after=None
[2025-03-09T15:13:55.414+0000] {processor.py:208} INFO - Processing /home/airflow/.local/lib/python3.12/site-packages/airflow/example_dags/example_setup_teardown.py took 0.112 seconds
[2025-03-09T15:14:25.779+0000] {processor.py:186} INFO - Started process (PID=19501) to work on /home/airflow/.local/lib/python3.12/site-packages/airflow/example_dags/example_setup_teardown.py
[2025-03-09T15:14:25.781+0000] {processor.py:914} INFO - Processing file /home/airflow/.local/lib/python3.12/site-packages/airflow/example_dags/example_setup_teardown.py for tasks to queue
[2025-03-09T15:14:25.784+0000] {logging_mixin.py:190} INFO - [2025-03-09T15:14:25.783+0000] {dagbag.py:588} INFO - Filling up the DagBag from /home/airflow/.local/lib/python3.12/site-packages/airflow/example_dags/example_setup_teardown.py
[2025-03-09T15:14:25.797+0000] {processor.py:925} INFO - DAG(s) 'example_setup_teardown' retrieved from /home/airflow/.local/lib/python3.12/site-packages/airflow/example_dags/example_setup_teardown.py
[2025-03-09T15:14:25.832+0000] {logging_mixin.py:190} INFO - [2025-03-09T15:14:25.831+0000] {dag.py:3239} INFO - Sync 1 DAGs
[2025-03-09T15:14:25.865+0000] {logging_mixin.py:190} INFO - [2025-03-09T15:14:25.864+0000] {dag.py:4180} INFO - Setting next_dagrun for example_setup_teardown to None, run_after=None
[2025-03-09T15:14:25.899+0000] {processor.py:208} INFO - Processing /home/airflow/.local/lib/python3.12/site-packages/airflow/example_dags/example_setup_teardown.py took 0.130 seconds
[2025-03-09T15:14:56.041+0000] {processor.py:186} INFO - Started process (PID=19565) to work on /home/airflow/.local/lib/python3.12/site-packages/airflow/example_dags/example_setup_teardown.py
[2025-03-09T15:14:56.043+0000] {processor.py:914} INFO - Processing file /home/airflow/.local/lib/python3.12/site-packages/airflow/example_dags/example_setup_teardown.py for tasks to queue
[2025-03-09T15:14:56.046+0000] {logging_mixin.py:190} INFO - [2025-03-09T15:14:56.045+0000] {dagbag.py:588} INFO - Filling up the DagBag from /home/airflow/.local/lib/python3.12/site-packages/airflow/example_dags/example_setup_teardown.py
[2025-03-09T15:14:56.059+0000] {processor.py:925} INFO - DAG(s) 'example_setup_teardown' retrieved from /home/airflow/.local/lib/python3.12/site-packages/airflow/example_dags/example_setup_teardown.py
[2025-03-09T15:14:56.090+0000] {logging_mixin.py:190} INFO - [2025-03-09T15:14:56.089+0000] {dag.py:3239} INFO - Sync 1 DAGs
[2025-03-09T15:14:56.110+0000] {logging_mixin.py:190} INFO - [2025-03-09T15:14:56.109+0000] {dag.py:4180} INFO - Setting next_dagrun for example_setup_teardown to None, run_after=None
[2025-03-09T15:14:56.142+0000] {processor.py:208} INFO - Processing /home/airflow/.local/lib/python3.12/site-packages/airflow/example_dags/example_setup_teardown.py took 0.110 seconds
[2025-03-09T15:15:26.607+0000] {processor.py:186} INFO - Started process (PID=19631) to work on /home/airflow/.local/lib/python3.12/site-packages/airflow/example_dags/example_setup_teardown.py
[2025-03-09T15:15:26.608+0000] {processor.py:914} INFO - Processing file /home/airflow/.local/lib/python3.12/site-packages/airflow/example_dags/example_setup_teardown.py for tasks to queue
[2025-03-09T15:15:26.611+0000] {logging_mixin.py:190} INFO - [2025-03-09T15:15:26.610+0000] {dagbag.py:588} INFO - Filling up the DagBag from /home/airflow/.local/lib/python3.12/site-packages/airflow/example_dags/example_setup_teardown.py
[2025-03-09T15:15:26.624+0000] {processor.py:925} INFO - DAG(s) 'example_setup_teardown' retrieved from /home/airflow/.local/lib/python3.12/site-packages/airflow/example_dags/example_setup_teardown.py
[2025-03-09T15:15:26.661+0000] {logging_mixin.py:190} INFO - [2025-03-09T15:15:26.660+0000] {dag.py:3239} INFO - Sync 1 DAGs
[2025-03-09T15:15:26.682+0000] {logging_mixin.py:190} INFO - [2025-03-09T15:15:26.681+0000] {dag.py:4180} INFO - Setting next_dagrun for example_setup_teardown to None, run_after=None
[2025-03-09T15:15:26.733+0000] {processor.py:208} INFO - Processing /home/airflow/.local/lib/python3.12/site-packages/airflow/example_dags/example_setup_teardown.py took 0.134 seconds
[2025-03-09T15:15:57.384+0000] {processor.py:186} INFO - Started process (PID=19696) to work on /home/airflow/.local/lib/python3.12/site-packages/airflow/example_dags/example_setup_teardown.py
[2025-03-09T15:15:57.386+0000] {processor.py:914} INFO - Processing file /home/airflow/.local/lib/python3.12/site-packages/airflow/example_dags/example_setup_teardown.py for tasks to queue
[2025-03-09T15:15:57.389+0000] {logging_mixin.py:190} INFO - [2025-03-09T15:15:57.388+0000] {dagbag.py:588} INFO - Filling up the DagBag from /home/airflow/.local/lib/python3.12/site-packages/airflow/example_dags/example_setup_teardown.py
[2025-03-09T15:15:57.403+0000] {processor.py:925} INFO - DAG(s) 'example_setup_teardown' retrieved from /home/airflow/.local/lib/python3.12/site-packages/airflow/example_dags/example_setup_teardown.py
[2025-03-09T15:15:57.434+0000] {logging_mixin.py:190} INFO - [2025-03-09T15:15:57.434+0000] {dag.py:3239} INFO - Sync 1 DAGs
[2025-03-09T15:15:57.455+0000] {logging_mixin.py:190} INFO - [2025-03-09T15:15:57.455+0000] {dag.py:4180} INFO - Setting next_dagrun for example_setup_teardown to None, run_after=None
[2025-03-09T15:15:57.487+0000] {processor.py:208} INFO - Processing /home/airflow/.local/lib/python3.12/site-packages/airflow/example_dags/example_setup_teardown.py took 0.112 seconds
[2025-03-09T15:16:27.849+0000] {processor.py:186} INFO - Started process (PID=19761) to work on /home/airflow/.local/lib/python3.12/site-packages/airflow/example_dags/example_setup_teardown.py
[2025-03-09T15:16:27.851+0000] {processor.py:914} INFO - Processing file /home/airflow/.local/lib/python3.12/site-packages/airflow/example_dags/example_setup_teardown.py for tasks to queue
[2025-03-09T15:16:27.854+0000] {logging_mixin.py:190} INFO - [2025-03-09T15:16:27.854+0000] {dagbag.py:588} INFO - Filling up the DagBag from /home/airflow/.local/lib/python3.12/site-packages/airflow/example_dags/example_setup_teardown.py
[2025-03-09T15:16:27.871+0000] {processor.py:925} INFO - DAG(s) 'example_setup_teardown' retrieved from /home/airflow/.local/lib/python3.12/site-packages/airflow/example_dags/example_setup_teardown.py
[2025-03-09T15:16:27.909+0000] {logging_mixin.py:190} INFO - [2025-03-09T15:16:27.909+0000] {dag.py:3239} INFO - Sync 1 DAGs
[2025-03-09T15:16:27.935+0000] {logging_mixin.py:190} INFO - [2025-03-09T15:16:27.935+0000] {dag.py:4180} INFO - Setting next_dagrun for example_setup_teardown to None, run_after=None
[2025-03-09T15:16:27.969+0000] {processor.py:208} INFO - Processing /home/airflow/.local/lib/python3.12/site-packages/airflow/example_dags/example_setup_teardown.py took 0.127 seconds
[2025-03-09T15:16:58.372+0000] {processor.py:186} INFO - Started process (PID=19826) to work on /home/airflow/.local/lib/python3.12/site-packages/airflow/example_dags/example_setup_teardown.py
[2025-03-09T15:16:58.374+0000] {processor.py:914} INFO - Processing file /home/airflow/.local/lib/python3.12/site-packages/airflow/example_dags/example_setup_teardown.py for tasks to queue
[2025-03-09T15:16:58.377+0000] {logging_mixin.py:190} INFO - [2025-03-09T15:16:58.376+0000] {dagbag.py:588} INFO - Filling up the DagBag from /home/airflow/.local/lib/python3.12/site-packages/airflow/example_dags/example_setup_teardown.py
[2025-03-09T15:16:58.391+0000] {processor.py:925} INFO - DAG(s) 'example_setup_teardown' retrieved from /home/airflow/.local/lib/python3.12/site-packages/airflow/example_dags/example_setup_teardown.py
[2025-03-09T15:16:58.421+0000] {logging_mixin.py:190} INFO - [2025-03-09T15:16:58.421+0000] {dag.py:3239} INFO - Sync 1 DAGs
[2025-03-09T15:16:58.441+0000] {logging_mixin.py:190} INFO - [2025-03-09T15:16:58.441+0000] {dag.py:4180} INFO - Setting next_dagrun for example_setup_teardown to None, run_after=None
[2025-03-09T15:16:58.472+0000] {processor.py:208} INFO - Processing /home/airflow/.local/lib/python3.12/site-packages/airflow/example_dags/example_setup_teardown.py took 0.107 seconds
[2025-03-09T15:17:29.101+0000] {processor.py:186} INFO - Started process (PID=19891) to work on /home/airflow/.local/lib/python3.12/site-packages/airflow/example_dags/example_setup_teardown.py
[2025-03-09T15:17:29.102+0000] {processor.py:914} INFO - Processing file /home/airflow/.local/lib/python3.12/site-packages/airflow/example_dags/example_setup_teardown.py for tasks to queue
[2025-03-09T15:17:29.105+0000] {logging_mixin.py:190} INFO - [2025-03-09T15:17:29.104+0000] {dagbag.py:588} INFO - Filling up the DagBag from /home/airflow/.local/lib/python3.12/site-packages/airflow/example_dags/example_setup_teardown.py
[2025-03-09T15:17:29.121+0000] {processor.py:925} INFO - DAG(s) 'example_setup_teardown' retrieved from /home/airflow/.local/lib/python3.12/site-packages/airflow/example_dags/example_setup_teardown.py
[2025-03-09T15:17:29.153+0000] {logging_mixin.py:190} INFO - [2025-03-09T15:17:29.152+0000] {dag.py:3239} INFO - Sync 1 DAGs
[2025-03-09T15:17:29.180+0000] {logging_mixin.py:190} INFO - [2025-03-09T15:17:29.180+0000] {dag.py:4180} INFO - Setting next_dagrun for example_setup_teardown to None, run_after=None
[2025-03-09T15:17:29.213+0000] {processor.py:208} INFO - Processing /home/airflow/.local/lib/python3.12/site-packages/airflow/example_dags/example_setup_teardown.py took 0.121 seconds
[2025-03-09T15:17:59.445+0000] {processor.py:186} INFO - Started process (PID=19956) to work on /home/airflow/.local/lib/python3.12/site-packages/airflow/example_dags/example_setup_teardown.py
[2025-03-09T15:17:59.446+0000] {processor.py:914} INFO - Processing file /home/airflow/.local/lib/python3.12/site-packages/airflow/example_dags/example_setup_teardown.py for tasks to queue
[2025-03-09T15:17:59.449+0000] {logging_mixin.py:190} INFO - [2025-03-09T15:17:59.448+0000] {dagbag.py:588} INFO - Filling up the DagBag from /home/airflow/.local/lib/python3.12/site-packages/airflow/example_dags/example_setup_teardown.py
[2025-03-09T15:17:59.463+0000] {processor.py:925} INFO - DAG(s) 'example_setup_teardown' retrieved from /home/airflow/.local/lib/python3.12/site-packages/airflow/example_dags/example_setup_teardown.py
[2025-03-09T15:17:59.499+0000] {logging_mixin.py:190} INFO - [2025-03-09T15:17:59.498+0000] {dag.py:3239} INFO - Sync 1 DAGs
[2025-03-09T15:17:59.520+0000] {logging_mixin.py:190} INFO - [2025-03-09T15:17:59.520+0000] {dag.py:4180} INFO - Setting next_dagrun for example_setup_teardown to None, run_after=None
[2025-03-09T15:17:59.555+0000] {processor.py:208} INFO - Processing /home/airflow/.local/lib/python3.12/site-packages/airflow/example_dags/example_setup_teardown.py took 0.118 seconds
[2025-03-09T15:18:30.138+0000] {processor.py:186} INFO - Started process (PID=20022) to work on /home/airflow/.local/lib/python3.12/site-packages/airflow/example_dags/example_setup_teardown.py
[2025-03-09T15:18:30.140+0000] {processor.py:914} INFO - Processing file /home/airflow/.local/lib/python3.12/site-packages/airflow/example_dags/example_setup_teardown.py for tasks to queue
[2025-03-09T15:18:30.143+0000] {logging_mixin.py:190} INFO - [2025-03-09T15:18:30.142+0000] {dagbag.py:588} INFO - Filling up the DagBag from /home/airflow/.local/lib/python3.12/site-packages/airflow/example_dags/example_setup_teardown.py
[2025-03-09T15:18:30.158+0000] {processor.py:925} INFO - DAG(s) 'example_setup_teardown' retrieved from /home/airflow/.local/lib/python3.12/site-packages/airflow/example_dags/example_setup_teardown.py
[2025-03-09T15:18:30.190+0000] {logging_mixin.py:190} INFO - [2025-03-09T15:18:30.190+0000] {dag.py:3239} INFO - Sync 1 DAGs
[2025-03-09T15:18:30.211+0000] {logging_mixin.py:190} INFO - [2025-03-09T15:18:30.210+0000] {dag.py:4180} INFO - Setting next_dagrun for example_setup_teardown to None, run_after=None
[2025-03-09T15:18:30.243+0000] {processor.py:208} INFO - Processing /home/airflow/.local/lib/python3.12/site-packages/airflow/example_dags/example_setup_teardown.py took 0.113 seconds
[2025-03-09T15:19:00.891+0000] {processor.py:186} INFO - Started process (PID=20087) to work on /home/airflow/.local/lib/python3.12/site-packages/airflow/example_dags/example_setup_teardown.py
[2025-03-09T15:19:00.893+0000] {processor.py:914} INFO - Processing file /home/airflow/.local/lib/python3.12/site-packages/airflow/example_dags/example_setup_teardown.py for tasks to queue
[2025-03-09T15:19:00.895+0000] {logging_mixin.py:190} INFO - [2025-03-09T15:19:00.895+0000] {dagbag.py:588} INFO - Filling up the DagBag from /home/airflow/.local/lib/python3.12/site-packages/airflow/example_dags/example_setup_teardown.py
[2025-03-09T15:19:00.911+0000] {processor.py:925} INFO - DAG(s) 'example_setup_teardown' retrieved from /home/airflow/.local/lib/python3.12/site-packages/airflow/example_dags/example_setup_teardown.py
[2025-03-09T15:19:00.944+0000] {logging_mixin.py:190} INFO - [2025-03-09T15:19:00.943+0000] {dag.py:3239} INFO - Sync 1 DAGs
[2025-03-09T15:19:00.965+0000] {logging_mixin.py:190} INFO - [2025-03-09T15:19:00.965+0000] {dag.py:4180} INFO - Setting next_dagrun for example_setup_teardown to None, run_after=None
[2025-03-09T15:19:00.997+0000] {processor.py:208} INFO - Processing /home/airflow/.local/lib/python3.12/site-packages/airflow/example_dags/example_setup_teardown.py took 0.114 seconds
[2025-03-09T15:19:31.472+0000] {processor.py:186} INFO - Started process (PID=20152) to work on /home/airflow/.local/lib/python3.12/site-packages/airflow/example_dags/example_setup_teardown.py
[2025-03-09T15:19:31.474+0000] {processor.py:914} INFO - Processing file /home/airflow/.local/lib/python3.12/site-packages/airflow/example_dags/example_setup_teardown.py for tasks to queue
[2025-03-09T15:19:31.477+0000] {logging_mixin.py:190} INFO - [2025-03-09T15:19:31.476+0000] {dagbag.py:588} INFO - Filling up the DagBag from /home/airflow/.local/lib/python3.12/site-packages/airflow/example_dags/example_setup_teardown.py
[2025-03-09T15:19:31.495+0000] {processor.py:925} INFO - DAG(s) 'example_setup_teardown' retrieved from /home/airflow/.local/lib/python3.12/site-packages/airflow/example_dags/example_setup_teardown.py
[2025-03-09T15:19:31.539+0000] {logging_mixin.py:190} INFO - [2025-03-09T15:19:31.539+0000] {dag.py:3239} INFO - Sync 1 DAGs
[2025-03-09T15:19:31.565+0000] {logging_mixin.py:190} INFO - [2025-03-09T15:19:31.564+0000] {dag.py:4180} INFO - Setting next_dagrun for example_setup_teardown to None, run_after=None
[2025-03-09T15:19:31.596+0000] {processor.py:208} INFO - Processing /home/airflow/.local/lib/python3.12/site-packages/airflow/example_dags/example_setup_teardown.py took 0.134 seconds
[2025-03-09T15:20:02.105+0000] {processor.py:186} INFO - Started process (PID=20217) to work on /home/airflow/.local/lib/python3.12/site-packages/airflow/example_dags/example_setup_teardown.py
[2025-03-09T15:20:02.106+0000] {processor.py:914} INFO - Processing file /home/airflow/.local/lib/python3.12/site-packages/airflow/example_dags/example_setup_teardown.py for tasks to queue
[2025-03-09T15:20:02.108+0000] {logging_mixin.py:190} INFO - [2025-03-09T15:20:02.108+0000] {dagbag.py:588} INFO - Filling up the DagBag from /home/airflow/.local/lib/python3.12/site-packages/airflow/example_dags/example_setup_teardown.py
[2025-03-09T15:20:02.120+0000] {processor.py:925} INFO - DAG(s) 'example_setup_teardown' retrieved from /home/airflow/.local/lib/python3.12/site-packages/airflow/example_dags/example_setup_teardown.py
[2025-03-09T15:20:02.151+0000] {logging_mixin.py:190} INFO - [2025-03-09T15:20:02.151+0000] {dag.py:3239} INFO - Sync 1 DAGs
[2025-03-09T15:20:02.174+0000] {logging_mixin.py:190} INFO - [2025-03-09T15:20:02.174+0000] {dag.py:4180} INFO - Setting next_dagrun for example_setup_teardown to None, run_after=None
[2025-03-09T15:20:02.207+0000] {processor.py:208} INFO - Processing /home/airflow/.local/lib/python3.12/site-packages/airflow/example_dags/example_setup_teardown.py took 0.109 seconds
