[2025-03-09T08:58:18.916+0000] {processor.py:186} INFO - Started process (PID=117) to work on /home/airflow/.local/lib/python3.12/site-packages/airflow/example_dags/example_latest_only_with_trigger.py
[2025-03-09T08:58:18.918+0000] {processor.py:914} INFO - Processing file /home/airflow/.local/lib/python3.12/site-packages/airflow/example_dags/example_latest_only_with_trigger.py for tasks to queue
[2025-03-09T08:58:18.925+0000] {logging_mixin.py:190} INFO - [2025-03-09T08:58:18.925+0000] {dagbag.py:588} INFO - Filling up the DagBag from /home/airflow/.local/lib/python3.12/site-packages/airflow/example_dags/example_latest_only_with_trigger.py
[2025-03-09T08:58:18.941+0000] {processor.py:925} INFO - DAG(s) 'latest_only_with_trigger' retrieved from /home/airflow/.local/lib/python3.12/site-packages/airflow/example_dags/example_latest_only_with_trigger.py
[2025-03-09T08:58:19.154+0000] {logging_mixin.py:190} INFO - [2025-03-09T08:58:19.153+0000] {override.py:1912} INFO - Created Permission View: can edit on DAG:latest_only_with_trigger
[2025-03-09T08:58:19.185+0000] {logging_mixin.py:190} INFO - [2025-03-09T08:58:19.184+0000] {override.py:1912} INFO - Created Permission View: can delete on DAG:latest_only_with_trigger
[2025-03-09T08:58:19.201+0000] {logging_mixin.py:190} INFO - [2025-03-09T08:58:19.201+0000] {override.py:1912} INFO - Created Permission View: can read on DAG:latest_only_with_trigger
[2025-03-09T08:58:19.219+0000] {logging_mixin.py:190} INFO - [2025-03-09T08:58:19.219+0000] {override.py:1912} INFO - Created Permission View: menu access on DAG Run:latest_only_with_trigger
[2025-03-09T08:58:19.235+0000] {logging_mixin.py:190} INFO - [2025-03-09T08:58:19.234+0000] {override.py:1912} INFO - Created Permission View: can delete on DAG Run:latest_only_with_trigger
[2025-03-09T08:58:19.251+0000] {logging_mixin.py:190} INFO - [2025-03-09T08:58:19.251+0000] {override.py:1912} INFO - Created Permission View: can create on DAG Run:latest_only_with_trigger
[2025-03-09T08:58:19.268+0000] {logging_mixin.py:190} INFO - [2025-03-09T08:58:19.267+0000] {override.py:1912} INFO - Created Permission View: can read on DAG Run:latest_only_with_trigger
[2025-03-09T08:58:19.269+0000] {logging_mixin.py:190} INFO - [2025-03-09T08:58:19.269+0000] {dag.py:3239} INFO - Sync 1 DAGs
[2025-03-09T08:58:19.296+0000] {logging_mixin.py:190} INFO - [2025-03-09T08:58:19.295+0000] {dag.py:3262} INFO - Creating ORM DAG for latest_only_with_trigger
[2025-03-09T08:58:19.313+0000] {logging_mixin.py:190} INFO - [2025-03-09T08:58:19.312+0000] {dag.py:4180} INFO - Setting next_dagrun for latest_only_with_trigger to 2025-03-09 04:00:00+00:00, run_after=2025-03-09 08:00:00+00:00
[2025-03-09T08:58:19.347+0000] {processor.py:208} INFO - Processing /home/airflow/.local/lib/python3.12/site-packages/airflow/example_dags/example_latest_only_with_trigger.py took 0.449 seconds
[2025-03-09T08:58:50.137+0000] {processor.py:186} INFO - Started process (PID=181) to work on /home/airflow/.local/lib/python3.12/site-packages/airflow/example_dags/example_latest_only_with_trigger.py
[2025-03-09T08:58:50.138+0000] {processor.py:914} INFO - Processing file /home/airflow/.local/lib/python3.12/site-packages/airflow/example_dags/example_latest_only_with_trigger.py for tasks to queue
[2025-03-09T08:58:50.144+0000] {logging_mixin.py:190} INFO - [2025-03-09T08:58:50.143+0000] {dagbag.py:588} INFO - Filling up the DagBag from /home/airflow/.local/lib/python3.12/site-packages/airflow/example_dags/example_latest_only_with_trigger.py
[2025-03-09T08:58:50.171+0000] {processor.py:925} INFO - DAG(s) 'latest_only_with_trigger' retrieved from /home/airflow/.local/lib/python3.12/site-packages/airflow/example_dags/example_latest_only_with_trigger.py
[2025-03-09T08:58:50.214+0000] {logging_mixin.py:190} INFO - [2025-03-09T08:58:50.213+0000] {dag.py:3239} INFO - Sync 1 DAGs
[2025-03-09T08:58:50.271+0000] {logging_mixin.py:190} INFO - [2025-03-09T08:58:50.271+0000] {dag.py:4180} INFO - Setting next_dagrun for latest_only_with_trigger to 2025-03-09 04:00:00+00:00, run_after=2025-03-09 08:00:00+00:00
[2025-03-09T08:58:50.308+0000] {processor.py:208} INFO - Processing /home/airflow/.local/lib/python3.12/site-packages/airflow/example_dags/example_latest_only_with_trigger.py took 0.182 seconds
[2025-03-09T08:59:21.232+0000] {processor.py:186} INFO - Started process (PID=246) to work on /home/airflow/.local/lib/python3.12/site-packages/airflow/example_dags/example_latest_only_with_trigger.py
[2025-03-09T08:59:21.234+0000] {processor.py:914} INFO - Processing file /home/airflow/.local/lib/python3.12/site-packages/airflow/example_dags/example_latest_only_with_trigger.py for tasks to queue
[2025-03-09T08:59:21.239+0000] {logging_mixin.py:190} INFO - [2025-03-09T08:59:21.238+0000] {dagbag.py:588} INFO - Filling up the DagBag from /home/airflow/.local/lib/python3.12/site-packages/airflow/example_dags/example_latest_only_with_trigger.py
[2025-03-09T08:59:21.265+0000] {processor.py:925} INFO - DAG(s) 'latest_only_with_trigger' retrieved from /home/airflow/.local/lib/python3.12/site-packages/airflow/example_dags/example_latest_only_with_trigger.py
[2025-03-09T08:59:21.312+0000] {logging_mixin.py:190} INFO - [2025-03-09T08:59:21.312+0000] {dag.py:3239} INFO - Sync 1 DAGs
[2025-03-09T08:59:21.379+0000] {logging_mixin.py:190} INFO - [2025-03-09T08:59:21.379+0000] {dag.py:4180} INFO - Setting next_dagrun for latest_only_with_trigger to 2025-03-09 04:00:00+00:00, run_after=2025-03-09 08:00:00+00:00
[2025-03-09T08:59:21.471+0000] {processor.py:208} INFO - Processing /home/airflow/.local/lib/python3.12/site-packages/airflow/example_dags/example_latest_only_with_trigger.py took 0.251 seconds
[2025-03-09T08:59:51.790+0000] {processor.py:186} INFO - Started process (PID=311) to work on /home/airflow/.local/lib/python3.12/site-packages/airflow/example_dags/example_latest_only_with_trigger.py
[2025-03-09T08:59:51.792+0000] {processor.py:914} INFO - Processing file /home/airflow/.local/lib/python3.12/site-packages/airflow/example_dags/example_latest_only_with_trigger.py for tasks to queue
[2025-03-09T08:59:51.796+0000] {logging_mixin.py:190} INFO - [2025-03-09T08:59:51.796+0000] {dagbag.py:588} INFO - Filling up the DagBag from /home/airflow/.local/lib/python3.12/site-packages/airflow/example_dags/example_latest_only_with_trigger.py
[2025-03-09T08:59:51.808+0000] {processor.py:925} INFO - DAG(s) 'latest_only_with_trigger' retrieved from /home/airflow/.local/lib/python3.12/site-packages/airflow/example_dags/example_latest_only_with_trigger.py
[2025-03-09T08:59:51.842+0000] {logging_mixin.py:190} INFO - [2025-03-09T08:59:51.841+0000] {dag.py:3239} INFO - Sync 1 DAGs
[2025-03-09T08:59:51.878+0000] {logging_mixin.py:190} INFO - [2025-03-09T08:59:51.878+0000] {dag.py:4180} INFO - Setting next_dagrun for latest_only_with_trigger to 2025-03-09 04:00:00+00:00, run_after=2025-03-09 08:00:00+00:00
[2025-03-09T08:59:51.910+0000] {processor.py:208} INFO - Processing /home/airflow/.local/lib/python3.12/site-packages/airflow/example_dags/example_latest_only_with_trigger.py took 0.128 seconds
[2025-03-09T09:00:22.387+0000] {processor.py:186} INFO - Started process (PID=376) to work on /home/airflow/.local/lib/python3.12/site-packages/airflow/example_dags/example_latest_only_with_trigger.py
[2025-03-09T09:00:22.389+0000] {processor.py:914} INFO - Processing file /home/airflow/.local/lib/python3.12/site-packages/airflow/example_dags/example_latest_only_with_trigger.py for tasks to queue
[2025-03-09T09:00:22.396+0000] {logging_mixin.py:190} INFO - [2025-03-09T09:00:22.395+0000] {dagbag.py:588} INFO - Filling up the DagBag from /home/airflow/.local/lib/python3.12/site-packages/airflow/example_dags/example_latest_only_with_trigger.py
[2025-03-09T09:00:22.418+0000] {processor.py:925} INFO - DAG(s) 'latest_only_with_trigger' retrieved from /home/airflow/.local/lib/python3.12/site-packages/airflow/example_dags/example_latest_only_with_trigger.py
[2025-03-09T09:00:22.479+0000] {logging_mixin.py:190} INFO - [2025-03-09T09:00:22.478+0000] {dag.py:3239} INFO - Sync 1 DAGs
[2025-03-09T09:00:22.534+0000] {logging_mixin.py:190} INFO - [2025-03-09T09:00:22.534+0000] {dag.py:4180} INFO - Setting next_dagrun for latest_only_with_trigger to 2025-03-09 04:00:00+00:00, run_after=2025-03-09 08:00:00+00:00
[2025-03-09T09:00:22.584+0000] {processor.py:208} INFO - Processing /home/airflow/.local/lib/python3.12/site-packages/airflow/example_dags/example_latest_only_with_trigger.py took 0.215 seconds
[2025-03-09T09:16:52.078+0000] {processor.py:186} INFO - Started process (PID=116) to work on /home/airflow/.local/lib/python3.12/site-packages/airflow/example_dags/example_latest_only_with_trigger.py
[2025-03-09T09:16:52.080+0000] {processor.py:914} INFO - Processing file /home/airflow/.local/lib/python3.12/site-packages/airflow/example_dags/example_latest_only_with_trigger.py for tasks to queue
[2025-03-09T09:16:52.084+0000] {logging_mixin.py:190} INFO - [2025-03-09T09:16:52.084+0000] {dagbag.py:588} INFO - Filling up the DagBag from /home/airflow/.local/lib/python3.12/site-packages/airflow/example_dags/example_latest_only_with_trigger.py
[2025-03-09T09:16:52.099+0000] {processor.py:925} INFO - DAG(s) 'latest_only_with_trigger' retrieved from /home/airflow/.local/lib/python3.12/site-packages/airflow/example_dags/example_latest_only_with_trigger.py
[2025-03-09T09:16:52.301+0000] {logging_mixin.py:190} INFO - [2025-03-09T09:16:52.300+0000] {override.py:1912} INFO - Created Permission View: can delete on DAG:latest_only_with_trigger
[2025-03-09T09:16:52.331+0000] {logging_mixin.py:190} INFO - [2025-03-09T09:16:52.330+0000] {override.py:1912} INFO - Created Permission View: can edit on DAG:latest_only_with_trigger
[2025-03-09T09:16:52.352+0000] {logging_mixin.py:190} INFO - [2025-03-09T09:16:52.351+0000] {override.py:1912} INFO - Created Permission View: can read on DAG:latest_only_with_trigger
[2025-03-09T09:16:52.373+0000] {logging_mixin.py:190} INFO - [2025-03-09T09:16:52.372+0000] {override.py:1912} INFO - Created Permission View: can delete on DAG Run:latest_only_with_trigger
[2025-03-09T09:16:52.390+0000] {logging_mixin.py:190} INFO - [2025-03-09T09:16:52.389+0000] {override.py:1912} INFO - Created Permission View: menu access on DAG Run:latest_only_with_trigger
[2025-03-09T09:16:52.407+0000] {logging_mixin.py:190} INFO - [2025-03-09T09:16:52.406+0000] {override.py:1912} INFO - Created Permission View: can create on DAG Run:latest_only_with_trigger
[2025-03-09T09:16:52.425+0000] {logging_mixin.py:190} INFO - [2025-03-09T09:16:52.425+0000] {override.py:1912} INFO - Created Permission View: can read on DAG Run:latest_only_with_trigger
[2025-03-09T09:16:52.427+0000] {logging_mixin.py:190} INFO - [2025-03-09T09:16:52.426+0000] {dag.py:3239} INFO - Sync 1 DAGs
[2025-03-09T09:16:52.457+0000] {logging_mixin.py:190} INFO - [2025-03-09T09:16:52.456+0000] {dag.py:3262} INFO - Creating ORM DAG for latest_only_with_trigger
[2025-03-09T09:16:52.484+0000] {logging_mixin.py:190} INFO - [2025-03-09T09:16:52.483+0000] {dag.py:4180} INFO - Setting next_dagrun for latest_only_with_trigger to 2025-03-09 04:00:00+00:00, run_after=2025-03-09 08:00:00+00:00
[2025-03-09T09:16:52.519+0000] {processor.py:208} INFO - Processing /home/airflow/.local/lib/python3.12/site-packages/airflow/example_dags/example_latest_only_with_trigger.py took 0.451 seconds
[2025-03-09T09:17:23.209+0000] {processor.py:186} INFO - Started process (PID=180) to work on /home/airflow/.local/lib/python3.12/site-packages/airflow/example_dags/example_latest_only_with_trigger.py
[2025-03-09T09:17:23.211+0000] {processor.py:914} INFO - Processing file /home/airflow/.local/lib/python3.12/site-packages/airflow/example_dags/example_latest_only_with_trigger.py for tasks to queue
[2025-03-09T09:17:23.215+0000] {logging_mixin.py:190} INFO - [2025-03-09T09:17:23.214+0000] {dagbag.py:588} INFO - Filling up the DagBag from /home/airflow/.local/lib/python3.12/site-packages/airflow/example_dags/example_latest_only_with_trigger.py
[2025-03-09T09:17:23.227+0000] {processor.py:925} INFO - DAG(s) 'latest_only_with_trigger' retrieved from /home/airflow/.local/lib/python3.12/site-packages/airflow/example_dags/example_latest_only_with_trigger.py
[2025-03-09T09:17:23.261+0000] {logging_mixin.py:190} INFO - [2025-03-09T09:17:23.261+0000] {dag.py:3239} INFO - Sync 1 DAGs
[2025-03-09T09:17:23.299+0000] {logging_mixin.py:190} INFO - [2025-03-09T09:17:23.299+0000] {dag.py:4180} INFO - Setting next_dagrun for latest_only_with_trigger to 2025-03-09 04:00:00+00:00, run_after=2025-03-09 08:00:00+00:00
[2025-03-09T09:17:23.332+0000] {processor.py:208} INFO - Processing /home/airflow/.local/lib/python3.12/site-packages/airflow/example_dags/example_latest_only_with_trigger.py took 0.132 seconds
[2025-03-09T09:17:53.749+0000] {processor.py:186} INFO - Started process (PID=245) to work on /home/airflow/.local/lib/python3.12/site-packages/airflow/example_dags/example_latest_only_with_trigger.py
[2025-03-09T09:17:53.751+0000] {processor.py:914} INFO - Processing file /home/airflow/.local/lib/python3.12/site-packages/airflow/example_dags/example_latest_only_with_trigger.py for tasks to queue
[2025-03-09T09:17:53.755+0000] {logging_mixin.py:190} INFO - [2025-03-09T09:17:53.755+0000] {dagbag.py:588} INFO - Filling up the DagBag from /home/airflow/.local/lib/python3.12/site-packages/airflow/example_dags/example_latest_only_with_trigger.py
[2025-03-09T09:17:53.767+0000] {processor.py:925} INFO - DAG(s) 'latest_only_with_trigger' retrieved from /home/airflow/.local/lib/python3.12/site-packages/airflow/example_dags/example_latest_only_with_trigger.py
[2025-03-09T09:17:53.828+0000] {logging_mixin.py:190} INFO - [2025-03-09T09:17:53.827+0000] {dag.py:3239} INFO - Sync 1 DAGs
[2025-03-09T09:17:53.875+0000] {logging_mixin.py:190} INFO - [2025-03-09T09:17:53.874+0000] {dag.py:4180} INFO - Setting next_dagrun for latest_only_with_trigger to 2025-03-09 04:00:00+00:00, run_after=2025-03-09 08:00:00+00:00
[2025-03-09T09:17:53.923+0000] {processor.py:208} INFO - Processing /home/airflow/.local/lib/python3.12/site-packages/airflow/example_dags/example_latest_only_with_trigger.py took 0.183 seconds
[2025-03-09T09:18:24.303+0000] {processor.py:186} INFO - Started process (PID=316) to work on /home/airflow/.local/lib/python3.12/site-packages/airflow/example_dags/example_latest_only_with_trigger.py
[2025-03-09T09:18:24.305+0000] {processor.py:914} INFO - Processing file /home/airflow/.local/lib/python3.12/site-packages/airflow/example_dags/example_latest_only_with_trigger.py for tasks to queue
[2025-03-09T09:18:24.310+0000] {logging_mixin.py:190} INFO - [2025-03-09T09:18:24.309+0000] {dagbag.py:588} INFO - Filling up the DagBag from /home/airflow/.local/lib/python3.12/site-packages/airflow/example_dags/example_latest_only_with_trigger.py
[2025-03-09T09:18:24.327+0000] {processor.py:925} INFO - DAG(s) 'latest_only_with_trigger' retrieved from /home/airflow/.local/lib/python3.12/site-packages/airflow/example_dags/example_latest_only_with_trigger.py
[2025-03-09T09:18:24.364+0000] {logging_mixin.py:190} INFO - [2025-03-09T09:18:24.363+0000] {dag.py:3239} INFO - Sync 1 DAGs
[2025-03-09T09:18:24.409+0000] {logging_mixin.py:190} INFO - [2025-03-09T09:18:24.409+0000] {dag.py:4180} INFO - Setting next_dagrun for latest_only_with_trigger to 2025-03-09 04:00:00+00:00, run_after=2025-03-09 08:00:00+00:00
[2025-03-09T09:18:24.455+0000] {processor.py:208} INFO - Processing /home/airflow/.local/lib/python3.12/site-packages/airflow/example_dags/example_latest_only_with_trigger.py took 0.163 seconds
[2025-03-09T09:18:55.097+0000] {processor.py:186} INFO - Started process (PID=380) to work on /home/airflow/.local/lib/python3.12/site-packages/airflow/example_dags/example_latest_only_with_trigger.py
[2025-03-09T09:18:55.099+0000] {processor.py:914} INFO - Processing file /home/airflow/.local/lib/python3.12/site-packages/airflow/example_dags/example_latest_only_with_trigger.py for tasks to queue
[2025-03-09T09:18:55.103+0000] {logging_mixin.py:190} INFO - [2025-03-09T09:18:55.103+0000] {dagbag.py:588} INFO - Filling up the DagBag from /home/airflow/.local/lib/python3.12/site-packages/airflow/example_dags/example_latest_only_with_trigger.py
[2025-03-09T09:18:55.121+0000] {processor.py:925} INFO - DAG(s) 'latest_only_with_trigger' retrieved from /home/airflow/.local/lib/python3.12/site-packages/airflow/example_dags/example_latest_only_with_trigger.py
[2025-03-09T09:18:55.192+0000] {logging_mixin.py:190} INFO - [2025-03-09T09:18:55.192+0000] {dag.py:3239} INFO - Sync 1 DAGs
[2025-03-09T09:18:55.253+0000] {logging_mixin.py:190} INFO - [2025-03-09T09:18:55.252+0000] {dag.py:4180} INFO - Setting next_dagrun for latest_only_with_trigger to 2025-03-09 04:00:00+00:00, run_after=2025-03-09 08:00:00+00:00
[2025-03-09T09:18:55.310+0000] {processor.py:208} INFO - Processing /home/airflow/.local/lib/python3.12/site-packages/airflow/example_dags/example_latest_only_with_trigger.py took 0.232 seconds
[2025-03-09T09:19:26.352+0000] {processor.py:186} INFO - Started process (PID=445) to work on /home/airflow/.local/lib/python3.12/site-packages/airflow/example_dags/example_latest_only_with_trigger.py
[2025-03-09T09:19:26.354+0000] {processor.py:914} INFO - Processing file /home/airflow/.local/lib/python3.12/site-packages/airflow/example_dags/example_latest_only_with_trigger.py for tasks to queue
[2025-03-09T09:19:26.361+0000] {logging_mixin.py:190} INFO - [2025-03-09T09:19:26.361+0000] {dagbag.py:588} INFO - Filling up the DagBag from /home/airflow/.local/lib/python3.12/site-packages/airflow/example_dags/example_latest_only_with_trigger.py
[2025-03-09T09:19:26.377+0000] {processor.py:925} INFO - DAG(s) 'latest_only_with_trigger' retrieved from /home/airflow/.local/lib/python3.12/site-packages/airflow/example_dags/example_latest_only_with_trigger.py
[2025-03-09T09:19:26.415+0000] {logging_mixin.py:190} INFO - [2025-03-09T09:19:26.415+0000] {dag.py:3239} INFO - Sync 1 DAGs
[2025-03-09T09:19:26.459+0000] {logging_mixin.py:190} INFO - [2025-03-09T09:19:26.458+0000] {dag.py:4180} INFO - Setting next_dagrun for latest_only_with_trigger to 2025-03-09 04:00:00+00:00, run_after=2025-03-09 08:00:00+00:00
[2025-03-09T09:19:26.497+0000] {processor.py:208} INFO - Processing /home/airflow/.local/lib/python3.12/site-packages/airflow/example_dags/example_latest_only_with_trigger.py took 0.156 seconds
[2025-03-09T09:19:56.598+0000] {processor.py:186} INFO - Started process (PID=509) to work on /home/airflow/.local/lib/python3.12/site-packages/airflow/example_dags/example_latest_only_with_trigger.py
[2025-03-09T09:19:56.600+0000] {processor.py:914} INFO - Processing file /home/airflow/.local/lib/python3.12/site-packages/airflow/example_dags/example_latest_only_with_trigger.py for tasks to queue
[2025-03-09T09:19:56.605+0000] {logging_mixin.py:190} INFO - [2025-03-09T09:19:56.604+0000] {dagbag.py:588} INFO - Filling up the DagBag from /home/airflow/.local/lib/python3.12/site-packages/airflow/example_dags/example_latest_only_with_trigger.py
[2025-03-09T09:19:56.619+0000] {processor.py:925} INFO - DAG(s) 'latest_only_with_trigger' retrieved from /home/airflow/.local/lib/python3.12/site-packages/airflow/example_dags/example_latest_only_with_trigger.py
[2025-03-09T09:19:56.656+0000] {logging_mixin.py:190} INFO - [2025-03-09T09:19:56.655+0000] {dag.py:3239} INFO - Sync 1 DAGs
[2025-03-09T09:19:56.695+0000] {logging_mixin.py:190} INFO - [2025-03-09T09:19:56.695+0000] {dag.py:4180} INFO - Setting next_dagrun for latest_only_with_trigger to 2025-03-09 04:00:00+00:00, run_after=2025-03-09 08:00:00+00:00
[2025-03-09T09:19:56.728+0000] {processor.py:208} INFO - Processing /home/airflow/.local/lib/python3.12/site-packages/airflow/example_dags/example_latest_only_with_trigger.py took 0.139 seconds
[2025-03-09T09:20:27.279+0000] {processor.py:186} INFO - Started process (PID=574) to work on /home/airflow/.local/lib/python3.12/site-packages/airflow/example_dags/example_latest_only_with_trigger.py
[2025-03-09T09:20:27.281+0000] {processor.py:914} INFO - Processing file /home/airflow/.local/lib/python3.12/site-packages/airflow/example_dags/example_latest_only_with_trigger.py for tasks to queue
[2025-03-09T09:20:27.285+0000] {logging_mixin.py:190} INFO - [2025-03-09T09:20:27.284+0000] {dagbag.py:588} INFO - Filling up the DagBag from /home/airflow/.local/lib/python3.12/site-packages/airflow/example_dags/example_latest_only_with_trigger.py
[2025-03-09T09:20:27.302+0000] {processor.py:925} INFO - DAG(s) 'latest_only_with_trigger' retrieved from /home/airflow/.local/lib/python3.12/site-packages/airflow/example_dags/example_latest_only_with_trigger.py
[2025-03-09T09:20:27.338+0000] {logging_mixin.py:190} INFO - [2025-03-09T09:20:27.337+0000] {dag.py:3239} INFO - Sync 1 DAGs
[2025-03-09T09:20:27.441+0000] {logging_mixin.py:190} INFO - [2025-03-09T09:20:27.441+0000] {dag.py:4180} INFO - Setting next_dagrun for latest_only_with_trigger to 2025-03-09 04:00:00+00:00, run_after=2025-03-09 08:00:00+00:00
[2025-03-09T09:20:27.507+0000] {processor.py:208} INFO - Processing /home/airflow/.local/lib/python3.12/site-packages/airflow/example_dags/example_latest_only_with_trigger.py took 0.236 seconds
[2025-03-09T09:20:58.130+0000] {processor.py:186} INFO - Started process (PID=639) to work on /home/airflow/.local/lib/python3.12/site-packages/airflow/example_dags/example_latest_only_with_trigger.py
[2025-03-09T09:20:58.137+0000] {processor.py:914} INFO - Processing file /home/airflow/.local/lib/python3.12/site-packages/airflow/example_dags/example_latest_only_with_trigger.py for tasks to queue
[2025-03-09T09:20:58.144+0000] {logging_mixin.py:190} INFO - [2025-03-09T09:20:58.143+0000] {dagbag.py:588} INFO - Filling up the DagBag from /home/airflow/.local/lib/python3.12/site-packages/airflow/example_dags/example_latest_only_with_trigger.py
[2025-03-09T09:20:58.166+0000] {processor.py:925} INFO - DAG(s) 'latest_only_with_trigger' retrieved from /home/airflow/.local/lib/python3.12/site-packages/airflow/example_dags/example_latest_only_with_trigger.py
[2025-03-09T09:20:58.222+0000] {logging_mixin.py:190} INFO - [2025-03-09T09:20:58.221+0000] {dag.py:3239} INFO - Sync 1 DAGs
[2025-03-09T09:20:58.266+0000] {logging_mixin.py:190} INFO - [2025-03-09T09:20:58.266+0000] {dag.py:4180} INFO - Setting next_dagrun for latest_only_with_trigger to 2025-03-09 04:00:00+00:00, run_after=2025-03-09 08:00:00+00:00
[2025-03-09T09:20:58.302+0000] {processor.py:208} INFO - Processing /home/airflow/.local/lib/python3.12/site-packages/airflow/example_dags/example_latest_only_with_trigger.py took 0.183 seconds
[2025-03-09T09:21:29.161+0000] {processor.py:186} INFO - Started process (PID=703) to work on /home/airflow/.local/lib/python3.12/site-packages/airflow/example_dags/example_latest_only_with_trigger.py
[2025-03-09T09:21:29.164+0000] {processor.py:914} INFO - Processing file /home/airflow/.local/lib/python3.12/site-packages/airflow/example_dags/example_latest_only_with_trigger.py for tasks to queue
[2025-03-09T09:21:29.168+0000] {logging_mixin.py:190} INFO - [2025-03-09T09:21:29.168+0000] {dagbag.py:588} INFO - Filling up the DagBag from /home/airflow/.local/lib/python3.12/site-packages/airflow/example_dags/example_latest_only_with_trigger.py
[2025-03-09T09:21:29.183+0000] {processor.py:925} INFO - DAG(s) 'latest_only_with_trigger' retrieved from /home/airflow/.local/lib/python3.12/site-packages/airflow/example_dags/example_latest_only_with_trigger.py
[2025-03-09T09:21:29.217+0000] {logging_mixin.py:190} INFO - [2025-03-09T09:21:29.217+0000] {dag.py:3239} INFO - Sync 1 DAGs
[2025-03-09T09:21:29.252+0000] {logging_mixin.py:190} INFO - [2025-03-09T09:21:29.252+0000] {dag.py:4180} INFO - Setting next_dagrun for latest_only_with_trigger to 2025-03-09 04:00:00+00:00, run_after=2025-03-09 08:00:00+00:00
[2025-03-09T09:21:29.291+0000] {processor.py:208} INFO - Processing /home/airflow/.local/lib/python3.12/site-packages/airflow/example_dags/example_latest_only_with_trigger.py took 0.139 seconds
[2025-03-09T09:21:59.866+0000] {processor.py:186} INFO - Started process (PID=768) to work on /home/airflow/.local/lib/python3.12/site-packages/airflow/example_dags/example_latest_only_with_trigger.py
[2025-03-09T09:21:59.868+0000] {processor.py:914} INFO - Processing file /home/airflow/.local/lib/python3.12/site-packages/airflow/example_dags/example_latest_only_with_trigger.py for tasks to queue
[2025-03-09T09:21:59.871+0000] {logging_mixin.py:190} INFO - [2025-03-09T09:21:59.871+0000] {dagbag.py:588} INFO - Filling up the DagBag from /home/airflow/.local/lib/python3.12/site-packages/airflow/example_dags/example_latest_only_with_trigger.py
[2025-03-09T09:21:59.886+0000] {processor.py:925} INFO - DAG(s) 'latest_only_with_trigger' retrieved from /home/airflow/.local/lib/python3.12/site-packages/airflow/example_dags/example_latest_only_with_trigger.py
[2025-03-09T09:21:59.927+0000] {logging_mixin.py:190} INFO - [2025-03-09T09:21:59.927+0000] {dag.py:3239} INFO - Sync 1 DAGs
[2025-03-09T09:21:59.964+0000] {logging_mixin.py:190} INFO - [2025-03-09T09:21:59.964+0000] {dag.py:4180} INFO - Setting next_dagrun for latest_only_with_trigger to 2025-03-09 04:00:00+00:00, run_after=2025-03-09 08:00:00+00:00
[2025-03-09T09:21:59.999+0000] {processor.py:208} INFO - Processing /home/airflow/.local/lib/python3.12/site-packages/airflow/example_dags/example_latest_only_with_trigger.py took 0.141 seconds
[2025-03-09T09:22:30.260+0000] {processor.py:186} INFO - Started process (PID=833) to work on /home/airflow/.local/lib/python3.12/site-packages/airflow/example_dags/example_latest_only_with_trigger.py
[2025-03-09T09:22:30.262+0000] {processor.py:914} INFO - Processing file /home/airflow/.local/lib/python3.12/site-packages/airflow/example_dags/example_latest_only_with_trigger.py for tasks to queue
[2025-03-09T09:22:30.267+0000] {logging_mixin.py:190} INFO - [2025-03-09T09:22:30.266+0000] {dagbag.py:588} INFO - Filling up the DagBag from /home/airflow/.local/lib/python3.12/site-packages/airflow/example_dags/example_latest_only_with_trigger.py
[2025-03-09T09:22:30.282+0000] {processor.py:925} INFO - DAG(s) 'latest_only_with_trigger' retrieved from /home/airflow/.local/lib/python3.12/site-packages/airflow/example_dags/example_latest_only_with_trigger.py
[2025-03-09T09:22:30.345+0000] {logging_mixin.py:190} INFO - [2025-03-09T09:22:30.345+0000] {dag.py:3239} INFO - Sync 1 DAGs
[2025-03-09T09:22:30.414+0000] {logging_mixin.py:190} INFO - [2025-03-09T09:22:30.413+0000] {dag.py:4180} INFO - Setting next_dagrun for latest_only_with_trigger to 2025-03-09 04:00:00+00:00, run_after=2025-03-09 08:00:00+00:00
[2025-03-09T09:22:30.467+0000] {processor.py:208} INFO - Processing /home/airflow/.local/lib/python3.12/site-packages/airflow/example_dags/example_latest_only_with_trigger.py took 0.215 seconds
[2025-03-09T09:23:00.582+0000] {processor.py:186} INFO - Started process (PID=898) to work on /home/airflow/.local/lib/python3.12/site-packages/airflow/example_dags/example_latest_only_with_trigger.py
[2025-03-09T09:23:00.583+0000] {processor.py:914} INFO - Processing file /home/airflow/.local/lib/python3.12/site-packages/airflow/example_dags/example_latest_only_with_trigger.py for tasks to queue
[2025-03-09T09:23:00.587+0000] {logging_mixin.py:190} INFO - [2025-03-09T09:23:00.586+0000] {dagbag.py:588} INFO - Filling up the DagBag from /home/airflow/.local/lib/python3.12/site-packages/airflow/example_dags/example_latest_only_with_trigger.py
[2025-03-09T09:23:00.598+0000] {processor.py:925} INFO - DAG(s) 'latest_only_with_trigger' retrieved from /home/airflow/.local/lib/python3.12/site-packages/airflow/example_dags/example_latest_only_with_trigger.py
[2025-03-09T09:23:00.632+0000] {logging_mixin.py:190} INFO - [2025-03-09T09:23:00.631+0000] {dag.py:3239} INFO - Sync 1 DAGs
[2025-03-09T09:23:00.671+0000] {logging_mixin.py:190} INFO - [2025-03-09T09:23:00.670+0000] {dag.py:4180} INFO - Setting next_dagrun for latest_only_with_trigger to 2025-03-09 04:00:00+00:00, run_after=2025-03-09 08:00:00+00:00
[2025-03-09T09:23:00.710+0000] {processor.py:208} INFO - Processing /home/airflow/.local/lib/python3.12/site-packages/airflow/example_dags/example_latest_only_with_trigger.py took 0.136 seconds
[2025-03-09T09:23:30.892+0000] {processor.py:186} INFO - Started process (PID=963) to work on /home/airflow/.local/lib/python3.12/site-packages/airflow/example_dags/example_latest_only_with_trigger.py
[2025-03-09T09:23:30.895+0000] {processor.py:914} INFO - Processing file /home/airflow/.local/lib/python3.12/site-packages/airflow/example_dags/example_latest_only_with_trigger.py for tasks to queue
[2025-03-09T09:23:30.901+0000] {logging_mixin.py:190} INFO - [2025-03-09T09:23:30.900+0000] {dagbag.py:588} INFO - Filling up the DagBag from /home/airflow/.local/lib/python3.12/site-packages/airflow/example_dags/example_latest_only_with_trigger.py
[2025-03-09T09:23:30.923+0000] {processor.py:925} INFO - DAG(s) 'latest_only_with_trigger' retrieved from /home/airflow/.local/lib/python3.12/site-packages/airflow/example_dags/example_latest_only_with_trigger.py
[2025-03-09T09:23:30.958+0000] {logging_mixin.py:190} INFO - [2025-03-09T09:23:30.958+0000] {dag.py:3239} INFO - Sync 1 DAGs
[2025-03-09T09:23:30.996+0000] {logging_mixin.py:190} INFO - [2025-03-09T09:23:30.996+0000] {dag.py:4180} INFO - Setting next_dagrun for latest_only_with_trigger to 2025-03-09 04:00:00+00:00, run_after=2025-03-09 08:00:00+00:00
[2025-03-09T09:23:31.032+0000] {processor.py:208} INFO - Processing /home/airflow/.local/lib/python3.12/site-packages/airflow/example_dags/example_latest_only_with_trigger.py took 0.149 seconds
[2025-03-09T09:24:01.173+0000] {processor.py:186} INFO - Started process (PID=1028) to work on /home/airflow/.local/lib/python3.12/site-packages/airflow/example_dags/example_latest_only_with_trigger.py
[2025-03-09T09:24:01.176+0000] {processor.py:914} INFO - Processing file /home/airflow/.local/lib/python3.12/site-packages/airflow/example_dags/example_latest_only_with_trigger.py for tasks to queue
[2025-03-09T09:24:01.182+0000] {logging_mixin.py:190} INFO - [2025-03-09T09:24:01.181+0000] {dagbag.py:588} INFO - Filling up the DagBag from /home/airflow/.local/lib/python3.12/site-packages/airflow/example_dags/example_latest_only_with_trigger.py
[2025-03-09T09:24:01.195+0000] {processor.py:925} INFO - DAG(s) 'latest_only_with_trigger' retrieved from /home/airflow/.local/lib/python3.12/site-packages/airflow/example_dags/example_latest_only_with_trigger.py
[2025-03-09T09:24:01.230+0000] {logging_mixin.py:190} INFO - [2025-03-09T09:24:01.229+0000] {dag.py:3239} INFO - Sync 1 DAGs
[2025-03-09T09:24:01.271+0000] {logging_mixin.py:190} INFO - [2025-03-09T09:24:01.271+0000] {dag.py:4180} INFO - Setting next_dagrun for latest_only_with_trigger to 2025-03-09 04:00:00+00:00, run_after=2025-03-09 08:00:00+00:00
[2025-03-09T09:24:01.309+0000] {processor.py:208} INFO - Processing /home/airflow/.local/lib/python3.12/site-packages/airflow/example_dags/example_latest_only_with_trigger.py took 0.148 seconds
[2025-03-09T09:24:31.438+0000] {processor.py:186} INFO - Started process (PID=1093) to work on /home/airflow/.local/lib/python3.12/site-packages/airflow/example_dags/example_latest_only_with_trigger.py
[2025-03-09T09:24:31.441+0000] {processor.py:914} INFO - Processing file /home/airflow/.local/lib/python3.12/site-packages/airflow/example_dags/example_latest_only_with_trigger.py for tasks to queue
[2025-03-09T09:24:31.445+0000] {logging_mixin.py:190} INFO - [2025-03-09T09:24:31.444+0000] {dagbag.py:588} INFO - Filling up the DagBag from /home/airflow/.local/lib/python3.12/site-packages/airflow/example_dags/example_latest_only_with_trigger.py
[2025-03-09T09:24:31.458+0000] {processor.py:925} INFO - DAG(s) 'latest_only_with_trigger' retrieved from /home/airflow/.local/lib/python3.12/site-packages/airflow/example_dags/example_latest_only_with_trigger.py
[2025-03-09T09:24:31.494+0000] {logging_mixin.py:190} INFO - [2025-03-09T09:24:31.494+0000] {dag.py:3239} INFO - Sync 1 DAGs
[2025-03-09T09:24:31.533+0000] {logging_mixin.py:190} INFO - [2025-03-09T09:24:31.533+0000] {dag.py:4180} INFO - Setting next_dagrun for latest_only_with_trigger to 2025-03-09 04:00:00+00:00, run_after=2025-03-09 08:00:00+00:00
[2025-03-09T09:24:31.571+0000] {processor.py:208} INFO - Processing /home/airflow/.local/lib/python3.12/site-packages/airflow/example_dags/example_latest_only_with_trigger.py took 0.146 seconds
[2025-03-09T09:25:02.134+0000] {processor.py:186} INFO - Started process (PID=1158) to work on /home/airflow/.local/lib/python3.12/site-packages/airflow/example_dags/example_latest_only_with_trigger.py
[2025-03-09T09:25:02.136+0000] {processor.py:914} INFO - Processing file /home/airflow/.local/lib/python3.12/site-packages/airflow/example_dags/example_latest_only_with_trigger.py for tasks to queue
[2025-03-09T09:25:02.140+0000] {logging_mixin.py:190} INFO - [2025-03-09T09:25:02.140+0000] {dagbag.py:588} INFO - Filling up the DagBag from /home/airflow/.local/lib/python3.12/site-packages/airflow/example_dags/example_latest_only_with_trigger.py
[2025-03-09T09:25:02.153+0000] {processor.py:925} INFO - DAG(s) 'latest_only_with_trigger' retrieved from /home/airflow/.local/lib/python3.12/site-packages/airflow/example_dags/example_latest_only_with_trigger.py
[2025-03-09T09:25:02.195+0000] {logging_mixin.py:190} INFO - [2025-03-09T09:25:02.194+0000] {dag.py:3239} INFO - Sync 1 DAGs
[2025-03-09T09:25:02.233+0000] {logging_mixin.py:190} INFO - [2025-03-09T09:25:02.232+0000] {dag.py:4180} INFO - Setting next_dagrun for latest_only_with_trigger to 2025-03-09 04:00:00+00:00, run_after=2025-03-09 08:00:00+00:00
[2025-03-09T09:25:02.269+0000] {processor.py:208} INFO - Processing /home/airflow/.local/lib/python3.12/site-packages/airflow/example_dags/example_latest_only_with_trigger.py took 0.143 seconds
[2025-03-09T09:25:32.494+0000] {processor.py:186} INFO - Started process (PID=1223) to work on /home/airflow/.local/lib/python3.12/site-packages/airflow/example_dags/example_latest_only_with_trigger.py
[2025-03-09T09:25:32.495+0000] {processor.py:914} INFO - Processing file /home/airflow/.local/lib/python3.12/site-packages/airflow/example_dags/example_latest_only_with_trigger.py for tasks to queue
[2025-03-09T09:25:32.498+0000] {logging_mixin.py:190} INFO - [2025-03-09T09:25:32.498+0000] {dagbag.py:588} INFO - Filling up the DagBag from /home/airflow/.local/lib/python3.12/site-packages/airflow/example_dags/example_latest_only_with_trigger.py
[2025-03-09T09:25:32.509+0000] {processor.py:925} INFO - DAG(s) 'latest_only_with_trigger' retrieved from /home/airflow/.local/lib/python3.12/site-packages/airflow/example_dags/example_latest_only_with_trigger.py
[2025-03-09T09:25:32.542+0000] {logging_mixin.py:190} INFO - [2025-03-09T09:25:32.542+0000] {dag.py:3239} INFO - Sync 1 DAGs
[2025-03-09T09:25:32.582+0000] {logging_mixin.py:190} INFO - [2025-03-09T09:25:32.581+0000] {dag.py:4180} INFO - Setting next_dagrun for latest_only_with_trigger to 2025-03-09 04:00:00+00:00, run_after=2025-03-09 08:00:00+00:00
[2025-03-09T09:25:32.626+0000] {processor.py:208} INFO - Processing /home/airflow/.local/lib/python3.12/site-packages/airflow/example_dags/example_latest_only_with_trigger.py took 0.139 seconds
[2025-03-09T09:26:02.973+0000] {processor.py:186} INFO - Started process (PID=1288) to work on /home/airflow/.local/lib/python3.12/site-packages/airflow/example_dags/example_latest_only_with_trigger.py
[2025-03-09T09:26:02.976+0000] {processor.py:914} INFO - Processing file /home/airflow/.local/lib/python3.12/site-packages/airflow/example_dags/example_latest_only_with_trigger.py for tasks to queue
[2025-03-09T09:26:02.981+0000] {logging_mixin.py:190} INFO - [2025-03-09T09:26:02.980+0000] {dagbag.py:588} INFO - Filling up the DagBag from /home/airflow/.local/lib/python3.12/site-packages/airflow/example_dags/example_latest_only_with_trigger.py
[2025-03-09T09:26:02.995+0000] {processor.py:925} INFO - DAG(s) 'latest_only_with_trigger' retrieved from /home/airflow/.local/lib/python3.12/site-packages/airflow/example_dags/example_latest_only_with_trigger.py
[2025-03-09T09:26:03.050+0000] {logging_mixin.py:190} INFO - [2025-03-09T09:26:03.049+0000] {dag.py:3239} INFO - Sync 1 DAGs
[2025-03-09T09:26:03.111+0000] {logging_mixin.py:190} INFO - [2025-03-09T09:26:03.111+0000] {dag.py:4180} INFO - Setting next_dagrun for latest_only_with_trigger to 2025-03-09 04:00:00+00:00, run_after=2025-03-09 08:00:00+00:00
[2025-03-09T09:26:03.187+0000] {processor.py:208} INFO - Processing /home/airflow/.local/lib/python3.12/site-packages/airflow/example_dags/example_latest_only_with_trigger.py took 0.227 seconds
[2025-03-09T09:26:33.386+0000] {processor.py:186} INFO - Started process (PID=1353) to work on /home/airflow/.local/lib/python3.12/site-packages/airflow/example_dags/example_latest_only_with_trigger.py
[2025-03-09T09:26:33.388+0000] {processor.py:914} INFO - Processing file /home/airflow/.local/lib/python3.12/site-packages/airflow/example_dags/example_latest_only_with_trigger.py for tasks to queue
[2025-03-09T09:26:33.392+0000] {logging_mixin.py:190} INFO - [2025-03-09T09:26:33.392+0000] {dagbag.py:588} INFO - Filling up the DagBag from /home/airflow/.local/lib/python3.12/site-packages/airflow/example_dags/example_latest_only_with_trigger.py
[2025-03-09T09:26:33.404+0000] {processor.py:925} INFO - DAG(s) 'latest_only_with_trigger' retrieved from /home/airflow/.local/lib/python3.12/site-packages/airflow/example_dags/example_latest_only_with_trigger.py
[2025-03-09T09:26:33.437+0000] {logging_mixin.py:190} INFO - [2025-03-09T09:26:33.437+0000] {dag.py:3239} INFO - Sync 1 DAGs
[2025-03-09T09:26:33.480+0000] {logging_mixin.py:190} INFO - [2025-03-09T09:26:33.479+0000] {dag.py:4180} INFO - Setting next_dagrun for latest_only_with_trigger to 2025-03-09 04:00:00+00:00, run_after=2025-03-09 08:00:00+00:00
[2025-03-09T09:26:33.522+0000] {processor.py:208} INFO - Processing /home/airflow/.local/lib/python3.12/site-packages/airflow/example_dags/example_latest_only_with_trigger.py took 0.144 seconds
[2025-03-09T09:27:04.129+0000] {processor.py:186} INFO - Started process (PID=1418) to work on /home/airflow/.local/lib/python3.12/site-packages/airflow/example_dags/example_latest_only_with_trigger.py
[2025-03-09T09:27:04.131+0000] {processor.py:914} INFO - Processing file /home/airflow/.local/lib/python3.12/site-packages/airflow/example_dags/example_latest_only_with_trigger.py for tasks to queue
[2025-03-09T09:27:04.134+0000] {logging_mixin.py:190} INFO - [2025-03-09T09:27:04.133+0000] {dagbag.py:588} INFO - Filling up the DagBag from /home/airflow/.local/lib/python3.12/site-packages/airflow/example_dags/example_latest_only_with_trigger.py
[2025-03-09T09:27:04.148+0000] {processor.py:925} INFO - DAG(s) 'latest_only_with_trigger' retrieved from /home/airflow/.local/lib/python3.12/site-packages/airflow/example_dags/example_latest_only_with_trigger.py
[2025-03-09T09:27:04.187+0000] {logging_mixin.py:190} INFO - [2025-03-09T09:27:04.186+0000] {dag.py:3239} INFO - Sync 1 DAGs
[2025-03-09T09:27:04.228+0000] {logging_mixin.py:190} INFO - [2025-03-09T09:27:04.227+0000] {dag.py:4180} INFO - Setting next_dagrun for latest_only_with_trigger to 2025-03-09 04:00:00+00:00, run_after=2025-03-09 08:00:00+00:00
[2025-03-09T09:27:04.260+0000] {processor.py:208} INFO - Processing /home/airflow/.local/lib/python3.12/site-packages/airflow/example_dags/example_latest_only_with_trigger.py took 0.137 seconds
[2025-03-09T09:27:35.047+0000] {processor.py:186} INFO - Started process (PID=1484) to work on /home/airflow/.local/lib/python3.12/site-packages/airflow/example_dags/example_latest_only_with_trigger.py
[2025-03-09T09:27:35.049+0000] {processor.py:914} INFO - Processing file /home/airflow/.local/lib/python3.12/site-packages/airflow/example_dags/example_latest_only_with_trigger.py for tasks to queue
[2025-03-09T09:27:35.055+0000] {logging_mixin.py:190} INFO - [2025-03-09T09:27:35.054+0000] {dagbag.py:588} INFO - Filling up the DagBag from /home/airflow/.local/lib/python3.12/site-packages/airflow/example_dags/example_latest_only_with_trigger.py
[2025-03-09T09:27:35.075+0000] {processor.py:925} INFO - DAG(s) 'latest_only_with_trigger' retrieved from /home/airflow/.local/lib/python3.12/site-packages/airflow/example_dags/example_latest_only_with_trigger.py
[2025-03-09T09:27:35.129+0000] {logging_mixin.py:190} INFO - [2025-03-09T09:27:35.128+0000] {dag.py:3239} INFO - Sync 1 DAGs
[2025-03-09T09:27:35.180+0000] {logging_mixin.py:190} INFO - [2025-03-09T09:27:35.180+0000] {dag.py:4180} INFO - Setting next_dagrun for latest_only_with_trigger to 2025-03-09 04:00:00+00:00, run_after=2025-03-09 08:00:00+00:00
[2025-03-09T09:27:35.229+0000] {processor.py:208} INFO - Processing /home/airflow/.local/lib/python3.12/site-packages/airflow/example_dags/example_latest_only_with_trigger.py took 0.192 seconds
[2025-03-09T09:28:05.319+0000] {processor.py:186} INFO - Started process (PID=1549) to work on /home/airflow/.local/lib/python3.12/site-packages/airflow/example_dags/example_latest_only_with_trigger.py
[2025-03-09T09:28:05.320+0000] {processor.py:914} INFO - Processing file /home/airflow/.local/lib/python3.12/site-packages/airflow/example_dags/example_latest_only_with_trigger.py for tasks to queue
[2025-03-09T09:28:05.324+0000] {logging_mixin.py:190} INFO - [2025-03-09T09:28:05.324+0000] {dagbag.py:588} INFO - Filling up the DagBag from /home/airflow/.local/lib/python3.12/site-packages/airflow/example_dags/example_latest_only_with_trigger.py
[2025-03-09T09:28:05.339+0000] {processor.py:925} INFO - DAG(s) 'latest_only_with_trigger' retrieved from /home/airflow/.local/lib/python3.12/site-packages/airflow/example_dags/example_latest_only_with_trigger.py
[2025-03-09T09:28:05.382+0000] {logging_mixin.py:190} INFO - [2025-03-09T09:28:05.381+0000] {dag.py:3239} INFO - Sync 1 DAGs
[2025-03-09T09:28:05.434+0000] {logging_mixin.py:190} INFO - [2025-03-09T09:28:05.433+0000] {dag.py:4180} INFO - Setting next_dagrun for latest_only_with_trigger to 2025-03-09 04:00:00+00:00, run_after=2025-03-09 08:00:00+00:00
[2025-03-09T09:28:05.471+0000] {processor.py:208} INFO - Processing /home/airflow/.local/lib/python3.12/site-packages/airflow/example_dags/example_latest_only_with_trigger.py took 0.161 seconds
[2025-03-09T09:28:35.850+0000] {processor.py:186} INFO - Started process (PID=1614) to work on /home/airflow/.local/lib/python3.12/site-packages/airflow/example_dags/example_latest_only_with_trigger.py
[2025-03-09T09:28:35.852+0000] {processor.py:914} INFO - Processing file /home/airflow/.local/lib/python3.12/site-packages/airflow/example_dags/example_latest_only_with_trigger.py for tasks to queue
[2025-03-09T09:28:35.855+0000] {logging_mixin.py:190} INFO - [2025-03-09T09:28:35.854+0000] {dagbag.py:588} INFO - Filling up the DagBag from /home/airflow/.local/lib/python3.12/site-packages/airflow/example_dags/example_latest_only_with_trigger.py
[2025-03-09T09:28:35.865+0000] {processor.py:925} INFO - DAG(s) 'latest_only_with_trigger' retrieved from /home/airflow/.local/lib/python3.12/site-packages/airflow/example_dags/example_latest_only_with_trigger.py
[2025-03-09T09:28:35.897+0000] {logging_mixin.py:190} INFO - [2025-03-09T09:28:35.896+0000] {dag.py:3239} INFO - Sync 1 DAGs
[2025-03-09T09:28:35.929+0000] {logging_mixin.py:190} INFO - [2025-03-09T09:28:35.928+0000] {dag.py:4180} INFO - Setting next_dagrun for latest_only_with_trigger to 2025-03-09 04:00:00+00:00, run_after=2025-03-09 08:00:00+00:00
[2025-03-09T09:28:35.965+0000] {processor.py:208} INFO - Processing /home/airflow/.local/lib/python3.12/site-packages/airflow/example_dags/example_latest_only_with_trigger.py took 0.121 seconds
[2025-03-09T09:29:06.294+0000] {processor.py:186} INFO - Started process (PID=1679) to work on /home/airflow/.local/lib/python3.12/site-packages/airflow/example_dags/example_latest_only_with_trigger.py
[2025-03-09T09:29:06.296+0000] {processor.py:914} INFO - Processing file /home/airflow/.local/lib/python3.12/site-packages/airflow/example_dags/example_latest_only_with_trigger.py for tasks to queue
[2025-03-09T09:29:06.299+0000] {logging_mixin.py:190} INFO - [2025-03-09T09:29:06.299+0000] {dagbag.py:588} INFO - Filling up the DagBag from /home/airflow/.local/lib/python3.12/site-packages/airflow/example_dags/example_latest_only_with_trigger.py
[2025-03-09T09:29:06.311+0000] {processor.py:925} INFO - DAG(s) 'latest_only_with_trigger' retrieved from /home/airflow/.local/lib/python3.12/site-packages/airflow/example_dags/example_latest_only_with_trigger.py
[2025-03-09T09:29:06.359+0000] {logging_mixin.py:190} INFO - [2025-03-09T09:29:06.359+0000] {dag.py:3239} INFO - Sync 1 DAGs
[2025-03-09T09:29:06.398+0000] {logging_mixin.py:190} INFO - [2025-03-09T09:29:06.398+0000] {dag.py:4180} INFO - Setting next_dagrun for latest_only_with_trigger to 2025-03-09 04:00:00+00:00, run_after=2025-03-09 08:00:00+00:00
[2025-03-09T09:29:06.451+0000] {processor.py:208} INFO - Processing /home/airflow/.local/lib/python3.12/site-packages/airflow/example_dags/example_latest_only_with_trigger.py took 0.168 seconds
[2025-03-09T09:29:36.634+0000] {processor.py:186} INFO - Started process (PID=1744) to work on /home/airflow/.local/lib/python3.12/site-packages/airflow/example_dags/example_latest_only_with_trigger.py
[2025-03-09T09:29:36.635+0000] {processor.py:914} INFO - Processing file /home/airflow/.local/lib/python3.12/site-packages/airflow/example_dags/example_latest_only_with_trigger.py for tasks to queue
[2025-03-09T09:29:36.639+0000] {logging_mixin.py:190} INFO - [2025-03-09T09:29:36.638+0000] {dagbag.py:588} INFO - Filling up the DagBag from /home/airflow/.local/lib/python3.12/site-packages/airflow/example_dags/example_latest_only_with_trigger.py
[2025-03-09T09:29:36.652+0000] {processor.py:925} INFO - DAG(s) 'latest_only_with_trigger' retrieved from /home/airflow/.local/lib/python3.12/site-packages/airflow/example_dags/example_latest_only_with_trigger.py
[2025-03-09T09:29:36.682+0000] {logging_mixin.py:190} INFO - [2025-03-09T09:29:36.681+0000] {dag.py:3239} INFO - Sync 1 DAGs
[2025-03-09T09:29:36.759+0000] {logging_mixin.py:190} INFO - [2025-03-09T09:29:36.759+0000] {dag.py:4180} INFO - Setting next_dagrun for latest_only_with_trigger to 2025-03-09 04:00:00+00:00, run_after=2025-03-09 08:00:00+00:00
[2025-03-09T09:29:36.788+0000] {processor.py:208} INFO - Processing /home/airflow/.local/lib/python3.12/site-packages/airflow/example_dags/example_latest_only_with_trigger.py took 0.162 seconds
[2025-03-09T09:30:07.685+0000] {processor.py:186} INFO - Started process (PID=1809) to work on /home/airflow/.local/lib/python3.12/site-packages/airflow/example_dags/example_latest_only_with_trigger.py
[2025-03-09T09:30:07.687+0000] {processor.py:914} INFO - Processing file /home/airflow/.local/lib/python3.12/site-packages/airflow/example_dags/example_latest_only_with_trigger.py for tasks to queue
[2025-03-09T09:30:07.696+0000] {logging_mixin.py:190} INFO - [2025-03-09T09:30:07.693+0000] {dagbag.py:588} INFO - Filling up the DagBag from /home/airflow/.local/lib/python3.12/site-packages/airflow/example_dags/example_latest_only_with_trigger.py
[2025-03-09T09:30:07.716+0000] {processor.py:925} INFO - DAG(s) 'latest_only_with_trigger' retrieved from /home/airflow/.local/lib/python3.12/site-packages/airflow/example_dags/example_latest_only_with_trigger.py
[2025-03-09T09:30:07.774+0000] {logging_mixin.py:190} INFO - [2025-03-09T09:30:07.774+0000] {dag.py:3239} INFO - Sync 1 DAGs
[2025-03-09T09:30:07.866+0000] {logging_mixin.py:190} INFO - [2025-03-09T09:30:07.865+0000] {dag.py:4180} INFO - Setting next_dagrun for latest_only_with_trigger to 2025-03-09 04:00:00+00:00, run_after=2025-03-09 08:00:00+00:00
[2025-03-09T09:30:07.935+0000] {processor.py:208} INFO - Processing /home/airflow/.local/lib/python3.12/site-packages/airflow/example_dags/example_latest_only_with_trigger.py took 0.263 seconds
[2025-03-09T09:30:38.552+0000] {processor.py:186} INFO - Started process (PID=1873) to work on /home/airflow/.local/lib/python3.12/site-packages/airflow/example_dags/example_latest_only_with_trigger.py
[2025-03-09T09:30:38.554+0000] {processor.py:914} INFO - Processing file /home/airflow/.local/lib/python3.12/site-packages/airflow/example_dags/example_latest_only_with_trigger.py for tasks to queue
[2025-03-09T09:30:38.559+0000] {logging_mixin.py:190} INFO - [2025-03-09T09:30:38.559+0000] {dagbag.py:588} INFO - Filling up the DagBag from /home/airflow/.local/lib/python3.12/site-packages/airflow/example_dags/example_latest_only_with_trigger.py
[2025-03-09T09:30:38.572+0000] {processor.py:925} INFO - DAG(s) 'latest_only_with_trigger' retrieved from /home/airflow/.local/lib/python3.12/site-packages/airflow/example_dags/example_latest_only_with_trigger.py
[2025-03-09T09:30:38.611+0000] {logging_mixin.py:190} INFO - [2025-03-09T09:30:38.610+0000] {dag.py:3239} INFO - Sync 1 DAGs
[2025-03-09T09:30:38.648+0000] {logging_mixin.py:190} INFO - [2025-03-09T09:30:38.647+0000] {dag.py:4180} INFO - Setting next_dagrun for latest_only_with_trigger to 2025-03-09 04:00:00+00:00, run_after=2025-03-09 08:00:00+00:00
[2025-03-09T09:30:38.682+0000] {processor.py:208} INFO - Processing /home/airflow/.local/lib/python3.12/site-packages/airflow/example_dags/example_latest_only_with_trigger.py took 0.138 seconds
[2025-03-09T09:31:09.564+0000] {processor.py:186} INFO - Started process (PID=1938) to work on /home/airflow/.local/lib/python3.12/site-packages/airflow/example_dags/example_latest_only_with_trigger.py
[2025-03-09T09:31:09.566+0000] {processor.py:914} INFO - Processing file /home/airflow/.local/lib/python3.12/site-packages/airflow/example_dags/example_latest_only_with_trigger.py for tasks to queue
[2025-03-09T09:31:09.570+0000] {logging_mixin.py:190} INFO - [2025-03-09T09:31:09.570+0000] {dagbag.py:588} INFO - Filling up the DagBag from /home/airflow/.local/lib/python3.12/site-packages/airflow/example_dags/example_latest_only_with_trigger.py
[2025-03-09T09:31:09.586+0000] {processor.py:925} INFO - DAG(s) 'latest_only_with_trigger' retrieved from /home/airflow/.local/lib/python3.12/site-packages/airflow/example_dags/example_latest_only_with_trigger.py
[2025-03-09T09:31:09.621+0000] {logging_mixin.py:190} INFO - [2025-03-09T09:31:09.620+0000] {dag.py:3239} INFO - Sync 1 DAGs
[2025-03-09T09:31:09.659+0000] {logging_mixin.py:190} INFO - [2025-03-09T09:31:09.659+0000] {dag.py:4180} INFO - Setting next_dagrun for latest_only_with_trigger to 2025-03-09 04:00:00+00:00, run_after=2025-03-09 08:00:00+00:00
[2025-03-09T09:31:09.691+0000] {processor.py:208} INFO - Processing /home/airflow/.local/lib/python3.12/site-packages/airflow/example_dags/example_latest_only_with_trigger.py took 0.136 seconds
[2025-03-09T09:31:40.362+0000] {processor.py:186} INFO - Started process (PID=2003) to work on /home/airflow/.local/lib/python3.12/site-packages/airflow/example_dags/example_latest_only_with_trigger.py
[2025-03-09T09:31:40.364+0000] {processor.py:914} INFO - Processing file /home/airflow/.local/lib/python3.12/site-packages/airflow/example_dags/example_latest_only_with_trigger.py for tasks to queue
[2025-03-09T09:31:40.367+0000] {logging_mixin.py:190} INFO - [2025-03-09T09:31:40.367+0000] {dagbag.py:588} INFO - Filling up the DagBag from /home/airflow/.local/lib/python3.12/site-packages/airflow/example_dags/example_latest_only_with_trigger.py
[2025-03-09T09:31:40.379+0000] {processor.py:925} INFO - DAG(s) 'latest_only_with_trigger' retrieved from /home/airflow/.local/lib/python3.12/site-packages/airflow/example_dags/example_latest_only_with_trigger.py
[2025-03-09T09:31:40.410+0000] {logging_mixin.py:190} INFO - [2025-03-09T09:31:40.410+0000] {dag.py:3239} INFO - Sync 1 DAGs
[2025-03-09T09:31:40.445+0000] {logging_mixin.py:190} INFO - [2025-03-09T09:31:40.444+0000] {dag.py:4180} INFO - Setting next_dagrun for latest_only_with_trigger to 2025-03-09 04:00:00+00:00, run_after=2025-03-09 08:00:00+00:00
[2025-03-09T09:31:40.474+0000] {processor.py:208} INFO - Processing /home/airflow/.local/lib/python3.12/site-packages/airflow/example_dags/example_latest_only_with_trigger.py took 0.119 seconds
[2025-03-09T09:32:13.742+0000] {processor.py:186} INFO - Started process (PID=2068) to work on /home/airflow/.local/lib/python3.12/site-packages/airflow/example_dags/example_latest_only_with_trigger.py
[2025-03-09T09:32:13.744+0000] {processor.py:914} INFO - Processing file /home/airflow/.local/lib/python3.12/site-packages/airflow/example_dags/example_latest_only_with_trigger.py for tasks to queue
[2025-03-09T09:32:13.749+0000] {logging_mixin.py:190} INFO - [2025-03-09T09:32:13.748+0000] {dagbag.py:588} INFO - Filling up the DagBag from /home/airflow/.local/lib/python3.12/site-packages/airflow/example_dags/example_latest_only_with_trigger.py
[2025-03-09T09:32:13.764+0000] {processor.py:925} INFO - DAG(s) 'latest_only_with_trigger' retrieved from /home/airflow/.local/lib/python3.12/site-packages/airflow/example_dags/example_latest_only_with_trigger.py
[2025-03-09T09:32:13.803+0000] {logging_mixin.py:190} INFO - [2025-03-09T09:32:13.803+0000] {dag.py:3239} INFO - Sync 1 DAGs
[2025-03-09T09:32:13.846+0000] {logging_mixin.py:190} INFO - [2025-03-09T09:32:13.846+0000] {dag.py:4180} INFO - Setting next_dagrun for latest_only_with_trigger to 2025-03-09 04:00:00+00:00, run_after=2025-03-09 08:00:00+00:00
[2025-03-09T09:32:13.886+0000] {processor.py:208} INFO - Processing /home/airflow/.local/lib/python3.12/site-packages/airflow/example_dags/example_latest_only_with_trigger.py took 0.152 seconds
[2025-03-09T09:32:44.753+0000] {processor.py:186} INFO - Started process (PID=2133) to work on /home/airflow/.local/lib/python3.12/site-packages/airflow/example_dags/example_latest_only_with_trigger.py
[2025-03-09T09:32:44.754+0000] {processor.py:914} INFO - Processing file /home/airflow/.local/lib/python3.12/site-packages/airflow/example_dags/example_latest_only_with_trigger.py for tasks to queue
[2025-03-09T09:32:44.758+0000] {logging_mixin.py:190} INFO - [2025-03-09T09:32:44.758+0000] {dagbag.py:588} INFO - Filling up the DagBag from /home/airflow/.local/lib/python3.12/site-packages/airflow/example_dags/example_latest_only_with_trigger.py
[2025-03-09T09:32:44.772+0000] {processor.py:925} INFO - DAG(s) 'latest_only_with_trigger' retrieved from /home/airflow/.local/lib/python3.12/site-packages/airflow/example_dags/example_latest_only_with_trigger.py
[2025-03-09T09:32:44.806+0000] {logging_mixin.py:190} INFO - [2025-03-09T09:32:44.805+0000] {dag.py:3239} INFO - Sync 1 DAGs
[2025-03-09T09:32:44.842+0000] {logging_mixin.py:190} INFO - [2025-03-09T09:32:44.841+0000] {dag.py:4180} INFO - Setting next_dagrun for latest_only_with_trigger to 2025-03-09 04:00:00+00:00, run_after=2025-03-09 08:00:00+00:00
[2025-03-09T09:32:44.882+0000] {processor.py:208} INFO - Processing /home/airflow/.local/lib/python3.12/site-packages/airflow/example_dags/example_latest_only_with_trigger.py took 0.137 seconds
[2025-03-09T09:33:17.085+0000] {processor.py:186} INFO - Started process (PID=2198) to work on /home/airflow/.local/lib/python3.12/site-packages/airflow/example_dags/example_latest_only_with_trigger.py
[2025-03-09T09:33:17.086+0000] {processor.py:914} INFO - Processing file /home/airflow/.local/lib/python3.12/site-packages/airflow/example_dags/example_latest_only_with_trigger.py for tasks to queue
[2025-03-09T09:33:17.090+0000] {logging_mixin.py:190} INFO - [2025-03-09T09:33:17.089+0000] {dagbag.py:588} INFO - Filling up the DagBag from /home/airflow/.local/lib/python3.12/site-packages/airflow/example_dags/example_latest_only_with_trigger.py
[2025-03-09T09:33:17.104+0000] {processor.py:925} INFO - DAG(s) 'latest_only_with_trigger' retrieved from /home/airflow/.local/lib/python3.12/site-packages/airflow/example_dags/example_latest_only_with_trigger.py
[2025-03-09T09:33:17.136+0000] {logging_mixin.py:190} INFO - [2025-03-09T09:33:17.136+0000] {dag.py:3239} INFO - Sync 1 DAGs
[2025-03-09T09:33:17.187+0000] {logging_mixin.py:190} INFO - [2025-03-09T09:33:17.186+0000] {dag.py:4180} INFO - Setting next_dagrun for latest_only_with_trigger to 2025-03-09 04:00:00+00:00, run_after=2025-03-09 08:00:00+00:00
[2025-03-09T09:33:17.247+0000] {processor.py:208} INFO - Processing /home/airflow/.local/lib/python3.12/site-packages/airflow/example_dags/example_latest_only_with_trigger.py took 0.170 seconds
[2025-03-09T09:33:49.067+0000] {processor.py:186} INFO - Started process (PID=2263) to work on /home/airflow/.local/lib/python3.12/site-packages/airflow/example_dags/example_latest_only_with_trigger.py
[2025-03-09T09:33:49.068+0000] {processor.py:914} INFO - Processing file /home/airflow/.local/lib/python3.12/site-packages/airflow/example_dags/example_latest_only_with_trigger.py for tasks to queue
[2025-03-09T09:33:49.072+0000] {logging_mixin.py:190} INFO - [2025-03-09T09:33:49.071+0000] {dagbag.py:588} INFO - Filling up the DagBag from /home/airflow/.local/lib/python3.12/site-packages/airflow/example_dags/example_latest_only_with_trigger.py
[2025-03-09T09:33:49.083+0000] {processor.py:925} INFO - DAG(s) 'latest_only_with_trigger' retrieved from /home/airflow/.local/lib/python3.12/site-packages/airflow/example_dags/example_latest_only_with_trigger.py
[2025-03-09T09:33:49.124+0000] {logging_mixin.py:190} INFO - [2025-03-09T09:33:49.123+0000] {dag.py:3239} INFO - Sync 1 DAGs
[2025-03-09T09:33:49.166+0000] {logging_mixin.py:190} INFO - [2025-03-09T09:33:49.165+0000] {dag.py:4180} INFO - Setting next_dagrun for latest_only_with_trigger to 2025-03-09 04:00:00+00:00, run_after=2025-03-09 08:00:00+00:00
[2025-03-09T09:33:49.204+0000] {processor.py:208} INFO - Processing /home/airflow/.local/lib/python3.12/site-packages/airflow/example_dags/example_latest_only_with_trigger.py took 0.145 seconds
[2025-03-09T09:34:20.393+0000] {processor.py:186} INFO - Started process (PID=2328) to work on /home/airflow/.local/lib/python3.12/site-packages/airflow/example_dags/example_latest_only_with_trigger.py
[2025-03-09T09:34:20.395+0000] {processor.py:914} INFO - Processing file /home/airflow/.local/lib/python3.12/site-packages/airflow/example_dags/example_latest_only_with_trigger.py for tasks to queue
[2025-03-09T09:34:20.401+0000] {logging_mixin.py:190} INFO - [2025-03-09T09:34:20.400+0000] {dagbag.py:588} INFO - Filling up the DagBag from /home/airflow/.local/lib/python3.12/site-packages/airflow/example_dags/example_latest_only_with_trigger.py
[2025-03-09T09:34:20.419+0000] {processor.py:925} INFO - DAG(s) 'latest_only_with_trigger' retrieved from /home/airflow/.local/lib/python3.12/site-packages/airflow/example_dags/example_latest_only_with_trigger.py
[2025-03-09T09:34:20.461+0000] {logging_mixin.py:190} INFO - [2025-03-09T09:34:20.460+0000] {dag.py:3239} INFO - Sync 1 DAGs
[2025-03-09T09:34:20.498+0000] {logging_mixin.py:190} INFO - [2025-03-09T09:34:20.497+0000] {dag.py:4180} INFO - Setting next_dagrun for latest_only_with_trigger to 2025-03-09 04:00:00+00:00, run_after=2025-03-09 08:00:00+00:00
[2025-03-09T09:34:20.533+0000] {processor.py:208} INFO - Processing /home/airflow/.local/lib/python3.12/site-packages/airflow/example_dags/example_latest_only_with_trigger.py took 0.150 seconds
[2025-03-09T09:34:50.952+0000] {processor.py:186} INFO - Started process (PID=2393) to work on /home/airflow/.local/lib/python3.12/site-packages/airflow/example_dags/example_latest_only_with_trigger.py
[2025-03-09T09:34:50.954+0000] {processor.py:914} INFO - Processing file /home/airflow/.local/lib/python3.12/site-packages/airflow/example_dags/example_latest_only_with_trigger.py for tasks to queue
[2025-03-09T09:34:50.957+0000] {logging_mixin.py:190} INFO - [2025-03-09T09:34:50.957+0000] {dagbag.py:588} INFO - Filling up the DagBag from /home/airflow/.local/lib/python3.12/site-packages/airflow/example_dags/example_latest_only_with_trigger.py
[2025-03-09T09:34:50.968+0000] {processor.py:925} INFO - DAG(s) 'latest_only_with_trigger' retrieved from /home/airflow/.local/lib/python3.12/site-packages/airflow/example_dags/example_latest_only_with_trigger.py
[2025-03-09T09:34:51.006+0000] {logging_mixin.py:190} INFO - [2025-03-09T09:34:51.005+0000] {dag.py:3239} INFO - Sync 1 DAGs
[2025-03-09T09:34:51.044+0000] {logging_mixin.py:190} INFO - [2025-03-09T09:34:51.043+0000] {dag.py:4180} INFO - Setting next_dagrun for latest_only_with_trigger to 2025-03-09 04:00:00+00:00, run_after=2025-03-09 08:00:00+00:00
[2025-03-09T09:34:51.079+0000] {processor.py:208} INFO - Processing /home/airflow/.local/lib/python3.12/site-packages/airflow/example_dags/example_latest_only_with_trigger.py took 0.135 seconds
[2025-03-09T09:35:22.583+0000] {processor.py:186} INFO - Started process (PID=2458) to work on /home/airflow/.local/lib/python3.12/site-packages/airflow/example_dags/example_latest_only_with_trigger.py
[2025-03-09T09:35:22.585+0000] {processor.py:914} INFO - Processing file /home/airflow/.local/lib/python3.12/site-packages/airflow/example_dags/example_latest_only_with_trigger.py for tasks to queue
[2025-03-09T09:35:22.588+0000] {logging_mixin.py:190} INFO - [2025-03-09T09:35:22.588+0000] {dagbag.py:588} INFO - Filling up the DagBag from /home/airflow/.local/lib/python3.12/site-packages/airflow/example_dags/example_latest_only_with_trigger.py
[2025-03-09T09:35:22.600+0000] {processor.py:925} INFO - DAG(s) 'latest_only_with_trigger' retrieved from /home/airflow/.local/lib/python3.12/site-packages/airflow/example_dags/example_latest_only_with_trigger.py
[2025-03-09T09:35:22.631+0000] {logging_mixin.py:190} INFO - [2025-03-09T09:35:22.631+0000] {dag.py:3239} INFO - Sync 1 DAGs
[2025-03-09T09:35:22.664+0000] {logging_mixin.py:190} INFO - [2025-03-09T09:35:22.664+0000] {dag.py:4180} INFO - Setting next_dagrun for latest_only_with_trigger to 2025-03-09 04:00:00+00:00, run_after=2025-03-09 08:00:00+00:00
[2025-03-09T09:35:22.696+0000] {processor.py:208} INFO - Processing /home/airflow/.local/lib/python3.12/site-packages/airflow/example_dags/example_latest_only_with_trigger.py took 0.121 seconds
[2025-03-09T09:35:53.127+0000] {processor.py:186} INFO - Started process (PID=2522) to work on /home/airflow/.local/lib/python3.12/site-packages/airflow/example_dags/example_latest_only_with_trigger.py
[2025-03-09T09:35:53.129+0000] {processor.py:914} INFO - Processing file /home/airflow/.local/lib/python3.12/site-packages/airflow/example_dags/example_latest_only_with_trigger.py for tasks to queue
[2025-03-09T09:35:53.132+0000] {logging_mixin.py:190} INFO - [2025-03-09T09:35:53.132+0000] {dagbag.py:588} INFO - Filling up the DagBag from /home/airflow/.local/lib/python3.12/site-packages/airflow/example_dags/example_latest_only_with_trigger.py
[2025-03-09T09:35:53.146+0000] {processor.py:925} INFO - DAG(s) 'latest_only_with_trigger' retrieved from /home/airflow/.local/lib/python3.12/site-packages/airflow/example_dags/example_latest_only_with_trigger.py
[2025-03-09T09:35:53.187+0000] {logging_mixin.py:190} INFO - [2025-03-09T09:35:53.186+0000] {dag.py:3239} INFO - Sync 1 DAGs
[2025-03-09T09:35:53.228+0000] {logging_mixin.py:190} INFO - [2025-03-09T09:35:53.228+0000] {dag.py:4180} INFO - Setting next_dagrun for latest_only_with_trigger to 2025-03-09 04:00:00+00:00, run_after=2025-03-09 08:00:00+00:00
[2025-03-09T09:35:53.268+0000] {processor.py:208} INFO - Processing /home/airflow/.local/lib/python3.12/site-packages/airflow/example_dags/example_latest_only_with_trigger.py took 0.150 seconds
[2025-03-09T09:36:23.712+0000] {processor.py:186} INFO - Started process (PID=2586) to work on /home/airflow/.local/lib/python3.12/site-packages/airflow/example_dags/example_latest_only_with_trigger.py
[2025-03-09T09:36:23.714+0000] {processor.py:914} INFO - Processing file /home/airflow/.local/lib/python3.12/site-packages/airflow/example_dags/example_latest_only_with_trigger.py for tasks to queue
[2025-03-09T09:36:23.717+0000] {logging_mixin.py:190} INFO - [2025-03-09T09:36:23.717+0000] {dagbag.py:588} INFO - Filling up the DagBag from /home/airflow/.local/lib/python3.12/site-packages/airflow/example_dags/example_latest_only_with_trigger.py
[2025-03-09T09:36:23.730+0000] {processor.py:925} INFO - DAG(s) 'latest_only_with_trigger' retrieved from /home/airflow/.local/lib/python3.12/site-packages/airflow/example_dags/example_latest_only_with_trigger.py
[2025-03-09T09:36:23.764+0000] {logging_mixin.py:190} INFO - [2025-03-09T09:36:23.764+0000] {dag.py:3239} INFO - Sync 1 DAGs
[2025-03-09T09:36:23.802+0000] {logging_mixin.py:190} INFO - [2025-03-09T09:36:23.801+0000] {dag.py:4180} INFO - Setting next_dagrun for latest_only_with_trigger to 2025-03-09 04:00:00+00:00, run_after=2025-03-09 08:00:00+00:00
[2025-03-09T09:36:23.833+0000] {processor.py:208} INFO - Processing /home/airflow/.local/lib/python3.12/site-packages/airflow/example_dags/example_latest_only_with_trigger.py took 0.129 seconds
[2025-03-09T09:36:54.032+0000] {processor.py:186} INFO - Started process (PID=2650) to work on /home/airflow/.local/lib/python3.12/site-packages/airflow/example_dags/example_latest_only_with_trigger.py
[2025-03-09T09:36:54.034+0000] {processor.py:914} INFO - Processing file /home/airflow/.local/lib/python3.12/site-packages/airflow/example_dags/example_latest_only_with_trigger.py for tasks to queue
[2025-03-09T09:36:54.037+0000] {logging_mixin.py:190} INFO - [2025-03-09T09:36:54.036+0000] {dagbag.py:588} INFO - Filling up the DagBag from /home/airflow/.local/lib/python3.12/site-packages/airflow/example_dags/example_latest_only_with_trigger.py
[2025-03-09T09:36:54.048+0000] {processor.py:925} INFO - DAG(s) 'latest_only_with_trigger' retrieved from /home/airflow/.local/lib/python3.12/site-packages/airflow/example_dags/example_latest_only_with_trigger.py
[2025-03-09T09:36:54.084+0000] {logging_mixin.py:190} INFO - [2025-03-09T09:36:54.084+0000] {dag.py:3239} INFO - Sync 1 DAGs
[2025-03-09T09:36:54.120+0000] {logging_mixin.py:190} INFO - [2025-03-09T09:36:54.120+0000] {dag.py:4180} INFO - Setting next_dagrun for latest_only_with_trigger to 2025-03-09 04:00:00+00:00, run_after=2025-03-09 08:00:00+00:00
[2025-03-09T09:36:54.152+0000] {processor.py:208} INFO - Processing /home/airflow/.local/lib/python3.12/site-packages/airflow/example_dags/example_latest_only_with_trigger.py took 0.127 seconds
[2025-03-09T09:37:24.957+0000] {processor.py:186} INFO - Started process (PID=2715) to work on /home/airflow/.local/lib/python3.12/site-packages/airflow/example_dags/example_latest_only_with_trigger.py
[2025-03-09T09:37:24.960+0000] {processor.py:914} INFO - Processing file /home/airflow/.local/lib/python3.12/site-packages/airflow/example_dags/example_latest_only_with_trigger.py for tasks to queue
[2025-03-09T09:37:24.965+0000] {logging_mixin.py:190} INFO - [2025-03-09T09:37:24.965+0000] {dagbag.py:588} INFO - Filling up the DagBag from /home/airflow/.local/lib/python3.12/site-packages/airflow/example_dags/example_latest_only_with_trigger.py
[2025-03-09T09:37:24.981+0000] {processor.py:925} INFO - DAG(s) 'latest_only_with_trigger' retrieved from /home/airflow/.local/lib/python3.12/site-packages/airflow/example_dags/example_latest_only_with_trigger.py
[2025-03-09T09:37:25.015+0000] {logging_mixin.py:190} INFO - [2025-03-09T09:37:25.015+0000] {dag.py:3239} INFO - Sync 1 DAGs
[2025-03-09T09:37:25.055+0000] {logging_mixin.py:190} INFO - [2025-03-09T09:37:25.055+0000] {dag.py:4180} INFO - Setting next_dagrun for latest_only_with_trigger to 2025-03-09 04:00:00+00:00, run_after=2025-03-09 08:00:00+00:00
[2025-03-09T09:37:25.092+0000] {processor.py:208} INFO - Processing /home/airflow/.local/lib/python3.12/site-packages/airflow/example_dags/example_latest_only_with_trigger.py took 0.148 seconds
[2025-03-09T09:37:55.318+0000] {processor.py:186} INFO - Started process (PID=2780) to work on /home/airflow/.local/lib/python3.12/site-packages/airflow/example_dags/example_latest_only_with_trigger.py
[2025-03-09T09:37:55.320+0000] {processor.py:914} INFO - Processing file /home/airflow/.local/lib/python3.12/site-packages/airflow/example_dags/example_latest_only_with_trigger.py for tasks to queue
[2025-03-09T09:37:55.324+0000] {logging_mixin.py:190} INFO - [2025-03-09T09:37:55.323+0000] {dagbag.py:588} INFO - Filling up the DagBag from /home/airflow/.local/lib/python3.12/site-packages/airflow/example_dags/example_latest_only_with_trigger.py
[2025-03-09T09:37:55.338+0000] {processor.py:925} INFO - DAG(s) 'latest_only_with_trigger' retrieved from /home/airflow/.local/lib/python3.12/site-packages/airflow/example_dags/example_latest_only_with_trigger.py
[2025-03-09T09:37:55.380+0000] {logging_mixin.py:190} INFO - [2025-03-09T09:37:55.379+0000] {dag.py:3239} INFO - Sync 1 DAGs
[2025-03-09T09:37:55.430+0000] {logging_mixin.py:190} INFO - [2025-03-09T09:37:55.429+0000] {dag.py:4180} INFO - Setting next_dagrun for latest_only_with_trigger to 2025-03-09 04:00:00+00:00, run_after=2025-03-09 08:00:00+00:00
[2025-03-09T09:37:55.491+0000] {processor.py:208} INFO - Processing /home/airflow/.local/lib/python3.12/site-packages/airflow/example_dags/example_latest_only_with_trigger.py took 0.185 seconds
[2025-03-09T09:38:26.094+0000] {processor.py:186} INFO - Started process (PID=2846) to work on /home/airflow/.local/lib/python3.12/site-packages/airflow/example_dags/example_latest_only_with_trigger.py
[2025-03-09T09:38:26.096+0000] {processor.py:914} INFO - Processing file /home/airflow/.local/lib/python3.12/site-packages/airflow/example_dags/example_latest_only_with_trigger.py for tasks to queue
[2025-03-09T09:38:26.099+0000] {logging_mixin.py:190} INFO - [2025-03-09T09:38:26.099+0000] {dagbag.py:588} INFO - Filling up the DagBag from /home/airflow/.local/lib/python3.12/site-packages/airflow/example_dags/example_latest_only_with_trigger.py
[2025-03-09T09:38:26.112+0000] {processor.py:925} INFO - DAG(s) 'latest_only_with_trigger' retrieved from /home/airflow/.local/lib/python3.12/site-packages/airflow/example_dags/example_latest_only_with_trigger.py
[2025-03-09T09:38:26.146+0000] {logging_mixin.py:190} INFO - [2025-03-09T09:38:26.145+0000] {dag.py:3239} INFO - Sync 1 DAGs
[2025-03-09T09:38:26.184+0000] {logging_mixin.py:190} INFO - [2025-03-09T09:38:26.184+0000] {dag.py:4180} INFO - Setting next_dagrun for latest_only_with_trigger to 2025-03-09 04:00:00+00:00, run_after=2025-03-09 08:00:00+00:00
[2025-03-09T09:38:26.217+0000] {processor.py:208} INFO - Processing /home/airflow/.local/lib/python3.12/site-packages/airflow/example_dags/example_latest_only_with_trigger.py took 0.134 seconds
[2025-03-09T09:38:56.763+0000] {processor.py:186} INFO - Started process (PID=2911) to work on /home/airflow/.local/lib/python3.12/site-packages/airflow/example_dags/example_latest_only_with_trigger.py
[2025-03-09T09:38:56.765+0000] {processor.py:914} INFO - Processing file /home/airflow/.local/lib/python3.12/site-packages/airflow/example_dags/example_latest_only_with_trigger.py for tasks to queue
[2025-03-09T09:38:56.768+0000] {logging_mixin.py:190} INFO - [2025-03-09T09:38:56.768+0000] {dagbag.py:588} INFO - Filling up the DagBag from /home/airflow/.local/lib/python3.12/site-packages/airflow/example_dags/example_latest_only_with_trigger.py
[2025-03-09T09:38:56.780+0000] {processor.py:925} INFO - DAG(s) 'latest_only_with_trigger' retrieved from /home/airflow/.local/lib/python3.12/site-packages/airflow/example_dags/example_latest_only_with_trigger.py
[2025-03-09T09:38:56.811+0000] {logging_mixin.py:190} INFO - [2025-03-09T09:38:56.811+0000] {dag.py:3239} INFO - Sync 1 DAGs
[2025-03-09T09:38:56.842+0000] {logging_mixin.py:190} INFO - [2025-03-09T09:38:56.842+0000] {dag.py:4180} INFO - Setting next_dagrun for latest_only_with_trigger to 2025-03-09 04:00:00+00:00, run_after=2025-03-09 08:00:00+00:00
[2025-03-09T09:38:56.878+0000] {processor.py:208} INFO - Processing /home/airflow/.local/lib/python3.12/site-packages/airflow/example_dags/example_latest_only_with_trigger.py took 0.121 seconds
[2025-03-09T09:39:27.595+0000] {processor.py:186} INFO - Started process (PID=2976) to work on /home/airflow/.local/lib/python3.12/site-packages/airflow/example_dags/example_latest_only_with_trigger.py
[2025-03-09T09:39:27.597+0000] {processor.py:914} INFO - Processing file /home/airflow/.local/lib/python3.12/site-packages/airflow/example_dags/example_latest_only_with_trigger.py for tasks to queue
[2025-03-09T09:39:27.605+0000] {logging_mixin.py:190} INFO - [2025-03-09T09:39:27.603+0000] {dagbag.py:588} INFO - Filling up the DagBag from /home/airflow/.local/lib/python3.12/site-packages/airflow/example_dags/example_latest_only_with_trigger.py
[2025-03-09T09:39:27.623+0000] {processor.py:925} INFO - DAG(s) 'latest_only_with_trigger' retrieved from /home/airflow/.local/lib/python3.12/site-packages/airflow/example_dags/example_latest_only_with_trigger.py
[2025-03-09T09:39:27.669+0000] {logging_mixin.py:190} INFO - [2025-03-09T09:39:27.669+0000] {dag.py:3239} INFO - Sync 1 DAGs
[2025-03-09T09:39:27.708+0000] {logging_mixin.py:190} INFO - [2025-03-09T09:39:27.708+0000] {dag.py:4180} INFO - Setting next_dagrun for latest_only_with_trigger to 2025-03-09 04:00:00+00:00, run_after=2025-03-09 08:00:00+00:00
[2025-03-09T09:39:27.765+0000] {processor.py:208} INFO - Processing /home/airflow/.local/lib/python3.12/site-packages/airflow/example_dags/example_latest_only_with_trigger.py took 0.183 seconds
[2025-03-09T09:39:58.020+0000] {processor.py:186} INFO - Started process (PID=3042) to work on /home/airflow/.local/lib/python3.12/site-packages/airflow/example_dags/example_latest_only_with_trigger.py
[2025-03-09T09:39:58.022+0000] {processor.py:914} INFO - Processing file /home/airflow/.local/lib/python3.12/site-packages/airflow/example_dags/example_latest_only_with_trigger.py for tasks to queue
[2025-03-09T09:39:58.028+0000] {logging_mixin.py:190} INFO - [2025-03-09T09:39:58.027+0000] {dagbag.py:588} INFO - Filling up the DagBag from /home/airflow/.local/lib/python3.12/site-packages/airflow/example_dags/example_latest_only_with_trigger.py
[2025-03-09T09:39:58.040+0000] {processor.py:925} INFO - DAG(s) 'latest_only_with_trigger' retrieved from /home/airflow/.local/lib/python3.12/site-packages/airflow/example_dags/example_latest_only_with_trigger.py
[2025-03-09T09:39:58.088+0000] {logging_mixin.py:190} INFO - [2025-03-09T09:39:58.087+0000] {dag.py:3239} INFO - Sync 1 DAGs
[2025-03-09T09:39:58.127+0000] {logging_mixin.py:190} INFO - [2025-03-09T09:39:58.126+0000] {dag.py:4180} INFO - Setting next_dagrun for latest_only_with_trigger to 2025-03-09 04:00:00+00:00, run_after=2025-03-09 08:00:00+00:00
[2025-03-09T09:39:58.172+0000] {processor.py:208} INFO - Processing /home/airflow/.local/lib/python3.12/site-packages/airflow/example_dags/example_latest_only_with_trigger.py took 0.159 seconds
[2025-03-09T09:40:28.309+0000] {processor.py:186} INFO - Started process (PID=3113) to work on /home/airflow/.local/lib/python3.12/site-packages/airflow/example_dags/example_latest_only_with_trigger.py
[2025-03-09T09:40:28.312+0000] {processor.py:914} INFO - Processing file /home/airflow/.local/lib/python3.12/site-packages/airflow/example_dags/example_latest_only_with_trigger.py for tasks to queue
[2025-03-09T09:40:28.320+0000] {logging_mixin.py:190} INFO - [2025-03-09T09:40:28.318+0000] {dagbag.py:588} INFO - Filling up the DagBag from /home/airflow/.local/lib/python3.12/site-packages/airflow/example_dags/example_latest_only_with_trigger.py
[2025-03-09T09:40:28.352+0000] {processor.py:925} INFO - DAG(s) 'latest_only_with_trigger' retrieved from /home/airflow/.local/lib/python3.12/site-packages/airflow/example_dags/example_latest_only_with_trigger.py
[2025-03-09T09:40:28.447+0000] {logging_mixin.py:190} INFO - [2025-03-09T09:40:28.446+0000] {dag.py:3239} INFO - Sync 1 DAGs
[2025-03-09T09:40:28.519+0000] {logging_mixin.py:190} INFO - [2025-03-09T09:40:28.518+0000] {dag.py:4180} INFO - Setting next_dagrun for latest_only_with_trigger to 2025-03-09 04:00:00+00:00, run_after=2025-03-09 08:00:00+00:00
[2025-03-09T09:40:28.587+0000] {processor.py:208} INFO - Processing /home/airflow/.local/lib/python3.12/site-packages/airflow/example_dags/example_latest_only_with_trigger.py took 0.300 seconds
[2025-03-09T09:40:59.060+0000] {processor.py:186} INFO - Started process (PID=3178) to work on /home/airflow/.local/lib/python3.12/site-packages/airflow/example_dags/example_latest_only_with_trigger.py
[2025-03-09T09:40:59.062+0000] {processor.py:914} INFO - Processing file /home/airflow/.local/lib/python3.12/site-packages/airflow/example_dags/example_latest_only_with_trigger.py for tasks to queue
[2025-03-09T09:40:59.065+0000] {logging_mixin.py:190} INFO - [2025-03-09T09:40:59.064+0000] {dagbag.py:588} INFO - Filling up the DagBag from /home/airflow/.local/lib/python3.12/site-packages/airflow/example_dags/example_latest_only_with_trigger.py
[2025-03-09T09:40:59.079+0000] {processor.py:925} INFO - DAG(s) 'latest_only_with_trigger' retrieved from /home/airflow/.local/lib/python3.12/site-packages/airflow/example_dags/example_latest_only_with_trigger.py
[2025-03-09T09:40:59.115+0000] {logging_mixin.py:190} INFO - [2025-03-09T09:40:59.115+0000] {dag.py:3239} INFO - Sync 1 DAGs
[2025-03-09T09:40:59.160+0000] {logging_mixin.py:190} INFO - [2025-03-09T09:40:59.160+0000] {dag.py:4180} INFO - Setting next_dagrun for latest_only_with_trigger to 2025-03-09 04:00:00+00:00, run_after=2025-03-09 08:00:00+00:00
[2025-03-09T09:40:59.200+0000] {processor.py:208} INFO - Processing /home/airflow/.local/lib/python3.12/site-packages/airflow/example_dags/example_latest_only_with_trigger.py took 0.147 seconds
[2025-03-09T09:41:29.691+0000] {processor.py:186} INFO - Started process (PID=3243) to work on /home/airflow/.local/lib/python3.12/site-packages/airflow/example_dags/example_latest_only_with_trigger.py
[2025-03-09T09:41:29.693+0000] {processor.py:914} INFO - Processing file /home/airflow/.local/lib/python3.12/site-packages/airflow/example_dags/example_latest_only_with_trigger.py for tasks to queue
[2025-03-09T09:41:29.697+0000] {logging_mixin.py:190} INFO - [2025-03-09T09:41:29.696+0000] {dagbag.py:588} INFO - Filling up the DagBag from /home/airflow/.local/lib/python3.12/site-packages/airflow/example_dags/example_latest_only_with_trigger.py
[2025-03-09T09:41:29.708+0000] {processor.py:925} INFO - DAG(s) 'latest_only_with_trigger' retrieved from /home/airflow/.local/lib/python3.12/site-packages/airflow/example_dags/example_latest_only_with_trigger.py
[2025-03-09T09:41:29.740+0000] {logging_mixin.py:190} INFO - [2025-03-09T09:41:29.739+0000] {dag.py:3239} INFO - Sync 1 DAGs
[2025-03-09T09:41:29.777+0000] {logging_mixin.py:190} INFO - [2025-03-09T09:41:29.776+0000] {dag.py:4180} INFO - Setting next_dagrun for latest_only_with_trigger to 2025-03-09 04:00:00+00:00, run_after=2025-03-09 08:00:00+00:00
[2025-03-09T09:41:29.809+0000] {processor.py:208} INFO - Processing /home/airflow/.local/lib/python3.12/site-packages/airflow/example_dags/example_latest_only_with_trigger.py took 0.125 seconds
[2025-03-09T09:42:00.452+0000] {processor.py:186} INFO - Started process (PID=3309) to work on /home/airflow/.local/lib/python3.12/site-packages/airflow/example_dags/example_latest_only_with_trigger.py
[2025-03-09T09:42:00.454+0000] {processor.py:914} INFO - Processing file /home/airflow/.local/lib/python3.12/site-packages/airflow/example_dags/example_latest_only_with_trigger.py for tasks to queue
[2025-03-09T09:42:00.458+0000] {logging_mixin.py:190} INFO - [2025-03-09T09:42:00.457+0000] {dagbag.py:588} INFO - Filling up the DagBag from /home/airflow/.local/lib/python3.12/site-packages/airflow/example_dags/example_latest_only_with_trigger.py
[2025-03-09T09:42:00.471+0000] {processor.py:925} INFO - DAG(s) 'latest_only_with_trigger' retrieved from /home/airflow/.local/lib/python3.12/site-packages/airflow/example_dags/example_latest_only_with_trigger.py
[2025-03-09T09:42:00.504+0000] {logging_mixin.py:190} INFO - [2025-03-09T09:42:00.504+0000] {dag.py:3239} INFO - Sync 1 DAGs
[2025-03-09T09:42:00.539+0000] {logging_mixin.py:190} INFO - [2025-03-09T09:42:00.539+0000] {dag.py:4180} INFO - Setting next_dagrun for latest_only_with_trigger to 2025-03-09 04:00:00+00:00, run_after=2025-03-09 08:00:00+00:00
[2025-03-09T09:42:00.578+0000] {processor.py:208} INFO - Processing /home/airflow/.local/lib/python3.12/site-packages/airflow/example_dags/example_latest_only_with_trigger.py took 0.134 seconds
[2025-03-09T09:42:30.742+0000] {processor.py:186} INFO - Started process (PID=3374) to work on /home/airflow/.local/lib/python3.12/site-packages/airflow/example_dags/example_latest_only_with_trigger.py
[2025-03-09T09:42:30.744+0000] {processor.py:914} INFO - Processing file /home/airflow/.local/lib/python3.12/site-packages/airflow/example_dags/example_latest_only_with_trigger.py for tasks to queue
[2025-03-09T09:42:30.748+0000] {logging_mixin.py:190} INFO - [2025-03-09T09:42:30.747+0000] {dagbag.py:588} INFO - Filling up the DagBag from /home/airflow/.local/lib/python3.12/site-packages/airflow/example_dags/example_latest_only_with_trigger.py
[2025-03-09T09:42:30.761+0000] {processor.py:925} INFO - DAG(s) 'latest_only_with_trigger' retrieved from /home/airflow/.local/lib/python3.12/site-packages/airflow/example_dags/example_latest_only_with_trigger.py
[2025-03-09T09:42:30.801+0000] {logging_mixin.py:190} INFO - [2025-03-09T09:42:30.801+0000] {dag.py:3239} INFO - Sync 1 DAGs
[2025-03-09T09:42:30.839+0000] {logging_mixin.py:190} INFO - [2025-03-09T09:42:30.838+0000] {dag.py:4180} INFO - Setting next_dagrun for latest_only_with_trigger to 2025-03-09 04:00:00+00:00, run_after=2025-03-09 08:00:00+00:00
[2025-03-09T09:42:30.877+0000] {processor.py:208} INFO - Processing /home/airflow/.local/lib/python3.12/site-packages/airflow/example_dags/example_latest_only_with_trigger.py took 0.144 seconds
[2025-03-09T09:43:00.952+0000] {processor.py:186} INFO - Started process (PID=3440) to work on /home/airflow/.local/lib/python3.12/site-packages/airflow/example_dags/example_latest_only_with_trigger.py
[2025-03-09T09:43:00.954+0000] {processor.py:914} INFO - Processing file /home/airflow/.local/lib/python3.12/site-packages/airflow/example_dags/example_latest_only_with_trigger.py for tasks to queue
[2025-03-09T09:43:00.957+0000] {logging_mixin.py:190} INFO - [2025-03-09T09:43:00.956+0000] {dagbag.py:588} INFO - Filling up the DagBag from /home/airflow/.local/lib/python3.12/site-packages/airflow/example_dags/example_latest_only_with_trigger.py
[2025-03-09T09:43:00.967+0000] {processor.py:925} INFO - DAG(s) 'latest_only_with_trigger' retrieved from /home/airflow/.local/lib/python3.12/site-packages/airflow/example_dags/example_latest_only_with_trigger.py
[2025-03-09T09:43:00.998+0000] {logging_mixin.py:190} INFO - [2025-03-09T09:43:00.998+0000] {dag.py:3239} INFO - Sync 1 DAGs
[2025-03-09T09:43:01.033+0000] {logging_mixin.py:190} INFO - [2025-03-09T09:43:01.033+0000] {dag.py:4180} INFO - Setting next_dagrun for latest_only_with_trigger to 2025-03-09 04:00:00+00:00, run_after=2025-03-09 08:00:00+00:00
[2025-03-09T09:43:01.065+0000] {processor.py:208} INFO - Processing /home/airflow/.local/lib/python3.12/site-packages/airflow/example_dags/example_latest_only_with_trigger.py took 0.121 seconds
[2025-03-09T09:43:31.867+0000] {processor.py:186} INFO - Started process (PID=3505) to work on /home/airflow/.local/lib/python3.12/site-packages/airflow/example_dags/example_latest_only_with_trigger.py
[2025-03-09T09:43:31.869+0000] {processor.py:914} INFO - Processing file /home/airflow/.local/lib/python3.12/site-packages/airflow/example_dags/example_latest_only_with_trigger.py for tasks to queue
[2025-03-09T09:43:31.872+0000] {logging_mixin.py:190} INFO - [2025-03-09T09:43:31.872+0000] {dagbag.py:588} INFO - Filling up the DagBag from /home/airflow/.local/lib/python3.12/site-packages/airflow/example_dags/example_latest_only_with_trigger.py
[2025-03-09T09:43:31.885+0000] {processor.py:925} INFO - DAG(s) 'latest_only_with_trigger' retrieved from /home/airflow/.local/lib/python3.12/site-packages/airflow/example_dags/example_latest_only_with_trigger.py
[2025-03-09T09:43:31.919+0000] {logging_mixin.py:190} INFO - [2025-03-09T09:43:31.919+0000] {dag.py:3239} INFO - Sync 1 DAGs
[2025-03-09T09:43:31.957+0000] {logging_mixin.py:190} INFO - [2025-03-09T09:43:31.956+0000] {dag.py:4180} INFO - Setting next_dagrun for latest_only_with_trigger to 2025-03-09 04:00:00+00:00, run_after=2025-03-09 08:00:00+00:00
[2025-03-09T09:43:31.991+0000] {processor.py:208} INFO - Processing /home/airflow/.local/lib/python3.12/site-packages/airflow/example_dags/example_latest_only_with_trigger.py took 0.132 seconds
[2025-03-09T09:44:02.287+0000] {processor.py:186} INFO - Started process (PID=3568) to work on /home/airflow/.local/lib/python3.12/site-packages/airflow/example_dags/example_latest_only_with_trigger.py
[2025-03-09T09:44:02.289+0000] {processor.py:914} INFO - Processing file /home/airflow/.local/lib/python3.12/site-packages/airflow/example_dags/example_latest_only_with_trigger.py for tasks to queue
[2025-03-09T09:44:02.292+0000] {logging_mixin.py:190} INFO - [2025-03-09T09:44:02.292+0000] {dagbag.py:588} INFO - Filling up the DagBag from /home/airflow/.local/lib/python3.12/site-packages/airflow/example_dags/example_latest_only_with_trigger.py
[2025-03-09T09:44:02.303+0000] {processor.py:925} INFO - DAG(s) 'latest_only_with_trigger' retrieved from /home/airflow/.local/lib/python3.12/site-packages/airflow/example_dags/example_latest_only_with_trigger.py
[2025-03-09T09:44:02.339+0000] {logging_mixin.py:190} INFO - [2025-03-09T09:44:02.338+0000] {dag.py:3239} INFO - Sync 1 DAGs
[2025-03-09T09:44:02.375+0000] {logging_mixin.py:190} INFO - [2025-03-09T09:44:02.374+0000] {dag.py:4180} INFO - Setting next_dagrun for latest_only_with_trigger to 2025-03-09 04:00:00+00:00, run_after=2025-03-09 08:00:00+00:00
[2025-03-09T09:44:02.415+0000] {processor.py:208} INFO - Processing /home/airflow/.local/lib/python3.12/site-packages/airflow/example_dags/example_latest_only_with_trigger.py took 0.135 seconds
[2025-03-09T09:44:32.747+0000] {processor.py:186} INFO - Started process (PID=3633) to work on /home/airflow/.local/lib/python3.12/site-packages/airflow/example_dags/example_latest_only_with_trigger.py
[2025-03-09T09:44:32.749+0000] {processor.py:914} INFO - Processing file /home/airflow/.local/lib/python3.12/site-packages/airflow/example_dags/example_latest_only_with_trigger.py for tasks to queue
[2025-03-09T09:44:32.753+0000] {logging_mixin.py:190} INFO - [2025-03-09T09:44:32.752+0000] {dagbag.py:588} INFO - Filling up the DagBag from /home/airflow/.local/lib/python3.12/site-packages/airflow/example_dags/example_latest_only_with_trigger.py
[2025-03-09T09:44:32.781+0000] {processor.py:925} INFO - DAG(s) 'latest_only_with_trigger' retrieved from /home/airflow/.local/lib/python3.12/site-packages/airflow/example_dags/example_latest_only_with_trigger.py
[2025-03-09T09:44:32.828+0000] {logging_mixin.py:190} INFO - [2025-03-09T09:44:32.827+0000] {dag.py:3239} INFO - Sync 1 DAGs
[2025-03-09T09:44:32.865+0000] {logging_mixin.py:190} INFO - [2025-03-09T09:44:32.864+0000] {dag.py:4180} INFO - Setting next_dagrun for latest_only_with_trigger to 2025-03-09 04:00:00+00:00, run_after=2025-03-09 08:00:00+00:00
[2025-03-09T09:44:32.896+0000] {processor.py:208} INFO - Processing /home/airflow/.local/lib/python3.12/site-packages/airflow/example_dags/example_latest_only_with_trigger.py took 0.157 seconds
[2025-03-09T09:45:03.054+0000] {processor.py:186} INFO - Started process (PID=3698) to work on /home/airflow/.local/lib/python3.12/site-packages/airflow/example_dags/example_latest_only_with_trigger.py
[2025-03-09T09:45:03.055+0000] {processor.py:914} INFO - Processing file /home/airflow/.local/lib/python3.12/site-packages/airflow/example_dags/example_latest_only_with_trigger.py for tasks to queue
[2025-03-09T09:45:03.059+0000] {logging_mixin.py:190} INFO - [2025-03-09T09:45:03.059+0000] {dagbag.py:588} INFO - Filling up the DagBag from /home/airflow/.local/lib/python3.12/site-packages/airflow/example_dags/example_latest_only_with_trigger.py
[2025-03-09T09:45:03.070+0000] {processor.py:925} INFO - DAG(s) 'latest_only_with_trigger' retrieved from /home/airflow/.local/lib/python3.12/site-packages/airflow/example_dags/example_latest_only_with_trigger.py
[2025-03-09T09:45:03.098+0000] {logging_mixin.py:190} INFO - [2025-03-09T09:45:03.098+0000] {dag.py:3239} INFO - Sync 1 DAGs
[2025-03-09T09:45:03.132+0000] {logging_mixin.py:190} INFO - [2025-03-09T09:45:03.131+0000] {dag.py:4180} INFO - Setting next_dagrun for latest_only_with_trigger to 2025-03-09 04:00:00+00:00, run_after=2025-03-09 08:00:00+00:00
[2025-03-09T09:45:03.171+0000] {processor.py:208} INFO - Processing /home/airflow/.local/lib/python3.12/site-packages/airflow/example_dags/example_latest_only_with_trigger.py took 0.124 seconds
[2025-03-09T09:45:33.375+0000] {processor.py:186} INFO - Started process (PID=3763) to work on /home/airflow/.local/lib/python3.12/site-packages/airflow/example_dags/example_latest_only_with_trigger.py
[2025-03-09T09:45:33.379+0000] {processor.py:914} INFO - Processing file /home/airflow/.local/lib/python3.12/site-packages/airflow/example_dags/example_latest_only_with_trigger.py for tasks to queue
[2025-03-09T09:45:33.386+0000] {logging_mixin.py:190} INFO - [2025-03-09T09:45:33.385+0000] {dagbag.py:588} INFO - Filling up the DagBag from /home/airflow/.local/lib/python3.12/site-packages/airflow/example_dags/example_latest_only_with_trigger.py
[2025-03-09T09:45:33.410+0000] {processor.py:925} INFO - DAG(s) 'latest_only_with_trigger' retrieved from /home/airflow/.local/lib/python3.12/site-packages/airflow/example_dags/example_latest_only_with_trigger.py
[2025-03-09T09:45:33.466+0000] {logging_mixin.py:190} INFO - [2025-03-09T09:45:33.465+0000] {dag.py:3239} INFO - Sync 1 DAGs
[2025-03-09T09:45:33.522+0000] {logging_mixin.py:190} INFO - [2025-03-09T09:45:33.521+0000] {dag.py:4180} INFO - Setting next_dagrun for latest_only_with_trigger to 2025-03-09 04:00:00+00:00, run_after=2025-03-09 08:00:00+00:00
[2025-03-09T09:45:33.573+0000] {processor.py:208} INFO - Processing /home/airflow/.local/lib/python3.12/site-packages/airflow/example_dags/example_latest_only_with_trigger.py took 0.222 seconds
[2025-03-09T09:46:04.161+0000] {processor.py:186} INFO - Started process (PID=3827) to work on /home/airflow/.local/lib/python3.12/site-packages/airflow/example_dags/example_latest_only_with_trigger.py
[2025-03-09T09:46:04.163+0000] {processor.py:914} INFO - Processing file /home/airflow/.local/lib/python3.12/site-packages/airflow/example_dags/example_latest_only_with_trigger.py for tasks to queue
[2025-03-09T09:46:04.168+0000] {logging_mixin.py:190} INFO - [2025-03-09T09:46:04.167+0000] {dagbag.py:588} INFO - Filling up the DagBag from /home/airflow/.local/lib/python3.12/site-packages/airflow/example_dags/example_latest_only_with_trigger.py
[2025-03-09T09:46:04.185+0000] {processor.py:925} INFO - DAG(s) 'latest_only_with_trigger' retrieved from /home/airflow/.local/lib/python3.12/site-packages/airflow/example_dags/example_latest_only_with_trigger.py
[2025-03-09T09:46:04.223+0000] {logging_mixin.py:190} INFO - [2025-03-09T09:46:04.223+0000] {dag.py:3239} INFO - Sync 1 DAGs
[2025-03-09T09:46:04.263+0000] {logging_mixin.py:190} INFO - [2025-03-09T09:46:04.262+0000] {dag.py:4180} INFO - Setting next_dagrun for latest_only_with_trigger to 2025-03-09 04:00:00+00:00, run_after=2025-03-09 08:00:00+00:00
[2025-03-09T09:46:04.296+0000] {processor.py:208} INFO - Processing /home/airflow/.local/lib/python3.12/site-packages/airflow/example_dags/example_latest_only_with_trigger.py took 0.143 seconds
[2025-03-09T09:46:35.199+0000] {processor.py:186} INFO - Started process (PID=3893) to work on /home/airflow/.local/lib/python3.12/site-packages/airflow/example_dags/example_latest_only_with_trigger.py
[2025-03-09T09:46:35.201+0000] {processor.py:914} INFO - Processing file /home/airflow/.local/lib/python3.12/site-packages/airflow/example_dags/example_latest_only_with_trigger.py for tasks to queue
[2025-03-09T09:46:35.204+0000] {logging_mixin.py:190} INFO - [2025-03-09T09:46:35.204+0000] {dagbag.py:588} INFO - Filling up the DagBag from /home/airflow/.local/lib/python3.12/site-packages/airflow/example_dags/example_latest_only_with_trigger.py
[2025-03-09T09:46:35.214+0000] {processor.py:925} INFO - DAG(s) 'latest_only_with_trigger' retrieved from /home/airflow/.local/lib/python3.12/site-packages/airflow/example_dags/example_latest_only_with_trigger.py
[2025-03-09T09:46:35.248+0000] {logging_mixin.py:190} INFO - [2025-03-09T09:46:35.247+0000] {dag.py:3239} INFO - Sync 1 DAGs
[2025-03-09T09:46:35.300+0000] {logging_mixin.py:190} INFO - [2025-03-09T09:46:35.300+0000] {dag.py:4180} INFO - Setting next_dagrun for latest_only_with_trigger to 2025-03-09 04:00:00+00:00, run_after=2025-03-09 08:00:00+00:00
[2025-03-09T09:46:35.343+0000] {processor.py:208} INFO - Processing /home/airflow/.local/lib/python3.12/site-packages/airflow/example_dags/example_latest_only_with_trigger.py took 0.151 seconds
[2025-03-09T09:47:07.498+0000] {processor.py:186} INFO - Started process (PID=3958) to work on /home/airflow/.local/lib/python3.12/site-packages/airflow/example_dags/example_latest_only_with_trigger.py
[2025-03-09T09:47:07.500+0000] {processor.py:914} INFO - Processing file /home/airflow/.local/lib/python3.12/site-packages/airflow/example_dags/example_latest_only_with_trigger.py for tasks to queue
[2025-03-09T09:47:07.509+0000] {logging_mixin.py:190} INFO - [2025-03-09T09:47:07.505+0000] {dagbag.py:588} INFO - Filling up the DagBag from /home/airflow/.local/lib/python3.12/site-packages/airflow/example_dags/example_latest_only_with_trigger.py
[2025-03-09T09:47:07.534+0000] {processor.py:925} INFO - DAG(s) 'latest_only_with_trigger' retrieved from /home/airflow/.local/lib/python3.12/site-packages/airflow/example_dags/example_latest_only_with_trigger.py
[2025-03-09T09:47:07.577+0000] {logging_mixin.py:190} INFO - [2025-03-09T09:47:07.576+0000] {dag.py:3239} INFO - Sync 1 DAGs
[2025-03-09T09:47:07.622+0000] {logging_mixin.py:190} INFO - [2025-03-09T09:47:07.621+0000] {dag.py:4180} INFO - Setting next_dagrun for latest_only_with_trigger to 2025-03-09 04:00:00+00:00, run_after=2025-03-09 08:00:00+00:00
[2025-03-09T09:47:07.659+0000] {processor.py:208} INFO - Processing /home/airflow/.local/lib/python3.12/site-packages/airflow/example_dags/example_latest_only_with_trigger.py took 0.171 seconds
[2025-03-09T09:47:39.662+0000] {processor.py:186} INFO - Started process (PID=4024) to work on /home/airflow/.local/lib/python3.12/site-packages/airflow/example_dags/example_latest_only_with_trigger.py
[2025-03-09T09:47:39.665+0000] {processor.py:914} INFO - Processing file /home/airflow/.local/lib/python3.12/site-packages/airflow/example_dags/example_latest_only_with_trigger.py for tasks to queue
[2025-03-09T09:47:39.670+0000] {logging_mixin.py:190} INFO - [2025-03-09T09:47:39.670+0000] {dagbag.py:588} INFO - Filling up the DagBag from /home/airflow/.local/lib/python3.12/site-packages/airflow/example_dags/example_latest_only_with_trigger.py
[2025-03-09T09:47:39.689+0000] {processor.py:925} INFO - DAG(s) 'latest_only_with_trigger' retrieved from /home/airflow/.local/lib/python3.12/site-packages/airflow/example_dags/example_latest_only_with_trigger.py
[2025-03-09T09:47:39.732+0000] {logging_mixin.py:190} INFO - [2025-03-09T09:47:39.731+0000] {dag.py:3239} INFO - Sync 1 DAGs
[2025-03-09T09:47:39.804+0000] {logging_mixin.py:190} INFO - [2025-03-09T09:47:39.804+0000] {dag.py:4180} INFO - Setting next_dagrun for latest_only_with_trigger to 2025-03-09 04:00:00+00:00, run_after=2025-03-09 08:00:00+00:00
[2025-03-09T09:47:40.193+0000] {processor.py:208} INFO - Processing /home/airflow/.local/lib/python3.12/site-packages/airflow/example_dags/example_latest_only_with_trigger.py took 0.540 seconds
[2025-03-09T09:48:10.704+0000] {processor.py:186} INFO - Started process (PID=4089) to work on /home/airflow/.local/lib/python3.12/site-packages/airflow/example_dags/example_latest_only_with_trigger.py
[2025-03-09T09:48:10.706+0000] {processor.py:914} INFO - Processing file /home/airflow/.local/lib/python3.12/site-packages/airflow/example_dags/example_latest_only_with_trigger.py for tasks to queue
[2025-03-09T09:48:10.709+0000] {logging_mixin.py:190} INFO - [2025-03-09T09:48:10.709+0000] {dagbag.py:588} INFO - Filling up the DagBag from /home/airflow/.local/lib/python3.12/site-packages/airflow/example_dags/example_latest_only_with_trigger.py
[2025-03-09T09:48:10.721+0000] {processor.py:925} INFO - DAG(s) 'latest_only_with_trigger' retrieved from /home/airflow/.local/lib/python3.12/site-packages/airflow/example_dags/example_latest_only_with_trigger.py
[2025-03-09T09:48:10.752+0000] {logging_mixin.py:190} INFO - [2025-03-09T09:48:10.752+0000] {dag.py:3239} INFO - Sync 1 DAGs
[2025-03-09T09:48:10.787+0000] {logging_mixin.py:190} INFO - [2025-03-09T09:48:10.786+0000] {dag.py:4180} INFO - Setting next_dagrun for latest_only_with_trigger to 2025-03-09 04:00:00+00:00, run_after=2025-03-09 08:00:00+00:00
[2025-03-09T09:48:10.825+0000] {processor.py:208} INFO - Processing /home/airflow/.local/lib/python3.12/site-packages/airflow/example_dags/example_latest_only_with_trigger.py took 0.128 seconds
[2025-03-09T09:48:41.970+0000] {processor.py:186} INFO - Started process (PID=4153) to work on /home/airflow/.local/lib/python3.12/site-packages/airflow/example_dags/example_latest_only_with_trigger.py
[2025-03-09T09:48:41.972+0000] {processor.py:914} INFO - Processing file /home/airflow/.local/lib/python3.12/site-packages/airflow/example_dags/example_latest_only_with_trigger.py for tasks to queue
[2025-03-09T09:48:41.977+0000] {logging_mixin.py:190} INFO - [2025-03-09T09:48:41.975+0000] {dagbag.py:588} INFO - Filling up the DagBag from /home/airflow/.local/lib/python3.12/site-packages/airflow/example_dags/example_latest_only_with_trigger.py
[2025-03-09T09:48:41.990+0000] {processor.py:925} INFO - DAG(s) 'latest_only_with_trigger' retrieved from /home/airflow/.local/lib/python3.12/site-packages/airflow/example_dags/example_latest_only_with_trigger.py
[2025-03-09T09:48:42.024+0000] {logging_mixin.py:190} INFO - [2025-03-09T09:48:42.024+0000] {dag.py:3239} INFO - Sync 1 DAGs
[2025-03-09T09:48:42.068+0000] {logging_mixin.py:190} INFO - [2025-03-09T09:48:42.067+0000] {dag.py:4180} INFO - Setting next_dagrun for latest_only_with_trigger to 2025-03-09 04:00:00+00:00, run_after=2025-03-09 08:00:00+00:00
[2025-03-09T09:48:42.102+0000] {processor.py:208} INFO - Processing /home/airflow/.local/lib/python3.12/site-packages/airflow/example_dags/example_latest_only_with_trigger.py took 0.140 seconds
[2025-03-09T09:49:13.201+0000] {processor.py:186} INFO - Started process (PID=4217) to work on /home/airflow/.local/lib/python3.12/site-packages/airflow/example_dags/example_latest_only_with_trigger.py
[2025-03-09T09:49:13.204+0000] {processor.py:914} INFO - Processing file /home/airflow/.local/lib/python3.12/site-packages/airflow/example_dags/example_latest_only_with_trigger.py for tasks to queue
[2025-03-09T09:49:13.207+0000] {logging_mixin.py:190} INFO - [2025-03-09T09:49:13.206+0000] {dagbag.py:588} INFO - Filling up the DagBag from /home/airflow/.local/lib/python3.12/site-packages/airflow/example_dags/example_latest_only_with_trigger.py
[2025-03-09T09:49:13.219+0000] {processor.py:925} INFO - DAG(s) 'latest_only_with_trigger' retrieved from /home/airflow/.local/lib/python3.12/site-packages/airflow/example_dags/example_latest_only_with_trigger.py
[2025-03-09T09:49:13.256+0000] {logging_mixin.py:190} INFO - [2025-03-09T09:49:13.256+0000] {dag.py:3239} INFO - Sync 1 DAGs
[2025-03-09T09:49:13.299+0000] {logging_mixin.py:190} INFO - [2025-03-09T09:49:13.298+0000] {dag.py:4180} INFO - Setting next_dagrun for latest_only_with_trigger to 2025-03-09 04:00:00+00:00, run_after=2025-03-09 08:00:00+00:00
[2025-03-09T09:49:13.357+0000] {processor.py:208} INFO - Processing /home/airflow/.local/lib/python3.12/site-packages/airflow/example_dags/example_latest_only_with_trigger.py took 0.163 seconds
[2025-03-09T09:49:45.850+0000] {processor.py:186} INFO - Started process (PID=4283) to work on /home/airflow/.local/lib/python3.12/site-packages/airflow/example_dags/example_latest_only_with_trigger.py
[2025-03-09T09:49:45.852+0000] {processor.py:914} INFO - Processing file /home/airflow/.local/lib/python3.12/site-packages/airflow/example_dags/example_latest_only_with_trigger.py for tasks to queue
[2025-03-09T09:49:45.857+0000] {logging_mixin.py:190} INFO - [2025-03-09T09:49:45.856+0000] {dagbag.py:588} INFO - Filling up the DagBag from /home/airflow/.local/lib/python3.12/site-packages/airflow/example_dags/example_latest_only_with_trigger.py
[2025-03-09T09:49:45.878+0000] {processor.py:925} INFO - DAG(s) 'latest_only_with_trigger' retrieved from /home/airflow/.local/lib/python3.12/site-packages/airflow/example_dags/example_latest_only_with_trigger.py
[2025-03-09T09:49:46.237+0000] {logging_mixin.py:190} INFO - [2025-03-09T09:49:46.237+0000] {dag.py:3239} INFO - Sync 1 DAGs
[2025-03-09T09:49:46.295+0000] {logging_mixin.py:190} INFO - [2025-03-09T09:49:46.295+0000] {dag.py:4180} INFO - Setting next_dagrun for latest_only_with_trigger to 2025-03-09 04:00:00+00:00, run_after=2025-03-09 08:00:00+00:00
[2025-03-09T09:49:46.331+0000] {processor.py:208} INFO - Processing /home/airflow/.local/lib/python3.12/site-packages/airflow/example_dags/example_latest_only_with_trigger.py took 0.495 seconds
[2025-03-09T09:50:16.554+0000] {processor.py:186} INFO - Started process (PID=4348) to work on /home/airflow/.local/lib/python3.12/site-packages/airflow/example_dags/example_latest_only_with_trigger.py
[2025-03-09T09:50:16.556+0000] {processor.py:914} INFO - Processing file /home/airflow/.local/lib/python3.12/site-packages/airflow/example_dags/example_latest_only_with_trigger.py for tasks to queue
[2025-03-09T09:50:16.560+0000] {logging_mixin.py:190} INFO - [2025-03-09T09:50:16.559+0000] {dagbag.py:588} INFO - Filling up the DagBag from /home/airflow/.local/lib/python3.12/site-packages/airflow/example_dags/example_latest_only_with_trigger.py
[2025-03-09T09:50:16.571+0000] {processor.py:925} INFO - DAG(s) 'latest_only_with_trigger' retrieved from /home/airflow/.local/lib/python3.12/site-packages/airflow/example_dags/example_latest_only_with_trigger.py
[2025-03-09T09:50:16.603+0000] {logging_mixin.py:190} INFO - [2025-03-09T09:50:16.603+0000] {dag.py:3239} INFO - Sync 1 DAGs
[2025-03-09T09:50:16.635+0000] {logging_mixin.py:190} INFO - [2025-03-09T09:50:16.635+0000] {dag.py:4180} INFO - Setting next_dagrun for latest_only_with_trigger to 2025-03-09 04:00:00+00:00, run_after=2025-03-09 08:00:00+00:00
[2025-03-09T09:50:16.666+0000] {processor.py:208} INFO - Processing /home/airflow/.local/lib/python3.12/site-packages/airflow/example_dags/example_latest_only_with_trigger.py took 0.120 seconds
[2025-03-09T09:50:47.377+0000] {processor.py:186} INFO - Started process (PID=4413) to work on /home/airflow/.local/lib/python3.12/site-packages/airflow/example_dags/example_latest_only_with_trigger.py
[2025-03-09T09:50:47.381+0000] {processor.py:914} INFO - Processing file /home/airflow/.local/lib/python3.12/site-packages/airflow/example_dags/example_latest_only_with_trigger.py for tasks to queue
[2025-03-09T09:50:47.388+0000] {logging_mixin.py:190} INFO - [2025-03-09T09:50:47.387+0000] {dagbag.py:588} INFO - Filling up the DagBag from /home/airflow/.local/lib/python3.12/site-packages/airflow/example_dags/example_latest_only_with_trigger.py
[2025-03-09T09:50:47.404+0000] {processor.py:925} INFO - DAG(s) 'latest_only_with_trigger' retrieved from /home/airflow/.local/lib/python3.12/site-packages/airflow/example_dags/example_latest_only_with_trigger.py
[2025-03-09T09:50:47.445+0000] {logging_mixin.py:190} INFO - [2025-03-09T09:50:47.444+0000] {dag.py:3239} INFO - Sync 1 DAGs
[2025-03-09T09:50:47.485+0000] {logging_mixin.py:190} INFO - [2025-03-09T09:50:47.485+0000] {dag.py:4180} INFO - Setting next_dagrun for latest_only_with_trigger to 2025-03-09 04:00:00+00:00, run_after=2025-03-09 08:00:00+00:00
[2025-03-09T09:50:47.528+0000] {processor.py:208} INFO - Processing /home/airflow/.local/lib/python3.12/site-packages/airflow/example_dags/example_latest_only_with_trigger.py took 0.172 seconds
[2025-03-09T09:51:18.463+0000] {processor.py:186} INFO - Started process (PID=4478) to work on /home/airflow/.local/lib/python3.12/site-packages/airflow/example_dags/example_latest_only_with_trigger.py
[2025-03-09T09:51:18.465+0000] {processor.py:914} INFO - Processing file /home/airflow/.local/lib/python3.12/site-packages/airflow/example_dags/example_latest_only_with_trigger.py for tasks to queue
[2025-03-09T09:51:18.471+0000] {logging_mixin.py:190} INFO - [2025-03-09T09:51:18.470+0000] {dagbag.py:588} INFO - Filling up the DagBag from /home/airflow/.local/lib/python3.12/site-packages/airflow/example_dags/example_latest_only_with_trigger.py
[2025-03-09T09:51:18.486+0000] {processor.py:925} INFO - DAG(s) 'latest_only_with_trigger' retrieved from /home/airflow/.local/lib/python3.12/site-packages/airflow/example_dags/example_latest_only_with_trigger.py
[2025-03-09T09:51:18.521+0000] {logging_mixin.py:190} INFO - [2025-03-09T09:51:18.521+0000] {dag.py:3239} INFO - Sync 1 DAGs
[2025-03-09T09:51:18.555+0000] {logging_mixin.py:190} INFO - [2025-03-09T09:51:18.555+0000] {dag.py:4180} INFO - Setting next_dagrun for latest_only_with_trigger to 2025-03-09 04:00:00+00:00, run_after=2025-03-09 08:00:00+00:00
[2025-03-09T09:51:18.593+0000] {processor.py:208} INFO - Processing /home/airflow/.local/lib/python3.12/site-packages/airflow/example_dags/example_latest_only_with_trigger.py took 0.139 seconds
[2025-03-09T09:51:48.785+0000] {processor.py:186} INFO - Started process (PID=4543) to work on /home/airflow/.local/lib/python3.12/site-packages/airflow/example_dags/example_latest_only_with_trigger.py
[2025-03-09T09:51:48.787+0000] {processor.py:914} INFO - Processing file /home/airflow/.local/lib/python3.12/site-packages/airflow/example_dags/example_latest_only_with_trigger.py for tasks to queue
[2025-03-09T09:51:48.791+0000] {logging_mixin.py:190} INFO - [2025-03-09T09:51:48.790+0000] {dagbag.py:588} INFO - Filling up the DagBag from /home/airflow/.local/lib/python3.12/site-packages/airflow/example_dags/example_latest_only_with_trigger.py
[2025-03-09T09:51:48.801+0000] {processor.py:925} INFO - DAG(s) 'latest_only_with_trigger' retrieved from /home/airflow/.local/lib/python3.12/site-packages/airflow/example_dags/example_latest_only_with_trigger.py
[2025-03-09T09:51:48.838+0000] {logging_mixin.py:190} INFO - [2025-03-09T09:51:48.838+0000] {dag.py:3239} INFO - Sync 1 DAGs
[2025-03-09T09:51:48.885+0000] {logging_mixin.py:190} INFO - [2025-03-09T09:51:48.885+0000] {dag.py:4180} INFO - Setting next_dagrun for latest_only_with_trigger to 2025-03-09 04:00:00+00:00, run_after=2025-03-09 08:00:00+00:00
[2025-03-09T09:51:48.930+0000] {processor.py:208} INFO - Processing /home/airflow/.local/lib/python3.12/site-packages/airflow/example_dags/example_latest_only_with_trigger.py took 0.154 seconds
[2025-03-09T09:52:19.827+0000] {processor.py:186} INFO - Started process (PID=4607) to work on /home/airflow/.local/lib/python3.12/site-packages/airflow/example_dags/example_latest_only_with_trigger.py
[2025-03-09T09:52:19.828+0000] {processor.py:914} INFO - Processing file /home/airflow/.local/lib/python3.12/site-packages/airflow/example_dags/example_latest_only_with_trigger.py for tasks to queue
[2025-03-09T09:52:19.832+0000] {logging_mixin.py:190} INFO - [2025-03-09T09:52:19.831+0000] {dagbag.py:588} INFO - Filling up the DagBag from /home/airflow/.local/lib/python3.12/site-packages/airflow/example_dags/example_latest_only_with_trigger.py
[2025-03-09T09:52:19.842+0000] {processor.py:925} INFO - DAG(s) 'latest_only_with_trigger' retrieved from /home/airflow/.local/lib/python3.12/site-packages/airflow/example_dags/example_latest_only_with_trigger.py
[2025-03-09T09:52:19.874+0000] {logging_mixin.py:190} INFO - [2025-03-09T09:52:19.874+0000] {dag.py:3239} INFO - Sync 1 DAGs
[2025-03-09T09:52:19.910+0000] {logging_mixin.py:190} INFO - [2025-03-09T09:52:19.909+0000] {dag.py:4180} INFO - Setting next_dagrun for latest_only_with_trigger to 2025-03-09 04:00:00+00:00, run_after=2025-03-09 08:00:00+00:00
[2025-03-09T09:52:19.944+0000] {processor.py:208} INFO - Processing /home/airflow/.local/lib/python3.12/site-packages/airflow/example_dags/example_latest_only_with_trigger.py took 0.125 seconds
[2025-03-09T09:52:50.900+0000] {processor.py:186} INFO - Started process (PID=4672) to work on /home/airflow/.local/lib/python3.12/site-packages/airflow/example_dags/example_latest_only_with_trigger.py
[2025-03-09T09:52:50.902+0000] {processor.py:914} INFO - Processing file /home/airflow/.local/lib/python3.12/site-packages/airflow/example_dags/example_latest_only_with_trigger.py for tasks to queue
[2025-03-09T09:52:50.907+0000] {logging_mixin.py:190} INFO - [2025-03-09T09:52:50.906+0000] {dagbag.py:588} INFO - Filling up the DagBag from /home/airflow/.local/lib/python3.12/site-packages/airflow/example_dags/example_latest_only_with_trigger.py
[2025-03-09T09:52:50.927+0000] {processor.py:925} INFO - DAG(s) 'latest_only_with_trigger' retrieved from /home/airflow/.local/lib/python3.12/site-packages/airflow/example_dags/example_latest_only_with_trigger.py
[2025-03-09T09:52:50.983+0000] {logging_mixin.py:190} INFO - [2025-03-09T09:52:50.982+0000] {dag.py:3239} INFO - Sync 1 DAGs
[2025-03-09T09:52:51.041+0000] {logging_mixin.py:190} INFO - [2025-03-09T09:52:51.041+0000] {dag.py:4180} INFO - Setting next_dagrun for latest_only_with_trigger to 2025-03-09 04:00:00+00:00, run_after=2025-03-09 08:00:00+00:00
[2025-03-09T09:52:51.091+0000] {processor.py:208} INFO - Processing /home/airflow/.local/lib/python3.12/site-packages/airflow/example_dags/example_latest_only_with_trigger.py took 0.212 seconds
[2025-03-09T09:53:21.663+0000] {processor.py:186} INFO - Started process (PID=4736) to work on /home/airflow/.local/lib/python3.12/site-packages/airflow/example_dags/example_latest_only_with_trigger.py
[2025-03-09T09:53:21.667+0000] {processor.py:914} INFO - Processing file /home/airflow/.local/lib/python3.12/site-packages/airflow/example_dags/example_latest_only_with_trigger.py for tasks to queue
[2025-03-09T09:53:21.675+0000] {logging_mixin.py:190} INFO - [2025-03-09T09:53:21.674+0000] {dagbag.py:588} INFO - Filling up the DagBag from /home/airflow/.local/lib/python3.12/site-packages/airflow/example_dags/example_latest_only_with_trigger.py
[2025-03-09T09:53:21.696+0000] {processor.py:925} INFO - DAG(s) 'latest_only_with_trigger' retrieved from /home/airflow/.local/lib/python3.12/site-packages/airflow/example_dags/example_latest_only_with_trigger.py
[2025-03-09T09:53:21.759+0000] {logging_mixin.py:190} INFO - [2025-03-09T09:53:21.758+0000] {dag.py:3239} INFO - Sync 1 DAGs
[2025-03-09T09:53:21.846+0000] {logging_mixin.py:190} INFO - [2025-03-09T09:53:21.845+0000] {dag.py:4180} INFO - Setting next_dagrun for latest_only_with_trigger to 2025-03-09 04:00:00+00:00, run_after=2025-03-09 08:00:00+00:00
[2025-03-09T09:53:21.896+0000] {processor.py:208} INFO - Processing /home/airflow/.local/lib/python3.12/site-packages/airflow/example_dags/example_latest_only_with_trigger.py took 0.244 seconds
[2025-03-09T09:53:52.056+0000] {processor.py:186} INFO - Started process (PID=4801) to work on /home/airflow/.local/lib/python3.12/site-packages/airflow/example_dags/example_latest_only_with_trigger.py
[2025-03-09T09:53:52.057+0000] {processor.py:914} INFO - Processing file /home/airflow/.local/lib/python3.12/site-packages/airflow/example_dags/example_latest_only_with_trigger.py for tasks to queue
[2025-03-09T09:53:52.061+0000] {logging_mixin.py:190} INFO - [2025-03-09T09:53:52.060+0000] {dagbag.py:588} INFO - Filling up the DagBag from /home/airflow/.local/lib/python3.12/site-packages/airflow/example_dags/example_latest_only_with_trigger.py
[2025-03-09T09:53:52.073+0000] {processor.py:925} INFO - DAG(s) 'latest_only_with_trigger' retrieved from /home/airflow/.local/lib/python3.12/site-packages/airflow/example_dags/example_latest_only_with_trigger.py
[2025-03-09T09:53:52.110+0000] {logging_mixin.py:190} INFO - [2025-03-09T09:53:52.110+0000] {dag.py:3239} INFO - Sync 1 DAGs
[2025-03-09T09:53:52.153+0000] {logging_mixin.py:190} INFO - [2025-03-09T09:53:52.153+0000] {dag.py:4180} INFO - Setting next_dagrun for latest_only_with_trigger to 2025-03-09 04:00:00+00:00, run_after=2025-03-09 08:00:00+00:00
[2025-03-09T09:53:52.190+0000] {processor.py:208} INFO - Processing /home/airflow/.local/lib/python3.12/site-packages/airflow/example_dags/example_latest_only_with_trigger.py took 0.141 seconds
[2025-03-09T09:54:23.520+0000] {processor.py:186} INFO - Started process (PID=4866) to work on /home/airflow/.local/lib/python3.12/site-packages/airflow/example_dags/example_latest_only_with_trigger.py
[2025-03-09T09:54:23.524+0000] {processor.py:914} INFO - Processing file /home/airflow/.local/lib/python3.12/site-packages/airflow/example_dags/example_latest_only_with_trigger.py for tasks to queue
[2025-03-09T09:54:23.535+0000] {logging_mixin.py:190} INFO - [2025-03-09T09:54:23.532+0000] {dagbag.py:588} INFO - Filling up the DagBag from /home/airflow/.local/lib/python3.12/site-packages/airflow/example_dags/example_latest_only_with_trigger.py
[2025-03-09T09:54:23.558+0000] {processor.py:925} INFO - DAG(s) 'latest_only_with_trigger' retrieved from /home/airflow/.local/lib/python3.12/site-packages/airflow/example_dags/example_latest_only_with_trigger.py
[2025-03-09T09:54:23.626+0000] {logging_mixin.py:190} INFO - [2025-03-09T09:54:23.625+0000] {dag.py:3239} INFO - Sync 1 DAGs
[2025-03-09T09:54:23.728+0000] {logging_mixin.py:190} INFO - [2025-03-09T09:54:23.727+0000] {dag.py:4180} INFO - Setting next_dagrun for latest_only_with_trigger to 2025-03-09 04:00:00+00:00, run_after=2025-03-09 08:00:00+00:00
[2025-03-09T09:54:23.806+0000] {processor.py:208} INFO - Processing /home/airflow/.local/lib/python3.12/site-packages/airflow/example_dags/example_latest_only_with_trigger.py took 0.305 seconds
[2025-03-09T09:54:53.917+0000] {processor.py:186} INFO - Started process (PID=4931) to work on /home/airflow/.local/lib/python3.12/site-packages/airflow/example_dags/example_latest_only_with_trigger.py
[2025-03-09T09:54:53.919+0000] {processor.py:914} INFO - Processing file /home/airflow/.local/lib/python3.12/site-packages/airflow/example_dags/example_latest_only_with_trigger.py for tasks to queue
[2025-03-09T09:54:53.923+0000] {logging_mixin.py:190} INFO - [2025-03-09T09:54:53.922+0000] {dagbag.py:588} INFO - Filling up the DagBag from /home/airflow/.local/lib/python3.12/site-packages/airflow/example_dags/example_latest_only_with_trigger.py
[2025-03-09T09:54:53.938+0000] {processor.py:925} INFO - DAG(s) 'latest_only_with_trigger' retrieved from /home/airflow/.local/lib/python3.12/site-packages/airflow/example_dags/example_latest_only_with_trigger.py
[2025-03-09T09:54:53.973+0000] {logging_mixin.py:190} INFO - [2025-03-09T09:54:53.973+0000] {dag.py:3239} INFO - Sync 1 DAGs
[2025-03-09T09:54:54.013+0000] {logging_mixin.py:190} INFO - [2025-03-09T09:54:54.012+0000] {dag.py:4180} INFO - Setting next_dagrun for latest_only_with_trigger to 2025-03-09 04:00:00+00:00, run_after=2025-03-09 08:00:00+00:00
[2025-03-09T09:54:54.055+0000] {processor.py:208} INFO - Processing /home/airflow/.local/lib/python3.12/site-packages/airflow/example_dags/example_latest_only_with_trigger.py took 0.147 seconds
[2025-03-09T09:55:24.320+0000] {processor.py:186} INFO - Started process (PID=4996) to work on /home/airflow/.local/lib/python3.12/site-packages/airflow/example_dags/example_latest_only_with_trigger.py
[2025-03-09T09:55:24.322+0000] {processor.py:914} INFO - Processing file /home/airflow/.local/lib/python3.12/site-packages/airflow/example_dags/example_latest_only_with_trigger.py for tasks to queue
[2025-03-09T09:55:24.327+0000] {logging_mixin.py:190} INFO - [2025-03-09T09:55:24.326+0000] {dagbag.py:588} INFO - Filling up the DagBag from /home/airflow/.local/lib/python3.12/site-packages/airflow/example_dags/example_latest_only_with_trigger.py
[2025-03-09T09:55:24.345+0000] {processor.py:925} INFO - DAG(s) 'latest_only_with_trigger' retrieved from /home/airflow/.local/lib/python3.12/site-packages/airflow/example_dags/example_latest_only_with_trigger.py
[2025-03-09T09:55:24.387+0000] {logging_mixin.py:190} INFO - [2025-03-09T09:55:24.386+0000] {dag.py:3239} INFO - Sync 1 DAGs
[2025-03-09T09:55:24.427+0000] {logging_mixin.py:190} INFO - [2025-03-09T09:55:24.426+0000] {dag.py:4180} INFO - Setting next_dagrun for latest_only_with_trigger to 2025-03-09 04:00:00+00:00, run_after=2025-03-09 08:00:00+00:00
[2025-03-09T09:55:24.462+0000] {processor.py:208} INFO - Processing /home/airflow/.local/lib/python3.12/site-packages/airflow/example_dags/example_latest_only_with_trigger.py took 0.153 seconds
[2025-03-09T09:55:54.537+0000] {processor.py:186} INFO - Started process (PID=5061) to work on /home/airflow/.local/lib/python3.12/site-packages/airflow/example_dags/example_latest_only_with_trigger.py
[2025-03-09T09:55:54.539+0000] {processor.py:914} INFO - Processing file /home/airflow/.local/lib/python3.12/site-packages/airflow/example_dags/example_latest_only_with_trigger.py for tasks to queue
[2025-03-09T09:55:54.543+0000] {logging_mixin.py:190} INFO - [2025-03-09T09:55:54.543+0000] {dagbag.py:588} INFO - Filling up the DagBag from /home/airflow/.local/lib/python3.12/site-packages/airflow/example_dags/example_latest_only_with_trigger.py
[2025-03-09T09:55:54.558+0000] {processor.py:925} INFO - DAG(s) 'latest_only_with_trigger' retrieved from /home/airflow/.local/lib/python3.12/site-packages/airflow/example_dags/example_latest_only_with_trigger.py
[2025-03-09T09:55:54.595+0000] {logging_mixin.py:190} INFO - [2025-03-09T09:55:54.595+0000] {dag.py:3239} INFO - Sync 1 DAGs
[2025-03-09T09:55:54.639+0000] {logging_mixin.py:190} INFO - [2025-03-09T09:55:54.638+0000] {dag.py:4180} INFO - Setting next_dagrun for latest_only_with_trigger to 2025-03-09 04:00:00+00:00, run_after=2025-03-09 08:00:00+00:00
[2025-03-09T09:55:54.670+0000] {processor.py:208} INFO - Processing /home/airflow/.local/lib/python3.12/site-packages/airflow/example_dags/example_latest_only_with_trigger.py took 0.142 seconds
[2025-03-09T09:56:24.852+0000] {processor.py:186} INFO - Started process (PID=5126) to work on /home/airflow/.local/lib/python3.12/site-packages/airflow/example_dags/example_latest_only_with_trigger.py
[2025-03-09T09:56:24.854+0000] {processor.py:914} INFO - Processing file /home/airflow/.local/lib/python3.12/site-packages/airflow/example_dags/example_latest_only_with_trigger.py for tasks to queue
[2025-03-09T09:56:24.858+0000] {logging_mixin.py:190} INFO - [2025-03-09T09:56:24.857+0000] {dagbag.py:588} INFO - Filling up the DagBag from /home/airflow/.local/lib/python3.12/site-packages/airflow/example_dags/example_latest_only_with_trigger.py
[2025-03-09T09:56:24.871+0000] {processor.py:925} INFO - DAG(s) 'latest_only_with_trigger' retrieved from /home/airflow/.local/lib/python3.12/site-packages/airflow/example_dags/example_latest_only_with_trigger.py
[2025-03-09T09:56:24.906+0000] {logging_mixin.py:190} INFO - [2025-03-09T09:56:24.905+0000] {dag.py:3239} INFO - Sync 1 DAGs
[2025-03-09T09:56:24.945+0000] {logging_mixin.py:190} INFO - [2025-03-09T09:56:24.944+0000] {dag.py:4180} INFO - Setting next_dagrun for latest_only_with_trigger to 2025-03-09 04:00:00+00:00, run_after=2025-03-09 08:00:00+00:00
[2025-03-09T09:56:24.980+0000] {processor.py:208} INFO - Processing /home/airflow/.local/lib/python3.12/site-packages/airflow/example_dags/example_latest_only_with_trigger.py took 0.140 seconds
[2025-03-09T09:56:55.248+0000] {processor.py:186} INFO - Started process (PID=5191) to work on /home/airflow/.local/lib/python3.12/site-packages/airflow/example_dags/example_latest_only_with_trigger.py
[2025-03-09T09:56:55.250+0000] {processor.py:914} INFO - Processing file /home/airflow/.local/lib/python3.12/site-packages/airflow/example_dags/example_latest_only_with_trigger.py for tasks to queue
[2025-03-09T09:56:55.253+0000] {logging_mixin.py:190} INFO - [2025-03-09T09:56:55.253+0000] {dagbag.py:588} INFO - Filling up the DagBag from /home/airflow/.local/lib/python3.12/site-packages/airflow/example_dags/example_latest_only_with_trigger.py
[2025-03-09T09:56:55.266+0000] {processor.py:925} INFO - DAG(s) 'latest_only_with_trigger' retrieved from /home/airflow/.local/lib/python3.12/site-packages/airflow/example_dags/example_latest_only_with_trigger.py
[2025-03-09T09:56:55.303+0000] {logging_mixin.py:190} INFO - [2025-03-09T09:56:55.302+0000] {dag.py:3239} INFO - Sync 1 DAGs
[2025-03-09T09:56:55.341+0000] {logging_mixin.py:190} INFO - [2025-03-09T09:56:55.340+0000] {dag.py:4180} INFO - Setting next_dagrun for latest_only_with_trigger to 2025-03-09 04:00:00+00:00, run_after=2025-03-09 08:00:00+00:00
[2025-03-09T09:56:55.379+0000] {processor.py:208} INFO - Processing /home/airflow/.local/lib/python3.12/site-packages/airflow/example_dags/example_latest_only_with_trigger.py took 0.140 seconds
[2025-03-09T09:57:26.448+0000] {processor.py:186} INFO - Started process (PID=5258) to work on /home/airflow/.local/lib/python3.12/site-packages/airflow/example_dags/example_latest_only_with_trigger.py
[2025-03-09T09:57:26.451+0000] {processor.py:914} INFO - Processing file /home/airflow/.local/lib/python3.12/site-packages/airflow/example_dags/example_latest_only_with_trigger.py for tasks to queue
[2025-03-09T09:57:26.456+0000] {logging_mixin.py:190} INFO - [2025-03-09T09:57:26.455+0000] {dagbag.py:588} INFO - Filling up the DagBag from /home/airflow/.local/lib/python3.12/site-packages/airflow/example_dags/example_latest_only_with_trigger.py
[2025-03-09T09:57:26.477+0000] {processor.py:925} INFO - DAG(s) 'latest_only_with_trigger' retrieved from /home/airflow/.local/lib/python3.12/site-packages/airflow/example_dags/example_latest_only_with_trigger.py
[2025-03-09T09:57:26.531+0000] {logging_mixin.py:190} INFO - [2025-03-09T09:57:26.531+0000] {dag.py:3239} INFO - Sync 1 DAGs
[2025-03-09T09:57:26.587+0000] {logging_mixin.py:190} INFO - [2025-03-09T09:57:26.587+0000] {dag.py:4180} INFO - Setting next_dagrun for latest_only_with_trigger to 2025-03-09 04:00:00+00:00, run_after=2025-03-09 08:00:00+00:00
[2025-03-09T09:57:26.622+0000] {processor.py:208} INFO - Processing /home/airflow/.local/lib/python3.12/site-packages/airflow/example_dags/example_latest_only_with_trigger.py took 0.186 seconds
[2025-03-09T09:57:57.428+0000] {processor.py:186} INFO - Started process (PID=5323) to work on /home/airflow/.local/lib/python3.12/site-packages/airflow/example_dags/example_latest_only_with_trigger.py
[2025-03-09T09:57:57.430+0000] {processor.py:914} INFO - Processing file /home/airflow/.local/lib/python3.12/site-packages/airflow/example_dags/example_latest_only_with_trigger.py for tasks to queue
[2025-03-09T09:57:57.433+0000] {logging_mixin.py:190} INFO - [2025-03-09T09:57:57.433+0000] {dagbag.py:588} INFO - Filling up the DagBag from /home/airflow/.local/lib/python3.12/site-packages/airflow/example_dags/example_latest_only_with_trigger.py
[2025-03-09T09:57:57.446+0000] {processor.py:925} INFO - DAG(s) 'latest_only_with_trigger' retrieved from /home/airflow/.local/lib/python3.12/site-packages/airflow/example_dags/example_latest_only_with_trigger.py
[2025-03-09T09:57:57.485+0000] {logging_mixin.py:190} INFO - [2025-03-09T09:57:57.485+0000] {dag.py:3239} INFO - Sync 1 DAGs
[2025-03-09T09:57:57.521+0000] {logging_mixin.py:190} INFO - [2025-03-09T09:57:57.520+0000] {dag.py:4180} INFO - Setting next_dagrun for latest_only_with_trigger to 2025-03-09 04:00:00+00:00, run_after=2025-03-09 08:00:00+00:00
[2025-03-09T09:57:57.557+0000] {processor.py:208} INFO - Processing /home/airflow/.local/lib/python3.12/site-packages/airflow/example_dags/example_latest_only_with_trigger.py took 0.137 seconds
[2025-03-09T09:58:27.750+0000] {processor.py:186} INFO - Started process (PID=5388) to work on /home/airflow/.local/lib/python3.12/site-packages/airflow/example_dags/example_latest_only_with_trigger.py
[2025-03-09T09:58:27.751+0000] {processor.py:914} INFO - Processing file /home/airflow/.local/lib/python3.12/site-packages/airflow/example_dags/example_latest_only_with_trigger.py for tasks to queue
[2025-03-09T09:58:27.756+0000] {logging_mixin.py:190} INFO - [2025-03-09T09:58:27.755+0000] {dagbag.py:588} INFO - Filling up the DagBag from /home/airflow/.local/lib/python3.12/site-packages/airflow/example_dags/example_latest_only_with_trigger.py
[2025-03-09T09:58:27.771+0000] {processor.py:925} INFO - DAG(s) 'latest_only_with_trigger' retrieved from /home/airflow/.local/lib/python3.12/site-packages/airflow/example_dags/example_latest_only_with_trigger.py
[2025-03-09T09:58:27.807+0000] {logging_mixin.py:190} INFO - [2025-03-09T09:58:27.807+0000] {dag.py:3239} INFO - Sync 1 DAGs
[2025-03-09T09:58:27.850+0000] {logging_mixin.py:190} INFO - [2025-03-09T09:58:27.849+0000] {dag.py:4180} INFO - Setting next_dagrun for latest_only_with_trigger to 2025-03-09 04:00:00+00:00, run_after=2025-03-09 08:00:00+00:00
[2025-03-09T09:58:27.892+0000] {processor.py:208} INFO - Processing /home/airflow/.local/lib/python3.12/site-packages/airflow/example_dags/example_latest_only_with_trigger.py took 0.151 seconds
[2025-03-09T09:58:58.163+0000] {processor.py:186} INFO - Started process (PID=5453) to work on /home/airflow/.local/lib/python3.12/site-packages/airflow/example_dags/example_latest_only_with_trigger.py
[2025-03-09T09:58:58.165+0000] {processor.py:914} INFO - Processing file /home/airflow/.local/lib/python3.12/site-packages/airflow/example_dags/example_latest_only_with_trigger.py for tasks to queue
[2025-03-09T09:58:58.169+0000] {logging_mixin.py:190} INFO - [2025-03-09T09:58:58.168+0000] {dagbag.py:588} INFO - Filling up the DagBag from /home/airflow/.local/lib/python3.12/site-packages/airflow/example_dags/example_latest_only_with_trigger.py
[2025-03-09T09:58:58.181+0000] {processor.py:925} INFO - DAG(s) 'latest_only_with_trigger' retrieved from /home/airflow/.local/lib/python3.12/site-packages/airflow/example_dags/example_latest_only_with_trigger.py
[2025-03-09T09:58:58.209+0000] {logging_mixin.py:190} INFO - [2025-03-09T09:58:58.209+0000] {dag.py:3239} INFO - Sync 1 DAGs
[2025-03-09T09:58:58.241+0000] {logging_mixin.py:190} INFO - [2025-03-09T09:58:58.241+0000] {dag.py:4180} INFO - Setting next_dagrun for latest_only_with_trigger to 2025-03-09 04:00:00+00:00, run_after=2025-03-09 08:00:00+00:00
[2025-03-09T09:58:58.270+0000] {processor.py:208} INFO - Processing /home/airflow/.local/lib/python3.12/site-packages/airflow/example_dags/example_latest_only_with_trigger.py took 0.116 seconds
[2025-03-09T09:59:28.859+0000] {processor.py:186} INFO - Started process (PID=5518) to work on /home/airflow/.local/lib/python3.12/site-packages/airflow/example_dags/example_latest_only_with_trigger.py
[2025-03-09T09:59:28.860+0000] {processor.py:914} INFO - Processing file /home/airflow/.local/lib/python3.12/site-packages/airflow/example_dags/example_latest_only_with_trigger.py for tasks to queue
[2025-03-09T09:59:28.864+0000] {logging_mixin.py:190} INFO - [2025-03-09T09:59:28.864+0000] {dagbag.py:588} INFO - Filling up the DagBag from /home/airflow/.local/lib/python3.12/site-packages/airflow/example_dags/example_latest_only_with_trigger.py
[2025-03-09T09:59:28.876+0000] {processor.py:925} INFO - DAG(s) 'latest_only_with_trigger' retrieved from /home/airflow/.local/lib/python3.12/site-packages/airflow/example_dags/example_latest_only_with_trigger.py
[2025-03-09T09:59:28.908+0000] {logging_mixin.py:190} INFO - [2025-03-09T09:59:28.908+0000] {dag.py:3239} INFO - Sync 1 DAGs
[2025-03-09T09:59:28.945+0000] {logging_mixin.py:190} INFO - [2025-03-09T09:59:28.945+0000] {dag.py:4180} INFO - Setting next_dagrun for latest_only_with_trigger to 2025-03-09 04:00:00+00:00, run_after=2025-03-09 08:00:00+00:00
[2025-03-09T09:59:28.979+0000] {processor.py:208} INFO - Processing /home/airflow/.local/lib/python3.12/site-packages/airflow/example_dags/example_latest_only_with_trigger.py took 0.129 seconds
[2025-03-09T09:59:59.823+0000] {processor.py:186} INFO - Started process (PID=5584) to work on /home/airflow/.local/lib/python3.12/site-packages/airflow/example_dags/example_latest_only_with_trigger.py
[2025-03-09T09:59:59.824+0000] {processor.py:914} INFO - Processing file /home/airflow/.local/lib/python3.12/site-packages/airflow/example_dags/example_latest_only_with_trigger.py for tasks to queue
[2025-03-09T09:59:59.829+0000] {logging_mixin.py:190} INFO - [2025-03-09T09:59:59.828+0000] {dagbag.py:588} INFO - Filling up the DagBag from /home/airflow/.local/lib/python3.12/site-packages/airflow/example_dags/example_latest_only_with_trigger.py
[2025-03-09T09:59:59.842+0000] {processor.py:925} INFO - DAG(s) 'latest_only_with_trigger' retrieved from /home/airflow/.local/lib/python3.12/site-packages/airflow/example_dags/example_latest_only_with_trigger.py
[2025-03-09T09:59:59.887+0000] {logging_mixin.py:190} INFO - [2025-03-09T09:59:59.887+0000] {dag.py:3239} INFO - Sync 1 DAGs
[2025-03-09T09:59:59.958+0000] {logging_mixin.py:190} INFO - [2025-03-09T09:59:59.957+0000] {dag.py:4180} INFO - Setting next_dagrun for latest_only_with_trigger to 2025-03-09 04:00:00+00:00, run_after=2025-03-09 08:00:00+00:00
[2025-03-09T10:00:00.015+0000] {processor.py:208} INFO - Processing /home/airflow/.local/lib/python3.12/site-packages/airflow/example_dags/example_latest_only_with_trigger.py took 0.201 seconds
[2025-03-09T10:00:30.297+0000] {processor.py:186} INFO - Started process (PID=5649) to work on /home/airflow/.local/lib/python3.12/site-packages/airflow/example_dags/example_latest_only_with_trigger.py
[2025-03-09T10:00:30.301+0000] {processor.py:914} INFO - Processing file /home/airflow/.local/lib/python3.12/site-packages/airflow/example_dags/example_latest_only_with_trigger.py for tasks to queue
[2025-03-09T10:00:30.319+0000] {logging_mixin.py:190} INFO - [2025-03-09T10:00:30.318+0000] {dagbag.py:588} INFO - Filling up the DagBag from /home/airflow/.local/lib/python3.12/site-packages/airflow/example_dags/example_latest_only_with_trigger.py
[2025-03-09T10:00:30.373+0000] {processor.py:925} INFO - DAG(s) 'latest_only_with_trigger' retrieved from /home/airflow/.local/lib/python3.12/site-packages/airflow/example_dags/example_latest_only_with_trigger.py
[2025-03-09T10:00:30.473+0000] {logging_mixin.py:190} INFO - [2025-03-09T10:00:30.472+0000] {dag.py:3239} INFO - Sync 1 DAGs
[2025-03-09T10:00:30.581+0000] {logging_mixin.py:190} INFO - [2025-03-09T10:00:30.580+0000] {dag.py:4180} INFO - Setting next_dagrun for latest_only_with_trigger to 2025-03-09 04:00:00+00:00, run_after=2025-03-09 08:00:00+00:00
[2025-03-09T10:00:30.624+0000] {processor.py:208} INFO - Processing /home/airflow/.local/lib/python3.12/site-packages/airflow/example_dags/example_latest_only_with_trigger.py took 0.349 seconds
[2025-03-09T10:01:01.146+0000] {processor.py:186} INFO - Started process (PID=5714) to work on /home/airflow/.local/lib/python3.12/site-packages/airflow/example_dags/example_latest_only_with_trigger.py
[2025-03-09T10:01:01.147+0000] {processor.py:914} INFO - Processing file /home/airflow/.local/lib/python3.12/site-packages/airflow/example_dags/example_latest_only_with_trigger.py for tasks to queue
[2025-03-09T10:01:01.151+0000] {logging_mixin.py:190} INFO - [2025-03-09T10:01:01.151+0000] {dagbag.py:588} INFO - Filling up the DagBag from /home/airflow/.local/lib/python3.12/site-packages/airflow/example_dags/example_latest_only_with_trigger.py
[2025-03-09T10:01:01.164+0000] {processor.py:925} INFO - DAG(s) 'latest_only_with_trigger' retrieved from /home/airflow/.local/lib/python3.12/site-packages/airflow/example_dags/example_latest_only_with_trigger.py
[2025-03-09T10:01:01.201+0000] {logging_mixin.py:190} INFO - [2025-03-09T10:01:01.201+0000] {dag.py:3239} INFO - Sync 1 DAGs
[2025-03-09T10:01:01.242+0000] {logging_mixin.py:190} INFO - [2025-03-09T10:01:01.241+0000] {dag.py:4180} INFO - Setting next_dagrun for latest_only_with_trigger to 2025-03-09 04:00:00+00:00, run_after=2025-03-09 08:00:00+00:00
[2025-03-09T10:01:01.274+0000] {processor.py:208} INFO - Processing /home/airflow/.local/lib/python3.12/site-packages/airflow/example_dags/example_latest_only_with_trigger.py took 0.137 seconds
[2025-03-09T10:01:32.093+0000] {processor.py:186} INFO - Started process (PID=5785) to work on /home/airflow/.local/lib/python3.12/site-packages/airflow/example_dags/example_latest_only_with_trigger.py
[2025-03-09T10:01:32.095+0000] {processor.py:914} INFO - Processing file /home/airflow/.local/lib/python3.12/site-packages/airflow/example_dags/example_latest_only_with_trigger.py for tasks to queue
[2025-03-09T10:01:32.100+0000] {logging_mixin.py:190} INFO - [2025-03-09T10:01:32.099+0000] {dagbag.py:588} INFO - Filling up the DagBag from /home/airflow/.local/lib/python3.12/site-packages/airflow/example_dags/example_latest_only_with_trigger.py
[2025-03-09T10:01:32.111+0000] {processor.py:925} INFO - DAG(s) 'latest_only_with_trigger' retrieved from /home/airflow/.local/lib/python3.12/site-packages/airflow/example_dags/example_latest_only_with_trigger.py
[2025-03-09T10:01:32.144+0000] {logging_mixin.py:190} INFO - [2025-03-09T10:01:32.144+0000] {dag.py:3239} INFO - Sync 1 DAGs
[2025-03-09T10:01:32.187+0000] {logging_mixin.py:190} INFO - [2025-03-09T10:01:32.187+0000] {dag.py:4180} INFO - Setting next_dagrun for latest_only_with_trigger to 2025-03-09 04:00:00+00:00, run_after=2025-03-09 08:00:00+00:00
[2025-03-09T10:01:32.219+0000] {processor.py:208} INFO - Processing /home/airflow/.local/lib/python3.12/site-packages/airflow/example_dags/example_latest_only_with_trigger.py took 0.137 seconds
[2025-03-09T10:02:03.026+0000] {processor.py:186} INFO - Started process (PID=5850) to work on /home/airflow/.local/lib/python3.12/site-packages/airflow/example_dags/example_latest_only_with_trigger.py
[2025-03-09T10:02:03.028+0000] {processor.py:914} INFO - Processing file /home/airflow/.local/lib/python3.12/site-packages/airflow/example_dags/example_latest_only_with_trigger.py for tasks to queue
[2025-03-09T10:02:03.032+0000] {logging_mixin.py:190} INFO - [2025-03-09T10:02:03.032+0000] {dagbag.py:588} INFO - Filling up the DagBag from /home/airflow/.local/lib/python3.12/site-packages/airflow/example_dags/example_latest_only_with_trigger.py
[2025-03-09T10:02:03.045+0000] {processor.py:925} INFO - DAG(s) 'latest_only_with_trigger' retrieved from /home/airflow/.local/lib/python3.12/site-packages/airflow/example_dags/example_latest_only_with_trigger.py
[2025-03-09T10:02:03.078+0000] {logging_mixin.py:190} INFO - [2025-03-09T10:02:03.077+0000] {dag.py:3239} INFO - Sync 1 DAGs
[2025-03-09T10:02:03.114+0000] {logging_mixin.py:190} INFO - [2025-03-09T10:02:03.113+0000] {dag.py:4180} INFO - Setting next_dagrun for latest_only_with_trigger to 2025-03-09 04:00:00+00:00, run_after=2025-03-09 08:00:00+00:00
[2025-03-09T10:02:03.143+0000] {processor.py:208} INFO - Processing /home/airflow/.local/lib/python3.12/site-packages/airflow/example_dags/example_latest_only_with_trigger.py took 0.125 seconds
[2025-03-09T10:02:33.770+0000] {processor.py:186} INFO - Started process (PID=5915) to work on /home/airflow/.local/lib/python3.12/site-packages/airflow/example_dags/example_latest_only_with_trigger.py
[2025-03-09T10:02:33.772+0000] {processor.py:914} INFO - Processing file /home/airflow/.local/lib/python3.12/site-packages/airflow/example_dags/example_latest_only_with_trigger.py for tasks to queue
[2025-03-09T10:02:33.776+0000] {logging_mixin.py:190} INFO - [2025-03-09T10:02:33.775+0000] {dagbag.py:588} INFO - Filling up the DagBag from /home/airflow/.local/lib/python3.12/site-packages/airflow/example_dags/example_latest_only_with_trigger.py
[2025-03-09T10:02:33.786+0000] {processor.py:925} INFO - DAG(s) 'latest_only_with_trigger' retrieved from /home/airflow/.local/lib/python3.12/site-packages/airflow/example_dags/example_latest_only_with_trigger.py
[2025-03-09T10:02:33.822+0000] {logging_mixin.py:190} INFO - [2025-03-09T10:02:33.822+0000] {dag.py:3239} INFO - Sync 1 DAGs
[2025-03-09T10:02:33.864+0000] {logging_mixin.py:190} INFO - [2025-03-09T10:02:33.864+0000] {dag.py:4180} INFO - Setting next_dagrun for latest_only_with_trigger to 2025-03-09 04:00:00+00:00, run_after=2025-03-09 08:00:00+00:00
[2025-03-09T10:02:33.905+0000] {processor.py:208} INFO - Processing /home/airflow/.local/lib/python3.12/site-packages/airflow/example_dags/example_latest_only_with_trigger.py took 0.142 seconds
[2025-03-09T10:03:04.091+0000] {processor.py:186} INFO - Started process (PID=5979) to work on /home/airflow/.local/lib/python3.12/site-packages/airflow/example_dags/example_latest_only_with_trigger.py
[2025-03-09T10:03:04.093+0000] {processor.py:914} INFO - Processing file /home/airflow/.local/lib/python3.12/site-packages/airflow/example_dags/example_latest_only_with_trigger.py for tasks to queue
[2025-03-09T10:03:04.097+0000] {logging_mixin.py:190} INFO - [2025-03-09T10:03:04.097+0000] {dagbag.py:588} INFO - Filling up the DagBag from /home/airflow/.local/lib/python3.12/site-packages/airflow/example_dags/example_latest_only_with_trigger.py
[2025-03-09T10:03:04.110+0000] {processor.py:925} INFO - DAG(s) 'latest_only_with_trigger' retrieved from /home/airflow/.local/lib/python3.12/site-packages/airflow/example_dags/example_latest_only_with_trigger.py
[2025-03-09T10:03:04.146+0000] {logging_mixin.py:190} INFO - [2025-03-09T10:03:04.146+0000] {dag.py:3239} INFO - Sync 1 DAGs
[2025-03-09T10:03:04.196+0000] {logging_mixin.py:190} INFO - [2025-03-09T10:03:04.195+0000] {dag.py:4180} INFO - Setting next_dagrun for latest_only_with_trigger to 2025-03-09 04:00:00+00:00, run_after=2025-03-09 08:00:00+00:00
[2025-03-09T10:03:04.235+0000] {processor.py:208} INFO - Processing /home/airflow/.local/lib/python3.12/site-packages/airflow/example_dags/example_latest_only_with_trigger.py took 0.157 seconds
[2025-03-09T10:03:35.110+0000] {processor.py:186} INFO - Started process (PID=6044) to work on /home/airflow/.local/lib/python3.12/site-packages/airflow/example_dags/example_latest_only_with_trigger.py
[2025-03-09T10:03:35.112+0000] {processor.py:914} INFO - Processing file /home/airflow/.local/lib/python3.12/site-packages/airflow/example_dags/example_latest_only_with_trigger.py for tasks to queue
[2025-03-09T10:03:35.115+0000] {logging_mixin.py:190} INFO - [2025-03-09T10:03:35.114+0000] {dagbag.py:588} INFO - Filling up the DagBag from /home/airflow/.local/lib/python3.12/site-packages/airflow/example_dags/example_latest_only_with_trigger.py
[2025-03-09T10:03:35.125+0000] {processor.py:925} INFO - DAG(s) 'latest_only_with_trigger' retrieved from /home/airflow/.local/lib/python3.12/site-packages/airflow/example_dags/example_latest_only_with_trigger.py
[2025-03-09T10:03:35.159+0000] {logging_mixin.py:190} INFO - [2025-03-09T10:03:35.158+0000] {dag.py:3239} INFO - Sync 1 DAGs
[2025-03-09T10:03:35.197+0000] {logging_mixin.py:190} INFO - [2025-03-09T10:03:35.196+0000] {dag.py:4180} INFO - Setting next_dagrun for latest_only_with_trigger to 2025-03-09 04:00:00+00:00, run_after=2025-03-09 08:00:00+00:00
[2025-03-09T10:03:35.229+0000] {processor.py:208} INFO - Processing /home/airflow/.local/lib/python3.12/site-packages/airflow/example_dags/example_latest_only_with_trigger.py took 0.127 seconds
[2025-03-09T10:04:06.833+0000] {processor.py:186} INFO - Started process (PID=6109) to work on /home/airflow/.local/lib/python3.12/site-packages/airflow/example_dags/example_latest_only_with_trigger.py
[2025-03-09T10:04:06.835+0000] {processor.py:914} INFO - Processing file /home/airflow/.local/lib/python3.12/site-packages/airflow/example_dags/example_latest_only_with_trigger.py for tasks to queue
[2025-03-09T10:04:06.839+0000] {logging_mixin.py:190} INFO - [2025-03-09T10:04:06.838+0000] {dagbag.py:588} INFO - Filling up the DagBag from /home/airflow/.local/lib/python3.12/site-packages/airflow/example_dags/example_latest_only_with_trigger.py
[2025-03-09T10:04:06.862+0000] {processor.py:925} INFO - DAG(s) 'latest_only_with_trigger' retrieved from /home/airflow/.local/lib/python3.12/site-packages/airflow/example_dags/example_latest_only_with_trigger.py
[2025-03-09T10:04:06.911+0000] {logging_mixin.py:190} INFO - [2025-03-09T10:04:06.910+0000] {dag.py:3239} INFO - Sync 1 DAGs
[2025-03-09T10:04:06.963+0000] {logging_mixin.py:190} INFO - [2025-03-09T10:04:06.962+0000] {dag.py:4180} INFO - Setting next_dagrun for latest_only_with_trigger to 2025-03-09 04:00:00+00:00, run_after=2025-03-09 08:00:00+00:00
[2025-03-09T10:04:07.004+0000] {processor.py:208} INFO - Processing /home/airflow/.local/lib/python3.12/site-packages/airflow/example_dags/example_latest_only_with_trigger.py took 0.180 seconds
[2025-03-09T10:04:38.129+0000] {processor.py:186} INFO - Started process (PID=6174) to work on /home/airflow/.local/lib/python3.12/site-packages/airflow/example_dags/example_latest_only_with_trigger.py
[2025-03-09T10:04:38.130+0000] {processor.py:914} INFO - Processing file /home/airflow/.local/lib/python3.12/site-packages/airflow/example_dags/example_latest_only_with_trigger.py for tasks to queue
[2025-03-09T10:04:38.134+0000] {logging_mixin.py:190} INFO - [2025-03-09T10:04:38.133+0000] {dagbag.py:588} INFO - Filling up the DagBag from /home/airflow/.local/lib/python3.12/site-packages/airflow/example_dags/example_latest_only_with_trigger.py
[2025-03-09T10:04:38.147+0000] {processor.py:925} INFO - DAG(s) 'latest_only_with_trigger' retrieved from /home/airflow/.local/lib/python3.12/site-packages/airflow/example_dags/example_latest_only_with_trigger.py
[2025-03-09T10:04:38.185+0000] {logging_mixin.py:190} INFO - [2025-03-09T10:04:38.185+0000] {dag.py:3239} INFO - Sync 1 DAGs
[2025-03-09T10:04:38.226+0000] {logging_mixin.py:190} INFO - [2025-03-09T10:04:38.226+0000] {dag.py:4180} INFO - Setting next_dagrun for latest_only_with_trigger to 2025-03-09 04:00:00+00:00, run_after=2025-03-09 08:00:00+00:00
[2025-03-09T10:04:38.258+0000] {processor.py:208} INFO - Processing /home/airflow/.local/lib/python3.12/site-packages/airflow/example_dags/example_latest_only_with_trigger.py took 0.138 seconds
[2025-03-09T10:05:08.893+0000] {processor.py:186} INFO - Started process (PID=6239) to work on /home/airflow/.local/lib/python3.12/site-packages/airflow/example_dags/example_latest_only_with_trigger.py
[2025-03-09T10:05:08.895+0000] {processor.py:914} INFO - Processing file /home/airflow/.local/lib/python3.12/site-packages/airflow/example_dags/example_latest_only_with_trigger.py for tasks to queue
[2025-03-09T10:05:08.899+0000] {logging_mixin.py:190} INFO - [2025-03-09T10:05:08.899+0000] {dagbag.py:588} INFO - Filling up the DagBag from /home/airflow/.local/lib/python3.12/site-packages/airflow/example_dags/example_latest_only_with_trigger.py
[2025-03-09T10:05:08.911+0000] {processor.py:925} INFO - DAG(s) 'latest_only_with_trigger' retrieved from /home/airflow/.local/lib/python3.12/site-packages/airflow/example_dags/example_latest_only_with_trigger.py
[2025-03-09T10:05:08.975+0000] {logging_mixin.py:190} INFO - [2025-03-09T10:05:08.975+0000] {dag.py:3239} INFO - Sync 1 DAGs
[2025-03-09T10:05:09.011+0000] {logging_mixin.py:190} INFO - [2025-03-09T10:05:09.011+0000] {dag.py:4180} INFO - Setting next_dagrun for latest_only_with_trigger to 2025-03-09 04:00:00+00:00, run_after=2025-03-09 08:00:00+00:00
[2025-03-09T10:05:09.046+0000] {processor.py:208} INFO - Processing /home/airflow/.local/lib/python3.12/site-packages/airflow/example_dags/example_latest_only_with_trigger.py took 0.161 seconds
[2025-03-09T10:05:40.019+0000] {processor.py:186} INFO - Started process (PID=6304) to work on /home/airflow/.local/lib/python3.12/site-packages/airflow/example_dags/example_latest_only_with_trigger.py
[2025-03-09T10:05:40.022+0000] {processor.py:914} INFO - Processing file /home/airflow/.local/lib/python3.12/site-packages/airflow/example_dags/example_latest_only_with_trigger.py for tasks to queue
[2025-03-09T10:05:40.035+0000] {logging_mixin.py:190} INFO - [2025-03-09T10:05:40.034+0000] {dagbag.py:588} INFO - Filling up the DagBag from /home/airflow/.local/lib/python3.12/site-packages/airflow/example_dags/example_latest_only_with_trigger.py
[2025-03-09T10:05:40.054+0000] {processor.py:925} INFO - DAG(s) 'latest_only_with_trigger' retrieved from /home/airflow/.local/lib/python3.12/site-packages/airflow/example_dags/example_latest_only_with_trigger.py
[2025-03-09T10:05:40.102+0000] {logging_mixin.py:190} INFO - [2025-03-09T10:05:40.102+0000] {dag.py:3239} INFO - Sync 1 DAGs
[2025-03-09T10:05:40.148+0000] {logging_mixin.py:190} INFO - [2025-03-09T10:05:40.147+0000] {dag.py:4180} INFO - Setting next_dagrun for latest_only_with_trigger to 2025-03-09 04:00:00+00:00, run_after=2025-03-09 08:00:00+00:00
[2025-03-09T10:05:40.186+0000] {processor.py:208} INFO - Processing /home/airflow/.local/lib/python3.12/site-packages/airflow/example_dags/example_latest_only_with_trigger.py took 0.188 seconds
[2025-03-09T10:06:10.520+0000] {processor.py:186} INFO - Started process (PID=6368) to work on /home/airflow/.local/lib/python3.12/site-packages/airflow/example_dags/example_latest_only_with_trigger.py
[2025-03-09T10:06:10.522+0000] {processor.py:914} INFO - Processing file /home/airflow/.local/lib/python3.12/site-packages/airflow/example_dags/example_latest_only_with_trigger.py for tasks to queue
[2025-03-09T10:06:10.526+0000] {logging_mixin.py:190} INFO - [2025-03-09T10:06:10.526+0000] {dagbag.py:588} INFO - Filling up the DagBag from /home/airflow/.local/lib/python3.12/site-packages/airflow/example_dags/example_latest_only_with_trigger.py
[2025-03-09T10:06:10.542+0000] {processor.py:925} INFO - DAG(s) 'latest_only_with_trigger' retrieved from /home/airflow/.local/lib/python3.12/site-packages/airflow/example_dags/example_latest_only_with_trigger.py
[2025-03-09T10:06:10.580+0000] {logging_mixin.py:190} INFO - [2025-03-09T10:06:10.579+0000] {dag.py:3239} INFO - Sync 1 DAGs
[2025-03-09T10:06:10.614+0000] {logging_mixin.py:190} INFO - [2025-03-09T10:06:10.614+0000] {dag.py:4180} INFO - Setting next_dagrun for latest_only_with_trigger to 2025-03-09 04:00:00+00:00, run_after=2025-03-09 08:00:00+00:00
[2025-03-09T10:06:10.652+0000] {processor.py:208} INFO - Processing /home/airflow/.local/lib/python3.12/site-packages/airflow/example_dags/example_latest_only_with_trigger.py took 0.144 seconds
[2025-03-09T10:06:41.522+0000] {processor.py:186} INFO - Started process (PID=6433) to work on /home/airflow/.local/lib/python3.12/site-packages/airflow/example_dags/example_latest_only_with_trigger.py
[2025-03-09T10:06:41.524+0000] {processor.py:914} INFO - Processing file /home/airflow/.local/lib/python3.12/site-packages/airflow/example_dags/example_latest_only_with_trigger.py for tasks to queue
[2025-03-09T10:06:41.528+0000] {logging_mixin.py:190} INFO - [2025-03-09T10:06:41.527+0000] {dagbag.py:588} INFO - Filling up the DagBag from /home/airflow/.local/lib/python3.12/site-packages/airflow/example_dags/example_latest_only_with_trigger.py
[2025-03-09T10:06:41.540+0000] {processor.py:925} INFO - DAG(s) 'latest_only_with_trigger' retrieved from /home/airflow/.local/lib/python3.12/site-packages/airflow/example_dags/example_latest_only_with_trigger.py
[2025-03-09T10:06:41.577+0000] {logging_mixin.py:190} INFO - [2025-03-09T10:06:41.576+0000] {dag.py:3239} INFO - Sync 1 DAGs
[2025-03-09T10:06:41.621+0000] {logging_mixin.py:190} INFO - [2025-03-09T10:06:41.620+0000] {dag.py:4180} INFO - Setting next_dagrun for latest_only_with_trigger to 2025-03-09 04:00:00+00:00, run_after=2025-03-09 08:00:00+00:00
[2025-03-09T10:06:41.661+0000] {processor.py:208} INFO - Processing /home/airflow/.local/lib/python3.12/site-packages/airflow/example_dags/example_latest_only_with_trigger.py took 0.146 seconds
[2025-03-09T10:07:12.084+0000] {processor.py:186} INFO - Started process (PID=6498) to work on /home/airflow/.local/lib/python3.12/site-packages/airflow/example_dags/example_latest_only_with_trigger.py
[2025-03-09T10:07:12.086+0000] {processor.py:914} INFO - Processing file /home/airflow/.local/lib/python3.12/site-packages/airflow/example_dags/example_latest_only_with_trigger.py for tasks to queue
[2025-03-09T10:07:12.090+0000] {logging_mixin.py:190} INFO - [2025-03-09T10:07:12.090+0000] {dagbag.py:588} INFO - Filling up the DagBag from /home/airflow/.local/lib/python3.12/site-packages/airflow/example_dags/example_latest_only_with_trigger.py
[2025-03-09T10:07:12.102+0000] {processor.py:925} INFO - DAG(s) 'latest_only_with_trigger' retrieved from /home/airflow/.local/lib/python3.12/site-packages/airflow/example_dags/example_latest_only_with_trigger.py
[2025-03-09T10:07:12.136+0000] {logging_mixin.py:190} INFO - [2025-03-09T10:07:12.136+0000] {dag.py:3239} INFO - Sync 1 DAGs
[2025-03-09T10:07:12.178+0000] {logging_mixin.py:190} INFO - [2025-03-09T10:07:12.178+0000] {dag.py:4180} INFO - Setting next_dagrun for latest_only_with_trigger to 2025-03-09 04:00:00+00:00, run_after=2025-03-09 08:00:00+00:00
[2025-03-09T10:07:12.215+0000] {processor.py:208} INFO - Processing /home/airflow/.local/lib/python3.12/site-packages/airflow/example_dags/example_latest_only_with_trigger.py took 0.143 seconds
[2025-03-09T10:07:42.426+0000] {processor.py:186} INFO - Started process (PID=6561) to work on /home/airflow/.local/lib/python3.12/site-packages/airflow/example_dags/example_latest_only_with_trigger.py
[2025-03-09T10:07:42.428+0000] {processor.py:914} INFO - Processing file /home/airflow/.local/lib/python3.12/site-packages/airflow/example_dags/example_latest_only_with_trigger.py for tasks to queue
[2025-03-09T10:07:42.432+0000] {logging_mixin.py:190} INFO - [2025-03-09T10:07:42.431+0000] {dagbag.py:588} INFO - Filling up the DagBag from /home/airflow/.local/lib/python3.12/site-packages/airflow/example_dags/example_latest_only_with_trigger.py
[2025-03-09T10:07:42.444+0000] {processor.py:925} INFO - DAG(s) 'latest_only_with_trigger' retrieved from /home/airflow/.local/lib/python3.12/site-packages/airflow/example_dags/example_latest_only_with_trigger.py
[2025-03-09T10:07:42.474+0000] {logging_mixin.py:190} INFO - [2025-03-09T10:07:42.474+0000] {dag.py:3239} INFO - Sync 1 DAGs
[2025-03-09T10:07:42.509+0000] {logging_mixin.py:190} INFO - [2025-03-09T10:07:42.509+0000] {dag.py:4180} INFO - Setting next_dagrun for latest_only_with_trigger to 2025-03-09 04:00:00+00:00, run_after=2025-03-09 08:00:00+00:00
[2025-03-09T10:07:42.548+0000] {processor.py:208} INFO - Processing /home/airflow/.local/lib/python3.12/site-packages/airflow/example_dags/example_latest_only_with_trigger.py took 0.129 seconds
[2025-03-09T10:08:14.250+0000] {processor.py:186} INFO - Started process (PID=6625) to work on /home/airflow/.local/lib/python3.12/site-packages/airflow/example_dags/example_latest_only_with_trigger.py
[2025-03-09T10:08:14.253+0000] {processor.py:914} INFO - Processing file /home/airflow/.local/lib/python3.12/site-packages/airflow/example_dags/example_latest_only_with_trigger.py for tasks to queue
[2025-03-09T10:08:14.256+0000] {logging_mixin.py:190} INFO - [2025-03-09T10:08:14.256+0000] {dagbag.py:588} INFO - Filling up the DagBag from /home/airflow/.local/lib/python3.12/site-packages/airflow/example_dags/example_latest_only_with_trigger.py
[2025-03-09T10:08:14.268+0000] {processor.py:925} INFO - DAG(s) 'latest_only_with_trigger' retrieved from /home/airflow/.local/lib/python3.12/site-packages/airflow/example_dags/example_latest_only_with_trigger.py
[2025-03-09T10:08:14.312+0000] {logging_mixin.py:190} INFO - [2025-03-09T10:08:14.311+0000] {dag.py:3239} INFO - Sync 1 DAGs
[2025-03-09T10:08:14.357+0000] {logging_mixin.py:190} INFO - [2025-03-09T10:08:14.357+0000] {dag.py:4180} INFO - Setting next_dagrun for latest_only_with_trigger to 2025-03-09 04:00:00+00:00, run_after=2025-03-09 08:00:00+00:00
[2025-03-09T10:08:14.387+0000] {processor.py:208} INFO - Processing /home/airflow/.local/lib/python3.12/site-packages/airflow/example_dags/example_latest_only_with_trigger.py took 0.146 seconds
[2025-03-09T10:08:45.432+0000] {processor.py:186} INFO - Started process (PID=6690) to work on /home/airflow/.local/lib/python3.12/site-packages/airflow/example_dags/example_latest_only_with_trigger.py
[2025-03-09T10:08:45.433+0000] {processor.py:914} INFO - Processing file /home/airflow/.local/lib/python3.12/site-packages/airflow/example_dags/example_latest_only_with_trigger.py for tasks to queue
[2025-03-09T10:08:45.437+0000] {logging_mixin.py:190} INFO - [2025-03-09T10:08:45.436+0000] {dagbag.py:588} INFO - Filling up the DagBag from /home/airflow/.local/lib/python3.12/site-packages/airflow/example_dags/example_latest_only_with_trigger.py
[2025-03-09T10:08:45.448+0000] {processor.py:925} INFO - DAG(s) 'latest_only_with_trigger' retrieved from /home/airflow/.local/lib/python3.12/site-packages/airflow/example_dags/example_latest_only_with_trigger.py
[2025-03-09T10:08:45.476+0000] {logging_mixin.py:190} INFO - [2025-03-09T10:08:45.476+0000] {dag.py:3239} INFO - Sync 1 DAGs
[2025-03-09T10:08:45.513+0000] {logging_mixin.py:190} INFO - [2025-03-09T10:08:45.513+0000] {dag.py:4180} INFO - Setting next_dagrun for latest_only_with_trigger to 2025-03-09 04:00:00+00:00, run_after=2025-03-09 08:00:00+00:00
[2025-03-09T10:08:45.552+0000] {processor.py:208} INFO - Processing /home/airflow/.local/lib/python3.12/site-packages/airflow/example_dags/example_latest_only_with_trigger.py took 0.129 seconds
[2025-03-09T10:09:16.454+0000] {processor.py:186} INFO - Started process (PID=6756) to work on /home/airflow/.local/lib/python3.12/site-packages/airflow/example_dags/example_latest_only_with_trigger.py
[2025-03-09T10:09:16.456+0000] {processor.py:914} INFO - Processing file /home/airflow/.local/lib/python3.12/site-packages/airflow/example_dags/example_latest_only_with_trigger.py for tasks to queue
[2025-03-09T10:09:16.461+0000] {logging_mixin.py:190} INFO - [2025-03-09T10:09:16.460+0000] {dagbag.py:588} INFO - Filling up the DagBag from /home/airflow/.local/lib/python3.12/site-packages/airflow/example_dags/example_latest_only_with_trigger.py
[2025-03-09T10:09:16.481+0000] {processor.py:925} INFO - DAG(s) 'latest_only_with_trigger' retrieved from /home/airflow/.local/lib/python3.12/site-packages/airflow/example_dags/example_latest_only_with_trigger.py
[2025-03-09T10:09:16.522+0000] {logging_mixin.py:190} INFO - [2025-03-09T10:09:16.521+0000] {dag.py:3239} INFO - Sync 1 DAGs
[2025-03-09T10:09:16.564+0000] {logging_mixin.py:190} INFO - [2025-03-09T10:09:16.563+0000] {dag.py:4180} INFO - Setting next_dagrun for latest_only_with_trigger to 2025-03-09 04:00:00+00:00, run_after=2025-03-09 08:00:00+00:00
[2025-03-09T10:09:16.599+0000] {processor.py:208} INFO - Processing /home/airflow/.local/lib/python3.12/site-packages/airflow/example_dags/example_latest_only_with_trigger.py took 0.156 seconds
[2025-03-09T10:09:47.948+0000] {processor.py:186} INFO - Started process (PID=6821) to work on /home/airflow/.local/lib/python3.12/site-packages/airflow/example_dags/example_latest_only_with_trigger.py
[2025-03-09T10:09:47.951+0000] {processor.py:914} INFO - Processing file /home/airflow/.local/lib/python3.12/site-packages/airflow/example_dags/example_latest_only_with_trigger.py for tasks to queue
[2025-03-09T10:09:47.954+0000] {logging_mixin.py:190} INFO - [2025-03-09T10:09:47.954+0000] {dagbag.py:588} INFO - Filling up the DagBag from /home/airflow/.local/lib/python3.12/site-packages/airflow/example_dags/example_latest_only_with_trigger.py
[2025-03-09T10:09:47.967+0000] {processor.py:925} INFO - DAG(s) 'latest_only_with_trigger' retrieved from /home/airflow/.local/lib/python3.12/site-packages/airflow/example_dags/example_latest_only_with_trigger.py
[2025-03-09T10:09:48.000+0000] {logging_mixin.py:190} INFO - [2025-03-09T10:09:47.999+0000] {dag.py:3239} INFO - Sync 1 DAGs
[2025-03-09T10:09:48.039+0000] {logging_mixin.py:190} INFO - [2025-03-09T10:09:48.038+0000] {dag.py:4180} INFO - Setting next_dagrun for latest_only_with_trigger to 2025-03-09 04:00:00+00:00, run_after=2025-03-09 08:00:00+00:00
[2025-03-09T10:09:48.075+0000] {processor.py:208} INFO - Processing /home/airflow/.local/lib/python3.12/site-packages/airflow/example_dags/example_latest_only_with_trigger.py took 0.134 seconds
[2025-03-09T10:10:18.334+0000] {processor.py:186} INFO - Started process (PID=6885) to work on /home/airflow/.local/lib/python3.12/site-packages/airflow/example_dags/example_latest_only_with_trigger.py
[2025-03-09T10:10:18.336+0000] {processor.py:914} INFO - Processing file /home/airflow/.local/lib/python3.12/site-packages/airflow/example_dags/example_latest_only_with_trigger.py for tasks to queue
[2025-03-09T10:10:18.343+0000] {logging_mixin.py:190} INFO - [2025-03-09T10:10:18.342+0000] {dagbag.py:588} INFO - Filling up the DagBag from /home/airflow/.local/lib/python3.12/site-packages/airflow/example_dags/example_latest_only_with_trigger.py
[2025-03-09T10:10:18.358+0000] {processor.py:925} INFO - DAG(s) 'latest_only_with_trigger' retrieved from /home/airflow/.local/lib/python3.12/site-packages/airflow/example_dags/example_latest_only_with_trigger.py
[2025-03-09T10:10:18.395+0000] {logging_mixin.py:190} INFO - [2025-03-09T10:10:18.394+0000] {dag.py:3239} INFO - Sync 1 DAGs
[2025-03-09T10:10:18.442+0000] {logging_mixin.py:190} INFO - [2025-03-09T10:10:18.442+0000] {dag.py:4180} INFO - Setting next_dagrun for latest_only_with_trigger to 2025-03-09 04:00:00+00:00, run_after=2025-03-09 08:00:00+00:00
[2025-03-09T10:10:18.477+0000] {processor.py:208} INFO - Processing /home/airflow/.local/lib/python3.12/site-packages/airflow/example_dags/example_latest_only_with_trigger.py took 0.157 seconds
[2025-03-09T10:10:48.571+0000] {processor.py:186} INFO - Started process (PID=6949) to work on /home/airflow/.local/lib/python3.12/site-packages/airflow/example_dags/example_latest_only_with_trigger.py
[2025-03-09T10:10:48.572+0000] {processor.py:914} INFO - Processing file /home/airflow/.local/lib/python3.12/site-packages/airflow/example_dags/example_latest_only_with_trigger.py for tasks to queue
[2025-03-09T10:10:48.578+0000] {logging_mixin.py:190} INFO - [2025-03-09T10:10:48.577+0000] {dagbag.py:588} INFO - Filling up the DagBag from /home/airflow/.local/lib/python3.12/site-packages/airflow/example_dags/example_latest_only_with_trigger.py
[2025-03-09T10:10:48.590+0000] {processor.py:925} INFO - DAG(s) 'latest_only_with_trigger' retrieved from /home/airflow/.local/lib/python3.12/site-packages/airflow/example_dags/example_latest_only_with_trigger.py
[2025-03-09T10:10:48.621+0000] {logging_mixin.py:190} INFO - [2025-03-09T10:10:48.620+0000] {dag.py:3239} INFO - Sync 1 DAGs
[2025-03-09T10:10:48.661+0000] {logging_mixin.py:190} INFO - [2025-03-09T10:10:48.661+0000] {dag.py:4180} INFO - Setting next_dagrun for latest_only_with_trigger to 2025-03-09 04:00:00+00:00, run_after=2025-03-09 08:00:00+00:00
[2025-03-09T10:10:48.695+0000] {processor.py:208} INFO - Processing /home/airflow/.local/lib/python3.12/site-packages/airflow/example_dags/example_latest_only_with_trigger.py took 0.133 seconds
[2025-03-09T10:11:19.048+0000] {processor.py:186} INFO - Started process (PID=7014) to work on /home/airflow/.local/lib/python3.12/site-packages/airflow/example_dags/example_latest_only_with_trigger.py
[2025-03-09T10:11:19.050+0000] {processor.py:914} INFO - Processing file /home/airflow/.local/lib/python3.12/site-packages/airflow/example_dags/example_latest_only_with_trigger.py for tasks to queue
[2025-03-09T10:11:19.055+0000] {logging_mixin.py:190} INFO - [2025-03-09T10:11:19.054+0000] {dagbag.py:588} INFO - Filling up the DagBag from /home/airflow/.local/lib/python3.12/site-packages/airflow/example_dags/example_latest_only_with_trigger.py
[2025-03-09T10:11:19.068+0000] {processor.py:925} INFO - DAG(s) 'latest_only_with_trigger' retrieved from /home/airflow/.local/lib/python3.12/site-packages/airflow/example_dags/example_latest_only_with_trigger.py
[2025-03-09T10:11:19.103+0000] {logging_mixin.py:190} INFO - [2025-03-09T10:11:19.102+0000] {dag.py:3239} INFO - Sync 1 DAGs
[2025-03-09T10:11:19.146+0000] {logging_mixin.py:190} INFO - [2025-03-09T10:11:19.146+0000] {dag.py:4180} INFO - Setting next_dagrun for latest_only_with_trigger to 2025-03-09 04:00:00+00:00, run_after=2025-03-09 08:00:00+00:00
[2025-03-09T10:11:19.193+0000] {processor.py:208} INFO - Processing /home/airflow/.local/lib/python3.12/site-packages/airflow/example_dags/example_latest_only_with_trigger.py took 0.156 seconds
[2025-03-09T10:11:49.696+0000] {processor.py:186} INFO - Started process (PID=7079) to work on /home/airflow/.local/lib/python3.12/site-packages/airflow/example_dags/example_latest_only_with_trigger.py
[2025-03-09T10:11:49.698+0000] {processor.py:914} INFO - Processing file /home/airflow/.local/lib/python3.12/site-packages/airflow/example_dags/example_latest_only_with_trigger.py for tasks to queue
[2025-03-09T10:11:49.703+0000] {logging_mixin.py:190} INFO - [2025-03-09T10:11:49.702+0000] {dagbag.py:588} INFO - Filling up the DagBag from /home/airflow/.local/lib/python3.12/site-packages/airflow/example_dags/example_latest_only_with_trigger.py
[2025-03-09T10:11:49.717+0000] {processor.py:925} INFO - DAG(s) 'latest_only_with_trigger' retrieved from /home/airflow/.local/lib/python3.12/site-packages/airflow/example_dags/example_latest_only_with_trigger.py
[2025-03-09T10:11:49.760+0000] {logging_mixin.py:190} INFO - [2025-03-09T10:11:49.760+0000] {dag.py:3239} INFO - Sync 1 DAGs
[2025-03-09T10:11:49.803+0000] {logging_mixin.py:190} INFO - [2025-03-09T10:11:49.803+0000] {dag.py:4180} INFO - Setting next_dagrun for latest_only_with_trigger to 2025-03-09 04:00:00+00:00, run_after=2025-03-09 08:00:00+00:00
[2025-03-09T10:11:49.841+0000] {processor.py:208} INFO - Processing /home/airflow/.local/lib/python3.12/site-packages/airflow/example_dags/example_latest_only_with_trigger.py took 0.153 seconds
[2025-03-09T10:12:20.238+0000] {processor.py:186} INFO - Started process (PID=7144) to work on /home/airflow/.local/lib/python3.12/site-packages/airflow/example_dags/example_latest_only_with_trigger.py
[2025-03-09T10:12:20.240+0000] {processor.py:914} INFO - Processing file /home/airflow/.local/lib/python3.12/site-packages/airflow/example_dags/example_latest_only_with_trigger.py for tasks to queue
[2025-03-09T10:12:20.246+0000] {logging_mixin.py:190} INFO - [2025-03-09T10:12:20.245+0000] {dagbag.py:588} INFO - Filling up the DagBag from /home/airflow/.local/lib/python3.12/site-packages/airflow/example_dags/example_latest_only_with_trigger.py
[2025-03-09T10:12:20.262+0000] {processor.py:925} INFO - DAG(s) 'latest_only_with_trigger' retrieved from /home/airflow/.local/lib/python3.12/site-packages/airflow/example_dags/example_latest_only_with_trigger.py
[2025-03-09T10:12:20.316+0000] {logging_mixin.py:190} INFO - [2025-03-09T10:12:20.316+0000] {dag.py:3239} INFO - Sync 1 DAGs
[2025-03-09T10:12:20.388+0000] {logging_mixin.py:190} INFO - [2025-03-09T10:12:20.387+0000] {dag.py:4180} INFO - Setting next_dagrun for latest_only_with_trigger to 2025-03-09 04:00:00+00:00, run_after=2025-03-09 08:00:00+00:00
[2025-03-09T10:12:20.472+0000] {processor.py:208} INFO - Processing /home/airflow/.local/lib/python3.12/site-packages/airflow/example_dags/example_latest_only_with_trigger.py took 0.244 seconds
[2025-03-09T10:12:50.822+0000] {processor.py:186} INFO - Started process (PID=7209) to work on /home/airflow/.local/lib/python3.12/site-packages/airflow/example_dags/example_latest_only_with_trigger.py
[2025-03-09T10:12:50.824+0000] {processor.py:914} INFO - Processing file /home/airflow/.local/lib/python3.12/site-packages/airflow/example_dags/example_latest_only_with_trigger.py for tasks to queue
[2025-03-09T10:12:50.832+0000] {logging_mixin.py:190} INFO - [2025-03-09T10:12:50.831+0000] {dagbag.py:588} INFO - Filling up the DagBag from /home/airflow/.local/lib/python3.12/site-packages/airflow/example_dags/example_latest_only_with_trigger.py
[2025-03-09T10:12:50.853+0000] {processor.py:925} INFO - DAG(s) 'latest_only_with_trigger' retrieved from /home/airflow/.local/lib/python3.12/site-packages/airflow/example_dags/example_latest_only_with_trigger.py
[2025-03-09T10:12:50.897+0000] {logging_mixin.py:190} INFO - [2025-03-09T10:12:50.896+0000] {dag.py:3239} INFO - Sync 1 DAGs
[2025-03-09T10:12:50.935+0000] {logging_mixin.py:190} INFO - [2025-03-09T10:12:50.935+0000] {dag.py:4180} INFO - Setting next_dagrun for latest_only_with_trigger to 2025-03-09 04:00:00+00:00, run_after=2025-03-09 08:00:00+00:00
[2025-03-09T10:12:50.975+0000] {processor.py:208} INFO - Processing /home/airflow/.local/lib/python3.12/site-packages/airflow/example_dags/example_latest_only_with_trigger.py took 0.175 seconds
[2025-03-09T10:13:21.131+0000] {processor.py:186} INFO - Started process (PID=7274) to work on /home/airflow/.local/lib/python3.12/site-packages/airflow/example_dags/example_latest_only_with_trigger.py
[2025-03-09T10:13:21.133+0000] {processor.py:914} INFO - Processing file /home/airflow/.local/lib/python3.12/site-packages/airflow/example_dags/example_latest_only_with_trigger.py for tasks to queue
[2025-03-09T10:13:21.137+0000] {logging_mixin.py:190} INFO - [2025-03-09T10:13:21.137+0000] {dagbag.py:588} INFO - Filling up the DagBag from /home/airflow/.local/lib/python3.12/site-packages/airflow/example_dags/example_latest_only_with_trigger.py
[2025-03-09T10:13:21.149+0000] {processor.py:925} INFO - DAG(s) 'latest_only_with_trigger' retrieved from /home/airflow/.local/lib/python3.12/site-packages/airflow/example_dags/example_latest_only_with_trigger.py
[2025-03-09T10:13:21.186+0000] {logging_mixin.py:190} INFO - [2025-03-09T10:13:21.186+0000] {dag.py:3239} INFO - Sync 1 DAGs
[2025-03-09T10:13:21.238+0000] {logging_mixin.py:190} INFO - [2025-03-09T10:13:21.237+0000] {dag.py:4180} INFO - Setting next_dagrun for latest_only_with_trigger to 2025-03-09 04:00:00+00:00, run_after=2025-03-09 08:00:00+00:00
[2025-03-09T10:13:21.276+0000] {processor.py:208} INFO - Processing /home/airflow/.local/lib/python3.12/site-packages/airflow/example_dags/example_latest_only_with_trigger.py took 0.154 seconds
[2025-03-09T10:13:51.586+0000] {processor.py:186} INFO - Started process (PID=7339) to work on /home/airflow/.local/lib/python3.12/site-packages/airflow/example_dags/example_latest_only_with_trigger.py
[2025-03-09T10:13:51.587+0000] {processor.py:914} INFO - Processing file /home/airflow/.local/lib/python3.12/site-packages/airflow/example_dags/example_latest_only_with_trigger.py for tasks to queue
[2025-03-09T10:13:51.591+0000] {logging_mixin.py:190} INFO - [2025-03-09T10:13:51.591+0000] {dagbag.py:588} INFO - Filling up the DagBag from /home/airflow/.local/lib/python3.12/site-packages/airflow/example_dags/example_latest_only_with_trigger.py
[2025-03-09T10:13:51.602+0000] {processor.py:925} INFO - DAG(s) 'latest_only_with_trigger' retrieved from /home/airflow/.local/lib/python3.12/site-packages/airflow/example_dags/example_latest_only_with_trigger.py
[2025-03-09T10:13:51.634+0000] {logging_mixin.py:190} INFO - [2025-03-09T10:13:51.634+0000] {dag.py:3239} INFO - Sync 1 DAGs
[2025-03-09T10:13:51.676+0000] {logging_mixin.py:190} INFO - [2025-03-09T10:13:51.675+0000] {dag.py:4180} INFO - Setting next_dagrun for latest_only_with_trigger to 2025-03-09 04:00:00+00:00, run_after=2025-03-09 08:00:00+00:00
[2025-03-09T10:13:51.718+0000] {processor.py:208} INFO - Processing /home/airflow/.local/lib/python3.12/site-packages/airflow/example_dags/example_latest_only_with_trigger.py took 0.139 seconds
[2025-03-09T10:14:21.905+0000] {processor.py:186} INFO - Started process (PID=7404) to work on /home/airflow/.local/lib/python3.12/site-packages/airflow/example_dags/example_latest_only_with_trigger.py
[2025-03-09T10:14:21.907+0000] {processor.py:914} INFO - Processing file /home/airflow/.local/lib/python3.12/site-packages/airflow/example_dags/example_latest_only_with_trigger.py for tasks to queue
[2025-03-09T10:14:21.911+0000] {logging_mixin.py:190} INFO - [2025-03-09T10:14:21.910+0000] {dagbag.py:588} INFO - Filling up the DagBag from /home/airflow/.local/lib/python3.12/site-packages/airflow/example_dags/example_latest_only_with_trigger.py
[2025-03-09T10:14:21.923+0000] {processor.py:925} INFO - DAG(s) 'latest_only_with_trigger' retrieved from /home/airflow/.local/lib/python3.12/site-packages/airflow/example_dags/example_latest_only_with_trigger.py
[2025-03-09T10:14:21.955+0000] {logging_mixin.py:190} INFO - [2025-03-09T10:14:21.955+0000] {dag.py:3239} INFO - Sync 1 DAGs
[2025-03-09T10:14:21.998+0000] {logging_mixin.py:190} INFO - [2025-03-09T10:14:21.997+0000] {dag.py:4180} INFO - Setting next_dagrun for latest_only_with_trigger to 2025-03-09 04:00:00+00:00, run_after=2025-03-09 08:00:00+00:00
[2025-03-09T10:14:22.031+0000] {processor.py:208} INFO - Processing /home/airflow/.local/lib/python3.12/site-packages/airflow/example_dags/example_latest_only_with_trigger.py took 0.134 seconds
[2025-03-09T10:14:52.902+0000] {processor.py:186} INFO - Started process (PID=7470) to work on /home/airflow/.local/lib/python3.12/site-packages/airflow/example_dags/example_latest_only_with_trigger.py
[2025-03-09T10:14:52.904+0000] {processor.py:914} INFO - Processing file /home/airflow/.local/lib/python3.12/site-packages/airflow/example_dags/example_latest_only_with_trigger.py for tasks to queue
[2025-03-09T10:14:52.909+0000] {logging_mixin.py:190} INFO - [2025-03-09T10:14:52.908+0000] {dagbag.py:588} INFO - Filling up the DagBag from /home/airflow/.local/lib/python3.12/site-packages/airflow/example_dags/example_latest_only_with_trigger.py
[2025-03-09T10:14:52.926+0000] {processor.py:925} INFO - DAG(s) 'latest_only_with_trigger' retrieved from /home/airflow/.local/lib/python3.12/site-packages/airflow/example_dags/example_latest_only_with_trigger.py
[2025-03-09T10:14:52.982+0000] {logging_mixin.py:190} INFO - [2025-03-09T10:14:52.981+0000] {dag.py:3239} INFO - Sync 1 DAGs
[2025-03-09T10:14:53.104+0000] {logging_mixin.py:190} INFO - [2025-03-09T10:14:53.103+0000] {dag.py:4180} INFO - Setting next_dagrun for latest_only_with_trigger to 2025-03-09 04:00:00+00:00, run_after=2025-03-09 08:00:00+00:00
[2025-03-09T10:14:53.183+0000] {processor.py:208} INFO - Processing /home/airflow/.local/lib/python3.12/site-packages/airflow/example_dags/example_latest_only_with_trigger.py took 0.290 seconds
[2025-03-09T10:15:23.732+0000] {processor.py:186} INFO - Started process (PID=7536) to work on /home/airflow/.local/lib/python3.12/site-packages/airflow/example_dags/example_latest_only_with_trigger.py
[2025-03-09T10:15:23.735+0000] {processor.py:914} INFO - Processing file /home/airflow/.local/lib/python3.12/site-packages/airflow/example_dags/example_latest_only_with_trigger.py for tasks to queue
[2025-03-09T10:15:23.739+0000] {logging_mixin.py:190} INFO - [2025-03-09T10:15:23.738+0000] {dagbag.py:588} INFO - Filling up the DagBag from /home/airflow/.local/lib/python3.12/site-packages/airflow/example_dags/example_latest_only_with_trigger.py
[2025-03-09T10:15:23.755+0000] {processor.py:925} INFO - DAG(s) 'latest_only_with_trigger' retrieved from /home/airflow/.local/lib/python3.12/site-packages/airflow/example_dags/example_latest_only_with_trigger.py
[2025-03-09T10:15:23.790+0000] {logging_mixin.py:190} INFO - [2025-03-09T10:15:23.789+0000] {dag.py:3239} INFO - Sync 1 DAGs
[2025-03-09T10:15:23.842+0000] {logging_mixin.py:190} INFO - [2025-03-09T10:15:23.841+0000] {dag.py:4180} INFO - Setting next_dagrun for latest_only_with_trigger to 2025-03-09 04:00:00+00:00, run_after=2025-03-09 08:00:00+00:00
[2025-03-09T10:15:23.887+0000] {processor.py:208} INFO - Processing /home/airflow/.local/lib/python3.12/site-packages/airflow/example_dags/example_latest_only_with_trigger.py took 0.165 seconds
[2025-03-09T10:15:54.273+0000] {processor.py:186} INFO - Started process (PID=7601) to work on /home/airflow/.local/lib/python3.12/site-packages/airflow/example_dags/example_latest_only_with_trigger.py
[2025-03-09T10:15:54.274+0000] {processor.py:914} INFO - Processing file /home/airflow/.local/lib/python3.12/site-packages/airflow/example_dags/example_latest_only_with_trigger.py for tasks to queue
[2025-03-09T10:15:54.278+0000] {logging_mixin.py:190} INFO - [2025-03-09T10:15:54.278+0000] {dagbag.py:588} INFO - Filling up the DagBag from /home/airflow/.local/lib/python3.12/site-packages/airflow/example_dags/example_latest_only_with_trigger.py
[2025-03-09T10:15:54.291+0000] {processor.py:925} INFO - DAG(s) 'latest_only_with_trigger' retrieved from /home/airflow/.local/lib/python3.12/site-packages/airflow/example_dags/example_latest_only_with_trigger.py
[2025-03-09T10:15:54.329+0000] {logging_mixin.py:190} INFO - [2025-03-09T10:15:54.329+0000] {dag.py:3239} INFO - Sync 1 DAGs
[2025-03-09T10:15:54.372+0000] {logging_mixin.py:190} INFO - [2025-03-09T10:15:54.371+0000] {dag.py:4180} INFO - Setting next_dagrun for latest_only_with_trigger to 2025-03-09 04:00:00+00:00, run_after=2025-03-09 08:00:00+00:00
[2025-03-09T10:15:54.405+0000] {processor.py:208} INFO - Processing /home/airflow/.local/lib/python3.12/site-packages/airflow/example_dags/example_latest_only_with_trigger.py took 0.141 seconds
[2025-03-09T10:16:24.696+0000] {processor.py:186} INFO - Started process (PID=7666) to work on /home/airflow/.local/lib/python3.12/site-packages/airflow/example_dags/example_latest_only_with_trigger.py
[2025-03-09T10:16:24.698+0000] {processor.py:914} INFO - Processing file /home/airflow/.local/lib/python3.12/site-packages/airflow/example_dags/example_latest_only_with_trigger.py for tasks to queue
[2025-03-09T10:16:24.702+0000] {logging_mixin.py:190} INFO - [2025-03-09T10:16:24.702+0000] {dagbag.py:588} INFO - Filling up the DagBag from /home/airflow/.local/lib/python3.12/site-packages/airflow/example_dags/example_latest_only_with_trigger.py
[2025-03-09T10:16:24.718+0000] {processor.py:925} INFO - DAG(s) 'latest_only_with_trigger' retrieved from /home/airflow/.local/lib/python3.12/site-packages/airflow/example_dags/example_latest_only_with_trigger.py
[2025-03-09T10:16:24.757+0000] {logging_mixin.py:190} INFO - [2025-03-09T10:16:24.756+0000] {dag.py:3239} INFO - Sync 1 DAGs
[2025-03-09T10:16:24.801+0000] {logging_mixin.py:190} INFO - [2025-03-09T10:16:24.800+0000] {dag.py:4180} INFO - Setting next_dagrun for latest_only_with_trigger to 2025-03-09 04:00:00+00:00, run_after=2025-03-09 08:00:00+00:00
[2025-03-09T10:16:24.845+0000] {processor.py:208} INFO - Processing /home/airflow/.local/lib/python3.12/site-packages/airflow/example_dags/example_latest_only_with_trigger.py took 0.158 seconds
[2025-03-09T10:16:54.960+0000] {processor.py:186} INFO - Started process (PID=7731) to work on /home/airflow/.local/lib/python3.12/site-packages/airflow/example_dags/example_latest_only_with_trigger.py
[2025-03-09T10:16:54.963+0000] {processor.py:914} INFO - Processing file /home/airflow/.local/lib/python3.12/site-packages/airflow/example_dags/example_latest_only_with_trigger.py for tasks to queue
[2025-03-09T10:16:54.966+0000] {logging_mixin.py:190} INFO - [2025-03-09T10:16:54.966+0000] {dagbag.py:588} INFO - Filling up the DagBag from /home/airflow/.local/lib/python3.12/site-packages/airflow/example_dags/example_latest_only_with_trigger.py
[2025-03-09T10:16:54.982+0000] {processor.py:925} INFO - DAG(s) 'latest_only_with_trigger' retrieved from /home/airflow/.local/lib/python3.12/site-packages/airflow/example_dags/example_latest_only_with_trigger.py
[2025-03-09T10:16:55.023+0000] {logging_mixin.py:190} INFO - [2025-03-09T10:16:55.023+0000] {dag.py:3239} INFO - Sync 1 DAGs
[2025-03-09T10:16:55.067+0000] {logging_mixin.py:190} INFO - [2025-03-09T10:16:55.067+0000] {dag.py:4180} INFO - Setting next_dagrun for latest_only_with_trigger to 2025-03-09 04:00:00+00:00, run_after=2025-03-09 08:00:00+00:00
[2025-03-09T10:16:55.104+0000] {processor.py:208} INFO - Processing /home/airflow/.local/lib/python3.12/site-packages/airflow/example_dags/example_latest_only_with_trigger.py took 0.154 seconds
[2025-03-09T10:17:25.210+0000] {processor.py:186} INFO - Started process (PID=7795) to work on /home/airflow/.local/lib/python3.12/site-packages/airflow/example_dags/example_latest_only_with_trigger.py
[2025-03-09T10:17:25.212+0000] {processor.py:914} INFO - Processing file /home/airflow/.local/lib/python3.12/site-packages/airflow/example_dags/example_latest_only_with_trigger.py for tasks to queue
[2025-03-09T10:17:25.216+0000] {logging_mixin.py:190} INFO - [2025-03-09T10:17:25.215+0000] {dagbag.py:588} INFO - Filling up the DagBag from /home/airflow/.local/lib/python3.12/site-packages/airflow/example_dags/example_latest_only_with_trigger.py
[2025-03-09T10:17:25.230+0000] {processor.py:925} INFO - DAG(s) 'latest_only_with_trigger' retrieved from /home/airflow/.local/lib/python3.12/site-packages/airflow/example_dags/example_latest_only_with_trigger.py
[2025-03-09T10:17:25.261+0000] {logging_mixin.py:190} INFO - [2025-03-09T10:17:25.261+0000] {dag.py:3239} INFO - Sync 1 DAGs
[2025-03-09T10:17:25.297+0000] {logging_mixin.py:190} INFO - [2025-03-09T10:17:25.297+0000] {dag.py:4180} INFO - Setting next_dagrun for latest_only_with_trigger to 2025-03-09 04:00:00+00:00, run_after=2025-03-09 08:00:00+00:00
[2025-03-09T10:17:25.329+0000] {processor.py:208} INFO - Processing /home/airflow/.local/lib/python3.12/site-packages/airflow/example_dags/example_latest_only_with_trigger.py took 0.127 seconds
[2025-03-09T10:17:55.803+0000] {processor.py:186} INFO - Started process (PID=7860) to work on /home/airflow/.local/lib/python3.12/site-packages/airflow/example_dags/example_latest_only_with_trigger.py
[2025-03-09T10:17:55.805+0000] {processor.py:914} INFO - Processing file /home/airflow/.local/lib/python3.12/site-packages/airflow/example_dags/example_latest_only_with_trigger.py for tasks to queue
[2025-03-09T10:17:55.810+0000] {logging_mixin.py:190} INFO - [2025-03-09T10:17:55.809+0000] {dagbag.py:588} INFO - Filling up the DagBag from /home/airflow/.local/lib/python3.12/site-packages/airflow/example_dags/example_latest_only_with_trigger.py
[2025-03-09T10:17:55.821+0000] {processor.py:925} INFO - DAG(s) 'latest_only_with_trigger' retrieved from /home/airflow/.local/lib/python3.12/site-packages/airflow/example_dags/example_latest_only_with_trigger.py
[2025-03-09T10:17:55.852+0000] {logging_mixin.py:190} INFO - [2025-03-09T10:17:55.852+0000] {dag.py:3239} INFO - Sync 1 DAGs
[2025-03-09T10:17:55.889+0000] {logging_mixin.py:190} INFO - [2025-03-09T10:17:55.888+0000] {dag.py:4180} INFO - Setting next_dagrun for latest_only_with_trigger to 2025-03-09 04:00:00+00:00, run_after=2025-03-09 08:00:00+00:00
[2025-03-09T10:17:55.921+0000] {processor.py:208} INFO - Processing /home/airflow/.local/lib/python3.12/site-packages/airflow/example_dags/example_latest_only_with_trigger.py took 0.126 seconds
[2025-03-09T10:18:26.147+0000] {processor.py:186} INFO - Started process (PID=7925) to work on /home/airflow/.local/lib/python3.12/site-packages/airflow/example_dags/example_latest_only_with_trigger.py
[2025-03-09T10:18:26.148+0000] {processor.py:914} INFO - Processing file /home/airflow/.local/lib/python3.12/site-packages/airflow/example_dags/example_latest_only_with_trigger.py for tasks to queue
[2025-03-09T10:18:26.152+0000] {logging_mixin.py:190} INFO - [2025-03-09T10:18:26.151+0000] {dagbag.py:588} INFO - Filling up the DagBag from /home/airflow/.local/lib/python3.12/site-packages/airflow/example_dags/example_latest_only_with_trigger.py
[2025-03-09T10:18:26.166+0000] {processor.py:925} INFO - DAG(s) 'latest_only_with_trigger' retrieved from /home/airflow/.local/lib/python3.12/site-packages/airflow/example_dags/example_latest_only_with_trigger.py
[2025-03-09T10:18:26.201+0000] {logging_mixin.py:190} INFO - [2025-03-09T10:18:26.200+0000] {dag.py:3239} INFO - Sync 1 DAGs
[2025-03-09T10:18:26.240+0000] {logging_mixin.py:190} INFO - [2025-03-09T10:18:26.240+0000] {dag.py:4180} INFO - Setting next_dagrun for latest_only_with_trigger to 2025-03-09 04:00:00+00:00, run_after=2025-03-09 08:00:00+00:00
[2025-03-09T10:18:26.282+0000] {processor.py:208} INFO - Processing /home/airflow/.local/lib/python3.12/site-packages/airflow/example_dags/example_latest_only_with_trigger.py took 0.144 seconds
[2025-03-09T10:18:56.515+0000] {processor.py:186} INFO - Started process (PID=7990) to work on /home/airflow/.local/lib/python3.12/site-packages/airflow/example_dags/example_latest_only_with_trigger.py
[2025-03-09T10:18:56.516+0000] {processor.py:914} INFO - Processing file /home/airflow/.local/lib/python3.12/site-packages/airflow/example_dags/example_latest_only_with_trigger.py for tasks to queue
[2025-03-09T10:18:56.520+0000] {logging_mixin.py:190} INFO - [2025-03-09T10:18:56.520+0000] {dagbag.py:588} INFO - Filling up the DagBag from /home/airflow/.local/lib/python3.12/site-packages/airflow/example_dags/example_latest_only_with_trigger.py
[2025-03-09T10:18:56.533+0000] {processor.py:925} INFO - DAG(s) 'latest_only_with_trigger' retrieved from /home/airflow/.local/lib/python3.12/site-packages/airflow/example_dags/example_latest_only_with_trigger.py
[2025-03-09T10:18:56.567+0000] {logging_mixin.py:190} INFO - [2025-03-09T10:18:56.566+0000] {dag.py:3239} INFO - Sync 1 DAGs
[2025-03-09T10:18:56.607+0000] {logging_mixin.py:190} INFO - [2025-03-09T10:18:56.607+0000] {dag.py:4180} INFO - Setting next_dagrun for latest_only_with_trigger to 2025-03-09 04:00:00+00:00, run_after=2025-03-09 08:00:00+00:00
[2025-03-09T10:18:56.639+0000] {processor.py:208} INFO - Processing /home/airflow/.local/lib/python3.12/site-packages/airflow/example_dags/example_latest_only_with_trigger.py took 0.132 seconds
[2025-03-09T10:19:27.172+0000] {processor.py:186} INFO - Started process (PID=8055) to work on /home/airflow/.local/lib/python3.12/site-packages/airflow/example_dags/example_latest_only_with_trigger.py
[2025-03-09T10:19:27.174+0000] {processor.py:914} INFO - Processing file /home/airflow/.local/lib/python3.12/site-packages/airflow/example_dags/example_latest_only_with_trigger.py for tasks to queue
[2025-03-09T10:19:27.178+0000] {logging_mixin.py:190} INFO - [2025-03-09T10:19:27.177+0000] {dagbag.py:588} INFO - Filling up the DagBag from /home/airflow/.local/lib/python3.12/site-packages/airflow/example_dags/example_latest_only_with_trigger.py
[2025-03-09T10:19:27.188+0000] {processor.py:925} INFO - DAG(s) 'latest_only_with_trigger' retrieved from /home/airflow/.local/lib/python3.12/site-packages/airflow/example_dags/example_latest_only_with_trigger.py
[2025-03-09T10:19:27.222+0000] {logging_mixin.py:190} INFO - [2025-03-09T10:19:27.222+0000] {dag.py:3239} INFO - Sync 1 DAGs
[2025-03-09T10:19:27.259+0000] {logging_mixin.py:190} INFO - [2025-03-09T10:19:27.259+0000] {dag.py:4180} INFO - Setting next_dagrun for latest_only_with_trigger to 2025-03-09 04:00:00+00:00, run_after=2025-03-09 08:00:00+00:00
[2025-03-09T10:19:27.290+0000] {processor.py:208} INFO - Processing /home/airflow/.local/lib/python3.12/site-packages/airflow/example_dags/example_latest_only_with_trigger.py took 0.126 seconds
[2025-03-09T10:19:57.366+0000] {processor.py:186} INFO - Started process (PID=8120) to work on /home/airflow/.local/lib/python3.12/site-packages/airflow/example_dags/example_latest_only_with_trigger.py
[2025-03-09T10:19:57.368+0000] {processor.py:914} INFO - Processing file /home/airflow/.local/lib/python3.12/site-packages/airflow/example_dags/example_latest_only_with_trigger.py for tasks to queue
[2025-03-09T10:19:57.372+0000] {logging_mixin.py:190} INFO - [2025-03-09T10:19:57.372+0000] {dagbag.py:588} INFO - Filling up the DagBag from /home/airflow/.local/lib/python3.12/site-packages/airflow/example_dags/example_latest_only_with_trigger.py
[2025-03-09T10:19:57.383+0000] {processor.py:925} INFO - DAG(s) 'latest_only_with_trigger' retrieved from /home/airflow/.local/lib/python3.12/site-packages/airflow/example_dags/example_latest_only_with_trigger.py
[2025-03-09T10:19:57.412+0000] {logging_mixin.py:190} INFO - [2025-03-09T10:19:57.412+0000] {dag.py:3239} INFO - Sync 1 DAGs
[2025-03-09T10:19:57.447+0000] {logging_mixin.py:190} INFO - [2025-03-09T10:19:57.447+0000] {dag.py:4180} INFO - Setting next_dagrun for latest_only_with_trigger to 2025-03-09 04:00:00+00:00, run_after=2025-03-09 08:00:00+00:00
[2025-03-09T10:19:57.479+0000] {processor.py:208} INFO - Processing /home/airflow/.local/lib/python3.12/site-packages/airflow/example_dags/example_latest_only_with_trigger.py took 0.123 seconds
[2025-03-09T10:20:28.229+0000] {processor.py:186} INFO - Started process (PID=8185) to work on /home/airflow/.local/lib/python3.12/site-packages/airflow/example_dags/example_latest_only_with_trigger.py
[2025-03-09T10:20:28.231+0000] {processor.py:914} INFO - Processing file /home/airflow/.local/lib/python3.12/site-packages/airflow/example_dags/example_latest_only_with_trigger.py for tasks to queue
[2025-03-09T10:20:28.235+0000] {logging_mixin.py:190} INFO - [2025-03-09T10:20:28.234+0000] {dagbag.py:588} INFO - Filling up the DagBag from /home/airflow/.local/lib/python3.12/site-packages/airflow/example_dags/example_latest_only_with_trigger.py
[2025-03-09T10:20:28.248+0000] {processor.py:925} INFO - DAG(s) 'latest_only_with_trigger' retrieved from /home/airflow/.local/lib/python3.12/site-packages/airflow/example_dags/example_latest_only_with_trigger.py
[2025-03-09T10:20:28.284+0000] {logging_mixin.py:190} INFO - [2025-03-09T10:20:28.284+0000] {dag.py:3239} INFO - Sync 1 DAGs
[2025-03-09T10:20:28.327+0000] {logging_mixin.py:190} INFO - [2025-03-09T10:20:28.326+0000] {dag.py:4180} INFO - Setting next_dagrun for latest_only_with_trigger to 2025-03-09 04:00:00+00:00, run_after=2025-03-09 08:00:00+00:00
[2025-03-09T10:20:28.371+0000] {processor.py:208} INFO - Processing /home/airflow/.local/lib/python3.12/site-packages/airflow/example_dags/example_latest_only_with_trigger.py took 0.150 seconds
[2025-03-09T10:20:59.142+0000] {processor.py:186} INFO - Started process (PID=8249) to work on /home/airflow/.local/lib/python3.12/site-packages/airflow/example_dags/example_latest_only_with_trigger.py
[2025-03-09T10:20:59.145+0000] {processor.py:914} INFO - Processing file /home/airflow/.local/lib/python3.12/site-packages/airflow/example_dags/example_latest_only_with_trigger.py for tasks to queue
[2025-03-09T10:20:59.154+0000] {logging_mixin.py:190} INFO - [2025-03-09T10:20:59.153+0000] {dagbag.py:588} INFO - Filling up the DagBag from /home/airflow/.local/lib/python3.12/site-packages/airflow/example_dags/example_latest_only_with_trigger.py
[2025-03-09T10:20:59.188+0000] {processor.py:925} INFO - DAG(s) 'latest_only_with_trigger' retrieved from /home/airflow/.local/lib/python3.12/site-packages/airflow/example_dags/example_latest_only_with_trigger.py
[2025-03-09T10:20:59.250+0000] {logging_mixin.py:190} INFO - [2025-03-09T10:20:59.249+0000] {dag.py:3239} INFO - Sync 1 DAGs
[2025-03-09T10:20:59.299+0000] {logging_mixin.py:190} INFO - [2025-03-09T10:20:59.298+0000] {dag.py:4180} INFO - Setting next_dagrun for latest_only_with_trigger to 2025-03-09 04:00:00+00:00, run_after=2025-03-09 08:00:00+00:00
[2025-03-09T10:20:59.345+0000] {processor.py:208} INFO - Processing /home/airflow/.local/lib/python3.12/site-packages/airflow/example_dags/example_latest_only_with_trigger.py took 0.220 seconds
[2025-03-09T10:21:30.065+0000] {processor.py:186} INFO - Started process (PID=8314) to work on /home/airflow/.local/lib/python3.12/site-packages/airflow/example_dags/example_latest_only_with_trigger.py
[2025-03-09T10:21:30.067+0000] {processor.py:914} INFO - Processing file /home/airflow/.local/lib/python3.12/site-packages/airflow/example_dags/example_latest_only_with_trigger.py for tasks to queue
[2025-03-09T10:21:30.071+0000] {logging_mixin.py:190} INFO - [2025-03-09T10:21:30.071+0000] {dagbag.py:588} INFO - Filling up the DagBag from /home/airflow/.local/lib/python3.12/site-packages/airflow/example_dags/example_latest_only_with_trigger.py
[2025-03-09T10:21:30.086+0000] {processor.py:925} INFO - DAG(s) 'latest_only_with_trigger' retrieved from /home/airflow/.local/lib/python3.12/site-packages/airflow/example_dags/example_latest_only_with_trigger.py
[2025-03-09T10:21:30.124+0000] {logging_mixin.py:190} INFO - [2025-03-09T10:21:30.123+0000] {dag.py:3239} INFO - Sync 1 DAGs
[2025-03-09T10:21:30.166+0000] {logging_mixin.py:190} INFO - [2025-03-09T10:21:30.165+0000] {dag.py:4180} INFO - Setting next_dagrun for latest_only_with_trigger to 2025-03-09 04:00:00+00:00, run_after=2025-03-09 08:00:00+00:00
[2025-03-09T10:21:30.206+0000] {processor.py:208} INFO - Processing /home/airflow/.local/lib/python3.12/site-packages/airflow/example_dags/example_latest_only_with_trigger.py took 0.150 seconds
[2025-03-09T10:22:00.453+0000] {processor.py:186} INFO - Started process (PID=8378) to work on /home/airflow/.local/lib/python3.12/site-packages/airflow/example_dags/example_latest_only_with_trigger.py
[2025-03-09T10:22:00.455+0000] {processor.py:914} INFO - Processing file /home/airflow/.local/lib/python3.12/site-packages/airflow/example_dags/example_latest_only_with_trigger.py for tasks to queue
[2025-03-09T10:22:00.458+0000] {logging_mixin.py:190} INFO - [2025-03-09T10:22:00.458+0000] {dagbag.py:588} INFO - Filling up the DagBag from /home/airflow/.local/lib/python3.12/site-packages/airflow/example_dags/example_latest_only_with_trigger.py
[2025-03-09T10:22:00.468+0000] {processor.py:925} INFO - DAG(s) 'latest_only_with_trigger' retrieved from /home/airflow/.local/lib/python3.12/site-packages/airflow/example_dags/example_latest_only_with_trigger.py
[2025-03-09T10:22:00.497+0000] {logging_mixin.py:190} INFO - [2025-03-09T10:22:00.496+0000] {dag.py:3239} INFO - Sync 1 DAGs
[2025-03-09T10:22:00.526+0000] {logging_mixin.py:190} INFO - [2025-03-09T10:22:00.526+0000] {dag.py:4180} INFO - Setting next_dagrun for latest_only_with_trigger to 2025-03-09 04:00:00+00:00, run_after=2025-03-09 08:00:00+00:00
[2025-03-09T10:22:00.556+0000] {processor.py:208} INFO - Processing /home/airflow/.local/lib/python3.12/site-packages/airflow/example_dags/example_latest_only_with_trigger.py took 0.110 seconds
[2025-03-09T10:22:31.361+0000] {processor.py:186} INFO - Started process (PID=8442) to work on /home/airflow/.local/lib/python3.12/site-packages/airflow/example_dags/example_latest_only_with_trigger.py
[2025-03-09T10:22:31.362+0000] {processor.py:914} INFO - Processing file /home/airflow/.local/lib/python3.12/site-packages/airflow/example_dags/example_latest_only_with_trigger.py for tasks to queue
[2025-03-09T10:22:31.368+0000] {logging_mixin.py:190} INFO - [2025-03-09T10:22:31.367+0000] {dagbag.py:588} INFO - Filling up the DagBag from /home/airflow/.local/lib/python3.12/site-packages/airflow/example_dags/example_latest_only_with_trigger.py
[2025-03-09T10:22:31.384+0000] {processor.py:925} INFO - DAG(s) 'latest_only_with_trigger' retrieved from /home/airflow/.local/lib/python3.12/site-packages/airflow/example_dags/example_latest_only_with_trigger.py
[2025-03-09T10:22:31.430+0000] {logging_mixin.py:190} INFO - [2025-03-09T10:22:31.429+0000] {dag.py:3239} INFO - Sync 1 DAGs
[2025-03-09T10:22:31.483+0000] {logging_mixin.py:190} INFO - [2025-03-09T10:22:31.482+0000] {dag.py:4180} INFO - Setting next_dagrun for latest_only_with_trigger to 2025-03-09 04:00:00+00:00, run_after=2025-03-09 08:00:00+00:00
[2025-03-09T10:22:31.520+0000] {processor.py:208} INFO - Processing /home/airflow/.local/lib/python3.12/site-packages/airflow/example_dags/example_latest_only_with_trigger.py took 0.171 seconds
[2025-03-09T10:25:12.826+0000] {processor.py:186} INFO - Started process (PID=8518) to work on /home/airflow/.local/lib/python3.12/site-packages/airflow/example_dags/example_latest_only_with_trigger.py
[2025-03-09T10:25:12.828+0000] {processor.py:914} INFO - Processing file /home/airflow/.local/lib/python3.12/site-packages/airflow/example_dags/example_latest_only_with_trigger.py for tasks to queue
[2025-03-09T10:25:12.833+0000] {logging_mixin.py:190} INFO - [2025-03-09T10:25:12.832+0000] {dagbag.py:588} INFO - Filling up the DagBag from /home/airflow/.local/lib/python3.12/site-packages/airflow/example_dags/example_latest_only_with_trigger.py
[2025-03-09T10:25:12.858+0000] {processor.py:925} INFO - DAG(s) 'latest_only_with_trigger' retrieved from /home/airflow/.local/lib/python3.12/site-packages/airflow/example_dags/example_latest_only_with_trigger.py
[2025-03-09T10:25:12.919+0000] {logging_mixin.py:190} INFO - [2025-03-09T10:25:12.918+0000] {dag.py:3239} INFO - Sync 1 DAGs
[2025-03-09T10:25:12.991+0000] {logging_mixin.py:190} INFO - [2025-03-09T10:25:12.991+0000] {dag.py:4180} INFO - Setting next_dagrun for latest_only_with_trigger to 2025-03-09 04:00:00+00:00, run_after=2025-03-09 08:00:00+00:00
[2025-03-09T10:25:13.041+0000] {processor.py:208} INFO - Processing /home/airflow/.local/lib/python3.12/site-packages/airflow/example_dags/example_latest_only_with_trigger.py took 0.225 seconds
[2025-03-09T10:25:43.771+0000] {processor.py:186} INFO - Started process (PID=8582) to work on /home/airflow/.local/lib/python3.12/site-packages/airflow/example_dags/example_latest_only_with_trigger.py
[2025-03-09T10:25:43.772+0000] {processor.py:914} INFO - Processing file /home/airflow/.local/lib/python3.12/site-packages/airflow/example_dags/example_latest_only_with_trigger.py for tasks to queue
[2025-03-09T10:25:43.776+0000] {logging_mixin.py:190} INFO - [2025-03-09T10:25:43.775+0000] {dagbag.py:588} INFO - Filling up the DagBag from /home/airflow/.local/lib/python3.12/site-packages/airflow/example_dags/example_latest_only_with_trigger.py
[2025-03-09T10:25:43.788+0000] {processor.py:925} INFO - DAG(s) 'latest_only_with_trigger' retrieved from /home/airflow/.local/lib/python3.12/site-packages/airflow/example_dags/example_latest_only_with_trigger.py
[2025-03-09T10:25:43.819+0000] {logging_mixin.py:190} INFO - [2025-03-09T10:25:43.818+0000] {dag.py:3239} INFO - Sync 1 DAGs
[2025-03-09T10:25:43.870+0000] {logging_mixin.py:190} INFO - [2025-03-09T10:25:43.869+0000] {dag.py:4180} INFO - Setting next_dagrun for latest_only_with_trigger to 2025-03-09 04:00:00+00:00, run_after=2025-03-09 08:00:00+00:00
[2025-03-09T10:25:43.912+0000] {processor.py:208} INFO - Processing /home/airflow/.local/lib/python3.12/site-packages/airflow/example_dags/example_latest_only_with_trigger.py took 0.149 seconds
[2025-03-09T10:26:14.768+0000] {processor.py:186} INFO - Started process (PID=8647) to work on /home/airflow/.local/lib/python3.12/site-packages/airflow/example_dags/example_latest_only_with_trigger.py
[2025-03-09T10:26:14.769+0000] {processor.py:914} INFO - Processing file /home/airflow/.local/lib/python3.12/site-packages/airflow/example_dags/example_latest_only_with_trigger.py for tasks to queue
[2025-03-09T10:26:14.773+0000] {logging_mixin.py:190} INFO - [2025-03-09T10:26:14.772+0000] {dagbag.py:588} INFO - Filling up the DagBag from /home/airflow/.local/lib/python3.12/site-packages/airflow/example_dags/example_latest_only_with_trigger.py
[2025-03-09T10:26:14.783+0000] {processor.py:925} INFO - DAG(s) 'latest_only_with_trigger' retrieved from /home/airflow/.local/lib/python3.12/site-packages/airflow/example_dags/example_latest_only_with_trigger.py
[2025-03-09T10:26:14.816+0000] {logging_mixin.py:190} INFO - [2025-03-09T10:26:14.815+0000] {dag.py:3239} INFO - Sync 1 DAGs
[2025-03-09T10:26:14.848+0000] {logging_mixin.py:190} INFO - [2025-03-09T10:26:14.848+0000] {dag.py:4180} INFO - Setting next_dagrun for latest_only_with_trigger to 2025-03-09 04:00:00+00:00, run_after=2025-03-09 08:00:00+00:00
[2025-03-09T10:26:14.878+0000] {processor.py:208} INFO - Processing /home/airflow/.local/lib/python3.12/site-packages/airflow/example_dags/example_latest_only_with_trigger.py took 0.118 seconds
[2025-03-09T10:26:45.406+0000] {processor.py:186} INFO - Started process (PID=8718) to work on /home/airflow/.local/lib/python3.12/site-packages/airflow/example_dags/example_latest_only_with_trigger.py
[2025-03-09T10:26:45.408+0000] {processor.py:914} INFO - Processing file /home/airflow/.local/lib/python3.12/site-packages/airflow/example_dags/example_latest_only_with_trigger.py for tasks to queue
[2025-03-09T10:26:45.411+0000] {logging_mixin.py:190} INFO - [2025-03-09T10:26:45.411+0000] {dagbag.py:588} INFO - Filling up the DagBag from /home/airflow/.local/lib/python3.12/site-packages/airflow/example_dags/example_latest_only_with_trigger.py
[2025-03-09T10:26:45.425+0000] {processor.py:925} INFO - DAG(s) 'latest_only_with_trigger' retrieved from /home/airflow/.local/lib/python3.12/site-packages/airflow/example_dags/example_latest_only_with_trigger.py
[2025-03-09T10:26:45.464+0000] {logging_mixin.py:190} INFO - [2025-03-09T10:26:45.464+0000] {dag.py:3239} INFO - Sync 1 DAGs
[2025-03-09T10:26:45.503+0000] {logging_mixin.py:190} INFO - [2025-03-09T10:26:45.503+0000] {dag.py:4180} INFO - Setting next_dagrun for latest_only_with_trigger to 2025-03-09 04:00:00+00:00, run_after=2025-03-09 08:00:00+00:00
[2025-03-09T10:26:45.539+0000] {processor.py:208} INFO - Processing /home/airflow/.local/lib/python3.12/site-packages/airflow/example_dags/example_latest_only_with_trigger.py took 0.142 seconds
[2025-03-09T10:27:16.192+0000] {processor.py:186} INFO - Started process (PID=8782) to work on /home/airflow/.local/lib/python3.12/site-packages/airflow/example_dags/example_latest_only_with_trigger.py
[2025-03-09T10:27:16.194+0000] {processor.py:914} INFO - Processing file /home/airflow/.local/lib/python3.12/site-packages/airflow/example_dags/example_latest_only_with_trigger.py for tasks to queue
[2025-03-09T10:27:16.197+0000] {logging_mixin.py:190} INFO - [2025-03-09T10:27:16.197+0000] {dagbag.py:588} INFO - Filling up the DagBag from /home/airflow/.local/lib/python3.12/site-packages/airflow/example_dags/example_latest_only_with_trigger.py
[2025-03-09T10:27:16.208+0000] {processor.py:925} INFO - DAG(s) 'latest_only_with_trigger' retrieved from /home/airflow/.local/lib/python3.12/site-packages/airflow/example_dags/example_latest_only_with_trigger.py
[2025-03-09T10:27:16.237+0000] {logging_mixin.py:190} INFO - [2025-03-09T10:27:16.237+0000] {dag.py:3239} INFO - Sync 1 DAGs
[2025-03-09T10:27:16.296+0000] {logging_mixin.py:190} INFO - [2025-03-09T10:27:16.296+0000] {dag.py:4180} INFO - Setting next_dagrun for latest_only_with_trigger to 2025-03-09 04:00:00+00:00, run_after=2025-03-09 08:00:00+00:00
[2025-03-09T10:27:16.335+0000] {processor.py:208} INFO - Processing /home/airflow/.local/lib/python3.12/site-packages/airflow/example_dags/example_latest_only_with_trigger.py took 0.151 seconds
[2025-03-09T10:27:46.567+0000] {processor.py:186} INFO - Started process (PID=8848) to work on /home/airflow/.local/lib/python3.12/site-packages/airflow/example_dags/example_latest_only_with_trigger.py
[2025-03-09T10:27:46.569+0000] {processor.py:914} INFO - Processing file /home/airflow/.local/lib/python3.12/site-packages/airflow/example_dags/example_latest_only_with_trigger.py for tasks to queue
[2025-03-09T10:27:46.573+0000] {logging_mixin.py:190} INFO - [2025-03-09T10:27:46.573+0000] {dagbag.py:588} INFO - Filling up the DagBag from /home/airflow/.local/lib/python3.12/site-packages/airflow/example_dags/example_latest_only_with_trigger.py
[2025-03-09T10:27:46.585+0000] {processor.py:925} INFO - DAG(s) 'latest_only_with_trigger' retrieved from /home/airflow/.local/lib/python3.12/site-packages/airflow/example_dags/example_latest_only_with_trigger.py
[2025-03-09T10:27:46.617+0000] {logging_mixin.py:190} INFO - [2025-03-09T10:27:46.617+0000] {dag.py:3239} INFO - Sync 1 DAGs
[2025-03-09T10:27:46.654+0000] {logging_mixin.py:190} INFO - [2025-03-09T10:27:46.654+0000] {dag.py:4180} INFO - Setting next_dagrun for latest_only_with_trigger to 2025-03-09 04:00:00+00:00, run_after=2025-03-09 08:00:00+00:00
[2025-03-09T10:27:46.688+0000] {processor.py:208} INFO - Processing /home/airflow/.local/lib/python3.12/site-packages/airflow/example_dags/example_latest_only_with_trigger.py took 0.129 seconds
[2025-03-09T10:28:16.770+0000] {processor.py:186} INFO - Started process (PID=8912) to work on /home/airflow/.local/lib/python3.12/site-packages/airflow/example_dags/example_latest_only_with_trigger.py
[2025-03-09T10:28:16.771+0000] {processor.py:914} INFO - Processing file /home/airflow/.local/lib/python3.12/site-packages/airflow/example_dags/example_latest_only_with_trigger.py for tasks to queue
[2025-03-09T10:28:16.775+0000] {logging_mixin.py:190} INFO - [2025-03-09T10:28:16.775+0000] {dagbag.py:588} INFO - Filling up the DagBag from /home/airflow/.local/lib/python3.12/site-packages/airflow/example_dags/example_latest_only_with_trigger.py
[2025-03-09T10:28:16.787+0000] {processor.py:925} INFO - DAG(s) 'latest_only_with_trigger' retrieved from /home/airflow/.local/lib/python3.12/site-packages/airflow/example_dags/example_latest_only_with_trigger.py
[2025-03-09T10:28:16.823+0000] {logging_mixin.py:190} INFO - [2025-03-09T10:28:16.822+0000] {dag.py:3239} INFO - Sync 1 DAGs
[2025-03-09T10:28:16.874+0000] {logging_mixin.py:190} INFO - [2025-03-09T10:28:16.873+0000] {dag.py:4180} INFO - Setting next_dagrun for latest_only_with_trigger to 2025-03-09 04:00:00+00:00, run_after=2025-03-09 08:00:00+00:00
[2025-03-09T10:28:16.923+0000] {processor.py:208} INFO - Processing /home/airflow/.local/lib/python3.12/site-packages/airflow/example_dags/example_latest_only_with_trigger.py took 0.162 seconds
[2025-03-09T10:28:47.263+0000] {processor.py:186} INFO - Started process (PID=8977) to work on /home/airflow/.local/lib/python3.12/site-packages/airflow/example_dags/example_latest_only_with_trigger.py
[2025-03-09T10:28:47.265+0000] {processor.py:914} INFO - Processing file /home/airflow/.local/lib/python3.12/site-packages/airflow/example_dags/example_latest_only_with_trigger.py for tasks to queue
[2025-03-09T10:28:47.270+0000] {logging_mixin.py:190} INFO - [2025-03-09T10:28:47.269+0000] {dagbag.py:588} INFO - Filling up the DagBag from /home/airflow/.local/lib/python3.12/site-packages/airflow/example_dags/example_latest_only_with_trigger.py
[2025-03-09T10:28:47.283+0000] {processor.py:925} INFO - DAG(s) 'latest_only_with_trigger' retrieved from /home/airflow/.local/lib/python3.12/site-packages/airflow/example_dags/example_latest_only_with_trigger.py
[2025-03-09T10:28:47.317+0000] {logging_mixin.py:190} INFO - [2025-03-09T10:28:47.316+0000] {dag.py:3239} INFO - Sync 1 DAGs
[2025-03-09T10:28:47.355+0000] {logging_mixin.py:190} INFO - [2025-03-09T10:28:47.354+0000] {dag.py:4180} INFO - Setting next_dagrun for latest_only_with_trigger to 2025-03-09 04:00:00+00:00, run_after=2025-03-09 08:00:00+00:00
[2025-03-09T10:28:47.387+0000] {processor.py:208} INFO - Processing /home/airflow/.local/lib/python3.12/site-packages/airflow/example_dags/example_latest_only_with_trigger.py took 0.131 seconds
[2025-03-09T10:29:17.670+0000] {processor.py:186} INFO - Started process (PID=9042) to work on /home/airflow/.local/lib/python3.12/site-packages/airflow/example_dags/example_latest_only_with_trigger.py
[2025-03-09T10:29:17.672+0000] {processor.py:914} INFO - Processing file /home/airflow/.local/lib/python3.12/site-packages/airflow/example_dags/example_latest_only_with_trigger.py for tasks to queue
[2025-03-09T10:29:17.675+0000] {logging_mixin.py:190} INFO - [2025-03-09T10:29:17.675+0000] {dagbag.py:588} INFO - Filling up the DagBag from /home/airflow/.local/lib/python3.12/site-packages/airflow/example_dags/example_latest_only_with_trigger.py
[2025-03-09T10:29:17.687+0000] {processor.py:925} INFO - DAG(s) 'latest_only_with_trigger' retrieved from /home/airflow/.local/lib/python3.12/site-packages/airflow/example_dags/example_latest_only_with_trigger.py
[2025-03-09T10:29:17.718+0000] {logging_mixin.py:190} INFO - [2025-03-09T10:29:17.718+0000] {dag.py:3239} INFO - Sync 1 DAGs
[2025-03-09T10:29:17.751+0000] {logging_mixin.py:190} INFO - [2025-03-09T10:29:17.751+0000] {dag.py:4180} INFO - Setting next_dagrun for latest_only_with_trigger to 2025-03-09 04:00:00+00:00, run_after=2025-03-09 08:00:00+00:00
[2025-03-09T10:29:17.783+0000] {processor.py:208} INFO - Processing /home/airflow/.local/lib/python3.12/site-packages/airflow/example_dags/example_latest_only_with_trigger.py took 0.120 seconds
[2025-03-09T10:29:48.972+0000] {processor.py:186} INFO - Started process (PID=9107) to work on /home/airflow/.local/lib/python3.12/site-packages/airflow/example_dags/example_latest_only_with_trigger.py
[2025-03-09T10:29:48.973+0000] {processor.py:914} INFO - Processing file /home/airflow/.local/lib/python3.12/site-packages/airflow/example_dags/example_latest_only_with_trigger.py for tasks to queue
[2025-03-09T10:29:48.977+0000] {logging_mixin.py:190} INFO - [2025-03-09T10:29:48.977+0000] {dagbag.py:588} INFO - Filling up the DagBag from /home/airflow/.local/lib/python3.12/site-packages/airflow/example_dags/example_latest_only_with_trigger.py
[2025-03-09T10:29:48.990+0000] {processor.py:925} INFO - DAG(s) 'latest_only_with_trigger' retrieved from /home/airflow/.local/lib/python3.12/site-packages/airflow/example_dags/example_latest_only_with_trigger.py
[2025-03-09T10:29:49.023+0000] {logging_mixin.py:190} INFO - [2025-03-09T10:29:49.022+0000] {dag.py:3239} INFO - Sync 1 DAGs
[2025-03-09T10:29:49.060+0000] {logging_mixin.py:190} INFO - [2025-03-09T10:29:49.060+0000] {dag.py:4180} INFO - Setting next_dagrun for latest_only_with_trigger to 2025-03-09 04:00:00+00:00, run_after=2025-03-09 08:00:00+00:00
[2025-03-09T10:29:49.103+0000] {processor.py:208} INFO - Processing /home/airflow/.local/lib/python3.12/site-packages/airflow/example_dags/example_latest_only_with_trigger.py took 0.139 seconds
[2025-03-09T10:30:19.603+0000] {processor.py:186} INFO - Started process (PID=9172) to work on /home/airflow/.local/lib/python3.12/site-packages/airflow/example_dags/example_latest_only_with_trigger.py
[2025-03-09T10:30:19.604+0000] {processor.py:914} INFO - Processing file /home/airflow/.local/lib/python3.12/site-packages/airflow/example_dags/example_latest_only_with_trigger.py for tasks to queue
[2025-03-09T10:30:19.608+0000] {logging_mixin.py:190} INFO - [2025-03-09T10:30:19.608+0000] {dagbag.py:588} INFO - Filling up the DagBag from /home/airflow/.local/lib/python3.12/site-packages/airflow/example_dags/example_latest_only_with_trigger.py
[2025-03-09T10:30:19.619+0000] {processor.py:925} INFO - DAG(s) 'latest_only_with_trigger' retrieved from /home/airflow/.local/lib/python3.12/site-packages/airflow/example_dags/example_latest_only_with_trigger.py
[2025-03-09T10:30:19.657+0000] {logging_mixin.py:190} INFO - [2025-03-09T10:30:19.656+0000] {dag.py:3239} INFO - Sync 1 DAGs
[2025-03-09T10:30:19.702+0000] {logging_mixin.py:190} INFO - [2025-03-09T10:30:19.702+0000] {dag.py:4180} INFO - Setting next_dagrun for latest_only_with_trigger to 2025-03-09 04:00:00+00:00, run_after=2025-03-09 08:00:00+00:00
[2025-03-09T10:30:19.746+0000] {processor.py:208} INFO - Processing /home/airflow/.local/lib/python3.12/site-packages/airflow/example_dags/example_latest_only_with_trigger.py took 0.151 seconds
[2025-03-09T10:30:50.302+0000] {processor.py:186} INFO - Started process (PID=9236) to work on /home/airflow/.local/lib/python3.12/site-packages/airflow/example_dags/example_latest_only_with_trigger.py
[2025-03-09T10:30:50.304+0000] {processor.py:914} INFO - Processing file /home/airflow/.local/lib/python3.12/site-packages/airflow/example_dags/example_latest_only_with_trigger.py for tasks to queue
[2025-03-09T10:30:50.309+0000] {logging_mixin.py:190} INFO - [2025-03-09T10:30:50.308+0000] {dagbag.py:588} INFO - Filling up the DagBag from /home/airflow/.local/lib/python3.12/site-packages/airflow/example_dags/example_latest_only_with_trigger.py
[2025-03-09T10:30:50.334+0000] {processor.py:925} INFO - DAG(s) 'latest_only_with_trigger' retrieved from /home/airflow/.local/lib/python3.12/site-packages/airflow/example_dags/example_latest_only_with_trigger.py
[2025-03-09T10:30:50.391+0000] {logging_mixin.py:190} INFO - [2025-03-09T10:30:50.390+0000] {dag.py:3239} INFO - Sync 1 DAGs
[2025-03-09T10:30:50.468+0000] {logging_mixin.py:190} INFO - [2025-03-09T10:30:50.468+0000] {dag.py:4180} INFO - Setting next_dagrun for latest_only_with_trigger to 2025-03-09 04:00:00+00:00, run_after=2025-03-09 08:00:00+00:00
[2025-03-09T10:30:50.536+0000] {processor.py:208} INFO - Processing /home/airflow/.local/lib/python3.12/site-packages/airflow/example_dags/example_latest_only_with_trigger.py took 0.249 seconds
[2025-03-09T10:31:21.164+0000] {processor.py:186} INFO - Started process (PID=9301) to work on /home/airflow/.local/lib/python3.12/site-packages/airflow/example_dags/example_latest_only_with_trigger.py
[2025-03-09T10:31:21.166+0000] {processor.py:914} INFO - Processing file /home/airflow/.local/lib/python3.12/site-packages/airflow/example_dags/example_latest_only_with_trigger.py for tasks to queue
[2025-03-09T10:31:21.179+0000] {logging_mixin.py:190} INFO - [2025-03-09T10:31:21.179+0000] {dagbag.py:588} INFO - Filling up the DagBag from /home/airflow/.local/lib/python3.12/site-packages/airflow/example_dags/example_latest_only_with_trigger.py
[2025-03-09T10:31:21.205+0000] {processor.py:925} INFO - DAG(s) 'latest_only_with_trigger' retrieved from /home/airflow/.local/lib/python3.12/site-packages/airflow/example_dags/example_latest_only_with_trigger.py
[2025-03-09T10:31:21.250+0000] {logging_mixin.py:190} INFO - [2025-03-09T10:31:21.250+0000] {dag.py:3239} INFO - Sync 1 DAGs
[2025-03-09T10:31:21.286+0000] {logging_mixin.py:190} INFO - [2025-03-09T10:31:21.286+0000] {dag.py:4180} INFO - Setting next_dagrun for latest_only_with_trigger to 2025-03-09 04:00:00+00:00, run_after=2025-03-09 08:00:00+00:00
[2025-03-09T10:31:21.318+0000] {processor.py:208} INFO - Processing /home/airflow/.local/lib/python3.12/site-packages/airflow/example_dags/example_latest_only_with_trigger.py took 0.167 seconds
[2025-03-09T10:31:51.471+0000] {processor.py:186} INFO - Started process (PID=9367) to work on /home/airflow/.local/lib/python3.12/site-packages/airflow/example_dags/example_latest_only_with_trigger.py
[2025-03-09T10:31:51.472+0000] {processor.py:914} INFO - Processing file /home/airflow/.local/lib/python3.12/site-packages/airflow/example_dags/example_latest_only_with_trigger.py for tasks to queue
[2025-03-09T10:31:51.483+0000] {logging_mixin.py:190} INFO - [2025-03-09T10:31:51.482+0000] {dagbag.py:588} INFO - Filling up the DagBag from /home/airflow/.local/lib/python3.12/site-packages/airflow/example_dags/example_latest_only_with_trigger.py
[2025-03-09T10:31:51.499+0000] {processor.py:925} INFO - DAG(s) 'latest_only_with_trigger' retrieved from /home/airflow/.local/lib/python3.12/site-packages/airflow/example_dags/example_latest_only_with_trigger.py
[2025-03-09T10:31:51.542+0000] {logging_mixin.py:190} INFO - [2025-03-09T10:31:51.541+0000] {dag.py:3239} INFO - Sync 1 DAGs
[2025-03-09T10:31:51.585+0000] {logging_mixin.py:190} INFO - [2025-03-09T10:31:51.585+0000] {dag.py:4180} INFO - Setting next_dagrun for latest_only_with_trigger to 2025-03-09 04:00:00+00:00, run_after=2025-03-09 08:00:00+00:00
[2025-03-09T10:31:51.620+0000] {processor.py:208} INFO - Processing /home/airflow/.local/lib/python3.12/site-packages/airflow/example_dags/example_latest_only_with_trigger.py took 0.158 seconds
[2025-03-09T10:32:21.775+0000] {processor.py:186} INFO - Started process (PID=9432) to work on /home/airflow/.local/lib/python3.12/site-packages/airflow/example_dags/example_latest_only_with_trigger.py
[2025-03-09T10:32:21.777+0000] {processor.py:914} INFO - Processing file /home/airflow/.local/lib/python3.12/site-packages/airflow/example_dags/example_latest_only_with_trigger.py for tasks to queue
[2025-03-09T10:32:21.781+0000] {logging_mixin.py:190} INFO - [2025-03-09T10:32:21.780+0000] {dagbag.py:588} INFO - Filling up the DagBag from /home/airflow/.local/lib/python3.12/site-packages/airflow/example_dags/example_latest_only_with_trigger.py
[2025-03-09T10:32:21.794+0000] {processor.py:925} INFO - DAG(s) 'latest_only_with_trigger' retrieved from /home/airflow/.local/lib/python3.12/site-packages/airflow/example_dags/example_latest_only_with_trigger.py
[2025-03-09T10:32:21.835+0000] {logging_mixin.py:190} INFO - [2025-03-09T10:32:21.834+0000] {dag.py:3239} INFO - Sync 1 DAGs
[2025-03-09T10:32:21.884+0000] {logging_mixin.py:190} INFO - [2025-03-09T10:32:21.884+0000] {dag.py:4180} INFO - Setting next_dagrun for latest_only_with_trigger to 2025-03-09 04:00:00+00:00, run_after=2025-03-09 08:00:00+00:00
[2025-03-09T10:32:21.922+0000] {processor.py:208} INFO - Processing /home/airflow/.local/lib/python3.12/site-packages/airflow/example_dags/example_latest_only_with_trigger.py took 0.157 seconds
[2025-03-09T10:32:52.425+0000] {processor.py:186} INFO - Started process (PID=9497) to work on /home/airflow/.local/lib/python3.12/site-packages/airflow/example_dags/example_latest_only_with_trigger.py
[2025-03-09T10:32:52.427+0000] {processor.py:914} INFO - Processing file /home/airflow/.local/lib/python3.12/site-packages/airflow/example_dags/example_latest_only_with_trigger.py for tasks to queue
[2025-03-09T10:32:52.430+0000] {logging_mixin.py:190} INFO - [2025-03-09T10:32:52.430+0000] {dagbag.py:588} INFO - Filling up the DagBag from /home/airflow/.local/lib/python3.12/site-packages/airflow/example_dags/example_latest_only_with_trigger.py
[2025-03-09T10:32:52.443+0000] {processor.py:925} INFO - DAG(s) 'latest_only_with_trigger' retrieved from /home/airflow/.local/lib/python3.12/site-packages/airflow/example_dags/example_latest_only_with_trigger.py
[2025-03-09T10:32:52.478+0000] {logging_mixin.py:190} INFO - [2025-03-09T10:32:52.478+0000] {dag.py:3239} INFO - Sync 1 DAGs
[2025-03-09T10:32:52.526+0000] {logging_mixin.py:190} INFO - [2025-03-09T10:32:52.525+0000] {dag.py:4180} INFO - Setting next_dagrun for latest_only_with_trigger to 2025-03-09 04:00:00+00:00, run_after=2025-03-09 08:00:00+00:00
[2025-03-09T10:32:52.573+0000] {processor.py:208} INFO - Processing /home/airflow/.local/lib/python3.12/site-packages/airflow/example_dags/example_latest_only_with_trigger.py took 0.156 seconds
[2025-03-09T10:33:23.201+0000] {processor.py:186} INFO - Started process (PID=9561) to work on /home/airflow/.local/lib/python3.12/site-packages/airflow/example_dags/example_latest_only_with_trigger.py
[2025-03-09T10:33:23.202+0000] {processor.py:914} INFO - Processing file /home/airflow/.local/lib/python3.12/site-packages/airflow/example_dags/example_latest_only_with_trigger.py for tasks to queue
[2025-03-09T10:33:23.215+0000] {logging_mixin.py:190} INFO - [2025-03-09T10:33:23.214+0000] {dagbag.py:588} INFO - Filling up the DagBag from /home/airflow/.local/lib/python3.12/site-packages/airflow/example_dags/example_latest_only_with_trigger.py
[2025-03-09T10:33:23.243+0000] {processor.py:925} INFO - DAG(s) 'latest_only_with_trigger' retrieved from /home/airflow/.local/lib/python3.12/site-packages/airflow/example_dags/example_latest_only_with_trigger.py
[2025-03-09T10:33:23.300+0000] {logging_mixin.py:190} INFO - [2025-03-09T10:33:23.300+0000] {dag.py:3239} INFO - Sync 1 DAGs
[2025-03-09T10:33:23.340+0000] {logging_mixin.py:190} INFO - [2025-03-09T10:33:23.340+0000] {dag.py:4180} INFO - Setting next_dagrun for latest_only_with_trigger to 2025-03-09 04:00:00+00:00, run_after=2025-03-09 08:00:00+00:00
[2025-03-09T10:33:23.379+0000] {processor.py:208} INFO - Processing /home/airflow/.local/lib/python3.12/site-packages/airflow/example_dags/example_latest_only_with_trigger.py took 0.186 seconds
[2025-03-09T10:33:53.577+0000] {processor.py:186} INFO - Started process (PID=9626) to work on /home/airflow/.local/lib/python3.12/site-packages/airflow/example_dags/example_latest_only_with_trigger.py
[2025-03-09T10:33:53.579+0000] {processor.py:914} INFO - Processing file /home/airflow/.local/lib/python3.12/site-packages/airflow/example_dags/example_latest_only_with_trigger.py for tasks to queue
[2025-03-09T10:33:53.584+0000] {logging_mixin.py:190} INFO - [2025-03-09T10:33:53.584+0000] {dagbag.py:588} INFO - Filling up the DagBag from /home/airflow/.local/lib/python3.12/site-packages/airflow/example_dags/example_latest_only_with_trigger.py
[2025-03-09T10:33:53.603+0000] {processor.py:925} INFO - DAG(s) 'latest_only_with_trigger' retrieved from /home/airflow/.local/lib/python3.12/site-packages/airflow/example_dags/example_latest_only_with_trigger.py
[2025-03-09T10:33:53.653+0000] {logging_mixin.py:190} INFO - [2025-03-09T10:33:53.652+0000] {dag.py:3239} INFO - Sync 1 DAGs
[2025-03-09T10:33:53.709+0000] {logging_mixin.py:190} INFO - [2025-03-09T10:33:53.709+0000] {dag.py:4180} INFO - Setting next_dagrun for latest_only_with_trigger to 2025-03-09 04:00:00+00:00, run_after=2025-03-09 08:00:00+00:00
[2025-03-09T10:33:53.783+0000] {processor.py:208} INFO - Processing /home/airflow/.local/lib/python3.12/site-packages/airflow/example_dags/example_latest_only_with_trigger.py took 0.219 seconds
[2025-03-09T11:36:26.007+0000] {processor.py:186} INFO - Started process (PID=9692) to work on /home/airflow/.local/lib/python3.12/site-packages/airflow/example_dags/example_latest_only_with_trigger.py
[2025-03-09T11:36:26.012+0000] {processor.py:914} INFO - Processing file /home/airflow/.local/lib/python3.12/site-packages/airflow/example_dags/example_latest_only_with_trigger.py for tasks to queue
[2025-03-09T11:36:26.023+0000] {logging_mixin.py:190} INFO - [2025-03-09T11:36:26.015+0000] {dagbag.py:588} INFO - Filling up the DagBag from /home/airflow/.local/lib/python3.12/site-packages/airflow/example_dags/example_latest_only_with_trigger.py
[2025-03-09T11:36:26.072+0000] {processor.py:925} INFO - DAG(s) 'latest_only_with_trigger' retrieved from /home/airflow/.local/lib/python3.12/site-packages/airflow/example_dags/example_latest_only_with_trigger.py
[2025-03-09T11:36:26.192+0000] {logging_mixin.py:190} INFO - [2025-03-09T11:36:26.191+0000] {dag.py:3239} INFO - Sync 1 DAGs
[2025-03-09T11:36:26.284+0000] {logging_mixin.py:190} INFO - [2025-03-09T11:36:26.283+0000] {dag.py:4180} INFO - Setting next_dagrun for latest_only_with_trigger to 2025-03-09 04:00:00+00:00, run_after=2025-03-09 08:00:00+00:00
[2025-03-09T11:36:26.380+0000] {processor.py:208} INFO - Processing /home/airflow/.local/lib/python3.12/site-packages/airflow/example_dags/example_latest_only_with_trigger.py took 0.398 seconds
[2025-03-09T11:36:57.204+0000] {processor.py:186} INFO - Started process (PID=9756) to work on /home/airflow/.local/lib/python3.12/site-packages/airflow/example_dags/example_latest_only_with_trigger.py
[2025-03-09T11:36:57.206+0000] {processor.py:914} INFO - Processing file /home/airflow/.local/lib/python3.12/site-packages/airflow/example_dags/example_latest_only_with_trigger.py for tasks to queue
[2025-03-09T11:36:57.212+0000] {logging_mixin.py:190} INFO - [2025-03-09T11:36:57.210+0000] {dagbag.py:588} INFO - Filling up the DagBag from /home/airflow/.local/lib/python3.12/site-packages/airflow/example_dags/example_latest_only_with_trigger.py
[2025-03-09T11:36:57.235+0000] {processor.py:925} INFO - DAG(s) 'latest_only_with_trigger' retrieved from /home/airflow/.local/lib/python3.12/site-packages/airflow/example_dags/example_latest_only_with_trigger.py
[2025-03-09T11:36:57.307+0000] {logging_mixin.py:190} INFO - [2025-03-09T11:36:57.306+0000] {dag.py:3239} INFO - Sync 1 DAGs
[2025-03-09T11:36:57.401+0000] {logging_mixin.py:190} INFO - [2025-03-09T11:36:57.400+0000] {dag.py:4180} INFO - Setting next_dagrun for latest_only_with_trigger to 2025-03-09 04:00:00+00:00, run_after=2025-03-09 08:00:00+00:00
[2025-03-09T11:36:57.486+0000] {processor.py:208} INFO - Processing /home/airflow/.local/lib/python3.12/site-packages/airflow/example_dags/example_latest_only_with_trigger.py took 0.300 seconds
[2025-03-09T11:37:28.098+0000] {processor.py:186} INFO - Started process (PID=9822) to work on /home/airflow/.local/lib/python3.12/site-packages/airflow/example_dags/example_latest_only_with_trigger.py
[2025-03-09T11:37:28.101+0000] {processor.py:914} INFO - Processing file /home/airflow/.local/lib/python3.12/site-packages/airflow/example_dags/example_latest_only_with_trigger.py for tasks to queue
[2025-03-09T11:37:28.105+0000] {logging_mixin.py:190} INFO - [2025-03-09T11:37:28.104+0000] {dagbag.py:588} INFO - Filling up the DagBag from /home/airflow/.local/lib/python3.12/site-packages/airflow/example_dags/example_latest_only_with_trigger.py
[2025-03-09T11:37:28.132+0000] {processor.py:925} INFO - DAG(s) 'latest_only_with_trigger' retrieved from /home/airflow/.local/lib/python3.12/site-packages/airflow/example_dags/example_latest_only_with_trigger.py
[2025-03-09T11:37:28.189+0000] {logging_mixin.py:190} INFO - [2025-03-09T11:37:28.188+0000] {dag.py:3239} INFO - Sync 1 DAGs
[2025-03-09T11:37:28.247+0000] {logging_mixin.py:190} INFO - [2025-03-09T11:37:28.247+0000] {dag.py:4180} INFO - Setting next_dagrun for latest_only_with_trigger to 2025-03-09 04:00:00+00:00, run_after=2025-03-09 08:00:00+00:00
[2025-03-09T11:37:28.313+0000] {processor.py:208} INFO - Processing /home/airflow/.local/lib/python3.12/site-packages/airflow/example_dags/example_latest_only_with_trigger.py took 0.234 seconds
[2025-03-09T11:37:58.916+0000] {processor.py:186} INFO - Started process (PID=9887) to work on /home/airflow/.local/lib/python3.12/site-packages/airflow/example_dags/example_latest_only_with_trigger.py
[2025-03-09T11:37:58.920+0000] {processor.py:914} INFO - Processing file /home/airflow/.local/lib/python3.12/site-packages/airflow/example_dags/example_latest_only_with_trigger.py for tasks to queue
[2025-03-09T11:37:58.925+0000] {logging_mixin.py:190} INFO - [2025-03-09T11:37:58.924+0000] {dagbag.py:588} INFO - Filling up the DagBag from /home/airflow/.local/lib/python3.12/site-packages/airflow/example_dags/example_latest_only_with_trigger.py
[2025-03-09T11:37:58.976+0000] {processor.py:925} INFO - DAG(s) 'latest_only_with_trigger' retrieved from /home/airflow/.local/lib/python3.12/site-packages/airflow/example_dags/example_latest_only_with_trigger.py
[2025-03-09T11:37:59.086+0000] {logging_mixin.py:190} INFO - [2025-03-09T11:37:59.085+0000] {dag.py:3239} INFO - Sync 1 DAGs
[2025-03-09T11:37:59.206+0000] {logging_mixin.py:190} INFO - [2025-03-09T11:37:59.206+0000] {dag.py:4180} INFO - Setting next_dagrun for latest_only_with_trigger to 2025-03-09 04:00:00+00:00, run_after=2025-03-09 08:00:00+00:00
[2025-03-09T11:37:59.356+0000] {processor.py:208} INFO - Processing /home/airflow/.local/lib/python3.12/site-packages/airflow/example_dags/example_latest_only_with_trigger.py took 0.461 seconds
[2025-03-09T11:38:30.112+0000] {processor.py:186} INFO - Started process (PID=9951) to work on /home/airflow/.local/lib/python3.12/site-packages/airflow/example_dags/example_latest_only_with_trigger.py
[2025-03-09T11:38:30.114+0000] {processor.py:914} INFO - Processing file /home/airflow/.local/lib/python3.12/site-packages/airflow/example_dags/example_latest_only_with_trigger.py for tasks to queue
[2025-03-09T11:38:30.116+0000] {logging_mixin.py:190} INFO - [2025-03-09T11:38:30.116+0000] {dagbag.py:588} INFO - Filling up the DagBag from /home/airflow/.local/lib/python3.12/site-packages/airflow/example_dags/example_latest_only_with_trigger.py
[2025-03-09T11:38:30.129+0000] {processor.py:925} INFO - DAG(s) 'latest_only_with_trigger' retrieved from /home/airflow/.local/lib/python3.12/site-packages/airflow/example_dags/example_latest_only_with_trigger.py
[2025-03-09T11:38:30.167+0000] {logging_mixin.py:190} INFO - [2025-03-09T11:38:30.167+0000] {dag.py:3239} INFO - Sync 1 DAGs
[2025-03-09T11:38:30.210+0000] {logging_mixin.py:190} INFO - [2025-03-09T11:38:30.210+0000] {dag.py:4180} INFO - Setting next_dagrun for latest_only_with_trigger to 2025-03-09 04:00:00+00:00, run_after=2025-03-09 08:00:00+00:00
[2025-03-09T11:38:30.248+0000] {processor.py:208} INFO - Processing /home/airflow/.local/lib/python3.12/site-packages/airflow/example_dags/example_latest_only_with_trigger.py took 0.144 seconds
[2025-03-09T11:39:00.837+0000] {processor.py:186} INFO - Started process (PID=10016) to work on /home/airflow/.local/lib/python3.12/site-packages/airflow/example_dags/example_latest_only_with_trigger.py
[2025-03-09T11:39:00.841+0000] {processor.py:914} INFO - Processing file /home/airflow/.local/lib/python3.12/site-packages/airflow/example_dags/example_latest_only_with_trigger.py for tasks to queue
[2025-03-09T11:39:00.845+0000] {logging_mixin.py:190} INFO - [2025-03-09T11:39:00.844+0000] {dagbag.py:588} INFO - Filling up the DagBag from /home/airflow/.local/lib/python3.12/site-packages/airflow/example_dags/example_latest_only_with_trigger.py
[2025-03-09T11:39:00.867+0000] {processor.py:925} INFO - DAG(s) 'latest_only_with_trigger' retrieved from /home/airflow/.local/lib/python3.12/site-packages/airflow/example_dags/example_latest_only_with_trigger.py
[2025-03-09T11:39:00.915+0000] {logging_mixin.py:190} INFO - [2025-03-09T11:39:00.914+0000] {dag.py:3239} INFO - Sync 1 DAGs
[2025-03-09T11:39:00.979+0000] {logging_mixin.py:190} INFO - [2025-03-09T11:39:00.978+0000] {dag.py:4180} INFO - Setting next_dagrun for latest_only_with_trigger to 2025-03-09 04:00:00+00:00, run_after=2025-03-09 08:00:00+00:00
[2025-03-09T11:39:01.019+0000] {processor.py:208} INFO - Processing /home/airflow/.local/lib/python3.12/site-packages/airflow/example_dags/example_latest_only_with_trigger.py took 0.197 seconds
[2025-03-09T11:39:31.345+0000] {processor.py:186} INFO - Started process (PID=10081) to work on /home/airflow/.local/lib/python3.12/site-packages/airflow/example_dags/example_latest_only_with_trigger.py
[2025-03-09T11:39:31.347+0000] {processor.py:914} INFO - Processing file /home/airflow/.local/lib/python3.12/site-packages/airflow/example_dags/example_latest_only_with_trigger.py for tasks to queue
[2025-03-09T11:39:31.349+0000] {logging_mixin.py:190} INFO - [2025-03-09T11:39:31.349+0000] {dagbag.py:588} INFO - Filling up the DagBag from /home/airflow/.local/lib/python3.12/site-packages/airflow/example_dags/example_latest_only_with_trigger.py
[2025-03-09T11:39:31.362+0000] {processor.py:925} INFO - DAG(s) 'latest_only_with_trigger' retrieved from /home/airflow/.local/lib/python3.12/site-packages/airflow/example_dags/example_latest_only_with_trigger.py
[2025-03-09T11:39:31.397+0000] {logging_mixin.py:190} INFO - [2025-03-09T11:39:31.396+0000] {dag.py:3239} INFO - Sync 1 DAGs
[2025-03-09T11:39:31.435+0000] {logging_mixin.py:190} INFO - [2025-03-09T11:39:31.434+0000] {dag.py:4180} INFO - Setting next_dagrun for latest_only_with_trigger to 2025-03-09 04:00:00+00:00, run_after=2025-03-09 08:00:00+00:00
[2025-03-09T11:39:31.468+0000] {processor.py:208} INFO - Processing /home/airflow/.local/lib/python3.12/site-packages/airflow/example_dags/example_latest_only_with_trigger.py took 0.131 seconds
[2025-03-09T11:40:01.920+0000] {processor.py:186} INFO - Started process (PID=10146) to work on /home/airflow/.local/lib/python3.12/site-packages/airflow/example_dags/example_latest_only_with_trigger.py
[2025-03-09T11:40:01.922+0000] {processor.py:914} INFO - Processing file /home/airflow/.local/lib/python3.12/site-packages/airflow/example_dags/example_latest_only_with_trigger.py for tasks to queue
[2025-03-09T11:40:01.925+0000] {logging_mixin.py:190} INFO - [2025-03-09T11:40:01.924+0000] {dagbag.py:588} INFO - Filling up the DagBag from /home/airflow/.local/lib/python3.12/site-packages/airflow/example_dags/example_latest_only_with_trigger.py
[2025-03-09T11:40:01.944+0000] {processor.py:925} INFO - DAG(s) 'latest_only_with_trigger' retrieved from /home/airflow/.local/lib/python3.12/site-packages/airflow/example_dags/example_latest_only_with_trigger.py
[2025-03-09T11:40:01.999+0000] {logging_mixin.py:190} INFO - [2025-03-09T11:40:01.998+0000] {dag.py:3239} INFO - Sync 1 DAGs
[2025-03-09T11:40:02.058+0000] {logging_mixin.py:190} INFO - [2025-03-09T11:40:02.057+0000] {dag.py:4180} INFO - Setting next_dagrun for latest_only_with_trigger to 2025-03-09 04:00:00+00:00, run_after=2025-03-09 08:00:00+00:00
[2025-03-09T11:40:02.108+0000] {processor.py:208} INFO - Processing /home/airflow/.local/lib/python3.12/site-packages/airflow/example_dags/example_latest_only_with_trigger.py took 0.201 seconds
[2025-03-09T11:40:33.131+0000] {processor.py:186} INFO - Started process (PID=10211) to work on /home/airflow/.local/lib/python3.12/site-packages/airflow/example_dags/example_latest_only_with_trigger.py
[2025-03-09T11:40:33.134+0000] {processor.py:914} INFO - Processing file /home/airflow/.local/lib/python3.12/site-packages/airflow/example_dags/example_latest_only_with_trigger.py for tasks to queue
[2025-03-09T11:40:33.139+0000] {logging_mixin.py:190} INFO - [2025-03-09T11:40:33.138+0000] {dagbag.py:588} INFO - Filling up the DagBag from /home/airflow/.local/lib/python3.12/site-packages/airflow/example_dags/example_latest_only_with_trigger.py
[2025-03-09T11:40:33.155+0000] {processor.py:925} INFO - DAG(s) 'latest_only_with_trigger' retrieved from /home/airflow/.local/lib/python3.12/site-packages/airflow/example_dags/example_latest_only_with_trigger.py
[2025-03-09T11:40:33.204+0000] {logging_mixin.py:190} INFO - [2025-03-09T11:40:33.203+0000] {dag.py:3239} INFO - Sync 1 DAGs
[2025-03-09T11:40:33.260+0000] {logging_mixin.py:190} INFO - [2025-03-09T11:40:33.259+0000] {dag.py:4180} INFO - Setting next_dagrun for latest_only_with_trigger to 2025-03-09 04:00:00+00:00, run_after=2025-03-09 08:00:00+00:00
[2025-03-09T11:40:33.310+0000] {processor.py:208} INFO - Processing /home/airflow/.local/lib/python3.12/site-packages/airflow/example_dags/example_latest_only_with_trigger.py took 0.189 seconds
[2025-03-09T11:41:04.023+0000] {processor.py:186} INFO - Started process (PID=10276) to work on /home/airflow/.local/lib/python3.12/site-packages/airflow/example_dags/example_latest_only_with_trigger.py
[2025-03-09T11:41:04.025+0000] {processor.py:914} INFO - Processing file /home/airflow/.local/lib/python3.12/site-packages/airflow/example_dags/example_latest_only_with_trigger.py for tasks to queue
[2025-03-09T11:41:04.027+0000] {logging_mixin.py:190} INFO - [2025-03-09T11:41:04.027+0000] {dagbag.py:588} INFO - Filling up the DagBag from /home/airflow/.local/lib/python3.12/site-packages/airflow/example_dags/example_latest_only_with_trigger.py
[2025-03-09T11:41:04.049+0000] {processor.py:925} INFO - DAG(s) 'latest_only_with_trigger' retrieved from /home/airflow/.local/lib/python3.12/site-packages/airflow/example_dags/example_latest_only_with_trigger.py
[2025-03-09T11:41:04.122+0000] {logging_mixin.py:190} INFO - [2025-03-09T11:41:04.121+0000] {dag.py:3239} INFO - Sync 1 DAGs
[2025-03-09T11:41:04.880+0000] {logging_mixin.py:190} INFO - [2025-03-09T11:41:04.879+0000] {dag.py:4180} INFO - Setting next_dagrun for latest_only_with_trigger to 2025-03-09 04:00:00+00:00, run_after=2025-03-09 08:00:00+00:00
[2025-03-09T11:41:04.948+0000] {processor.py:208} INFO - Processing /home/airflow/.local/lib/python3.12/site-packages/airflow/example_dags/example_latest_only_with_trigger.py took 0.935 seconds
[2025-03-09T11:41:35.260+0000] {processor.py:186} INFO - Started process (PID=10341) to work on /home/airflow/.local/lib/python3.12/site-packages/airflow/example_dags/example_latest_only_with_trigger.py
[2025-03-09T11:41:35.262+0000] {processor.py:914} INFO - Processing file /home/airflow/.local/lib/python3.12/site-packages/airflow/example_dags/example_latest_only_with_trigger.py for tasks to queue
[2025-03-09T11:41:35.264+0000] {logging_mixin.py:190} INFO - [2025-03-09T11:41:35.264+0000] {dagbag.py:588} INFO - Filling up the DagBag from /home/airflow/.local/lib/python3.12/site-packages/airflow/example_dags/example_latest_only_with_trigger.py
[2025-03-09T11:41:35.282+0000] {processor.py:925} INFO - DAG(s) 'latest_only_with_trigger' retrieved from /home/airflow/.local/lib/python3.12/site-packages/airflow/example_dags/example_latest_only_with_trigger.py
[2025-03-09T11:41:35.325+0000] {logging_mixin.py:190} INFO - [2025-03-09T11:41:35.325+0000] {dag.py:3239} INFO - Sync 1 DAGs
[2025-03-09T11:41:35.618+0000] {logging_mixin.py:190} INFO - [2025-03-09T11:41:35.618+0000] {dag.py:4180} INFO - Setting next_dagrun for latest_only_with_trigger to 2025-03-09 04:00:00+00:00, run_after=2025-03-09 08:00:00+00:00
[2025-03-09T11:41:35.652+0000] {processor.py:208} INFO - Processing /home/airflow/.local/lib/python3.12/site-packages/airflow/example_dags/example_latest_only_with_trigger.py took 0.402 seconds
[2025-03-09T11:42:05.962+0000] {processor.py:186} INFO - Started process (PID=10406) to work on /home/airflow/.local/lib/python3.12/site-packages/airflow/example_dags/example_latest_only_with_trigger.py
[2025-03-09T11:42:05.964+0000] {processor.py:914} INFO - Processing file /home/airflow/.local/lib/python3.12/site-packages/airflow/example_dags/example_latest_only_with_trigger.py for tasks to queue
[2025-03-09T11:42:05.966+0000] {logging_mixin.py:190} INFO - [2025-03-09T11:42:05.965+0000] {dagbag.py:588} INFO - Filling up the DagBag from /home/airflow/.local/lib/python3.12/site-packages/airflow/example_dags/example_latest_only_with_trigger.py
[2025-03-09T11:42:05.977+0000] {processor.py:925} INFO - DAG(s) 'latest_only_with_trigger' retrieved from /home/airflow/.local/lib/python3.12/site-packages/airflow/example_dags/example_latest_only_with_trigger.py
[2025-03-09T11:42:06.007+0000] {logging_mixin.py:190} INFO - [2025-03-09T11:42:06.006+0000] {dag.py:3239} INFO - Sync 1 DAGs
[2025-03-09T11:42:06.041+0000] {logging_mixin.py:190} INFO - [2025-03-09T11:42:06.040+0000] {dag.py:4180} INFO - Setting next_dagrun for latest_only_with_trigger to 2025-03-09 04:00:00+00:00, run_after=2025-03-09 08:00:00+00:00
[2025-03-09T11:42:06.308+0000] {processor.py:208} INFO - Processing /home/airflow/.local/lib/python3.12/site-packages/airflow/example_dags/example_latest_only_with_trigger.py took 0.353 seconds
[2025-03-09T11:42:37.250+0000] {processor.py:186} INFO - Started process (PID=10470) to work on /home/airflow/.local/lib/python3.12/site-packages/airflow/example_dags/example_latest_only_with_trigger.py
[2025-03-09T11:42:37.252+0000] {processor.py:914} INFO - Processing file /home/airflow/.local/lib/python3.12/site-packages/airflow/example_dags/example_latest_only_with_trigger.py for tasks to queue
[2025-03-09T11:42:37.260+0000] {logging_mixin.py:190} INFO - [2025-03-09T11:42:37.259+0000] {dagbag.py:588} INFO - Filling up the DagBag from /home/airflow/.local/lib/python3.12/site-packages/airflow/example_dags/example_latest_only_with_trigger.py
[2025-03-09T11:42:37.282+0000] {processor.py:925} INFO - DAG(s) 'latest_only_with_trigger' retrieved from /home/airflow/.local/lib/python3.12/site-packages/airflow/example_dags/example_latest_only_with_trigger.py
[2025-03-09T11:42:37.339+0000] {logging_mixin.py:190} INFO - [2025-03-09T11:42:37.335+0000] {dag.py:3239} INFO - Sync 1 DAGs
[2025-03-09T11:42:37.417+0000] {logging_mixin.py:190} INFO - [2025-03-09T11:42:37.417+0000] {dag.py:4180} INFO - Setting next_dagrun for latest_only_with_trigger to 2025-03-09 04:00:00+00:00, run_after=2025-03-09 08:00:00+00:00
[2025-03-09T11:42:37.460+0000] {processor.py:208} INFO - Processing /home/airflow/.local/lib/python3.12/site-packages/airflow/example_dags/example_latest_only_with_trigger.py took 0.221 seconds
[2025-03-09T11:43:07.959+0000] {processor.py:186} INFO - Started process (PID=10535) to work on /home/airflow/.local/lib/python3.12/site-packages/airflow/example_dags/example_latest_only_with_trigger.py
[2025-03-09T11:43:07.960+0000] {processor.py:914} INFO - Processing file /home/airflow/.local/lib/python3.12/site-packages/airflow/example_dags/example_latest_only_with_trigger.py for tasks to queue
[2025-03-09T11:43:07.963+0000] {logging_mixin.py:190} INFO - [2025-03-09T11:43:07.962+0000] {dagbag.py:588} INFO - Filling up the DagBag from /home/airflow/.local/lib/python3.12/site-packages/airflow/example_dags/example_latest_only_with_trigger.py
[2025-03-09T11:43:07.975+0000] {processor.py:925} INFO - DAG(s) 'latest_only_with_trigger' retrieved from /home/airflow/.local/lib/python3.12/site-packages/airflow/example_dags/example_latest_only_with_trigger.py
[2025-03-09T11:43:08.008+0000] {logging_mixin.py:190} INFO - [2025-03-09T11:43:08.008+0000] {dag.py:3239} INFO - Sync 1 DAGs
[2025-03-09T11:43:08.048+0000] {logging_mixin.py:190} INFO - [2025-03-09T11:43:08.047+0000] {dag.py:4180} INFO - Setting next_dagrun for latest_only_with_trigger to 2025-03-09 04:00:00+00:00, run_after=2025-03-09 08:00:00+00:00
[2025-03-09T11:43:08.094+0000] {processor.py:208} INFO - Processing /home/airflow/.local/lib/python3.12/site-packages/airflow/example_dags/example_latest_only_with_trigger.py took 0.144 seconds
[2025-03-09T11:43:38.260+0000] {processor.py:186} INFO - Started process (PID=10600) to work on /home/airflow/.local/lib/python3.12/site-packages/airflow/example_dags/example_latest_only_with_trigger.py
[2025-03-09T11:43:38.262+0000] {processor.py:914} INFO - Processing file /home/airflow/.local/lib/python3.12/site-packages/airflow/example_dags/example_latest_only_with_trigger.py for tasks to queue
[2025-03-09T11:43:38.264+0000] {logging_mixin.py:190} INFO - [2025-03-09T11:43:38.264+0000] {dagbag.py:588} INFO - Filling up the DagBag from /home/airflow/.local/lib/python3.12/site-packages/airflow/example_dags/example_latest_only_with_trigger.py
[2025-03-09T11:43:38.294+0000] {processor.py:925} INFO - DAG(s) 'latest_only_with_trigger' retrieved from /home/airflow/.local/lib/python3.12/site-packages/airflow/example_dags/example_latest_only_with_trigger.py
[2025-03-09T11:43:38.373+0000] {logging_mixin.py:190} INFO - [2025-03-09T11:43:38.373+0000] {dag.py:3239} INFO - Sync 1 DAGs
[2025-03-09T11:43:38.460+0000] {logging_mixin.py:190} INFO - [2025-03-09T11:43:38.455+0000] {dag.py:4180} INFO - Setting next_dagrun for latest_only_with_trigger to 2025-03-09 04:00:00+00:00, run_after=2025-03-09 08:00:00+00:00
[2025-03-09T11:43:38.543+0000] {processor.py:208} INFO - Processing /home/airflow/.local/lib/python3.12/site-packages/airflow/example_dags/example_latest_only_with_trigger.py took 0.295 seconds
[2025-03-09T11:44:08.768+0000] {processor.py:186} INFO - Started process (PID=10666) to work on /home/airflow/.local/lib/python3.12/site-packages/airflow/example_dags/example_latest_only_with_trigger.py
[2025-03-09T11:44:08.770+0000] {processor.py:914} INFO - Processing file /home/airflow/.local/lib/python3.12/site-packages/airflow/example_dags/example_latest_only_with_trigger.py for tasks to queue
[2025-03-09T11:44:08.775+0000] {logging_mixin.py:190} INFO - [2025-03-09T11:44:08.775+0000] {dagbag.py:588} INFO - Filling up the DagBag from /home/airflow/.local/lib/python3.12/site-packages/airflow/example_dags/example_latest_only_with_trigger.py
[2025-03-09T11:44:08.795+0000] {processor.py:925} INFO - DAG(s) 'latest_only_with_trigger' retrieved from /home/airflow/.local/lib/python3.12/site-packages/airflow/example_dags/example_latest_only_with_trigger.py
[2025-03-09T11:44:08.846+0000] {logging_mixin.py:190} INFO - [2025-03-09T11:44:08.846+0000] {dag.py:3239} INFO - Sync 1 DAGs
[2025-03-09T11:44:08.911+0000] {logging_mixin.py:190} INFO - [2025-03-09T11:44:08.910+0000] {dag.py:4180} INFO - Setting next_dagrun for latest_only_with_trigger to 2025-03-09 04:00:00+00:00, run_after=2025-03-09 08:00:00+00:00
[2025-03-09T11:44:08.977+0000] {processor.py:208} INFO - Processing /home/airflow/.local/lib/python3.12/site-packages/airflow/example_dags/example_latest_only_with_trigger.py took 0.217 seconds
[2025-03-09T11:44:39.786+0000] {processor.py:186} INFO - Started process (PID=10731) to work on /home/airflow/.local/lib/python3.12/site-packages/airflow/example_dags/example_latest_only_with_trigger.py
[2025-03-09T11:44:39.801+0000] {processor.py:914} INFO - Processing file /home/airflow/.local/lib/python3.12/site-packages/airflow/example_dags/example_latest_only_with_trigger.py for tasks to queue
[2025-03-09T11:44:39.809+0000] {logging_mixin.py:190} INFO - [2025-03-09T11:44:39.808+0000] {dagbag.py:588} INFO - Filling up the DagBag from /home/airflow/.local/lib/python3.12/site-packages/airflow/example_dags/example_latest_only_with_trigger.py
[2025-03-09T11:44:39.845+0000] {processor.py:925} INFO - DAG(s) 'latest_only_with_trigger' retrieved from /home/airflow/.local/lib/python3.12/site-packages/airflow/example_dags/example_latest_only_with_trigger.py
[2025-03-09T11:44:39.923+0000] {logging_mixin.py:190} INFO - [2025-03-09T11:44:39.922+0000] {dag.py:3239} INFO - Sync 1 DAGs
[2025-03-09T11:44:39.990+0000] {logging_mixin.py:190} INFO - [2025-03-09T11:44:39.989+0000] {dag.py:4180} INFO - Setting next_dagrun for latest_only_with_trigger to 2025-03-09 04:00:00+00:00, run_after=2025-03-09 08:00:00+00:00
[2025-03-09T11:44:40.040+0000] {processor.py:208} INFO - Processing /home/airflow/.local/lib/python3.12/site-packages/airflow/example_dags/example_latest_only_with_trigger.py took 0.266 seconds
[2025-03-09T11:45:10.252+0000] {processor.py:186} INFO - Started process (PID=10796) to work on /home/airflow/.local/lib/python3.12/site-packages/airflow/example_dags/example_latest_only_with_trigger.py
[2025-03-09T11:45:10.254+0000] {processor.py:914} INFO - Processing file /home/airflow/.local/lib/python3.12/site-packages/airflow/example_dags/example_latest_only_with_trigger.py for tasks to queue
[2025-03-09T11:45:10.256+0000] {logging_mixin.py:190} INFO - [2025-03-09T11:45:10.256+0000] {dagbag.py:588} INFO - Filling up the DagBag from /home/airflow/.local/lib/python3.12/site-packages/airflow/example_dags/example_latest_only_with_trigger.py
[2025-03-09T11:45:10.268+0000] {processor.py:925} INFO - DAG(s) 'latest_only_with_trigger' retrieved from /home/airflow/.local/lib/python3.12/site-packages/airflow/example_dags/example_latest_only_with_trigger.py
[2025-03-09T11:45:10.300+0000] {logging_mixin.py:190} INFO - [2025-03-09T11:45:10.299+0000] {dag.py:3239} INFO - Sync 1 DAGs
[2025-03-09T11:45:10.336+0000] {logging_mixin.py:190} INFO - [2025-03-09T11:45:10.335+0000] {dag.py:4180} INFO - Setting next_dagrun for latest_only_with_trigger to 2025-03-09 04:00:00+00:00, run_after=2025-03-09 08:00:00+00:00
[2025-03-09T11:45:10.373+0000] {processor.py:208} INFO - Processing /home/airflow/.local/lib/python3.12/site-packages/airflow/example_dags/example_latest_only_with_trigger.py took 0.128 seconds
[2025-03-09T11:45:41.050+0000] {processor.py:186} INFO - Started process (PID=10861) to work on /home/airflow/.local/lib/python3.12/site-packages/airflow/example_dags/example_latest_only_with_trigger.py
[2025-03-09T11:45:41.052+0000] {processor.py:914} INFO - Processing file /home/airflow/.local/lib/python3.12/site-packages/airflow/example_dags/example_latest_only_with_trigger.py for tasks to queue
[2025-03-09T11:45:41.056+0000] {logging_mixin.py:190} INFO - [2025-03-09T11:45:41.055+0000] {dagbag.py:588} INFO - Filling up the DagBag from /home/airflow/.local/lib/python3.12/site-packages/airflow/example_dags/example_latest_only_with_trigger.py
[2025-03-09T11:45:41.092+0000] {processor.py:925} INFO - DAG(s) 'latest_only_with_trigger' retrieved from /home/airflow/.local/lib/python3.12/site-packages/airflow/example_dags/example_latest_only_with_trigger.py
[2025-03-09T11:45:41.166+0000] {logging_mixin.py:190} INFO - [2025-03-09T11:45:41.165+0000] {dag.py:3239} INFO - Sync 1 DAGs
[2025-03-09T11:45:41.241+0000] {logging_mixin.py:190} INFO - [2025-03-09T11:45:41.240+0000] {dag.py:4180} INFO - Setting next_dagrun for latest_only_with_trigger to 2025-03-09 04:00:00+00:00, run_after=2025-03-09 08:00:00+00:00
[2025-03-09T11:45:41.288+0000] {processor.py:208} INFO - Processing /home/airflow/.local/lib/python3.12/site-packages/airflow/example_dags/example_latest_only_with_trigger.py took 0.251 seconds
[2025-03-09T11:46:11.513+0000] {processor.py:186} INFO - Started process (PID=10926) to work on /home/airflow/.local/lib/python3.12/site-packages/airflow/example_dags/example_latest_only_with_trigger.py
[2025-03-09T11:46:11.515+0000] {processor.py:914} INFO - Processing file /home/airflow/.local/lib/python3.12/site-packages/airflow/example_dags/example_latest_only_with_trigger.py for tasks to queue
[2025-03-09T11:46:11.518+0000] {logging_mixin.py:190} INFO - [2025-03-09T11:46:11.517+0000] {dagbag.py:588} INFO - Filling up the DagBag from /home/airflow/.local/lib/python3.12/site-packages/airflow/example_dags/example_latest_only_with_trigger.py
[2025-03-09T11:46:11.533+0000] {processor.py:925} INFO - DAG(s) 'latest_only_with_trigger' retrieved from /home/airflow/.local/lib/python3.12/site-packages/airflow/example_dags/example_latest_only_with_trigger.py
[2025-03-09T11:46:11.565+0000] {logging_mixin.py:190} INFO - [2025-03-09T11:46:11.564+0000] {dag.py:3239} INFO - Sync 1 DAGs
[2025-03-09T11:46:11.607+0000] {logging_mixin.py:190} INFO - [2025-03-09T11:46:11.607+0000] {dag.py:4180} INFO - Setting next_dagrun for latest_only_with_trigger to 2025-03-09 04:00:00+00:00, run_after=2025-03-09 08:00:00+00:00
[2025-03-09T11:46:11.641+0000] {processor.py:208} INFO - Processing /home/airflow/.local/lib/python3.12/site-packages/airflow/example_dags/example_latest_only_with_trigger.py took 0.137 seconds
[2025-03-09T11:46:42.565+0000] {processor.py:186} INFO - Started process (PID=10990) to work on /home/airflow/.local/lib/python3.12/site-packages/airflow/example_dags/example_latest_only_with_trigger.py
[2025-03-09T11:46:42.567+0000] {processor.py:914} INFO - Processing file /home/airflow/.local/lib/python3.12/site-packages/airflow/example_dags/example_latest_only_with_trigger.py for tasks to queue
[2025-03-09T11:46:42.570+0000] {logging_mixin.py:190} INFO - [2025-03-09T11:46:42.570+0000] {dagbag.py:588} INFO - Filling up the DagBag from /home/airflow/.local/lib/python3.12/site-packages/airflow/example_dags/example_latest_only_with_trigger.py
[2025-03-09T11:46:42.586+0000] {processor.py:925} INFO - DAG(s) 'latest_only_with_trigger' retrieved from /home/airflow/.local/lib/python3.12/site-packages/airflow/example_dags/example_latest_only_with_trigger.py
[2025-03-09T11:46:42.634+0000] {logging_mixin.py:190} INFO - [2025-03-09T11:46:42.633+0000] {dag.py:3239} INFO - Sync 1 DAGs
[2025-03-09T11:46:42.696+0000] {logging_mixin.py:190} INFO - [2025-03-09T11:46:42.696+0000] {dag.py:4180} INFO - Setting next_dagrun for latest_only_with_trigger to 2025-03-09 04:00:00+00:00, run_after=2025-03-09 08:00:00+00:00
[2025-03-09T11:46:42.756+0000] {processor.py:208} INFO - Processing /home/airflow/.local/lib/python3.12/site-packages/airflow/example_dags/example_latest_only_with_trigger.py took 0.201 seconds
[2025-03-09T11:47:13.072+0000] {processor.py:186} INFO - Started process (PID=11055) to work on /home/airflow/.local/lib/python3.12/site-packages/airflow/example_dags/example_latest_only_with_trigger.py
[2025-03-09T11:47:13.073+0000] {processor.py:914} INFO - Processing file /home/airflow/.local/lib/python3.12/site-packages/airflow/example_dags/example_latest_only_with_trigger.py for tasks to queue
[2025-03-09T11:47:13.076+0000] {logging_mixin.py:190} INFO - [2025-03-09T11:47:13.075+0000] {dagbag.py:588} INFO - Filling up the DagBag from /home/airflow/.local/lib/python3.12/site-packages/airflow/example_dags/example_latest_only_with_trigger.py
[2025-03-09T11:47:13.086+0000] {processor.py:925} INFO - DAG(s) 'latest_only_with_trigger' retrieved from /home/airflow/.local/lib/python3.12/site-packages/airflow/example_dags/example_latest_only_with_trigger.py
[2025-03-09T11:47:13.116+0000] {logging_mixin.py:190} INFO - [2025-03-09T11:47:13.116+0000] {dag.py:3239} INFO - Sync 1 DAGs
[2025-03-09T11:47:13.158+0000] {logging_mixin.py:190} INFO - [2025-03-09T11:47:13.158+0000] {dag.py:4180} INFO - Setting next_dagrun for latest_only_with_trigger to 2025-03-09 04:00:00+00:00, run_after=2025-03-09 08:00:00+00:00
[2025-03-09T11:47:13.219+0000] {processor.py:208} INFO - Processing /home/airflow/.local/lib/python3.12/site-packages/airflow/example_dags/example_latest_only_with_trigger.py took 0.154 seconds
[2025-03-09T11:47:44.469+0000] {processor.py:186} INFO - Started process (PID=11126) to work on /home/airflow/.local/lib/python3.12/site-packages/airflow/example_dags/example_latest_only_with_trigger.py
[2025-03-09T11:47:44.472+0000] {processor.py:914} INFO - Processing file /home/airflow/.local/lib/python3.12/site-packages/airflow/example_dags/example_latest_only_with_trigger.py for tasks to queue
[2025-03-09T11:47:44.475+0000] {logging_mixin.py:190} INFO - [2025-03-09T11:47:44.474+0000] {dagbag.py:588} INFO - Filling up the DagBag from /home/airflow/.local/lib/python3.12/site-packages/airflow/example_dags/example_latest_only_with_trigger.py
[2025-03-09T11:47:44.491+0000] {processor.py:925} INFO - DAG(s) 'latest_only_with_trigger' retrieved from /home/airflow/.local/lib/python3.12/site-packages/airflow/example_dags/example_latest_only_with_trigger.py
[2025-03-09T11:47:44.532+0000] {logging_mixin.py:190} INFO - [2025-03-09T11:47:44.532+0000] {dag.py:3239} INFO - Sync 1 DAGs
[2025-03-09T11:47:44.658+0000] {logging_mixin.py:190} INFO - [2025-03-09T11:47:44.657+0000] {dag.py:4180} INFO - Setting next_dagrun for latest_only_with_trigger to 2025-03-09 04:00:00+00:00, run_after=2025-03-09 08:00:00+00:00
[2025-03-09T11:47:44.745+0000] {processor.py:208} INFO - Processing /home/airflow/.local/lib/python3.12/site-packages/airflow/example_dags/example_latest_only_with_trigger.py took 0.286 seconds
[2025-03-09T11:48:15.589+0000] {processor.py:186} INFO - Started process (PID=11190) to work on /home/airflow/.local/lib/python3.12/site-packages/airflow/example_dags/example_latest_only_with_trigger.py
[2025-03-09T11:48:15.591+0000] {processor.py:914} INFO - Processing file /home/airflow/.local/lib/python3.12/site-packages/airflow/example_dags/example_latest_only_with_trigger.py for tasks to queue
[2025-03-09T11:48:15.594+0000] {logging_mixin.py:190} INFO - [2025-03-09T11:48:15.593+0000] {dagbag.py:588} INFO - Filling up the DagBag from /home/airflow/.local/lib/python3.12/site-packages/airflow/example_dags/example_latest_only_with_trigger.py
[2025-03-09T11:48:15.609+0000] {processor.py:925} INFO - DAG(s) 'latest_only_with_trigger' retrieved from /home/airflow/.local/lib/python3.12/site-packages/airflow/example_dags/example_latest_only_with_trigger.py
[2025-03-09T11:48:15.658+0000] {logging_mixin.py:190} INFO - [2025-03-09T11:48:15.658+0000] {dag.py:3239} INFO - Sync 1 DAGs
[2025-03-09T11:48:15.699+0000] {logging_mixin.py:190} INFO - [2025-03-09T11:48:15.698+0000] {dag.py:4180} INFO - Setting next_dagrun for latest_only_with_trigger to 2025-03-09 04:00:00+00:00, run_after=2025-03-09 08:00:00+00:00
[2025-03-09T11:48:15.747+0000] {processor.py:208} INFO - Processing /home/airflow/.local/lib/python3.12/site-packages/airflow/example_dags/example_latest_only_with_trigger.py took 0.166 seconds
[2025-03-09T11:48:46.488+0000] {processor.py:186} INFO - Started process (PID=11255) to work on /home/airflow/.local/lib/python3.12/site-packages/airflow/example_dags/example_latest_only_with_trigger.py
[2025-03-09T11:48:46.490+0000] {processor.py:914} INFO - Processing file /home/airflow/.local/lib/python3.12/site-packages/airflow/example_dags/example_latest_only_with_trigger.py for tasks to queue
[2025-03-09T11:48:46.492+0000] {logging_mixin.py:190} INFO - [2025-03-09T11:48:46.491+0000] {dagbag.py:588} INFO - Filling up the DagBag from /home/airflow/.local/lib/python3.12/site-packages/airflow/example_dags/example_latest_only_with_trigger.py
[2025-03-09T11:48:46.503+0000] {processor.py:925} INFO - DAG(s) 'latest_only_with_trigger' retrieved from /home/airflow/.local/lib/python3.12/site-packages/airflow/example_dags/example_latest_only_with_trigger.py
[2025-03-09T11:48:46.536+0000] {logging_mixin.py:190} INFO - [2025-03-09T11:48:46.536+0000] {dag.py:3239} INFO - Sync 1 DAGs
[2025-03-09T11:48:46.575+0000] {logging_mixin.py:190} INFO - [2025-03-09T11:48:46.574+0000] {dag.py:4180} INFO - Setting next_dagrun for latest_only_with_trigger to 2025-03-09 04:00:00+00:00, run_after=2025-03-09 08:00:00+00:00
[2025-03-09T11:48:46.606+0000] {processor.py:208} INFO - Processing /home/airflow/.local/lib/python3.12/site-packages/airflow/example_dags/example_latest_only_with_trigger.py took 0.126 seconds
[2025-03-09T11:49:16.833+0000] {processor.py:186} INFO - Started process (PID=11320) to work on /home/airflow/.local/lib/python3.12/site-packages/airflow/example_dags/example_latest_only_with_trigger.py
[2025-03-09T11:49:16.835+0000] {processor.py:914} INFO - Processing file /home/airflow/.local/lib/python3.12/site-packages/airflow/example_dags/example_latest_only_with_trigger.py for tasks to queue
[2025-03-09T11:49:16.837+0000] {logging_mixin.py:190} INFO - [2025-03-09T11:49:16.836+0000] {dagbag.py:588} INFO - Filling up the DagBag from /home/airflow/.local/lib/python3.12/site-packages/airflow/example_dags/example_latest_only_with_trigger.py
[2025-03-09T11:49:16.851+0000] {processor.py:925} INFO - DAG(s) 'latest_only_with_trigger' retrieved from /home/airflow/.local/lib/python3.12/site-packages/airflow/example_dags/example_latest_only_with_trigger.py
[2025-03-09T11:49:16.888+0000] {logging_mixin.py:190} INFO - [2025-03-09T11:49:16.887+0000] {dag.py:3239} INFO - Sync 1 DAGs
[2025-03-09T11:49:16.926+0000] {logging_mixin.py:190} INFO - [2025-03-09T11:49:16.926+0000] {dag.py:4180} INFO - Setting next_dagrun for latest_only_with_trigger to 2025-03-09 04:00:00+00:00, run_after=2025-03-09 08:00:00+00:00
[2025-03-09T11:49:16.957+0000] {processor.py:208} INFO - Processing /home/airflow/.local/lib/python3.12/site-packages/airflow/example_dags/example_latest_only_with_trigger.py took 0.131 seconds
[2025-03-09T11:49:47.106+0000] {processor.py:186} INFO - Started process (PID=11385) to work on /home/airflow/.local/lib/python3.12/site-packages/airflow/example_dags/example_latest_only_with_trigger.py
[2025-03-09T11:49:47.108+0000] {processor.py:914} INFO - Processing file /home/airflow/.local/lib/python3.12/site-packages/airflow/example_dags/example_latest_only_with_trigger.py for tasks to queue
[2025-03-09T11:49:47.111+0000] {logging_mixin.py:190} INFO - [2025-03-09T11:49:47.110+0000] {dagbag.py:588} INFO - Filling up the DagBag from /home/airflow/.local/lib/python3.12/site-packages/airflow/example_dags/example_latest_only_with_trigger.py
[2025-03-09T11:49:47.124+0000] {processor.py:925} INFO - DAG(s) 'latest_only_with_trigger' retrieved from /home/airflow/.local/lib/python3.12/site-packages/airflow/example_dags/example_latest_only_with_trigger.py
[2025-03-09T11:49:47.157+0000] {logging_mixin.py:190} INFO - [2025-03-09T11:49:47.156+0000] {dag.py:3239} INFO - Sync 1 DAGs
[2025-03-09T11:49:47.194+0000] {logging_mixin.py:190} INFO - [2025-03-09T11:49:47.194+0000] {dag.py:4180} INFO - Setting next_dagrun for latest_only_with_trigger to 2025-03-09 04:00:00+00:00, run_after=2025-03-09 08:00:00+00:00
[2025-03-09T11:49:47.226+0000] {processor.py:208} INFO - Processing /home/airflow/.local/lib/python3.12/site-packages/airflow/example_dags/example_latest_only_with_trigger.py took 0.128 seconds
[2025-03-09T11:50:17.811+0000] {processor.py:186} INFO - Started process (PID=11449) to work on /home/airflow/.local/lib/python3.12/site-packages/airflow/example_dags/example_latest_only_with_trigger.py
[2025-03-09T11:50:17.813+0000] {processor.py:914} INFO - Processing file /home/airflow/.local/lib/python3.12/site-packages/airflow/example_dags/example_latest_only_with_trigger.py for tasks to queue
[2025-03-09T11:50:17.816+0000] {logging_mixin.py:190} INFO - [2025-03-09T11:50:17.815+0000] {dagbag.py:588} INFO - Filling up the DagBag from /home/airflow/.local/lib/python3.12/site-packages/airflow/example_dags/example_latest_only_with_trigger.py
[2025-03-09T11:50:17.831+0000] {processor.py:925} INFO - DAG(s) 'latest_only_with_trigger' retrieved from /home/airflow/.local/lib/python3.12/site-packages/airflow/example_dags/example_latest_only_with_trigger.py
[2025-03-09T11:50:17.872+0000] {logging_mixin.py:190} INFO - [2025-03-09T11:50:17.872+0000] {dag.py:3239} INFO - Sync 1 DAGs
[2025-03-09T11:50:17.927+0000] {logging_mixin.py:190} INFO - [2025-03-09T11:50:17.925+0000] {dag.py:4180} INFO - Setting next_dagrun for latest_only_with_trigger to 2025-03-09 04:00:00+00:00, run_after=2025-03-09 08:00:00+00:00
[2025-03-09T11:50:17.997+0000] {processor.py:208} INFO - Processing /home/airflow/.local/lib/python3.12/site-packages/airflow/example_dags/example_latest_only_with_trigger.py took 0.197 seconds
[2025-03-09T11:50:48.127+0000] {processor.py:186} INFO - Started process (PID=11514) to work on /home/airflow/.local/lib/python3.12/site-packages/airflow/example_dags/example_latest_only_with_trigger.py
[2025-03-09T11:50:48.129+0000] {processor.py:914} INFO - Processing file /home/airflow/.local/lib/python3.12/site-packages/airflow/example_dags/example_latest_only_with_trigger.py for tasks to queue
[2025-03-09T11:50:48.132+0000] {logging_mixin.py:190} INFO - [2025-03-09T11:50:48.131+0000] {dagbag.py:588} INFO - Filling up the DagBag from /home/airflow/.local/lib/python3.12/site-packages/airflow/example_dags/example_latest_only_with_trigger.py
[2025-03-09T11:50:48.144+0000] {processor.py:925} INFO - DAG(s) 'latest_only_with_trigger' retrieved from /home/airflow/.local/lib/python3.12/site-packages/airflow/example_dags/example_latest_only_with_trigger.py
[2025-03-09T11:50:48.178+0000] {logging_mixin.py:190} INFO - [2025-03-09T11:50:48.178+0000] {dag.py:3239} INFO - Sync 1 DAGs
[2025-03-09T11:50:48.213+0000] {logging_mixin.py:190} INFO - [2025-03-09T11:50:48.213+0000] {dag.py:4180} INFO - Setting next_dagrun for latest_only_with_trigger to 2025-03-09 04:00:00+00:00, run_after=2025-03-09 08:00:00+00:00
[2025-03-09T11:50:48.246+0000] {processor.py:208} INFO - Processing /home/airflow/.local/lib/python3.12/site-packages/airflow/example_dags/example_latest_only_with_trigger.py took 0.127 seconds
[2025-03-09T11:51:18.354+0000] {processor.py:186} INFO - Started process (PID=11579) to work on /home/airflow/.local/lib/python3.12/site-packages/airflow/example_dags/example_latest_only_with_trigger.py
[2025-03-09T11:51:18.356+0000] {processor.py:914} INFO - Processing file /home/airflow/.local/lib/python3.12/site-packages/airflow/example_dags/example_latest_only_with_trigger.py for tasks to queue
[2025-03-09T11:51:18.358+0000] {logging_mixin.py:190} INFO - [2025-03-09T11:51:18.357+0000] {dagbag.py:588} INFO - Filling up the DagBag from /home/airflow/.local/lib/python3.12/site-packages/airflow/example_dags/example_latest_only_with_trigger.py
[2025-03-09T11:51:18.371+0000] {processor.py:925} INFO - DAG(s) 'latest_only_with_trigger' retrieved from /home/airflow/.local/lib/python3.12/site-packages/airflow/example_dags/example_latest_only_with_trigger.py
[2025-03-09T11:51:18.401+0000] {logging_mixin.py:190} INFO - [2025-03-09T11:51:18.401+0000] {dag.py:3239} INFO - Sync 1 DAGs
[2025-03-09T11:51:18.446+0000] {logging_mixin.py:190} INFO - [2025-03-09T11:51:18.446+0000] {dag.py:4180} INFO - Setting next_dagrun for latest_only_with_trigger to 2025-03-09 04:00:00+00:00, run_after=2025-03-09 08:00:00+00:00
[2025-03-09T11:51:18.478+0000] {processor.py:208} INFO - Processing /home/airflow/.local/lib/python3.12/site-packages/airflow/example_dags/example_latest_only_with_trigger.py took 0.132 seconds
[2025-03-09T11:53:59.069+0000] {processor.py:186} INFO - Started process (PID=11663) to work on /home/airflow/.local/lib/python3.12/site-packages/airflow/example_dags/example_latest_only_with_trigger.py
[2025-03-09T11:53:59.071+0000] {processor.py:914} INFO - Processing file /home/airflow/.local/lib/python3.12/site-packages/airflow/example_dags/example_latest_only_with_trigger.py for tasks to queue
[2025-03-09T11:53:59.073+0000] {logging_mixin.py:190} INFO - [2025-03-09T11:53:59.072+0000] {dagbag.py:588} INFO - Filling up the DagBag from /home/airflow/.local/lib/python3.12/site-packages/airflow/example_dags/example_latest_only_with_trigger.py
[2025-03-09T11:53:59.085+0000] {processor.py:925} INFO - DAG(s) 'latest_only_with_trigger' retrieved from /home/airflow/.local/lib/python3.12/site-packages/airflow/example_dags/example_latest_only_with_trigger.py
[2025-03-09T11:53:59.117+0000] {logging_mixin.py:190} INFO - [2025-03-09T11:53:59.117+0000] {dag.py:3239} INFO - Sync 1 DAGs
[2025-03-09T11:53:59.157+0000] {logging_mixin.py:190} INFO - [2025-03-09T11:53:59.157+0000] {dag.py:4180} INFO - Setting next_dagrun for latest_only_with_trigger to 2025-03-09 04:00:00+00:00, run_after=2025-03-09 08:00:00+00:00
[2025-03-09T11:53:59.190+0000] {processor.py:208} INFO - Processing /home/airflow/.local/lib/python3.12/site-packages/airflow/example_dags/example_latest_only_with_trigger.py took 0.129 seconds
[2025-03-09T11:54:29.728+0000] {processor.py:186} INFO - Started process (PID=11727) to work on /home/airflow/.local/lib/python3.12/site-packages/airflow/example_dags/example_latest_only_with_trigger.py
[2025-03-09T11:54:29.731+0000] {processor.py:914} INFO - Processing file /home/airflow/.local/lib/python3.12/site-packages/airflow/example_dags/example_latest_only_with_trigger.py for tasks to queue
[2025-03-09T11:54:29.734+0000] {logging_mixin.py:190} INFO - [2025-03-09T11:54:29.734+0000] {dagbag.py:588} INFO - Filling up the DagBag from /home/airflow/.local/lib/python3.12/site-packages/airflow/example_dags/example_latest_only_with_trigger.py
[2025-03-09T11:54:29.751+0000] {processor.py:925} INFO - DAG(s) 'latest_only_with_trigger' retrieved from /home/airflow/.local/lib/python3.12/site-packages/airflow/example_dags/example_latest_only_with_trigger.py
[2025-03-09T11:54:29.794+0000] {logging_mixin.py:190} INFO - [2025-03-09T11:54:29.794+0000] {dag.py:3239} INFO - Sync 1 DAGs
[2025-03-09T11:54:29.846+0000] {logging_mixin.py:190} INFO - [2025-03-09T11:54:29.846+0000] {dag.py:4180} INFO - Setting next_dagrun for latest_only_with_trigger to 2025-03-09 04:00:00+00:00, run_after=2025-03-09 08:00:00+00:00
[2025-03-09T11:54:29.893+0000] {processor.py:208} INFO - Processing /home/airflow/.local/lib/python3.12/site-packages/airflow/example_dags/example_latest_only_with_trigger.py took 0.177 seconds
[2025-03-09T11:55:00.490+0000] {processor.py:186} INFO - Started process (PID=11793) to work on /home/airflow/.local/lib/python3.12/site-packages/airflow/example_dags/example_latest_only_with_trigger.py
[2025-03-09T11:55:00.491+0000] {processor.py:914} INFO - Processing file /home/airflow/.local/lib/python3.12/site-packages/airflow/example_dags/example_latest_only_with_trigger.py for tasks to queue
[2025-03-09T11:55:00.494+0000] {logging_mixin.py:190} INFO - [2025-03-09T11:55:00.493+0000] {dagbag.py:588} INFO - Filling up the DagBag from /home/airflow/.local/lib/python3.12/site-packages/airflow/example_dags/example_latest_only_with_trigger.py
[2025-03-09T11:55:00.505+0000] {processor.py:925} INFO - DAG(s) 'latest_only_with_trigger' retrieved from /home/airflow/.local/lib/python3.12/site-packages/airflow/example_dags/example_latest_only_with_trigger.py
[2025-03-09T11:55:00.534+0000] {logging_mixin.py:190} INFO - [2025-03-09T11:55:00.534+0000] {dag.py:3239} INFO - Sync 1 DAGs
[2025-03-09T11:55:00.568+0000] {logging_mixin.py:190} INFO - [2025-03-09T11:55:00.567+0000] {dag.py:4180} INFO - Setting next_dagrun for latest_only_with_trigger to 2025-03-09 04:00:00+00:00, run_after=2025-03-09 08:00:00+00:00
[2025-03-09T11:55:00.618+0000] {processor.py:208} INFO - Processing /home/airflow/.local/lib/python3.12/site-packages/airflow/example_dags/example_latest_only_with_trigger.py took 0.136 seconds
[2025-03-09T11:55:31.525+0000] {processor.py:186} INFO - Started process (PID=11858) to work on /home/airflow/.local/lib/python3.12/site-packages/airflow/example_dags/example_latest_only_with_trigger.py
[2025-03-09T11:55:31.526+0000] {processor.py:914} INFO - Processing file /home/airflow/.local/lib/python3.12/site-packages/airflow/example_dags/example_latest_only_with_trigger.py for tasks to queue
[2025-03-09T11:55:31.529+0000] {logging_mixin.py:190} INFO - [2025-03-09T11:55:31.528+0000] {dagbag.py:588} INFO - Filling up the DagBag from /home/airflow/.local/lib/python3.12/site-packages/airflow/example_dags/example_latest_only_with_trigger.py
[2025-03-09T11:55:31.541+0000] {processor.py:925} INFO - DAG(s) 'latest_only_with_trigger' retrieved from /home/airflow/.local/lib/python3.12/site-packages/airflow/example_dags/example_latest_only_with_trigger.py
[2025-03-09T11:55:31.573+0000] {logging_mixin.py:190} INFO - [2025-03-09T11:55:31.572+0000] {dag.py:3239} INFO - Sync 1 DAGs
[2025-03-09T11:55:31.609+0000] {logging_mixin.py:190} INFO - [2025-03-09T11:55:31.609+0000] {dag.py:4180} INFO - Setting next_dagrun for latest_only_with_trigger to 2025-03-09 04:00:00+00:00, run_after=2025-03-09 08:00:00+00:00
[2025-03-09T11:55:31.644+0000] {processor.py:208} INFO - Processing /home/airflow/.local/lib/python3.12/site-packages/airflow/example_dags/example_latest_only_with_trigger.py took 0.127 seconds
[2025-03-09T11:56:02.638+0000] {processor.py:186} INFO - Started process (PID=11923) to work on /home/airflow/.local/lib/python3.12/site-packages/airflow/example_dags/example_latest_only_with_trigger.py
[2025-03-09T11:56:02.640+0000] {processor.py:914} INFO - Processing file /home/airflow/.local/lib/python3.12/site-packages/airflow/example_dags/example_latest_only_with_trigger.py for tasks to queue
[2025-03-09T11:56:02.643+0000] {logging_mixin.py:190} INFO - [2025-03-09T11:56:02.642+0000] {dagbag.py:588} INFO - Filling up the DagBag from /home/airflow/.local/lib/python3.12/site-packages/airflow/example_dags/example_latest_only_with_trigger.py
[2025-03-09T11:56:02.657+0000] {processor.py:925} INFO - DAG(s) 'latest_only_with_trigger' retrieved from /home/airflow/.local/lib/python3.12/site-packages/airflow/example_dags/example_latest_only_with_trigger.py
[2025-03-09T11:56:02.704+0000] {logging_mixin.py:190} INFO - [2025-03-09T11:56:02.703+0000] {dag.py:3239} INFO - Sync 1 DAGs
[2025-03-09T11:56:02.768+0000] {logging_mixin.py:190} INFO - [2025-03-09T11:56:02.768+0000] {dag.py:4180} INFO - Setting next_dagrun for latest_only_with_trigger to 2025-03-09 04:00:00+00:00, run_after=2025-03-09 08:00:00+00:00
[2025-03-09T11:56:02.815+0000] {processor.py:208} INFO - Processing /home/airflow/.local/lib/python3.12/site-packages/airflow/example_dags/example_latest_only_with_trigger.py took 0.187 seconds
[2025-03-09T11:56:33.625+0000] {processor.py:186} INFO - Started process (PID=11987) to work on /home/airflow/.local/lib/python3.12/site-packages/airflow/example_dags/example_latest_only_with_trigger.py
[2025-03-09T11:56:33.629+0000] {processor.py:914} INFO - Processing file /home/airflow/.local/lib/python3.12/site-packages/airflow/example_dags/example_latest_only_with_trigger.py for tasks to queue
[2025-03-09T11:56:33.633+0000] {logging_mixin.py:190} INFO - [2025-03-09T11:56:33.632+0000] {dagbag.py:588} INFO - Filling up the DagBag from /home/airflow/.local/lib/python3.12/site-packages/airflow/example_dags/example_latest_only_with_trigger.py
[2025-03-09T11:56:33.660+0000] {processor.py:925} INFO - DAG(s) 'latest_only_with_trigger' retrieved from /home/airflow/.local/lib/python3.12/site-packages/airflow/example_dags/example_latest_only_with_trigger.py
[2025-03-09T11:56:33.710+0000] {logging_mixin.py:190} INFO - [2025-03-09T11:56:33.709+0000] {dag.py:3239} INFO - Sync 1 DAGs
[2025-03-09T11:56:33.777+0000] {logging_mixin.py:190} INFO - [2025-03-09T11:56:33.776+0000] {dag.py:4180} INFO - Setting next_dagrun for latest_only_with_trigger to 2025-03-09 04:00:00+00:00, run_after=2025-03-09 08:00:00+00:00
[2025-03-09T11:56:33.851+0000] {processor.py:208} INFO - Processing /home/airflow/.local/lib/python3.12/site-packages/airflow/example_dags/example_latest_only_with_trigger.py took 0.241 seconds
[2025-03-09T11:57:05.692+0000] {processor.py:186} INFO - Started process (PID=12053) to work on /home/airflow/.local/lib/python3.12/site-packages/airflow/example_dags/example_latest_only_with_trigger.py
[2025-03-09T11:57:05.695+0000] {processor.py:914} INFO - Processing file /home/airflow/.local/lib/python3.12/site-packages/airflow/example_dags/example_latest_only_with_trigger.py for tasks to queue
[2025-03-09T11:57:05.699+0000] {logging_mixin.py:190} INFO - [2025-03-09T11:57:05.698+0000] {dagbag.py:588} INFO - Filling up the DagBag from /home/airflow/.local/lib/python3.12/site-packages/airflow/example_dags/example_latest_only_with_trigger.py
[2025-03-09T11:57:05.719+0000] {processor.py:925} INFO - DAG(s) 'latest_only_with_trigger' retrieved from /home/airflow/.local/lib/python3.12/site-packages/airflow/example_dags/example_latest_only_with_trigger.py
[2025-03-09T11:57:05.779+0000] {logging_mixin.py:190} INFO - [2025-03-09T11:57:05.778+0000] {dag.py:3239} INFO - Sync 1 DAGs
[2025-03-09T11:57:05.851+0000] {logging_mixin.py:190} INFO - [2025-03-09T11:57:05.850+0000] {dag.py:4180} INFO - Setting next_dagrun for latest_only_with_trigger to 2025-03-09 04:00:00+00:00, run_after=2025-03-09 08:00:00+00:00
[2025-03-09T11:57:05.912+0000] {processor.py:208} INFO - Processing /home/airflow/.local/lib/python3.12/site-packages/airflow/example_dags/example_latest_only_with_trigger.py took 0.233 seconds
[2025-03-09T11:57:37.154+0000] {processor.py:186} INFO - Started process (PID=12118) to work on /home/airflow/.local/lib/python3.12/site-packages/airflow/example_dags/example_latest_only_with_trigger.py
[2025-03-09T11:57:37.157+0000] {processor.py:914} INFO - Processing file /home/airflow/.local/lib/python3.12/site-packages/airflow/example_dags/example_latest_only_with_trigger.py for tasks to queue
[2025-03-09T11:57:37.160+0000] {logging_mixin.py:190} INFO - [2025-03-09T11:57:37.159+0000] {dagbag.py:588} INFO - Filling up the DagBag from /home/airflow/.local/lib/python3.12/site-packages/airflow/example_dags/example_latest_only_with_trigger.py
[2025-03-09T11:57:37.188+0000] {processor.py:925} INFO - DAG(s) 'latest_only_with_trigger' retrieved from /home/airflow/.local/lib/python3.12/site-packages/airflow/example_dags/example_latest_only_with_trigger.py
[2025-03-09T11:57:37.248+0000] {logging_mixin.py:190} INFO - [2025-03-09T11:57:37.247+0000] {dag.py:3239} INFO - Sync 1 DAGs
[2025-03-09T11:57:37.399+0000] {logging_mixin.py:190} INFO - [2025-03-09T11:57:37.398+0000] {dag.py:4180} INFO - Setting next_dagrun for latest_only_with_trigger to 2025-03-09 04:00:00+00:00, run_after=2025-03-09 08:00:00+00:00
[2025-03-09T11:57:37.499+0000] {processor.py:208} INFO - Processing /home/airflow/.local/lib/python3.12/site-packages/airflow/example_dags/example_latest_only_with_trigger.py took 0.361 seconds
[2025-03-09T11:58:09.705+0000] {processor.py:186} INFO - Started process (PID=12183) to work on /home/airflow/.local/lib/python3.12/site-packages/airflow/example_dags/example_latest_only_with_trigger.py
[2025-03-09T11:58:09.708+0000] {processor.py:914} INFO - Processing file /home/airflow/.local/lib/python3.12/site-packages/airflow/example_dags/example_latest_only_with_trigger.py for tasks to queue
[2025-03-09T11:58:09.711+0000] {logging_mixin.py:190} INFO - [2025-03-09T11:58:09.710+0000] {dagbag.py:588} INFO - Filling up the DagBag from /home/airflow/.local/lib/python3.12/site-packages/airflow/example_dags/example_latest_only_with_trigger.py
[2025-03-09T11:58:09.728+0000] {processor.py:925} INFO - DAG(s) 'latest_only_with_trigger' retrieved from /home/airflow/.local/lib/python3.12/site-packages/airflow/example_dags/example_latest_only_with_trigger.py
[2025-03-09T11:58:09.769+0000] {logging_mixin.py:190} INFO - [2025-03-09T11:58:09.768+0000] {dag.py:3239} INFO - Sync 1 DAGs
[2025-03-09T11:58:09.821+0000] {logging_mixin.py:190} INFO - [2025-03-09T11:58:09.820+0000] {dag.py:4180} INFO - Setting next_dagrun for latest_only_with_trigger to 2025-03-09 04:00:00+00:00, run_after=2025-03-09 08:00:00+00:00
[2025-03-09T11:58:09.863+0000] {processor.py:208} INFO - Processing /home/airflow/.local/lib/python3.12/site-packages/airflow/example_dags/example_latest_only_with_trigger.py took 0.170 seconds
[2025-03-09T11:58:40.092+0000] {processor.py:186} INFO - Started process (PID=12247) to work on /home/airflow/.local/lib/python3.12/site-packages/airflow/example_dags/example_latest_only_with_trigger.py
[2025-03-09T11:58:40.097+0000] {processor.py:914} INFO - Processing file /home/airflow/.local/lib/python3.12/site-packages/airflow/example_dags/example_latest_only_with_trigger.py for tasks to queue
[2025-03-09T11:58:40.110+0000] {logging_mixin.py:190} INFO - [2025-03-09T11:58:40.109+0000] {dagbag.py:588} INFO - Filling up the DagBag from /home/airflow/.local/lib/python3.12/site-packages/airflow/example_dags/example_latest_only_with_trigger.py
[2025-03-09T11:58:40.146+0000] {processor.py:925} INFO - DAG(s) 'latest_only_with_trigger' retrieved from /home/airflow/.local/lib/python3.12/site-packages/airflow/example_dags/example_latest_only_with_trigger.py
[2025-03-09T11:58:40.235+0000] {logging_mixin.py:190} INFO - [2025-03-09T11:58:40.234+0000] {dag.py:3239} INFO - Sync 1 DAGs
[2025-03-09T11:58:40.318+0000] {logging_mixin.py:190} INFO - [2025-03-09T11:58:40.317+0000] {dag.py:4180} INFO - Setting next_dagrun for latest_only_with_trigger to 2025-03-09 04:00:00+00:00, run_after=2025-03-09 08:00:00+00:00
[2025-03-09T11:58:40.364+0000] {processor.py:208} INFO - Processing /home/airflow/.local/lib/python3.12/site-packages/airflow/example_dags/example_latest_only_with_trigger.py took 0.284 seconds
[2025-03-09T11:59:10.829+0000] {processor.py:186} INFO - Started process (PID=12311) to work on /home/airflow/.local/lib/python3.12/site-packages/airflow/example_dags/example_latest_only_with_trigger.py
[2025-03-09T11:59:10.834+0000] {processor.py:914} INFO - Processing file /home/airflow/.local/lib/python3.12/site-packages/airflow/example_dags/example_latest_only_with_trigger.py for tasks to queue
[2025-03-09T11:59:10.839+0000] {logging_mixin.py:190} INFO - [2025-03-09T11:59:10.838+0000] {dagbag.py:588} INFO - Filling up the DagBag from /home/airflow/.local/lib/python3.12/site-packages/airflow/example_dags/example_latest_only_with_trigger.py
[2025-03-09T11:59:10.885+0000] {processor.py:925} INFO - DAG(s) 'latest_only_with_trigger' retrieved from /home/airflow/.local/lib/python3.12/site-packages/airflow/example_dags/example_latest_only_with_trigger.py
[2025-03-09T11:59:10.953+0000] {logging_mixin.py:190} INFO - [2025-03-09T11:59:10.952+0000] {dag.py:3239} INFO - Sync 1 DAGs
[2025-03-09T11:59:11.033+0000] {logging_mixin.py:190} INFO - [2025-03-09T11:59:11.033+0000] {dag.py:4180} INFO - Setting next_dagrun for latest_only_with_trigger to 2025-03-09 04:00:00+00:00, run_after=2025-03-09 08:00:00+00:00
[2025-03-09T11:59:11.133+0000] {processor.py:208} INFO - Processing /home/airflow/.local/lib/python3.12/site-packages/airflow/example_dags/example_latest_only_with_trigger.py took 0.326 seconds
[2025-03-09T11:59:41.462+0000] {processor.py:186} INFO - Started process (PID=12375) to work on /home/airflow/.local/lib/python3.12/site-packages/airflow/example_dags/example_latest_only_with_trigger.py
[2025-03-09T11:59:41.463+0000] {processor.py:914} INFO - Processing file /home/airflow/.local/lib/python3.12/site-packages/airflow/example_dags/example_latest_only_with_trigger.py for tasks to queue
[2025-03-09T11:59:41.466+0000] {logging_mixin.py:190} INFO - [2025-03-09T11:59:41.465+0000] {dagbag.py:588} INFO - Filling up the DagBag from /home/airflow/.local/lib/python3.12/site-packages/airflow/example_dags/example_latest_only_with_trigger.py
[2025-03-09T11:59:41.478+0000] {processor.py:925} INFO - DAG(s) 'latest_only_with_trigger' retrieved from /home/airflow/.local/lib/python3.12/site-packages/airflow/example_dags/example_latest_only_with_trigger.py
[2025-03-09T11:59:41.509+0000] {logging_mixin.py:190} INFO - [2025-03-09T11:59:41.509+0000] {dag.py:3239} INFO - Sync 1 DAGs
[2025-03-09T11:59:41.550+0000] {logging_mixin.py:190} INFO - [2025-03-09T11:59:41.550+0000] {dag.py:4180} INFO - Setting next_dagrun for latest_only_with_trigger to 2025-03-09 04:00:00+00:00, run_after=2025-03-09 08:00:00+00:00
[2025-03-09T11:59:41.583+0000] {processor.py:208} INFO - Processing /home/airflow/.local/lib/python3.12/site-packages/airflow/example_dags/example_latest_only_with_trigger.py took 0.129 seconds
[2025-03-09T12:00:11.763+0000] {processor.py:186} INFO - Started process (PID=12440) to work on /home/airflow/.local/lib/python3.12/site-packages/airflow/example_dags/example_latest_only_with_trigger.py
[2025-03-09T12:00:11.765+0000] {processor.py:914} INFO - Processing file /home/airflow/.local/lib/python3.12/site-packages/airflow/example_dags/example_latest_only_with_trigger.py for tasks to queue
[2025-03-09T12:00:11.768+0000] {logging_mixin.py:190} INFO - [2025-03-09T12:00:11.768+0000] {dagbag.py:588} INFO - Filling up the DagBag from /home/airflow/.local/lib/python3.12/site-packages/airflow/example_dags/example_latest_only_with_trigger.py
[2025-03-09T12:00:11.789+0000] {processor.py:925} INFO - DAG(s) 'latest_only_with_trigger' retrieved from /home/airflow/.local/lib/python3.12/site-packages/airflow/example_dags/example_latest_only_with_trigger.py
[2025-03-09T12:00:11.834+0000] {logging_mixin.py:190} INFO - [2025-03-09T12:00:11.833+0000] {dag.py:3239} INFO - Sync 1 DAGs
[2025-03-09T12:00:11.882+0000] {logging_mixin.py:190} INFO - [2025-03-09T12:00:11.882+0000] {dag.py:4180} INFO - Setting next_dagrun for latest_only_with_trigger to 2025-03-09 08:00:00+00:00, run_after=2025-03-09 12:00:00+00:00
[2025-03-09T12:00:11.922+0000] {processor.py:208} INFO - Processing /home/airflow/.local/lib/python3.12/site-packages/airflow/example_dags/example_latest_only_with_trigger.py took 0.173 seconds
[2025-03-09T12:00:42.080+0000] {processor.py:186} INFO - Started process (PID=12505) to work on /home/airflow/.local/lib/python3.12/site-packages/airflow/example_dags/example_latest_only_with_trigger.py
[2025-03-09T12:00:42.082+0000] {processor.py:914} INFO - Processing file /home/airflow/.local/lib/python3.12/site-packages/airflow/example_dags/example_latest_only_with_trigger.py for tasks to queue
[2025-03-09T12:00:42.085+0000] {logging_mixin.py:190} INFO - [2025-03-09T12:00:42.084+0000] {dagbag.py:588} INFO - Filling up the DagBag from /home/airflow/.local/lib/python3.12/site-packages/airflow/example_dags/example_latest_only_with_trigger.py
[2025-03-09T12:00:42.109+0000] {processor.py:925} INFO - DAG(s) 'latest_only_with_trigger' retrieved from /home/airflow/.local/lib/python3.12/site-packages/airflow/example_dags/example_latest_only_with_trigger.py
[2025-03-09T12:00:42.161+0000] {logging_mixin.py:190} INFO - [2025-03-09T12:00:42.160+0000] {dag.py:3239} INFO - Sync 1 DAGs
[2025-03-09T12:00:42.232+0000] {logging_mixin.py:190} INFO - [2025-03-09T12:00:42.232+0000] {dag.py:4180} INFO - Setting next_dagrun for latest_only_with_trigger to 2025-03-09 08:00:00+00:00, run_after=2025-03-09 12:00:00+00:00
[2025-03-09T12:00:42.283+0000] {processor.py:208} INFO - Processing /home/airflow/.local/lib/python3.12/site-packages/airflow/example_dags/example_latest_only_with_trigger.py took 0.217 seconds
[2025-03-09T12:01:12.444+0000] {processor.py:186} INFO - Started process (PID=12569) to work on /home/airflow/.local/lib/python3.12/site-packages/airflow/example_dags/example_latest_only_with_trigger.py
[2025-03-09T12:01:12.447+0000] {processor.py:914} INFO - Processing file /home/airflow/.local/lib/python3.12/site-packages/airflow/example_dags/example_latest_only_with_trigger.py for tasks to queue
[2025-03-09T12:01:12.449+0000] {logging_mixin.py:190} INFO - [2025-03-09T12:01:12.449+0000] {dagbag.py:588} INFO - Filling up the DagBag from /home/airflow/.local/lib/python3.12/site-packages/airflow/example_dags/example_latest_only_with_trigger.py
[2025-03-09T12:01:12.473+0000] {processor.py:925} INFO - DAG(s) 'latest_only_with_trigger' retrieved from /home/airflow/.local/lib/python3.12/site-packages/airflow/example_dags/example_latest_only_with_trigger.py
[2025-03-09T12:01:12.539+0000] {logging_mixin.py:190} INFO - [2025-03-09T12:01:12.538+0000] {dag.py:3239} INFO - Sync 1 DAGs
[2025-03-09T12:01:12.643+0000] {logging_mixin.py:190} INFO - [2025-03-09T12:01:12.641+0000] {dag.py:4180} INFO - Setting next_dagrun for latest_only_with_trigger to 2025-03-09 08:00:00+00:00, run_after=2025-03-09 12:00:00+00:00
[2025-03-09T12:01:12.704+0000] {processor.py:208} INFO - Processing /home/airflow/.local/lib/python3.12/site-packages/airflow/example_dags/example_latest_only_with_trigger.py took 0.270 seconds
[2025-03-09T12:01:43.564+0000] {processor.py:186} INFO - Started process (PID=12635) to work on /home/airflow/.local/lib/python3.12/site-packages/airflow/example_dags/example_latest_only_with_trigger.py
[2025-03-09T12:01:43.566+0000] {processor.py:914} INFO - Processing file /home/airflow/.local/lib/python3.12/site-packages/airflow/example_dags/example_latest_only_with_trigger.py for tasks to queue
[2025-03-09T12:01:43.570+0000] {logging_mixin.py:190} INFO - [2025-03-09T12:01:43.570+0000] {dagbag.py:588} INFO - Filling up the DagBag from /home/airflow/.local/lib/python3.12/site-packages/airflow/example_dags/example_latest_only_with_trigger.py
[2025-03-09T12:01:43.588+0000] {processor.py:925} INFO - DAG(s) 'latest_only_with_trigger' retrieved from /home/airflow/.local/lib/python3.12/site-packages/airflow/example_dags/example_latest_only_with_trigger.py
[2025-03-09T12:01:43.631+0000] {logging_mixin.py:190} INFO - [2025-03-09T12:01:43.630+0000] {dag.py:3239} INFO - Sync 1 DAGs
[2025-03-09T12:01:43.680+0000] {logging_mixin.py:190} INFO - [2025-03-09T12:01:43.680+0000] {dag.py:4180} INFO - Setting next_dagrun for latest_only_with_trigger to 2025-03-09 08:00:00+00:00, run_after=2025-03-09 12:00:00+00:00
[2025-03-09T12:01:43.724+0000] {processor.py:208} INFO - Processing /home/airflow/.local/lib/python3.12/site-packages/airflow/example_dags/example_latest_only_with_trigger.py took 0.173 seconds
[2025-03-09T12:02:14.033+0000] {processor.py:186} INFO - Started process (PID=12700) to work on /home/airflow/.local/lib/python3.12/site-packages/airflow/example_dags/example_latest_only_with_trigger.py
[2025-03-09T12:02:14.036+0000] {processor.py:914} INFO - Processing file /home/airflow/.local/lib/python3.12/site-packages/airflow/example_dags/example_latest_only_with_trigger.py for tasks to queue
[2025-03-09T12:02:14.040+0000] {logging_mixin.py:190} INFO - [2025-03-09T12:02:14.039+0000] {dagbag.py:588} INFO - Filling up the DagBag from /home/airflow/.local/lib/python3.12/site-packages/airflow/example_dags/example_latest_only_with_trigger.py
[2025-03-09T12:02:14.057+0000] {processor.py:925} INFO - DAG(s) 'latest_only_with_trigger' retrieved from /home/airflow/.local/lib/python3.12/site-packages/airflow/example_dags/example_latest_only_with_trigger.py
[2025-03-09T12:02:14.091+0000] {logging_mixin.py:190} INFO - [2025-03-09T12:02:14.090+0000] {dag.py:3239} INFO - Sync 1 DAGs
[2025-03-09T12:02:14.128+0000] {logging_mixin.py:190} INFO - [2025-03-09T12:02:14.128+0000] {dag.py:4180} INFO - Setting next_dagrun for latest_only_with_trigger to 2025-03-09 08:00:00+00:00, run_after=2025-03-09 12:00:00+00:00
[2025-03-09T12:02:14.162+0000] {processor.py:208} INFO - Processing /home/airflow/.local/lib/python3.12/site-packages/airflow/example_dags/example_latest_only_with_trigger.py took 0.140 seconds
[2025-03-09T12:02:44.762+0000] {processor.py:186} INFO - Started process (PID=12765) to work on /home/airflow/.local/lib/python3.12/site-packages/airflow/example_dags/example_latest_only_with_trigger.py
[2025-03-09T12:02:44.769+0000] {processor.py:914} INFO - Processing file /home/airflow/.local/lib/python3.12/site-packages/airflow/example_dags/example_latest_only_with_trigger.py for tasks to queue
[2025-03-09T12:02:44.771+0000] {logging_mixin.py:190} INFO - [2025-03-09T12:02:44.771+0000] {dagbag.py:588} INFO - Filling up the DagBag from /home/airflow/.local/lib/python3.12/site-packages/airflow/example_dags/example_latest_only_with_trigger.py
[2025-03-09T12:02:44.785+0000] {processor.py:925} INFO - DAG(s) 'latest_only_with_trigger' retrieved from /home/airflow/.local/lib/python3.12/site-packages/airflow/example_dags/example_latest_only_with_trigger.py
[2025-03-09T12:02:44.822+0000] {logging_mixin.py:190} INFO - [2025-03-09T12:02:44.821+0000] {dag.py:3239} INFO - Sync 1 DAGs
[2025-03-09T12:02:44.863+0000] {logging_mixin.py:190} INFO - [2025-03-09T12:02:44.863+0000] {dag.py:4180} INFO - Setting next_dagrun for latest_only_with_trigger to 2025-03-09 08:00:00+00:00, run_after=2025-03-09 12:00:00+00:00
[2025-03-09T12:02:44.900+0000] {processor.py:208} INFO - Processing /home/airflow/.local/lib/python3.12/site-packages/airflow/example_dags/example_latest_only_with_trigger.py took 0.146 seconds
[2025-03-09T12:03:15.489+0000] {processor.py:186} INFO - Started process (PID=12830) to work on /home/airflow/.local/lib/python3.12/site-packages/airflow/example_dags/example_latest_only_with_trigger.py
[2025-03-09T12:03:15.492+0000] {processor.py:914} INFO - Processing file /home/airflow/.local/lib/python3.12/site-packages/airflow/example_dags/example_latest_only_with_trigger.py for tasks to queue
[2025-03-09T12:03:15.495+0000] {logging_mixin.py:190} INFO - [2025-03-09T12:03:15.494+0000] {dagbag.py:588} INFO - Filling up the DagBag from /home/airflow/.local/lib/python3.12/site-packages/airflow/example_dags/example_latest_only_with_trigger.py
[2025-03-09T12:03:15.521+0000] {processor.py:925} INFO - DAG(s) 'latest_only_with_trigger' retrieved from /home/airflow/.local/lib/python3.12/site-packages/airflow/example_dags/example_latest_only_with_trigger.py
[2025-03-09T12:03:15.572+0000] {logging_mixin.py:190} INFO - [2025-03-09T12:03:15.572+0000] {dag.py:3239} INFO - Sync 1 DAGs
[2025-03-09T12:03:15.621+0000] {logging_mixin.py:190} INFO - [2025-03-09T12:03:15.621+0000] {dag.py:4180} INFO - Setting next_dagrun for latest_only_with_trigger to 2025-03-09 08:00:00+00:00, run_after=2025-03-09 12:00:00+00:00
[2025-03-09T12:03:15.659+0000] {processor.py:208} INFO - Processing /home/airflow/.local/lib/python3.12/site-packages/airflow/example_dags/example_latest_only_with_trigger.py took 0.183 seconds
[2025-03-09T12:03:46.143+0000] {processor.py:186} INFO - Started process (PID=12895) to work on /home/airflow/.local/lib/python3.12/site-packages/airflow/example_dags/example_latest_only_with_trigger.py
[2025-03-09T12:03:46.146+0000] {processor.py:914} INFO - Processing file /home/airflow/.local/lib/python3.12/site-packages/airflow/example_dags/example_latest_only_with_trigger.py for tasks to queue
[2025-03-09T12:03:46.150+0000] {logging_mixin.py:190} INFO - [2025-03-09T12:03:46.149+0000] {dagbag.py:588} INFO - Filling up the DagBag from /home/airflow/.local/lib/python3.12/site-packages/airflow/example_dags/example_latest_only_with_trigger.py
[2025-03-09T12:03:46.175+0000] {processor.py:925} INFO - DAG(s) 'latest_only_with_trigger' retrieved from /home/airflow/.local/lib/python3.12/site-packages/airflow/example_dags/example_latest_only_with_trigger.py
[2025-03-09T12:03:46.228+0000] {logging_mixin.py:190} INFO - [2025-03-09T12:03:46.228+0000] {dag.py:3239} INFO - Sync 1 DAGs
[2025-03-09T12:03:46.296+0000] {logging_mixin.py:190} INFO - [2025-03-09T12:03:46.295+0000] {dag.py:4180} INFO - Setting next_dagrun for latest_only_with_trigger to 2025-03-09 08:00:00+00:00, run_after=2025-03-09 12:00:00+00:00
[2025-03-09T12:03:46.364+0000] {processor.py:208} INFO - Processing /home/airflow/.local/lib/python3.12/site-packages/airflow/example_dags/example_latest_only_with_trigger.py took 0.236 seconds
[2025-03-09T12:04:16.556+0000] {processor.py:186} INFO - Started process (PID=12959) to work on /home/airflow/.local/lib/python3.12/site-packages/airflow/example_dags/example_latest_only_with_trigger.py
[2025-03-09T12:04:16.558+0000] {processor.py:914} INFO - Processing file /home/airflow/.local/lib/python3.12/site-packages/airflow/example_dags/example_latest_only_with_trigger.py for tasks to queue
[2025-03-09T12:04:16.561+0000] {logging_mixin.py:190} INFO - [2025-03-09T12:04:16.560+0000] {dagbag.py:588} INFO - Filling up the DagBag from /home/airflow/.local/lib/python3.12/site-packages/airflow/example_dags/example_latest_only_with_trigger.py
[2025-03-09T12:04:16.580+0000] {processor.py:925} INFO - DAG(s) 'latest_only_with_trigger' retrieved from /home/airflow/.local/lib/python3.12/site-packages/airflow/example_dags/example_latest_only_with_trigger.py
[2025-03-09T12:04:16.643+0000] {logging_mixin.py:190} INFO - [2025-03-09T12:04:16.643+0000] {dag.py:3239} INFO - Sync 1 DAGs
[2025-03-09T12:04:16.761+0000] {logging_mixin.py:190} INFO - [2025-03-09T12:04:16.761+0000] {dag.py:4180} INFO - Setting next_dagrun for latest_only_with_trigger to 2025-03-09 08:00:00+00:00, run_after=2025-03-09 12:00:00+00:00
[2025-03-09T12:04:16.835+0000] {processor.py:208} INFO - Processing /home/airflow/.local/lib/python3.12/site-packages/airflow/example_dags/example_latest_only_with_trigger.py took 0.293 seconds
[2025-03-09T12:04:46.925+0000] {processor.py:186} INFO - Started process (PID=13024) to work on /home/airflow/.local/lib/python3.12/site-packages/airflow/example_dags/example_latest_only_with_trigger.py
[2025-03-09T12:04:46.927+0000] {processor.py:914} INFO - Processing file /home/airflow/.local/lib/python3.12/site-packages/airflow/example_dags/example_latest_only_with_trigger.py for tasks to queue
[2025-03-09T12:04:46.930+0000] {logging_mixin.py:190} INFO - [2025-03-09T12:04:46.929+0000] {dagbag.py:588} INFO - Filling up the DagBag from /home/airflow/.local/lib/python3.12/site-packages/airflow/example_dags/example_latest_only_with_trigger.py
[2025-03-09T12:04:46.943+0000] {processor.py:925} INFO - DAG(s) 'latest_only_with_trigger' retrieved from /home/airflow/.local/lib/python3.12/site-packages/airflow/example_dags/example_latest_only_with_trigger.py
[2025-03-09T12:04:46.986+0000] {logging_mixin.py:190} INFO - [2025-03-09T12:04:46.984+0000] {dag.py:3239} INFO - Sync 1 DAGs
[2025-03-09T12:04:47.027+0000] {logging_mixin.py:190} INFO - [2025-03-09T12:04:47.026+0000] {dag.py:4180} INFO - Setting next_dagrun for latest_only_with_trigger to 2025-03-09 08:00:00+00:00, run_after=2025-03-09 12:00:00+00:00
[2025-03-09T12:04:47.060+0000] {processor.py:208} INFO - Processing /home/airflow/.local/lib/python3.12/site-packages/airflow/example_dags/example_latest_only_with_trigger.py took 0.143 seconds
[2025-03-09T12:05:17.247+0000] {processor.py:186} INFO - Started process (PID=13089) to work on /home/airflow/.local/lib/python3.12/site-packages/airflow/example_dags/example_latest_only_with_trigger.py
[2025-03-09T12:05:17.249+0000] {processor.py:914} INFO - Processing file /home/airflow/.local/lib/python3.12/site-packages/airflow/example_dags/example_latest_only_with_trigger.py for tasks to queue
[2025-03-09T12:05:17.252+0000] {logging_mixin.py:190} INFO - [2025-03-09T12:05:17.251+0000] {dagbag.py:588} INFO - Filling up the DagBag from /home/airflow/.local/lib/python3.12/site-packages/airflow/example_dags/example_latest_only_with_trigger.py
[2025-03-09T12:05:17.264+0000] {processor.py:925} INFO - DAG(s) 'latest_only_with_trigger' retrieved from /home/airflow/.local/lib/python3.12/site-packages/airflow/example_dags/example_latest_only_with_trigger.py
[2025-03-09T12:05:17.294+0000] {logging_mixin.py:190} INFO - [2025-03-09T12:05:17.294+0000] {dag.py:3239} INFO - Sync 1 DAGs
[2025-03-09T12:05:17.331+0000] {logging_mixin.py:190} INFO - [2025-03-09T12:05:17.331+0000] {dag.py:4180} INFO - Setting next_dagrun for latest_only_with_trigger to 2025-03-09 08:00:00+00:00, run_after=2025-03-09 12:00:00+00:00
[2025-03-09T12:05:17.363+0000] {processor.py:208} INFO - Processing /home/airflow/.local/lib/python3.12/site-packages/airflow/example_dags/example_latest_only_with_trigger.py took 0.124 seconds
[2025-03-09T12:05:47.863+0000] {processor.py:186} INFO - Started process (PID=13154) to work on /home/airflow/.local/lib/python3.12/site-packages/airflow/example_dags/example_latest_only_with_trigger.py
[2025-03-09T12:05:47.866+0000] {processor.py:914} INFO - Processing file /home/airflow/.local/lib/python3.12/site-packages/airflow/example_dags/example_latest_only_with_trigger.py for tasks to queue
[2025-03-09T12:05:47.870+0000] {logging_mixin.py:190} INFO - [2025-03-09T12:05:47.869+0000] {dagbag.py:588} INFO - Filling up the DagBag from /home/airflow/.local/lib/python3.12/site-packages/airflow/example_dags/example_latest_only_with_trigger.py
[2025-03-09T12:05:47.903+0000] {processor.py:925} INFO - DAG(s) 'latest_only_with_trigger' retrieved from /home/airflow/.local/lib/python3.12/site-packages/airflow/example_dags/example_latest_only_with_trigger.py
[2025-03-09T12:05:47.985+0000] {logging_mixin.py:190} INFO - [2025-03-09T12:05:47.984+0000] {dag.py:3239} INFO - Sync 1 DAGs
[2025-03-09T12:05:48.060+0000] {logging_mixin.py:190} INFO - [2025-03-09T12:05:48.059+0000] {dag.py:4180} INFO - Setting next_dagrun for latest_only_with_trigger to 2025-03-09 08:00:00+00:00, run_after=2025-03-09 12:00:00+00:00
[2025-03-09T12:05:48.102+0000] {processor.py:208} INFO - Processing /home/airflow/.local/lib/python3.12/site-packages/airflow/example_dags/example_latest_only_with_trigger.py took 0.259 seconds
[2025-03-09T12:06:19.141+0000] {processor.py:186} INFO - Started process (PID=13219) to work on /home/airflow/.local/lib/python3.12/site-packages/airflow/example_dags/example_latest_only_with_trigger.py
[2025-03-09T12:06:19.143+0000] {processor.py:914} INFO - Processing file /home/airflow/.local/lib/python3.12/site-packages/airflow/example_dags/example_latest_only_with_trigger.py for tasks to queue
[2025-03-09T12:06:19.145+0000] {logging_mixin.py:190} INFO - [2025-03-09T12:06:19.145+0000] {dagbag.py:588} INFO - Filling up the DagBag from /home/airflow/.local/lib/python3.12/site-packages/airflow/example_dags/example_latest_only_with_trigger.py
[2025-03-09T12:06:19.157+0000] {processor.py:925} INFO - DAG(s) 'latest_only_with_trigger' retrieved from /home/airflow/.local/lib/python3.12/site-packages/airflow/example_dags/example_latest_only_with_trigger.py
[2025-03-09T12:06:19.192+0000] {logging_mixin.py:190} INFO - [2025-03-09T12:06:19.191+0000] {dag.py:3239} INFO - Sync 1 DAGs
[2025-03-09T12:06:19.231+0000] {logging_mixin.py:190} INFO - [2025-03-09T12:06:19.230+0000] {dag.py:4180} INFO - Setting next_dagrun for latest_only_with_trigger to 2025-03-09 08:00:00+00:00, run_after=2025-03-09 12:00:00+00:00
[2025-03-09T12:06:19.265+0000] {processor.py:208} INFO - Processing /home/airflow/.local/lib/python3.12/site-packages/airflow/example_dags/example_latest_only_with_trigger.py took 0.133 seconds
[2025-03-09T12:06:53.256+0000] {processor.py:186} INFO - Started process (PID=13290) to work on /home/airflow/.local/lib/python3.12/site-packages/airflow/example_dags/example_latest_only_with_trigger.py
[2025-03-09T12:06:53.259+0000] {processor.py:914} INFO - Processing file /home/airflow/.local/lib/python3.12/site-packages/airflow/example_dags/example_latest_only_with_trigger.py for tasks to queue
[2025-03-09T12:06:53.264+0000] {logging_mixin.py:190} INFO - [2025-03-09T12:06:53.263+0000] {dagbag.py:588} INFO - Filling up the DagBag from /home/airflow/.local/lib/python3.12/site-packages/airflow/example_dags/example_latest_only_with_trigger.py
[2025-03-09T12:06:53.315+0000] {processor.py:925} INFO - DAG(s) 'latest_only_with_trigger' retrieved from /home/airflow/.local/lib/python3.12/site-packages/airflow/example_dags/example_latest_only_with_trigger.py
[2025-03-09T12:06:53.389+0000] {logging_mixin.py:190} INFO - [2025-03-09T12:06:53.388+0000] {dag.py:3239} INFO - Sync 1 DAGs
[2025-03-09T12:06:53.521+0000] {logging_mixin.py:190} INFO - [2025-03-09T12:06:53.515+0000] {dag.py:4180} INFO - Setting next_dagrun for latest_only_with_trigger to 2025-03-09 08:00:00+00:00, run_after=2025-03-09 12:00:00+00:00
[2025-03-09T12:06:53.622+0000] {processor.py:208} INFO - Processing /home/airflow/.local/lib/python3.12/site-packages/airflow/example_dags/example_latest_only_with_trigger.py took 0.389 seconds
[2025-03-09T12:07:23.822+0000] {processor.py:186} INFO - Started process (PID=13355) to work on /home/airflow/.local/lib/python3.12/site-packages/airflow/example_dags/example_latest_only_with_trigger.py
[2025-03-09T12:07:23.824+0000] {processor.py:914} INFO - Processing file /home/airflow/.local/lib/python3.12/site-packages/airflow/example_dags/example_latest_only_with_trigger.py for tasks to queue
[2025-03-09T12:07:23.826+0000] {logging_mixin.py:190} INFO - [2025-03-09T12:07:23.825+0000] {dagbag.py:588} INFO - Filling up the DagBag from /home/airflow/.local/lib/python3.12/site-packages/airflow/example_dags/example_latest_only_with_trigger.py
[2025-03-09T12:07:23.838+0000] {processor.py:925} INFO - DAG(s) 'latest_only_with_trigger' retrieved from /home/airflow/.local/lib/python3.12/site-packages/airflow/example_dags/example_latest_only_with_trigger.py
[2025-03-09T12:07:23.871+0000] {logging_mixin.py:190} INFO - [2025-03-09T12:07:23.870+0000] {dag.py:3239} INFO - Sync 1 DAGs
[2025-03-09T12:07:23.909+0000] {logging_mixin.py:190} INFO - [2025-03-09T12:07:23.909+0000] {dag.py:4180} INFO - Setting next_dagrun for latest_only_with_trigger to 2025-03-09 08:00:00+00:00, run_after=2025-03-09 12:00:00+00:00
[2025-03-09T12:07:23.945+0000] {processor.py:208} INFO - Processing /home/airflow/.local/lib/python3.12/site-packages/airflow/example_dags/example_latest_only_with_trigger.py took 0.132 seconds
[2025-03-09T12:07:54.512+0000] {processor.py:186} INFO - Started process (PID=13420) to work on /home/airflow/.local/lib/python3.12/site-packages/airflow/example_dags/example_latest_only_with_trigger.py
[2025-03-09T12:07:54.514+0000] {processor.py:914} INFO - Processing file /home/airflow/.local/lib/python3.12/site-packages/airflow/example_dags/example_latest_only_with_trigger.py for tasks to queue
[2025-03-09T12:07:54.518+0000] {logging_mixin.py:190} INFO - [2025-03-09T12:07:54.517+0000] {dagbag.py:588} INFO - Filling up the DagBag from /home/airflow/.local/lib/python3.12/site-packages/airflow/example_dags/example_latest_only_with_trigger.py
[2025-03-09T12:07:54.555+0000] {processor.py:925} INFO - DAG(s) 'latest_only_with_trigger' retrieved from /home/airflow/.local/lib/python3.12/site-packages/airflow/example_dags/example_latest_only_with_trigger.py
[2025-03-09T12:07:54.616+0000] {logging_mixin.py:190} INFO - [2025-03-09T12:07:54.616+0000] {dag.py:3239} INFO - Sync 1 DAGs
[2025-03-09T12:07:54.667+0000] {logging_mixin.py:190} INFO - [2025-03-09T12:07:54.667+0000] {dag.py:4180} INFO - Setting next_dagrun for latest_only_with_trigger to 2025-03-09 08:00:00+00:00, run_after=2025-03-09 12:00:00+00:00
[2025-03-09T12:07:54.706+0000] {processor.py:208} INFO - Processing /home/airflow/.local/lib/python3.12/site-packages/airflow/example_dags/example_latest_only_with_trigger.py took 0.215 seconds
[2025-03-09T12:08:24.786+0000] {processor.py:186} INFO - Started process (PID=13486) to work on /home/airflow/.local/lib/python3.12/site-packages/airflow/example_dags/example_latest_only_with_trigger.py
[2025-03-09T12:08:24.788+0000] {processor.py:914} INFO - Processing file /home/airflow/.local/lib/python3.12/site-packages/airflow/example_dags/example_latest_only_with_trigger.py for tasks to queue
[2025-03-09T12:08:24.790+0000] {logging_mixin.py:190} INFO - [2025-03-09T12:08:24.790+0000] {dagbag.py:588} INFO - Filling up the DagBag from /home/airflow/.local/lib/python3.12/site-packages/airflow/example_dags/example_latest_only_with_trigger.py
[2025-03-09T12:08:24.803+0000] {processor.py:925} INFO - DAG(s) 'latest_only_with_trigger' retrieved from /home/airflow/.local/lib/python3.12/site-packages/airflow/example_dags/example_latest_only_with_trigger.py
[2025-03-09T12:08:24.834+0000] {logging_mixin.py:190} INFO - [2025-03-09T12:08:24.834+0000] {dag.py:3239} INFO - Sync 1 DAGs
[2025-03-09T12:08:24.871+0000] {logging_mixin.py:190} INFO - [2025-03-09T12:08:24.871+0000] {dag.py:4180} INFO - Setting next_dagrun for latest_only_with_trigger to 2025-03-09 08:00:00+00:00, run_after=2025-03-09 12:00:00+00:00
[2025-03-09T12:08:24.902+0000] {processor.py:208} INFO - Processing /home/airflow/.local/lib/python3.12/site-packages/airflow/example_dags/example_latest_only_with_trigger.py took 0.123 seconds
[2025-03-09T12:08:56.105+0000] {processor.py:186} INFO - Started process (PID=13551) to work on /home/airflow/.local/lib/python3.12/site-packages/airflow/example_dags/example_latest_only_with_trigger.py
[2025-03-09T12:08:56.107+0000] {processor.py:914} INFO - Processing file /home/airflow/.local/lib/python3.12/site-packages/airflow/example_dags/example_latest_only_with_trigger.py for tasks to queue
[2025-03-09T12:08:56.110+0000] {logging_mixin.py:190} INFO - [2025-03-09T12:08:56.109+0000] {dagbag.py:588} INFO - Filling up the DagBag from /home/airflow/.local/lib/python3.12/site-packages/airflow/example_dags/example_latest_only_with_trigger.py
[2025-03-09T12:08:56.126+0000] {processor.py:925} INFO - DAG(s) 'latest_only_with_trigger' retrieved from /home/airflow/.local/lib/python3.12/site-packages/airflow/example_dags/example_latest_only_with_trigger.py
[2025-03-09T12:08:56.174+0000] {logging_mixin.py:190} INFO - [2025-03-09T12:08:56.173+0000] {dag.py:3239} INFO - Sync 1 DAGs
[2025-03-09T12:08:56.260+0000] {logging_mixin.py:190} INFO - [2025-03-09T12:08:56.260+0000] {dag.py:4180} INFO - Setting next_dagrun for latest_only_with_trigger to 2025-03-09 08:00:00+00:00, run_after=2025-03-09 12:00:00+00:00
[2025-03-09T12:08:56.320+0000] {processor.py:208} INFO - Processing /home/airflow/.local/lib/python3.12/site-packages/airflow/example_dags/example_latest_only_with_trigger.py took 0.224 seconds
[2025-03-09T12:09:28.741+0000] {processor.py:186} INFO - Started process (PID=13618) to work on /home/airflow/.local/lib/python3.12/site-packages/airflow/example_dags/example_latest_only_with_trigger.py
[2025-03-09T12:09:28.743+0000] {processor.py:914} INFO - Processing file /home/airflow/.local/lib/python3.12/site-packages/airflow/example_dags/example_latest_only_with_trigger.py for tasks to queue
[2025-03-09T12:09:28.745+0000] {logging_mixin.py:190} INFO - [2025-03-09T12:09:28.745+0000] {dagbag.py:588} INFO - Filling up the DagBag from /home/airflow/.local/lib/python3.12/site-packages/airflow/example_dags/example_latest_only_with_trigger.py
[2025-03-09T12:09:28.760+0000] {processor.py:925} INFO - DAG(s) 'latest_only_with_trigger' retrieved from /home/airflow/.local/lib/python3.12/site-packages/airflow/example_dags/example_latest_only_with_trigger.py
[2025-03-09T12:09:28.797+0000] {logging_mixin.py:190} INFO - [2025-03-09T12:09:28.797+0000] {dag.py:3239} INFO - Sync 1 DAGs
[2025-03-09T12:09:28.838+0000] {logging_mixin.py:190} INFO - [2025-03-09T12:09:28.838+0000] {dag.py:4180} INFO - Setting next_dagrun for latest_only_with_trigger to 2025-03-09 08:00:00+00:00, run_after=2025-03-09 12:00:00+00:00
[2025-03-09T12:09:28.876+0000] {processor.py:208} INFO - Processing /home/airflow/.local/lib/python3.12/site-packages/airflow/example_dags/example_latest_only_with_trigger.py took 0.145 seconds
[2025-03-09T12:09:59.650+0000] {processor.py:186} INFO - Started process (PID=13684) to work on /home/airflow/.local/lib/python3.12/site-packages/airflow/example_dags/example_latest_only_with_trigger.py
[2025-03-09T12:09:59.652+0000] {processor.py:914} INFO - Processing file /home/airflow/.local/lib/python3.12/site-packages/airflow/example_dags/example_latest_only_with_trigger.py for tasks to queue
[2025-03-09T12:09:59.654+0000] {logging_mixin.py:190} INFO - [2025-03-09T12:09:59.654+0000] {dagbag.py:588} INFO - Filling up the DagBag from /home/airflow/.local/lib/python3.12/site-packages/airflow/example_dags/example_latest_only_with_trigger.py
[2025-03-09T12:09:59.666+0000] {processor.py:925} INFO - DAG(s) 'latest_only_with_trigger' retrieved from /home/airflow/.local/lib/python3.12/site-packages/airflow/example_dags/example_latest_only_with_trigger.py
[2025-03-09T12:09:59.708+0000] {logging_mixin.py:190} INFO - [2025-03-09T12:09:59.707+0000] {dag.py:3239} INFO - Sync 1 DAGs
[2025-03-09T12:09:59.752+0000] {logging_mixin.py:190} INFO - [2025-03-09T12:09:59.752+0000] {dag.py:4180} INFO - Setting next_dagrun for latest_only_with_trigger to 2025-03-09 08:00:00+00:00, run_after=2025-03-09 12:00:00+00:00
[2025-03-09T12:09:59.788+0000] {processor.py:208} INFO - Processing /home/airflow/.local/lib/python3.12/site-packages/airflow/example_dags/example_latest_only_with_trigger.py took 0.146 seconds
[2025-03-09T12:10:31.139+0000] {processor.py:186} INFO - Started process (PID=13747) to work on /home/airflow/.local/lib/python3.12/site-packages/airflow/example_dags/example_latest_only_with_trigger.py
[2025-03-09T12:10:31.141+0000] {processor.py:914} INFO - Processing file /home/airflow/.local/lib/python3.12/site-packages/airflow/example_dags/example_latest_only_with_trigger.py for tasks to queue
[2025-03-09T12:10:31.145+0000] {logging_mixin.py:190} INFO - [2025-03-09T12:10:31.144+0000] {dagbag.py:588} INFO - Filling up the DagBag from /home/airflow/.local/lib/python3.12/site-packages/airflow/example_dags/example_latest_only_with_trigger.py
[2025-03-09T12:10:31.159+0000] {processor.py:925} INFO - DAG(s) 'latest_only_with_trigger' retrieved from /home/airflow/.local/lib/python3.12/site-packages/airflow/example_dags/example_latest_only_with_trigger.py
[2025-03-09T12:10:31.193+0000] {logging_mixin.py:190} INFO - [2025-03-09T12:10:31.193+0000] {dag.py:3239} INFO - Sync 1 DAGs
[2025-03-09T12:10:31.233+0000] {logging_mixin.py:190} INFO - [2025-03-09T12:10:31.232+0000] {dag.py:4180} INFO - Setting next_dagrun for latest_only_with_trigger to 2025-03-09 08:00:00+00:00, run_after=2025-03-09 12:00:00+00:00
[2025-03-09T12:10:31.267+0000] {processor.py:208} INFO - Processing /home/airflow/.local/lib/python3.12/site-packages/airflow/example_dags/example_latest_only_with_trigger.py took 0.136 seconds
[2025-03-09T12:11:01.644+0000] {processor.py:186} INFO - Started process (PID=13807) to work on /home/airflow/.local/lib/python3.12/site-packages/airflow/example_dags/example_latest_only_with_trigger.py
[2025-03-09T12:11:01.645+0000] {processor.py:914} INFO - Processing file /home/airflow/.local/lib/python3.12/site-packages/airflow/example_dags/example_latest_only_with_trigger.py for tasks to queue
[2025-03-09T12:11:01.648+0000] {logging_mixin.py:190} INFO - [2025-03-09T12:11:01.647+0000] {dagbag.py:588} INFO - Filling up the DagBag from /home/airflow/.local/lib/python3.12/site-packages/airflow/example_dags/example_latest_only_with_trigger.py
[2025-03-09T12:11:01.665+0000] {processor.py:925} INFO - DAG(s) 'latest_only_with_trigger' retrieved from /home/airflow/.local/lib/python3.12/site-packages/airflow/example_dags/example_latest_only_with_trigger.py
[2025-03-09T12:11:01.711+0000] {logging_mixin.py:190} INFO - [2025-03-09T12:11:01.710+0000] {dag.py:3239} INFO - Sync 1 DAGs
[2025-03-09T12:11:01.751+0000] {logging_mixin.py:190} INFO - [2025-03-09T12:11:01.750+0000] {dag.py:4180} INFO - Setting next_dagrun for latest_only_with_trigger to 2025-03-09 08:00:00+00:00, run_after=2025-03-09 12:00:00+00:00
[2025-03-09T12:11:01.788+0000] {processor.py:208} INFO - Processing /home/airflow/.local/lib/python3.12/site-packages/airflow/example_dags/example_latest_only_with_trigger.py took 0.154 seconds
[2025-03-09T12:11:32.510+0000] {processor.py:186} INFO - Started process (PID=13872) to work on /home/airflow/.local/lib/python3.12/site-packages/airflow/example_dags/example_latest_only_with_trigger.py
[2025-03-09T12:11:32.513+0000] {processor.py:914} INFO - Processing file /home/airflow/.local/lib/python3.12/site-packages/airflow/example_dags/example_latest_only_with_trigger.py for tasks to queue
[2025-03-09T12:11:32.516+0000] {logging_mixin.py:190} INFO - [2025-03-09T12:11:32.515+0000] {dagbag.py:588} INFO - Filling up the DagBag from /home/airflow/.local/lib/python3.12/site-packages/airflow/example_dags/example_latest_only_with_trigger.py
[2025-03-09T12:11:32.528+0000] {processor.py:925} INFO - DAG(s) 'latest_only_with_trigger' retrieved from /home/airflow/.local/lib/python3.12/site-packages/airflow/example_dags/example_latest_only_with_trigger.py
[2025-03-09T12:11:32.561+0000] {logging_mixin.py:190} INFO - [2025-03-09T12:11:32.561+0000] {dag.py:3239} INFO - Sync 1 DAGs
[2025-03-09T12:11:32.599+0000] {logging_mixin.py:190} INFO - [2025-03-09T12:11:32.599+0000] {dag.py:4180} INFO - Setting next_dagrun for latest_only_with_trigger to 2025-03-09 08:00:00+00:00, run_after=2025-03-09 12:00:00+00:00
[2025-03-09T12:11:32.638+0000] {processor.py:208} INFO - Processing /home/airflow/.local/lib/python3.12/site-packages/airflow/example_dags/example_latest_only_with_trigger.py took 0.137 seconds
[2025-03-09T12:12:03.289+0000] {processor.py:186} INFO - Started process (PID=13937) to work on /home/airflow/.local/lib/python3.12/site-packages/airflow/example_dags/example_latest_only_with_trigger.py
[2025-03-09T12:12:03.291+0000] {processor.py:914} INFO - Processing file /home/airflow/.local/lib/python3.12/site-packages/airflow/example_dags/example_latest_only_with_trigger.py for tasks to queue
[2025-03-09T12:12:03.294+0000] {logging_mixin.py:190} INFO - [2025-03-09T12:12:03.293+0000] {dagbag.py:588} INFO - Filling up the DagBag from /home/airflow/.local/lib/python3.12/site-packages/airflow/example_dags/example_latest_only_with_trigger.py
[2025-03-09T12:12:03.308+0000] {processor.py:925} INFO - DAG(s) 'latest_only_with_trigger' retrieved from /home/airflow/.local/lib/python3.12/site-packages/airflow/example_dags/example_latest_only_with_trigger.py
[2025-03-09T12:12:03.341+0000] {logging_mixin.py:190} INFO - [2025-03-09T12:12:03.341+0000] {dag.py:3239} INFO - Sync 1 DAGs
[2025-03-09T12:12:03.379+0000] {logging_mixin.py:190} INFO - [2025-03-09T12:12:03.378+0000] {dag.py:4180} INFO - Setting next_dagrun for latest_only_with_trigger to 2025-03-09 08:00:00+00:00, run_after=2025-03-09 12:00:00+00:00
[2025-03-09T12:12:03.412+0000] {processor.py:208} INFO - Processing /home/airflow/.local/lib/python3.12/site-packages/airflow/example_dags/example_latest_only_with_trigger.py took 0.135 seconds
[2025-03-09T12:12:34.269+0000] {processor.py:186} INFO - Started process (PID=14002) to work on /home/airflow/.local/lib/python3.12/site-packages/airflow/example_dags/example_latest_only_with_trigger.py
[2025-03-09T12:12:34.271+0000] {processor.py:914} INFO - Processing file /home/airflow/.local/lib/python3.12/site-packages/airflow/example_dags/example_latest_only_with_trigger.py for tasks to queue
[2025-03-09T12:12:34.273+0000] {logging_mixin.py:190} INFO - [2025-03-09T12:12:34.273+0000] {dagbag.py:588} INFO - Filling up the DagBag from /home/airflow/.local/lib/python3.12/site-packages/airflow/example_dags/example_latest_only_with_trigger.py
[2025-03-09T12:12:34.288+0000] {processor.py:925} INFO - DAG(s) 'latest_only_with_trigger' retrieved from /home/airflow/.local/lib/python3.12/site-packages/airflow/example_dags/example_latest_only_with_trigger.py
[2025-03-09T12:12:34.330+0000] {logging_mixin.py:190} INFO - [2025-03-09T12:12:34.330+0000] {dag.py:3239} INFO - Sync 1 DAGs
[2025-03-09T12:12:34.386+0000] {logging_mixin.py:190} INFO - [2025-03-09T12:12:34.386+0000] {dag.py:4180} INFO - Setting next_dagrun for latest_only_with_trigger to 2025-03-09 08:00:00+00:00, run_after=2025-03-09 12:00:00+00:00
[2025-03-09T12:12:34.431+0000] {processor.py:208} INFO - Processing /home/airflow/.local/lib/python3.12/site-packages/airflow/example_dags/example_latest_only_with_trigger.py took 0.174 seconds
[2025-03-09T12:13:05.133+0000] {processor.py:186} INFO - Started process (PID=14066) to work on /home/airflow/.local/lib/python3.12/site-packages/airflow/example_dags/example_latest_only_with_trigger.py
[2025-03-09T12:13:05.136+0000] {processor.py:914} INFO - Processing file /home/airflow/.local/lib/python3.12/site-packages/airflow/example_dags/example_latest_only_with_trigger.py for tasks to queue
[2025-03-09T12:13:05.140+0000] {logging_mixin.py:190} INFO - [2025-03-09T12:13:05.139+0000] {dagbag.py:588} INFO - Filling up the DagBag from /home/airflow/.local/lib/python3.12/site-packages/airflow/example_dags/example_latest_only_with_trigger.py
[2025-03-09T12:13:05.181+0000] {processor.py:925} INFO - DAG(s) 'latest_only_with_trigger' retrieved from /home/airflow/.local/lib/python3.12/site-packages/airflow/example_dags/example_latest_only_with_trigger.py
[2025-03-09T12:13:05.231+0000] {logging_mixin.py:190} INFO - [2025-03-09T12:13:05.230+0000] {dag.py:3239} INFO - Sync 1 DAGs
[2025-03-09T12:13:05.311+0000] {logging_mixin.py:190} INFO - [2025-03-09T12:13:05.310+0000] {dag.py:4180} INFO - Setting next_dagrun for latest_only_with_trigger to 2025-03-09 08:00:00+00:00, run_after=2025-03-09 12:00:00+00:00
[2025-03-09T12:13:05.377+0000] {processor.py:208} INFO - Processing /home/airflow/.local/lib/python3.12/site-packages/airflow/example_dags/example_latest_only_with_trigger.py took 0.260 seconds
[2025-03-09T12:13:37.526+0000] {processor.py:186} INFO - Started process (PID=14131) to work on /home/airflow/.local/lib/python3.12/site-packages/airflow/example_dags/example_latest_only_with_trigger.py
[2025-03-09T12:13:37.528+0000] {processor.py:914} INFO - Processing file /home/airflow/.local/lib/python3.12/site-packages/airflow/example_dags/example_latest_only_with_trigger.py for tasks to queue
[2025-03-09T12:13:37.530+0000] {logging_mixin.py:190} INFO - [2025-03-09T12:13:37.529+0000] {dagbag.py:588} INFO - Filling up the DagBag from /home/airflow/.local/lib/python3.12/site-packages/airflow/example_dags/example_latest_only_with_trigger.py
[2025-03-09T12:13:37.542+0000] {processor.py:925} INFO - DAG(s) 'latest_only_with_trigger' retrieved from /home/airflow/.local/lib/python3.12/site-packages/airflow/example_dags/example_latest_only_with_trigger.py
[2025-03-09T12:13:37.578+0000] {logging_mixin.py:190} INFO - [2025-03-09T12:13:37.578+0000] {dag.py:3239} INFO - Sync 1 DAGs
[2025-03-09T12:13:37.624+0000] {logging_mixin.py:190} INFO - [2025-03-09T12:13:37.624+0000] {dag.py:4180} INFO - Setting next_dagrun for latest_only_with_trigger to 2025-03-09 08:00:00+00:00, run_after=2025-03-09 12:00:00+00:00
[2025-03-09T12:13:37.664+0000] {processor.py:208} INFO - Processing /home/airflow/.local/lib/python3.12/site-packages/airflow/example_dags/example_latest_only_with_trigger.py took 0.145 seconds
[2025-03-09T12:14:09.732+0000] {processor.py:186} INFO - Started process (PID=14196) to work on /home/airflow/.local/lib/python3.12/site-packages/airflow/example_dags/example_latest_only_with_trigger.py
[2025-03-09T12:14:09.734+0000] {processor.py:914} INFO - Processing file /home/airflow/.local/lib/python3.12/site-packages/airflow/example_dags/example_latest_only_with_trigger.py for tasks to queue
[2025-03-09T12:14:09.737+0000] {logging_mixin.py:190} INFO - [2025-03-09T12:14:09.736+0000] {dagbag.py:588} INFO - Filling up the DagBag from /home/airflow/.local/lib/python3.12/site-packages/airflow/example_dags/example_latest_only_with_trigger.py
[2025-03-09T12:14:09.756+0000] {processor.py:925} INFO - DAG(s) 'latest_only_with_trigger' retrieved from /home/airflow/.local/lib/python3.12/site-packages/airflow/example_dags/example_latest_only_with_trigger.py
[2025-03-09T12:14:09.801+0000] {logging_mixin.py:190} INFO - [2025-03-09T12:14:09.800+0000] {dag.py:3239} INFO - Sync 1 DAGs
[2025-03-09T12:14:09.858+0000] {logging_mixin.py:190} INFO - [2025-03-09T12:14:09.857+0000] {dag.py:4180} INFO - Setting next_dagrun for latest_only_with_trigger to 2025-03-09 08:00:00+00:00, run_after=2025-03-09 12:00:00+00:00
[2025-03-09T12:14:09.906+0000] {processor.py:208} INFO - Processing /home/airflow/.local/lib/python3.12/site-packages/airflow/example_dags/example_latest_only_with_trigger.py took 0.184 seconds
[2025-03-09T12:14:41.597+0000] {processor.py:186} INFO - Started process (PID=14262) to work on /home/airflow/.local/lib/python3.12/site-packages/airflow/example_dags/example_latest_only_with_trigger.py
[2025-03-09T12:14:41.599+0000] {processor.py:914} INFO - Processing file /home/airflow/.local/lib/python3.12/site-packages/airflow/example_dags/example_latest_only_with_trigger.py for tasks to queue
[2025-03-09T12:14:41.602+0000] {logging_mixin.py:190} INFO - [2025-03-09T12:14:41.602+0000] {dagbag.py:588} INFO - Filling up the DagBag from /home/airflow/.local/lib/python3.12/site-packages/airflow/example_dags/example_latest_only_with_trigger.py
[2025-03-09T12:14:41.615+0000] {processor.py:925} INFO - DAG(s) 'latest_only_with_trigger' retrieved from /home/airflow/.local/lib/python3.12/site-packages/airflow/example_dags/example_latest_only_with_trigger.py
[2025-03-09T12:14:41.647+0000] {logging_mixin.py:190} INFO - [2025-03-09T12:14:41.647+0000] {dag.py:3239} INFO - Sync 1 DAGs
[2025-03-09T12:14:41.686+0000] {logging_mixin.py:190} INFO - [2025-03-09T12:14:41.685+0000] {dag.py:4180} INFO - Setting next_dagrun for latest_only_with_trigger to 2025-03-09 08:00:00+00:00, run_after=2025-03-09 12:00:00+00:00
[2025-03-09T12:14:41.723+0000] {processor.py:208} INFO - Processing /home/airflow/.local/lib/python3.12/site-packages/airflow/example_dags/example_latest_only_with_trigger.py took 0.136 seconds
[2025-03-09T12:15:13.320+0000] {processor.py:186} INFO - Started process (PID=14327) to work on /home/airflow/.local/lib/python3.12/site-packages/airflow/example_dags/example_latest_only_with_trigger.py
[2025-03-09T12:15:13.322+0000] {processor.py:914} INFO - Processing file /home/airflow/.local/lib/python3.12/site-packages/airflow/example_dags/example_latest_only_with_trigger.py for tasks to queue
[2025-03-09T12:15:13.324+0000] {logging_mixin.py:190} INFO - [2025-03-09T12:15:13.324+0000] {dagbag.py:588} INFO - Filling up the DagBag from /home/airflow/.local/lib/python3.12/site-packages/airflow/example_dags/example_latest_only_with_trigger.py
[2025-03-09T12:15:13.338+0000] {processor.py:925} INFO - DAG(s) 'latest_only_with_trigger' retrieved from /home/airflow/.local/lib/python3.12/site-packages/airflow/example_dags/example_latest_only_with_trigger.py
[2025-03-09T12:15:13.372+0000] {logging_mixin.py:190} INFO - [2025-03-09T12:15:13.372+0000] {dag.py:3239} INFO - Sync 1 DAGs
[2025-03-09T12:15:13.410+0000] {logging_mixin.py:190} INFO - [2025-03-09T12:15:13.410+0000] {dag.py:4180} INFO - Setting next_dagrun for latest_only_with_trigger to 2025-03-09 08:00:00+00:00, run_after=2025-03-09 12:00:00+00:00
[2025-03-09T12:15:13.444+0000] {processor.py:208} INFO - Processing /home/airflow/.local/lib/python3.12/site-packages/airflow/example_dags/example_latest_only_with_trigger.py took 0.132 seconds
[2025-03-09T12:15:45.172+0000] {processor.py:186} INFO - Started process (PID=14393) to work on /home/airflow/.local/lib/python3.12/site-packages/airflow/example_dags/example_latest_only_with_trigger.py
[2025-03-09T12:15:45.176+0000] {processor.py:914} INFO - Processing file /home/airflow/.local/lib/python3.12/site-packages/airflow/example_dags/example_latest_only_with_trigger.py for tasks to queue
[2025-03-09T12:15:45.180+0000] {logging_mixin.py:190} INFO - [2025-03-09T12:15:45.179+0000] {dagbag.py:588} INFO - Filling up the DagBag from /home/airflow/.local/lib/python3.12/site-packages/airflow/example_dags/example_latest_only_with_trigger.py
[2025-03-09T12:15:45.194+0000] {processor.py:925} INFO - DAG(s) 'latest_only_with_trigger' retrieved from /home/airflow/.local/lib/python3.12/site-packages/airflow/example_dags/example_latest_only_with_trigger.py
[2025-03-09T12:15:45.236+0000] {logging_mixin.py:190} INFO - [2025-03-09T12:15:45.236+0000] {dag.py:3239} INFO - Sync 1 DAGs
[2025-03-09T12:15:45.277+0000] {logging_mixin.py:190} INFO - [2025-03-09T12:15:45.276+0000] {dag.py:4180} INFO - Setting next_dagrun for latest_only_with_trigger to 2025-03-09 08:00:00+00:00, run_after=2025-03-09 12:00:00+00:00
[2025-03-09T12:15:45.315+0000] {processor.py:208} INFO - Processing /home/airflow/.local/lib/python3.12/site-packages/airflow/example_dags/example_latest_only_with_trigger.py took 0.154 seconds
[2025-03-09T12:16:18.828+0000] {processor.py:186} INFO - Started process (PID=14458) to work on /home/airflow/.local/lib/python3.12/site-packages/airflow/example_dags/example_latest_only_with_trigger.py
[2025-03-09T12:16:18.836+0000] {processor.py:914} INFO - Processing file /home/airflow/.local/lib/python3.12/site-packages/airflow/example_dags/example_latest_only_with_trigger.py for tasks to queue
[2025-03-09T12:16:18.860+0000] {logging_mixin.py:190} INFO - [2025-03-09T12:16:18.859+0000] {dagbag.py:588} INFO - Filling up the DagBag from /home/airflow/.local/lib/python3.12/site-packages/airflow/example_dags/example_latest_only_with_trigger.py
[2025-03-09T12:16:18.913+0000] {processor.py:925} INFO - DAG(s) 'latest_only_with_trigger' retrieved from /home/airflow/.local/lib/python3.12/site-packages/airflow/example_dags/example_latest_only_with_trigger.py
[2025-03-09T12:16:19.002+0000] {logging_mixin.py:190} INFO - [2025-03-09T12:16:19.001+0000] {dag.py:3239} INFO - Sync 1 DAGs
[2025-03-09T12:16:19.105+0000] {logging_mixin.py:190} INFO - [2025-03-09T12:16:19.104+0000] {dag.py:4180} INFO - Setting next_dagrun for latest_only_with_trigger to 2025-03-09 08:00:00+00:00, run_after=2025-03-09 12:00:00+00:00
[2025-03-09T12:16:19.165+0000] {processor.py:208} INFO - Processing /home/airflow/.local/lib/python3.12/site-packages/airflow/example_dags/example_latest_only_with_trigger.py took 0.366 seconds
[2025-03-09T12:16:49.394+0000] {processor.py:186} INFO - Started process (PID=14523) to work on /home/airflow/.local/lib/python3.12/site-packages/airflow/example_dags/example_latest_only_with_trigger.py
[2025-03-09T12:16:49.396+0000] {processor.py:914} INFO - Processing file /home/airflow/.local/lib/python3.12/site-packages/airflow/example_dags/example_latest_only_with_trigger.py for tasks to queue
[2025-03-09T12:16:49.399+0000] {logging_mixin.py:190} INFO - [2025-03-09T12:16:49.399+0000] {dagbag.py:588} INFO - Filling up the DagBag from /home/airflow/.local/lib/python3.12/site-packages/airflow/example_dags/example_latest_only_with_trigger.py
[2025-03-09T12:16:49.418+0000] {processor.py:925} INFO - DAG(s) 'latest_only_with_trigger' retrieved from /home/airflow/.local/lib/python3.12/site-packages/airflow/example_dags/example_latest_only_with_trigger.py
[2025-03-09T12:16:49.455+0000] {logging_mixin.py:190} INFO - [2025-03-09T12:16:49.455+0000] {dag.py:3239} INFO - Sync 1 DAGs
[2025-03-09T12:16:49.497+0000] {logging_mixin.py:190} INFO - [2025-03-09T12:16:49.497+0000] {dag.py:4180} INFO - Setting next_dagrun for latest_only_with_trigger to 2025-03-09 08:00:00+00:00, run_after=2025-03-09 12:00:00+00:00
[2025-03-09T12:16:49.536+0000] {processor.py:208} INFO - Processing /home/airflow/.local/lib/python3.12/site-packages/airflow/example_dags/example_latest_only_with_trigger.py took 0.150 seconds
[2025-03-09T12:17:20.207+0000] {processor.py:186} INFO - Started process (PID=14588) to work on /home/airflow/.local/lib/python3.12/site-packages/airflow/example_dags/example_latest_only_with_trigger.py
[2025-03-09T12:17:20.209+0000] {processor.py:914} INFO - Processing file /home/airflow/.local/lib/python3.12/site-packages/airflow/example_dags/example_latest_only_with_trigger.py for tasks to queue
[2025-03-09T12:17:20.211+0000] {logging_mixin.py:190} INFO - [2025-03-09T12:17:20.211+0000] {dagbag.py:588} INFO - Filling up the DagBag from /home/airflow/.local/lib/python3.12/site-packages/airflow/example_dags/example_latest_only_with_trigger.py
[2025-03-09T12:17:20.226+0000] {processor.py:925} INFO - DAG(s) 'latest_only_with_trigger' retrieved from /home/airflow/.local/lib/python3.12/site-packages/airflow/example_dags/example_latest_only_with_trigger.py
[2025-03-09T12:17:20.256+0000] {logging_mixin.py:190} INFO - [2025-03-09T12:17:20.256+0000] {dag.py:3239} INFO - Sync 1 DAGs
[2025-03-09T12:17:20.310+0000] {logging_mixin.py:190} INFO - [2025-03-09T12:17:20.309+0000] {dag.py:4180} INFO - Setting next_dagrun for latest_only_with_trigger to 2025-03-09 08:00:00+00:00, run_after=2025-03-09 12:00:00+00:00
[2025-03-09T12:17:20.358+0000] {processor.py:208} INFO - Processing /home/airflow/.local/lib/python3.12/site-packages/airflow/example_dags/example_latest_only_with_trigger.py took 0.163 seconds
[2025-03-09T12:17:51.865+0000] {processor.py:186} INFO - Started process (PID=14653) to work on /home/airflow/.local/lib/python3.12/site-packages/airflow/example_dags/example_latest_only_with_trigger.py
[2025-03-09T12:17:51.866+0000] {processor.py:914} INFO - Processing file /home/airflow/.local/lib/python3.12/site-packages/airflow/example_dags/example_latest_only_with_trigger.py for tasks to queue
[2025-03-09T12:17:51.869+0000] {logging_mixin.py:190} INFO - [2025-03-09T12:17:51.869+0000] {dagbag.py:588} INFO - Filling up the DagBag from /home/airflow/.local/lib/python3.12/site-packages/airflow/example_dags/example_latest_only_with_trigger.py
[2025-03-09T12:17:51.883+0000] {processor.py:925} INFO - DAG(s) 'latest_only_with_trigger' retrieved from /home/airflow/.local/lib/python3.12/site-packages/airflow/example_dags/example_latest_only_with_trigger.py
[2025-03-09T12:17:51.916+0000] {logging_mixin.py:190} INFO - [2025-03-09T12:17:51.916+0000] {dag.py:3239} INFO - Sync 1 DAGs
[2025-03-09T12:17:51.954+0000] {logging_mixin.py:190} INFO - [2025-03-09T12:17:51.953+0000] {dag.py:4180} INFO - Setting next_dagrun for latest_only_with_trigger to 2025-03-09 08:00:00+00:00, run_after=2025-03-09 12:00:00+00:00
[2025-03-09T12:17:51.987+0000] {processor.py:208} INFO - Processing /home/airflow/.local/lib/python3.12/site-packages/airflow/example_dags/example_latest_only_with_trigger.py took 0.130 seconds
[2025-03-09T12:18:25.535+0000] {processor.py:186} INFO - Started process (PID=14725) to work on /home/airflow/.local/lib/python3.12/site-packages/airflow/example_dags/example_latest_only_with_trigger.py
[2025-03-09T12:18:25.537+0000] {processor.py:914} INFO - Processing file /home/airflow/.local/lib/python3.12/site-packages/airflow/example_dags/example_latest_only_with_trigger.py for tasks to queue
[2025-03-09T12:18:25.539+0000] {logging_mixin.py:190} INFO - [2025-03-09T12:18:25.539+0000] {dagbag.py:588} INFO - Filling up the DagBag from /home/airflow/.local/lib/python3.12/site-packages/airflow/example_dags/example_latest_only_with_trigger.py
[2025-03-09T12:18:25.552+0000] {processor.py:925} INFO - DAG(s) 'latest_only_with_trigger' retrieved from /home/airflow/.local/lib/python3.12/site-packages/airflow/example_dags/example_latest_only_with_trigger.py
[2025-03-09T12:18:25.587+0000] {logging_mixin.py:190} INFO - [2025-03-09T12:18:25.586+0000] {dag.py:3239} INFO - Sync 1 DAGs
[2025-03-09T12:18:25.625+0000] {logging_mixin.py:190} INFO - [2025-03-09T12:18:25.624+0000] {dag.py:4180} INFO - Setting next_dagrun for latest_only_with_trigger to 2025-03-09 08:00:00+00:00, run_after=2025-03-09 12:00:00+00:00
[2025-03-09T12:18:25.663+0000] {processor.py:208} INFO - Processing /home/airflow/.local/lib/python3.12/site-packages/airflow/example_dags/example_latest_only_with_trigger.py took 0.137 seconds
[2025-03-09T12:18:56.669+0000] {processor.py:186} INFO - Started process (PID=14790) to work on /home/airflow/.local/lib/python3.12/site-packages/airflow/example_dags/example_latest_only_with_trigger.py
[2025-03-09T12:18:56.671+0000] {processor.py:914} INFO - Processing file /home/airflow/.local/lib/python3.12/site-packages/airflow/example_dags/example_latest_only_with_trigger.py for tasks to queue
[2025-03-09T12:18:56.673+0000] {logging_mixin.py:190} INFO - [2025-03-09T12:18:56.673+0000] {dagbag.py:588} INFO - Filling up the DagBag from /home/airflow/.local/lib/python3.12/site-packages/airflow/example_dags/example_latest_only_with_trigger.py
[2025-03-09T12:18:56.686+0000] {processor.py:925} INFO - DAG(s) 'latest_only_with_trigger' retrieved from /home/airflow/.local/lib/python3.12/site-packages/airflow/example_dags/example_latest_only_with_trigger.py
[2025-03-09T12:18:56.717+0000] {logging_mixin.py:190} INFO - [2025-03-09T12:18:56.716+0000] {dag.py:3239} INFO - Sync 1 DAGs
[2025-03-09T12:18:56.755+0000] {logging_mixin.py:190} INFO - [2025-03-09T12:18:56.754+0000] {dag.py:4180} INFO - Setting next_dagrun for latest_only_with_trigger to 2025-03-09 08:00:00+00:00, run_after=2025-03-09 12:00:00+00:00
[2025-03-09T12:18:56.788+0000] {processor.py:208} INFO - Processing /home/airflow/.local/lib/python3.12/site-packages/airflow/example_dags/example_latest_only_with_trigger.py took 0.130 seconds
[2025-03-09T12:19:28.498+0000] {processor.py:186} INFO - Started process (PID=14855) to work on /home/airflow/.local/lib/python3.12/site-packages/airflow/example_dags/example_latest_only_with_trigger.py
[2025-03-09T12:19:28.501+0000] {processor.py:914} INFO - Processing file /home/airflow/.local/lib/python3.12/site-packages/airflow/example_dags/example_latest_only_with_trigger.py for tasks to queue
[2025-03-09T12:19:28.509+0000] {logging_mixin.py:190} INFO - [2025-03-09T12:19:28.508+0000] {dagbag.py:588} INFO - Filling up the DagBag from /home/airflow/.local/lib/python3.12/site-packages/airflow/example_dags/example_latest_only_with_trigger.py
[2025-03-09T12:19:28.539+0000] {processor.py:925} INFO - DAG(s) 'latest_only_with_trigger' retrieved from /home/airflow/.local/lib/python3.12/site-packages/airflow/example_dags/example_latest_only_with_trigger.py
[2025-03-09T12:19:28.610+0000] {logging_mixin.py:190} INFO - [2025-03-09T12:19:28.609+0000] {dag.py:3239} INFO - Sync 1 DAGs
[2025-03-09T12:19:28.693+0000] {logging_mixin.py:190} INFO - [2025-03-09T12:19:28.693+0000] {dag.py:4180} INFO - Setting next_dagrun for latest_only_with_trigger to 2025-03-09 08:00:00+00:00, run_after=2025-03-09 12:00:00+00:00
[2025-03-09T12:19:28.734+0000] {processor.py:208} INFO - Processing /home/airflow/.local/lib/python3.12/site-packages/airflow/example_dags/example_latest_only_with_trigger.py took 0.253 seconds
[2025-03-09T12:20:00.138+0000] {processor.py:186} INFO - Started process (PID=14920) to work on /home/airflow/.local/lib/python3.12/site-packages/airflow/example_dags/example_latest_only_with_trigger.py
[2025-03-09T12:20:00.140+0000] {processor.py:914} INFO - Processing file /home/airflow/.local/lib/python3.12/site-packages/airflow/example_dags/example_latest_only_with_trigger.py for tasks to queue
[2025-03-09T12:20:00.142+0000] {logging_mixin.py:190} INFO - [2025-03-09T12:20:00.141+0000] {dagbag.py:588} INFO - Filling up the DagBag from /home/airflow/.local/lib/python3.12/site-packages/airflow/example_dags/example_latest_only_with_trigger.py
[2025-03-09T12:20:00.153+0000] {processor.py:925} INFO - DAG(s) 'latest_only_with_trigger' retrieved from /home/airflow/.local/lib/python3.12/site-packages/airflow/example_dags/example_latest_only_with_trigger.py
[2025-03-09T12:20:00.186+0000] {logging_mixin.py:190} INFO - [2025-03-09T12:20:00.185+0000] {dag.py:3239} INFO - Sync 1 DAGs
[2025-03-09T12:20:00.222+0000] {logging_mixin.py:190} INFO - [2025-03-09T12:20:00.222+0000] {dag.py:4180} INFO - Setting next_dagrun for latest_only_with_trigger to 2025-03-09 08:00:00+00:00, run_after=2025-03-09 12:00:00+00:00
[2025-03-09T12:20:00.256+0000] {processor.py:208} INFO - Processing /home/airflow/.local/lib/python3.12/site-packages/airflow/example_dags/example_latest_only_with_trigger.py took 0.125 seconds
[2025-03-09T12:20:32.098+0000] {processor.py:186} INFO - Started process (PID=14986) to work on /home/airflow/.local/lib/python3.12/site-packages/airflow/example_dags/example_latest_only_with_trigger.py
[2025-03-09T12:20:32.099+0000] {processor.py:914} INFO - Processing file /home/airflow/.local/lib/python3.12/site-packages/airflow/example_dags/example_latest_only_with_trigger.py for tasks to queue
[2025-03-09T12:20:32.102+0000] {logging_mixin.py:190} INFO - [2025-03-09T12:20:32.101+0000] {dagbag.py:588} INFO - Filling up the DagBag from /home/airflow/.local/lib/python3.12/site-packages/airflow/example_dags/example_latest_only_with_trigger.py
[2025-03-09T12:20:32.115+0000] {processor.py:925} INFO - DAG(s) 'latest_only_with_trigger' retrieved from /home/airflow/.local/lib/python3.12/site-packages/airflow/example_dags/example_latest_only_with_trigger.py
[2025-03-09T12:20:32.155+0000] {logging_mixin.py:190} INFO - [2025-03-09T12:20:32.154+0000] {dag.py:3239} INFO - Sync 1 DAGs
[2025-03-09T12:20:32.208+0000] {logging_mixin.py:190} INFO - [2025-03-09T12:20:32.208+0000] {dag.py:4180} INFO - Setting next_dagrun for latest_only_with_trigger to 2025-03-09 08:00:00+00:00, run_after=2025-03-09 12:00:00+00:00
[2025-03-09T12:20:32.240+0000] {processor.py:208} INFO - Processing /home/airflow/.local/lib/python3.12/site-packages/airflow/example_dags/example_latest_only_with_trigger.py took 0.150 seconds
[2025-03-09T12:21:03.377+0000] {processor.py:186} INFO - Started process (PID=15051) to work on /home/airflow/.local/lib/python3.12/site-packages/airflow/example_dags/example_latest_only_with_trigger.py
[2025-03-09T12:21:03.379+0000] {processor.py:914} INFO - Processing file /home/airflow/.local/lib/python3.12/site-packages/airflow/example_dags/example_latest_only_with_trigger.py for tasks to queue
[2025-03-09T12:21:03.381+0000] {logging_mixin.py:190} INFO - [2025-03-09T12:21:03.381+0000] {dagbag.py:588} INFO - Filling up the DagBag from /home/airflow/.local/lib/python3.12/site-packages/airflow/example_dags/example_latest_only_with_trigger.py
[2025-03-09T12:21:03.396+0000] {processor.py:925} INFO - DAG(s) 'latest_only_with_trigger' retrieved from /home/airflow/.local/lib/python3.12/site-packages/airflow/example_dags/example_latest_only_with_trigger.py
[2025-03-09T12:21:03.429+0000] {logging_mixin.py:190} INFO - [2025-03-09T12:21:03.428+0000] {dag.py:3239} INFO - Sync 1 DAGs
[2025-03-09T12:21:03.464+0000] {logging_mixin.py:190} INFO - [2025-03-09T12:21:03.464+0000] {dag.py:4180} INFO - Setting next_dagrun for latest_only_with_trigger to 2025-03-09 08:00:00+00:00, run_after=2025-03-09 12:00:00+00:00
[2025-03-09T12:21:03.497+0000] {processor.py:208} INFO - Processing /home/airflow/.local/lib/python3.12/site-packages/airflow/example_dags/example_latest_only_with_trigger.py took 0.128 seconds
[2025-03-09T12:21:33.986+0000] {processor.py:186} INFO - Started process (PID=15115) to work on /home/airflow/.local/lib/python3.12/site-packages/airflow/example_dags/example_latest_only_with_trigger.py
[2025-03-09T12:21:33.988+0000] {processor.py:914} INFO - Processing file /home/airflow/.local/lib/python3.12/site-packages/airflow/example_dags/example_latest_only_with_trigger.py for tasks to queue
[2025-03-09T12:21:33.992+0000] {logging_mixin.py:190} INFO - [2025-03-09T12:21:33.991+0000] {dagbag.py:588} INFO - Filling up the DagBag from /home/airflow/.local/lib/python3.12/site-packages/airflow/example_dags/example_latest_only_with_trigger.py
[2025-03-09T12:21:34.011+0000] {processor.py:925} INFO - DAG(s) 'latest_only_with_trigger' retrieved from /home/airflow/.local/lib/python3.12/site-packages/airflow/example_dags/example_latest_only_with_trigger.py
[2025-03-09T12:21:34.056+0000] {logging_mixin.py:190} INFO - [2025-03-09T12:21:34.055+0000] {dag.py:3239} INFO - Sync 1 DAGs
[2025-03-09T12:21:34.116+0000] {logging_mixin.py:190} INFO - [2025-03-09T12:21:34.115+0000] {dag.py:4180} INFO - Setting next_dagrun for latest_only_with_trigger to 2025-03-09 08:00:00+00:00, run_after=2025-03-09 12:00:00+00:00
[2025-03-09T12:21:34.158+0000] {processor.py:208} INFO - Processing /home/airflow/.local/lib/python3.12/site-packages/airflow/example_dags/example_latest_only_with_trigger.py took 0.186 seconds
[2025-03-09T12:22:04.997+0000] {processor.py:186} INFO - Started process (PID=15180) to work on /home/airflow/.local/lib/python3.12/site-packages/airflow/example_dags/example_latest_only_with_trigger.py
[2025-03-09T12:22:04.999+0000] {processor.py:914} INFO - Processing file /home/airflow/.local/lib/python3.12/site-packages/airflow/example_dags/example_latest_only_with_trigger.py for tasks to queue
[2025-03-09T12:22:05.002+0000] {logging_mixin.py:190} INFO - [2025-03-09T12:22:05.001+0000] {dagbag.py:588} INFO - Filling up the DagBag from /home/airflow/.local/lib/python3.12/site-packages/airflow/example_dags/example_latest_only_with_trigger.py
[2025-03-09T12:22:05.015+0000] {processor.py:925} INFO - DAG(s) 'latest_only_with_trigger' retrieved from /home/airflow/.local/lib/python3.12/site-packages/airflow/example_dags/example_latest_only_with_trigger.py
[2025-03-09T12:22:05.048+0000] {logging_mixin.py:190} INFO - [2025-03-09T12:22:05.047+0000] {dag.py:3239} INFO - Sync 1 DAGs
[2025-03-09T12:22:05.083+0000] {logging_mixin.py:190} INFO - [2025-03-09T12:22:05.083+0000] {dag.py:4180} INFO - Setting next_dagrun for latest_only_with_trigger to 2025-03-09 08:00:00+00:00, run_after=2025-03-09 12:00:00+00:00
[2025-03-09T12:22:05.117+0000] {processor.py:208} INFO - Processing /home/airflow/.local/lib/python3.12/site-packages/airflow/example_dags/example_latest_only_with_trigger.py took 0.129 seconds
[2025-03-09T12:22:35.309+0000] {processor.py:186} INFO - Started process (PID=15244) to work on /home/airflow/.local/lib/python3.12/site-packages/airflow/example_dags/example_latest_only_with_trigger.py
[2025-03-09T12:22:35.311+0000] {processor.py:914} INFO - Processing file /home/airflow/.local/lib/python3.12/site-packages/airflow/example_dags/example_latest_only_with_trigger.py for tasks to queue
[2025-03-09T12:22:35.313+0000] {logging_mixin.py:190} INFO - [2025-03-09T12:22:35.313+0000] {dagbag.py:588} INFO - Filling up the DagBag from /home/airflow/.local/lib/python3.12/site-packages/airflow/example_dags/example_latest_only_with_trigger.py
[2025-03-09T12:22:35.328+0000] {processor.py:925} INFO - DAG(s) 'latest_only_with_trigger' retrieved from /home/airflow/.local/lib/python3.12/site-packages/airflow/example_dags/example_latest_only_with_trigger.py
[2025-03-09T12:22:35.371+0000] {logging_mixin.py:190} INFO - [2025-03-09T12:22:35.371+0000] {dag.py:3239} INFO - Sync 1 DAGs
[2025-03-09T12:22:35.422+0000] {logging_mixin.py:190} INFO - [2025-03-09T12:22:35.421+0000] {dag.py:4180} INFO - Setting next_dagrun for latest_only_with_trigger to 2025-03-09 08:00:00+00:00, run_after=2025-03-09 12:00:00+00:00
[2025-03-09T12:22:35.457+0000] {processor.py:208} INFO - Processing /home/airflow/.local/lib/python3.12/site-packages/airflow/example_dags/example_latest_only_with_trigger.py took 0.156 seconds
[2025-03-09T12:23:06.281+0000] {processor.py:186} INFO - Started process (PID=15310) to work on /home/airflow/.local/lib/python3.12/site-packages/airflow/example_dags/example_latest_only_with_trigger.py
[2025-03-09T12:23:06.283+0000] {processor.py:914} INFO - Processing file /home/airflow/.local/lib/python3.12/site-packages/airflow/example_dags/example_latest_only_with_trigger.py for tasks to queue
[2025-03-09T12:23:06.285+0000] {logging_mixin.py:190} INFO - [2025-03-09T12:23:06.285+0000] {dagbag.py:588} INFO - Filling up the DagBag from /home/airflow/.local/lib/python3.12/site-packages/airflow/example_dags/example_latest_only_with_trigger.py
[2025-03-09T12:23:06.300+0000] {processor.py:925} INFO - DAG(s) 'latest_only_with_trigger' retrieved from /home/airflow/.local/lib/python3.12/site-packages/airflow/example_dags/example_latest_only_with_trigger.py
[2025-03-09T12:23:06.347+0000] {logging_mixin.py:190} INFO - [2025-03-09T12:23:06.347+0000] {dag.py:3239} INFO - Sync 1 DAGs
[2025-03-09T12:23:06.391+0000] {logging_mixin.py:190} INFO - [2025-03-09T12:23:06.391+0000] {dag.py:4180} INFO - Setting next_dagrun for latest_only_with_trigger to 2025-03-09 08:00:00+00:00, run_after=2025-03-09 12:00:00+00:00
[2025-03-09T12:23:06.429+0000] {processor.py:208} INFO - Processing /home/airflow/.local/lib/python3.12/site-packages/airflow/example_dags/example_latest_only_with_trigger.py took 0.158 seconds
[2025-03-09T12:23:36.833+0000] {processor.py:186} INFO - Started process (PID=15375) to work on /home/airflow/.local/lib/python3.12/site-packages/airflow/example_dags/example_latest_only_with_trigger.py
[2025-03-09T12:23:36.834+0000] {processor.py:914} INFO - Processing file /home/airflow/.local/lib/python3.12/site-packages/airflow/example_dags/example_latest_only_with_trigger.py for tasks to queue
[2025-03-09T12:23:36.838+0000] {logging_mixin.py:190} INFO - [2025-03-09T12:23:36.837+0000] {dagbag.py:588} INFO - Filling up the DagBag from /home/airflow/.local/lib/python3.12/site-packages/airflow/example_dags/example_latest_only_with_trigger.py
[2025-03-09T12:23:36.854+0000] {processor.py:925} INFO - DAG(s) 'latest_only_with_trigger' retrieved from /home/airflow/.local/lib/python3.12/site-packages/airflow/example_dags/example_latest_only_with_trigger.py
[2025-03-09T12:23:36.890+0000] {logging_mixin.py:190} INFO - [2025-03-09T12:23:36.890+0000] {dag.py:3239} INFO - Sync 1 DAGs
[2025-03-09T12:23:36.932+0000] {logging_mixin.py:190} INFO - [2025-03-09T12:23:36.932+0000] {dag.py:4180} INFO - Setting next_dagrun for latest_only_with_trigger to 2025-03-09 08:00:00+00:00, run_after=2025-03-09 12:00:00+00:00
[2025-03-09T12:23:36.973+0000] {processor.py:208} INFO - Processing /home/airflow/.local/lib/python3.12/site-packages/airflow/example_dags/example_latest_only_with_trigger.py took 0.149 seconds
[2025-03-09T12:24:07.347+0000] {processor.py:186} INFO - Started process (PID=15440) to work on /home/airflow/.local/lib/python3.12/site-packages/airflow/example_dags/example_latest_only_with_trigger.py
[2025-03-09T12:24:07.349+0000] {processor.py:914} INFO - Processing file /home/airflow/.local/lib/python3.12/site-packages/airflow/example_dags/example_latest_only_with_trigger.py for tasks to queue
[2025-03-09T12:24:07.352+0000] {logging_mixin.py:190} INFO - [2025-03-09T12:24:07.351+0000] {dagbag.py:588} INFO - Filling up the DagBag from /home/airflow/.local/lib/python3.12/site-packages/airflow/example_dags/example_latest_only_with_trigger.py
[2025-03-09T12:24:07.371+0000] {processor.py:925} INFO - DAG(s) 'latest_only_with_trigger' retrieved from /home/airflow/.local/lib/python3.12/site-packages/airflow/example_dags/example_latest_only_with_trigger.py
[2025-03-09T12:24:07.413+0000] {logging_mixin.py:190} INFO - [2025-03-09T12:24:07.412+0000] {dag.py:3239} INFO - Sync 1 DAGs
[2025-03-09T12:24:07.462+0000] {logging_mixin.py:190} INFO - [2025-03-09T12:24:07.461+0000] {dag.py:4180} INFO - Setting next_dagrun for latest_only_with_trigger to 2025-03-09 08:00:00+00:00, run_after=2025-03-09 12:00:00+00:00
[2025-03-09T12:24:07.500+0000] {processor.py:208} INFO - Processing /home/airflow/.local/lib/python3.12/site-packages/airflow/example_dags/example_latest_only_with_trigger.py took 0.164 seconds
[2025-03-09T12:24:37.763+0000] {processor.py:186} INFO - Started process (PID=15506) to work on /home/airflow/.local/lib/python3.12/site-packages/airflow/example_dags/example_latest_only_with_trigger.py
[2025-03-09T12:24:37.765+0000] {processor.py:914} INFO - Processing file /home/airflow/.local/lib/python3.12/site-packages/airflow/example_dags/example_latest_only_with_trigger.py for tasks to queue
[2025-03-09T12:24:37.767+0000] {logging_mixin.py:190} INFO - [2025-03-09T12:24:37.767+0000] {dagbag.py:588} INFO - Filling up the DagBag from /home/airflow/.local/lib/python3.12/site-packages/airflow/example_dags/example_latest_only_with_trigger.py
[2025-03-09T12:24:37.781+0000] {processor.py:925} INFO - DAG(s) 'latest_only_with_trigger' retrieved from /home/airflow/.local/lib/python3.12/site-packages/airflow/example_dags/example_latest_only_with_trigger.py
[2025-03-09T12:24:37.815+0000] {logging_mixin.py:190} INFO - [2025-03-09T12:24:37.814+0000] {dag.py:3239} INFO - Sync 1 DAGs
[2025-03-09T12:24:37.852+0000] {logging_mixin.py:190} INFO - [2025-03-09T12:24:37.851+0000] {dag.py:4180} INFO - Setting next_dagrun for latest_only_with_trigger to 2025-03-09 08:00:00+00:00, run_after=2025-03-09 12:00:00+00:00
[2025-03-09T12:24:37.884+0000] {processor.py:208} INFO - Processing /home/airflow/.local/lib/python3.12/site-packages/airflow/example_dags/example_latest_only_with_trigger.py took 0.130 seconds
[2025-03-09T12:25:08.969+0000] {processor.py:186} INFO - Started process (PID=15571) to work on /home/airflow/.local/lib/python3.12/site-packages/airflow/example_dags/example_latest_only_with_trigger.py
[2025-03-09T12:25:08.971+0000] {processor.py:914} INFO - Processing file /home/airflow/.local/lib/python3.12/site-packages/airflow/example_dags/example_latest_only_with_trigger.py for tasks to queue
[2025-03-09T12:25:08.975+0000] {logging_mixin.py:190} INFO - [2025-03-09T12:25:08.973+0000] {dagbag.py:588} INFO - Filling up the DagBag from /home/airflow/.local/lib/python3.12/site-packages/airflow/example_dags/example_latest_only_with_trigger.py
[2025-03-09T12:25:08.994+0000] {processor.py:925} INFO - DAG(s) 'latest_only_with_trigger' retrieved from /home/airflow/.local/lib/python3.12/site-packages/airflow/example_dags/example_latest_only_with_trigger.py
[2025-03-09T12:25:09.031+0000] {logging_mixin.py:190} INFO - [2025-03-09T12:25:09.030+0000] {dag.py:3239} INFO - Sync 1 DAGs
[2025-03-09T12:25:09.094+0000] {logging_mixin.py:190} INFO - [2025-03-09T12:25:09.094+0000] {dag.py:4180} INFO - Setting next_dagrun for latest_only_with_trigger to 2025-03-09 08:00:00+00:00, run_after=2025-03-09 12:00:00+00:00
[2025-03-09T12:25:09.123+0000] {processor.py:208} INFO - Processing /home/airflow/.local/lib/python3.12/site-packages/airflow/example_dags/example_latest_only_with_trigger.py took 0.164 seconds
[2025-03-09T12:25:39.231+0000] {processor.py:186} INFO - Started process (PID=15636) to work on /home/airflow/.local/lib/python3.12/site-packages/airflow/example_dags/example_latest_only_with_trigger.py
[2025-03-09T12:25:39.233+0000] {processor.py:914} INFO - Processing file /home/airflow/.local/lib/python3.12/site-packages/airflow/example_dags/example_latest_only_with_trigger.py for tasks to queue
[2025-03-09T12:25:39.235+0000] {logging_mixin.py:190} INFO - [2025-03-09T12:25:39.235+0000] {dagbag.py:588} INFO - Filling up the DagBag from /home/airflow/.local/lib/python3.12/site-packages/airflow/example_dags/example_latest_only_with_trigger.py
[2025-03-09T12:25:39.249+0000] {processor.py:925} INFO - DAG(s) 'latest_only_with_trigger' retrieved from /home/airflow/.local/lib/python3.12/site-packages/airflow/example_dags/example_latest_only_with_trigger.py
[2025-03-09T12:25:39.287+0000] {logging_mixin.py:190} INFO - [2025-03-09T12:25:39.286+0000] {dag.py:3239} INFO - Sync 1 DAGs
[2025-03-09T12:25:39.334+0000] {logging_mixin.py:190} INFO - [2025-03-09T12:25:39.333+0000] {dag.py:4180} INFO - Setting next_dagrun for latest_only_with_trigger to 2025-03-09 08:00:00+00:00, run_after=2025-03-09 12:00:00+00:00
[2025-03-09T12:25:39.372+0000] {processor.py:208} INFO - Processing /home/airflow/.local/lib/python3.12/site-packages/airflow/example_dags/example_latest_only_with_trigger.py took 0.148 seconds
[2025-03-09T12:26:09.508+0000] {processor.py:186} INFO - Started process (PID=15701) to work on /home/airflow/.local/lib/python3.12/site-packages/airflow/example_dags/example_latest_only_with_trigger.py
[2025-03-09T12:26:09.510+0000] {processor.py:914} INFO - Processing file /home/airflow/.local/lib/python3.12/site-packages/airflow/example_dags/example_latest_only_with_trigger.py for tasks to queue
[2025-03-09T12:26:09.512+0000] {logging_mixin.py:190} INFO - [2025-03-09T12:26:09.511+0000] {dagbag.py:588} INFO - Filling up the DagBag from /home/airflow/.local/lib/python3.12/site-packages/airflow/example_dags/example_latest_only_with_trigger.py
[2025-03-09T12:26:09.524+0000] {processor.py:925} INFO - DAG(s) 'latest_only_with_trigger' retrieved from /home/airflow/.local/lib/python3.12/site-packages/airflow/example_dags/example_latest_only_with_trigger.py
[2025-03-09T12:26:09.557+0000] {logging_mixin.py:190} INFO - [2025-03-09T12:26:09.556+0000] {dag.py:3239} INFO - Sync 1 DAGs
[2025-03-09T12:26:09.597+0000] {logging_mixin.py:190} INFO - [2025-03-09T12:26:09.597+0000] {dag.py:4180} INFO - Setting next_dagrun for latest_only_with_trigger to 2025-03-09 08:00:00+00:00, run_after=2025-03-09 12:00:00+00:00
[2025-03-09T12:26:09.631+0000] {processor.py:208} INFO - Processing /home/airflow/.local/lib/python3.12/site-packages/airflow/example_dags/example_latest_only_with_trigger.py took 0.131 seconds
[2025-03-09T12:26:40.051+0000] {processor.py:186} INFO - Started process (PID=15766) to work on /home/airflow/.local/lib/python3.12/site-packages/airflow/example_dags/example_latest_only_with_trigger.py
[2025-03-09T12:26:40.052+0000] {processor.py:914} INFO - Processing file /home/airflow/.local/lib/python3.12/site-packages/airflow/example_dags/example_latest_only_with_trigger.py for tasks to queue
[2025-03-09T12:26:40.055+0000] {logging_mixin.py:190} INFO - [2025-03-09T12:26:40.054+0000] {dagbag.py:588} INFO - Filling up the DagBag from /home/airflow/.local/lib/python3.12/site-packages/airflow/example_dags/example_latest_only_with_trigger.py
[2025-03-09T12:26:40.070+0000] {processor.py:925} INFO - DAG(s) 'latest_only_with_trigger' retrieved from /home/airflow/.local/lib/python3.12/site-packages/airflow/example_dags/example_latest_only_with_trigger.py
[2025-03-09T12:26:40.107+0000] {logging_mixin.py:190} INFO - [2025-03-09T12:26:40.107+0000] {dag.py:3239} INFO - Sync 1 DAGs
[2025-03-09T12:26:40.148+0000] {logging_mixin.py:190} INFO - [2025-03-09T12:26:40.148+0000] {dag.py:4180} INFO - Setting next_dagrun for latest_only_with_trigger to 2025-03-09 08:00:00+00:00, run_after=2025-03-09 12:00:00+00:00
[2025-03-09T12:26:40.199+0000] {processor.py:208} INFO - Processing /home/airflow/.local/lib/python3.12/site-packages/airflow/example_dags/example_latest_only_with_trigger.py took 0.157 seconds
[2025-03-09T12:27:11.120+0000] {processor.py:186} INFO - Started process (PID=15831) to work on /home/airflow/.local/lib/python3.12/site-packages/airflow/example_dags/example_latest_only_with_trigger.py
[2025-03-09T12:27:11.153+0000] {processor.py:914} INFO - Processing file /home/airflow/.local/lib/python3.12/site-packages/airflow/example_dags/example_latest_only_with_trigger.py for tasks to queue
[2025-03-09T12:27:11.167+0000] {logging_mixin.py:190} INFO - [2025-03-09T12:27:11.166+0000] {dagbag.py:588} INFO - Filling up the DagBag from /home/airflow/.local/lib/python3.12/site-packages/airflow/example_dags/example_latest_only_with_trigger.py
[2025-03-09T12:27:11.269+0000] {processor.py:925} INFO - DAG(s) 'latest_only_with_trigger' retrieved from /home/airflow/.local/lib/python3.12/site-packages/airflow/example_dags/example_latest_only_with_trigger.py
[2025-03-09T12:27:11.331+0000] {logging_mixin.py:190} INFO - [2025-03-09T12:27:11.331+0000] {dag.py:3239} INFO - Sync 1 DAGs
[2025-03-09T12:27:11.411+0000] {logging_mixin.py:190} INFO - [2025-03-09T12:27:11.411+0000] {dag.py:4180} INFO - Setting next_dagrun for latest_only_with_trigger to 2025-03-09 08:00:00+00:00, run_after=2025-03-09 12:00:00+00:00
[2025-03-09T12:27:11.476+0000] {processor.py:208} INFO - Processing /home/airflow/.local/lib/python3.12/site-packages/airflow/example_dags/example_latest_only_with_trigger.py took 0.376 seconds
[2025-03-09T12:27:41.612+0000] {processor.py:186} INFO - Started process (PID=15896) to work on /home/airflow/.local/lib/python3.12/site-packages/airflow/example_dags/example_latest_only_with_trigger.py
[2025-03-09T12:27:41.614+0000] {processor.py:914} INFO - Processing file /home/airflow/.local/lib/python3.12/site-packages/airflow/example_dags/example_latest_only_with_trigger.py for tasks to queue
[2025-03-09T12:27:41.617+0000] {logging_mixin.py:190} INFO - [2025-03-09T12:27:41.616+0000] {dagbag.py:588} INFO - Filling up the DagBag from /home/airflow/.local/lib/python3.12/site-packages/airflow/example_dags/example_latest_only_with_trigger.py
[2025-03-09T12:27:41.630+0000] {processor.py:925} INFO - DAG(s) 'latest_only_with_trigger' retrieved from /home/airflow/.local/lib/python3.12/site-packages/airflow/example_dags/example_latest_only_with_trigger.py
[2025-03-09T12:27:41.665+0000] {logging_mixin.py:190} INFO - [2025-03-09T12:27:41.665+0000] {dag.py:3239} INFO - Sync 1 DAGs
[2025-03-09T12:27:41.705+0000] {logging_mixin.py:190} INFO - [2025-03-09T12:27:41.705+0000] {dag.py:4180} INFO - Setting next_dagrun for latest_only_with_trigger to 2025-03-09 08:00:00+00:00, run_after=2025-03-09 12:00:00+00:00
[2025-03-09T12:27:41.745+0000] {processor.py:208} INFO - Processing /home/airflow/.local/lib/python3.12/site-packages/airflow/example_dags/example_latest_only_with_trigger.py took 0.142 seconds
[2025-03-09T12:28:12.001+0000] {processor.py:186} INFO - Started process (PID=15961) to work on /home/airflow/.local/lib/python3.12/site-packages/airflow/example_dags/example_latest_only_with_trigger.py
[2025-03-09T12:28:12.012+0000] {processor.py:914} INFO - Processing file /home/airflow/.local/lib/python3.12/site-packages/airflow/example_dags/example_latest_only_with_trigger.py for tasks to queue
[2025-03-09T12:28:12.017+0000] {logging_mixin.py:190} INFO - [2025-03-09T12:28:12.016+0000] {dagbag.py:588} INFO - Filling up the DagBag from /home/airflow/.local/lib/python3.12/site-packages/airflow/example_dags/example_latest_only_with_trigger.py
[2025-03-09T12:28:12.055+0000] {processor.py:925} INFO - DAG(s) 'latest_only_with_trigger' retrieved from /home/airflow/.local/lib/python3.12/site-packages/airflow/example_dags/example_latest_only_with_trigger.py
[2025-03-09T12:28:12.141+0000] {logging_mixin.py:190} INFO - [2025-03-09T12:28:12.140+0000] {dag.py:3239} INFO - Sync 1 DAGs
[2025-03-09T12:28:12.216+0000] {logging_mixin.py:190} INFO - [2025-03-09T12:28:12.215+0000] {dag.py:4180} INFO - Setting next_dagrun for latest_only_with_trigger to 2025-03-09 08:00:00+00:00, run_after=2025-03-09 12:00:00+00:00
[2025-03-09T12:28:12.267+0000] {processor.py:208} INFO - Processing /home/airflow/.local/lib/python3.12/site-packages/airflow/example_dags/example_latest_only_with_trigger.py took 0.288 seconds
[2025-03-09T12:28:42.378+0000] {processor.py:186} INFO - Started process (PID=16026) to work on /home/airflow/.local/lib/python3.12/site-packages/airflow/example_dags/example_latest_only_with_trigger.py
[2025-03-09T12:28:42.380+0000] {processor.py:914} INFO - Processing file /home/airflow/.local/lib/python3.12/site-packages/airflow/example_dags/example_latest_only_with_trigger.py for tasks to queue
[2025-03-09T12:28:42.383+0000] {logging_mixin.py:190} INFO - [2025-03-09T12:28:42.382+0000] {dagbag.py:588} INFO - Filling up the DagBag from /home/airflow/.local/lib/python3.12/site-packages/airflow/example_dags/example_latest_only_with_trigger.py
[2025-03-09T12:28:42.399+0000] {processor.py:925} INFO - DAG(s) 'latest_only_with_trigger' retrieved from /home/airflow/.local/lib/python3.12/site-packages/airflow/example_dags/example_latest_only_with_trigger.py
[2025-03-09T12:28:42.431+0000] {logging_mixin.py:190} INFO - [2025-03-09T12:28:42.431+0000] {dag.py:3239} INFO - Sync 1 DAGs
[2025-03-09T12:28:42.470+0000] {logging_mixin.py:190} INFO - [2025-03-09T12:28:42.470+0000] {dag.py:4180} INFO - Setting next_dagrun for latest_only_with_trigger to 2025-03-09 08:00:00+00:00, run_after=2025-03-09 12:00:00+00:00
[2025-03-09T12:28:42.503+0000] {processor.py:208} INFO - Processing /home/airflow/.local/lib/python3.12/site-packages/airflow/example_dags/example_latest_only_with_trigger.py took 0.133 seconds
[2025-03-09T12:29:12.800+0000] {processor.py:186} INFO - Started process (PID=16091) to work on /home/airflow/.local/lib/python3.12/site-packages/airflow/example_dags/example_latest_only_with_trigger.py
[2025-03-09T12:29:12.802+0000] {processor.py:914} INFO - Processing file /home/airflow/.local/lib/python3.12/site-packages/airflow/example_dags/example_latest_only_with_trigger.py for tasks to queue
[2025-03-09T12:29:12.806+0000] {logging_mixin.py:190} INFO - [2025-03-09T12:29:12.805+0000] {dagbag.py:588} INFO - Filling up the DagBag from /home/airflow/.local/lib/python3.12/site-packages/airflow/example_dags/example_latest_only_with_trigger.py
[2025-03-09T12:29:12.835+0000] {processor.py:925} INFO - DAG(s) 'latest_only_with_trigger' retrieved from /home/airflow/.local/lib/python3.12/site-packages/airflow/example_dags/example_latest_only_with_trigger.py
[2025-03-09T12:29:12.902+0000] {logging_mixin.py:190} INFO - [2025-03-09T12:29:12.901+0000] {dag.py:3239} INFO - Sync 1 DAGs
[2025-03-09T12:29:12.982+0000] {logging_mixin.py:190} INFO - [2025-03-09T12:29:12.982+0000] {dag.py:4180} INFO - Setting next_dagrun for latest_only_with_trigger to 2025-03-09 08:00:00+00:00, run_after=2025-03-09 12:00:00+00:00
[2025-03-09T12:29:13.023+0000] {processor.py:208} INFO - Processing /home/airflow/.local/lib/python3.12/site-packages/airflow/example_dags/example_latest_only_with_trigger.py took 0.236 seconds
[2025-03-09T12:29:43.460+0000] {processor.py:186} INFO - Started process (PID=16156) to work on /home/airflow/.local/lib/python3.12/site-packages/airflow/example_dags/example_latest_only_with_trigger.py
[2025-03-09T12:29:43.462+0000] {processor.py:914} INFO - Processing file /home/airflow/.local/lib/python3.12/site-packages/airflow/example_dags/example_latest_only_with_trigger.py for tasks to queue
[2025-03-09T12:29:43.465+0000] {logging_mixin.py:190} INFO - [2025-03-09T12:29:43.465+0000] {dagbag.py:588} INFO - Filling up the DagBag from /home/airflow/.local/lib/python3.12/site-packages/airflow/example_dags/example_latest_only_with_trigger.py
[2025-03-09T12:29:43.479+0000] {processor.py:925} INFO - DAG(s) 'latest_only_with_trigger' retrieved from /home/airflow/.local/lib/python3.12/site-packages/airflow/example_dags/example_latest_only_with_trigger.py
[2025-03-09T12:29:43.513+0000] {logging_mixin.py:190} INFO - [2025-03-09T12:29:43.512+0000] {dag.py:3239} INFO - Sync 1 DAGs
[2025-03-09T12:29:43.550+0000] {logging_mixin.py:190} INFO - [2025-03-09T12:29:43.550+0000] {dag.py:4180} INFO - Setting next_dagrun for latest_only_with_trigger to 2025-03-09 08:00:00+00:00, run_after=2025-03-09 12:00:00+00:00
[2025-03-09T12:29:43.583+0000] {processor.py:208} INFO - Processing /home/airflow/.local/lib/python3.12/site-packages/airflow/example_dags/example_latest_only_with_trigger.py took 0.131 seconds
[2025-03-09T12:30:14.014+0000] {processor.py:186} INFO - Started process (PID=16221) to work on /home/airflow/.local/lib/python3.12/site-packages/airflow/example_dags/example_latest_only_with_trigger.py
[2025-03-09T12:30:14.016+0000] {processor.py:914} INFO - Processing file /home/airflow/.local/lib/python3.12/site-packages/airflow/example_dags/example_latest_only_with_trigger.py for tasks to queue
[2025-03-09T12:30:14.018+0000] {logging_mixin.py:190} INFO - [2025-03-09T12:30:14.017+0000] {dagbag.py:588} INFO - Filling up the DagBag from /home/airflow/.local/lib/python3.12/site-packages/airflow/example_dags/example_latest_only_with_trigger.py
[2025-03-09T12:30:14.034+0000] {processor.py:925} INFO - DAG(s) 'latest_only_with_trigger' retrieved from /home/airflow/.local/lib/python3.12/site-packages/airflow/example_dags/example_latest_only_with_trigger.py
[2025-03-09T12:30:14.071+0000] {logging_mixin.py:190} INFO - [2025-03-09T12:30:14.070+0000] {dag.py:3239} INFO - Sync 1 DAGs
[2025-03-09T12:30:14.107+0000] {logging_mixin.py:190} INFO - [2025-03-09T12:30:14.106+0000] {dag.py:4180} INFO - Setting next_dagrun for latest_only_with_trigger to 2025-03-09 08:00:00+00:00, run_after=2025-03-09 12:00:00+00:00
[2025-03-09T12:30:14.141+0000] {processor.py:208} INFO - Processing /home/airflow/.local/lib/python3.12/site-packages/airflow/example_dags/example_latest_only_with_trigger.py took 0.134 seconds
[2025-03-09T12:30:44.594+0000] {processor.py:186} INFO - Started process (PID=16285) to work on /home/airflow/.local/lib/python3.12/site-packages/airflow/example_dags/example_latest_only_with_trigger.py
[2025-03-09T12:30:44.595+0000] {processor.py:914} INFO - Processing file /home/airflow/.local/lib/python3.12/site-packages/airflow/example_dags/example_latest_only_with_trigger.py for tasks to queue
[2025-03-09T12:30:44.598+0000] {logging_mixin.py:190} INFO - [2025-03-09T12:30:44.597+0000] {dagbag.py:588} INFO - Filling up the DagBag from /home/airflow/.local/lib/python3.12/site-packages/airflow/example_dags/example_latest_only_with_trigger.py
[2025-03-09T12:30:44.612+0000] {processor.py:925} INFO - DAG(s) 'latest_only_with_trigger' retrieved from /home/airflow/.local/lib/python3.12/site-packages/airflow/example_dags/example_latest_only_with_trigger.py
[2025-03-09T12:30:44.647+0000] {logging_mixin.py:190} INFO - [2025-03-09T12:30:44.647+0000] {dag.py:3239} INFO - Sync 1 DAGs
[2025-03-09T12:30:44.691+0000] {logging_mixin.py:190} INFO - [2025-03-09T12:30:44.690+0000] {dag.py:4180} INFO - Setting next_dagrun for latest_only_with_trigger to 2025-03-09 08:00:00+00:00, run_after=2025-03-09 12:00:00+00:00
[2025-03-09T12:30:44.723+0000] {processor.py:208} INFO - Processing /home/airflow/.local/lib/python3.12/site-packages/airflow/example_dags/example_latest_only_with_trigger.py took 0.138 seconds
[2025-03-09T12:31:15.118+0000] {processor.py:186} INFO - Started process (PID=16349) to work on /home/airflow/.local/lib/python3.12/site-packages/airflow/example_dags/example_latest_only_with_trigger.py
[2025-03-09T12:31:15.120+0000] {processor.py:914} INFO - Processing file /home/airflow/.local/lib/python3.12/site-packages/airflow/example_dags/example_latest_only_with_trigger.py for tasks to queue
[2025-03-09T12:31:15.123+0000] {logging_mixin.py:190} INFO - [2025-03-09T12:31:15.122+0000] {dagbag.py:588} INFO - Filling up the DagBag from /home/airflow/.local/lib/python3.12/site-packages/airflow/example_dags/example_latest_only_with_trigger.py
[2025-03-09T12:31:15.140+0000] {processor.py:925} INFO - DAG(s) 'latest_only_with_trigger' retrieved from /home/airflow/.local/lib/python3.12/site-packages/airflow/example_dags/example_latest_only_with_trigger.py
[2025-03-09T12:31:15.186+0000] {logging_mixin.py:190} INFO - [2025-03-09T12:31:15.185+0000] {dag.py:3239} INFO - Sync 1 DAGs
[2025-03-09T12:31:15.237+0000] {logging_mixin.py:190} INFO - [2025-03-09T12:31:15.236+0000] {dag.py:4180} INFO - Setting next_dagrun for latest_only_with_trigger to 2025-03-09 08:00:00+00:00, run_after=2025-03-09 12:00:00+00:00
[2025-03-09T12:31:15.274+0000] {processor.py:208} INFO - Processing /home/airflow/.local/lib/python3.12/site-packages/airflow/example_dags/example_latest_only_with_trigger.py took 0.167 seconds
[2025-03-09T12:31:46.069+0000] {processor.py:186} INFO - Started process (PID=16414) to work on /home/airflow/.local/lib/python3.12/site-packages/airflow/example_dags/example_latest_only_with_trigger.py
[2025-03-09T12:31:46.071+0000] {processor.py:914} INFO - Processing file /home/airflow/.local/lib/python3.12/site-packages/airflow/example_dags/example_latest_only_with_trigger.py for tasks to queue
[2025-03-09T12:31:46.073+0000] {logging_mixin.py:190} INFO - [2025-03-09T12:31:46.073+0000] {dagbag.py:588} INFO - Filling up the DagBag from /home/airflow/.local/lib/python3.12/site-packages/airflow/example_dags/example_latest_only_with_trigger.py
[2025-03-09T12:31:46.086+0000] {processor.py:925} INFO - DAG(s) 'latest_only_with_trigger' retrieved from /home/airflow/.local/lib/python3.12/site-packages/airflow/example_dags/example_latest_only_with_trigger.py
[2025-03-09T12:31:46.118+0000] {logging_mixin.py:190} INFO - [2025-03-09T12:31:46.118+0000] {dag.py:3239} INFO - Sync 1 DAGs
[2025-03-09T12:31:46.152+0000] {logging_mixin.py:190} INFO - [2025-03-09T12:31:46.152+0000] {dag.py:4180} INFO - Setting next_dagrun for latest_only_with_trigger to 2025-03-09 08:00:00+00:00, run_after=2025-03-09 12:00:00+00:00
[2025-03-09T12:31:46.187+0000] {processor.py:208} INFO - Processing /home/airflow/.local/lib/python3.12/site-packages/airflow/example_dags/example_latest_only_with_trigger.py took 0.126 seconds
[2025-03-09T12:32:16.725+0000] {processor.py:186} INFO - Started process (PID=16479) to work on /home/airflow/.local/lib/python3.12/site-packages/airflow/example_dags/example_latest_only_with_trigger.py
[2025-03-09T12:32:16.727+0000] {processor.py:914} INFO - Processing file /home/airflow/.local/lib/python3.12/site-packages/airflow/example_dags/example_latest_only_with_trigger.py for tasks to queue
[2025-03-09T12:32:16.729+0000] {logging_mixin.py:190} INFO - [2025-03-09T12:32:16.728+0000] {dagbag.py:588} INFO - Filling up the DagBag from /home/airflow/.local/lib/python3.12/site-packages/airflow/example_dags/example_latest_only_with_trigger.py
[2025-03-09T12:32:16.741+0000] {processor.py:925} INFO - DAG(s) 'latest_only_with_trigger' retrieved from /home/airflow/.local/lib/python3.12/site-packages/airflow/example_dags/example_latest_only_with_trigger.py
[2025-03-09T12:32:16.777+0000] {logging_mixin.py:190} INFO - [2025-03-09T12:32:16.777+0000] {dag.py:3239} INFO - Sync 1 DAGs
[2025-03-09T12:32:16.813+0000] {logging_mixin.py:190} INFO - [2025-03-09T12:32:16.812+0000] {dag.py:4180} INFO - Setting next_dagrun for latest_only_with_trigger to 2025-03-09 08:00:00+00:00, run_after=2025-03-09 12:00:00+00:00
[2025-03-09T12:32:16.848+0000] {processor.py:208} INFO - Processing /home/airflow/.local/lib/python3.12/site-packages/airflow/example_dags/example_latest_only_with_trigger.py took 0.131 seconds
[2025-03-09T12:32:48.312+0000] {processor.py:186} INFO - Started process (PID=16544) to work on /home/airflow/.local/lib/python3.12/site-packages/airflow/example_dags/example_latest_only_with_trigger.py
[2025-03-09T12:32:48.313+0000] {processor.py:914} INFO - Processing file /home/airflow/.local/lib/python3.12/site-packages/airflow/example_dags/example_latest_only_with_trigger.py for tasks to queue
[2025-03-09T12:32:48.316+0000] {logging_mixin.py:190} INFO - [2025-03-09T12:32:48.315+0000] {dagbag.py:588} INFO - Filling up the DagBag from /home/airflow/.local/lib/python3.12/site-packages/airflow/example_dags/example_latest_only_with_trigger.py
[2025-03-09T12:32:48.330+0000] {processor.py:925} INFO - DAG(s) 'latest_only_with_trigger' retrieved from /home/airflow/.local/lib/python3.12/site-packages/airflow/example_dags/example_latest_only_with_trigger.py
[2025-03-09T12:32:48.374+0000] {logging_mixin.py:190} INFO - [2025-03-09T12:32:48.373+0000] {dag.py:3239} INFO - Sync 1 DAGs
[2025-03-09T12:32:48.411+0000] {logging_mixin.py:190} INFO - [2025-03-09T12:32:48.411+0000] {dag.py:4180} INFO - Setting next_dagrun for latest_only_with_trigger to 2025-03-09 08:00:00+00:00, run_after=2025-03-09 12:00:00+00:00
[2025-03-09T12:32:48.445+0000] {processor.py:208} INFO - Processing /home/airflow/.local/lib/python3.12/site-packages/airflow/example_dags/example_latest_only_with_trigger.py took 0.143 seconds
[2025-03-09T12:33:20.004+0000] {processor.py:186} INFO - Started process (PID=16607) to work on /home/airflow/.local/lib/python3.12/site-packages/airflow/example_dags/example_latest_only_with_trigger.py
[2025-03-09T12:33:20.006+0000] {processor.py:914} INFO - Processing file /home/airflow/.local/lib/python3.12/site-packages/airflow/example_dags/example_latest_only_with_trigger.py for tasks to queue
[2025-03-09T12:33:20.008+0000] {logging_mixin.py:190} INFO - [2025-03-09T12:33:20.008+0000] {dagbag.py:588} INFO - Filling up the DagBag from /home/airflow/.local/lib/python3.12/site-packages/airflow/example_dags/example_latest_only_with_trigger.py
[2025-03-09T12:33:20.031+0000] {processor.py:925} INFO - DAG(s) 'latest_only_with_trigger' retrieved from /home/airflow/.local/lib/python3.12/site-packages/airflow/example_dags/example_latest_only_with_trigger.py
[2025-03-09T12:33:20.070+0000] {logging_mixin.py:190} INFO - [2025-03-09T12:33:20.070+0000] {dag.py:3239} INFO - Sync 1 DAGs
[2025-03-09T12:33:20.110+0000] {logging_mixin.py:190} INFO - [2025-03-09T12:33:20.110+0000] {dag.py:4180} INFO - Setting next_dagrun for latest_only_with_trigger to 2025-03-09 08:00:00+00:00, run_after=2025-03-09 12:00:00+00:00
[2025-03-09T12:33:20.152+0000] {processor.py:208} INFO - Processing /home/airflow/.local/lib/python3.12/site-packages/airflow/example_dags/example_latest_only_with_trigger.py took 0.158 seconds
[2025-03-09T12:33:54.192+0000] {processor.py:186} INFO - Started process (PID=16673) to work on /home/airflow/.local/lib/python3.12/site-packages/airflow/example_dags/example_latest_only_with_trigger.py
[2025-03-09T12:33:54.194+0000] {processor.py:914} INFO - Processing file /home/airflow/.local/lib/python3.12/site-packages/airflow/example_dags/example_latest_only_with_trigger.py for tasks to queue
[2025-03-09T12:33:54.197+0000] {logging_mixin.py:190} INFO - [2025-03-09T12:33:54.196+0000] {dagbag.py:588} INFO - Filling up the DagBag from /home/airflow/.local/lib/python3.12/site-packages/airflow/example_dags/example_latest_only_with_trigger.py
[2025-03-09T12:33:54.209+0000] {processor.py:925} INFO - DAG(s) 'latest_only_with_trigger' retrieved from /home/airflow/.local/lib/python3.12/site-packages/airflow/example_dags/example_latest_only_with_trigger.py
[2025-03-09T12:33:54.245+0000] {logging_mixin.py:190} INFO - [2025-03-09T12:33:54.244+0000] {dag.py:3239} INFO - Sync 1 DAGs
[2025-03-09T12:33:54.284+0000] {logging_mixin.py:190} INFO - [2025-03-09T12:33:54.283+0000] {dag.py:4180} INFO - Setting next_dagrun for latest_only_with_trigger to 2025-03-09 08:00:00+00:00, run_after=2025-03-09 12:00:00+00:00
[2025-03-09T12:33:54.320+0000] {processor.py:208} INFO - Processing /home/airflow/.local/lib/python3.12/site-packages/airflow/example_dags/example_latest_only_with_trigger.py took 0.136 seconds
[2025-03-09T12:34:25.977+0000] {processor.py:186} INFO - Started process (PID=16738) to work on /home/airflow/.local/lib/python3.12/site-packages/airflow/example_dags/example_latest_only_with_trigger.py
[2025-03-09T12:34:25.978+0000] {processor.py:914} INFO - Processing file /home/airflow/.local/lib/python3.12/site-packages/airflow/example_dags/example_latest_only_with_trigger.py for tasks to queue
[2025-03-09T12:34:25.980+0000] {logging_mixin.py:190} INFO - [2025-03-09T12:34:25.980+0000] {dagbag.py:588} INFO - Filling up the DagBag from /home/airflow/.local/lib/python3.12/site-packages/airflow/example_dags/example_latest_only_with_trigger.py
[2025-03-09T12:34:25.996+0000] {processor.py:925} INFO - DAG(s) 'latest_only_with_trigger' retrieved from /home/airflow/.local/lib/python3.12/site-packages/airflow/example_dags/example_latest_only_with_trigger.py
[2025-03-09T12:34:26.040+0000] {logging_mixin.py:190} INFO - [2025-03-09T12:34:26.039+0000] {dag.py:3239} INFO - Sync 1 DAGs
[2025-03-09T12:34:26.470+0000] {logging_mixin.py:190} INFO - [2025-03-09T12:34:26.470+0000] {dag.py:4180} INFO - Setting next_dagrun for latest_only_with_trigger to 2025-03-09 08:00:00+00:00, run_after=2025-03-09 12:00:00+00:00
[2025-03-09T12:34:26.510+0000] {processor.py:208} INFO - Processing /home/airflow/.local/lib/python3.12/site-packages/airflow/example_dags/example_latest_only_with_trigger.py took 0.541 seconds
[2025-03-09T12:34:57.008+0000] {processor.py:186} INFO - Started process (PID=16810) to work on /home/airflow/.local/lib/python3.12/site-packages/airflow/example_dags/example_latest_only_with_trigger.py
[2025-03-09T12:34:57.011+0000] {processor.py:914} INFO - Processing file /home/airflow/.local/lib/python3.12/site-packages/airflow/example_dags/example_latest_only_with_trigger.py for tasks to queue
[2025-03-09T12:34:57.013+0000] {logging_mixin.py:190} INFO - [2025-03-09T12:34:57.012+0000] {dagbag.py:588} INFO - Filling up the DagBag from /home/airflow/.local/lib/python3.12/site-packages/airflow/example_dags/example_latest_only_with_trigger.py
[2025-03-09T12:34:57.029+0000] {processor.py:925} INFO - DAG(s) 'latest_only_with_trigger' retrieved from /home/airflow/.local/lib/python3.12/site-packages/airflow/example_dags/example_latest_only_with_trigger.py
[2025-03-09T12:34:57.068+0000] {logging_mixin.py:190} INFO - [2025-03-09T12:34:57.067+0000] {dag.py:3239} INFO - Sync 1 DAGs
[2025-03-09T12:34:57.380+0000] {logging_mixin.py:190} INFO - [2025-03-09T12:34:57.380+0000] {dag.py:4180} INFO - Setting next_dagrun for latest_only_with_trigger to 2025-03-09 08:00:00+00:00, run_after=2025-03-09 12:00:00+00:00
[2025-03-09T12:34:57.412+0000] {processor.py:208} INFO - Processing /home/airflow/.local/lib/python3.12/site-packages/airflow/example_dags/example_latest_only_with_trigger.py took 0.415 seconds
[2025-03-09T12:35:27.967+0000] {processor.py:186} INFO - Started process (PID=16875) to work on /home/airflow/.local/lib/python3.12/site-packages/airflow/example_dags/example_latest_only_with_trigger.py
[2025-03-09T12:35:27.971+0000] {processor.py:914} INFO - Processing file /home/airflow/.local/lib/python3.12/site-packages/airflow/example_dags/example_latest_only_with_trigger.py for tasks to queue
[2025-03-09T12:35:27.978+0000] {logging_mixin.py:190} INFO - [2025-03-09T12:35:27.977+0000] {dagbag.py:588} INFO - Filling up the DagBag from /home/airflow/.local/lib/python3.12/site-packages/airflow/example_dags/example_latest_only_with_trigger.py
[2025-03-09T12:35:27.999+0000] {processor.py:925} INFO - DAG(s) 'latest_only_with_trigger' retrieved from /home/airflow/.local/lib/python3.12/site-packages/airflow/example_dags/example_latest_only_with_trigger.py
[2025-03-09T12:35:28.055+0000] {logging_mixin.py:190} INFO - [2025-03-09T12:35:28.055+0000] {dag.py:3239} INFO - Sync 1 DAGs
[2025-03-09T12:35:28.138+0000] {logging_mixin.py:190} INFO - [2025-03-09T12:35:28.137+0000] {dag.py:4180} INFO - Setting next_dagrun for latest_only_with_trigger to 2025-03-09 08:00:00+00:00, run_after=2025-03-09 12:00:00+00:00
[2025-03-09T12:35:28.175+0000] {processor.py:208} INFO - Processing /home/airflow/.local/lib/python3.12/site-packages/airflow/example_dags/example_latest_only_with_trigger.py took 0.219 seconds
[2025-03-09T12:35:59.600+0000] {processor.py:186} INFO - Started process (PID=16941) to work on /home/airflow/.local/lib/python3.12/site-packages/airflow/example_dags/example_latest_only_with_trigger.py
[2025-03-09T12:35:59.604+0000] {processor.py:914} INFO - Processing file /home/airflow/.local/lib/python3.12/site-packages/airflow/example_dags/example_latest_only_with_trigger.py for tasks to queue
[2025-03-09T12:35:59.608+0000] {logging_mixin.py:190} INFO - [2025-03-09T12:35:59.607+0000] {dagbag.py:588} INFO - Filling up the DagBag from /home/airflow/.local/lib/python3.12/site-packages/airflow/example_dags/example_latest_only_with_trigger.py
[2025-03-09T12:35:59.648+0000] {processor.py:925} INFO - DAG(s) 'latest_only_with_trigger' retrieved from /home/airflow/.local/lib/python3.12/site-packages/airflow/example_dags/example_latest_only_with_trigger.py
[2025-03-09T12:35:59.738+0000] {logging_mixin.py:190} INFO - [2025-03-09T12:35:59.737+0000] {dag.py:3239} INFO - Sync 1 DAGs
[2025-03-09T12:35:59.869+0000] {logging_mixin.py:190} INFO - [2025-03-09T12:35:59.869+0000] {dag.py:4180} INFO - Setting next_dagrun for latest_only_with_trigger to 2025-03-09 08:00:00+00:00, run_after=2025-03-09 12:00:00+00:00
[2025-03-09T12:35:59.954+0000] {processor.py:208} INFO - Processing /home/airflow/.local/lib/python3.12/site-packages/airflow/example_dags/example_latest_only_with_trigger.py took 0.368 seconds
[2025-03-09T12:36:30.241+0000] {processor.py:186} INFO - Started process (PID=17006) to work on /home/airflow/.local/lib/python3.12/site-packages/airflow/example_dags/example_latest_only_with_trigger.py
[2025-03-09T12:36:30.243+0000] {processor.py:914} INFO - Processing file /home/airflow/.local/lib/python3.12/site-packages/airflow/example_dags/example_latest_only_with_trigger.py for tasks to queue
[2025-03-09T12:36:30.246+0000] {logging_mixin.py:190} INFO - [2025-03-09T12:36:30.245+0000] {dagbag.py:588} INFO - Filling up the DagBag from /home/airflow/.local/lib/python3.12/site-packages/airflow/example_dags/example_latest_only_with_trigger.py
[2025-03-09T12:36:30.267+0000] {processor.py:925} INFO - DAG(s) 'latest_only_with_trigger' retrieved from /home/airflow/.local/lib/python3.12/site-packages/airflow/example_dags/example_latest_only_with_trigger.py
[2025-03-09T12:36:30.313+0000] {logging_mixin.py:190} INFO - [2025-03-09T12:36:30.312+0000] {dag.py:3239} INFO - Sync 1 DAGs
[2025-03-09T12:36:30.380+0000] {logging_mixin.py:190} INFO - [2025-03-09T12:36:30.380+0000] {dag.py:4180} INFO - Setting next_dagrun for latest_only_with_trigger to 2025-03-09 08:00:00+00:00, run_after=2025-03-09 12:00:00+00:00
[2025-03-09T12:36:30.425+0000] {processor.py:208} INFO - Processing /home/airflow/.local/lib/python3.12/site-packages/airflow/example_dags/example_latest_only_with_trigger.py took 0.195 seconds
[2025-03-09T12:37:00.531+0000] {processor.py:186} INFO - Started process (PID=17070) to work on /home/airflow/.local/lib/python3.12/site-packages/airflow/example_dags/example_latest_only_with_trigger.py
[2025-03-09T12:37:00.533+0000] {processor.py:914} INFO - Processing file /home/airflow/.local/lib/python3.12/site-packages/airflow/example_dags/example_latest_only_with_trigger.py for tasks to queue
[2025-03-09T12:37:00.537+0000] {logging_mixin.py:190} INFO - [2025-03-09T12:37:00.536+0000] {dagbag.py:588} INFO - Filling up the DagBag from /home/airflow/.local/lib/python3.12/site-packages/airflow/example_dags/example_latest_only_with_trigger.py
[2025-03-09T12:37:00.559+0000] {processor.py:925} INFO - DAG(s) 'latest_only_with_trigger' retrieved from /home/airflow/.local/lib/python3.12/site-packages/airflow/example_dags/example_latest_only_with_trigger.py
[2025-03-09T12:37:00.602+0000] {logging_mixin.py:190} INFO - [2025-03-09T12:37:00.601+0000] {dag.py:3239} INFO - Sync 1 DAGs
[2025-03-09T12:37:00.647+0000] {logging_mixin.py:190} INFO - [2025-03-09T12:37:00.647+0000] {dag.py:4180} INFO - Setting next_dagrun for latest_only_with_trigger to 2025-03-09 08:00:00+00:00, run_after=2025-03-09 12:00:00+00:00
[2025-03-09T12:37:00.684+0000] {processor.py:208} INFO - Processing /home/airflow/.local/lib/python3.12/site-packages/airflow/example_dags/example_latest_only_with_trigger.py took 0.163 seconds
[2025-03-09T12:37:31.378+0000] {processor.py:186} INFO - Started process (PID=17136) to work on /home/airflow/.local/lib/python3.12/site-packages/airflow/example_dags/example_latest_only_with_trigger.py
[2025-03-09T12:37:31.381+0000] {processor.py:914} INFO - Processing file /home/airflow/.local/lib/python3.12/site-packages/airflow/example_dags/example_latest_only_with_trigger.py for tasks to queue
[2025-03-09T12:37:31.384+0000] {logging_mixin.py:190} INFO - [2025-03-09T12:37:31.383+0000] {dagbag.py:588} INFO - Filling up the DagBag from /home/airflow/.local/lib/python3.12/site-packages/airflow/example_dags/example_latest_only_with_trigger.py
[2025-03-09T12:37:31.402+0000] {processor.py:925} INFO - DAG(s) 'latest_only_with_trigger' retrieved from /home/airflow/.local/lib/python3.12/site-packages/airflow/example_dags/example_latest_only_with_trigger.py
[2025-03-09T12:37:31.456+0000] {logging_mixin.py:190} INFO - [2025-03-09T12:37:31.455+0000] {dag.py:3239} INFO - Sync 1 DAGs
[2025-03-09T12:37:31.518+0000] {logging_mixin.py:190} INFO - [2025-03-09T12:37:31.518+0000] {dag.py:4180} INFO - Setting next_dagrun for latest_only_with_trigger to 2025-03-09 08:00:00+00:00, run_after=2025-03-09 12:00:00+00:00
[2025-03-09T12:37:31.572+0000] {processor.py:208} INFO - Processing /home/airflow/.local/lib/python3.12/site-packages/airflow/example_dags/example_latest_only_with_trigger.py took 0.207 seconds
[2025-03-09T12:38:01.756+0000] {processor.py:186} INFO - Started process (PID=17200) to work on /home/airflow/.local/lib/python3.12/site-packages/airflow/example_dags/example_latest_only_with_trigger.py
[2025-03-09T12:38:01.758+0000] {processor.py:914} INFO - Processing file /home/airflow/.local/lib/python3.12/site-packages/airflow/example_dags/example_latest_only_with_trigger.py for tasks to queue
[2025-03-09T12:38:01.761+0000] {logging_mixin.py:190} INFO - [2025-03-09T12:38:01.760+0000] {dagbag.py:588} INFO - Filling up the DagBag from /home/airflow/.local/lib/python3.12/site-packages/airflow/example_dags/example_latest_only_with_trigger.py
[2025-03-09T12:38:01.774+0000] {processor.py:925} INFO - DAG(s) 'latest_only_with_trigger' retrieved from /home/airflow/.local/lib/python3.12/site-packages/airflow/example_dags/example_latest_only_with_trigger.py
[2025-03-09T12:38:01.809+0000] {logging_mixin.py:190} INFO - [2025-03-09T12:38:01.809+0000] {dag.py:3239} INFO - Sync 1 DAGs
[2025-03-09T12:38:01.841+0000] {logging_mixin.py:190} INFO - [2025-03-09T12:38:01.841+0000] {dag.py:4180} INFO - Setting next_dagrun for latest_only_with_trigger to 2025-03-09 08:00:00+00:00, run_after=2025-03-09 12:00:00+00:00
[2025-03-09T12:38:01.870+0000] {processor.py:208} INFO - Processing /home/airflow/.local/lib/python3.12/site-packages/airflow/example_dags/example_latest_only_with_trigger.py took 0.122 seconds
[2025-03-09T12:38:31.990+0000] {processor.py:186} INFO - Started process (PID=17265) to work on /home/airflow/.local/lib/python3.12/site-packages/airflow/example_dags/example_latest_only_with_trigger.py
[2025-03-09T12:38:31.992+0000] {processor.py:914} INFO - Processing file /home/airflow/.local/lib/python3.12/site-packages/airflow/example_dags/example_latest_only_with_trigger.py for tasks to queue
[2025-03-09T12:38:31.996+0000] {logging_mixin.py:190} INFO - [2025-03-09T12:38:31.995+0000] {dagbag.py:588} INFO - Filling up the DagBag from /home/airflow/.local/lib/python3.12/site-packages/airflow/example_dags/example_latest_only_with_trigger.py
[2025-03-09T12:38:32.011+0000] {processor.py:925} INFO - DAG(s) 'latest_only_with_trigger' retrieved from /home/airflow/.local/lib/python3.12/site-packages/airflow/example_dags/example_latest_only_with_trigger.py
[2025-03-09T12:38:32.046+0000] {logging_mixin.py:190} INFO - [2025-03-09T12:38:32.046+0000] {dag.py:3239} INFO - Sync 1 DAGs
[2025-03-09T12:38:32.085+0000] {logging_mixin.py:190} INFO - [2025-03-09T12:38:32.085+0000] {dag.py:4180} INFO - Setting next_dagrun for latest_only_with_trigger to 2025-03-09 08:00:00+00:00, run_after=2025-03-09 12:00:00+00:00
[2025-03-09T12:38:32.120+0000] {processor.py:208} INFO - Processing /home/airflow/.local/lib/python3.12/site-packages/airflow/example_dags/example_latest_only_with_trigger.py took 0.144 seconds
[2025-03-09T12:39:02.562+0000] {processor.py:186} INFO - Started process (PID=17330) to work on /home/airflow/.local/lib/python3.12/site-packages/airflow/example_dags/example_latest_only_with_trigger.py
[2025-03-09T12:39:02.564+0000] {processor.py:914} INFO - Processing file /home/airflow/.local/lib/python3.12/site-packages/airflow/example_dags/example_latest_only_with_trigger.py for tasks to queue
[2025-03-09T12:39:02.567+0000] {logging_mixin.py:190} INFO - [2025-03-09T12:39:02.566+0000] {dagbag.py:588} INFO - Filling up the DagBag from /home/airflow/.local/lib/python3.12/site-packages/airflow/example_dags/example_latest_only_with_trigger.py
[2025-03-09T12:39:02.584+0000] {processor.py:925} INFO - DAG(s) 'latest_only_with_trigger' retrieved from /home/airflow/.local/lib/python3.12/site-packages/airflow/example_dags/example_latest_only_with_trigger.py
[2025-03-09T12:39:02.626+0000] {logging_mixin.py:190} INFO - [2025-03-09T12:39:02.625+0000] {dag.py:3239} INFO - Sync 1 DAGs
[2025-03-09T12:39:02.682+0000] {logging_mixin.py:190} INFO - [2025-03-09T12:39:02.682+0000] {dag.py:4180} INFO - Setting next_dagrun for latest_only_with_trigger to 2025-03-09 08:00:00+00:00, run_after=2025-03-09 12:00:00+00:00
[2025-03-09T12:39:02.728+0000] {processor.py:208} INFO - Processing /home/airflow/.local/lib/python3.12/site-packages/airflow/example_dags/example_latest_only_with_trigger.py took 0.176 seconds
[2025-03-09T12:39:32.982+0000] {processor.py:186} INFO - Started process (PID=17395) to work on /home/airflow/.local/lib/python3.12/site-packages/airflow/example_dags/example_latest_only_with_trigger.py
[2025-03-09T12:39:32.983+0000] {processor.py:914} INFO - Processing file /home/airflow/.local/lib/python3.12/site-packages/airflow/example_dags/example_latest_only_with_trigger.py for tasks to queue
[2025-03-09T12:39:32.985+0000] {logging_mixin.py:190} INFO - [2025-03-09T12:39:32.985+0000] {dagbag.py:588} INFO - Filling up the DagBag from /home/airflow/.local/lib/python3.12/site-packages/airflow/example_dags/example_latest_only_with_trigger.py
[2025-03-09T12:39:33.000+0000] {processor.py:925} INFO - DAG(s) 'latest_only_with_trigger' retrieved from /home/airflow/.local/lib/python3.12/site-packages/airflow/example_dags/example_latest_only_with_trigger.py
[2025-03-09T12:39:33.055+0000] {logging_mixin.py:190} INFO - [2025-03-09T12:39:33.054+0000] {dag.py:3239} INFO - Sync 1 DAGs
[2025-03-09T12:39:33.108+0000] {logging_mixin.py:190} INFO - [2025-03-09T12:39:33.107+0000] {dag.py:4180} INFO - Setting next_dagrun for latest_only_with_trigger to 2025-03-09 08:00:00+00:00, run_after=2025-03-09 12:00:00+00:00
[2025-03-09T12:39:33.138+0000] {processor.py:208} INFO - Processing /home/airflow/.local/lib/python3.12/site-packages/airflow/example_dags/example_latest_only_with_trigger.py took 0.164 seconds
[2025-03-09T12:40:04.019+0000] {processor.py:186} INFO - Started process (PID=17460) to work on /home/airflow/.local/lib/python3.12/site-packages/airflow/example_dags/example_latest_only_with_trigger.py
[2025-03-09T12:40:04.021+0000] {processor.py:914} INFO - Processing file /home/airflow/.local/lib/python3.12/site-packages/airflow/example_dags/example_latest_only_with_trigger.py for tasks to queue
[2025-03-09T12:40:04.024+0000] {logging_mixin.py:190} INFO - [2025-03-09T12:40:04.023+0000] {dagbag.py:588} INFO - Filling up the DagBag from /home/airflow/.local/lib/python3.12/site-packages/airflow/example_dags/example_latest_only_with_trigger.py
[2025-03-09T12:40:04.040+0000] {processor.py:925} INFO - DAG(s) 'latest_only_with_trigger' retrieved from /home/airflow/.local/lib/python3.12/site-packages/airflow/example_dags/example_latest_only_with_trigger.py
[2025-03-09T12:40:04.076+0000] {logging_mixin.py:190} INFO - [2025-03-09T12:40:04.075+0000] {dag.py:3239} INFO - Sync 1 DAGs
[2025-03-09T12:40:04.118+0000] {logging_mixin.py:190} INFO - [2025-03-09T12:40:04.118+0000] {dag.py:4180} INFO - Setting next_dagrun for latest_only_with_trigger to 2025-03-09 08:00:00+00:00, run_after=2025-03-09 12:00:00+00:00
[2025-03-09T12:40:04.153+0000] {processor.py:208} INFO - Processing /home/airflow/.local/lib/python3.12/site-packages/airflow/example_dags/example_latest_only_with_trigger.py took 0.145 seconds
[2025-03-09T12:40:34.659+0000] {processor.py:186} INFO - Started process (PID=17525) to work on /home/airflow/.local/lib/python3.12/site-packages/airflow/example_dags/example_latest_only_with_trigger.py
[2025-03-09T12:40:34.661+0000] {processor.py:914} INFO - Processing file /home/airflow/.local/lib/python3.12/site-packages/airflow/example_dags/example_latest_only_with_trigger.py for tasks to queue
[2025-03-09T12:40:34.663+0000] {logging_mixin.py:190} INFO - [2025-03-09T12:40:34.662+0000] {dagbag.py:588} INFO - Filling up the DagBag from /home/airflow/.local/lib/python3.12/site-packages/airflow/example_dags/example_latest_only_with_trigger.py
[2025-03-09T12:40:34.676+0000] {processor.py:925} INFO - DAG(s) 'latest_only_with_trigger' retrieved from /home/airflow/.local/lib/python3.12/site-packages/airflow/example_dags/example_latest_only_with_trigger.py
[2025-03-09T12:40:34.712+0000] {logging_mixin.py:190} INFO - [2025-03-09T12:40:34.712+0000] {dag.py:3239} INFO - Sync 1 DAGs
[2025-03-09T12:40:34.750+0000] {logging_mixin.py:190} INFO - [2025-03-09T12:40:34.750+0000] {dag.py:4180} INFO - Setting next_dagrun for latest_only_with_trigger to 2025-03-09 08:00:00+00:00, run_after=2025-03-09 12:00:00+00:00
[2025-03-09T12:40:34.783+0000] {processor.py:208} INFO - Processing /home/airflow/.local/lib/python3.12/site-packages/airflow/example_dags/example_latest_only_with_trigger.py took 0.132 seconds
[2025-03-09T12:41:04.858+0000] {processor.py:186} INFO - Started process (PID=17589) to work on /home/airflow/.local/lib/python3.12/site-packages/airflow/example_dags/example_latest_only_with_trigger.py
[2025-03-09T12:41:04.860+0000] {processor.py:914} INFO - Processing file /home/airflow/.local/lib/python3.12/site-packages/airflow/example_dags/example_latest_only_with_trigger.py for tasks to queue
[2025-03-09T12:41:04.863+0000] {logging_mixin.py:190} INFO - [2025-03-09T12:41:04.863+0000] {dagbag.py:588} INFO - Filling up the DagBag from /home/airflow/.local/lib/python3.12/site-packages/airflow/example_dags/example_latest_only_with_trigger.py
[2025-03-09T12:41:04.876+0000] {processor.py:925} INFO - DAG(s) 'latest_only_with_trigger' retrieved from /home/airflow/.local/lib/python3.12/site-packages/airflow/example_dags/example_latest_only_with_trigger.py
[2025-03-09T12:41:04.907+0000] {logging_mixin.py:190} INFO - [2025-03-09T12:41:04.907+0000] {dag.py:3239} INFO - Sync 1 DAGs
[2025-03-09T12:41:04.944+0000] {logging_mixin.py:190} INFO - [2025-03-09T12:41:04.944+0000] {dag.py:4180} INFO - Setting next_dagrun for latest_only_with_trigger to 2025-03-09 08:00:00+00:00, run_after=2025-03-09 12:00:00+00:00
[2025-03-09T12:41:04.978+0000] {processor.py:208} INFO - Processing /home/airflow/.local/lib/python3.12/site-packages/airflow/example_dags/example_latest_only_with_trigger.py took 0.128 seconds
[2025-03-09T12:41:35.064+0000] {processor.py:186} INFO - Started process (PID=17654) to work on /home/airflow/.local/lib/python3.12/site-packages/airflow/example_dags/example_latest_only_with_trigger.py
[2025-03-09T12:41:35.066+0000] {processor.py:914} INFO - Processing file /home/airflow/.local/lib/python3.12/site-packages/airflow/example_dags/example_latest_only_with_trigger.py for tasks to queue
[2025-03-09T12:41:35.069+0000] {logging_mixin.py:190} INFO - [2025-03-09T12:41:35.068+0000] {dagbag.py:588} INFO - Filling up the DagBag from /home/airflow/.local/lib/python3.12/site-packages/airflow/example_dags/example_latest_only_with_trigger.py
[2025-03-09T12:41:35.084+0000] {processor.py:925} INFO - DAG(s) 'latest_only_with_trigger' retrieved from /home/airflow/.local/lib/python3.12/site-packages/airflow/example_dags/example_latest_only_with_trigger.py
[2025-03-09T12:41:35.117+0000] {logging_mixin.py:190} INFO - [2025-03-09T12:41:35.116+0000] {dag.py:3239} INFO - Sync 1 DAGs
[2025-03-09T12:41:35.153+0000] {logging_mixin.py:190} INFO - [2025-03-09T12:41:35.153+0000] {dag.py:4180} INFO - Setting next_dagrun for latest_only_with_trigger to 2025-03-09 08:00:00+00:00, run_after=2025-03-09 12:00:00+00:00
[2025-03-09T12:41:35.188+0000] {processor.py:208} INFO - Processing /home/airflow/.local/lib/python3.12/site-packages/airflow/example_dags/example_latest_only_with_trigger.py took 0.134 seconds
[2025-03-09T12:42:05.968+0000] {processor.py:186} INFO - Started process (PID=17719) to work on /home/airflow/.local/lib/python3.12/site-packages/airflow/example_dags/example_latest_only_with_trigger.py
[2025-03-09T12:42:05.970+0000] {processor.py:914} INFO - Processing file /home/airflow/.local/lib/python3.12/site-packages/airflow/example_dags/example_latest_only_with_trigger.py for tasks to queue
[2025-03-09T12:42:05.973+0000] {logging_mixin.py:190} INFO - [2025-03-09T12:42:05.972+0000] {dagbag.py:588} INFO - Filling up the DagBag from /home/airflow/.local/lib/python3.12/site-packages/airflow/example_dags/example_latest_only_with_trigger.py
[2025-03-09T12:42:05.990+0000] {processor.py:925} INFO - DAG(s) 'latest_only_with_trigger' retrieved from /home/airflow/.local/lib/python3.12/site-packages/airflow/example_dags/example_latest_only_with_trigger.py
[2025-03-09T12:42:06.025+0000] {logging_mixin.py:190} INFO - [2025-03-09T12:42:06.025+0000] {dag.py:3239} INFO - Sync 1 DAGs
[2025-03-09T12:42:06.074+0000] {logging_mixin.py:190} INFO - [2025-03-09T12:42:06.073+0000] {dag.py:4180} INFO - Setting next_dagrun for latest_only_with_trigger to 2025-03-09 08:00:00+00:00, run_after=2025-03-09 12:00:00+00:00
[2025-03-09T12:42:06.113+0000] {processor.py:208} INFO - Processing /home/airflow/.local/lib/python3.12/site-packages/airflow/example_dags/example_latest_only_with_trigger.py took 0.155 seconds
[2025-03-09T12:42:36.512+0000] {processor.py:186} INFO - Started process (PID=17784) to work on /home/airflow/.local/lib/python3.12/site-packages/airflow/example_dags/example_latest_only_with_trigger.py
[2025-03-09T12:42:36.514+0000] {processor.py:914} INFO - Processing file /home/airflow/.local/lib/python3.12/site-packages/airflow/example_dags/example_latest_only_with_trigger.py for tasks to queue
[2025-03-09T12:42:36.516+0000] {logging_mixin.py:190} INFO - [2025-03-09T12:42:36.516+0000] {dagbag.py:588} INFO - Filling up the DagBag from /home/airflow/.local/lib/python3.12/site-packages/airflow/example_dags/example_latest_only_with_trigger.py
[2025-03-09T12:42:36.532+0000] {processor.py:925} INFO - DAG(s) 'latest_only_with_trigger' retrieved from /home/airflow/.local/lib/python3.12/site-packages/airflow/example_dags/example_latest_only_with_trigger.py
[2025-03-09T12:42:36.568+0000] {logging_mixin.py:190} INFO - [2025-03-09T12:42:36.567+0000] {dag.py:3239} INFO - Sync 1 DAGs
[2025-03-09T12:42:36.608+0000] {logging_mixin.py:190} INFO - [2025-03-09T12:42:36.607+0000] {dag.py:4180} INFO - Setting next_dagrun for latest_only_with_trigger to 2025-03-09 08:00:00+00:00, run_after=2025-03-09 12:00:00+00:00
[2025-03-09T12:42:36.640+0000] {processor.py:208} INFO - Processing /home/airflow/.local/lib/python3.12/site-packages/airflow/example_dags/example_latest_only_with_trigger.py took 0.136 seconds
[2025-03-09T12:43:06.916+0000] {processor.py:186} INFO - Started process (PID=17849) to work on /home/airflow/.local/lib/python3.12/site-packages/airflow/example_dags/example_latest_only_with_trigger.py
[2025-03-09T12:43:06.917+0000] {processor.py:914} INFO - Processing file /home/airflow/.local/lib/python3.12/site-packages/airflow/example_dags/example_latest_only_with_trigger.py for tasks to queue
[2025-03-09T12:43:06.920+0000] {logging_mixin.py:190} INFO - [2025-03-09T12:43:06.919+0000] {dagbag.py:588} INFO - Filling up the DagBag from /home/airflow/.local/lib/python3.12/site-packages/airflow/example_dags/example_latest_only_with_trigger.py
[2025-03-09T12:43:06.933+0000] {processor.py:925} INFO - DAG(s) 'latest_only_with_trigger' retrieved from /home/airflow/.local/lib/python3.12/site-packages/airflow/example_dags/example_latest_only_with_trigger.py
[2025-03-09T12:43:06.965+0000] {logging_mixin.py:190} INFO - [2025-03-09T12:43:06.965+0000] {dag.py:3239} INFO - Sync 1 DAGs
[2025-03-09T12:43:07.003+0000] {logging_mixin.py:190} INFO - [2025-03-09T12:43:07.002+0000] {dag.py:4180} INFO - Setting next_dagrun for latest_only_with_trigger to 2025-03-09 08:00:00+00:00, run_after=2025-03-09 12:00:00+00:00
[2025-03-09T12:43:07.043+0000] {processor.py:208} INFO - Processing /home/airflow/.local/lib/python3.12/site-packages/airflow/example_dags/example_latest_only_with_trigger.py took 0.136 seconds
[2025-03-09T12:43:38.394+0000] {processor.py:186} INFO - Started process (PID=17914) to work on /home/airflow/.local/lib/python3.12/site-packages/airflow/example_dags/example_latest_only_with_trigger.py
[2025-03-09T12:43:38.396+0000] {processor.py:914} INFO - Processing file /home/airflow/.local/lib/python3.12/site-packages/airflow/example_dags/example_latest_only_with_trigger.py for tasks to queue
[2025-03-09T12:43:38.399+0000] {logging_mixin.py:190} INFO - [2025-03-09T12:43:38.398+0000] {dagbag.py:588} INFO - Filling up the DagBag from /home/airflow/.local/lib/python3.12/site-packages/airflow/example_dags/example_latest_only_with_trigger.py
[2025-03-09T12:43:38.431+0000] {processor.py:925} INFO - DAG(s) 'latest_only_with_trigger' retrieved from /home/airflow/.local/lib/python3.12/site-packages/airflow/example_dags/example_latest_only_with_trigger.py
[2025-03-09T12:43:38.493+0000] {logging_mixin.py:190} INFO - [2025-03-09T12:43:38.492+0000] {dag.py:3239} INFO - Sync 1 DAGs
[2025-03-09T12:43:38.559+0000] {logging_mixin.py:190} INFO - [2025-03-09T12:43:38.559+0000] {dag.py:4180} INFO - Setting next_dagrun for latest_only_with_trigger to 2025-03-09 08:00:00+00:00, run_after=2025-03-09 12:00:00+00:00
[2025-03-09T12:43:38.607+0000] {processor.py:208} INFO - Processing /home/airflow/.local/lib/python3.12/site-packages/airflow/example_dags/example_latest_only_with_trigger.py took 0.231 seconds
[2025-03-09T12:51:40.575+0000] {processor.py:186} INFO - Started process (PID=17967) to work on /home/airflow/.local/lib/python3.12/site-packages/airflow/example_dags/example_latest_only_with_trigger.py
[2025-03-09T12:51:40.577+0000] {processor.py:914} INFO - Processing file /home/airflow/.local/lib/python3.12/site-packages/airflow/example_dags/example_latest_only_with_trigger.py for tasks to queue
[2025-03-09T12:51:40.580+0000] {logging_mixin.py:190} INFO - [2025-03-09T12:51:40.579+0000] {dagbag.py:588} INFO - Filling up the DagBag from /home/airflow/.local/lib/python3.12/site-packages/airflow/example_dags/example_latest_only_with_trigger.py
[2025-03-09T12:51:40.592+0000] {processor.py:925} INFO - DAG(s) 'latest_only_with_trigger' retrieved from /home/airflow/.local/lib/python3.12/site-packages/airflow/example_dags/example_latest_only_with_trigger.py
[2025-03-09T12:51:40.627+0000] {logging_mixin.py:190} INFO - [2025-03-09T12:51:40.626+0000] {dag.py:3239} INFO - Sync 1 DAGs
[2025-03-09T12:51:40.667+0000] {logging_mixin.py:190} INFO - [2025-03-09T12:51:40.667+0000] {dag.py:4180} INFO - Setting next_dagrun for latest_only_with_trigger to 2025-03-09 08:00:00+00:00, run_after=2025-03-09 12:00:00+00:00
[2025-03-09T12:51:40.704+0000] {processor.py:208} INFO - Processing /home/airflow/.local/lib/python3.12/site-packages/airflow/example_dags/example_latest_only_with_trigger.py took 0.136 seconds
[2025-03-09T12:52:10.842+0000] {processor.py:186} INFO - Started process (PID=18031) to work on /home/airflow/.local/lib/python3.12/site-packages/airflow/example_dags/example_latest_only_with_trigger.py
[2025-03-09T12:52:10.844+0000] {processor.py:914} INFO - Processing file /home/airflow/.local/lib/python3.12/site-packages/airflow/example_dags/example_latest_only_with_trigger.py for tasks to queue
[2025-03-09T12:52:10.846+0000] {logging_mixin.py:190} INFO - [2025-03-09T12:52:10.845+0000] {dagbag.py:588} INFO - Filling up the DagBag from /home/airflow/.local/lib/python3.12/site-packages/airflow/example_dags/example_latest_only_with_trigger.py
[2025-03-09T12:52:10.859+0000] {processor.py:925} INFO - DAG(s) 'latest_only_with_trigger' retrieved from /home/airflow/.local/lib/python3.12/site-packages/airflow/example_dags/example_latest_only_with_trigger.py
[2025-03-09T12:52:10.894+0000] {logging_mixin.py:190} INFO - [2025-03-09T12:52:10.894+0000] {dag.py:3239} INFO - Sync 1 DAGs
[2025-03-09T12:52:10.934+0000] {logging_mixin.py:190} INFO - [2025-03-09T12:52:10.933+0000] {dag.py:4180} INFO - Setting next_dagrun for latest_only_with_trigger to 2025-03-09 08:00:00+00:00, run_after=2025-03-09 12:00:00+00:00
[2025-03-09T12:52:10.970+0000] {processor.py:208} INFO - Processing /home/airflow/.local/lib/python3.12/site-packages/airflow/example_dags/example_latest_only_with_trigger.py took 0.136 seconds
[2025-03-09T12:52:41.436+0000] {processor.py:186} INFO - Started process (PID=18096) to work on /home/airflow/.local/lib/python3.12/site-packages/airflow/example_dags/example_latest_only_with_trigger.py
[2025-03-09T12:52:41.438+0000] {processor.py:914} INFO - Processing file /home/airflow/.local/lib/python3.12/site-packages/airflow/example_dags/example_latest_only_with_trigger.py for tasks to queue
[2025-03-09T12:52:41.440+0000] {logging_mixin.py:190} INFO - [2025-03-09T12:52:41.439+0000] {dagbag.py:588} INFO - Filling up the DagBag from /home/airflow/.local/lib/python3.12/site-packages/airflow/example_dags/example_latest_only_with_trigger.py
[2025-03-09T12:52:41.451+0000] {processor.py:925} INFO - DAG(s) 'latest_only_with_trigger' retrieved from /home/airflow/.local/lib/python3.12/site-packages/airflow/example_dags/example_latest_only_with_trigger.py
[2025-03-09T12:52:41.484+0000] {logging_mixin.py:190} INFO - [2025-03-09T12:52:41.484+0000] {dag.py:3239} INFO - Sync 1 DAGs
[2025-03-09T12:52:41.521+0000] {logging_mixin.py:190} INFO - [2025-03-09T12:52:41.521+0000] {dag.py:4180} INFO - Setting next_dagrun for latest_only_with_trigger to 2025-03-09 08:00:00+00:00, run_after=2025-03-09 12:00:00+00:00
[2025-03-09T12:52:41.552+0000] {processor.py:208} INFO - Processing /home/airflow/.local/lib/python3.12/site-packages/airflow/example_dags/example_latest_only_with_trigger.py took 0.124 seconds
[2025-03-09T12:53:12.107+0000] {processor.py:186} INFO - Started process (PID=18161) to work on /home/airflow/.local/lib/python3.12/site-packages/airflow/example_dags/example_latest_only_with_trigger.py
[2025-03-09T12:53:12.109+0000] {processor.py:914} INFO - Processing file /home/airflow/.local/lib/python3.12/site-packages/airflow/example_dags/example_latest_only_with_trigger.py for tasks to queue
[2025-03-09T12:53:12.112+0000] {logging_mixin.py:190} INFO - [2025-03-09T12:53:12.111+0000] {dagbag.py:588} INFO - Filling up the DagBag from /home/airflow/.local/lib/python3.12/site-packages/airflow/example_dags/example_latest_only_with_trigger.py
[2025-03-09T12:53:12.125+0000] {processor.py:925} INFO - DAG(s) 'latest_only_with_trigger' retrieved from /home/airflow/.local/lib/python3.12/site-packages/airflow/example_dags/example_latest_only_with_trigger.py
[2025-03-09T12:53:12.159+0000] {logging_mixin.py:190} INFO - [2025-03-09T12:53:12.159+0000] {dag.py:3239} INFO - Sync 1 DAGs
[2025-03-09T12:53:12.195+0000] {logging_mixin.py:190} INFO - [2025-03-09T12:53:12.195+0000] {dag.py:4180} INFO - Setting next_dagrun for latest_only_with_trigger to 2025-03-09 08:00:00+00:00, run_after=2025-03-09 12:00:00+00:00
[2025-03-09T12:53:12.230+0000] {processor.py:208} INFO - Processing /home/airflow/.local/lib/python3.12/site-packages/airflow/example_dags/example_latest_only_with_trigger.py took 0.133 seconds
[2025-03-09T12:53:42.348+0000] {processor.py:186} INFO - Started process (PID=18225) to work on /home/airflow/.local/lib/python3.12/site-packages/airflow/example_dags/example_latest_only_with_trigger.py
[2025-03-09T12:53:42.350+0000] {processor.py:914} INFO - Processing file /home/airflow/.local/lib/python3.12/site-packages/airflow/example_dags/example_latest_only_with_trigger.py for tasks to queue
[2025-03-09T12:53:42.352+0000] {logging_mixin.py:190} INFO - [2025-03-09T12:53:42.351+0000] {dagbag.py:588} INFO - Filling up the DagBag from /home/airflow/.local/lib/python3.12/site-packages/airflow/example_dags/example_latest_only_with_trigger.py
[2025-03-09T12:53:42.363+0000] {processor.py:925} INFO - DAG(s) 'latest_only_with_trigger' retrieved from /home/airflow/.local/lib/python3.12/site-packages/airflow/example_dags/example_latest_only_with_trigger.py
[2025-03-09T12:53:42.391+0000] {logging_mixin.py:190} INFO - [2025-03-09T12:53:42.391+0000] {dag.py:3239} INFO - Sync 1 DAGs
[2025-03-09T12:53:42.422+0000] {logging_mixin.py:190} INFO - [2025-03-09T12:53:42.422+0000] {dag.py:4180} INFO - Setting next_dagrun for latest_only_with_trigger to 2025-03-09 08:00:00+00:00, run_after=2025-03-09 12:00:00+00:00
[2025-03-09T12:53:42.453+0000] {processor.py:208} INFO - Processing /home/airflow/.local/lib/python3.12/site-packages/airflow/example_dags/example_latest_only_with_trigger.py took 0.112 seconds
[2025-03-09T12:54:12.622+0000] {processor.py:186} INFO - Started process (PID=18291) to work on /home/airflow/.local/lib/python3.12/site-packages/airflow/example_dags/example_latest_only_with_trigger.py
[2025-03-09T12:54:12.624+0000] {processor.py:914} INFO - Processing file /home/airflow/.local/lib/python3.12/site-packages/airflow/example_dags/example_latest_only_with_trigger.py for tasks to queue
[2025-03-09T12:54:12.626+0000] {logging_mixin.py:190} INFO - [2025-03-09T12:54:12.625+0000] {dagbag.py:588} INFO - Filling up the DagBag from /home/airflow/.local/lib/python3.12/site-packages/airflow/example_dags/example_latest_only_with_trigger.py
[2025-03-09T12:54:12.642+0000] {processor.py:925} INFO - DAG(s) 'latest_only_with_trigger' retrieved from /home/airflow/.local/lib/python3.12/site-packages/airflow/example_dags/example_latest_only_with_trigger.py
[2025-03-09T12:54:12.672+0000] {logging_mixin.py:190} INFO - [2025-03-09T12:54:12.671+0000] {dag.py:3239} INFO - Sync 1 DAGs
[2025-03-09T12:54:12.709+0000] {logging_mixin.py:190} INFO - [2025-03-09T12:54:12.708+0000] {dag.py:4180} INFO - Setting next_dagrun for latest_only_with_trigger to 2025-03-09 08:00:00+00:00, run_after=2025-03-09 12:00:00+00:00
[2025-03-09T12:54:12.743+0000] {processor.py:208} INFO - Processing /home/airflow/.local/lib/python3.12/site-packages/airflow/example_dags/example_latest_only_with_trigger.py took 0.129 seconds
[2025-03-09T12:54:43.550+0000] {processor.py:186} INFO - Started process (PID=18356) to work on /home/airflow/.local/lib/python3.12/site-packages/airflow/example_dags/example_latest_only_with_trigger.py
[2025-03-09T12:54:43.552+0000] {processor.py:914} INFO - Processing file /home/airflow/.local/lib/python3.12/site-packages/airflow/example_dags/example_latest_only_with_trigger.py for tasks to queue
[2025-03-09T12:54:43.555+0000] {logging_mixin.py:190} INFO - [2025-03-09T12:54:43.554+0000] {dagbag.py:588} INFO - Filling up the DagBag from /home/airflow/.local/lib/python3.12/site-packages/airflow/example_dags/example_latest_only_with_trigger.py
[2025-03-09T12:54:43.575+0000] {processor.py:925} INFO - DAG(s) 'latest_only_with_trigger' retrieved from /home/airflow/.local/lib/python3.12/site-packages/airflow/example_dags/example_latest_only_with_trigger.py
[2025-03-09T12:54:43.610+0000] {logging_mixin.py:190} INFO - [2025-03-09T12:54:43.610+0000] {dag.py:3239} INFO - Sync 1 DAGs
[2025-03-09T12:54:43.645+0000] {logging_mixin.py:190} INFO - [2025-03-09T12:54:43.645+0000] {dag.py:4180} INFO - Setting next_dagrun for latest_only_with_trigger to 2025-03-09 08:00:00+00:00, run_after=2025-03-09 12:00:00+00:00
[2025-03-09T12:54:43.674+0000] {processor.py:208} INFO - Processing /home/airflow/.local/lib/python3.12/site-packages/airflow/example_dags/example_latest_only_with_trigger.py took 0.136 seconds
[2025-03-09T12:55:14.014+0000] {processor.py:186} INFO - Started process (PID=18421) to work on /home/airflow/.local/lib/python3.12/site-packages/airflow/example_dags/example_latest_only_with_trigger.py
[2025-03-09T12:55:14.016+0000] {processor.py:914} INFO - Processing file /home/airflow/.local/lib/python3.12/site-packages/airflow/example_dags/example_latest_only_with_trigger.py for tasks to queue
[2025-03-09T12:55:14.019+0000] {logging_mixin.py:190} INFO - [2025-03-09T12:55:14.018+0000] {dagbag.py:588} INFO - Filling up the DagBag from /home/airflow/.local/lib/python3.12/site-packages/airflow/example_dags/example_latest_only_with_trigger.py
[2025-03-09T12:55:14.033+0000] {processor.py:925} INFO - DAG(s) 'latest_only_with_trigger' retrieved from /home/airflow/.local/lib/python3.12/site-packages/airflow/example_dags/example_latest_only_with_trigger.py
[2025-03-09T12:55:14.062+0000] {logging_mixin.py:190} INFO - [2025-03-09T12:55:14.062+0000] {dag.py:3239} INFO - Sync 1 DAGs
[2025-03-09T12:55:14.106+0000] {logging_mixin.py:190} INFO - [2025-03-09T12:55:14.105+0000] {dag.py:4180} INFO - Setting next_dagrun for latest_only_with_trigger to 2025-03-09 08:00:00+00:00, run_after=2025-03-09 12:00:00+00:00
[2025-03-09T12:55:14.136+0000] {processor.py:208} INFO - Processing /home/airflow/.local/lib/python3.12/site-packages/airflow/example_dags/example_latest_only_with_trigger.py took 0.129 seconds
[2025-03-09T12:55:44.495+0000] {processor.py:186} INFO - Started process (PID=18485) to work on /home/airflow/.local/lib/python3.12/site-packages/airflow/example_dags/example_latest_only_with_trigger.py
[2025-03-09T12:55:44.497+0000] {processor.py:914} INFO - Processing file /home/airflow/.local/lib/python3.12/site-packages/airflow/example_dags/example_latest_only_with_trigger.py for tasks to queue
[2025-03-09T12:55:44.499+0000] {logging_mixin.py:190} INFO - [2025-03-09T12:55:44.499+0000] {dagbag.py:588} INFO - Filling up the DagBag from /home/airflow/.local/lib/python3.12/site-packages/airflow/example_dags/example_latest_only_with_trigger.py
[2025-03-09T12:55:44.513+0000] {processor.py:925} INFO - DAG(s) 'latest_only_with_trigger' retrieved from /home/airflow/.local/lib/python3.12/site-packages/airflow/example_dags/example_latest_only_with_trigger.py
[2025-03-09T12:55:44.547+0000] {logging_mixin.py:190} INFO - [2025-03-09T12:55:44.547+0000] {dag.py:3239} INFO - Sync 1 DAGs
[2025-03-09T12:55:44.584+0000] {logging_mixin.py:190} INFO - [2025-03-09T12:55:44.584+0000] {dag.py:4180} INFO - Setting next_dagrun for latest_only_with_trigger to 2025-03-09 08:00:00+00:00, run_after=2025-03-09 12:00:00+00:00
[2025-03-09T12:55:44.621+0000] {processor.py:208} INFO - Processing /home/airflow/.local/lib/python3.12/site-packages/airflow/example_dags/example_latest_only_with_trigger.py took 0.133 seconds
[2025-03-09T13:18:33.331+0000] {processor.py:186} INFO - Started process (PID=18525) to work on /home/airflow/.local/lib/python3.12/site-packages/airflow/example_dags/example_latest_only_with_trigger.py
[2025-03-09T13:18:33.333+0000] {processor.py:914} INFO - Processing file /home/airflow/.local/lib/python3.12/site-packages/airflow/example_dags/example_latest_only_with_trigger.py for tasks to queue
[2025-03-09T13:18:33.336+0000] {logging_mixin.py:190} INFO - [2025-03-09T13:18:33.335+0000] {dagbag.py:588} INFO - Filling up the DagBag from /home/airflow/.local/lib/python3.12/site-packages/airflow/example_dags/example_latest_only_with_trigger.py
[2025-03-09T13:18:33.352+0000] {processor.py:925} INFO - DAG(s) 'latest_only_with_trigger' retrieved from /home/airflow/.local/lib/python3.12/site-packages/airflow/example_dags/example_latest_only_with_trigger.py
[2025-03-09T13:18:33.392+0000] {logging_mixin.py:190} INFO - [2025-03-09T13:18:33.392+0000] {dag.py:3239} INFO - Sync 1 DAGs
[2025-03-09T13:18:33.457+0000] {logging_mixin.py:190} INFO - [2025-03-09T13:18:33.456+0000] {dag.py:4180} INFO - Setting next_dagrun for latest_only_with_trigger to 2025-03-09 08:00:00+00:00, run_after=2025-03-09 12:00:00+00:00
[2025-03-09T13:18:33.508+0000] {processor.py:208} INFO - Processing /home/airflow/.local/lib/python3.12/site-packages/airflow/example_dags/example_latest_only_with_trigger.py took 0.188 seconds
[2025-03-09T13:19:04.562+0000] {processor.py:186} INFO - Started process (PID=18589) to work on /home/airflow/.local/lib/python3.12/site-packages/airflow/example_dags/example_latest_only_with_trigger.py
[2025-03-09T13:19:04.564+0000] {processor.py:914} INFO - Processing file /home/airflow/.local/lib/python3.12/site-packages/airflow/example_dags/example_latest_only_with_trigger.py for tasks to queue
[2025-03-09T13:19:04.566+0000] {logging_mixin.py:190} INFO - [2025-03-09T13:19:04.566+0000] {dagbag.py:588} INFO - Filling up the DagBag from /home/airflow/.local/lib/python3.12/site-packages/airflow/example_dags/example_latest_only_with_trigger.py
[2025-03-09T13:19:04.579+0000] {processor.py:925} INFO - DAG(s) 'latest_only_with_trigger' retrieved from /home/airflow/.local/lib/python3.12/site-packages/airflow/example_dags/example_latest_only_with_trigger.py
[2025-03-09T13:19:04.611+0000] {logging_mixin.py:190} INFO - [2025-03-09T13:19:04.611+0000] {dag.py:3239} INFO - Sync 1 DAGs
[2025-03-09T13:19:04.646+0000] {logging_mixin.py:190} INFO - [2025-03-09T13:19:04.646+0000] {dag.py:4180} INFO - Setting next_dagrun for latest_only_with_trigger to 2025-03-09 08:00:00+00:00, run_after=2025-03-09 12:00:00+00:00
[2025-03-09T13:19:04.686+0000] {processor.py:208} INFO - Processing /home/airflow/.local/lib/python3.12/site-packages/airflow/example_dags/example_latest_only_with_trigger.py took 0.131 seconds
[2025-03-09T13:19:36.442+0000] {processor.py:186} INFO - Started process (PID=18655) to work on /home/airflow/.local/lib/python3.12/site-packages/airflow/example_dags/example_latest_only_with_trigger.py
[2025-03-09T13:19:36.443+0000] {processor.py:914} INFO - Processing file /home/airflow/.local/lib/python3.12/site-packages/airflow/example_dags/example_latest_only_with_trigger.py for tasks to queue
[2025-03-09T13:19:36.446+0000] {logging_mixin.py:190} INFO - [2025-03-09T13:19:36.445+0000] {dagbag.py:588} INFO - Filling up the DagBag from /home/airflow/.local/lib/python3.12/site-packages/airflow/example_dags/example_latest_only_with_trigger.py
[2025-03-09T13:19:36.456+0000] {processor.py:925} INFO - DAG(s) 'latest_only_with_trigger' retrieved from /home/airflow/.local/lib/python3.12/site-packages/airflow/example_dags/example_latest_only_with_trigger.py
[2025-03-09T13:19:36.488+0000] {logging_mixin.py:190} INFO - [2025-03-09T13:19:36.487+0000] {dag.py:3239} INFO - Sync 1 DAGs
[2025-03-09T13:19:36.521+0000] {logging_mixin.py:190} INFO - [2025-03-09T13:19:36.520+0000] {dag.py:4180} INFO - Setting next_dagrun for latest_only_with_trigger to 2025-03-09 08:00:00+00:00, run_after=2025-03-09 12:00:00+00:00
[2025-03-09T13:19:36.564+0000] {processor.py:208} INFO - Processing /home/airflow/.local/lib/python3.12/site-packages/airflow/example_dags/example_latest_only_with_trigger.py took 0.129 seconds
[2025-03-09T13:20:07.965+0000] {processor.py:186} INFO - Started process (PID=18720) to work on /home/airflow/.local/lib/python3.12/site-packages/airflow/example_dags/example_latest_only_with_trigger.py
[2025-03-09T13:20:07.967+0000] {processor.py:914} INFO - Processing file /home/airflow/.local/lib/python3.12/site-packages/airflow/example_dags/example_latest_only_with_trigger.py for tasks to queue
[2025-03-09T13:20:07.969+0000] {logging_mixin.py:190} INFO - [2025-03-09T13:20:07.969+0000] {dagbag.py:588} INFO - Filling up the DagBag from /home/airflow/.local/lib/python3.12/site-packages/airflow/example_dags/example_latest_only_with_trigger.py
[2025-03-09T13:20:07.981+0000] {processor.py:925} INFO - DAG(s) 'latest_only_with_trigger' retrieved from /home/airflow/.local/lib/python3.12/site-packages/airflow/example_dags/example_latest_only_with_trigger.py
[2025-03-09T13:20:08.012+0000] {logging_mixin.py:190} INFO - [2025-03-09T13:20:08.011+0000] {dag.py:3239} INFO - Sync 1 DAGs
[2025-03-09T13:20:08.045+0000] {logging_mixin.py:190} INFO - [2025-03-09T13:20:08.045+0000] {dag.py:4180} INFO - Setting next_dagrun for latest_only_with_trigger to 2025-03-09 08:00:00+00:00, run_after=2025-03-09 12:00:00+00:00
[2025-03-09T13:20:08.080+0000] {processor.py:208} INFO - Processing /home/airflow/.local/lib/python3.12/site-packages/airflow/example_dags/example_latest_only_with_trigger.py took 0.122 seconds
[2025-03-09T13:20:39.311+0000] {processor.py:186} INFO - Started process (PID=18784) to work on /home/airflow/.local/lib/python3.12/site-packages/airflow/example_dags/example_latest_only_with_trigger.py
[2025-03-09T13:20:39.312+0000] {processor.py:914} INFO - Processing file /home/airflow/.local/lib/python3.12/site-packages/airflow/example_dags/example_latest_only_with_trigger.py for tasks to queue
[2025-03-09T13:20:39.315+0000] {logging_mixin.py:190} INFO - [2025-03-09T13:20:39.314+0000] {dagbag.py:588} INFO - Filling up the DagBag from /home/airflow/.local/lib/python3.12/site-packages/airflow/example_dags/example_latest_only_with_trigger.py
[2025-03-09T13:20:39.329+0000] {processor.py:925} INFO - DAG(s) 'latest_only_with_trigger' retrieved from /home/airflow/.local/lib/python3.12/site-packages/airflow/example_dags/example_latest_only_with_trigger.py
[2025-03-09T13:20:39.361+0000] {logging_mixin.py:190} INFO - [2025-03-09T13:20:39.361+0000] {dag.py:3239} INFO - Sync 1 DAGs
[2025-03-09T13:20:39.396+0000] {logging_mixin.py:190} INFO - [2025-03-09T13:20:39.396+0000] {dag.py:4180} INFO - Setting next_dagrun for latest_only_with_trigger to 2025-03-09 08:00:00+00:00, run_after=2025-03-09 12:00:00+00:00
[2025-03-09T13:20:39.427+0000] {processor.py:208} INFO - Processing /home/airflow/.local/lib/python3.12/site-packages/airflow/example_dags/example_latest_only_with_trigger.py took 0.123 seconds
[2025-03-09T13:21:10.518+0000] {processor.py:186} INFO - Started process (PID=18849) to work on /home/airflow/.local/lib/python3.12/site-packages/airflow/example_dags/example_latest_only_with_trigger.py
[2025-03-09T13:21:10.520+0000] {processor.py:914} INFO - Processing file /home/airflow/.local/lib/python3.12/site-packages/airflow/example_dags/example_latest_only_with_trigger.py for tasks to queue
[2025-03-09T13:21:10.523+0000] {logging_mixin.py:190} INFO - [2025-03-09T13:21:10.522+0000] {dagbag.py:588} INFO - Filling up the DagBag from /home/airflow/.local/lib/python3.12/site-packages/airflow/example_dags/example_latest_only_with_trigger.py
[2025-03-09T13:21:10.539+0000] {processor.py:925} INFO - DAG(s) 'latest_only_with_trigger' retrieved from /home/airflow/.local/lib/python3.12/site-packages/airflow/example_dags/example_latest_only_with_trigger.py
[2025-03-09T13:21:10.591+0000] {logging_mixin.py:190} INFO - [2025-03-09T13:21:10.590+0000] {dag.py:3239} INFO - Sync 1 DAGs
[2025-03-09T13:21:10.633+0000] {logging_mixin.py:190} INFO - [2025-03-09T13:21:10.632+0000] {dag.py:4180} INFO - Setting next_dagrun for latest_only_with_trigger to 2025-03-09 08:00:00+00:00, run_after=2025-03-09 12:00:00+00:00
[2025-03-09T13:21:10.667+0000] {processor.py:208} INFO - Processing /home/airflow/.local/lib/python3.12/site-packages/airflow/example_dags/example_latest_only_with_trigger.py took 0.157 seconds
[2025-03-09T13:21:42.422+0000] {processor.py:186} INFO - Started process (PID=18915) to work on /home/airflow/.local/lib/python3.12/site-packages/airflow/example_dags/example_latest_only_with_trigger.py
[2025-03-09T13:21:42.425+0000] {processor.py:914} INFO - Processing file /home/airflow/.local/lib/python3.12/site-packages/airflow/example_dags/example_latest_only_with_trigger.py for tasks to queue
[2025-03-09T13:21:42.428+0000] {logging_mixin.py:190} INFO - [2025-03-09T13:21:42.427+0000] {dagbag.py:588} INFO - Filling up the DagBag from /home/airflow/.local/lib/python3.12/site-packages/airflow/example_dags/example_latest_only_with_trigger.py
[2025-03-09T13:21:42.443+0000] {processor.py:925} INFO - DAG(s) 'latest_only_with_trigger' retrieved from /home/airflow/.local/lib/python3.12/site-packages/airflow/example_dags/example_latest_only_with_trigger.py
[2025-03-09T13:21:42.479+0000] {logging_mixin.py:190} INFO - [2025-03-09T13:21:42.479+0000] {dag.py:3239} INFO - Sync 1 DAGs
[2025-03-09T13:21:42.525+0000] {logging_mixin.py:190} INFO - [2025-03-09T13:21:42.525+0000] {dag.py:4180} INFO - Setting next_dagrun for latest_only_with_trigger to 2025-03-09 08:00:00+00:00, run_after=2025-03-09 12:00:00+00:00
[2025-03-09T13:21:42.566+0000] {processor.py:208} INFO - Processing /home/airflow/.local/lib/python3.12/site-packages/airflow/example_dags/example_latest_only_with_trigger.py took 0.158 seconds
[2025-03-09T15:10:24.229+0000] {processor.py:186} INFO - Started process (PID=18989) to work on /home/airflow/.local/lib/python3.12/site-packages/airflow/example_dags/example_latest_only_with_trigger.py
[2025-03-09T15:10:24.240+0000] {processor.py:914} INFO - Processing file /home/airflow/.local/lib/python3.12/site-packages/airflow/example_dags/example_latest_only_with_trigger.py for tasks to queue
[2025-03-09T15:10:24.247+0000] {logging_mixin.py:190} INFO - [2025-03-09T15:10:24.246+0000] {dagbag.py:588} INFO - Filling up the DagBag from /home/airflow/.local/lib/python3.12/site-packages/airflow/example_dags/example_latest_only_with_trigger.py
[2025-03-09T15:10:24.291+0000] {processor.py:925} INFO - DAG(s) 'latest_only_with_trigger' retrieved from /home/airflow/.local/lib/python3.12/site-packages/airflow/example_dags/example_latest_only_with_trigger.py
[2025-03-09T15:10:24.384+0000] {logging_mixin.py:190} INFO - [2025-03-09T15:10:24.374+0000] {dag.py:3239} INFO - Sync 1 DAGs
[2025-03-09T15:10:24.550+0000] {logging_mixin.py:190} INFO - [2025-03-09T15:10:24.549+0000] {dag.py:4180} INFO - Setting next_dagrun for latest_only_with_trigger to 2025-03-09 08:00:00+00:00, run_after=2025-03-09 12:00:00+00:00
[2025-03-09T15:10:24.670+0000] {processor.py:208} INFO - Processing /home/airflow/.local/lib/python3.12/site-packages/airflow/example_dags/example_latest_only_with_trigger.py took 0.463 seconds
[2025-03-09T15:10:55.212+0000] {processor.py:186} INFO - Started process (PID=19054) to work on /home/airflow/.local/lib/python3.12/site-packages/airflow/example_dags/example_latest_only_with_trigger.py
[2025-03-09T15:10:55.214+0000] {processor.py:914} INFO - Processing file /home/airflow/.local/lib/python3.12/site-packages/airflow/example_dags/example_latest_only_with_trigger.py for tasks to queue
[2025-03-09T15:10:55.217+0000] {logging_mixin.py:190} INFO - [2025-03-09T15:10:55.216+0000] {dagbag.py:588} INFO - Filling up the DagBag from /home/airflow/.local/lib/python3.12/site-packages/airflow/example_dags/example_latest_only_with_trigger.py
[2025-03-09T15:10:55.232+0000] {processor.py:925} INFO - DAG(s) 'latest_only_with_trigger' retrieved from /home/airflow/.local/lib/python3.12/site-packages/airflow/example_dags/example_latest_only_with_trigger.py
[2025-03-09T15:10:55.272+0000] {logging_mixin.py:190} INFO - [2025-03-09T15:10:55.272+0000] {dag.py:3239} INFO - Sync 1 DAGs
[2025-03-09T15:10:55.316+0000] {logging_mixin.py:190} INFO - [2025-03-09T15:10:55.316+0000] {dag.py:4180} INFO - Setting next_dagrun for latest_only_with_trigger to 2025-03-09 08:00:00+00:00, run_after=2025-03-09 12:00:00+00:00
[2025-03-09T15:10:55.362+0000] {processor.py:208} INFO - Processing /home/airflow/.local/lib/python3.12/site-packages/airflow/example_dags/example_latest_only_with_trigger.py took 0.158 seconds
[2025-03-09T15:11:25.559+0000] {processor.py:186} INFO - Started process (PID=19119) to work on /home/airflow/.local/lib/python3.12/site-packages/airflow/example_dags/example_latest_only_with_trigger.py
[2025-03-09T15:11:25.561+0000] {processor.py:914} INFO - Processing file /home/airflow/.local/lib/python3.12/site-packages/airflow/example_dags/example_latest_only_with_trigger.py for tasks to queue
[2025-03-09T15:11:25.564+0000] {logging_mixin.py:190} INFO - [2025-03-09T15:11:25.564+0000] {dagbag.py:588} INFO - Filling up the DagBag from /home/airflow/.local/lib/python3.12/site-packages/airflow/example_dags/example_latest_only_with_trigger.py
[2025-03-09T15:11:25.576+0000] {processor.py:925} INFO - DAG(s) 'latest_only_with_trigger' retrieved from /home/airflow/.local/lib/python3.12/site-packages/airflow/example_dags/example_latest_only_with_trigger.py
[2025-03-09T15:11:25.606+0000] {logging_mixin.py:190} INFO - [2025-03-09T15:11:25.606+0000] {dag.py:3239} INFO - Sync 1 DAGs
[2025-03-09T15:11:25.640+0000] {logging_mixin.py:190} INFO - [2025-03-09T15:11:25.640+0000] {dag.py:4180} INFO - Setting next_dagrun for latest_only_with_trigger to 2025-03-09 08:00:00+00:00, run_after=2025-03-09 12:00:00+00:00
[2025-03-09T15:11:25.674+0000] {processor.py:208} INFO - Processing /home/airflow/.local/lib/python3.12/site-packages/airflow/example_dags/example_latest_only_with_trigger.py took 0.122 seconds
[2025-03-09T15:11:56.511+0000] {processor.py:186} INFO - Started process (PID=19184) to work on /home/airflow/.local/lib/python3.12/site-packages/airflow/example_dags/example_latest_only_with_trigger.py
[2025-03-09T15:11:56.513+0000] {processor.py:914} INFO - Processing file /home/airflow/.local/lib/python3.12/site-packages/airflow/example_dags/example_latest_only_with_trigger.py for tasks to queue
[2025-03-09T15:11:56.516+0000] {logging_mixin.py:190} INFO - [2025-03-09T15:11:56.515+0000] {dagbag.py:588} INFO - Filling up the DagBag from /home/airflow/.local/lib/python3.12/site-packages/airflow/example_dags/example_latest_only_with_trigger.py
[2025-03-09T15:11:56.530+0000] {processor.py:925} INFO - DAG(s) 'latest_only_with_trigger' retrieved from /home/airflow/.local/lib/python3.12/site-packages/airflow/example_dags/example_latest_only_with_trigger.py
[2025-03-09T15:11:56.570+0000] {logging_mixin.py:190} INFO - [2025-03-09T15:11:56.569+0000] {dag.py:3239} INFO - Sync 1 DAGs
[2025-03-09T15:11:56.618+0000] {logging_mixin.py:190} INFO - [2025-03-09T15:11:56.617+0000] {dag.py:4180} INFO - Setting next_dagrun for latest_only_with_trigger to 2025-03-09 08:00:00+00:00, run_after=2025-03-09 12:00:00+00:00
[2025-03-09T15:11:56.654+0000] {processor.py:208} INFO - Processing /home/airflow/.local/lib/python3.12/site-packages/airflow/example_dags/example_latest_only_with_trigger.py took 0.151 seconds
[2025-03-09T15:12:26.777+0000] {processor.py:186} INFO - Started process (PID=19248) to work on /home/airflow/.local/lib/python3.12/site-packages/airflow/example_dags/example_latest_only_with_trigger.py
[2025-03-09T15:12:26.779+0000] {processor.py:914} INFO - Processing file /home/airflow/.local/lib/python3.12/site-packages/airflow/example_dags/example_latest_only_with_trigger.py for tasks to queue
[2025-03-09T15:12:26.781+0000] {logging_mixin.py:190} INFO - [2025-03-09T15:12:26.781+0000] {dagbag.py:588} INFO - Filling up the DagBag from /home/airflow/.local/lib/python3.12/site-packages/airflow/example_dags/example_latest_only_with_trigger.py
[2025-03-09T15:12:26.793+0000] {processor.py:925} INFO - DAG(s) 'latest_only_with_trigger' retrieved from /home/airflow/.local/lib/python3.12/site-packages/airflow/example_dags/example_latest_only_with_trigger.py
[2025-03-09T15:12:26.830+0000] {logging_mixin.py:190} INFO - [2025-03-09T15:12:26.830+0000] {dag.py:3239} INFO - Sync 1 DAGs
[2025-03-09T15:12:26.871+0000] {logging_mixin.py:190} INFO - [2025-03-09T15:12:26.871+0000] {dag.py:4180} INFO - Setting next_dagrun for latest_only_with_trigger to 2025-03-09 08:00:00+00:00, run_after=2025-03-09 12:00:00+00:00
[2025-03-09T15:12:26.904+0000] {processor.py:208} INFO - Processing /home/airflow/.local/lib/python3.12/site-packages/airflow/example_dags/example_latest_only_with_trigger.py took 0.135 seconds
[2025-03-09T15:12:57.590+0000] {processor.py:186} INFO - Started process (PID=19313) to work on /home/airflow/.local/lib/python3.12/site-packages/airflow/example_dags/example_latest_only_with_trigger.py
[2025-03-09T15:12:57.592+0000] {processor.py:914} INFO - Processing file /home/airflow/.local/lib/python3.12/site-packages/airflow/example_dags/example_latest_only_with_trigger.py for tasks to queue
[2025-03-09T15:12:57.595+0000] {logging_mixin.py:190} INFO - [2025-03-09T15:12:57.595+0000] {dagbag.py:588} INFO - Filling up the DagBag from /home/airflow/.local/lib/python3.12/site-packages/airflow/example_dags/example_latest_only_with_trigger.py
[2025-03-09T15:12:57.614+0000] {processor.py:925} INFO - DAG(s) 'latest_only_with_trigger' retrieved from /home/airflow/.local/lib/python3.12/site-packages/airflow/example_dags/example_latest_only_with_trigger.py
[2025-03-09T15:12:57.653+0000] {logging_mixin.py:190} INFO - [2025-03-09T15:12:57.653+0000] {dag.py:3239} INFO - Sync 1 DAGs
[2025-03-09T15:12:57.698+0000] {logging_mixin.py:190} INFO - [2025-03-09T15:12:57.698+0000] {dag.py:4180} INFO - Setting next_dagrun for latest_only_with_trigger to 2025-03-09 08:00:00+00:00, run_after=2025-03-09 12:00:00+00:00
[2025-03-09T15:12:57.739+0000] {processor.py:208} INFO - Processing /home/airflow/.local/lib/python3.12/site-packages/airflow/example_dags/example_latest_only_with_trigger.py took 0.160 seconds
[2025-03-09T15:13:27.913+0000] {processor.py:186} INFO - Started process (PID=19377) to work on /home/airflow/.local/lib/python3.12/site-packages/airflow/example_dags/example_latest_only_with_trigger.py
[2025-03-09T15:13:27.914+0000] {processor.py:914} INFO - Processing file /home/airflow/.local/lib/python3.12/site-packages/airflow/example_dags/example_latest_only_with_trigger.py for tasks to queue
[2025-03-09T15:13:27.917+0000] {logging_mixin.py:190} INFO - [2025-03-09T15:13:27.917+0000] {dagbag.py:588} INFO - Filling up the DagBag from /home/airflow/.local/lib/python3.12/site-packages/airflow/example_dags/example_latest_only_with_trigger.py
[2025-03-09T15:13:27.931+0000] {processor.py:925} INFO - DAG(s) 'latest_only_with_trigger' retrieved from /home/airflow/.local/lib/python3.12/site-packages/airflow/example_dags/example_latest_only_with_trigger.py
[2025-03-09T15:13:27.962+0000] {logging_mixin.py:190} INFO - [2025-03-09T15:13:27.961+0000] {dag.py:3239} INFO - Sync 1 DAGs
[2025-03-09T15:13:27.995+0000] {logging_mixin.py:190} INFO - [2025-03-09T15:13:27.995+0000] {dag.py:4180} INFO - Setting next_dagrun for latest_only_with_trigger to 2025-03-09 08:00:00+00:00, run_after=2025-03-09 12:00:00+00:00
[2025-03-09T15:13:28.027+0000] {processor.py:208} INFO - Processing /home/airflow/.local/lib/python3.12/site-packages/airflow/example_dags/example_latest_only_with_trigger.py took 0.126 seconds
[2025-03-09T15:13:58.898+0000] {processor.py:186} INFO - Started process (PID=19442) to work on /home/airflow/.local/lib/python3.12/site-packages/airflow/example_dags/example_latest_only_with_trigger.py
[2025-03-09T15:13:58.900+0000] {processor.py:914} INFO - Processing file /home/airflow/.local/lib/python3.12/site-packages/airflow/example_dags/example_latest_only_with_trigger.py for tasks to queue
[2025-03-09T15:13:58.902+0000] {logging_mixin.py:190} INFO - [2025-03-09T15:13:58.902+0000] {dagbag.py:588} INFO - Filling up the DagBag from /home/airflow/.local/lib/python3.12/site-packages/airflow/example_dags/example_latest_only_with_trigger.py
[2025-03-09T15:13:58.915+0000] {processor.py:925} INFO - DAG(s) 'latest_only_with_trigger' retrieved from /home/airflow/.local/lib/python3.12/site-packages/airflow/example_dags/example_latest_only_with_trigger.py
[2025-03-09T15:13:58.951+0000] {logging_mixin.py:190} INFO - [2025-03-09T15:13:58.951+0000] {dag.py:3239} INFO - Sync 1 DAGs
[2025-03-09T15:13:58.984+0000] {logging_mixin.py:190} INFO - [2025-03-09T15:13:58.984+0000] {dag.py:4180} INFO - Setting next_dagrun for latest_only_with_trigger to 2025-03-09 08:00:00+00:00, run_after=2025-03-09 12:00:00+00:00
[2025-03-09T15:13:59.016+0000] {processor.py:208} INFO - Processing /home/airflow/.local/lib/python3.12/site-packages/airflow/example_dags/example_latest_only_with_trigger.py took 0.127 seconds
[2025-03-09T15:14:29.235+0000] {processor.py:186} INFO - Started process (PID=19507) to work on /home/airflow/.local/lib/python3.12/site-packages/airflow/example_dags/example_latest_only_with_trigger.py
[2025-03-09T15:14:29.237+0000] {processor.py:914} INFO - Processing file /home/airflow/.local/lib/python3.12/site-packages/airflow/example_dags/example_latest_only_with_trigger.py for tasks to queue
[2025-03-09T15:14:29.239+0000] {logging_mixin.py:190} INFO - [2025-03-09T15:14:29.239+0000] {dagbag.py:588} INFO - Filling up the DagBag from /home/airflow/.local/lib/python3.12/site-packages/airflow/example_dags/example_latest_only_with_trigger.py
[2025-03-09T15:14:29.251+0000] {processor.py:925} INFO - DAG(s) 'latest_only_with_trigger' retrieved from /home/airflow/.local/lib/python3.12/site-packages/airflow/example_dags/example_latest_only_with_trigger.py
[2025-03-09T15:14:29.280+0000] {logging_mixin.py:190} INFO - [2025-03-09T15:14:29.280+0000] {dag.py:3239} INFO - Sync 1 DAGs
[2025-03-09T15:14:29.311+0000] {logging_mixin.py:190} INFO - [2025-03-09T15:14:29.311+0000] {dag.py:4180} INFO - Setting next_dagrun for latest_only_with_trigger to 2025-03-09 08:00:00+00:00, run_after=2025-03-09 12:00:00+00:00
[2025-03-09T15:14:29.342+0000] {processor.py:208} INFO - Processing /home/airflow/.local/lib/python3.12/site-packages/airflow/example_dags/example_latest_only_with_trigger.py took 0.114 seconds
[2025-03-09T15:14:59.579+0000] {processor.py:186} INFO - Started process (PID=19572) to work on /home/airflow/.local/lib/python3.12/site-packages/airflow/example_dags/example_latest_only_with_trigger.py
[2025-03-09T15:14:59.581+0000] {processor.py:914} INFO - Processing file /home/airflow/.local/lib/python3.12/site-packages/airflow/example_dags/example_latest_only_with_trigger.py for tasks to queue
[2025-03-09T15:14:59.584+0000] {logging_mixin.py:190} INFO - [2025-03-09T15:14:59.583+0000] {dagbag.py:588} INFO - Filling up the DagBag from /home/airflow/.local/lib/python3.12/site-packages/airflow/example_dags/example_latest_only_with_trigger.py
[2025-03-09T15:14:59.596+0000] {processor.py:925} INFO - DAG(s) 'latest_only_with_trigger' retrieved from /home/airflow/.local/lib/python3.12/site-packages/airflow/example_dags/example_latest_only_with_trigger.py
[2025-03-09T15:14:59.629+0000] {logging_mixin.py:190} INFO - [2025-03-09T15:14:59.629+0000] {dag.py:3239} INFO - Sync 1 DAGs
[2025-03-09T15:14:59.670+0000] {logging_mixin.py:190} INFO - [2025-03-09T15:14:59.670+0000] {dag.py:4180} INFO - Setting next_dagrun for latest_only_with_trigger to 2025-03-09 08:00:00+00:00, run_after=2025-03-09 12:00:00+00:00
[2025-03-09T15:14:59.702+0000] {processor.py:208} INFO - Processing /home/airflow/.local/lib/python3.12/site-packages/airflow/example_dags/example_latest_only_with_trigger.py took 0.131 seconds
[2025-03-09T15:15:30.181+0000] {processor.py:186} INFO - Started process (PID=19638) to work on /home/airflow/.local/lib/python3.12/site-packages/airflow/example_dags/example_latest_only_with_trigger.py
[2025-03-09T15:15:30.182+0000] {processor.py:914} INFO - Processing file /home/airflow/.local/lib/python3.12/site-packages/airflow/example_dags/example_latest_only_with_trigger.py for tasks to queue
[2025-03-09T15:15:30.185+0000] {logging_mixin.py:190} INFO - [2025-03-09T15:15:30.184+0000] {dagbag.py:588} INFO - Filling up the DagBag from /home/airflow/.local/lib/python3.12/site-packages/airflow/example_dags/example_latest_only_with_trigger.py
[2025-03-09T15:15:30.196+0000] {processor.py:925} INFO - DAG(s) 'latest_only_with_trigger' retrieved from /home/airflow/.local/lib/python3.12/site-packages/airflow/example_dags/example_latest_only_with_trigger.py
[2025-03-09T15:15:30.229+0000] {logging_mixin.py:190} INFO - [2025-03-09T15:15:30.229+0000] {dag.py:3239} INFO - Sync 1 DAGs
[2025-03-09T15:15:30.262+0000] {logging_mixin.py:190} INFO - [2025-03-09T15:15:30.261+0000] {dag.py:4180} INFO - Setting next_dagrun for latest_only_with_trigger to 2025-03-09 08:00:00+00:00, run_after=2025-03-09 12:00:00+00:00
[2025-03-09T15:15:30.319+0000] {processor.py:208} INFO - Processing /home/airflow/.local/lib/python3.12/site-packages/airflow/example_dags/example_latest_only_with_trigger.py took 0.146 seconds
[2025-03-09T15:16:00.880+0000] {processor.py:186} INFO - Started process (PID=19703) to work on /home/airflow/.local/lib/python3.12/site-packages/airflow/example_dags/example_latest_only_with_trigger.py
[2025-03-09T15:16:00.882+0000] {processor.py:914} INFO - Processing file /home/airflow/.local/lib/python3.12/site-packages/airflow/example_dags/example_latest_only_with_trigger.py for tasks to queue
[2025-03-09T15:16:00.885+0000] {logging_mixin.py:190} INFO - [2025-03-09T15:16:00.884+0000] {dagbag.py:588} INFO - Filling up the DagBag from /home/airflow/.local/lib/python3.12/site-packages/airflow/example_dags/example_latest_only_with_trigger.py
[2025-03-09T15:16:00.904+0000] {processor.py:925} INFO - DAG(s) 'latest_only_with_trigger' retrieved from /home/airflow/.local/lib/python3.12/site-packages/airflow/example_dags/example_latest_only_with_trigger.py
[2025-03-09T15:16:00.939+0000] {logging_mixin.py:190} INFO - [2025-03-09T15:16:00.939+0000] {dag.py:3239} INFO - Sync 1 DAGs
[2025-03-09T15:16:00.982+0000] {logging_mixin.py:190} INFO - [2025-03-09T15:16:00.982+0000] {dag.py:4180} INFO - Setting next_dagrun for latest_only_with_trigger to 2025-03-09 08:00:00+00:00, run_after=2025-03-09 12:00:00+00:00
[2025-03-09T15:16:01.016+0000] {processor.py:208} INFO - Processing /home/airflow/.local/lib/python3.12/site-packages/airflow/example_dags/example_latest_only_with_trigger.py took 0.146 seconds
[2025-03-09T15:16:31.556+0000] {processor.py:186} INFO - Started process (PID=19767) to work on /home/airflow/.local/lib/python3.12/site-packages/airflow/example_dags/example_latest_only_with_trigger.py
[2025-03-09T15:16:31.558+0000] {processor.py:914} INFO - Processing file /home/airflow/.local/lib/python3.12/site-packages/airflow/example_dags/example_latest_only_with_trigger.py for tasks to queue
[2025-03-09T15:16:31.560+0000] {logging_mixin.py:190} INFO - [2025-03-09T15:16:31.560+0000] {dagbag.py:588} INFO - Filling up the DagBag from /home/airflow/.local/lib/python3.12/site-packages/airflow/example_dags/example_latest_only_with_trigger.py
[2025-03-09T15:16:31.572+0000] {processor.py:925} INFO - DAG(s) 'latest_only_with_trigger' retrieved from /home/airflow/.local/lib/python3.12/site-packages/airflow/example_dags/example_latest_only_with_trigger.py
[2025-03-09T15:16:31.603+0000] {logging_mixin.py:190} INFO - [2025-03-09T15:16:31.602+0000] {dag.py:3239} INFO - Sync 1 DAGs
[2025-03-09T15:16:31.637+0000] {logging_mixin.py:190} INFO - [2025-03-09T15:16:31.637+0000] {dag.py:4180} INFO - Setting next_dagrun for latest_only_with_trigger to 2025-03-09 08:00:00+00:00, run_after=2025-03-09 12:00:00+00:00
[2025-03-09T15:16:31.667+0000] {processor.py:208} INFO - Processing /home/airflow/.local/lib/python3.12/site-packages/airflow/example_dags/example_latest_only_with_trigger.py took 0.119 seconds
[2025-03-09T15:17:01.854+0000] {processor.py:186} INFO - Started process (PID=19832) to work on /home/airflow/.local/lib/python3.12/site-packages/airflow/example_dags/example_latest_only_with_trigger.py
[2025-03-09T15:17:01.855+0000] {processor.py:914} INFO - Processing file /home/airflow/.local/lib/python3.12/site-packages/airflow/example_dags/example_latest_only_with_trigger.py for tasks to queue
[2025-03-09T15:17:01.858+0000] {logging_mixin.py:190} INFO - [2025-03-09T15:17:01.858+0000] {dagbag.py:588} INFO - Filling up the DagBag from /home/airflow/.local/lib/python3.12/site-packages/airflow/example_dags/example_latest_only_with_trigger.py
[2025-03-09T15:17:01.871+0000] {processor.py:925} INFO - DAG(s) 'latest_only_with_trigger' retrieved from /home/airflow/.local/lib/python3.12/site-packages/airflow/example_dags/example_latest_only_with_trigger.py
[2025-03-09T15:17:01.903+0000] {logging_mixin.py:190} INFO - [2025-03-09T15:17:01.903+0000] {dag.py:3239} INFO - Sync 1 DAGs
[2025-03-09T15:17:01.940+0000] {logging_mixin.py:190} INFO - [2025-03-09T15:17:01.939+0000] {dag.py:4180} INFO - Setting next_dagrun for latest_only_with_trigger to 2025-03-09 08:00:00+00:00, run_after=2025-03-09 12:00:00+00:00
[2025-03-09T15:17:01.974+0000] {processor.py:208} INFO - Processing /home/airflow/.local/lib/python3.12/site-packages/airflow/example_dags/example_latest_only_with_trigger.py took 0.129 seconds
[2025-03-09T15:17:32.836+0000] {processor.py:186} INFO - Started process (PID=19897) to work on /home/airflow/.local/lib/python3.12/site-packages/airflow/example_dags/example_latest_only_with_trigger.py
[2025-03-09T15:17:32.839+0000] {processor.py:914} INFO - Processing file /home/airflow/.local/lib/python3.12/site-packages/airflow/example_dags/example_latest_only_with_trigger.py for tasks to queue
[2025-03-09T15:17:32.849+0000] {logging_mixin.py:190} INFO - [2025-03-09T15:17:32.845+0000] {dagbag.py:588} INFO - Filling up the DagBag from /home/airflow/.local/lib/python3.12/site-packages/airflow/example_dags/example_latest_only_with_trigger.py
[2025-03-09T15:17:32.864+0000] {processor.py:925} INFO - DAG(s) 'latest_only_with_trigger' retrieved from /home/airflow/.local/lib/python3.12/site-packages/airflow/example_dags/example_latest_only_with_trigger.py
[2025-03-09T15:17:32.904+0000] {logging_mixin.py:190} INFO - [2025-03-09T15:17:32.903+0000] {dag.py:3239} INFO - Sync 1 DAGs
[2025-03-09T15:17:32.937+0000] {logging_mixin.py:190} INFO - [2025-03-09T15:17:32.937+0000] {dag.py:4180} INFO - Setting next_dagrun for latest_only_with_trigger to 2025-03-09 08:00:00+00:00, run_after=2025-03-09 12:00:00+00:00
[2025-03-09T15:17:32.970+0000] {processor.py:208} INFO - Processing /home/airflow/.local/lib/python3.12/site-packages/airflow/example_dags/example_latest_only_with_trigger.py took 0.155 seconds
[2025-03-09T15:18:03.100+0000] {processor.py:186} INFO - Started process (PID=19969) to work on /home/airflow/.local/lib/python3.12/site-packages/airflow/example_dags/example_latest_only_with_trigger.py
[2025-03-09T15:18:03.102+0000] {processor.py:914} INFO - Processing file /home/airflow/.local/lib/python3.12/site-packages/airflow/example_dags/example_latest_only_with_trigger.py for tasks to queue
[2025-03-09T15:18:03.105+0000] {logging_mixin.py:190} INFO - [2025-03-09T15:18:03.104+0000] {dagbag.py:588} INFO - Filling up the DagBag from /home/airflow/.local/lib/python3.12/site-packages/airflow/example_dags/example_latest_only_with_trigger.py
[2025-03-09T15:18:03.123+0000] {processor.py:925} INFO - DAG(s) 'latest_only_with_trigger' retrieved from /home/airflow/.local/lib/python3.12/site-packages/airflow/example_dags/example_latest_only_with_trigger.py
[2025-03-09T15:18:03.172+0000] {logging_mixin.py:190} INFO - [2025-03-09T15:18:03.172+0000] {dag.py:3239} INFO - Sync 1 DAGs
[2025-03-09T15:18:03.221+0000] {logging_mixin.py:190} INFO - [2025-03-09T15:18:03.221+0000] {dag.py:4180} INFO - Setting next_dagrun for latest_only_with_trigger to 2025-03-09 08:00:00+00:00, run_after=2025-03-09 12:00:00+00:00
[2025-03-09T15:18:03.257+0000] {processor.py:208} INFO - Processing /home/airflow/.local/lib/python3.12/site-packages/airflow/example_dags/example_latest_only_with_trigger.py took 0.167 seconds
[2025-03-09T15:18:33.650+0000] {processor.py:186} INFO - Started process (PID=20034) to work on /home/airflow/.local/lib/python3.12/site-packages/airflow/example_dags/example_latest_only_with_trigger.py
[2025-03-09T15:18:33.652+0000] {processor.py:914} INFO - Processing file /home/airflow/.local/lib/python3.12/site-packages/airflow/example_dags/example_latest_only_with_trigger.py for tasks to queue
[2025-03-09T15:18:33.655+0000] {logging_mixin.py:190} INFO - [2025-03-09T15:18:33.654+0000] {dagbag.py:588} INFO - Filling up the DagBag from /home/airflow/.local/lib/python3.12/site-packages/airflow/example_dags/example_latest_only_with_trigger.py
[2025-03-09T15:18:33.667+0000] {processor.py:925} INFO - DAG(s) 'latest_only_with_trigger' retrieved from /home/airflow/.local/lib/python3.12/site-packages/airflow/example_dags/example_latest_only_with_trigger.py
[2025-03-09T15:18:33.696+0000] {logging_mixin.py:190} INFO - [2025-03-09T15:18:33.696+0000] {dag.py:3239} INFO - Sync 1 DAGs
[2025-03-09T15:18:33.732+0000] {logging_mixin.py:190} INFO - [2025-03-09T15:18:33.732+0000] {dag.py:4180} INFO - Setting next_dagrun for latest_only_with_trigger to 2025-03-09 08:00:00+00:00, run_after=2025-03-09 12:00:00+00:00
[2025-03-09T15:18:33.764+0000] {processor.py:208} INFO - Processing /home/airflow/.local/lib/python3.12/site-packages/airflow/example_dags/example_latest_only_with_trigger.py took 0.122 seconds
[2025-03-09T15:19:04.375+0000] {processor.py:186} INFO - Started process (PID=20099) to work on /home/airflow/.local/lib/python3.12/site-packages/airflow/example_dags/example_latest_only_with_trigger.py
[2025-03-09T15:19:04.376+0000] {processor.py:914} INFO - Processing file /home/airflow/.local/lib/python3.12/site-packages/airflow/example_dags/example_latest_only_with_trigger.py for tasks to queue
[2025-03-09T15:19:04.379+0000] {logging_mixin.py:190} INFO - [2025-03-09T15:19:04.378+0000] {dagbag.py:588} INFO - Filling up the DagBag from /home/airflow/.local/lib/python3.12/site-packages/airflow/example_dags/example_latest_only_with_trigger.py
[2025-03-09T15:19:04.392+0000] {processor.py:925} INFO - DAG(s) 'latest_only_with_trigger' retrieved from /home/airflow/.local/lib/python3.12/site-packages/airflow/example_dags/example_latest_only_with_trigger.py
[2025-03-09T15:19:04.431+0000] {logging_mixin.py:190} INFO - [2025-03-09T15:19:04.431+0000] {dag.py:3239} INFO - Sync 1 DAGs
[2025-03-09T15:19:04.468+0000] {logging_mixin.py:190} INFO - [2025-03-09T15:19:04.468+0000] {dag.py:4180} INFO - Setting next_dagrun for latest_only_with_trigger to 2025-03-09 08:00:00+00:00, run_after=2025-03-09 12:00:00+00:00
[2025-03-09T15:19:04.503+0000] {processor.py:208} INFO - Processing /home/airflow/.local/lib/python3.12/site-packages/airflow/example_dags/example_latest_only_with_trigger.py took 0.136 seconds
[2025-03-09T15:19:35.031+0000] {processor.py:186} INFO - Started process (PID=20164) to work on /home/airflow/.local/lib/python3.12/site-packages/airflow/example_dags/example_latest_only_with_trigger.py
[2025-03-09T15:19:35.033+0000] {processor.py:914} INFO - Processing file /home/airflow/.local/lib/python3.12/site-packages/airflow/example_dags/example_latest_only_with_trigger.py for tasks to queue
[2025-03-09T15:19:35.035+0000] {logging_mixin.py:190} INFO - [2025-03-09T15:19:35.035+0000] {dagbag.py:588} INFO - Filling up the DagBag from /home/airflow/.local/lib/python3.12/site-packages/airflow/example_dags/example_latest_only_with_trigger.py
[2025-03-09T15:19:35.048+0000] {processor.py:925} INFO - DAG(s) 'latest_only_with_trigger' retrieved from /home/airflow/.local/lib/python3.12/site-packages/airflow/example_dags/example_latest_only_with_trigger.py
[2025-03-09T15:19:35.086+0000] {logging_mixin.py:190} INFO - [2025-03-09T15:19:35.086+0000] {dag.py:3239} INFO - Sync 1 DAGs
[2025-03-09T15:19:35.121+0000] {logging_mixin.py:190} INFO - [2025-03-09T15:19:35.121+0000] {dag.py:4180} INFO - Setting next_dagrun for latest_only_with_trigger to 2025-03-09 08:00:00+00:00, run_after=2025-03-09 12:00:00+00:00
[2025-03-09T15:19:35.154+0000] {processor.py:208} INFO - Processing /home/airflow/.local/lib/python3.12/site-packages/airflow/example_dags/example_latest_only_with_trigger.py took 0.131 seconds
[2025-03-09T15:20:05.701+0000] {processor.py:186} INFO - Started process (PID=20229) to work on /home/airflow/.local/lib/python3.12/site-packages/airflow/example_dags/example_latest_only_with_trigger.py
[2025-03-09T15:20:05.703+0000] {processor.py:914} INFO - Processing file /home/airflow/.local/lib/python3.12/site-packages/airflow/example_dags/example_latest_only_with_trigger.py for tasks to queue
[2025-03-09T15:20:05.706+0000] {logging_mixin.py:190} INFO - [2025-03-09T15:20:05.706+0000] {dagbag.py:588} INFO - Filling up the DagBag from /home/airflow/.local/lib/python3.12/site-packages/airflow/example_dags/example_latest_only_with_trigger.py
[2025-03-09T15:20:05.728+0000] {processor.py:925} INFO - DAG(s) 'latest_only_with_trigger' retrieved from /home/airflow/.local/lib/python3.12/site-packages/airflow/example_dags/example_latest_only_with_trigger.py
[2025-03-09T15:20:05.763+0000] {logging_mixin.py:190} INFO - [2025-03-09T15:20:05.763+0000] {dag.py:3239} INFO - Sync 1 DAGs
[2025-03-09T15:20:05.801+0000] {logging_mixin.py:190} INFO - [2025-03-09T15:20:05.801+0000] {dag.py:4180} INFO - Setting next_dagrun for latest_only_with_trigger to 2025-03-09 08:00:00+00:00, run_after=2025-03-09 12:00:00+00:00
[2025-03-09T15:20:05.843+0000] {processor.py:208} INFO - Processing /home/airflow/.local/lib/python3.12/site-packages/airflow/example_dags/example_latest_only_with_trigger.py took 0.151 seconds
