[2025-03-31T15:04:45.210+0000] {processor.py:186} INFO - Started process (PID=56399) to work on /home/airflow/.local/lib/python3.12/site-packages/airflow/example_dags/example_xcomargs.py
[2025-03-31T15:04:45.250+0000] {processor.py:914} INFO - Processing file /home/airflow/.local/lib/python3.12/site-packages/airflow/example_dags/example_xcomargs.py for tasks to queue
[2025-03-31T15:04:45.321+0000] {logging_mixin.py:190} INFO - [2025-03-31T15:04:45.320+0000] {dagbag.py:588} INFO - Filling up the DagBag from /home/airflow/.local/lib/python3.12/site-packages/airflow/example_dags/example_xcomargs.py
[2025-03-31T15:04:45.478+0000] {processor.py:925} INFO - DAG(s) 'example_xcom_args_with_operators', 'example_xcom_args' retrieved from /home/airflow/.local/lib/python3.12/site-packages/airflow/example_dags/example_xcomargs.py
[2025-03-31T15:04:45.635+0000] {logging_mixin.py:190} INFO - [2025-03-31T15:04:45.634+0000] {dag.py:3239} INFO - Sync 2 DAGs
[2025-03-31T15:04:45.723+0000] {logging_mixin.py:190} INFO - [2025-03-31T15:04:45.713+0000] {dag.py:4180} INFO - Setting next_dagrun for example_xcom_args to None, run_after=None
[2025-03-31T15:04:45.745+0000] {logging_mixin.py:190} INFO - [2025-03-31T15:04:45.744+0000] {dag.py:4180} INFO - Setting next_dagrun for example_xcom_args_with_operators to None, run_after=None
[2025-03-31T15:04:45.901+0000] {processor.py:208} INFO - Processing /home/airflow/.local/lib/python3.12/site-packages/airflow/example_dags/example_xcomargs.py took 0.725 seconds
[2025-03-31T15:05:21.198+0000] {processor.py:186} INFO - Started process (PID=56464) to work on /home/airflow/.local/lib/python3.12/site-packages/airflow/example_dags/example_xcomargs.py
[2025-03-31T15:05:21.201+0000] {processor.py:914} INFO - Processing file /home/airflow/.local/lib/python3.12/site-packages/airflow/example_dags/example_xcomargs.py for tasks to queue
[2025-03-31T15:05:21.214+0000] {logging_mixin.py:190} INFO - [2025-03-31T15:05:21.204+0000] {dagbag.py:588} INFO - Filling up the DagBag from /home/airflow/.local/lib/python3.12/site-packages/airflow/example_dags/example_xcomargs.py
[2025-03-31T15:05:21.293+0000] {processor.py:925} INFO - DAG(s) 'example_xcom_args_with_operators', 'example_xcom_args' retrieved from /home/airflow/.local/lib/python3.12/site-packages/airflow/example_dags/example_xcomargs.py
[2025-03-31T15:05:21.386+0000] {logging_mixin.py:190} INFO - [2025-03-31T15:05:21.385+0000] {dag.py:3239} INFO - Sync 2 DAGs
[2025-03-31T15:05:21.440+0000] {logging_mixin.py:190} INFO - [2025-03-31T15:05:21.439+0000] {dag.py:4180} INFO - Setting next_dagrun for example_xcom_args to None, run_after=None
[2025-03-31T15:05:21.474+0000] {logging_mixin.py:190} INFO - [2025-03-31T15:05:21.473+0000] {dag.py:4180} INFO - Setting next_dagrun for example_xcom_args_with_operators to None, run_after=None
[2025-03-31T15:05:21.587+0000] {processor.py:208} INFO - Processing /home/airflow/.local/lib/python3.12/site-packages/airflow/example_dags/example_xcomargs.py took 0.423 seconds
[2025-03-31T15:05:52.315+0000] {processor.py:186} INFO - Started process (PID=56529) to work on /home/airflow/.local/lib/python3.12/site-packages/airflow/example_dags/example_xcomargs.py
[2025-03-31T15:05:52.317+0000] {processor.py:914} INFO - Processing file /home/airflow/.local/lib/python3.12/site-packages/airflow/example_dags/example_xcomargs.py for tasks to queue
[2025-03-31T15:05:52.321+0000] {logging_mixin.py:190} INFO - [2025-03-31T15:05:52.319+0000] {dagbag.py:588} INFO - Filling up the DagBag from /home/airflow/.local/lib/python3.12/site-packages/airflow/example_dags/example_xcomargs.py
[2025-03-31T15:05:52.350+0000] {processor.py:925} INFO - DAG(s) 'example_xcom_args_with_operators', 'example_xcom_args' retrieved from /home/airflow/.local/lib/python3.12/site-packages/airflow/example_dags/example_xcomargs.py
[2025-03-31T15:05:52.406+0000] {logging_mixin.py:190} INFO - [2025-03-31T15:05:52.405+0000] {dag.py:3239} INFO - Sync 2 DAGs
[2025-03-31T15:05:52.464+0000] {logging_mixin.py:190} INFO - [2025-03-31T15:05:52.464+0000] {dag.py:4180} INFO - Setting next_dagrun for example_xcom_args to None, run_after=None
[2025-03-31T15:05:52.481+0000] {logging_mixin.py:190} INFO - [2025-03-31T15:05:52.481+0000] {dag.py:4180} INFO - Setting next_dagrun for example_xcom_args_with_operators to None, run_after=None
[2025-03-31T15:05:52.518+0000] {processor.py:208} INFO - Processing /home/airflow/.local/lib/python3.12/site-packages/airflow/example_dags/example_xcomargs.py took 0.214 seconds
[2025-03-31T15:06:22.684+0000] {processor.py:186} INFO - Started process (PID=56593) to work on /home/airflow/.local/lib/python3.12/site-packages/airflow/example_dags/example_xcomargs.py
[2025-03-31T15:06:22.687+0000] {processor.py:914} INFO - Processing file /home/airflow/.local/lib/python3.12/site-packages/airflow/example_dags/example_xcomargs.py for tasks to queue
[2025-03-31T15:06:22.690+0000] {logging_mixin.py:190} INFO - [2025-03-31T15:06:22.689+0000] {dagbag.py:588} INFO - Filling up the DagBag from /home/airflow/.local/lib/python3.12/site-packages/airflow/example_dags/example_xcomargs.py
[2025-03-31T15:06:22.713+0000] {processor.py:925} INFO - DAG(s) 'example_xcom_args_with_operators', 'example_xcom_args' retrieved from /home/airflow/.local/lib/python3.12/site-packages/airflow/example_dags/example_xcomargs.py
[2025-03-31T15:06:22.766+0000] {logging_mixin.py:190} INFO - [2025-03-31T15:06:22.765+0000] {dag.py:3239} INFO - Sync 2 DAGs
[2025-03-31T15:06:22.800+0000] {logging_mixin.py:190} INFO - [2025-03-31T15:06:22.800+0000] {dag.py:4180} INFO - Setting next_dagrun for example_xcom_args to None, run_after=None
[2025-03-31T15:06:22.810+0000] {logging_mixin.py:190} INFO - [2025-03-31T15:06:22.810+0000] {dag.py:4180} INFO - Setting next_dagrun for example_xcom_args_with_operators to None, run_after=None
[2025-03-31T15:06:22.852+0000] {processor.py:208} INFO - Processing /home/airflow/.local/lib/python3.12/site-packages/airflow/example_dags/example_xcomargs.py took 0.180 seconds
[2025-03-31T15:06:54.985+0000] {processor.py:186} INFO - Started process (PID=56658) to work on /home/airflow/.local/lib/python3.12/site-packages/airflow/example_dags/example_xcomargs.py
[2025-03-31T15:06:54.996+0000] {processor.py:914} INFO - Processing file /home/airflow/.local/lib/python3.12/site-packages/airflow/example_dags/example_xcomargs.py for tasks to queue
[2025-03-31T15:06:55.001+0000] {logging_mixin.py:190} INFO - [2025-03-31T15:06:55.000+0000] {dagbag.py:588} INFO - Filling up the DagBag from /home/airflow/.local/lib/python3.12/site-packages/airflow/example_dags/example_xcomargs.py
[2025-03-31T15:06:55.077+0000] {processor.py:925} INFO - DAG(s) 'example_xcom_args', 'example_xcom_args_with_operators' retrieved from /home/airflow/.local/lib/python3.12/site-packages/airflow/example_dags/example_xcomargs.py
[2025-03-31T15:06:55.209+0000] {logging_mixin.py:190} INFO - [2025-03-31T15:06:55.209+0000] {dag.py:3239} INFO - Sync 2 DAGs
[2025-03-31T15:06:55.284+0000] {logging_mixin.py:190} INFO - [2025-03-31T15:06:55.278+0000] {dag.py:4180} INFO - Setting next_dagrun for example_xcom_args to None, run_after=None
[2025-03-31T15:06:55.312+0000] {logging_mixin.py:190} INFO - [2025-03-31T15:06:55.310+0000] {dag.py:4180} INFO - Setting next_dagrun for example_xcom_args_with_operators to None, run_after=None
[2025-03-31T15:06:55.410+0000] {processor.py:208} INFO - Processing /home/airflow/.local/lib/python3.12/site-packages/airflow/example_dags/example_xcomargs.py took 0.462 seconds
[2025-03-31T15:07:25.663+0000] {processor.py:186} INFO - Started process (PID=56723) to work on /home/airflow/.local/lib/python3.12/site-packages/airflow/example_dags/example_xcomargs.py
[2025-03-31T15:07:25.665+0000] {processor.py:914} INFO - Processing file /home/airflow/.local/lib/python3.12/site-packages/airflow/example_dags/example_xcomargs.py for tasks to queue
[2025-03-31T15:07:25.668+0000] {logging_mixin.py:190} INFO - [2025-03-31T15:07:25.667+0000] {dagbag.py:588} INFO - Filling up the DagBag from /home/airflow/.local/lib/python3.12/site-packages/airflow/example_dags/example_xcomargs.py
[2025-03-31T15:07:25.694+0000] {processor.py:925} INFO - DAG(s) 'example_xcom_args', 'example_xcom_args_with_operators' retrieved from /home/airflow/.local/lib/python3.12/site-packages/airflow/example_dags/example_xcomargs.py
[2025-03-31T15:07:25.751+0000] {logging_mixin.py:190} INFO - [2025-03-31T15:07:25.750+0000] {dag.py:3239} INFO - Sync 2 DAGs
[2025-03-31T15:07:25.789+0000] {logging_mixin.py:190} INFO - [2025-03-31T15:07:25.788+0000] {dag.py:4180} INFO - Setting next_dagrun for example_xcom_args to None, run_after=None
[2025-03-31T15:07:25.800+0000] {logging_mixin.py:190} INFO - [2025-03-31T15:07:25.800+0000] {dag.py:4180} INFO - Setting next_dagrun for example_xcom_args_with_operators to None, run_after=None
[2025-03-31T15:07:25.842+0000] {processor.py:208} INFO - Processing /home/airflow/.local/lib/python3.12/site-packages/airflow/example_dags/example_xcomargs.py took 0.191 seconds
[2025-03-31T15:07:56.151+0000] {processor.py:186} INFO - Started process (PID=56787) to work on /home/airflow/.local/lib/python3.12/site-packages/airflow/example_dags/example_xcomargs.py
[2025-03-31T15:07:56.152+0000] {processor.py:914} INFO - Processing file /home/airflow/.local/lib/python3.12/site-packages/airflow/example_dags/example_xcomargs.py for tasks to queue
[2025-03-31T15:07:56.155+0000] {logging_mixin.py:190} INFO - [2025-03-31T15:07:56.154+0000] {dagbag.py:588} INFO - Filling up the DagBag from /home/airflow/.local/lib/python3.12/site-packages/airflow/example_dags/example_xcomargs.py
[2025-03-31T15:07:56.174+0000] {processor.py:925} INFO - DAG(s) 'example_xcom_args_with_operators', 'example_xcom_args' retrieved from /home/airflow/.local/lib/python3.12/site-packages/airflow/example_dags/example_xcomargs.py
[2025-03-31T15:07:56.220+0000] {logging_mixin.py:190} INFO - [2025-03-31T15:07:56.220+0000] {dag.py:3239} INFO - Sync 2 DAGs
[2025-03-31T15:07:56.253+0000] {logging_mixin.py:190} INFO - [2025-03-31T15:07:56.252+0000] {dag.py:4180} INFO - Setting next_dagrun for example_xcom_args to None, run_after=None
[2025-03-31T15:07:56.262+0000] {logging_mixin.py:190} INFO - [2025-03-31T15:07:56.261+0000] {dag.py:4180} INFO - Setting next_dagrun for example_xcom_args_with_operators to None, run_after=None
[2025-03-31T15:07:56.300+0000] {processor.py:208} INFO - Processing /home/airflow/.local/lib/python3.12/site-packages/airflow/example_dags/example_xcomargs.py took 0.160 seconds
[2025-03-31T15:08:26.591+0000] {processor.py:186} INFO - Started process (PID=56851) to work on /home/airflow/.local/lib/python3.12/site-packages/airflow/example_dags/example_xcomargs.py
[2025-03-31T15:08:26.594+0000] {processor.py:914} INFO - Processing file /home/airflow/.local/lib/python3.12/site-packages/airflow/example_dags/example_xcomargs.py for tasks to queue
[2025-03-31T15:08:26.597+0000] {logging_mixin.py:190} INFO - [2025-03-31T15:08:26.596+0000] {dagbag.py:588} INFO - Filling up the DagBag from /home/airflow/.local/lib/python3.12/site-packages/airflow/example_dags/example_xcomargs.py
[2025-03-31T15:08:26.622+0000] {processor.py:925} INFO - DAG(s) 'example_xcom_args_with_operators', 'example_xcom_args' retrieved from /home/airflow/.local/lib/python3.12/site-packages/airflow/example_dags/example_xcomargs.py
[2025-03-31T15:08:26.676+0000] {logging_mixin.py:190} INFO - [2025-03-31T15:08:26.675+0000] {dag.py:3239} INFO - Sync 2 DAGs
[2025-03-31T15:08:26.716+0000] {logging_mixin.py:190} INFO - [2025-03-31T15:08:26.716+0000] {dag.py:4180} INFO - Setting next_dagrun for example_xcom_args to None, run_after=None
[2025-03-31T15:08:26.726+0000] {logging_mixin.py:190} INFO - [2025-03-31T15:08:26.726+0000] {dag.py:4180} INFO - Setting next_dagrun for example_xcom_args_with_operators to None, run_after=None
[2025-03-31T15:08:26.767+0000] {processor.py:208} INFO - Processing /home/airflow/.local/lib/python3.12/site-packages/airflow/example_dags/example_xcomargs.py took 0.188 seconds
[2025-03-31T15:08:57.115+0000] {processor.py:186} INFO - Started process (PID=56916) to work on /home/airflow/.local/lib/python3.12/site-packages/airflow/example_dags/example_xcomargs.py
[2025-03-31T15:08:57.117+0000] {processor.py:914} INFO - Processing file /home/airflow/.local/lib/python3.12/site-packages/airflow/example_dags/example_xcomargs.py for tasks to queue
[2025-03-31T15:08:57.119+0000] {logging_mixin.py:190} INFO - [2025-03-31T15:08:57.119+0000] {dagbag.py:588} INFO - Filling up the DagBag from /home/airflow/.local/lib/python3.12/site-packages/airflow/example_dags/example_xcomargs.py
[2025-03-31T15:08:57.137+0000] {processor.py:925} INFO - DAG(s) 'example_xcom_args_with_operators', 'example_xcom_args' retrieved from /home/airflow/.local/lib/python3.12/site-packages/airflow/example_dags/example_xcomargs.py
[2025-03-31T15:08:57.184+0000] {logging_mixin.py:190} INFO - [2025-03-31T15:08:57.184+0000] {dag.py:3239} INFO - Sync 2 DAGs
[2025-03-31T15:08:57.216+0000] {logging_mixin.py:190} INFO - [2025-03-31T15:08:57.215+0000] {dag.py:4180} INFO - Setting next_dagrun for example_xcom_args to None, run_after=None
[2025-03-31T15:08:57.223+0000] {logging_mixin.py:190} INFO - [2025-03-31T15:08:57.223+0000] {dag.py:4180} INFO - Setting next_dagrun for example_xcom_args_with_operators to None, run_after=None
[2025-03-31T15:08:57.255+0000] {processor.py:208} INFO - Processing /home/airflow/.local/lib/python3.12/site-packages/airflow/example_dags/example_xcomargs.py took 0.148 seconds
[2025-03-31T15:09:27.934+0000] {processor.py:186} INFO - Started process (PID=56981) to work on /home/airflow/.local/lib/python3.12/site-packages/airflow/example_dags/example_xcomargs.py
[2025-03-31T15:09:27.935+0000] {processor.py:914} INFO - Processing file /home/airflow/.local/lib/python3.12/site-packages/airflow/example_dags/example_xcomargs.py for tasks to queue
[2025-03-31T15:09:27.939+0000] {logging_mixin.py:190} INFO - [2025-03-31T15:09:27.938+0000] {dagbag.py:588} INFO - Filling up the DagBag from /home/airflow/.local/lib/python3.12/site-packages/airflow/example_dags/example_xcomargs.py
[2025-03-31T15:09:27.957+0000] {processor.py:925} INFO - DAG(s) 'example_xcom_args_with_operators', 'example_xcom_args' retrieved from /home/airflow/.local/lib/python3.12/site-packages/airflow/example_dags/example_xcomargs.py
[2025-03-31T15:09:28.005+0000] {logging_mixin.py:190} INFO - [2025-03-31T15:09:28.005+0000] {dag.py:3239} INFO - Sync 2 DAGs
[2025-03-31T15:09:28.033+0000] {logging_mixin.py:190} INFO - [2025-03-31T15:09:28.033+0000] {dag.py:4180} INFO - Setting next_dagrun for example_xcom_args to None, run_after=None
[2025-03-31T15:09:28.041+0000] {logging_mixin.py:190} INFO - [2025-03-31T15:09:28.040+0000] {dag.py:4180} INFO - Setting next_dagrun for example_xcom_args_with_operators to None, run_after=None
[2025-03-31T15:09:28.078+0000] {processor.py:208} INFO - Processing /home/airflow/.local/lib/python3.12/site-packages/airflow/example_dags/example_xcomargs.py took 0.152 seconds
[2025-03-31T15:09:58.426+0000] {processor.py:186} INFO - Started process (PID=57046) to work on /home/airflow/.local/lib/python3.12/site-packages/airflow/example_dags/example_xcomargs.py
[2025-03-31T15:09:58.428+0000] {processor.py:914} INFO - Processing file /home/airflow/.local/lib/python3.12/site-packages/airflow/example_dags/example_xcomargs.py for tasks to queue
[2025-03-31T15:09:58.430+0000] {logging_mixin.py:190} INFO - [2025-03-31T15:09:58.429+0000] {dagbag.py:588} INFO - Filling up the DagBag from /home/airflow/.local/lib/python3.12/site-packages/airflow/example_dags/example_xcomargs.py
[2025-03-31T15:09:58.452+0000] {processor.py:925} INFO - DAG(s) 'example_xcom_args_with_operators', 'example_xcom_args' retrieved from /home/airflow/.local/lib/python3.12/site-packages/airflow/example_dags/example_xcomargs.py
[2025-03-31T15:09:58.494+0000] {logging_mixin.py:190} INFO - [2025-03-31T15:09:58.494+0000] {dag.py:3239} INFO - Sync 2 DAGs
[2025-03-31T15:09:58.523+0000] {logging_mixin.py:190} INFO - [2025-03-31T15:09:58.523+0000] {dag.py:4180} INFO - Setting next_dagrun for example_xcom_args to None, run_after=None
[2025-03-31T15:09:58.531+0000] {logging_mixin.py:190} INFO - [2025-03-31T15:09:58.531+0000] {dag.py:4180} INFO - Setting next_dagrun for example_xcom_args_with_operators to None, run_after=None
[2025-03-31T15:09:58.566+0000] {processor.py:208} INFO - Processing /home/airflow/.local/lib/python3.12/site-packages/airflow/example_dags/example_xcomargs.py took 0.149 seconds
[2025-03-31T15:10:28.774+0000] {processor.py:186} INFO - Started process (PID=57110) to work on /home/airflow/.local/lib/python3.12/site-packages/airflow/example_dags/example_xcomargs.py
[2025-03-31T15:10:28.790+0000] {processor.py:914} INFO - Processing file /home/airflow/.local/lib/python3.12/site-packages/airflow/example_dags/example_xcomargs.py for tasks to queue
[2025-03-31T15:10:28.794+0000] {logging_mixin.py:190} INFO - [2025-03-31T15:10:28.793+0000] {dagbag.py:588} INFO - Filling up the DagBag from /home/airflow/.local/lib/python3.12/site-packages/airflow/example_dags/example_xcomargs.py
[2025-03-31T15:10:28.855+0000] {processor.py:925} INFO - DAG(s) 'example_xcom_args', 'example_xcom_args_with_operators' retrieved from /home/airflow/.local/lib/python3.12/site-packages/airflow/example_dags/example_xcomargs.py
[2025-03-31T15:10:28.976+0000] {logging_mixin.py:190} INFO - [2025-03-31T15:10:28.975+0000] {dag.py:3239} INFO - Sync 2 DAGs
[2025-03-31T15:10:29.065+0000] {logging_mixin.py:190} INFO - [2025-03-31T15:10:29.065+0000] {dag.py:4180} INFO - Setting next_dagrun for example_xcom_args to None, run_after=None
[2025-03-31T15:10:29.097+0000] {logging_mixin.py:190} INFO - [2025-03-31T15:10:29.096+0000] {dag.py:4180} INFO - Setting next_dagrun for example_xcom_args_with_operators to None, run_after=None
[2025-03-31T15:10:29.206+0000] {processor.py:208} INFO - Processing /home/airflow/.local/lib/python3.12/site-packages/airflow/example_dags/example_xcomargs.py took 0.459 seconds
[2025-03-31T15:10:59.858+0000] {processor.py:186} INFO - Started process (PID=57176) to work on /home/airflow/.local/lib/python3.12/site-packages/airflow/example_dags/example_xcomargs.py
[2025-03-31T15:10:59.860+0000] {processor.py:914} INFO - Processing file /home/airflow/.local/lib/python3.12/site-packages/airflow/example_dags/example_xcomargs.py for tasks to queue
[2025-03-31T15:10:59.863+0000] {logging_mixin.py:190} INFO - [2025-03-31T15:10:59.863+0000] {dagbag.py:588} INFO - Filling up the DagBag from /home/airflow/.local/lib/python3.12/site-packages/airflow/example_dags/example_xcomargs.py
[2025-03-31T15:10:59.892+0000] {processor.py:925} INFO - DAG(s) 'example_xcom_args', 'example_xcom_args_with_operators' retrieved from /home/airflow/.local/lib/python3.12/site-packages/airflow/example_dags/example_xcomargs.py
[2025-03-31T15:10:59.982+0000] {logging_mixin.py:190} INFO - [2025-03-31T15:10:59.981+0000] {dag.py:3239} INFO - Sync 2 DAGs
[2025-03-31T15:11:00.041+0000] {logging_mixin.py:190} INFO - [2025-03-31T15:11:00.040+0000] {dag.py:4180} INFO - Setting next_dagrun for example_xcom_args to None, run_after=None
[2025-03-31T15:11:00.050+0000] {logging_mixin.py:190} INFO - [2025-03-31T15:11:00.050+0000] {dag.py:4180} INFO - Setting next_dagrun for example_xcom_args_with_operators to None, run_after=None
[2025-03-31T15:11:00.096+0000] {processor.py:208} INFO - Processing /home/airflow/.local/lib/python3.12/site-packages/airflow/example_dags/example_xcomargs.py took 0.252 seconds
[2025-03-31T15:11:30.376+0000] {processor.py:186} INFO - Started process (PID=57241) to work on /home/airflow/.local/lib/python3.12/site-packages/airflow/example_dags/example_xcomargs.py
[2025-03-31T15:11:30.379+0000] {processor.py:914} INFO - Processing file /home/airflow/.local/lib/python3.12/site-packages/airflow/example_dags/example_xcomargs.py for tasks to queue
[2025-03-31T15:11:30.383+0000] {logging_mixin.py:190} INFO - [2025-03-31T15:11:30.381+0000] {dagbag.py:588} INFO - Filling up the DagBag from /home/airflow/.local/lib/python3.12/site-packages/airflow/example_dags/example_xcomargs.py
[2025-03-31T15:11:30.408+0000] {processor.py:925} INFO - DAG(s) 'example_xcom_args', 'example_xcom_args_with_operators' retrieved from /home/airflow/.local/lib/python3.12/site-packages/airflow/example_dags/example_xcomargs.py
[2025-03-31T15:11:30.468+0000] {logging_mixin.py:190} INFO - [2025-03-31T15:11:30.467+0000] {dag.py:3239} INFO - Sync 2 DAGs
[2025-03-31T15:11:30.517+0000] {logging_mixin.py:190} INFO - [2025-03-31T15:11:30.517+0000] {dag.py:4180} INFO - Setting next_dagrun for example_xcom_args to None, run_after=None
[2025-03-31T15:11:30.531+0000] {logging_mixin.py:190} INFO - [2025-03-31T15:11:30.531+0000] {dag.py:4180} INFO - Setting next_dagrun for example_xcom_args_with_operators to None, run_after=None
[2025-03-31T15:11:30.603+0000] {processor.py:208} INFO - Processing /home/airflow/.local/lib/python3.12/site-packages/airflow/example_dags/example_xcomargs.py took 0.239 seconds
[2025-03-31T15:12:01.189+0000] {processor.py:186} INFO - Started process (PID=57306) to work on /home/airflow/.local/lib/python3.12/site-packages/airflow/example_dags/example_xcomargs.py
[2025-03-31T15:12:01.191+0000] {processor.py:914} INFO - Processing file /home/airflow/.local/lib/python3.12/site-packages/airflow/example_dags/example_xcomargs.py for tasks to queue
[2025-03-31T15:12:01.195+0000] {logging_mixin.py:190} INFO - [2025-03-31T15:12:01.194+0000] {dagbag.py:588} INFO - Filling up the DagBag from /home/airflow/.local/lib/python3.12/site-packages/airflow/example_dags/example_xcomargs.py
[2025-03-31T15:12:01.221+0000] {processor.py:925} INFO - DAG(s) 'example_xcom_args_with_operators', 'example_xcom_args' retrieved from /home/airflow/.local/lib/python3.12/site-packages/airflow/example_dags/example_xcomargs.py
[2025-03-31T15:12:01.280+0000] {logging_mixin.py:190} INFO - [2025-03-31T15:12:01.280+0000] {dag.py:3239} INFO - Sync 2 DAGs
[2025-03-31T15:12:01.324+0000] {logging_mixin.py:190} INFO - [2025-03-31T15:12:01.324+0000] {dag.py:4180} INFO - Setting next_dagrun for example_xcom_args to None, run_after=None
[2025-03-31T15:12:01.336+0000] {logging_mixin.py:190} INFO - [2025-03-31T15:12:01.335+0000] {dag.py:4180} INFO - Setting next_dagrun for example_xcom_args_with_operators to None, run_after=None
[2025-03-31T15:12:01.402+0000] {processor.py:208} INFO - Processing /home/airflow/.local/lib/python3.12/site-packages/airflow/example_dags/example_xcomargs.py took 0.225 seconds
[2025-03-31T15:12:31.758+0000] {processor.py:186} INFO - Started process (PID=57371) to work on /home/airflow/.local/lib/python3.12/site-packages/airflow/example_dags/example_xcomargs.py
[2025-03-31T15:12:31.760+0000] {processor.py:914} INFO - Processing file /home/airflow/.local/lib/python3.12/site-packages/airflow/example_dags/example_xcomargs.py for tasks to queue
[2025-03-31T15:12:31.763+0000] {logging_mixin.py:190} INFO - [2025-03-31T15:12:31.762+0000] {dagbag.py:588} INFO - Filling up the DagBag from /home/airflow/.local/lib/python3.12/site-packages/airflow/example_dags/example_xcomargs.py
[2025-03-31T15:12:31.788+0000] {processor.py:925} INFO - DAG(s) 'example_xcom_args', 'example_xcom_args_with_operators' retrieved from /home/airflow/.local/lib/python3.12/site-packages/airflow/example_dags/example_xcomargs.py
[2025-03-31T15:12:31.846+0000] {logging_mixin.py:190} INFO - [2025-03-31T15:12:31.845+0000] {dag.py:3239} INFO - Sync 2 DAGs
[2025-03-31T15:12:31.882+0000] {logging_mixin.py:190} INFO - [2025-03-31T15:12:31.881+0000] {dag.py:4180} INFO - Setting next_dagrun for example_xcom_args to None, run_after=None
[2025-03-31T15:12:31.893+0000] {logging_mixin.py:190} INFO - [2025-03-31T15:12:31.892+0000] {dag.py:4180} INFO - Setting next_dagrun for example_xcom_args_with_operators to None, run_after=None
[2025-03-31T15:12:31.934+0000] {processor.py:208} INFO - Processing /home/airflow/.local/lib/python3.12/site-packages/airflow/example_dags/example_xcomargs.py took 0.186 seconds
[2025-03-31T15:13:02.641+0000] {processor.py:186} INFO - Started process (PID=57436) to work on /home/airflow/.local/lib/python3.12/site-packages/airflow/example_dags/example_xcomargs.py
[2025-03-31T15:13:02.643+0000] {processor.py:914} INFO - Processing file /home/airflow/.local/lib/python3.12/site-packages/airflow/example_dags/example_xcomargs.py for tasks to queue
[2025-03-31T15:13:02.646+0000] {logging_mixin.py:190} INFO - [2025-03-31T15:13:02.645+0000] {dagbag.py:588} INFO - Filling up the DagBag from /home/airflow/.local/lib/python3.12/site-packages/airflow/example_dags/example_xcomargs.py
[2025-03-31T15:13:02.678+0000] {processor.py:925} INFO - DAG(s) 'example_xcom_args', 'example_xcom_args_with_operators' retrieved from /home/airflow/.local/lib/python3.12/site-packages/airflow/example_dags/example_xcomargs.py
[2025-03-31T15:13:02.741+0000] {logging_mixin.py:190} INFO - [2025-03-31T15:13:02.741+0000] {dag.py:3239} INFO - Sync 2 DAGs
[2025-03-31T15:13:02.785+0000] {logging_mixin.py:190} INFO - [2025-03-31T15:13:02.784+0000] {dag.py:4180} INFO - Setting next_dagrun for example_xcom_args to None, run_after=None
[2025-03-31T15:13:02.796+0000] {logging_mixin.py:190} INFO - [2025-03-31T15:13:02.795+0000] {dag.py:4180} INFO - Setting next_dagrun for example_xcom_args_with_operators to None, run_after=None
[2025-03-31T15:13:02.834+0000] {processor.py:208} INFO - Processing /home/airflow/.local/lib/python3.12/site-packages/airflow/example_dags/example_xcomargs.py took 0.207 seconds
[2025-03-31T15:13:34.780+0000] {processor.py:186} INFO - Started process (PID=57501) to work on /home/airflow/.local/lib/python3.12/site-packages/airflow/example_dags/example_xcomargs.py
[2025-03-31T15:13:34.781+0000] {processor.py:914} INFO - Processing file /home/airflow/.local/lib/python3.12/site-packages/airflow/example_dags/example_xcomargs.py for tasks to queue
[2025-03-31T15:13:34.785+0000] {logging_mixin.py:190} INFO - [2025-03-31T15:13:34.784+0000] {dagbag.py:588} INFO - Filling up the DagBag from /home/airflow/.local/lib/python3.12/site-packages/airflow/example_dags/example_xcomargs.py
[2025-03-31T15:13:34.803+0000] {processor.py:925} INFO - DAG(s) 'example_xcom_args_with_operators', 'example_xcom_args' retrieved from /home/airflow/.local/lib/python3.12/site-packages/airflow/example_dags/example_xcomargs.py
[2025-03-31T15:13:34.846+0000] {logging_mixin.py:190} INFO - [2025-03-31T15:13:34.846+0000] {dag.py:3239} INFO - Sync 2 DAGs
[2025-03-31T15:13:34.876+0000] {logging_mixin.py:190} INFO - [2025-03-31T15:13:34.875+0000] {dag.py:4180} INFO - Setting next_dagrun for example_xcom_args to None, run_after=None
[2025-03-31T15:13:34.885+0000] {logging_mixin.py:190} INFO - [2025-03-31T15:13:34.884+0000] {dag.py:4180} INFO - Setting next_dagrun for example_xcom_args_with_operators to None, run_after=None
[2025-03-31T15:13:34.920+0000] {processor.py:208} INFO - Processing /home/airflow/.local/lib/python3.12/site-packages/airflow/example_dags/example_xcomargs.py took 0.150 seconds
[2025-03-31T15:14:06.027+0000] {processor.py:186} INFO - Started process (PID=57565) to work on /home/airflow/.local/lib/python3.12/site-packages/airflow/example_dags/example_xcomargs.py
[2025-03-31T15:14:06.029+0000] {processor.py:914} INFO - Processing file /home/airflow/.local/lib/python3.12/site-packages/airflow/example_dags/example_xcomargs.py for tasks to queue
[2025-03-31T15:14:06.032+0000] {logging_mixin.py:190} INFO - [2025-03-31T15:14:06.031+0000] {dagbag.py:588} INFO - Filling up the DagBag from /home/airflow/.local/lib/python3.12/site-packages/airflow/example_dags/example_xcomargs.py
[2025-03-31T15:14:06.059+0000] {processor.py:925} INFO - DAG(s) 'example_xcom_args_with_operators', 'example_xcom_args' retrieved from /home/airflow/.local/lib/python3.12/site-packages/airflow/example_dags/example_xcomargs.py
[2025-03-31T15:14:06.113+0000] {logging_mixin.py:190} INFO - [2025-03-31T15:14:06.113+0000] {dag.py:3239} INFO - Sync 2 DAGs
[2025-03-31T15:14:06.150+0000] {logging_mixin.py:190} INFO - [2025-03-31T15:14:06.149+0000] {dag.py:4180} INFO - Setting next_dagrun for example_xcom_args to None, run_after=None
[2025-03-31T15:14:06.162+0000] {logging_mixin.py:190} INFO - [2025-03-31T15:14:06.161+0000] {dag.py:4180} INFO - Setting next_dagrun for example_xcom_args_with_operators to None, run_after=None
[2025-03-31T15:14:06.213+0000] {processor.py:208} INFO - Processing /home/airflow/.local/lib/python3.12/site-packages/airflow/example_dags/example_xcomargs.py took 0.198 seconds
[2025-03-31T15:14:38.289+0000] {processor.py:186} INFO - Started process (PID=57637) to work on /home/airflow/.local/lib/python3.12/site-packages/airflow/example_dags/example_xcomargs.py
[2025-03-31T15:14:38.319+0000] {processor.py:914} INFO - Processing file /home/airflow/.local/lib/python3.12/site-packages/airflow/example_dags/example_xcomargs.py for tasks to queue
[2025-03-31T15:14:38.335+0000] {logging_mixin.py:190} INFO - [2025-03-31T15:14:38.332+0000] {dagbag.py:588} INFO - Filling up the DagBag from /home/airflow/.local/lib/python3.12/site-packages/airflow/example_dags/example_xcomargs.py
[2025-03-31T15:14:38.428+0000] {processor.py:925} INFO - DAG(s) 'example_xcom_args', 'example_xcom_args_with_operators' retrieved from /home/airflow/.local/lib/python3.12/site-packages/airflow/example_dags/example_xcomargs.py
[2025-03-31T15:14:38.645+0000] {logging_mixin.py:190} INFO - [2025-03-31T15:14:38.644+0000] {dag.py:3239} INFO - Sync 2 DAGs
[2025-03-31T15:14:38.906+0000] {logging_mixin.py:190} INFO - [2025-03-31T15:14:38.906+0000] {dag.py:4180} INFO - Setting next_dagrun for example_xcom_args to None, run_after=None
[2025-03-31T15:14:38.941+0000] {logging_mixin.py:190} INFO - [2025-03-31T15:14:38.940+0000] {dag.py:4180} INFO - Setting next_dagrun for example_xcom_args_with_operators to None, run_after=None
[2025-03-31T15:14:39.103+0000] {processor.py:208} INFO - Processing /home/airflow/.local/lib/python3.12/site-packages/airflow/example_dags/example_xcomargs.py took 0.866 seconds
[2025-03-31T15:15:09.330+0000] {processor.py:186} INFO - Started process (PID=57700) to work on /home/airflow/.local/lib/python3.12/site-packages/airflow/example_dags/example_xcomargs.py
[2025-03-31T15:15:09.332+0000] {processor.py:914} INFO - Processing file /home/airflow/.local/lib/python3.12/site-packages/airflow/example_dags/example_xcomargs.py for tasks to queue
[2025-03-31T15:15:09.336+0000] {logging_mixin.py:190} INFO - [2025-03-31T15:15:09.335+0000] {dagbag.py:588} INFO - Filling up the DagBag from /home/airflow/.local/lib/python3.12/site-packages/airflow/example_dags/example_xcomargs.py
[2025-03-31T15:15:09.383+0000] {processor.py:925} INFO - DAG(s) 'example_xcom_args_with_operators', 'example_xcom_args' retrieved from /home/airflow/.local/lib/python3.12/site-packages/airflow/example_dags/example_xcomargs.py
[2025-03-31T15:15:09.459+0000] {logging_mixin.py:190} INFO - [2025-03-31T15:15:09.458+0000] {dag.py:3239} INFO - Sync 2 DAGs
[2025-03-31T15:15:09.539+0000] {logging_mixin.py:190} INFO - [2025-03-31T15:15:09.538+0000] {dag.py:4180} INFO - Setting next_dagrun for example_xcom_args to None, run_after=None
[2025-03-31T15:15:09.556+0000] {logging_mixin.py:190} INFO - [2025-03-31T15:15:09.556+0000] {dag.py:4180} INFO - Setting next_dagrun for example_xcom_args_with_operators to None, run_after=None
[2025-03-31T15:15:09.621+0000] {processor.py:208} INFO - Processing /home/airflow/.local/lib/python3.12/site-packages/airflow/example_dags/example_xcomargs.py took 0.317 seconds
[2025-03-31T15:15:45.476+0000] {processor.py:186} INFO - Started process (PID=57757) to work on /home/airflow/.local/lib/python3.12/site-packages/airflow/example_dags/example_xcomargs.py
[2025-03-31T15:15:45.494+0000] {processor.py:914} INFO - Processing file /home/airflow/.local/lib/python3.12/site-packages/airflow/example_dags/example_xcomargs.py for tasks to queue
[2025-03-31T15:15:45.499+0000] {logging_mixin.py:190} INFO - [2025-03-31T15:15:45.498+0000] {dagbag.py:588} INFO - Filling up the DagBag from /home/airflow/.local/lib/python3.12/site-packages/airflow/example_dags/example_xcomargs.py
[2025-03-31T15:15:45.553+0000] {processor.py:925} INFO - DAG(s) 'example_xcom_args', 'example_xcom_args_with_operators' retrieved from /home/airflow/.local/lib/python3.12/site-packages/airflow/example_dags/example_xcomargs.py
[2025-03-31T15:15:45.668+0000] {logging_mixin.py:190} INFO - [2025-03-31T15:15:45.668+0000] {dag.py:3239} INFO - Sync 2 DAGs
[2025-03-31T15:15:45.794+0000] {logging_mixin.py:190} INFO - [2025-03-31T15:15:45.793+0000] {dag.py:4180} INFO - Setting next_dagrun for example_xcom_args to None, run_after=None
[2025-03-31T15:15:45.837+0000] {logging_mixin.py:190} INFO - [2025-03-31T15:15:45.827+0000] {dag.py:4180} INFO - Setting next_dagrun for example_xcom_args_with_operators to None, run_after=None
[2025-03-31T15:15:45.940+0000] {processor.py:208} INFO - Processing /home/airflow/.local/lib/python3.12/site-packages/airflow/example_dags/example_xcomargs.py took 0.487 seconds
[2025-03-31T15:16:17.456+0000] {processor.py:186} INFO - Started process (PID=57823) to work on /home/airflow/.local/lib/python3.12/site-packages/airflow/example_dags/example_xcomargs.py
[2025-03-31T15:16:17.461+0000] {processor.py:914} INFO - Processing file /home/airflow/.local/lib/python3.12/site-packages/airflow/example_dags/example_xcomargs.py for tasks to queue
[2025-03-31T15:16:17.465+0000] {logging_mixin.py:190} INFO - [2025-03-31T15:16:17.464+0000] {dagbag.py:588} INFO - Filling up the DagBag from /home/airflow/.local/lib/python3.12/site-packages/airflow/example_dags/example_xcomargs.py
[2025-03-31T15:16:17.492+0000] {processor.py:925} INFO - DAG(s) 'example_xcom_args_with_operators', 'example_xcom_args' retrieved from /home/airflow/.local/lib/python3.12/site-packages/airflow/example_dags/example_xcomargs.py
[2025-03-31T15:16:17.543+0000] {logging_mixin.py:190} INFO - [2025-03-31T15:16:17.542+0000] {dag.py:3239} INFO - Sync 2 DAGs
[2025-03-31T15:16:17.579+0000] {logging_mixin.py:190} INFO - [2025-03-31T15:16:17.579+0000] {dag.py:4180} INFO - Setting next_dagrun for example_xcom_args to None, run_after=None
[2025-03-31T15:16:17.591+0000] {logging_mixin.py:190} INFO - [2025-03-31T15:16:17.590+0000] {dag.py:4180} INFO - Setting next_dagrun for example_xcom_args_with_operators to None, run_after=None
[2025-03-31T15:16:17.667+0000] {processor.py:208} INFO - Processing /home/airflow/.local/lib/python3.12/site-packages/airflow/example_dags/example_xcomargs.py took 0.226 seconds
[2025-03-31T15:16:48.312+0000] {processor.py:186} INFO - Started process (PID=57888) to work on /home/airflow/.local/lib/python3.12/site-packages/airflow/example_dags/example_xcomargs.py
[2025-03-31T15:16:48.314+0000] {processor.py:914} INFO - Processing file /home/airflow/.local/lib/python3.12/site-packages/airflow/example_dags/example_xcomargs.py for tasks to queue
[2025-03-31T15:16:48.320+0000] {logging_mixin.py:190} INFO - [2025-03-31T15:16:48.318+0000] {dagbag.py:588} INFO - Filling up the DagBag from /home/airflow/.local/lib/python3.12/site-packages/airflow/example_dags/example_xcomargs.py
[2025-03-31T15:16:48.352+0000] {processor.py:925} INFO - DAG(s) 'example_xcom_args', 'example_xcom_args_with_operators' retrieved from /home/airflow/.local/lib/python3.12/site-packages/airflow/example_dags/example_xcomargs.py
[2025-03-31T15:16:48.457+0000] {logging_mixin.py:190} INFO - [2025-03-31T15:16:48.456+0000] {dag.py:3239} INFO - Sync 2 DAGs
[2025-03-31T15:16:48.509+0000] {logging_mixin.py:190} INFO - [2025-03-31T15:16:48.508+0000] {dag.py:4180} INFO - Setting next_dagrun for example_xcom_args to None, run_after=None
[2025-03-31T15:16:48.521+0000] {logging_mixin.py:190} INFO - [2025-03-31T15:16:48.520+0000] {dag.py:4180} INFO - Setting next_dagrun for example_xcom_args_with_operators to None, run_after=None
[2025-03-31T15:16:48.611+0000] {processor.py:208} INFO - Processing /home/airflow/.local/lib/python3.12/site-packages/airflow/example_dags/example_xcomargs.py took 0.308 seconds
[2025-03-31T15:17:23.283+0000] {processor.py:186} INFO - Started process (PID=57954) to work on /home/airflow/.local/lib/python3.12/site-packages/airflow/example_dags/example_xcomargs.py
[2025-03-31T15:17:23.287+0000] {processor.py:914} INFO - Processing file /home/airflow/.local/lib/python3.12/site-packages/airflow/example_dags/example_xcomargs.py for tasks to queue
[2025-03-31T15:17:23.293+0000] {logging_mixin.py:190} INFO - [2025-03-31T15:17:23.292+0000] {dagbag.py:588} INFO - Filling up the DagBag from /home/airflow/.local/lib/python3.12/site-packages/airflow/example_dags/example_xcomargs.py
[2025-03-31T15:17:23.324+0000] {processor.py:925} INFO - DAG(s) 'example_xcom_args', 'example_xcom_args_with_operators' retrieved from /home/airflow/.local/lib/python3.12/site-packages/airflow/example_dags/example_xcomargs.py
[2025-03-31T15:17:23.404+0000] {logging_mixin.py:190} INFO - [2025-03-31T15:17:23.403+0000] {dag.py:3239} INFO - Sync 2 DAGs
[2025-03-31T15:17:23.458+0000] {logging_mixin.py:190} INFO - [2025-03-31T15:17:23.457+0000] {dag.py:4180} INFO - Setting next_dagrun for example_xcom_args to None, run_after=None
[2025-03-31T15:17:23.468+0000] {logging_mixin.py:190} INFO - [2025-03-31T15:17:23.467+0000] {dag.py:4180} INFO - Setting next_dagrun for example_xcom_args_with_operators to None, run_after=None
[2025-03-31T15:17:23.524+0000] {processor.py:208} INFO - Processing /home/airflow/.local/lib/python3.12/site-packages/airflow/example_dags/example_xcomargs.py took 0.257 seconds
[2025-03-31T15:17:54.060+0000] {processor.py:186} INFO - Started process (PID=58019) to work on /home/airflow/.local/lib/python3.12/site-packages/airflow/example_dags/example_xcomargs.py
[2025-03-31T15:17:54.062+0000] {processor.py:914} INFO - Processing file /home/airflow/.local/lib/python3.12/site-packages/airflow/example_dags/example_xcomargs.py for tasks to queue
[2025-03-31T15:17:54.066+0000] {logging_mixin.py:190} INFO - [2025-03-31T15:17:54.065+0000] {dagbag.py:588} INFO - Filling up the DagBag from /home/airflow/.local/lib/python3.12/site-packages/airflow/example_dags/example_xcomargs.py
[2025-03-31T15:17:54.093+0000] {processor.py:925} INFO - DAG(s) 'example_xcom_args', 'example_xcom_args_with_operators' retrieved from /home/airflow/.local/lib/python3.12/site-packages/airflow/example_dags/example_xcomargs.py
[2025-03-31T15:17:54.151+0000] {logging_mixin.py:190} INFO - [2025-03-31T15:17:54.150+0000] {dag.py:3239} INFO - Sync 2 DAGs
[2025-03-31T15:17:54.189+0000] {logging_mixin.py:190} INFO - [2025-03-31T15:17:54.189+0000] {dag.py:4180} INFO - Setting next_dagrun for example_xcom_args to None, run_after=None
[2025-03-31T15:17:54.199+0000] {logging_mixin.py:190} INFO - [2025-03-31T15:17:54.199+0000] {dag.py:4180} INFO - Setting next_dagrun for example_xcom_args_with_operators to None, run_after=None
[2025-03-31T15:17:54.235+0000] {processor.py:208} INFO - Processing /home/airflow/.local/lib/python3.12/site-packages/airflow/example_dags/example_xcomargs.py took 0.188 seconds
[2025-03-31T15:18:25.089+0000] {processor.py:186} INFO - Started process (PID=58084) to work on /home/airflow/.local/lib/python3.12/site-packages/airflow/example_dags/example_xcomargs.py
[2025-03-31T15:18:25.091+0000] {processor.py:914} INFO - Processing file /home/airflow/.local/lib/python3.12/site-packages/airflow/example_dags/example_xcomargs.py for tasks to queue
[2025-03-31T15:18:25.094+0000] {logging_mixin.py:190} INFO - [2025-03-31T15:18:25.093+0000] {dagbag.py:588} INFO - Filling up the DagBag from /home/airflow/.local/lib/python3.12/site-packages/airflow/example_dags/example_xcomargs.py
[2025-03-31T15:18:25.120+0000] {processor.py:925} INFO - DAG(s) 'example_xcom_args_with_operators', 'example_xcom_args' retrieved from /home/airflow/.local/lib/python3.12/site-packages/airflow/example_dags/example_xcomargs.py
[2025-03-31T15:18:25.180+0000] {logging_mixin.py:190} INFO - [2025-03-31T15:18:25.180+0000] {dag.py:3239} INFO - Sync 2 DAGs
[2025-03-31T15:18:25.232+0000] {logging_mixin.py:190} INFO - [2025-03-31T15:18:25.232+0000] {dag.py:4180} INFO - Setting next_dagrun for example_xcom_args to None, run_after=None
[2025-03-31T15:18:25.245+0000] {logging_mixin.py:190} INFO - [2025-03-31T15:18:25.245+0000] {dag.py:4180} INFO - Setting next_dagrun for example_xcom_args_with_operators to None, run_after=None
[2025-03-31T15:18:25.305+0000] {processor.py:208} INFO - Processing /home/airflow/.local/lib/python3.12/site-packages/airflow/example_dags/example_xcomargs.py took 0.229 seconds
[2025-03-31T15:18:56.498+0000] {processor.py:186} INFO - Started process (PID=58150) to work on /home/airflow/.local/lib/python3.12/site-packages/airflow/example_dags/example_xcomargs.py
[2025-03-31T15:18:56.500+0000] {processor.py:914} INFO - Processing file /home/airflow/.local/lib/python3.12/site-packages/airflow/example_dags/example_xcomargs.py for tasks to queue
[2025-03-31T15:18:56.505+0000] {logging_mixin.py:190} INFO - [2025-03-31T15:18:56.503+0000] {dagbag.py:588} INFO - Filling up the DagBag from /home/airflow/.local/lib/python3.12/site-packages/airflow/example_dags/example_xcomargs.py
[2025-03-31T15:18:56.530+0000] {processor.py:925} INFO - DAG(s) 'example_xcom_args', 'example_xcom_args_with_operators' retrieved from /home/airflow/.local/lib/python3.12/site-packages/airflow/example_dags/example_xcomargs.py
[2025-03-31T15:18:56.592+0000] {logging_mixin.py:190} INFO - [2025-03-31T15:18:56.591+0000] {dag.py:3239} INFO - Sync 2 DAGs
[2025-03-31T15:18:56.632+0000] {logging_mixin.py:190} INFO - [2025-03-31T15:18:56.631+0000] {dag.py:4180} INFO - Setting next_dagrun for example_xcom_args to None, run_after=None
[2025-03-31T15:18:56.642+0000] {logging_mixin.py:190} INFO - [2025-03-31T15:18:56.642+0000] {dag.py:4180} INFO - Setting next_dagrun for example_xcom_args_with_operators to None, run_after=None
[2025-03-31T15:18:56.690+0000] {processor.py:208} INFO - Processing /home/airflow/.local/lib/python3.12/site-packages/airflow/example_dags/example_xcomargs.py took 0.204 seconds
[2025-03-31T15:19:27.462+0000] {processor.py:186} INFO - Started process (PID=58216) to work on /home/airflow/.local/lib/python3.12/site-packages/airflow/example_dags/example_xcomargs.py
[2025-03-31T15:19:27.465+0000] {processor.py:914} INFO - Processing file /home/airflow/.local/lib/python3.12/site-packages/airflow/example_dags/example_xcomargs.py for tasks to queue
[2025-03-31T15:19:27.468+0000] {logging_mixin.py:190} INFO - [2025-03-31T15:19:27.467+0000] {dagbag.py:588} INFO - Filling up the DagBag from /home/airflow/.local/lib/python3.12/site-packages/airflow/example_dags/example_xcomargs.py
[2025-03-31T15:19:27.493+0000] {processor.py:925} INFO - DAG(s) 'example_xcom_args_with_operators', 'example_xcom_args' retrieved from /home/airflow/.local/lib/python3.12/site-packages/airflow/example_dags/example_xcomargs.py
[2025-03-31T15:19:27.551+0000] {logging_mixin.py:190} INFO - [2025-03-31T15:19:27.550+0000] {dag.py:3239} INFO - Sync 2 DAGs
[2025-03-31T15:19:27.602+0000] {logging_mixin.py:190} INFO - [2025-03-31T15:19:27.601+0000] {dag.py:4180} INFO - Setting next_dagrun for example_xcom_args to None, run_after=None
[2025-03-31T15:19:27.627+0000] {logging_mixin.py:190} INFO - [2025-03-31T15:19:27.625+0000] {dag.py:4180} INFO - Setting next_dagrun for example_xcom_args_with_operators to None, run_after=None
[2025-03-31T15:19:27.690+0000] {processor.py:208} INFO - Processing /home/airflow/.local/lib/python3.12/site-packages/airflow/example_dags/example_xcomargs.py took 0.242 seconds
[2025-03-31T15:19:58.419+0000] {processor.py:186} INFO - Started process (PID=58282) to work on /home/airflow/.local/lib/python3.12/site-packages/airflow/example_dags/example_xcomargs.py
[2025-03-31T15:19:58.421+0000] {processor.py:914} INFO - Processing file /home/airflow/.local/lib/python3.12/site-packages/airflow/example_dags/example_xcomargs.py for tasks to queue
[2025-03-31T15:19:58.425+0000] {logging_mixin.py:190} INFO - [2025-03-31T15:19:58.424+0000] {dagbag.py:588} INFO - Filling up the DagBag from /home/airflow/.local/lib/python3.12/site-packages/airflow/example_dags/example_xcomargs.py
[2025-03-31T15:19:58.447+0000] {processor.py:925} INFO - DAG(s) 'example_xcom_args_with_operators', 'example_xcom_args' retrieved from /home/airflow/.local/lib/python3.12/site-packages/airflow/example_dags/example_xcomargs.py
[2025-03-31T15:19:58.517+0000] {logging_mixin.py:190} INFO - [2025-03-31T15:19:58.516+0000] {dag.py:3239} INFO - Sync 2 DAGs
[2025-03-31T15:19:58.559+0000] {logging_mixin.py:190} INFO - [2025-03-31T15:19:58.559+0000] {dag.py:4180} INFO - Setting next_dagrun for example_xcom_args to None, run_after=None
[2025-03-31T15:19:58.571+0000] {logging_mixin.py:190} INFO - [2025-03-31T15:19:58.570+0000] {dag.py:4180} INFO - Setting next_dagrun for example_xcom_args_with_operators to None, run_after=None
[2025-03-31T15:19:58.632+0000] {processor.py:208} INFO - Processing /home/airflow/.local/lib/python3.12/site-packages/airflow/example_dags/example_xcomargs.py took 0.223 seconds
[2025-03-31T15:20:29.949+0000] {processor.py:186} INFO - Started process (PID=58347) to work on /home/airflow/.local/lib/python3.12/site-packages/airflow/example_dags/example_xcomargs.py
[2025-03-31T15:20:29.952+0000] {processor.py:914} INFO - Processing file /home/airflow/.local/lib/python3.12/site-packages/airflow/example_dags/example_xcomargs.py for tasks to queue
[2025-03-31T15:20:29.955+0000] {logging_mixin.py:190} INFO - [2025-03-31T15:20:29.954+0000] {dagbag.py:588} INFO - Filling up the DagBag from /home/airflow/.local/lib/python3.12/site-packages/airflow/example_dags/example_xcomargs.py
[2025-03-31T15:20:29.982+0000] {processor.py:925} INFO - DAG(s) 'example_xcom_args_with_operators', 'example_xcom_args' retrieved from /home/airflow/.local/lib/python3.12/site-packages/airflow/example_dags/example_xcomargs.py
[2025-03-31T15:20:30.045+0000] {logging_mixin.py:190} INFO - [2025-03-31T15:20:30.044+0000] {dag.py:3239} INFO - Sync 2 DAGs
[2025-03-31T15:20:30.091+0000] {logging_mixin.py:190} INFO - [2025-03-31T15:20:30.090+0000] {dag.py:4180} INFO - Setting next_dagrun for example_xcom_args to None, run_after=None
[2025-03-31T15:20:30.103+0000] {logging_mixin.py:190} INFO - [2025-03-31T15:20:30.102+0000] {dag.py:4180} INFO - Setting next_dagrun for example_xcom_args_with_operators to None, run_after=None
[2025-03-31T15:20:30.164+0000] {processor.py:208} INFO - Processing /home/airflow/.local/lib/python3.12/site-packages/airflow/example_dags/example_xcomargs.py took 0.228 seconds
[2025-03-31T15:21:00.786+0000] {processor.py:186} INFO - Started process (PID=58412) to work on /home/airflow/.local/lib/python3.12/site-packages/airflow/example_dags/example_xcomargs.py
[2025-03-31T15:21:00.788+0000] {processor.py:914} INFO - Processing file /home/airflow/.local/lib/python3.12/site-packages/airflow/example_dags/example_xcomargs.py for tasks to queue
[2025-03-31T15:21:00.791+0000] {logging_mixin.py:190} INFO - [2025-03-31T15:21:00.790+0000] {dagbag.py:588} INFO - Filling up the DagBag from /home/airflow/.local/lib/python3.12/site-packages/airflow/example_dags/example_xcomargs.py
[2025-03-31T15:21:00.808+0000] {processor.py:925} INFO - DAG(s) 'example_xcom_args', 'example_xcom_args_with_operators' retrieved from /home/airflow/.local/lib/python3.12/site-packages/airflow/example_dags/example_xcomargs.py
[2025-03-31T15:21:00.876+0000] {logging_mixin.py:190} INFO - [2025-03-31T15:21:00.875+0000] {dag.py:3239} INFO - Sync 2 DAGs
[2025-03-31T15:21:00.924+0000] {logging_mixin.py:190} INFO - [2025-03-31T15:21:00.924+0000] {dag.py:4180} INFO - Setting next_dagrun for example_xcom_args to None, run_after=None
[2025-03-31T15:21:00.933+0000] {logging_mixin.py:190} INFO - [2025-03-31T15:21:00.933+0000] {dag.py:4180} INFO - Setting next_dagrun for example_xcom_args_with_operators to None, run_after=None
[2025-03-31T15:21:00.978+0000] {processor.py:208} INFO - Processing /home/airflow/.local/lib/python3.12/site-packages/airflow/example_dags/example_xcomargs.py took 0.204 seconds
[2025-03-31T15:21:31.444+0000] {processor.py:186} INFO - Started process (PID=58476) to work on /home/airflow/.local/lib/python3.12/site-packages/airflow/example_dags/example_xcomargs.py
[2025-03-31T15:21:31.446+0000] {processor.py:914} INFO - Processing file /home/airflow/.local/lib/python3.12/site-packages/airflow/example_dags/example_xcomargs.py for tasks to queue
[2025-03-31T15:21:31.449+0000] {logging_mixin.py:190} INFO - [2025-03-31T15:21:31.448+0000] {dagbag.py:588} INFO - Filling up the DagBag from /home/airflow/.local/lib/python3.12/site-packages/airflow/example_dags/example_xcomargs.py
[2025-03-31T15:21:31.475+0000] {processor.py:925} INFO - DAG(s) 'example_xcom_args_with_operators', 'example_xcom_args' retrieved from /home/airflow/.local/lib/python3.12/site-packages/airflow/example_dags/example_xcomargs.py
[2025-03-31T15:21:31.537+0000] {logging_mixin.py:190} INFO - [2025-03-31T15:21:31.536+0000] {dag.py:3239} INFO - Sync 2 DAGs
[2025-03-31T15:21:31.577+0000] {logging_mixin.py:190} INFO - [2025-03-31T15:21:31.576+0000] {dag.py:4180} INFO - Setting next_dagrun for example_xcom_args to None, run_after=None
[2025-03-31T15:21:31.585+0000] {logging_mixin.py:190} INFO - [2025-03-31T15:21:31.584+0000] {dag.py:4180} INFO - Setting next_dagrun for example_xcom_args_with_operators to None, run_after=None
[2025-03-31T15:21:31.643+0000] {processor.py:208} INFO - Processing /home/airflow/.local/lib/python3.12/site-packages/airflow/example_dags/example_xcomargs.py took 0.210 seconds
[2025-03-31T15:22:02.427+0000] {processor.py:186} INFO - Started process (PID=58541) to work on /home/airflow/.local/lib/python3.12/site-packages/airflow/example_dags/example_xcomargs.py
[2025-03-31T15:22:02.428+0000] {processor.py:914} INFO - Processing file /home/airflow/.local/lib/python3.12/site-packages/airflow/example_dags/example_xcomargs.py for tasks to queue
[2025-03-31T15:22:02.431+0000] {logging_mixin.py:190} INFO - [2025-03-31T15:22:02.430+0000] {dagbag.py:588} INFO - Filling up the DagBag from /home/airflow/.local/lib/python3.12/site-packages/airflow/example_dags/example_xcomargs.py
[2025-03-31T15:22:02.453+0000] {processor.py:925} INFO - DAG(s) 'example_xcom_args', 'example_xcom_args_with_operators' retrieved from /home/airflow/.local/lib/python3.12/site-packages/airflow/example_dags/example_xcomargs.py
[2025-03-31T15:22:02.504+0000] {logging_mixin.py:190} INFO - [2025-03-31T15:22:02.504+0000] {dag.py:3239} INFO - Sync 2 DAGs
[2025-03-31T15:22:02.531+0000] {logging_mixin.py:190} INFO - [2025-03-31T15:22:02.531+0000] {dag.py:4180} INFO - Setting next_dagrun for example_xcom_args to None, run_after=None
[2025-03-31T15:22:02.539+0000] {logging_mixin.py:190} INFO - [2025-03-31T15:22:02.538+0000] {dag.py:4180} INFO - Setting next_dagrun for example_xcom_args_with_operators to None, run_after=None
[2025-03-31T15:22:02.569+0000] {processor.py:208} INFO - Processing /home/airflow/.local/lib/python3.12/site-packages/airflow/example_dags/example_xcomargs.py took 0.152 seconds
[2025-03-31T15:22:33.199+0000] {processor.py:186} INFO - Started process (PID=58606) to work on /home/airflow/.local/lib/python3.12/site-packages/airflow/example_dags/example_xcomargs.py
[2025-03-31T15:22:33.202+0000] {processor.py:914} INFO - Processing file /home/airflow/.local/lib/python3.12/site-packages/airflow/example_dags/example_xcomargs.py for tasks to queue
[2025-03-31T15:22:33.206+0000] {logging_mixin.py:190} INFO - [2025-03-31T15:22:33.205+0000] {dagbag.py:588} INFO - Filling up the DagBag from /home/airflow/.local/lib/python3.12/site-packages/airflow/example_dags/example_xcomargs.py
[2025-03-31T15:22:33.235+0000] {processor.py:925} INFO - DAG(s) 'example_xcom_args_with_operators', 'example_xcom_args' retrieved from /home/airflow/.local/lib/python3.12/site-packages/airflow/example_dags/example_xcomargs.py
[2025-03-31T15:22:33.289+0000] {logging_mixin.py:190} INFO - [2025-03-31T15:22:33.289+0000] {dag.py:3239} INFO - Sync 2 DAGs
[2025-03-31T15:22:33.321+0000] {logging_mixin.py:190} INFO - [2025-03-31T15:22:33.321+0000] {dag.py:4180} INFO - Setting next_dagrun for example_xcom_args to None, run_after=None
[2025-03-31T15:22:33.329+0000] {logging_mixin.py:190} INFO - [2025-03-31T15:22:33.328+0000] {dag.py:4180} INFO - Setting next_dagrun for example_xcom_args_with_operators to None, run_after=None
[2025-03-31T15:22:33.368+0000] {processor.py:208} INFO - Processing /home/airflow/.local/lib/python3.12/site-packages/airflow/example_dags/example_xcomargs.py took 0.186 seconds
[2025-03-31T15:23:03.612+0000] {processor.py:186} INFO - Started process (PID=58670) to work on /home/airflow/.local/lib/python3.12/site-packages/airflow/example_dags/example_xcomargs.py
[2025-03-31T15:23:03.614+0000] {processor.py:914} INFO - Processing file /home/airflow/.local/lib/python3.12/site-packages/airflow/example_dags/example_xcomargs.py for tasks to queue
[2025-03-31T15:23:03.617+0000] {logging_mixin.py:190} INFO - [2025-03-31T15:23:03.616+0000] {dagbag.py:588} INFO - Filling up the DagBag from /home/airflow/.local/lib/python3.12/site-packages/airflow/example_dags/example_xcomargs.py
[2025-03-31T15:23:03.634+0000] {processor.py:925} INFO - DAG(s) 'example_xcom_args_with_operators', 'example_xcom_args' retrieved from /home/airflow/.local/lib/python3.12/site-packages/airflow/example_dags/example_xcomargs.py
[2025-03-31T15:23:03.673+0000] {logging_mixin.py:190} INFO - [2025-03-31T15:23:03.672+0000] {dag.py:3239} INFO - Sync 2 DAGs
[2025-03-31T15:23:03.697+0000] {logging_mixin.py:190} INFO - [2025-03-31T15:23:03.697+0000] {dag.py:4180} INFO - Setting next_dagrun for example_xcom_args to None, run_after=None
[2025-03-31T15:23:03.705+0000] {logging_mixin.py:190} INFO - [2025-03-31T15:23:03.704+0000] {dag.py:4180} INFO - Setting next_dagrun for example_xcom_args_with_operators to None, run_after=None
[2025-03-31T15:23:03.749+0000] {processor.py:208} INFO - Processing /home/airflow/.local/lib/python3.12/site-packages/airflow/example_dags/example_xcomargs.py took 0.146 seconds
[2025-03-31T15:23:33.954+0000] {processor.py:186} INFO - Started process (PID=58735) to work on /home/airflow/.local/lib/python3.12/site-packages/airflow/example_dags/example_xcomargs.py
[2025-03-31T15:23:33.957+0000] {processor.py:914} INFO - Processing file /home/airflow/.local/lib/python3.12/site-packages/airflow/example_dags/example_xcomargs.py for tasks to queue
[2025-03-31T15:23:33.961+0000] {logging_mixin.py:190} INFO - [2025-03-31T15:23:33.960+0000] {dagbag.py:588} INFO - Filling up the DagBag from /home/airflow/.local/lib/python3.12/site-packages/airflow/example_dags/example_xcomargs.py
[2025-03-31T15:23:33.985+0000] {processor.py:925} INFO - DAG(s) 'example_xcom_args_with_operators', 'example_xcom_args' retrieved from /home/airflow/.local/lib/python3.12/site-packages/airflow/example_dags/example_xcomargs.py
[2025-03-31T15:23:34.031+0000] {logging_mixin.py:190} INFO - [2025-03-31T15:23:34.030+0000] {dag.py:3239} INFO - Sync 2 DAGs
[2025-03-31T15:23:34.064+0000] {logging_mixin.py:190} INFO - [2025-03-31T15:23:34.063+0000] {dag.py:4180} INFO - Setting next_dagrun for example_xcom_args to None, run_after=None
[2025-03-31T15:23:34.072+0000] {logging_mixin.py:190} INFO - [2025-03-31T15:23:34.072+0000] {dag.py:4180} INFO - Setting next_dagrun for example_xcom_args_with_operators to None, run_after=None
[2025-03-31T15:23:34.134+0000] {processor.py:208} INFO - Processing /home/airflow/.local/lib/python3.12/site-packages/airflow/example_dags/example_xcomargs.py took 0.193 seconds
[2025-03-31T15:24:04.709+0000] {processor.py:186} INFO - Started process (PID=58799) to work on /home/airflow/.local/lib/python3.12/site-packages/airflow/example_dags/example_xcomargs.py
[2025-03-31T15:24:04.711+0000] {processor.py:914} INFO - Processing file /home/airflow/.local/lib/python3.12/site-packages/airflow/example_dags/example_xcomargs.py for tasks to queue
[2025-03-31T15:24:04.714+0000] {logging_mixin.py:190} INFO - [2025-03-31T15:24:04.713+0000] {dagbag.py:588} INFO - Filling up the DagBag from /home/airflow/.local/lib/python3.12/site-packages/airflow/example_dags/example_xcomargs.py
[2025-03-31T15:24:04.734+0000] {processor.py:925} INFO - DAG(s) 'example_xcom_args_with_operators', 'example_xcom_args' retrieved from /home/airflow/.local/lib/python3.12/site-packages/airflow/example_dags/example_xcomargs.py
[2025-03-31T15:24:04.777+0000] {logging_mixin.py:190} INFO - [2025-03-31T15:24:04.776+0000] {dag.py:3239} INFO - Sync 2 DAGs
[2025-03-31T15:24:04.807+0000] {logging_mixin.py:190} INFO - [2025-03-31T15:24:04.807+0000] {dag.py:4180} INFO - Setting next_dagrun for example_xcom_args to None, run_after=None
[2025-03-31T15:24:04.816+0000] {logging_mixin.py:190} INFO - [2025-03-31T15:24:04.815+0000] {dag.py:4180} INFO - Setting next_dagrun for example_xcom_args_with_operators to None, run_after=None
[2025-03-31T15:24:04.852+0000] {processor.py:208} INFO - Processing /home/airflow/.local/lib/python3.12/site-packages/airflow/example_dags/example_xcomargs.py took 0.152 seconds
[2025-03-31T15:24:35.296+0000] {processor.py:186} INFO - Started process (PID=58865) to work on /home/airflow/.local/lib/python3.12/site-packages/airflow/example_dags/example_xcomargs.py
[2025-03-31T15:24:35.299+0000] {processor.py:914} INFO - Processing file /home/airflow/.local/lib/python3.12/site-packages/airflow/example_dags/example_xcomargs.py for tasks to queue
[2025-03-31T15:24:35.303+0000] {logging_mixin.py:190} INFO - [2025-03-31T15:24:35.302+0000] {dagbag.py:588} INFO - Filling up the DagBag from /home/airflow/.local/lib/python3.12/site-packages/airflow/example_dags/example_xcomargs.py
[2025-03-31T15:24:35.323+0000] {processor.py:925} INFO - DAG(s) 'example_xcom_args_with_operators', 'example_xcom_args' retrieved from /home/airflow/.local/lib/python3.12/site-packages/airflow/example_dags/example_xcomargs.py
[2025-03-31T15:24:35.363+0000] {logging_mixin.py:190} INFO - [2025-03-31T15:24:35.363+0000] {dag.py:3239} INFO - Sync 2 DAGs
[2025-03-31T15:24:35.389+0000] {logging_mixin.py:190} INFO - [2025-03-31T15:24:35.388+0000] {dag.py:4180} INFO - Setting next_dagrun for example_xcom_args to None, run_after=None
[2025-03-31T15:24:35.397+0000] {logging_mixin.py:190} INFO - [2025-03-31T15:24:35.396+0000] {dag.py:4180} INFO - Setting next_dagrun for example_xcom_args_with_operators to None, run_after=None
[2025-03-31T15:24:35.445+0000] {processor.py:208} INFO - Processing /home/airflow/.local/lib/python3.12/site-packages/airflow/example_dags/example_xcomargs.py took 0.164 seconds
[2025-03-31T15:25:05.795+0000] {processor.py:186} INFO - Started process (PID=58930) to work on /home/airflow/.local/lib/python3.12/site-packages/airflow/example_dags/example_xcomargs.py
[2025-03-31T15:25:05.797+0000] {processor.py:914} INFO - Processing file /home/airflow/.local/lib/python3.12/site-packages/airflow/example_dags/example_xcomargs.py for tasks to queue
[2025-03-31T15:25:05.799+0000] {logging_mixin.py:190} INFO - [2025-03-31T15:25:05.799+0000] {dagbag.py:588} INFO - Filling up the DagBag from /home/airflow/.local/lib/python3.12/site-packages/airflow/example_dags/example_xcomargs.py
[2025-03-31T15:25:05.815+0000] {processor.py:925} INFO - DAG(s) 'example_xcom_args', 'example_xcom_args_with_operators' retrieved from /home/airflow/.local/lib/python3.12/site-packages/airflow/example_dags/example_xcomargs.py
[2025-03-31T15:25:05.856+0000] {logging_mixin.py:190} INFO - [2025-03-31T15:25:05.855+0000] {dag.py:3239} INFO - Sync 2 DAGs
[2025-03-31T15:25:05.882+0000] {logging_mixin.py:190} INFO - [2025-03-31T15:25:05.882+0000] {dag.py:4180} INFO - Setting next_dagrun for example_xcom_args to None, run_after=None
[2025-03-31T15:25:05.891+0000] {logging_mixin.py:190} INFO - [2025-03-31T15:25:05.891+0000] {dag.py:4180} INFO - Setting next_dagrun for example_xcom_args_with_operators to None, run_after=None
[2025-03-31T15:25:05.929+0000] {processor.py:208} INFO - Processing /home/airflow/.local/lib/python3.12/site-packages/airflow/example_dags/example_xcomargs.py took 0.142 seconds
[2025-03-31T15:25:36.676+0000] {processor.py:186} INFO - Started process (PID=58995) to work on /home/airflow/.local/lib/python3.12/site-packages/airflow/example_dags/example_xcomargs.py
[2025-03-31T15:25:36.678+0000] {processor.py:914} INFO - Processing file /home/airflow/.local/lib/python3.12/site-packages/airflow/example_dags/example_xcomargs.py for tasks to queue
[2025-03-31T15:25:36.682+0000] {logging_mixin.py:190} INFO - [2025-03-31T15:25:36.680+0000] {dagbag.py:588} INFO - Filling up the DagBag from /home/airflow/.local/lib/python3.12/site-packages/airflow/example_dags/example_xcomargs.py
[2025-03-31T15:25:36.706+0000] {processor.py:925} INFO - DAG(s) 'example_xcom_args_with_operators', 'example_xcom_args' retrieved from /home/airflow/.local/lib/python3.12/site-packages/airflow/example_dags/example_xcomargs.py
[2025-03-31T15:25:36.749+0000] {logging_mixin.py:190} INFO - [2025-03-31T15:25:36.748+0000] {dag.py:3239} INFO - Sync 2 DAGs
[2025-03-31T15:25:36.776+0000] {logging_mixin.py:190} INFO - [2025-03-31T15:25:36.776+0000] {dag.py:4180} INFO - Setting next_dagrun for example_xcom_args to None, run_after=None
[2025-03-31T15:25:36.784+0000] {logging_mixin.py:190} INFO - [2025-03-31T15:25:36.783+0000] {dag.py:4180} INFO - Setting next_dagrun for example_xcom_args_with_operators to None, run_after=None
[2025-03-31T15:25:36.818+0000] {processor.py:208} INFO - Processing /home/airflow/.local/lib/python3.12/site-packages/airflow/example_dags/example_xcomargs.py took 0.151 seconds
[2025-03-31T15:26:07.409+0000] {processor.py:186} INFO - Started process (PID=59059) to work on /home/airflow/.local/lib/python3.12/site-packages/airflow/example_dags/example_xcomargs.py
[2025-03-31T15:26:07.411+0000] {processor.py:914} INFO - Processing file /home/airflow/.local/lib/python3.12/site-packages/airflow/example_dags/example_xcomargs.py for tasks to queue
[2025-03-31T15:26:07.414+0000] {logging_mixin.py:190} INFO - [2025-03-31T15:26:07.413+0000] {dagbag.py:588} INFO - Filling up the DagBag from /home/airflow/.local/lib/python3.12/site-packages/airflow/example_dags/example_xcomargs.py
[2025-03-31T15:26:07.432+0000] {processor.py:925} INFO - DAG(s) 'example_xcom_args_with_operators', 'example_xcom_args' retrieved from /home/airflow/.local/lib/python3.12/site-packages/airflow/example_dags/example_xcomargs.py
[2025-03-31T15:26:07.489+0000] {logging_mixin.py:190} INFO - [2025-03-31T15:26:07.488+0000] {dag.py:3239} INFO - Sync 2 DAGs
[2025-03-31T15:26:07.527+0000] {logging_mixin.py:190} INFO - [2025-03-31T15:26:07.526+0000] {dag.py:4180} INFO - Setting next_dagrun for example_xcom_args to None, run_after=None
[2025-03-31T15:26:07.536+0000] {logging_mixin.py:190} INFO - [2025-03-31T15:26:07.535+0000] {dag.py:4180} INFO - Setting next_dagrun for example_xcom_args_with_operators to None, run_after=None
[2025-03-31T15:26:07.582+0000] {processor.py:208} INFO - Processing /home/airflow/.local/lib/python3.12/site-packages/airflow/example_dags/example_xcomargs.py took 0.184 seconds
[2025-03-31T15:26:38.310+0000] {processor.py:186} INFO - Started process (PID=59123) to work on /home/airflow/.local/lib/python3.12/site-packages/airflow/example_dags/example_xcomargs.py
[2025-03-31T15:26:38.312+0000] {processor.py:914} INFO - Processing file /home/airflow/.local/lib/python3.12/site-packages/airflow/example_dags/example_xcomargs.py for tasks to queue
[2025-03-31T15:26:38.316+0000] {logging_mixin.py:190} INFO - [2025-03-31T15:26:38.315+0000] {dagbag.py:588} INFO - Filling up the DagBag from /home/airflow/.local/lib/python3.12/site-packages/airflow/example_dags/example_xcomargs.py
[2025-03-31T15:26:38.341+0000] {processor.py:925} INFO - DAG(s) 'example_xcom_args', 'example_xcom_args_with_operators' retrieved from /home/airflow/.local/lib/python3.12/site-packages/airflow/example_dags/example_xcomargs.py
[2025-03-31T15:26:38.402+0000] {logging_mixin.py:190} INFO - [2025-03-31T15:26:38.402+0000] {dag.py:3239} INFO - Sync 2 DAGs
[2025-03-31T15:26:38.454+0000] {logging_mixin.py:190} INFO - [2025-03-31T15:26:38.452+0000] {dag.py:4180} INFO - Setting next_dagrun for example_xcom_args to None, run_after=None
[2025-03-31T15:26:38.469+0000] {logging_mixin.py:190} INFO - [2025-03-31T15:26:38.468+0000] {dag.py:4180} INFO - Setting next_dagrun for example_xcom_args_with_operators to None, run_after=None
[2025-03-31T15:26:38.540+0000] {processor.py:208} INFO - Processing /home/airflow/.local/lib/python3.12/site-packages/airflow/example_dags/example_xcomargs.py took 0.243 seconds
[2025-03-31T15:27:08.728+0000] {processor.py:186} INFO - Started process (PID=59187) to work on /home/airflow/.local/lib/python3.12/site-packages/airflow/example_dags/example_xcomargs.py
[2025-03-31T15:27:08.729+0000] {processor.py:914} INFO - Processing file /home/airflow/.local/lib/python3.12/site-packages/airflow/example_dags/example_xcomargs.py for tasks to queue
[2025-03-31T15:27:08.732+0000] {logging_mixin.py:190} INFO - [2025-03-31T15:27:08.731+0000] {dagbag.py:588} INFO - Filling up the DagBag from /home/airflow/.local/lib/python3.12/site-packages/airflow/example_dags/example_xcomargs.py
[2025-03-31T15:27:08.750+0000] {processor.py:925} INFO - DAG(s) 'example_xcom_args_with_operators', 'example_xcom_args' retrieved from /home/airflow/.local/lib/python3.12/site-packages/airflow/example_dags/example_xcomargs.py
[2025-03-31T15:27:08.794+0000] {logging_mixin.py:190} INFO - [2025-03-31T15:27:08.793+0000] {dag.py:3239} INFO - Sync 2 DAGs
[2025-03-31T15:27:08.822+0000] {logging_mixin.py:190} INFO - [2025-03-31T15:27:08.822+0000] {dag.py:4180} INFO - Setting next_dagrun for example_xcom_args to None, run_after=None
[2025-03-31T15:27:08.830+0000] {logging_mixin.py:190} INFO - [2025-03-31T15:27:08.829+0000] {dag.py:4180} INFO - Setting next_dagrun for example_xcom_args_with_operators to None, run_after=None
[2025-03-31T15:27:08.862+0000] {processor.py:208} INFO - Processing /home/airflow/.local/lib/python3.12/site-packages/airflow/example_dags/example_xcomargs.py took 0.144 seconds
[2025-03-31T15:27:39.138+0000] {processor.py:186} INFO - Started process (PID=59251) to work on /home/airflow/.local/lib/python3.12/site-packages/airflow/example_dags/example_xcomargs.py
[2025-03-31T15:27:39.140+0000] {processor.py:914} INFO - Processing file /home/airflow/.local/lib/python3.12/site-packages/airflow/example_dags/example_xcomargs.py for tasks to queue
[2025-03-31T15:27:39.143+0000] {logging_mixin.py:190} INFO - [2025-03-31T15:27:39.142+0000] {dagbag.py:588} INFO - Filling up the DagBag from /home/airflow/.local/lib/python3.12/site-packages/airflow/example_dags/example_xcomargs.py
[2025-03-31T15:27:39.167+0000] {processor.py:925} INFO - DAG(s) 'example_xcom_args', 'example_xcom_args_with_operators' retrieved from /home/airflow/.local/lib/python3.12/site-packages/airflow/example_dags/example_xcomargs.py
[2025-03-31T15:27:39.214+0000] {logging_mixin.py:190} INFO - [2025-03-31T15:27:39.214+0000] {dag.py:3239} INFO - Sync 2 DAGs
[2025-03-31T15:27:39.250+0000] {logging_mixin.py:190} INFO - [2025-03-31T15:27:39.249+0000] {dag.py:4180} INFO - Setting next_dagrun for example_xcom_args to None, run_after=None
[2025-03-31T15:27:39.261+0000] {logging_mixin.py:190} INFO - [2025-03-31T15:27:39.260+0000] {dag.py:4180} INFO - Setting next_dagrun for example_xcom_args_with_operators to None, run_after=None
[2025-03-31T15:27:39.311+0000] {processor.py:208} INFO - Processing /home/airflow/.local/lib/python3.12/site-packages/airflow/example_dags/example_xcomargs.py took 0.185 seconds
[2025-03-31T15:28:09.723+0000] {processor.py:186} INFO - Started process (PID=59322) to work on /home/airflow/.local/lib/python3.12/site-packages/airflow/example_dags/example_xcomargs.py
[2025-03-31T15:28:09.725+0000] {processor.py:914} INFO - Processing file /home/airflow/.local/lib/python3.12/site-packages/airflow/example_dags/example_xcomargs.py for tasks to queue
[2025-03-31T15:28:09.727+0000] {logging_mixin.py:190} INFO - [2025-03-31T15:28:09.727+0000] {dagbag.py:588} INFO - Filling up the DagBag from /home/airflow/.local/lib/python3.12/site-packages/airflow/example_dags/example_xcomargs.py
[2025-03-31T15:28:09.746+0000] {processor.py:925} INFO - DAG(s) 'example_xcom_args', 'example_xcom_args_with_operators' retrieved from /home/airflow/.local/lib/python3.12/site-packages/airflow/example_dags/example_xcomargs.py
[2025-03-31T15:28:09.793+0000] {logging_mixin.py:190} INFO - [2025-03-31T15:28:09.793+0000] {dag.py:3239} INFO - Sync 2 DAGs
[2025-03-31T15:28:09.822+0000] {logging_mixin.py:190} INFO - [2025-03-31T15:28:09.821+0000] {dag.py:4180} INFO - Setting next_dagrun for example_xcom_args to None, run_after=None
[2025-03-31T15:28:09.830+0000] {logging_mixin.py:190} INFO - [2025-03-31T15:28:09.829+0000] {dag.py:4180} INFO - Setting next_dagrun for example_xcom_args_with_operators to None, run_after=None
[2025-03-31T15:28:09.875+0000] {processor.py:208} INFO - Processing /home/airflow/.local/lib/python3.12/site-packages/airflow/example_dags/example_xcomargs.py took 0.162 seconds
[2025-03-31T15:28:40.712+0000] {processor.py:186} INFO - Started process (PID=59387) to work on /home/airflow/.local/lib/python3.12/site-packages/airflow/example_dags/example_xcomargs.py
[2025-03-31T15:28:40.715+0000] {processor.py:914} INFO - Processing file /home/airflow/.local/lib/python3.12/site-packages/airflow/example_dags/example_xcomargs.py for tasks to queue
[2025-03-31T15:28:40.717+0000] {logging_mixin.py:190} INFO - [2025-03-31T15:28:40.717+0000] {dagbag.py:588} INFO - Filling up the DagBag from /home/airflow/.local/lib/python3.12/site-packages/airflow/example_dags/example_xcomargs.py
[2025-03-31T15:28:40.737+0000] {processor.py:925} INFO - DAG(s) 'example_xcom_args_with_operators', 'example_xcom_args' retrieved from /home/airflow/.local/lib/python3.12/site-packages/airflow/example_dags/example_xcomargs.py
[2025-03-31T15:28:40.781+0000] {logging_mixin.py:190} INFO - [2025-03-31T15:28:40.781+0000] {dag.py:3239} INFO - Sync 2 DAGs
[2025-03-31T15:28:40.806+0000] {logging_mixin.py:190} INFO - [2025-03-31T15:28:40.806+0000] {dag.py:4180} INFO - Setting next_dagrun for example_xcom_args to None, run_after=None
[2025-03-31T15:28:40.813+0000] {logging_mixin.py:190} INFO - [2025-03-31T15:28:40.813+0000] {dag.py:4180} INFO - Setting next_dagrun for example_xcom_args_with_operators to None, run_after=None
[2025-03-31T15:28:40.850+0000] {processor.py:208} INFO - Processing /home/airflow/.local/lib/python3.12/site-packages/airflow/example_dags/example_xcomargs.py took 0.147 seconds
[2025-03-31T15:29:11.077+0000] {processor.py:186} INFO - Started process (PID=59451) to work on /home/airflow/.local/lib/python3.12/site-packages/airflow/example_dags/example_xcomargs.py
[2025-03-31T15:29:11.079+0000] {processor.py:914} INFO - Processing file /home/airflow/.local/lib/python3.12/site-packages/airflow/example_dags/example_xcomargs.py for tasks to queue
[2025-03-31T15:29:11.082+0000] {logging_mixin.py:190} INFO - [2025-03-31T15:29:11.081+0000] {dagbag.py:588} INFO - Filling up the DagBag from /home/airflow/.local/lib/python3.12/site-packages/airflow/example_dags/example_xcomargs.py
[2025-03-31T15:29:11.105+0000] {processor.py:925} INFO - DAG(s) 'example_xcom_args_with_operators', 'example_xcom_args' retrieved from /home/airflow/.local/lib/python3.12/site-packages/airflow/example_dags/example_xcomargs.py
[2025-03-31T15:29:11.203+0000] {logging_mixin.py:190} INFO - [2025-03-31T15:29:11.202+0000] {dag.py:3239} INFO - Sync 2 DAGs
[2025-03-31T15:29:11.269+0000] {logging_mixin.py:190} INFO - [2025-03-31T15:29:11.269+0000] {dag.py:4180} INFO - Setting next_dagrun for example_xcom_args to None, run_after=None
[2025-03-31T15:29:11.288+0000] {logging_mixin.py:190} INFO - [2025-03-31T15:29:11.287+0000] {dag.py:4180} INFO - Setting next_dagrun for example_xcom_args_with_operators to None, run_after=None
[2025-03-31T15:29:11.335+0000] {processor.py:208} INFO - Processing /home/airflow/.local/lib/python3.12/site-packages/airflow/example_dags/example_xcomargs.py took 0.267 seconds
[2025-03-31T15:29:41.654+0000] {processor.py:186} INFO - Started process (PID=59516) to work on /home/airflow/.local/lib/python3.12/site-packages/airflow/example_dags/example_xcomargs.py
[2025-03-31T15:29:41.656+0000] {processor.py:914} INFO - Processing file /home/airflow/.local/lib/python3.12/site-packages/airflow/example_dags/example_xcomargs.py for tasks to queue
[2025-03-31T15:29:41.659+0000] {logging_mixin.py:190} INFO - [2025-03-31T15:29:41.658+0000] {dagbag.py:588} INFO - Filling up the DagBag from /home/airflow/.local/lib/python3.12/site-packages/airflow/example_dags/example_xcomargs.py
[2025-03-31T15:29:41.679+0000] {processor.py:925} INFO - DAG(s) 'example_xcom_args_with_operators', 'example_xcom_args' retrieved from /home/airflow/.local/lib/python3.12/site-packages/airflow/example_dags/example_xcomargs.py
[2025-03-31T15:29:41.724+0000] {logging_mixin.py:190} INFO - [2025-03-31T15:29:41.723+0000] {dag.py:3239} INFO - Sync 2 DAGs
[2025-03-31T15:29:41.749+0000] {logging_mixin.py:190} INFO - [2025-03-31T15:29:41.749+0000] {dag.py:4180} INFO - Setting next_dagrun for example_xcom_args to None, run_after=None
[2025-03-31T15:29:41.757+0000] {logging_mixin.py:190} INFO - [2025-03-31T15:29:41.756+0000] {dag.py:4180} INFO - Setting next_dagrun for example_xcom_args_with_operators to None, run_after=None
[2025-03-31T15:29:41.801+0000] {processor.py:208} INFO - Processing /home/airflow/.local/lib/python3.12/site-packages/airflow/example_dags/example_xcomargs.py took 0.156 seconds
[2025-03-31T15:30:11.893+0000] {processor.py:186} INFO - Started process (PID=59581) to work on /home/airflow/.local/lib/python3.12/site-packages/airflow/example_dags/example_xcomargs.py
[2025-03-31T15:30:11.895+0000] {processor.py:914} INFO - Processing file /home/airflow/.local/lib/python3.12/site-packages/airflow/example_dags/example_xcomargs.py for tasks to queue
[2025-03-31T15:30:11.897+0000] {logging_mixin.py:190} INFO - [2025-03-31T15:30:11.897+0000] {dagbag.py:588} INFO - Filling up the DagBag from /home/airflow/.local/lib/python3.12/site-packages/airflow/example_dags/example_xcomargs.py
[2025-03-31T15:30:11.914+0000] {processor.py:925} INFO - DAG(s) 'example_xcom_args', 'example_xcom_args_with_operators' retrieved from /home/airflow/.local/lib/python3.12/site-packages/airflow/example_dags/example_xcomargs.py
[2025-03-31T15:30:11.955+0000] {logging_mixin.py:190} INFO - [2025-03-31T15:30:11.955+0000] {dag.py:3239} INFO - Sync 2 DAGs
[2025-03-31T15:30:11.983+0000] {logging_mixin.py:190} INFO - [2025-03-31T15:30:11.983+0000] {dag.py:4180} INFO - Setting next_dagrun for example_xcom_args to None, run_after=None
[2025-03-31T15:30:11.991+0000] {logging_mixin.py:190} INFO - [2025-03-31T15:30:11.991+0000] {dag.py:4180} INFO - Setting next_dagrun for example_xcom_args_with_operators to None, run_after=None
[2025-03-31T15:30:12.038+0000] {processor.py:208} INFO - Processing /home/airflow/.local/lib/python3.12/site-packages/airflow/example_dags/example_xcomargs.py took 0.155 seconds
[2025-03-31T15:30:42.943+0000] {processor.py:186} INFO - Started process (PID=59646) to work on /home/airflow/.local/lib/python3.12/site-packages/airflow/example_dags/example_xcomargs.py
[2025-03-31T15:30:42.945+0000] {processor.py:914} INFO - Processing file /home/airflow/.local/lib/python3.12/site-packages/airflow/example_dags/example_xcomargs.py for tasks to queue
[2025-03-31T15:30:42.947+0000] {logging_mixin.py:190} INFO - [2025-03-31T15:30:42.947+0000] {dagbag.py:588} INFO - Filling up the DagBag from /home/airflow/.local/lib/python3.12/site-packages/airflow/example_dags/example_xcomargs.py
[2025-03-31T15:30:42.966+0000] {processor.py:925} INFO - DAG(s) 'example_xcom_args', 'example_xcom_args_with_operators' retrieved from /home/airflow/.local/lib/python3.12/site-packages/airflow/example_dags/example_xcomargs.py
[2025-03-31T15:30:43.007+0000] {logging_mixin.py:190} INFO - [2025-03-31T15:30:43.007+0000] {dag.py:3239} INFO - Sync 2 DAGs
[2025-03-31T15:30:43.037+0000] {logging_mixin.py:190} INFO - [2025-03-31T15:30:43.036+0000] {dag.py:4180} INFO - Setting next_dagrun for example_xcom_args to None, run_after=None
[2025-03-31T15:30:43.045+0000] {logging_mixin.py:190} INFO - [2025-03-31T15:30:43.044+0000] {dag.py:4180} INFO - Setting next_dagrun for example_xcom_args_with_operators to None, run_after=None
[2025-03-31T15:30:43.092+0000] {processor.py:208} INFO - Processing /home/airflow/.local/lib/python3.12/site-packages/airflow/example_dags/example_xcomargs.py took 0.158 seconds
[2025-03-31T15:31:13.186+0000] {processor.py:186} INFO - Started process (PID=59710) to work on /home/airflow/.local/lib/python3.12/site-packages/airflow/example_dags/example_xcomargs.py
[2025-03-31T15:31:13.188+0000] {processor.py:914} INFO - Processing file /home/airflow/.local/lib/python3.12/site-packages/airflow/example_dags/example_xcomargs.py for tasks to queue
[2025-03-31T15:31:13.190+0000] {logging_mixin.py:190} INFO - [2025-03-31T15:31:13.189+0000] {dagbag.py:588} INFO - Filling up the DagBag from /home/airflow/.local/lib/python3.12/site-packages/airflow/example_dags/example_xcomargs.py
[2025-03-31T15:31:13.206+0000] {processor.py:925} INFO - DAG(s) 'example_xcom_args', 'example_xcom_args_with_operators' retrieved from /home/airflow/.local/lib/python3.12/site-packages/airflow/example_dags/example_xcomargs.py
[2025-03-31T15:31:13.244+0000] {logging_mixin.py:190} INFO - [2025-03-31T15:31:13.244+0000] {dag.py:3239} INFO - Sync 2 DAGs
[2025-03-31T15:31:13.272+0000] {logging_mixin.py:190} INFO - [2025-03-31T15:31:13.272+0000] {dag.py:4180} INFO - Setting next_dagrun for example_xcom_args to None, run_after=None
[2025-03-31T15:31:13.280+0000] {logging_mixin.py:190} INFO - [2025-03-31T15:31:13.279+0000] {dag.py:4180} INFO - Setting next_dagrun for example_xcom_args_with_operators to None, run_after=None
[2025-03-31T15:31:13.319+0000] {processor.py:208} INFO - Processing /home/airflow/.local/lib/python3.12/site-packages/airflow/example_dags/example_xcomargs.py took 0.142 seconds
[2025-03-31T15:31:43.713+0000] {processor.py:186} INFO - Started process (PID=59775) to work on /home/airflow/.local/lib/python3.12/site-packages/airflow/example_dags/example_xcomargs.py
[2025-03-31T15:31:43.715+0000] {processor.py:914} INFO - Processing file /home/airflow/.local/lib/python3.12/site-packages/airflow/example_dags/example_xcomargs.py for tasks to queue
[2025-03-31T15:31:43.718+0000] {logging_mixin.py:190} INFO - [2025-03-31T15:31:43.717+0000] {dagbag.py:588} INFO - Filling up the DagBag from /home/airflow/.local/lib/python3.12/site-packages/airflow/example_dags/example_xcomargs.py
[2025-03-31T15:31:43.739+0000] {processor.py:925} INFO - DAG(s) 'example_xcom_args', 'example_xcom_args_with_operators' retrieved from /home/airflow/.local/lib/python3.12/site-packages/airflow/example_dags/example_xcomargs.py
[2025-03-31T15:31:43.784+0000] {logging_mixin.py:190} INFO - [2025-03-31T15:31:43.784+0000] {dag.py:3239} INFO - Sync 2 DAGs
[2025-03-31T15:31:43.819+0000] {logging_mixin.py:190} INFO - [2025-03-31T15:31:43.819+0000] {dag.py:4180} INFO - Setting next_dagrun for example_xcom_args to None, run_after=None
[2025-03-31T15:31:43.827+0000] {logging_mixin.py:190} INFO - [2025-03-31T15:31:43.827+0000] {dag.py:4180} INFO - Setting next_dagrun for example_xcom_args_with_operators to None, run_after=None
[2025-03-31T15:31:43.864+0000] {processor.py:208} INFO - Processing /home/airflow/.local/lib/python3.12/site-packages/airflow/example_dags/example_xcomargs.py took 0.162 seconds
[2025-03-31T15:32:14.352+0000] {processor.py:186} INFO - Started process (PID=59839) to work on /home/airflow/.local/lib/python3.12/site-packages/airflow/example_dags/example_xcomargs.py
[2025-03-31T15:32:14.354+0000] {processor.py:914} INFO - Processing file /home/airflow/.local/lib/python3.12/site-packages/airflow/example_dags/example_xcomargs.py for tasks to queue
[2025-03-31T15:32:14.356+0000] {logging_mixin.py:190} INFO - [2025-03-31T15:32:14.356+0000] {dagbag.py:588} INFO - Filling up the DagBag from /home/airflow/.local/lib/python3.12/site-packages/airflow/example_dags/example_xcomargs.py
[2025-03-31T15:32:14.378+0000] {processor.py:925} INFO - DAG(s) 'example_xcom_args_with_operators', 'example_xcom_args' retrieved from /home/airflow/.local/lib/python3.12/site-packages/airflow/example_dags/example_xcomargs.py
[2025-03-31T15:32:14.421+0000] {logging_mixin.py:190} INFO - [2025-03-31T15:32:14.421+0000] {dag.py:3239} INFO - Sync 2 DAGs
[2025-03-31T15:32:14.447+0000] {logging_mixin.py:190} INFO - [2025-03-31T15:32:14.446+0000] {dag.py:4180} INFO - Setting next_dagrun for example_xcom_args to None, run_after=None
[2025-03-31T15:32:14.453+0000] {logging_mixin.py:190} INFO - [2025-03-31T15:32:14.453+0000] {dag.py:4180} INFO - Setting next_dagrun for example_xcom_args_with_operators to None, run_after=None
[2025-03-31T15:32:14.485+0000] {processor.py:208} INFO - Processing /home/airflow/.local/lib/python3.12/site-packages/airflow/example_dags/example_xcomargs.py took 0.145 seconds
[2025-03-31T15:32:46.739+0000] {processor.py:186} INFO - Started process (PID=59904) to work on /home/airflow/.local/lib/python3.12/site-packages/airflow/example_dags/example_xcomargs.py
[2025-03-31T15:32:46.743+0000] {processor.py:914} INFO - Processing file /home/airflow/.local/lib/python3.12/site-packages/airflow/example_dags/example_xcomargs.py for tasks to queue
[2025-03-31T15:32:46.751+0000] {logging_mixin.py:190} INFO - [2025-03-31T15:32:46.750+0000] {dagbag.py:588} INFO - Filling up the DagBag from /home/airflow/.local/lib/python3.12/site-packages/airflow/example_dags/example_xcomargs.py
[2025-03-31T15:32:46.782+0000] {processor.py:925} INFO - DAG(s) 'example_xcom_args_with_operators', 'example_xcom_args' retrieved from /home/airflow/.local/lib/python3.12/site-packages/airflow/example_dags/example_xcomargs.py
[2025-03-31T15:32:46.866+0000] {logging_mixin.py:190} INFO - [2025-03-31T15:32:46.865+0000] {dag.py:3239} INFO - Sync 2 DAGs
[2025-03-31T15:32:46.912+0000] {logging_mixin.py:190} INFO - [2025-03-31T15:32:46.912+0000] {dag.py:4180} INFO - Setting next_dagrun for example_xcom_args to None, run_after=None
[2025-03-31T15:32:46.921+0000] {logging_mixin.py:190} INFO - [2025-03-31T15:32:46.921+0000] {dag.py:4180} INFO - Setting next_dagrun for example_xcom_args_with_operators to None, run_after=None
[2025-03-31T15:32:47.357+0000] {processor.py:208} INFO - Processing /home/airflow/.local/lib/python3.12/site-packages/airflow/example_dags/example_xcomargs.py took 0.639 seconds
[2025-03-31T15:33:18.019+0000] {processor.py:186} INFO - Started process (PID=59969) to work on /home/airflow/.local/lib/python3.12/site-packages/airflow/example_dags/example_xcomargs.py
[2025-03-31T15:33:18.021+0000] {processor.py:914} INFO - Processing file /home/airflow/.local/lib/python3.12/site-packages/airflow/example_dags/example_xcomargs.py for tasks to queue
[2025-03-31T15:33:18.023+0000] {logging_mixin.py:190} INFO - [2025-03-31T15:33:18.023+0000] {dagbag.py:588} INFO - Filling up the DagBag from /home/airflow/.local/lib/python3.12/site-packages/airflow/example_dags/example_xcomargs.py
[2025-03-31T15:33:18.047+0000] {processor.py:925} INFO - DAG(s) 'example_xcom_args_with_operators', 'example_xcom_args' retrieved from /home/airflow/.local/lib/python3.12/site-packages/airflow/example_dags/example_xcomargs.py
[2025-03-31T15:33:18.099+0000] {logging_mixin.py:190} INFO - [2025-03-31T15:33:18.099+0000] {dag.py:3239} INFO - Sync 2 DAGs
[2025-03-31T15:33:18.132+0000] {logging_mixin.py:190} INFO - [2025-03-31T15:33:18.131+0000] {dag.py:4180} INFO - Setting next_dagrun for example_xcom_args to None, run_after=None
[2025-03-31T15:33:18.140+0000] {logging_mixin.py:190} INFO - [2025-03-31T15:33:18.140+0000] {dag.py:4180} INFO - Setting next_dagrun for example_xcom_args_with_operators to None, run_after=None
[2025-03-31T15:33:18.194+0000] {processor.py:208} INFO - Processing /home/airflow/.local/lib/python3.12/site-packages/airflow/example_dags/example_xcomargs.py took 0.186 seconds
[2025-03-31T15:33:48.573+0000] {processor.py:186} INFO - Started process (PID=60034) to work on /home/airflow/.local/lib/python3.12/site-packages/airflow/example_dags/example_xcomargs.py
[2025-03-31T15:33:48.575+0000] {processor.py:914} INFO - Processing file /home/airflow/.local/lib/python3.12/site-packages/airflow/example_dags/example_xcomargs.py for tasks to queue
[2025-03-31T15:33:48.578+0000] {logging_mixin.py:190} INFO - [2025-03-31T15:33:48.577+0000] {dagbag.py:588} INFO - Filling up the DagBag from /home/airflow/.local/lib/python3.12/site-packages/airflow/example_dags/example_xcomargs.py
[2025-03-31T15:33:48.602+0000] {processor.py:925} INFO - DAG(s) 'example_xcom_args', 'example_xcom_args_with_operators' retrieved from /home/airflow/.local/lib/python3.12/site-packages/airflow/example_dags/example_xcomargs.py
[2025-03-31T15:33:48.657+0000] {logging_mixin.py:190} INFO - [2025-03-31T15:33:48.656+0000] {dag.py:3239} INFO - Sync 2 DAGs
[2025-03-31T15:33:48.687+0000] {logging_mixin.py:190} INFO - [2025-03-31T15:33:48.686+0000] {dag.py:4180} INFO - Setting next_dagrun for example_xcom_args to None, run_after=None
[2025-03-31T15:33:48.694+0000] {logging_mixin.py:190} INFO - [2025-03-31T15:33:48.693+0000] {dag.py:4180} INFO - Setting next_dagrun for example_xcom_args_with_operators to None, run_after=None
[2025-03-31T15:33:48.745+0000] {processor.py:208} INFO - Processing /home/airflow/.local/lib/python3.12/site-packages/airflow/example_dags/example_xcomargs.py took 0.185 seconds
[2025-03-31T15:34:19.064+0000] {processor.py:186} INFO - Started process (PID=60097) to work on /home/airflow/.local/lib/python3.12/site-packages/airflow/example_dags/example_xcomargs.py
[2025-03-31T15:34:19.069+0000] {processor.py:914} INFO - Processing file /home/airflow/.local/lib/python3.12/site-packages/airflow/example_dags/example_xcomargs.py for tasks to queue
[2025-03-31T15:34:19.073+0000] {logging_mixin.py:190} INFO - [2025-03-31T15:34:19.072+0000] {dagbag.py:588} INFO - Filling up the DagBag from /home/airflow/.local/lib/python3.12/site-packages/airflow/example_dags/example_xcomargs.py
[2025-03-31T15:34:19.099+0000] {processor.py:925} INFO - DAG(s) 'example_xcom_args', 'example_xcom_args_with_operators' retrieved from /home/airflow/.local/lib/python3.12/site-packages/airflow/example_dags/example_xcomargs.py
[2025-03-31T15:34:19.158+0000] {logging_mixin.py:190} INFO - [2025-03-31T15:34:19.157+0000] {dag.py:3239} INFO - Sync 2 DAGs
[2025-03-31T15:34:19.450+0000] {logging_mixin.py:190} INFO - [2025-03-31T15:34:19.449+0000] {dag.py:4180} INFO - Setting next_dagrun for example_xcom_args to None, run_after=None
[2025-03-31T15:34:19.457+0000] {logging_mixin.py:190} INFO - [2025-03-31T15:34:19.457+0000] {dag.py:4180} INFO - Setting next_dagrun for example_xcom_args_with_operators to None, run_after=None
[2025-03-31T15:34:19.488+0000] {processor.py:208} INFO - Processing /home/airflow/.local/lib/python3.12/site-packages/airflow/example_dags/example_xcomargs.py took 0.437 seconds
[2025-03-31T15:34:50.984+0000] {processor.py:186} INFO - Started process (PID=60163) to work on /home/airflow/.local/lib/python3.12/site-packages/airflow/example_dags/example_xcomargs.py
[2025-03-31T15:34:50.987+0000] {processor.py:914} INFO - Processing file /home/airflow/.local/lib/python3.12/site-packages/airflow/example_dags/example_xcomargs.py for tasks to queue
[2025-03-31T15:34:50.990+0000] {logging_mixin.py:190} INFO - [2025-03-31T15:34:50.989+0000] {dagbag.py:588} INFO - Filling up the DagBag from /home/airflow/.local/lib/python3.12/site-packages/airflow/example_dags/example_xcomargs.py
[2025-03-31T15:34:51.014+0000] {processor.py:925} INFO - DAG(s) 'example_xcom_args_with_operators', 'example_xcom_args' retrieved from /home/airflow/.local/lib/python3.12/site-packages/airflow/example_dags/example_xcomargs.py
[2025-03-31T15:34:51.072+0000] {logging_mixin.py:190} INFO - [2025-03-31T15:34:51.071+0000] {dag.py:3239} INFO - Sync 2 DAGs
[2025-03-31T15:34:51.381+0000] {logging_mixin.py:190} INFO - [2025-03-31T15:34:51.380+0000] {dag.py:4180} INFO - Setting next_dagrun for example_xcom_args to None, run_after=None
[2025-03-31T15:34:51.389+0000] {logging_mixin.py:190} INFO - [2025-03-31T15:34:51.388+0000] {dag.py:4180} INFO - Setting next_dagrun for example_xcom_args_with_operators to None, run_after=None
[2025-03-31T15:34:51.433+0000] {processor.py:208} INFO - Processing /home/airflow/.local/lib/python3.12/site-packages/airflow/example_dags/example_xcomargs.py took 0.463 seconds
[2025-03-31T15:35:21.846+0000] {processor.py:186} INFO - Started process (PID=60228) to work on /home/airflow/.local/lib/python3.12/site-packages/airflow/example_dags/example_xcomargs.py
[2025-03-31T15:35:21.847+0000] {processor.py:914} INFO - Processing file /home/airflow/.local/lib/python3.12/site-packages/airflow/example_dags/example_xcomargs.py for tasks to queue
[2025-03-31T15:35:21.850+0000] {logging_mixin.py:190} INFO - [2025-03-31T15:35:21.849+0000] {dagbag.py:588} INFO - Filling up the DagBag from /home/airflow/.local/lib/python3.12/site-packages/airflow/example_dags/example_xcomargs.py
[2025-03-31T15:35:21.868+0000] {processor.py:925} INFO - DAG(s) 'example_xcom_args_with_operators', 'example_xcom_args' retrieved from /home/airflow/.local/lib/python3.12/site-packages/airflow/example_dags/example_xcomargs.py
[2025-03-31T15:35:21.911+0000] {logging_mixin.py:190} INFO - [2025-03-31T15:35:21.910+0000] {dag.py:3239} INFO - Sync 2 DAGs
[2025-03-31T15:35:21.939+0000] {logging_mixin.py:190} INFO - [2025-03-31T15:35:21.939+0000] {dag.py:4180} INFO - Setting next_dagrun for example_xcom_args to None, run_after=None
[2025-03-31T15:35:21.947+0000] {logging_mixin.py:190} INFO - [2025-03-31T15:35:21.947+0000] {dag.py:4180} INFO - Setting next_dagrun for example_xcom_args_with_operators to None, run_after=None
[2025-03-31T15:35:21.984+0000] {processor.py:208} INFO - Processing /home/airflow/.local/lib/python3.12/site-packages/airflow/example_dags/example_xcomargs.py took 0.148 seconds
[2025-03-31T15:35:52.828+0000] {processor.py:186} INFO - Started process (PID=60293) to work on /home/airflow/.local/lib/python3.12/site-packages/airflow/example_dags/example_xcomargs.py
[2025-03-31T15:35:52.830+0000] {processor.py:914} INFO - Processing file /home/airflow/.local/lib/python3.12/site-packages/airflow/example_dags/example_xcomargs.py for tasks to queue
[2025-03-31T15:35:52.833+0000] {logging_mixin.py:190} INFO - [2025-03-31T15:35:52.832+0000] {dagbag.py:588} INFO - Filling up the DagBag from /home/airflow/.local/lib/python3.12/site-packages/airflow/example_dags/example_xcomargs.py
[2025-03-31T15:35:52.851+0000] {processor.py:925} INFO - DAG(s) 'example_xcom_args_with_operators', 'example_xcom_args' retrieved from /home/airflow/.local/lib/python3.12/site-packages/airflow/example_dags/example_xcomargs.py
[2025-03-31T15:35:52.897+0000] {logging_mixin.py:190} INFO - [2025-03-31T15:35:52.897+0000] {dag.py:3239} INFO - Sync 2 DAGs
[2025-03-31T15:35:52.928+0000] {logging_mixin.py:190} INFO - [2025-03-31T15:35:52.928+0000] {dag.py:4180} INFO - Setting next_dagrun for example_xcom_args to None, run_after=None
[2025-03-31T15:35:52.937+0000] {logging_mixin.py:190} INFO - [2025-03-31T15:35:52.936+0000] {dag.py:4180} INFO - Setting next_dagrun for example_xcom_args_with_operators to None, run_after=None
[2025-03-31T15:35:52.984+0000] {processor.py:208} INFO - Processing /home/airflow/.local/lib/python3.12/site-packages/airflow/example_dags/example_xcomargs.py took 0.165 seconds
[2025-03-31T15:36:23.186+0000] {processor.py:186} INFO - Started process (PID=60358) to work on /home/airflow/.local/lib/python3.12/site-packages/airflow/example_dags/example_xcomargs.py
[2025-03-31T15:36:23.188+0000] {processor.py:914} INFO - Processing file /home/airflow/.local/lib/python3.12/site-packages/airflow/example_dags/example_xcomargs.py for tasks to queue
[2025-03-31T15:36:23.190+0000] {logging_mixin.py:190} INFO - [2025-03-31T15:36:23.190+0000] {dagbag.py:588} INFO - Filling up the DagBag from /home/airflow/.local/lib/python3.12/site-packages/airflow/example_dags/example_xcomargs.py
[2025-03-31T15:36:23.206+0000] {processor.py:925} INFO - DAG(s) 'example_xcom_args_with_operators', 'example_xcom_args' retrieved from /home/airflow/.local/lib/python3.12/site-packages/airflow/example_dags/example_xcomargs.py
[2025-03-31T15:36:23.246+0000] {logging_mixin.py:190} INFO - [2025-03-31T15:36:23.245+0000] {dag.py:3239} INFO - Sync 2 DAGs
[2025-03-31T15:36:23.270+0000] {logging_mixin.py:190} INFO - [2025-03-31T15:36:23.270+0000] {dag.py:4180} INFO - Setting next_dagrun for example_xcom_args to None, run_after=None
[2025-03-31T15:36:23.277+0000] {logging_mixin.py:190} INFO - [2025-03-31T15:36:23.277+0000] {dag.py:4180} INFO - Setting next_dagrun for example_xcom_args_with_operators to None, run_after=None
[2025-03-31T15:36:23.322+0000] {processor.py:208} INFO - Processing /home/airflow/.local/lib/python3.12/site-packages/airflow/example_dags/example_xcomargs.py took 0.146 seconds
[2025-03-31T15:36:53.595+0000] {processor.py:186} INFO - Started process (PID=60423) to work on /home/airflow/.local/lib/python3.12/site-packages/airflow/example_dags/example_xcomargs.py
[2025-03-31T15:36:53.597+0000] {processor.py:914} INFO - Processing file /home/airflow/.local/lib/python3.12/site-packages/airflow/example_dags/example_xcomargs.py for tasks to queue
[2025-03-31T15:36:53.600+0000] {logging_mixin.py:190} INFO - [2025-03-31T15:36:53.599+0000] {dagbag.py:588} INFO - Filling up the DagBag from /home/airflow/.local/lib/python3.12/site-packages/airflow/example_dags/example_xcomargs.py
[2025-03-31T15:36:53.617+0000] {processor.py:925} INFO - DAG(s) 'example_xcom_args', 'example_xcom_args_with_operators' retrieved from /home/airflow/.local/lib/python3.12/site-packages/airflow/example_dags/example_xcomargs.py
[2025-03-31T15:36:53.656+0000] {logging_mixin.py:190} INFO - [2025-03-31T15:36:53.655+0000] {dag.py:3239} INFO - Sync 2 DAGs
[2025-03-31T15:36:53.682+0000] {logging_mixin.py:190} INFO - [2025-03-31T15:36:53.681+0000] {dag.py:4180} INFO - Setting next_dagrun for example_xcom_args to None, run_after=None
[2025-03-31T15:36:53.689+0000] {logging_mixin.py:190} INFO - [2025-03-31T15:36:53.688+0000] {dag.py:4180} INFO - Setting next_dagrun for example_xcom_args_with_operators to None, run_after=None
[2025-03-31T15:36:53.720+0000] {processor.py:208} INFO - Processing /home/airflow/.local/lib/python3.12/site-packages/airflow/example_dags/example_xcomargs.py took 0.134 seconds
[2025-03-31T15:37:23.990+0000] {processor.py:186} INFO - Started process (PID=60488) to work on /home/airflow/.local/lib/python3.12/site-packages/airflow/example_dags/example_xcomargs.py
[2025-03-31T15:37:23.992+0000] {processor.py:914} INFO - Processing file /home/airflow/.local/lib/python3.12/site-packages/airflow/example_dags/example_xcomargs.py for tasks to queue
[2025-03-31T15:37:23.995+0000] {logging_mixin.py:190} INFO - [2025-03-31T15:37:23.994+0000] {dagbag.py:588} INFO - Filling up the DagBag from /home/airflow/.local/lib/python3.12/site-packages/airflow/example_dags/example_xcomargs.py
[2025-03-31T15:37:24.012+0000] {processor.py:925} INFO - DAG(s) 'example_xcom_args', 'example_xcom_args_with_operators' retrieved from /home/airflow/.local/lib/python3.12/site-packages/airflow/example_dags/example_xcomargs.py
[2025-03-31T15:37:24.055+0000] {logging_mixin.py:190} INFO - [2025-03-31T15:37:24.054+0000] {dag.py:3239} INFO - Sync 2 DAGs
[2025-03-31T15:37:24.087+0000] {logging_mixin.py:190} INFO - [2025-03-31T15:37:24.087+0000] {dag.py:4180} INFO - Setting next_dagrun for example_xcom_args to None, run_after=None
[2025-03-31T15:37:24.095+0000] {logging_mixin.py:190} INFO - [2025-03-31T15:37:24.094+0000] {dag.py:4180} INFO - Setting next_dagrun for example_xcom_args_with_operators to None, run_after=None
[2025-03-31T15:37:24.157+0000] {processor.py:208} INFO - Processing /home/airflow/.local/lib/python3.12/site-packages/airflow/example_dags/example_xcomargs.py took 0.176 seconds
[2025-03-31T15:37:54.433+0000] {processor.py:186} INFO - Started process (PID=60553) to work on /home/airflow/.local/lib/python3.12/site-packages/airflow/example_dags/example_xcomargs.py
[2025-03-31T15:37:54.436+0000] {processor.py:914} INFO - Processing file /home/airflow/.local/lib/python3.12/site-packages/airflow/example_dags/example_xcomargs.py for tasks to queue
[2025-03-31T15:37:54.438+0000] {logging_mixin.py:190} INFO - [2025-03-31T15:37:54.438+0000] {dagbag.py:588} INFO - Filling up the DagBag from /home/airflow/.local/lib/python3.12/site-packages/airflow/example_dags/example_xcomargs.py
[2025-03-31T15:37:54.457+0000] {processor.py:925} INFO - DAG(s) 'example_xcom_args', 'example_xcom_args_with_operators' retrieved from /home/airflow/.local/lib/python3.12/site-packages/airflow/example_dags/example_xcomargs.py
[2025-03-31T15:37:54.500+0000] {logging_mixin.py:190} INFO - [2025-03-31T15:37:54.499+0000] {dag.py:3239} INFO - Sync 2 DAGs
[2025-03-31T15:37:54.526+0000] {logging_mixin.py:190} INFO - [2025-03-31T15:37:54.526+0000] {dag.py:4180} INFO - Setting next_dagrun for example_xcom_args to None, run_after=None
[2025-03-31T15:37:54.533+0000] {logging_mixin.py:190} INFO - [2025-03-31T15:37:54.532+0000] {dag.py:4180} INFO - Setting next_dagrun for example_xcom_args_with_operators to None, run_after=None
[2025-03-31T15:37:54.577+0000] {processor.py:208} INFO - Processing /home/airflow/.local/lib/python3.12/site-packages/airflow/example_dags/example_xcomargs.py took 0.153 seconds
[2025-03-31T15:38:24.939+0000] {processor.py:186} INFO - Started process (PID=60619) to work on /home/airflow/.local/lib/python3.12/site-packages/airflow/example_dags/example_xcomargs.py
[2025-03-31T15:38:24.941+0000] {processor.py:914} INFO - Processing file /home/airflow/.local/lib/python3.12/site-packages/airflow/example_dags/example_xcomargs.py for tasks to queue
[2025-03-31T15:38:24.943+0000] {logging_mixin.py:190} INFO - [2025-03-31T15:38:24.943+0000] {dagbag.py:588} INFO - Filling up the DagBag from /home/airflow/.local/lib/python3.12/site-packages/airflow/example_dags/example_xcomargs.py
[2025-03-31T15:38:24.962+0000] {processor.py:925} INFO - DAG(s) 'example_xcom_args_with_operators', 'example_xcom_args' retrieved from /home/airflow/.local/lib/python3.12/site-packages/airflow/example_dags/example_xcomargs.py
[2025-03-31T15:38:25.018+0000] {logging_mixin.py:190} INFO - [2025-03-31T15:38:25.018+0000] {dag.py:3239} INFO - Sync 2 DAGs
[2025-03-31T15:38:25.047+0000] {logging_mixin.py:190} INFO - [2025-03-31T15:38:25.046+0000] {dag.py:4180} INFO - Setting next_dagrun for example_xcom_args to None, run_after=None
[2025-03-31T15:38:25.057+0000] {logging_mixin.py:190} INFO - [2025-03-31T15:38:25.057+0000] {dag.py:4180} INFO - Setting next_dagrun for example_xcom_args_with_operators to None, run_after=None
[2025-03-31T15:38:25.152+0000] {processor.py:208} INFO - Processing /home/airflow/.local/lib/python3.12/site-packages/airflow/example_dags/example_xcomargs.py took 0.225 seconds
[2025-03-31T15:38:55.562+0000] {processor.py:186} INFO - Started process (PID=60684) to work on /home/airflow/.local/lib/python3.12/site-packages/airflow/example_dags/example_xcomargs.py
[2025-03-31T15:38:55.563+0000] {processor.py:914} INFO - Processing file /home/airflow/.local/lib/python3.12/site-packages/airflow/example_dags/example_xcomargs.py for tasks to queue
[2025-03-31T15:38:55.567+0000] {logging_mixin.py:190} INFO - [2025-03-31T15:38:55.566+0000] {dagbag.py:588} INFO - Filling up the DagBag from /home/airflow/.local/lib/python3.12/site-packages/airflow/example_dags/example_xcomargs.py
[2025-03-31T15:38:55.586+0000] {processor.py:925} INFO - DAG(s) 'example_xcom_args', 'example_xcom_args_with_operators' retrieved from /home/airflow/.local/lib/python3.12/site-packages/airflow/example_dags/example_xcomargs.py
[2025-03-31T15:38:55.634+0000] {logging_mixin.py:190} INFO - [2025-03-31T15:38:55.633+0000] {dag.py:3239} INFO - Sync 2 DAGs
[2025-03-31T15:38:55.660+0000] {logging_mixin.py:190} INFO - [2025-03-31T15:38:55.660+0000] {dag.py:4180} INFO - Setting next_dagrun for example_xcom_args to None, run_after=None
[2025-03-31T15:38:55.672+0000] {logging_mixin.py:190} INFO - [2025-03-31T15:38:55.672+0000] {dag.py:4180} INFO - Setting next_dagrun for example_xcom_args_with_operators to None, run_after=None
[2025-03-31T15:38:55.714+0000] {processor.py:208} INFO - Processing /home/airflow/.local/lib/python3.12/site-packages/airflow/example_dags/example_xcomargs.py took 0.162 seconds
[2025-03-31T15:39:26.111+0000] {processor.py:186} INFO - Started process (PID=60749) to work on /home/airflow/.local/lib/python3.12/site-packages/airflow/example_dags/example_xcomargs.py
[2025-03-31T15:39:26.113+0000] {processor.py:914} INFO - Processing file /home/airflow/.local/lib/python3.12/site-packages/airflow/example_dags/example_xcomargs.py for tasks to queue
[2025-03-31T15:39:26.115+0000] {logging_mixin.py:190} INFO - [2025-03-31T15:39:26.114+0000] {dagbag.py:588} INFO - Filling up the DagBag from /home/airflow/.local/lib/python3.12/site-packages/airflow/example_dags/example_xcomargs.py
[2025-03-31T15:39:26.135+0000] {processor.py:925} INFO - DAG(s) 'example_xcom_args_with_operators', 'example_xcom_args' retrieved from /home/airflow/.local/lib/python3.12/site-packages/airflow/example_dags/example_xcomargs.py
[2025-03-31T15:39:26.188+0000] {logging_mixin.py:190} INFO - [2025-03-31T15:39:26.188+0000] {dag.py:3239} INFO - Sync 2 DAGs
[2025-03-31T15:39:26.217+0000] {logging_mixin.py:190} INFO - [2025-03-31T15:39:26.216+0000] {dag.py:4180} INFO - Setting next_dagrun for example_xcom_args to None, run_after=None
[2025-03-31T15:39:26.228+0000] {logging_mixin.py:190} INFO - [2025-03-31T15:39:26.228+0000] {dag.py:4180} INFO - Setting next_dagrun for example_xcom_args_with_operators to None, run_after=None
[2025-03-31T15:39:26.277+0000] {processor.py:208} INFO - Processing /home/airflow/.local/lib/python3.12/site-packages/airflow/example_dags/example_xcomargs.py took 0.177 seconds
[2025-03-31T15:39:59.020+0000] {processor.py:186} INFO - Started process (PID=60814) to work on /home/airflow/.local/lib/python3.12/site-packages/airflow/example_dags/example_xcomargs.py
[2025-03-31T15:39:59.051+0000] {processor.py:914} INFO - Processing file /home/airflow/.local/lib/python3.12/site-packages/airflow/example_dags/example_xcomargs.py for tasks to queue
[2025-03-31T15:39:59.064+0000] {logging_mixin.py:190} INFO - [2025-03-31T15:39:59.063+0000] {dagbag.py:588} INFO - Filling up the DagBag from /home/airflow/.local/lib/python3.12/site-packages/airflow/example_dags/example_xcomargs.py
[2025-03-31T15:39:59.143+0000] {processor.py:925} INFO - DAG(s) 'example_xcom_args', 'example_xcom_args_with_operators' retrieved from /home/airflow/.local/lib/python3.12/site-packages/airflow/example_dags/example_xcomargs.py
[2025-03-31T15:39:59.277+0000] {logging_mixin.py:190} INFO - [2025-03-31T15:39:59.277+0000] {dag.py:3239} INFO - Sync 2 DAGs
[2025-03-31T15:39:59.388+0000] {logging_mixin.py:190} INFO - [2025-03-31T15:39:59.387+0000] {dag.py:4180} INFO - Setting next_dagrun for example_xcom_args to None, run_after=None
[2025-03-31T15:39:59.421+0000] {logging_mixin.py:190} INFO - [2025-03-31T15:39:59.420+0000] {dag.py:4180} INFO - Setting next_dagrun for example_xcom_args_with_operators to None, run_after=None
[2025-03-31T15:39:59.562+0000] {processor.py:208} INFO - Processing /home/airflow/.local/lib/python3.12/site-packages/airflow/example_dags/example_xcomargs.py took 0.565 seconds
[2025-03-31T15:40:33.391+0000] {processor.py:186} INFO - Started process (PID=60880) to work on /home/airflow/.local/lib/python3.12/site-packages/airflow/example_dags/example_xcomargs.py
[2025-03-31T15:40:33.393+0000] {processor.py:914} INFO - Processing file /home/airflow/.local/lib/python3.12/site-packages/airflow/example_dags/example_xcomargs.py for tasks to queue
[2025-03-31T15:40:33.396+0000] {logging_mixin.py:190} INFO - [2025-03-31T15:40:33.395+0000] {dagbag.py:588} INFO - Filling up the DagBag from /home/airflow/.local/lib/python3.12/site-packages/airflow/example_dags/example_xcomargs.py
[2025-03-31T15:40:33.412+0000] {processor.py:925} INFO - DAG(s) 'example_xcom_args_with_operators', 'example_xcom_args' retrieved from /home/airflow/.local/lib/python3.12/site-packages/airflow/example_dags/example_xcomargs.py
[2025-03-31T15:40:33.453+0000] {logging_mixin.py:190} INFO - [2025-03-31T15:40:33.453+0000] {dag.py:3239} INFO - Sync 2 DAGs
[2025-03-31T15:40:33.479+0000] {logging_mixin.py:190} INFO - [2025-03-31T15:40:33.479+0000] {dag.py:4180} INFO - Setting next_dagrun for example_xcom_args to None, run_after=None
[2025-03-31T15:40:33.486+0000] {logging_mixin.py:190} INFO - [2025-03-31T15:40:33.486+0000] {dag.py:4180} INFO - Setting next_dagrun for example_xcom_args_with_operators to None, run_after=None
[2025-03-31T15:40:33.516+0000] {processor.py:208} INFO - Processing /home/airflow/.local/lib/python3.12/site-packages/airflow/example_dags/example_xcomargs.py took 0.133 seconds
[2025-03-31T15:41:04.691+0000] {processor.py:186} INFO - Started process (PID=60945) to work on /home/airflow/.local/lib/python3.12/site-packages/airflow/example_dags/example_xcomargs.py
[2025-03-31T15:41:04.693+0000] {processor.py:914} INFO - Processing file /home/airflow/.local/lib/python3.12/site-packages/airflow/example_dags/example_xcomargs.py for tasks to queue
[2025-03-31T15:41:04.695+0000] {logging_mixin.py:190} INFO - [2025-03-31T15:41:04.695+0000] {dagbag.py:588} INFO - Filling up the DagBag from /home/airflow/.local/lib/python3.12/site-packages/airflow/example_dags/example_xcomargs.py
[2025-03-31T15:41:04.713+0000] {processor.py:925} INFO - DAG(s) 'example_xcom_args', 'example_xcom_args_with_operators' retrieved from /home/airflow/.local/lib/python3.12/site-packages/airflow/example_dags/example_xcomargs.py
[2025-03-31T15:41:04.756+0000] {logging_mixin.py:190} INFO - [2025-03-31T15:41:04.755+0000] {dag.py:3239} INFO - Sync 2 DAGs
[2025-03-31T15:41:04.785+0000] {logging_mixin.py:190} INFO - [2025-03-31T15:41:04.784+0000] {dag.py:4180} INFO - Setting next_dagrun for example_xcom_args to None, run_after=None
[2025-03-31T15:41:04.792+0000] {logging_mixin.py:190} INFO - [2025-03-31T15:41:04.792+0000] {dag.py:4180} INFO - Setting next_dagrun for example_xcom_args_with_operators to None, run_after=None
[2025-03-31T15:41:04.829+0000] {processor.py:208} INFO - Processing /home/airflow/.local/lib/python3.12/site-packages/airflow/example_dags/example_xcomargs.py took 0.148 seconds
[2025-03-31T15:41:36.924+0000] {processor.py:186} INFO - Started process (PID=61011) to work on /home/airflow/.local/lib/python3.12/site-packages/airflow/example_dags/example_xcomargs.py
[2025-03-31T15:41:36.927+0000] {processor.py:914} INFO - Processing file /home/airflow/.local/lib/python3.12/site-packages/airflow/example_dags/example_xcomargs.py for tasks to queue
[2025-03-31T15:41:36.929+0000] {logging_mixin.py:190} INFO - [2025-03-31T15:41:36.929+0000] {dagbag.py:588} INFO - Filling up the DagBag from /home/airflow/.local/lib/python3.12/site-packages/airflow/example_dags/example_xcomargs.py
[2025-03-31T15:41:36.950+0000] {processor.py:925} INFO - DAG(s) 'example_xcom_args', 'example_xcom_args_with_operators' retrieved from /home/airflow/.local/lib/python3.12/site-packages/airflow/example_dags/example_xcomargs.py
[2025-03-31T15:41:36.996+0000] {logging_mixin.py:190} INFO - [2025-03-31T15:41:36.996+0000] {dag.py:3239} INFO - Sync 2 DAGs
[2025-03-31T15:41:37.024+0000] {logging_mixin.py:190} INFO - [2025-03-31T15:41:37.023+0000] {dag.py:4180} INFO - Setting next_dagrun for example_xcom_args to None, run_after=None
[2025-03-31T15:41:37.034+0000] {logging_mixin.py:190} INFO - [2025-03-31T15:41:37.034+0000] {dag.py:4180} INFO - Setting next_dagrun for example_xcom_args_with_operators to None, run_after=None
[2025-03-31T15:41:37.101+0000] {processor.py:208} INFO - Processing /home/airflow/.local/lib/python3.12/site-packages/airflow/example_dags/example_xcomargs.py took 0.188 seconds
[2025-03-31T15:42:07.859+0000] {processor.py:186} INFO - Started process (PID=61076) to work on /home/airflow/.local/lib/python3.12/site-packages/airflow/example_dags/example_xcomargs.py
[2025-03-31T15:42:07.861+0000] {processor.py:914} INFO - Processing file /home/airflow/.local/lib/python3.12/site-packages/airflow/example_dags/example_xcomargs.py for tasks to queue
[2025-03-31T15:42:07.864+0000] {logging_mixin.py:190} INFO - [2025-03-31T15:42:07.863+0000] {dagbag.py:588} INFO - Filling up the DagBag from /home/airflow/.local/lib/python3.12/site-packages/airflow/example_dags/example_xcomargs.py
[2025-03-31T15:42:07.882+0000] {processor.py:925} INFO - DAG(s) 'example_xcom_args', 'example_xcom_args_with_operators' retrieved from /home/airflow/.local/lib/python3.12/site-packages/airflow/example_dags/example_xcomargs.py
[2025-03-31T15:42:07.926+0000] {logging_mixin.py:190} INFO - [2025-03-31T15:42:07.926+0000] {dag.py:3239} INFO - Sync 2 DAGs
[2025-03-31T15:42:07.957+0000] {logging_mixin.py:190} INFO - [2025-03-31T15:42:07.957+0000] {dag.py:4180} INFO - Setting next_dagrun for example_xcom_args to None, run_after=None
[2025-03-31T15:42:07.967+0000] {logging_mixin.py:190} INFO - [2025-03-31T15:42:07.967+0000] {dag.py:4180} INFO - Setting next_dagrun for example_xcom_args_with_operators to None, run_after=None
[2025-03-31T15:42:08.001+0000] {processor.py:208} INFO - Processing /home/airflow/.local/lib/python3.12/site-packages/airflow/example_dags/example_xcomargs.py took 0.152 seconds
[2025-03-31T15:42:38.992+0000] {processor.py:186} INFO - Started process (PID=61138) to work on /home/airflow/.local/lib/python3.12/site-packages/airflow/example_dags/example_xcomargs.py
[2025-03-31T15:42:38.995+0000] {processor.py:914} INFO - Processing file /home/airflow/.local/lib/python3.12/site-packages/airflow/example_dags/example_xcomargs.py for tasks to queue
[2025-03-31T15:42:38.998+0000] {logging_mixin.py:190} INFO - [2025-03-31T15:42:38.997+0000] {dagbag.py:588} INFO - Filling up the DagBag from /home/airflow/.local/lib/python3.12/site-packages/airflow/example_dags/example_xcomargs.py
[2025-03-31T15:42:39.026+0000] {processor.py:925} INFO - DAG(s) 'example_xcom_args_with_operators', 'example_xcom_args' retrieved from /home/airflow/.local/lib/python3.12/site-packages/airflow/example_dags/example_xcomargs.py
[2025-03-31T15:42:39.084+0000] {logging_mixin.py:190} INFO - [2025-03-31T15:42:39.084+0000] {dag.py:3239} INFO - Sync 2 DAGs
[2025-03-31T15:42:39.125+0000] {logging_mixin.py:190} INFO - [2025-03-31T15:42:39.124+0000] {dag.py:4180} INFO - Setting next_dagrun for example_xcom_args to None, run_after=None
[2025-03-31T15:42:39.135+0000] {logging_mixin.py:190} INFO - [2025-03-31T15:42:39.135+0000] {dag.py:4180} INFO - Setting next_dagrun for example_xcom_args_with_operators to None, run_after=None
[2025-03-31T15:42:39.197+0000] {processor.py:208} INFO - Processing /home/airflow/.local/lib/python3.12/site-packages/airflow/example_dags/example_xcomargs.py took 0.218 seconds
[2025-03-31T15:43:10.047+0000] {processor.py:186} INFO - Started process (PID=61202) to work on /home/airflow/.local/lib/python3.12/site-packages/airflow/example_dags/example_xcomargs.py
[2025-03-31T15:43:10.048+0000] {processor.py:914} INFO - Processing file /home/airflow/.local/lib/python3.12/site-packages/airflow/example_dags/example_xcomargs.py for tasks to queue
[2025-03-31T15:43:10.051+0000] {logging_mixin.py:190} INFO - [2025-03-31T15:43:10.051+0000] {dagbag.py:588} INFO - Filling up the DagBag from /home/airflow/.local/lib/python3.12/site-packages/airflow/example_dags/example_xcomargs.py
[2025-03-31T15:43:10.071+0000] {processor.py:925} INFO - DAG(s) 'example_xcom_args_with_operators', 'example_xcom_args' retrieved from /home/airflow/.local/lib/python3.12/site-packages/airflow/example_dags/example_xcomargs.py
[2025-03-31T15:43:10.112+0000] {logging_mixin.py:190} INFO - [2025-03-31T15:43:10.111+0000] {dag.py:3239} INFO - Sync 2 DAGs
[2025-03-31T15:43:10.138+0000] {logging_mixin.py:190} INFO - [2025-03-31T15:43:10.137+0000] {dag.py:4180} INFO - Setting next_dagrun for example_xcom_args to None, run_after=None
[2025-03-31T15:43:10.146+0000] {logging_mixin.py:190} INFO - [2025-03-31T15:43:10.146+0000] {dag.py:4180} INFO - Setting next_dagrun for example_xcom_args_with_operators to None, run_after=None
[2025-03-31T15:43:10.193+0000] {processor.py:208} INFO - Processing /home/airflow/.local/lib/python3.12/site-packages/airflow/example_dags/example_xcomargs.py took 0.156 seconds
[2025-03-31T15:43:41.502+0000] {processor.py:186} INFO - Started process (PID=61267) to work on /home/airflow/.local/lib/python3.12/site-packages/airflow/example_dags/example_xcomargs.py
[2025-03-31T15:43:41.505+0000] {processor.py:914} INFO - Processing file /home/airflow/.local/lib/python3.12/site-packages/airflow/example_dags/example_xcomargs.py for tasks to queue
[2025-03-31T15:43:41.508+0000] {logging_mixin.py:190} INFO - [2025-03-31T15:43:41.507+0000] {dagbag.py:588} INFO - Filling up the DagBag from /home/airflow/.local/lib/python3.12/site-packages/airflow/example_dags/example_xcomargs.py
[2025-03-31T15:43:41.534+0000] {processor.py:925} INFO - DAG(s) 'example_xcom_args', 'example_xcom_args_with_operators' retrieved from /home/airflow/.local/lib/python3.12/site-packages/airflow/example_dags/example_xcomargs.py
[2025-03-31T15:43:41.585+0000] {logging_mixin.py:190} INFO - [2025-03-31T15:43:41.585+0000] {dag.py:3239} INFO - Sync 2 DAGs
[2025-03-31T15:43:41.612+0000] {logging_mixin.py:190} INFO - [2025-03-31T15:43:41.611+0000] {dag.py:4180} INFO - Setting next_dagrun for example_xcom_args to None, run_after=None
[2025-03-31T15:43:41.623+0000] {logging_mixin.py:190} INFO - [2025-03-31T15:43:41.622+0000] {dag.py:4180} INFO - Setting next_dagrun for example_xcom_args_with_operators to None, run_after=None
[2025-03-31T15:43:41.658+0000] {processor.py:208} INFO - Processing /home/airflow/.local/lib/python3.12/site-packages/airflow/example_dags/example_xcomargs.py took 0.168 seconds
[2025-03-31T15:44:13.120+0000] {processor.py:186} INFO - Started process (PID=61332) to work on /home/airflow/.local/lib/python3.12/site-packages/airflow/example_dags/example_xcomargs.py
[2025-03-31T15:44:13.122+0000] {processor.py:914} INFO - Processing file /home/airflow/.local/lib/python3.12/site-packages/airflow/example_dags/example_xcomargs.py for tasks to queue
[2025-03-31T15:44:13.124+0000] {logging_mixin.py:190} INFO - [2025-03-31T15:44:13.124+0000] {dagbag.py:588} INFO - Filling up the DagBag from /home/airflow/.local/lib/python3.12/site-packages/airflow/example_dags/example_xcomargs.py
[2025-03-31T15:44:13.147+0000] {processor.py:925} INFO - DAG(s) 'example_xcom_args', 'example_xcom_args_with_operators' retrieved from /home/airflow/.local/lib/python3.12/site-packages/airflow/example_dags/example_xcomargs.py
[2025-03-31T15:44:13.196+0000] {logging_mixin.py:190} INFO - [2025-03-31T15:44:13.195+0000] {dag.py:3239} INFO - Sync 2 DAGs
[2025-03-31T15:44:13.231+0000] {logging_mixin.py:190} INFO - [2025-03-31T15:44:13.230+0000] {dag.py:4180} INFO - Setting next_dagrun for example_xcom_args to None, run_after=None
[2025-03-31T15:44:13.239+0000] {logging_mixin.py:190} INFO - [2025-03-31T15:44:13.239+0000] {dag.py:4180} INFO - Setting next_dagrun for example_xcom_args_with_operators to None, run_after=None
[2025-03-31T15:44:13.288+0000] {processor.py:208} INFO - Processing /home/airflow/.local/lib/python3.12/site-packages/airflow/example_dags/example_xcomargs.py took 0.178 seconds
